collected_frames,state/lin_velocity,state/lin_velocity_max,state/lin_velocity_min,state/ang_velocity,state/ang_velocity_max,state/ang_velocity_min,state/roll,state/roll_max,state/roll_min,state/pitch,state/pitch_max,state/pitch_min,state/success_lin_velocity,state/lin_vel_mean,state/lin_vel_max,state/lin_vel_min,state/ang_vel_mean,state/ang_vel_max,state/ang_vel_min,state/roll_deg_mean,state/roll_deg_max,state/roll_deg_min,state/pitch_deg_mean,state/pitch_deg_max,state/pitch_deg_min,state/dist_to_goal,state/clearance_mean,state/clearance_min,state/clearance_max,state/pct_healthy
131072,,,,,,,,,,,,,,0.3312561889179051,1.62885384215042,0.006978569086641073,0.309760314761661,2.6973324669525027,0.003440663610035699,3.552981122615165,37.35073943855241,4.267610464303573e-05,4.178683646052377,46.50463645486161,9.184338992596075e-05,4.885751411318779,0.05780408788996283,-0.4030678770504892,0.8793797427788377,1.0
262144,0.29570581996813416,1.900334239937365,0.007040563597001892,0.3562592889647931,3.1255143843591213,0.0038464958688564366,-0.106429232575465,1.1078789168968797,-1.1012105480767787,-8.13498263596557e-06,0.9489148878492415,-1.131070257164538,0.0,,,,,,,,,,,,,,,,,
262144,,,,,,,,,,,,,,0.2960622988175601,2.050128852017224,0.007040563597001892,0.3567353244870901,3.194828299805522,0.0038464958688564366,9.038195293396711,70.9869342148304,7.414739203759346e-05,7.141195688396692,68.13769546151161,0.00011532609952613626,4.758396375924349,0.09849719644989818,-0.5198279335163534,1.5531738474965096,1.0
393216,0.26534809067379683,1.4361897921189666,0.004663621402414719,0.3394235756713897,3.0957740349695086,0.0039153801335487515,-0.18022996315266937,1.247185449115932,-1.2866239957511425,-0.00010030879632694223,0.9270895458757877,-1.0204794718883932,0.0034642124082893133,,,,,,,,,,,,,,,,,
393216,,,,,,,,,,,,,,0.26552259374875575,1.5480859405361116,0.004663621402414719,0.3396988119930029,3.1323190489783883,0.0039153801335487515,12.718702115118504,76.19153970479965,8.569663662916227e-05,7.153745297342539,64.87421196699142,9.280255257948511e-05,4.476364754140377,0.10753628937527537,-0.7650801381096244,1.5506398854777217,1.0
524288,0.24035867652855814,1.0624120743013918,0.004031164078469374,0.3227726013865322,2.4501414159312844,0.004245000818173139,-0.24306047742720693,1.271414135582745,-1.2761409720405936,-0.008285423965759264,0.918063108343631,-0.8435912979766726,0.010637362487614155,,,,,,,,,,,,,,,,,
524288,,,,,,,,,,,,,,0.24038395390380174,1.0624120743013918,0.004031164078469374,0.3228899943642318,2.4501414159312844,0.004245000818173139,15.293383583426476,76.39109522104263,7.093721581208356e-05,6.056209329515696,55.656771034002304,9.73256936541711e-05,4.175516899675131,0.11016605142503977,-0.7827159436419606,1.5446116793900728,1.0
655360,0.2525803076568991,1.0347366067580879,0.00395162400081972,0.2992903452832252,2.235726381652057,0.0035708890914065705,-0.20740445880801417,0.8059132290072739,-1.1322353794239461,-0.029856441331503447,0.8329505827277899,-0.9614917943254113,0.030937946285121143,,,,,,,,,,,,,,,,,
655360,,,,,,,,,,,,,,0.2526425860123709,1.0573031064122915,0.00395162400081972,0.29944541002623737,2.2456573424860835,0.0035708890914065705,12.681390633806586,66.8706451356411,6.916610233420606e-05,4.769288265611976,57.31456622481346,6.939809769068717e-05,4.149284148588777,0.09276381081144791,-0.5835191973019391,1.1691761827096343,1.0
786432,0.28123158134985715,1.422860692255199,0.003838744499716995,0.3483926341868937,2.7485403399914503,0.0028733145570640772,-0.10206495065358467,0.5695333383046091,-1.1357515836134553,-0.027674253924487857,0.8417018628679216,-0.7872567810118198,0.011327031534165144,,,,,,,,,,,,,,,,,
786432,,,,,,,,,,,,,,0.2812648582039401,1.4448093101382256,0.003838744499716995,0.3484503941144794,2.749449411407113,0.0028733145570640772,6.940893940627575,65.4658617079258,4.6422330440942794e-05,6.378789775073528,52.5630547106266,6.963874308646423e-05,4.019475217908621,0.08109142564353533,-0.3027474000118673,0.4699166885111481,1.0
917504,0.22310982819180936,1.224881978239864,0.0025822012696608,0.34062832361087203,2.533986695110798,0.003558633867669414,-0.1980739722494036,1.062887096311897,-1.209923192858696,-0.11094334645895287,0.8552943887189031,-1.0946098691783845,0.1024742997251451,,,,,,,,,,,,,,,,,
917504,,,,,,,,,,,,,,0.22320815245620906,1.2670526909641922,0.0025822012696608,0.34091505827382207,2.586370972916484,0.003558633867669414,12.81593719124794,72.0792589187622,5.039642669468769e-05,8.703442838042974,64.87171357870102,6.624546816969001e-05,3.586080504581332,0.10869565920438617,-0.788679510820657,0.4617170998826623,1.0
1048576,0.1952249378664419,1.5649776412174106,0.0017878001082181072,0.3329768511466682,2.743125411681831,0.0025808926097852236,-0.24606003239750862,0.7949605104513466,-1.3023397587239742,-0.14738619804847986,0.7811910903546959,-1.1621965854428709,0.12760484346654266,,,,,,,,,,,,,,,,,
1048576,,,,,,,,,,,,,,0.19554042152594775,1.7328932145610452,0.0017878001082181072,0.33341670455411077,2.800142101943493,0.0025808926097852236,15.507061749696732,76.17495596408844,6.878964261303189e-05,10.27713018655777,68.51743692159653,9.907639130357637e-05,3.4954915307462215,0.1284433816326782,-0.814890272449702,0.4299972334410995,1.0
1179648,0.18343303597066551,1.2178984303027391,0.0018160372376314626,0.32320034340955317,2.4846635460853577,0.003302320027614769,-0.25785935088060796,0.9220540630631149,-1.2500205738469958,-0.14517413696739823,0.6068787488620728,-1.239232131280005,0.04826382338069379,,,,,,,,,,,,,,,,,
1179648,,,,,,,,,,,,,,0.18356754968408495,1.263123574666679,0.0018160372376314626,0.3236020188778639,2.4964182507246733,0.003302320027614769,16.262902677059174,73.82383760809898,6.562341421645357e-05,9.902132533490658,71.95111092925072,6.833611483625379e-05,3.4453227519989014,0.13219921186100692,-0.801858511287719,0.43995298352092505,1.0
1310720,0.26451486407313496,1.4267525803297758,0.002340071023013479,0.32865208841394633,2.7129761688411236,0.0031664539060329844,-0.13695555718732066,0.7539329552091658,-1.2057012971490622,-0.09690041921567172,0.7251765662804246,-1.0920332223176956,0.04007940669544041,,,,,,,,,,,,,,,,,
1310720,,,,,,,,,,,,,,0.26460282737389207,1.456958710681647,0.002340071023013479,0.32895573985297233,2.7764222659170628,0.0031664539060329844,9.212994948029518,70.44598519802094,4.9118578207107966e-05,7.908638071268797,63.609259724617004,7.05309862467085e-05,3.7998480778187513,0.09509754154714756,-0.4245251240208745,0.4499031479936093,1.0
1441792,0.22649998671840876,1.167552744038403,0.0017629867825235124,0.33196720317937434,2.398015497252345,0.0029393920331131085,-0.14560784376226366,0.7858158014714718,-1.126440329477191,-0.1339310696348548,0.6579417707398534,-0.9946888708509505,0.12633955519413576,,,,,,,,,,,,,,,,,
1441792,,,,,,,,,,,,,,0.22657186293508857,1.1877791238948703,0.0017629867825235124,0.332204446895048,2.4284942373633385,0.0029393920331131085,10.269457045942545,68.04662600159645,5.141285193061007e-05,8.931711554527283,60.24969145655632,5.854501761515252e-05,3.4668500013649464,0.10838983429130167,-0.20144969155080616,0.4380242023617029,1.0
1572864,0.19885396293830127,1.4249148787930608,0.0013250890183371666,0.323285463033244,2.7214542645961046,0.003107035472339703,-0.18998683046083897,0.6998196905478835,-1.2164560481905937,-0.11525774875190109,0.7396889957599342,-0.9861205909401178,0.12354000913910568,,,,,,,,,,,,,,,,,
1572864,,,,,,,,,,,,,,0.19908810581546277,1.521359578706324,0.0013250890183371666,0.3237733677960932,2.751523146405816,0.003107035472339703,12.718068800866604,71.85806158185005,5.4468997347623116e-05,8.436778910458088,61.90297368168831,7.523486807103907e-05,3.359765902161598,0.12308764096815139,-0.3976885012816638,0.45287737459875643,1.0
1703936,0.2027727699605748,1.1519762063398957,0.0010635948892740998,0.32094959425739944,2.6307023745030165,0.0028268342847468375,-0.19735008664429188,0.9331755209714174,-1.2341629192233086,-0.07499715118319727,0.6816979111172259,-1.1349555626511574,0.12611741432920098,,,,,,,,,,,,,,,,,
1703936,,,,,,,,,,,,,,0.20294942136388272,1.1572996797040105,0.0010635948892740998,0.32165753515437245,2.720614843070507,0.0028268342847468375,12.877206407487392,73.44057294726372,6.292789367190466e-05,7.018159504979849,68.09199672937393,6.337948755374967e-05,3.275660140439868,0.12211232096888125,-0.18555357167497277,0.4565966194495559,1.0
1835008,0.2004309791373089,1.2764448998495936,0.0010909329525929934,0.3276736920233816,2.5664285868406296,0.00290578915792139,-0.21002868690993637,0.8226626780815423,-1.3221780881285667,-0.04625427947030403,0.6907587735913694,-1.0690668751485646,0.1548848352394998,,,,,,,,,,,,,,,,,
1835008,,,,,,,,,,,,,,0.20058187597896904,1.2959628757089376,0.0010909329525929934,0.32820273004472256,2.6004234552383423,0.00290578915792139,13.624362237751484,77.89995753765106,6.381606057126454e-05,6.308335319161415,64.31706228852272,7.517706717710682e-05,3.2152084689587355,0.1241813757806085,-0.2035815347917378,0.4655953194014728,1.0
1966080,0.2698257091687992,1.4359945724718273,0.0013047160663290924,0.33381985884625465,2.7742398250848055,0.002667348315981144,-0.15411630360176787,0.8053250447846949,-1.2303115520626307,-0.03318591984861996,0.7493945537135005,-0.8391570406965911,0.12409964599646628,,,,,,,,,,,,,,,,,
1966080,,,,,,,,,,,,,,0.2699183167424053,1.4359945724718273,0.0013047160663290924,0.3342220226768404,2.818131685256958,0.002667348315981144,10.19932172074914,72.85070851445198,6.43981315198161e-05,5.737495040521026,53.422801196575165,5.478009425963215e-05,3.6460310127586126,0.10285525216022506,-0.1644571302458644,0.4538602961692959,1.0
2097152,0.20897977403365076,1.2504840274341404,0.0012551885790799133,0.32611471228301525,2.56988512724638,0.0029745979727522354,-0.19429264147765934,0.8616374735720456,-1.3103449428454041,-0.03510101935535204,0.8568068312015384,-0.7498223050497472,0.2942038521869108,,,,,,,,,,,,,,,,,
2097152,,,,,,,,,,,,,,0.20910764823202044,1.2504840274341404,0.0012551885790799133,0.32671559345908463,2.5962774362415075,0.0029745979727522354,12.656930640339851,77.55096620321274,5.112645621618839e-05,6.1551879942417145,53.40560680627823,6.608291208953787e-05,3.319913161918521,0.11898728861706331,-0.2737079260405153,0.42536057089455426,1.0
2228224,0.20623792777769268,1.2982839467003942,0.0009162856712237044,0.33115632575936615,2.8021325124427676,0.0027317357803440245,-0.1931453546276316,0.8138830722309649,-1.2514865892007947,-0.033099150416092016,0.7350377291440964,-1.0334321898408234,0.23000242817215621,,,,,,,,,,,,,,,,,
2228224,,,,,,,,,,,,,,0.20637557667214423,1.3004858223721385,0.0009162856712237044,0.33173039741814137,2.8938514115288854,0.0027317357803440245,12.484359703958035,74.45980596542358,8.096760221754096e-05,6.385907866060734,61.3314251601696,7.130967528934384e-05,3.236778983846307,0.11853829358005896,-0.16195271094329655,0.45608901721425354,1.0
2359296,0.20383190270513296,1.4073726874776185,0.0007195299762088325,0.33026432152837515,2.590659271925688,0.0028942724430862654,-0.17592041078023612,0.7024315861053765,-1.3049682853743434,-0.02788898920698557,0.7406358374282718,-0.9710890497080982,0.21268211374990642,,,,,,,,,,,,,,,,,
2359296,,,,,,,,,,,,,,0.20396149705629796,1.4375068112276495,0.0007195299762088325,0.3306255948264152,2.605337915942073,0.0028942724430862654,11.280474282801151,76.05403184890747,7.368525072903864e-05,6.611657530069351,57.720809042453766,7.784114315811941e-05,3.211271857842803,0.11832677171332762,-0.20791123853996396,0.5142568368464708,1.0
2490368,0.2236230217386037,1.426442769356072,0.0007679413014329839,0.32288628397509456,2.6608192631974816,0.002978698866627383,-0.15028195810737088,0.6993258101865649,-1.2794670620933175,-0.01897487387395813,0.7642041826620698,-0.7807788611389697,0.19099664024543017,,,,,,,,,,,,,,,,,
2490368,,,,,,,,,,,,,,0.2238535910146311,1.470698329154402,0.0007679413014329839,0.32350752782076597,2.689785437658429,0.002978698866627383,9.74000008404255,75.64843860268593,5.7973156804891346e-05,6.2834111750125885,50.502129435539246,8.136253208201882e-05,3.3406923320144415,0.10989296343177557,-0.27711953525431454,0.6441277246922255,1.0
2621440,0.2314372604014352,1.3576977513730526,0.001345579274584452,0.34726277692243457,2.8203442003577948,0.0036401868555913097,-0.11908427090384066,0.858156786300242,-1.2096379967406392,-0.0016111837499011017,0.7824910706840456,-0.7525942374486476,0.2349712373688817,,,,,,,,,,,,,,,,,
2621440,,,,,,,,,,,,,,0.23156097147148103,1.3756892662495375,0.001345579274584452,0.34770481614395976,2.8657525330781937,0.0036401868555913097,8.510860934853554,72.83931249380112,6.910908514334846e-05,7.175371486693621,51.010908633470535,9.577685227846189e-05,3.3172959368675947,0.11662687128409743,-0.26941151660867035,0.5539351666811854,1.0
2752512,0.2203987993998453,1.513232871890068,0.001325173415352765,0.350550617557019,2.7386237494647503,0.003210882219718769,-0.12060669652419165,0.8488518334925175,-1.2768920119851828,0.016952334543020697,0.7738970136269927,-0.8690399816259742,0.3443902174476534,,,,,,,,,,,,,,,,,
2752512,,,,,,,,,,,,,,0.22055014944635332,1.513232871890068,0.001325173415352765,0.35107434540987015,2.7671837601810694,0.003210882219718769,8.644299149513245,75.2665129005909,8.977362633966202e-05,7.77362273260951,55.2201806306839,9.195018479069006e-05,3.222479311749339,0.12189765041694045,-0.22644317941740155,0.4421424884349108,1.0
2883584,0.27523184660822153,1.2808784381486475,0.0011350230852258392,0.36659373447764665,2.6391907101497054,0.003453504386698114,-0.10406302474439144,0.9477045475505292,-1.0549143897369504,0.010606200318420633,0.8424564087763429,-0.8937511621043086,0.0805779587244615,,,,,,,,,,,,,,,,,
2883584,,,,,,,,,,,,,,0.23160934359598231,1.3384381149816944,0.0026129548200022174,0.3029443609236504,2.6618763424276586,0.002477628324139728,8.549279771605647,63.7481006772695,8.299807383618026e-05,8.107794791755985,59.027213857958024,0.00014770294957426716,3.1174289076084114,0.1248057309583009,-0.12946584463927402,0.47642355499766675,1.0
3014656,0.23624399106483907,1.3361015333794057,0.0005857653873704294,0.3660651270765811,2.735598139464855,0.0022014764629147976,-0.12761078850599006,0.816293315961957,-1.109963367227465,0.01591138291405514,0.7837669462896883,-0.7330955867655575,0.2887733222451061,,,,,,,,,,,,,,,,,
3014656,,,,,,,,,,,,,,0.23632701591122895,1.3361015333794057,0.0005857653873704294,0.3663412225432694,2.754861082881689,0.0022014764629147976,8.714257344603539,66.3575311601162,0.00010658126544083046,7.820260040462017,50.38862061500549,0.0001792448169686267,3.098171504214406,0.12808798754122108,-0.175086508737877,0.5271512984763831,1.0
3145728,0.22342824726365507,1.3812926169484854,0.0008480127178245311,0.3686830762308091,2.6650689439848065,0.0031224789054249413,-0.1399901838740334,0.8305137485731393,-1.1169605497270823,0.01241640061562066,0.7975809876807034,-0.7805326920934021,0.269789210986346,,,,,,,,,,,,,,,,,
3145728,,,,,,,,,,,,,,0.22356607182882726,1.3812926169484854,0.0008480127178245311,0.36912269028835,2.7053486248478293,0.0031224789054249413,9.287295743823051,69.12571415305138,0.00012512735511549522,8.2850098349154,52.075728982687,0.00017514388172834572,3.0693573001772165,0.13577587576583028,-0.1256489243824035,0.4472208390943706,1.0
3276800,0.21142523956950754,1.2650822522118688,0.000954030440425413,0.36563799413852394,2.653951771557331,0.0028569870680712484,-0.13819484552368522,0.6876047293189913,-1.1559589081443846,0.00757226786481624,0.7964337104931474,-0.8283170652575791,0.2408211549045518,,,,,,,,,,,,,,,,,
3276800,,,,,,,,,,,,,,0.21159409440588206,1.2650822522118688,0.000954030440425413,0.3661055399570614,2.676693042740226,0.0028569870680712484,9.157996475696564,70.7228699028492,0.00010673907057690002,8.272726636379957,54.85982322692871,0.00020002317133949177,3.0375354550778866,0.1373338099801913,-0.19733336218632758,0.43529862025752664,1.0
3407872,0.24110314971767366,1.4487208081409335,0.0010742638016836281,0.359368696808815,2.7268444690853357,0.0029623374564380356,-0.11515487660653889,0.7625556462444365,-1.146656644064933,-0.000828788012881887,0.8110273135825992,-0.8221704857423902,0.23155135405249894,,,,,,,,,,,,,,,,,
3407872,,,,,,,,,,,,,,0.24124647618737072,1.470214031636715,0.0010742638016836281,0.35983428452163935,2.7535924073308706,0.0029623374564380356,7.98351177200675,69.26304003596306,0.00011382423463546232,7.9555387534201145,55.068879038095474,0.00014150664162065896,3.1586598567664623,0.1286693486617878,-0.17705351067706943,0.5613476778380573,1.0
3538944,0.24502129387110472,1.3670456050895154,0.0013266749167542002,0.3647608757019043,2.7093878127634525,0.0026657688604245777,-0.09846732422010973,0.8328848136588931,-1.2011873959563673,-0.014095653502408823,0.7888557612895966,-0.8288304531015456,0.27179031958803535,,,,,,,,,,,,,,,,,
3538944,,,,,,,,,,,,,,0.24515538511332124,1.3670456050895154,0.0013266749167542002,0.36516684968955815,2.7188064958900213,0.0026657688604245777,7.601638644933701,71.66793629527092,0.00010840943671192038,8.357892990112305,53.346315413713455,0.00014028248551500866,3.078752640634775,0.12803839199477807,-0.12501086643896997,0.454712828155607,1.0
3670016,0.2454031741945073,1.506304083392024,0.0010436717939228402,0.36220498010516167,2.769363964907825,0.0023996537570383225,-0.08214057452278212,0.9555166056379676,-1.2049141386523843,-0.016130078249261715,0.7579148132354021,-0.7939865570515394,0.3336313495528884,,,,,,,,,,,,,,,,,
3670016,,,,,,,,,,,,,,0.24556052149273455,1.5155899077653885,0.0010436717939228402,0.36266631772741675,2.81408984772861,0.0023996537570383225,6.842329226434231,72.50654324889183,9.73377644513107e-05,8.58968286961317,51.23715564608574,0.00012092704612065575,3.078738644719124,0.13096187397604808,-0.12501065875403583,0.608728363411501,1.0
3801088,0.23331347783096135,1.4445670987479389,0.0008685009645432729,0.3616227393504232,2.6229367563501,0.0023721873144495476,-0.07777981809340417,0.8440269096754491,-1.141231620684266,-0.02829135736101307,0.7409176984801888,-0.9512067260220647,0.35608037223573774,,,,,,,,,,,,,,,,,
3801088,,,,,,,,,,,,,,0.2334320523077622,1.4445670987479389,0.0008685009645432729,0.36197155504487455,2.6253789691254497,0.0023721873144495476,6.7331195548176765,67.45318016409874,0.00012453271315093772,8.859763212502003,57.55929544568062,0.00014355447874514482,3.060354921966791,0.13405665068421513,-0.12501015909947455,0.4478000255767256,1.0
3932160,0.22731224971357733,1.438597765751183,0.0008634007442651637,0.3583204452879727,2.6646640123799443,0.002274791772606477,-0.06905544741312042,0.7682771352119744,-1.1790746245533228,-0.04466058555408381,0.75679523171857,-0.9724490735679865,0.32195600937120616,,,,,,,,,,,,,,,,,
3932160,,,,,,,,,,,,,,0.2274300556164235,1.438597765751183,0.0008634007442651637,0.3587453868240118,2.6807078486308455,0.002274791772606477,6.140095576643944,70.53213259577751,9.956373178987565e-05,8.961940735578537,60.1495740711689,0.00014460681603978287,3.0383325926959515,0.13347336172591895,-0.1250036982819438,0.45664472482167184,1.0
4063232,0.2619975466514006,1.5875778440386057,0.0008333788622394422,0.3597188265994191,2.7946620816364884,0.00214256477465824,-0.05913561666966416,0.8833734202198684,-1.080781432799995,-0.04043893585912883,0.7769543877802789,-0.9872439741156995,0.3373189603444189,,,,,,,,,,,,,,,,,
4063232,,,,,,,,,,,,,,0.2621730943210423,1.6199448686093092,0.0008333788622394422,0.3601576511282474,2.820064458064735,0.00214256477465824,5.513357784599066,66.51182052493095,7.2523980445105e-05,8.528573971241713,59.86154127120972,0.00012693038018274372,3.1606025882065296,0.1275031924014911,-0.14234050665982068,0.6100940383039415,1.0
4194304,0.24541437765583396,1.3769419277086854,0.0007746066914933181,0.3562878763768822,2.6356067340821028,0.0022337045629683416,-0.06512757990276441,0.8495292579755187,-1.05519905872643,-0.05227049914537929,0.6973320301622152,-0.9077138812281191,0.4065625348011963,,,,,,,,,,,,,,,,,
4194304,,,,,,,,,,,,,,0.24551821884233505,1.3769419277086854,0.0007746066914933181,0.3566320708487183,2.654676228761673,0.0022337045629683416,5.842137943953276,64.23780804872513,0.00011386219260423047,8.912459313869476,56.115672290325165,0.00011804193840969646,3.0687056202441454,0.1330978904152289,-0.12500848853960633,0.46439420338720083,1.0
4325376,0.24505462078377604,1.504553962033242,0.0006243851968861236,0.34981571859680116,2.734997001476586,0.0028299164748659678,-0.06587203903472982,0.8439555549994111,-1.1450981223024428,-0.06214999139774591,0.7069568554870784,-0.8351991726085544,0.3756674104370177,,,,,,,,,,,,,,,,,
4325376,,,,,,,,,,,,,,0.24515646160580218,1.504553962033242,0.0006243851968861236,0.35012599104084074,2.736784522421658,0.0028299164748659678,5.883624002337456,68.94536477327347,0.00010675938646287353,9.024240769445896,50.60658994317055,0.00013603501409598096,3.0315452739596367,0.13261303899344057,-0.12500525452196598,0.4542636051774025,1.0
4456448,0.24663358146790415,1.6584964916110039,0.0005482464076180804,0.3506398678291589,2.782444506883621,0.00235731780048809,-0.0547014981857501,0.9651143867522478,-1.0287982146255672,-0.07641066540963948,0.7793862684629858,-0.9018831099383533,0.40215901914052665,,,,,,,,,,,,,,,,,
4456448,,,,,,,,,,,,,,0.2468140219571069,1.6979160327464342,0.0005482464076180804,0.3509422396309674,2.7882247902452946,0.00235731780048809,5.6070965602993965,66.13876396417618,0.00010736695519852901,9.339035250246525,56.68629616498947,0.00010057626726167612,3.0298418421298265,0.13270059530623257,-0.1250023813918233,0.6702060906682163,1.0
4587520,0.24016273289453238,1.4506116951815784,0.000558406385721355,0.34240000741556287,2.70441978238523,0.0021536962121899705,-0.04608205644763075,1.0643684375099838,-1.114913806784898,-0.09785835596267134,0.7098191874101758,-1.0543428272940218,0.3499365735333413,,,,,,,,,,,,,,,,,
4587520,,,,,,,,,,,,,,0.24032214586623013,1.4720690506510437,0.000558406385721355,0.3427700661122799,2.7048172149807215,0.0021536962121899705,5.399667426943779,71.33219227194786,8.694354455851538e-05,9.653140239417553,62.54157227277756,0.00010659039813765148,3.0362215489149094,0.1314515306148678,-0.12500309781171381,0.5870177368633449,1.0
4718592,0.24971383216325194,1.4640226853080094,0.000461095775335707,0.3398404116742313,2.7403712067753077,0.0018356067323566094,-0.03251585208636243,0.8999385414645076,-1.0236667809076607,-0.11788948130561039,0.7227618852630258,-0.9735974445939064,0.3958234073361382,,,,,,,,,,,,,,,,,
4718592,,,,,,,,,,,,,,0.24981746694538742,1.4649503594264388,0.000461095775335707,0.3401570995338261,2.7482302598655224,0.0018356067323566094,4.901255235075951,63.647150695323944,8.452851270668305e-05,10.013807162642479,58.58693513274193,0.00010303318931725869,3.085198163986206,0.12798419024329633,-0.12501082406379282,0.4650875369552523,1.0
4849664,0.2406689813360572,1.579877158626914,0.0005517814933568843,0.3349844824988395,2.743137339130044,0.002034302976426261,-0.028512855496956035,0.8150855144485831,-1.0530362953431904,-0.12623263627756387,0.714128012303263,-0.9798364317975938,0.38468096719589084,,,,,,,,,,,,,,,,,
4849664,,,,,,,,,,,,,,0.24078879284206778,1.599514428526163,0.0005517814933568843,0.33524833153933287,2.753871103748679,0.002034302976426261,4.484487179666758,62.19530910253525,8.374413532585834e-05,10.552215777337551,59.30867540836334,0.0001158561783798362,3.0670751221477985,0.1262132108095102,-0.12500895839184523,0.5461684777401388,1.0
4980736,0.23961705074179918,1.5594511069357395,0.0006475900672739954,0.33539630053564906,2.790863998234272,0.002401596564141073,-0.03499314107466489,0.7319428059272468,-1.2384992204606533,-0.12576431035995483,0.6971593196503818,-0.9664339353330433,0.4220274477847852,,,,,,,,,,,,,,,,,
4980736,,,,,,,,,,,,,,0.2397170743206516,1.5594511069357395,0.0006475900672739954,0.3356728188227862,2.796079620718956,0.002401596564141073,4.732265044003725,72.94259652495384,8.573469008332779e-05,10.346457570791245,57.868619084358215,0.00013625107787040847,3.0633759573101997,0.12527494347887114,-0.12500745570287108,0.4725036465097219,1.0
5111808,0.24255315982736647,1.5289593767374754,0.0006989966424271188,0.3406878535170108,2.781680742278695,0.0022638422184400042,-0.028793878853321075,1.013987639453262,-1.042106383945793,-0.12977558770217001,0.6953955325298011,-0.9301028940826654,0.4335476423148066,,,,,,,,,,,,,,,,,
5111808,,,,,,,,,,,,,,0.24263546813745052,1.5289593767374754,0.0006989966424271188,0.3408662676811218,2.790540359914303,0.0022638422184400042,4.468386434018612,66.73978781700134,8.695596806818084e-05,10.126207657158375,54.10971328616142,0.00011643917924075708,3.0508540757000446,0.128273957001511,-0.12500504357740283,0.4743864154443145,1.0
5242880,0.252842508838512,1.5645534805953503,0.0008791171420625687,0.3522771110292524,2.8310681581497192,0.002734255233008298,-0.0268032347667031,0.9329337696544826,-0.973758818116039,-0.13103068905184045,0.7067925138399005,-1.059653672389686,0.45423559413757175,,,,,,,,,,,,,,,,,
5242880,,,,,,,,,,,,,,0.252998907933943,1.5806508315727115,0.0008791171420625687,0.35269426461309195,2.8383776675909758,0.002734255233008298,4.464804131537676,64.78710696101189,9.271512731201526e-05,10.245935998857021,62.94152811169624,0.00011399034105952222,3.0809688307344913,0.1269245058647357,-0.1250105258077383,0.573815262876451,1.0
5373952,0.2467104260576889,1.5868067489936948,0.0008837106021246655,0.34459251374937594,2.8635357692837715,0.0026281291457053158,-0.019237061707826797,0.9108842764981091,-1.0136877871118486,-0.13537008129060268,0.732322852127254,-1.0799075718969107,0.4085315619595349,,,,,,,,,,,,,,,,,
5373952,,,,,,,,,,,,,,0.24685302947182208,1.6062601981684566,0.0008837106021246655,0.34494105400517583,2.8794176932424307,0.0026281291457053158,4.257094303146005,66.13516902923584,8.303546741028622e-05,10.623137317597866,64.44321897625923,0.00012275891604929257,3.090588007122278,0.12713745544897392,-0.12500245729461312,0.5665217447094619,1.0
5505024,0.2819369968492538,1.540101463906467,0.0009482988270974602,0.3615347391460091,2.843542826361954,0.0028018972680001752,-0.024993449238536414,0.9773249011486769,-1.0440603690221906,-0.10756392264738679,0.742244518827647,-1.1433344655670226,0.2564223983208649,,,,,,,,,,,,,,,,,
5505024,,,,,,,,,,,,,,0.26899735086474075,1.5202141852084412,0.003225221356979639,0.3116197123371783,2.806102868012456,0.002463887862900429,3.994138908228859,66.80761045288205,7.322320046657551e-05,9.374479197191512,60.8393096696159,0.00011400270136030376,3.1719743548387505,0.11493808400385216,-0.12475145067346383,0.51422943129956,1.0
5636096,0.26579202932771295,1.4838959844782948,0.0007578634339893142,0.36996750673279166,2.9548075571656227,0.0030920542847070465,-0.03304878111521248,0.9789905762299895,-1.0567608489654958,-0.10765828134026378,0.7294422551058233,-1.151466941460967,0.49124222225509584,,,,,,,,,,,,,,,,,
5636096,,,,,,,,,,,,,,0.2658901176182553,1.4838959844782948,0.0007578634339893142,0.37028853478841484,2.978882597759366,0.0030920542847070465,4.733846761286259,67.17129471898079,8.814292979431038e-05,9.878461182117462,67.07443276047707,0.00013816713534531289,3.0510293059051037,0.12793975858949125,-0.12501465762034059,0.46498895436525345,1.0
5767168,0.26802820176817477,1.572563217021525,0.000786114257493864,0.371261264430359,2.9155049715191126,0.0024853271056599624,-0.0371169323916547,1.0134424702264369,-1.1327851358801126,-0.11545160377863795,0.7674115602858365,-1.0955675700679421,0.4509472348727286,,,,,,,,,,,,,,,,,
5767168,,,,,,,,,,,,,,0.2683175317943096,1.5984246227890253,0.000786114257493864,0.3720412936527282,2.938171796500683,0.0024853271056599624,4.988528344780207,72.58751118183136,0.00010213242093959352,10.016525357961655,65.77323338389397,0.00011894085940156174,3.072683662176132,0.13158814935013652,-0.12500528432428837,0.5633159514982253,1.0
5898240,0.26832687645219266,1.6287578959017992,0.0009615893090995087,0.3786401045508683,2.897665448486805,0.0023412675443523767,-0.04013622985803522,0.8878758032806218,-1.0342086157761514,-0.12056479591410607,0.752195879817009,-1.0887057944200933,0.43665032950229943,,,,,,,,,,,,,,,,,
5898240,,,,,,,,,,,,,,0.268610549159348,1.6839311448857188,0.0009615893090995087,0.37925979658029974,2.945813534781337,0.0023412675443523767,5.312636513262987,65.72435915470123,0.0001224356643492186,10.664126008749008,66.20277839899063,0.00012386617590148807,3.048977790400386,0.13777870370540768,-0.12499771546572447,0.7084521423093975,1.0
6029312,0.2766443573636934,1.4255692646838725,0.0007192668649054212,0.3758101756684482,2.8702018139883876,0.002077133718216828,-0.04471485497197136,0.9317862908355892,-1.0119339008815587,-0.12753580609569326,0.8387963315472007,-1.2054191618226469,0.4380737948231399,,,,,,,,,,,,,,,,,
6029312,,,,,,,,,,,,,,0.2768677342683077,1.4345692144706845,0.0007192668649054212,0.3764512410853058,2.9290611632168293,0.002077133718216828,5.337389901280403,66.77059823274612,8.01816329161209e-05,10.54479518532753,72.11440524458885,0.00017050204355539833,3.086478153243661,0.13587257941253483,-0.12500214134342968,0.576280087698251,1.0
6160384,0.26391816325485706,1.5293857483193278,0.0005695240247405309,0.3710355057846755,2.872216621413827,0.0015174006731513145,-0.04866719839628786,0.9349768883548677,-1.0590639868751168,-0.14382153714541346,0.7268226840533316,-1.136425115633756,0.4207104928791523,,,,,,,,,,,,,,,,,
6160384,,,,,,,,,,,,,,0.264157188590616,1.5506958849728107,0.0005695240247405309,0.3717048396356404,2.8997823633253574,0.0015174006731513145,5.617320969700813,68.22735092043877,0.00012324763174942355,10.906365513801575,67.78973007202148,0.00013590431672572123,3.071139609441161,0.1364643608685583,-0.12500331667251885,0.6340118395164609,1.0
6291456,0.27155832340940833,1.5298818005248904,0.0006359203972010619,0.3703576591797173,2.9036596193909645,0.0023470234391425038,-0.042715874093119055,0.8312366628088057,-1.0202184356749058,-0.14185618644114584,0.697173809632659,-1.1462736222893,0.42190270335413516,,,,,,,,,,,,,,,,,
6291456,,,,,,,,,,,,,,0.2717441397253424,1.5311002572998405,0.0006359203972010619,0.3707381528802216,2.9159932192415,0.0023470234391425038,5.054602313786745,63.933935672044754,0.00012026133476528145,11.225029051303864,67.64071810245514,0.00011891116982676309,3.0444526989012957,0.1356539266416803,-0.12499823560938239,0.5042788966093212,1.0
6422528,0.278716329485178,1.6401605941355228,0.0007800778713544787,0.37656080652959645,2.900250604376197,0.0024818598067213316,-0.04711794984177686,0.8362624375149608,-0.9966779490932822,-0.13452227436937392,0.7668887204490602,-1.097104674205184,0.44514984101988375,,,,,,,,,,,,,,,,,
6422528,,,,,,,,,,,,,,0.27896485454402864,1.69329531211406,0.0007800778713544787,0.37709206785075366,2.9215992763638496,0.0024818598067213316,5.298312321305275,63.28589662909508,0.00010180735950005015,11.009612768888474,65.89258623123169,0.00014088062147132874,3.0507102627307177,0.13785858056508005,-0.1731798080727458,0.7396627054549754,1.0
6553600,0.2778574943076819,1.4785167542286217,0.0006975890610192437,0.37775733857415617,2.9197574015706778,0.0028936663834429055,-0.04899880409357138,0.910363111179322,-1.0930067687295377,-0.1393176142591983,0.6986801037564874,-1.1901168529875576,0.46517919725738466,,,,,,,,,,,,,,,,,
6553600,,,,,,,,,,,,,,0.2780879831407219,1.4820908359251916,0.0006975890610192437,0.3784686445724219,2.9677926059812307,0.0028936663834429055,5.522601909935474,69.41984128952026,0.00011466915352742468,11.070379562675953,70.8059566617012,0.00015394202835894433,3.067707048729062,0.13791359239257872,-0.12500470923259854,0.5220868645701557,1.0
6684672,0.28768826834857464,1.5249522468075156,0.0008528934849891812,0.37460893858224154,2.8683019503951073,0.0028603173323062947,-0.045550451206509024,0.8181484527885914,-1.0776101718656719,-0.13132607261650264,0.6938803647644818,-1.1735043921507895,0.47843433113303035,,,,,,,,,,,,,,,,,
6684672,,,,,,,,,,,,,,0.28793052094988525,1.5249522468075156,0.0008528934849891812,0.3753443215973675,2.895217915996909,0.0028603173323062947,5.184669096022844,67.36257755756378,8.628342804417599e-05,10.533330574631691,70.10325413942337,0.0001175233371362161,3.0931639950722456,0.133376129262615,-0.12499768729321659,0.5980419323313981,1.0
6815744,0.2837200041394681,1.4606611095368862,0.0005534186835802757,0.37606585677713156,2.914138061925769,0.0015567644859402208,-0.05249622417613864,0.8945576804690063,-1.124590817373246,-0.12466276832856238,0.6860455861315131,-1.108367801643908,0.5024792279582471,,,,,,,,,,,,,,,,,
6815744,,,,,,,,,,,,,,0.2839382993988693,1.484188343398273,0.0005534186835802757,0.376702701440081,2.938290063291788,0.0015567644859402208,5.424034222960472,69.67846414446831,0.00010121074190649892,10.336592771112919,66.68101984262466,0.00014561950234526222,3.0570914056152105,0.13731076510157436,-0.12499430193565786,0.466750351479277,1.0
6946816,0.2818999632727355,1.54361323826015,0.0004788231896668549,0.3749614832922816,2.859151378273964,0.0011342602517743217,-0.05971701579983346,0.8557072104886174,-1.0410903771407902,-0.11552417505299672,0.7584851998835802,-1.129677476361394,0.4797611804679036,,,,,,,,,,,,,,,,,
6946816,,,,,,,,,,,,,,0.28207756811752915,1.5631890185177326,0.0004788231896668549,0.3753923492040485,2.886950619518757,0.0011342602517743217,5.902056433260441,66.12900653481483,0.00010765817003832723,10.24831123650074,67.2195834517479,0.00013476650284616198,3.0913911517709494,0.13647817098535597,-0.12505793594755232,0.5536301801912487,1.0
7077888,0.28362905979156494,1.529181819409132,0.0005276368444242507,0.3779816119931638,2.8360795229673386,0.0012018466641166015,-0.06556644313968718,0.8725409805774689,-1.0894276783801615,-0.11376865505008027,0.8043942819349468,-1.0963505199179053,0.5351393495220691,,,,,,,,,,,,,,,,,
7077888,,,,,,,,,,,,,,0.2838182128034532,1.530706200748682,0.0005276368444242507,0.3786105723120272,2.85963124781847,0.0012018466641166015,6.2007932513952255,68.19255486130714,0.00010788666171768213,10.452365897595882,65.7052041888237,0.00016425322408686327,3.0806636940687895,0.1374215924879536,-0.1250026491470635,0.4933705818839371,1.0
7208960,0.28713069669902325,1.5244861776009202,0.0008501267034262128,0.37716598086990416,2.8743384843692183,0.0022514419854360312,-0.06639837779221125,1.0032593021169305,-1.1724655032157898,-0.11247452592942864,0.7343933386728168,-1.1192805962637067,0.48695392720401287,,,,,,,,,,,,,,,,,
7208960,,,,,,,,,,,,,,0.287320593604818,1.5332374116405845,0.0008501267034262128,0.3778005454223603,2.8943871231749654,0.0022514419854360312,6.325876474380493,73.063651740551,0.00011723607908248335,10.065868318080902,67.0274666249752,0.000132415229520233,3.1137845143675804,0.1355532290181145,-0.12499834620393813,0.544169336790219,1.0
7340032,0.28229027590714395,1.5008689500391483,0.0007954533925840224,0.37124806083738804,2.9227097146213055,0.002120654451800874,-0.0681547331623733,0.7323170118033886,-1.1897657588124275,-0.09796978265512735,0.7198284198530018,-1.05130510404706,0.5007578996010125,,,,,,,,,,,,,,,,,
7340032,,,,,,,,,,,,,,0.282489828299731,1.5008689500391483,0.0007954533925840224,0.37189661734737456,2.9474799782037735,0.002120654451800874,5.992340613156557,71.25139862298965,0.00011014336020931381,9.478807426989079,64.26069667935371,0.00013852925376411918,3.123489711433649,0.13573976757470518,-0.12510412139818072,0.515025228029117,1.0
7471104,0.28271523024886847,1.6501940060406923,0.0008112517006964026,0.37139921518974006,2.988183656707406,0.0027194968906769645,-0.055679962068097666,0.8299694238230586,-0.9910983815789223,-0.08613617339869961,0.7628880986012518,-1.0620811702683568,0.5215523295337334,,,,,,,,,,,,,,,,,
7471104,,,,,,,,,,,,,,0.2829586109146476,1.6766500361263752,0.0008112517006964026,0.3719191593118012,3.013588285073638,0.0027194968906769645,5.336326092481613,64.08530536293983,8.696024915444411e-05,9.156619913876057,64.99351385235786,0.0001447422350739913,3.1072135474532843,0.1351376383099705,-0.12500559771433473,0.5848639581818134,1.0
7602176,0.27783463383093476,1.6063612215220928,0.0007372478454783504,0.37438118550926447,2.971552040427923,0.0028351217979434296,-0.0513369228283409,0.9581750188954175,-1.00927359983325,-0.09609617997193709,0.7626795913092792,-1.1075707338750362,0.4856646272819489,,,,,,,,,,,,,,,,,
7602176,,,,,,,,,,,,,,0.2780743876937777,1.6333184391260147,0.0007372478454783504,0.3751015164889395,3.010216847062111,0.0028351217979434296,5.184633232653141,66.24856150150299,9.352553871910807e-05,9.449221298098564,67.99888733029366,0.0001231945009512181,3.105250336229801,0.1340582863194868,-0.12500656326301396,0.574979049153626,1.0
7733248,0.28380037657916546,1.6064661731943488,0.0006894073735566053,0.3729997763875872,2.9105192497372627,0.002256391250057277,-0.038533643644768745,0.9405057318508625,-1.0853586997836828,-0.10010081063956022,0.7015785248950124,-1.0997014115564525,0.5381088538561016,,,,,,,,,,,,,,,,,
7733248,,,,,,,,,,,,,,0.2839836187195033,1.6064661731943488,0.0006894073735566053,0.3735281031113118,2.9316354114562273,0.002256391250057277,4.74851094186306,68.16679015755653,0.00010533600903596396,9.074153691530228,66.2095678448677,0.00012558020850050866,3.1397273242473602,0.12716160976560786,-0.18189723347313702,0.47761410498060286,1.0
7864320,0.28972023935057223,1.599871115759015,0.0007378002367204317,0.3758630403317511,2.940828565508127,0.0024082233765057026,-0.027597650696407072,0.7985515089239925,-1.0656960546039045,-0.10317525011487305,0.7068006098270416,-1.1368816373869777,0.5338317602872849,,,,,,,,,,,,,,,,,
7864320,,,,,,,,,,,,,,0.2899273610673845,1.6070496458560228,0.0007378002367204317,0.3765528881922364,2.975119164213538,0.0024082233765057026,4.645432967692614,67.25400021672249,9.747019903183496e-05,9.436757370829582,68.5865670144558,0.000121494794397492,3.1341082956641912,0.12726001848932356,-0.12500377767719328,0.46687211422249675,1.0
7995392,0.28325939853675663,1.594022799283266,0.0009215626623699791,0.374375315150246,2.908384881913662,0.002807613089316874,-0.016516108677024022,0.9508411320857704,-0.9329397925175726,-0.10910361702553928,0.7174456645734608,-0.9894572449848056,0.5014283896889538,,,,,,,,,,,,,,,,,
7995392,,,,,,,,,,,,,,0.2833690799307078,1.5948165757581592,0.0009215626623699791,0.3747274533379823,2.9175648149102926,0.002807613089316874,4.7027475126087666,62.20038053393364,9.99049493692894e-05,9.706972017884254,59.008467465639114,0.00013656276214568663,3.083342008292675,0.12987371301278472,-0.12568311509676278,0.4703025841154158,1.0
8126464,0.29901306005194783,1.4622145807370543,0.0011486942089504737,0.3613487121183425,2.7123222667723894,0.0029379621580574167,0.020374408857605886,1.0154962250962853,-0.911595462821424,-0.15251676534535363,0.6800929652526975,-1.0631517358124256,0.37794477050192654,,,,,,,,,,,,,,,,,
8126464,,,,,,,,,,,,,,0.3000492090022708,1.5816812232944621,0.0037606238856249066,0.3125112169164132,2.7709971265306317,0.0026874821581927737,3.562626464563108,59.25802776172578,8.134750131816972e-05,10.65254689373724,57.86795688060348,0.0001306109559515524,3.1633681825485573,0.11499553459348628,-0.12474430597061853,0.6192704762320921,1.0
8257536,0.30022787768393755,1.6018134076148272,0.0009743133053916608,0.3686526354867965,2.9941975586116314,0.003018094834715157,0.023615285033883993,0.881615077611059,-0.8138038949109614,-0.14336900669150054,0.7014274215325713,-1.1397133581340313,0.5516248454805464,,,,,,,,,,,,,,,,,
8257536,,,,,,,,,,,,,,0.3004066767171025,1.6018134076148272,0.0009743133053916608,0.36908574728295207,3.0045311264693737,0.003018094834715157,4.690264068543911,59.52265805006027,7.90273376622963e-05,10.854162454605103,67.71520221233368,0.00013316702418908477,3.042613599449396,0.12508409412112087,-0.12499680300243199,0.5717561608180404,1.0
8388608,0.29375013313256204,1.503814160823822,0.0013121329725436226,0.3701451166998595,2.874067789874971,0.0035309315194353985,0.018872822365665343,0.9146550949662924,-0.7468754393048584,-0.13624946784693748,0.6856779465451837,-1.0453957808203995,0.47134753852151334,,,,,,,,,,,,,,,,,
8388608,,,,,,,,,,,,,,0.2939113664906472,1.5051901880651712,0.0013121329725436226,0.3705006171949208,2.8772567128762603,0.0035309315194353985,4.6755809262394905,59.63400000333786,0.0001079510349346613,10.45074838399887,62.780914932489395,0.00012036244120672279,3.0196855030953884,0.12884481524815783,-0.12499577319249511,0.5272847835440189,1.0
8519680,0.29631246719509363,1.5563741652294993,0.0011802373596765392,0.3795225075446069,3.0049769449979067,0.0035357297314817515,0.009224434692441719,0.9435408008284867,-0.929724111687392,-0.13221990247257054,0.6831816253252327,-1.089699363335967,0.5185278265271336,,,,,,,,,,,,,,,,,
8519680,,,,,,,,,,,,,,0.29649798572063446,1.557854718528688,0.0011802373596765392,0.38000936969183385,3.0159053057432175,0.0035357297314817515,4.807814307510853,64.1656691133976,9.323953150519593e-05,10.582305483520031,65.6347790658474,0.00014172104383236572,3.0208985190838575,0.13277068629395217,-0.1250053506810218,0.47102623246610165,1.0
8650752,0.3113345701713115,1.544183786958456,0.0016941416015470168,0.38523431634530425,2.943177707493305,0.003578032742098003,-0.0029307098769209006,0.9600411374121904,-1.0217173881828785,-0.1145813855691813,0.7594377282075584,-1.1171632879413664,0.5346982018090785,,,,,,,,,,,,,,,,,
8650752,,,,,,,,,,,,,,0.3115535711403936,1.5564533732831478,0.0016941416015470168,0.385811964282766,2.967944733798504,0.003578032742098003,4.579232215881348,68.084541618824,8.502762144013687e-05,10.315686397254467,67.80738803744316,0.0001442246886504961,3.0891645662486553,0.13442076183855534,-0.12499650055542588,0.5308643572498113,1.0
8781824,0.3076762268319726,1.6030601570382714,0.0016301080704579363,0.3924287208355963,2.8571859961375594,0.003703153191054298,-0.01556923464522697,1.0371467676013708,-0.9707425120286644,-0.11182521004229784,0.7220278945751488,-1.107350768521428,0.47985248849727213,,,,,,,,,,,,,,,,,
8781824,,,,,,,,,,,,,,0.30785749945789576,1.605841795913875,0.0016301080704579363,0.3930719392374158,2.904067817144096,0.003703153191054298,4.767016317695379,69.54605129361153,9.71087645480484e-05,10.414712645113468,66.4899545609951,0.00014239648779579284,3.054113509133458,0.1386653957888484,-0.12500031967647374,0.531852207146585,1.0
8912896,0.31156088621355593,1.5980685641989112,0.0008262373429488434,0.39504803251475096,2.8974660206586123,0.0029241026531963143,-0.022443550478783436,0.85269486438483,-1.0341595327481627,-0.1096869675675407,0.7020959393121302,-1.1480234237387776,0.5616915794089437,,,,,,,,,,,,,,,,,
8912896,,,,,,,,,,,,,,0.31177416164427996,1.5983945783227682,0.0008262373429488434,0.39569681929424405,2.9236971996724606,0.0029241026531963143,4.6464256681501865,66.651954382658,0.00012887290102447935,10.220315307378769,69.60025516152382,0.00014958107047591263,3.0583999659866095,0.13653242378495634,-0.1381609954405576,0.48483731993474066,1.0
9043968,0.3071186391171068,1.602918733842671,0.0007280282672468275,0.3897413248196244,2.973049273714423,0.0029038911709449167,-0.02902955534227658,0.8591567538678646,-1.0440833703614771,-0.11689416324952617,0.751525201369077,-1.150141964200884,0.5332514804322273,,,,,,,,,,,,,,,,,
9043968,,,,,,,,,,,,,,0.30735477549023926,1.6303186919540167,0.0007280282672468275,0.39039288624189794,2.9928979352116585,0.0029038911709449167,4.6556000374257565,69.2343535721302,0.00010346569869146283,10.519561760127544,70.40082627534866,0.000142466465287594,3.0693459771573544,0.1385143049992621,-0.13138688495382667,0.5469685217831284,1.0
9175040,0.306899560848251,1.5698335897177458,0.0009522181336478752,0.38693275465629995,2.9570275638252497,0.003273030128184473,-0.030656373317469843,0.7453359072096646,-1.0596243040636182,-0.11685758823296055,0.7019808227196336,-1.1240803757682443,0.5739395141135901,,,,,,,,,,,,,,,,,
9175040,,,,,,,,,,,,,,0.30707590794190764,1.5698335897177458,0.0009522181336478752,0.3874038297217339,2.960809711366892,0.003273030128184473,4.5997434258461,64.29107171297073,9.014369735660388e-05,10.553815975785255,67.21030235290527,0.00012214461350340544,3.0730642061680555,0.13590043887961656,-0.12499616504646838,0.5578098688274622,1.0
9306112,0.31856000213883817,1.7285098135471344,0.0009937481322594977,0.3839018833823502,2.9786290246993303,0.003180332652391371,-0.02817100084212143,0.8027963102795184,-0.9832559647038579,-0.10628683335380629,0.7440740964375436,-1.0536401360295713,0.5735041021835059,,,,,,,,,,,,,,,,,
9306112,,,,,,,,,,,,,,0.3188067181035876,1.782110022380948,0.0009937481322594977,0.38441499788314104,2.9882975053042173,0.003180332652391371,4.309225283563137,63.85123127698898,9.180035355171867e-05,10.113941855728626,64.05884692072868,0.000123576828378269,3.0439786817878485,0.13538003037683666,-0.12499676714651287,0.7017541450913996,1.0
9437184,0.314436775399372,1.6308538746088743,0.001080313525449128,0.388257363345474,2.922860572114587,0.0034100832012882165,-0.028850185830378905,0.8652156675234437,-0.9202390294522047,-0.11139132652897388,0.7193403295241296,-1.116157480981201,0.5542624455410987,,,,,,,,,,,,,,,,,
9437184,,,,,,,,,,,,,,0.3146562264300883,1.6478312043473125,0.001080313525449128,0.3889061671216041,2.9644516482949257,0.0034100832012882165,4.290149696171284,60.366602301597595,0.00010196031950737705,10.192114785313606,67.88459327816963,0.00011732155368449071,3.05807663872838,0.1324093162547797,-0.15094590443186462,0.5832372694276273,1.0
9568256,0.3151670917868614,1.5775580862537026,0.0010329784661280428,0.38765953620895743,2.845478660427034,0.00304933482539127,-0.02417910379881505,0.7169940094463527,-1.0758255063556135,-0.10785261821001768,0.7028287434950471,-1.1637424086220562,0.5884072170592844,,,,,,,,,,,,,,,,,
9568256,,,,,,,,,,,,,,0.315381622640416,1.5903250146657228,0.0010329784661280428,0.38838209258392453,2.8902444196864963,0.00304933482539127,4.3911263309419155,66.69649285078049,9.958386447372902e-05,10.388863883912563,71.27241423726082,0.00012515842185223391,3.0723207015544176,0.13481202081311494,-0.12500280025415123,0.5480218066368252,1.0
9699328,0.32038857880979776,1.62694644741714,0.0009181304466210349,0.3925465859938413,2.928333591669798,0.0030842303867757437,-0.022854083916172385,0.8935380787588656,-1.025163881946355,-0.10947940562618896,0.7144659194163978,-1.1642227219417691,0.6094169982243329,,,,,,,,,,,,,,,,,
9699328,,,,,,,,,,,,,,0.32062665396369994,1.6448022527620196,0.0009181304466210349,0.3933632227126509,2.977406971156597,0.0030842303867757437,4.619890034198761,69.91056326031685,0.00010092772241465653,10.481754720211029,70.7633346915245,0.0001444391383174093,3.0784005615860224,0.13248926913365722,-0.12499475758522749,0.5824492848478258,1.0
9830400,0.32421582262031734,1.5385579895228148,0.0011345006710143934,0.3869246596004814,2.800520770251751,0.003392283251741901,-0.015369124768767506,0.7992533696815372,-1.1217857212759554,-0.10821363789727911,0.6970197516493499,-1.1455377219244838,0.5754826362244785,,,,,,,,,,,,,,,,,
9830400,,,,,,,,,,,,,,0.3244177899323404,1.5405331552028656,0.0011345006710143934,0.3876361777074635,2.839808151125908,0.003392283251741901,4.690483644604683,68.71145716309547,9.813486182252973e-05,10.368193499743938,69.66785711050034,0.00014118504502924623,3.0503703951835632,0.13336827198509127,-0.12499107839539647,0.47775708860717714,1.0
9961472,0.3236487633548677,1.545272353105247,0.0009128197852987796,0.38684168620966375,2.824490051716566,0.0027343928322807187,-0.012141285526013235,0.760454217903316,-1.0862459386698902,-0.11171246349113062,0.7285576448775828,-1.107228939421475,0.5806855829432607,,,,,,,,,,,,,,,,,
9961472,,,,,,,,,,,,,,0.3238145944196731,1.5510297361761332,0.0009128197852987796,0.3872879296541214,2.8393461108207703,0.0027343928322807187,4.5898939818143845,66.10843417048454,9.677970381893886e-05,10.524409651756287,66.67151927947998,0.00013716197473279124,3.0464052371680737,0.13448147557210177,-0.12500458885915577,0.5596819217316806,1.0
10092544,0.32631403184495866,1.6378251193091273,0.001027214493859674,0.38628333038650453,2.89475173689425,0.003168863684095413,-0.012558425270981388,0.8475895426236093,-0.9842190500348806,-0.10983837267849594,0.7399575496092439,-1.0623257141560316,0.6038280953653157,,,,,,,,,,,,,,,,,
10092544,,,,,,,,,,,,,,0.3265777996275574,1.6972219105809927,0.001027214493859674,0.3869352852925658,2.924481922760606,0.003168863684095413,4.51953824236989,64.07237827777863,0.00010308010300215387,10.544405043125153,65.22736290097237,0.00015731091996240565,3.0466110724955797,0.1360204720403999,-0.12499938509427011,0.7625798154622316,1.0
10223616,0.3276142224203795,1.6508444072678685,0.0015075529444175118,0.3924475407693535,2.913263203576207,0.003516200078138354,-0.008254487380327191,0.8334770640358329,-0.9714913610368967,-0.12394635257078335,0.708202738314867,-1.0837722849100828,0.6093018332030624,,,,,,,,,,,,,,,,,
10223616,,,,,,,,,,,,,,0.32778678997419775,1.6576398592442274,0.0015075529444175118,0.3929338213056326,2.9350091833621264,0.003516200078138354,4.37338949739933,64.75766861438751,0.0001203283416870704,10.968818537890911,65.51851525902748,0.00014658203210149434,3.0123641937971115,0.1369935602415353,-0.12499255151487887,0.6137054793071002,1.0
10354688,0.3339321864768863,1.5998881068080664,0.001396055635382254,0.3974613684695214,2.9598823580890894,0.003596193670773573,-0.008971028376436152,0.8041170868091285,-1.0893928920850158,-0.1348794000223279,0.7194939637556672,-1.148953580763191,0.6142133879475296,,,,,,,,,,,,,,,,,
10354688,,,,,,,,,,,,,,0.33413626439869404,1.6162659469991922,0.001396055635382254,0.3981119168456644,2.9725529365241528,0.003596193670773573,4.50117464363575,69.67054510116577,9.086749393327764e-05,11.242906168103218,69.57404679059982,0.0001252088520569128,3.014517253264785,0.13463812868576497,-0.12499498296529055,0.5511064399033785,1.0
10485760,0.33496841066516936,1.5919833676889539,0.0010699130947386948,0.3969920394010842,2.9791242256760597,0.0027847957330777717,-0.005868211644155963,0.809014786966145,-1.0405650252941996,-0.13963360781781375,0.699060246348381,-1.0945752169936895,0.5865424358053133,,,,,,,,,,,,,,,,,
10485760,,,,,,,,,,,,,,0.33506421046331525,1.6023057010024786,0.0010699130947386948,0.39737692032940686,2.9900804683566093,0.0027847957330777717,4.567769609391689,65.22947961091995,8.270549856548293e-05,11.330293029546738,66.02287751436234,0.00015582168324268508,2.9677814468741417,0.13485262321773916,-0.12499959603883326,0.5067753733601421,1.0
10616832,0.32878692145459354,1.6976367151364684,0.0007043948140790235,0.39922480611130595,2.907145496457815,0.0024890039994716062,-0.0046246425390279455,0.8403129884973168,-1.0005472507327795,-0.14737560180947185,0.7145053707063198,-1.1114976704120636,0.5382908517494798,,,,,,,,,,,,,,,,,
10616832,,,,,,,,,,,,,,0.3289508600719273,1.7155736899003386,0.0007043948140790235,0.3997002465184778,2.921101978048682,0.0024890039994716062,4.706326507031918,63.05406266450882,0.0001082081600385365,11.491506144404411,67.69266906380653,0.00014235911991788974,2.9621053375303745,0.13263926294166595,-0.13999908813275397,0.5689085947815329,1.0
10747904,0.3304485213011503,1.5688101463019848,0.0005592073879086001,0.39278305578045547,3.0135823488235474,0.0023275501663420073,-0.0051954157545424096,1.016440428327769,-1.0433946116827428,-0.12996999686583877,0.715639581438154,-0.9750656583346426,0.6171376938000321,,,,,,,,,,,,,,,,,
10747904,,,,,,,,,,,,,,0.37315231530242654,1.61313038032098,0.003606956743517485,0.356292509053082,2.8897707968815625,0.0027268225911314635,3.699447591300964,54.970577010638024,7.650578963154536e-05,10.304757190952413,61.19827671034867,0.00011750197520284529,3.049582876534347,0.12134989501953304,-0.12474789984344718,0.5608033658599997,1.0
10878976,0.341131032910198,1.6852917708456516,0.001003891348432262,0.40532002435065806,2.967249758541584,0.0033308831034446484,-0.013147984824172454,0.9118699063546956,-1.0766478022560477,-0.13409546052571386,0.7308727740310133,-1.1625289125368,0.6133828181773424,,,,,,,,,,,,,,,,,
10878976,,,,,,,,,,,,,,0.34137300006113946,1.7157713966444135,0.001003891348432262,0.4059736137278378,2.9811930544674397,0.0033308831034446484,4.680147998034954,69.36936149001122,9.436647175764534e-05,11.384111069142818,69.7424710392952,0.0001280576355959795,2.995550934225321,0.1306053797597997,-0.1249969492200762,0.6560008507221937,1.0
11010048,0.34056939859874547,1.708834109827876,0.0011797188016089422,0.40228702360764146,3.0357108786702156,0.003196434535766457,-0.010975339733704459,0.9640291291289032,-1.1122341533191502,-0.14130180107895285,0.7309473580680788,-1.1057190890423954,0.6005421440349892,,,,,,,,,,,,,,,,,
11010048,,,,,,,,,,,,,,0.34085622639395297,1.7686393661424518,0.0011797188016089422,0.40290582110174,3.061219362542033,0.003196434535766457,4.629604008048773,72.4468301832676,9.037217622431815e-05,11.549841038882732,66.86281475424767,0.00012192297180020758,2.9413958359509706,0.13082249648869038,-0.12499944935552776,0.7769579456653446,1.0
11141120,0.33643642580136657,1.6354080559685826,0.0009575531183827479,0.4011957310140133,3.1766377557069063,0.0032854559722181875,-0.01739284020004561,0.8888558768667281,-1.2523525040596724,-0.14369983109645545,0.7295558648183942,-1.110908169299364,0.6095898803323507,,,,,,,,,,,,,,,,,
11141120,,,,,,,,,,,,,,0.33666665805503726,1.6546534625813365,0.0009575531183827479,0.40165481762960553,3.188756961375475,0.0032854559722181875,4.692289814352989,74.34095901250839,8.900963677493934e-05,11.787170074880123,66.31835269927979,0.0001235792516882661,2.9283998738974333,0.12979477149201557,-0.12499458040110767,0.6837407981511205,1.0
11272192,0.3386550536379218,1.6755828196182847,0.0010920849871070004,0.3989173925947398,3.047595990821719,0.003483644110019668,-0.011644473521300824,0.9188376585952938,-0.9847562806680799,-0.14434313541278243,0.7824271088466048,-1.1028319243341684,0.5989441743586212,,,,,,,,,,,,,,,,,
11272192,,,,,,,,,,,,,,0.33883755351416767,1.694535885937512,0.0010920849871070004,0.39945128932595253,3.0651331152766943,0.003483644110019668,4.628385581076145,66.77907225489616,8.6166313702285e-05,11.848748609423637,67.02822881937027,0.0001425162281254444,2.9416765701025724,0.13212569279130548,-0.12499304069206119,0.5871576361823827,1.0
11403264,0.3467972020152956,1.5730335898697376,0.0010063356365890286,0.406971262069419,3.0001103412359953,0.0037203110770178682,-0.014820462165516801,0.9502309807576239,-1.1827490064315498,-0.14465679600834846,0.7299852101132274,-1.132714125327766,0.615936478599906,,,,,,,,,,,,,,,,,
11403264,,,,,,,,,,,,,,0.34701360622420907,1.592921000905335,0.0010063356365890286,0.40758891007862985,3.0513816624879837,0.0037203110770178682,5.067828197032213,73.00645208358765,0.00010352977102767724,12.052942752838135,68.35760617256165,0.00014270324120091438,2.9193141032010317,0.1306401095353067,-0.1250027408823371,0.6483089204411954,1.0
11534336,0.3486906224861741,1.5878132758662105,0.0008705464216518521,0.4125312475953251,3.0495094805955887,0.003365038433457812,-0.021324267007003073,0.8800033060833812,-1.110555783379823,-0.14192081277724355,0.7370423688553274,-1.0886301933787763,0.6549444906413555,,,,,,,,,,,,,,,,,
11534336,,,,,,,,,,,,,,0.34892914234660566,1.6057696826756,0.0008705464216518521,0.41320022754371166,3.078262947499752,0.003365038433457812,5.202443860471249,67.99486371874809,0.00010128765575512233,12.058400690555573,65.70077642798424,0.00016374347705327974,2.9403724391013384,0.1322330398252234,-0.12499844329431653,0.6736058408860117,1.0
11665408,0.3491897757630795,1.5623275488615036,0.0007989460509634227,0.40707206912338734,2.9341215640306473,0.0023777678807164193,-0.021105871237523388,0.8219978231936693,-0.9999570902436972,-0.13865837920457125,0.710810256190598,-1.0834548524580896,0.5967833811882883,,,,,,,,,,,,,,,,,
11665408,,,,,,,,,,,,,,0.34936725441366434,1.5806182585656643,0.0007989460509634227,0.40762897161766887,2.955998156219721,0.0023777678807164193,4.830904319882393,64.0485135614872,9.472952604823448e-05,11.909068554639816,65.2715679705143,0.00013316624125847554,2.9079845771193504,0.1275801301235333,-0.1249975289683789,0.5092123127542436,1.0
11796480,0.3513262365013361,1.6457988983020186,0.000521070432768056,0.404941723914817,2.937843231484294,0.0018752692916450542,-0.023714493116131052,0.8485829252749681,-1.0788521515205503,-0.13926699105650187,0.7039301982149482,-1.066345258615911,0.6194577050628141,,,,,,,,,,,,,,,,,
11796480,,,,,,,,,,,,,,0.35155012155883014,1.6788085531443357,0.000521070432768056,0.40559702343307436,2.9680398050695658,0.0018752692916450542,4.994699101895094,68.41259068250656,0.00010362902162608378,11.919795021414757,63.77454170584679,0.00013378617433268403,2.8936398159712553,0.12788504041964188,-0.12499866681173444,0.6588036040775478,1.0
11927552,0.3449090782087296,1.7204336868599057,0.0009848658413034173,0.39373303670436144,2.9650184754282236,0.002766937249361945,-0.01995570783765288,0.772237098775804,-0.9350797352381051,-0.1560210749739781,0.7443954558111727,-1.0929780122824013,0.6108091552741826,,,,,,,,,,,,,,,,,
11927552,,,,,,,,,,,,,,0.3451191403437406,1.7781240800395608,0.0009848658413034173,0.3942283282522112,2.9682689364999533,0.002766937249361945,4.386545933783054,59.35247150063515,0.00011611820417201102,12.483508720993996,65.54126983880997,0.00014213478866320628,2.888510650023818,0.12697606085566804,-0.12499232217669487,0.7591685012448579,1.0
12058624,0.33868265175260603,1.7840106869116426,0.0015468572843246875,0.38375557283870876,2.9657471794635057,0.0030892502677488665,-0.020611882908269763,0.7293496271595359,-1.1078517409041524,-0.1642511615063995,0.7399850676301867,-1.1109409094788134,0.6306727526243776,,,,,,,,,,,,,,,,,
12058624,,,,,,,,,,,,,,0.33893277985043824,1.86608396936208,0.0015468572843246875,0.3843169321771711,2.9923549201339483,0.0030892502677488665,4.082172969356179,68.56704938411713,0.00011027049276624012,12.625570714473724,67.37179973721504,0.00012792043614773263,2.8870179299265146,0.12467518460471183,-0.1249944397713989,0.7945475352462381,1.0
12189696,0.3368655680678785,1.6934071527794003,0.0007519764620269598,0.38043744023889303,2.9320300724357367,0.002287786438500916,-0.019385596948268358,0.7197942337952554,-1.0508416234515607,-0.1676273486809805,0.7049552816897631,-1.0910383183509111,0.6843526908196509,,,,,,,,,,,,,,,,,
12189696,,,,,,,,,,,,,,0.33711516624316573,1.7633953364565969,0.0007519764620269598,0.38087300420738757,2.946804204955697,0.002287786438500916,4.060568228363991,64.09924149513245,0.00010626225838938907,12.765434242784977,65.03302383422852,0.00013934015812377964,2.8947340361773968,0.1250884257024154,-0.12499642372131348,0.7527299614157528,1.0
12320768,0.3500493720639497,1.8907606452703476,0.0006998383931886565,0.39248892827890813,3.0237158555537462,0.002212087908446847,-0.022275153358350508,0.7169444351457059,-1.0128385899588466,-0.1535443291068077,0.802457878831774,-1.1035583075135946,0.6403129330137745,,,,,,,,,,,,,,,,,
12320768,,,,,,,,,,,,,,0.35042831976898015,2.022525968030095,0.0006998383931886565,0.39310665312223136,3.0640317518264055,0.002212087908446847,4.262540306895971,65.76793897151947,8.346190022345823e-05,12.383653111755848,66.39676570892334,0.00012477795477838782,2.914095977321267,0.12712630274472758,-0.12499061110429466,0.9835570494178683,1.0
12451840,0.35315804090350866,1.7691033259034157,0.0015146186210586166,0.39857113803736866,2.995221132412553,0.003759277139124606,-0.027934098165133037,0.7509217264596373,-0.9927240870893002,-0.16086715389974415,0.7513404632918537,-1.1515853474847972,0.6415950884111226,,,,,,,,,,,,,,,,,
12451840,,,,,,,,,,,,,,0.3534868280403316,1.8663525730371475,0.0015146186210586166,0.3991431863978505,3.0176150761544704,0.003759277139124606,4.493728168308735,64.15910068154335,9.666445482395258e-05,12.777258917689323,69.03114673495293,0.00013852883373699498,2.910563424229622,0.12936459912452847,-0.12500327290035784,0.9971966627053916,1.0
12582912,0.35234224097803235,1.668315309099853,0.0013567792959747749,0.397409628611058,3.018139783293009,0.002941541029031214,-0.037523918552324176,0.7281988631002605,-0.9208258981816471,-0.1652035480365157,0.7134022619575262,-1.1792048793286085,0.5989837241359055,,,,,,,,,,,,,,,,,
12582912,,,,,,,,,,,,,,0.3525130513589829,1.710707638412714,0.0013567792959747749,0.39778856467455626,3.0335267391055822,0.002941541029031214,4.753782119601965,58.47560861706734,0.00010907749224742247,12.962736770510674,69.4856148660183,0.00015490943504836707,2.897680012509227,0.13072270213160664,-0.12499658763408661,0.706963968463242,1.0
12713984,0.36061716522090137,1.610507870092988,0.001654973039876495,0.4101224292535335,3.060501204803586,0.0038474298439723498,-0.03532955335685983,0.7092442493885756,-1.0089016938582063,-0.16196983749978244,0.7245003976859152,-1.085392998997122,0.6329113568644971,,,,,,,,,,,,,,,,,
12713984,,,,,,,,,,,,,,0.36082693422213197,1.651565152220428,0.001654973039876495,0.4105984545312822,3.0659625828266144,0.0038474298439723498,4.938319321721792,63.94127258658409,9.857331284379711e-05,12.993340991437435,64.81749066710472,0.0001301435177269994,2.851810986176133,0.1324334463570267,-0.12499639228917658,0.6593001324217767,1.0
12845056,0.3524605566635728,1.5863649491220713,0.0014577558497421705,0.40016031614504755,2.9385521188378334,0.003818772217755395,-0.027673836302710697,0.7766324309632182,-1.0532197118736804,-0.16808443213813007,0.7845330080017447,-1.1251522707752883,0.6184732704423368,,,,,,,,,,,,,,,,,
12845056,,,,,,,,,,,,,,0.35264608752913773,1.6102714091539383,0.0014577558497421705,0.4006800316274166,2.94472449272871,0.003818772217755395,5.0205292776227,67.78782242536545,9.255151902665126e-05,13.029716320335865,67.31425413489342,0.000149671257207995,2.8514992352575064,0.13355061446782202,-0.12499846424907446,0.6772216719109565,1.0
12976128,0.35657864646054804,1.6846906216815114,0.0012802884186839947,0.3967641487251967,3.087268514558673,0.0035320671267982107,-0.026642975833965465,0.6987355826422572,-1.1249780571088195,-0.1593450534855947,0.7397661004215479,-1.1036267895251513,0.6246037660166621,,,,,,,,,,,,,,,,,
12976128,,,,,,,,,,,,,,0.3567786843050271,1.729232182726264,0.0012802884186839947,0.3971700733527541,3.108916027471423,0.0035320671267982107,4.71202764287591,68.2273537516594,8.763126280419975e-05,12.65231528878212,65.33879172801971,0.0001263933391719707,2.8295212872326374,0.12917119270423427,-0.1250076862052083,0.6832310471218079,1.0
13107200,0.36411121394485235,1.6627924274653196,0.0012086159279078856,0.3968216434586793,3.0178056992590427,0.0029734630804796325,-0.021075949756777845,0.7945395647548139,-1.0188748920336366,-0.14820244582369924,0.7484678993932903,-1.169333705212921,0.6739827441051602,,,,,,,,,,,,,,,,,
13107200,,,,,,,,,,,,,,0.36433305009268224,1.704428263939917,0.0012086159279078856,0.39737484976649284,3.0316304732114077,0.0029734630804796325,4.506007343530655,63.54125016927719,8.471133122300856e-05,12.151385888457298,69.95853194594383,0.0001341084256605285,2.8493291288614273,0.130140874767676,-0.12500332877971232,0.7722019392531365,1.0
13238272,0.35339233302511275,1.8369358237832785,0.0014098043805006455,0.3911991307977587,2.9599472861737013,0.0032923553139880823,-0.016150735325936694,0.6660576013382524,-1.0077438075095415,-0.15009898436255753,0.7632104065269232,-1.1529000154696405,0.6173480611760169,,,,,,,,,,,,,,,,,
13238272,,,,,,,,,,,,,,0.3536744669545442,1.9279087614268064,0.0014098043805006455,0.39185128337703645,2.9904459174722433,0.0032923553139880823,4.234753113240004,63.337166145443916,8.619307204149607e-05,12.211421057581902,70.05314937233925,0.00012399298229526234,2.8835839424282312,0.13053302827756852,-0.12500029196962714,0.8307398722972721,1.0
13369344,0.37331422371789813,1.6503901267424226,0.001010316586416593,0.39707392803393304,3.041493440978229,0.0030525721781486936,-0.007751334751219474,0.7498953784815967,-0.9993694475851953,-0.12189978163223714,0.7439782139845192,-1.1002357709221542,0.6398098755162209,,,,,,,,,,,,,,,,,
13369344,,,,,,,,,,,,,,0.41849211033388795,1.7587258558136871,0.0043654851907727376,0.3584001254941146,2.879228275493685,0.003160166150994784,2.8357761165271627,50.16359453419425,7.168197659220894e-05,10.83022686653821,60.541079962985165,9.798088233380393e-05,2.9728243523333444,0.11108234266789788,-0.12474362408540335,0.6189712428050228,1.0
13500416,0.36876891762949526,1.6306379241868854,0.0013296409701979428,0.40743272472172976,2.9764495976269245,0.0038146691563269997,-0.01284663544038267,0.7730291555635631,-0.9249217640608549,-0.12819087458774447,0.7271872172132134,-1.154322468675673,0.6912108426913619,,,,,,,,,,,,,,,,,
13500416,,,,,,,,,,,,,,0.36895642103627324,1.6526503106579185,0.0013296409701979428,0.4081161287613213,3.012150552123785,0.0038146691563269997,4.2737768441438675,62.21430787444115,7.916192641754805e-05,11.67026712745428,70.21757644414902,0.00011550749595645726,2.9249714594334364,0.12667602073634043,-0.12499941908754408,0.5932993218302727,1.0
13631488,0.37250568135641515,1.5699280267581344,0.001463103738103655,0.41032953886315227,3.0386041700839996,0.0036211813826412254,-0.012548174017865676,0.7436267929151654,-1.026688198093325,-0.12725600192788988,0.7311813537962735,-1.1444563325494528,0.649287570733577,,,,,,,,,,,,,,,,,
13631488,,,,,,,,,,,,,,0.3726629714947194,1.5699280267581344,0.001463103738103655,0.41088390443474054,3.0599374808371067,0.0036211813826412254,4.273175500333309,63.34853056073189,9.157504640602832e-05,11.660253047943115,68.91745519638062,0.00012201891686158817,2.8576417304575443,0.12901382142445073,-0.12499899254180491,0.4951168478000909,1.0
13762560,0.3735937171149999,1.7159180687740445,0.0011930678331282252,0.4068162974435836,2.977811446413398,0.0035166939535429265,-0.011447765416960465,0.7535469178110361,-1.0329697490669787,-0.12586992705473676,0.7365642571821809,-1.1223421762697399,0.633503464050591,,,,,,,,,,,,,,,,,
13762560,,,,,,,,,,,,,,0.37385403318330646,1.754107085056603,0.0011930678331282252,0.40759608475491405,3.0145721696317196,0.0035166939535429265,4.2851864621043205,65.16273120045662,9.565948142453706e-05,11.724768161773682,68.2817046046257,0.0001267466764538483,2.883112957701087,0.1288194921799004,-0.12499926309101284,0.7025415387470275,1.0
13893632,0.38077966100536287,1.7814269363880157,0.0010602891705389084,0.40265564899891615,3.0164948105812073,0.0026795225533078337,-0.005138111209930685,0.7295759557746351,-1.0652037477120757,-0.12999048584606498,0.7359492410905659,-1.1711476021446288,0.6313061495311558,,,,,,,,,,,,,,,,,
13893632,,,,,,,,,,,,,,0.38105470477603376,1.8453395599499345,0.0010602891705389084,0.40337816369719803,3.0559736136347055,0.0026795225533078337,4.02386761456728,65.33292126655579,9.548070900730621e-05,11.755784541368484,71.44230177998543,0.00010134572684555344,2.8857243098318577,0.12287117005325854,-0.12501126620918512,0.8755763347726315,1.0
14024704,0.37201287783682346,1.718004030175507,0.0012220471172668113,0.4033835285808891,3.0113336630165577,0.003011923213762202,0.005782575248304056,0.8430744535289705,-0.9697040924802423,-0.13593957026023418,0.7978806509636343,-1.138257217593491,0.7119127369951457,,,,,,,,,,,,,,,,,
14024704,,,,,,,,,,,,,,0.3722933763638139,1.7623789189383388,0.0012220471172668113,0.40415020450018346,3.047803970053792,0.003011923213762202,4.21718230843544,65.47172233462334,7.63222509596595e-05,11.905266597867012,68.9432343840599,0.00011730539143872676,2.872300522401929,0.12417048361385241,-0.1250009755603969,0.8282679517287761,1.0
14155776,0.37520261760801077,1.8709676284343004,0.0008114981966400592,0.39936484349891543,3.0681159365922213,0.0024294171563497002,0.007544640274318226,0.7639886918477714,-0.8884190849494189,-0.1365735269500874,0.752036583609879,-1.1655208901502192,0.6876550316810608,,,,,,,,,,,,,,,,,
14155776,,,,,,,,,,,,,,0.3754797338042408,1.965383067727089,0.0008114981966400592,0.400062020868063,3.0891459491103888,0.0024294171563497002,3.797779146581888,61.187287375330925,6.712494748906117e-05,11.625911667943,70.38811269402504,9.810296250523098e-05,2.841241903603077,0.12156223604688421,-0.12500381912104785,0.945257612504065,1.0
14286848,0.37392262392677367,1.8209905307739973,0.0005037486421599624,0.3888132181018591,3.033842509612441,0.001923348713262385,0.008706342288860469,0.7365215225145221,-0.7933852488640696,-0.14122954371850938,0.7404759498313069,-1.1312656528316438,0.6641935394145548,,,,,,,,,,,,,,,,,
14286848,,,,,,,,,,,,,,0.374143541790545,1.8565873699262738,0.0005037486421599624,0.38936132611706853,3.0485291704535484,0.001923348713262385,3.3807094786316156,56.050425320863724,7.419782848283596e-05,11.526388868689537,68.5754425227642,0.00010266446930221051,2.904131945222616,0.12183493073098361,-0.12500950112007558,0.6550031544174999,1.0
14417920,0.37268928019329906,1.7559938067570329,0.0005110481911856368,0.3916637389920652,2.9647492580115795,0.0017908815085547758,0.0072066883176375995,0.7122339194174856,-0.7247572429478168,-0.14410990464966744,0.7477944632992148,-1.1089193518273532,0.7057439484633505,,,,,,,,,,,,,,,,,
14417920,,,,,,,,,,,,,,0.37288852501660585,1.797764454036951,0.0005110481911856368,0.39216889813542366,2.978207902982831,0.0017908815085547758,3.311719261109829,51.99010953307152,8.01459500641144e-05,11.953729875385761,67.42907220125198,0.00010337985078834322,2.8817048650234938,0.12273935409029946,-0.1250054349657148,0.7111844071187079,1.0
14548992,0.37096509151160717,1.7756432415917516,0.000396293782984003,0.3930070921778679,3.011966682970524,0.0015778043714362866,0.004275914257362956,0.772716115694493,-0.7852853555232286,-0.13818966515827924,0.7253576503135264,-1.1647833152674139,0.6619323694612831,,,,,,,,,,,,,,,,,
14548992,,,,,,,,,,,,,,0.3711948497220874,1.8164951764047146,0.000396293782984003,0.39358915272168815,3.030644351616502,0.0015778043714362866,3.5246413480490446,56.145401015877724,6.0772534769215625e-05,11.613484986126423,71.43867808580399,0.00011253599250693469,2.908793117851019,0.1254546481068246,-0.12500867433845997,0.6527200685814023,1.0
14680064,0.37901434348896146,1.909820644184947,0.0004964829941229709,0.40773053257726133,3.0301117543131113,0.0017987437795454753,-0.0017732539045880458,0.7686329423449934,-0.8719214631710202,-0.12718549114651978,0.7766961003653705,-1.1414120895788074,0.7117795760277659,,,,,,,,,,,,,,,,,
14680064,,,,,,,,,,,,,,0.3792928606271744,1.9750166544690728,0.0004964829941229709,0.40837043011561036,3.0426466409116983,0.0017987437795454753,3.88086711615324,58.06368172168732,7.592284726198884e-05,11.376745745539665,69.87319460511208,9.661427707019499e-05,2.9065642096102238,0.12460350658511743,-0.1250070242676884,0.775548294885084,1.0
14811136,0.38357569370418787,1.8377377353608608,0.0009423948411040328,0.4104872785974294,3.0865094903856516,0.002615288463516663,-0.005044168236963742,0.9048298187553883,-0.8658256700728089,-0.12782387889456004,0.7680520894937217,-1.2049932070076466,0.6755843847058713,,,,,,,,,,,,,,,,,
14811136,,,,,,,,,,,,,,0.383861331269145,1.9109722580760717,0.0009423948411040328,0.4113640624564141,3.0978536177426577,0.002615288463516663,4.095995740965009,61.84010022878647,7.80913363342961e-05,11.30739114433527,74.15806034207344,0.00011718368701951754,2.8834986556321383,0.12244522600667551,-0.1250062568578869,0.826774486573413,1.0
14942208,0.3882837623823434,1.7770434617996216,0.0006932229130143241,0.4127245789859444,3.003037268295884,0.0017206354651762013,-0.006747634148723591,0.9098320486955345,-0.7112617313396186,-0.13613300782162696,0.7574817128479481,-1.1537901377305388,0.6736361761577427,,,,,,,,,,,,,,,,,
14942208,,,,,,,,,,,,,,0.38852576119825244,1.8166721779853106,0.0006932229130143241,0.41335747041739523,3.01424771733582,0.0017206354651762013,4.100695867091417,59.33501881361008,7.336935174606651e-05,11.972165778279305,70.09712508320808,0.00010185964385944768,2.8525265976786613,0.12454105808865279,-0.12500976747833192,0.658262955956161,1.0
15073280,0.37980883568525314,1.7277562748640776,0.0004728618775970972,0.4069087856914848,3.1231855526566505,0.0022677832914723695,-0.014313190660686814,0.8249718407168984,-0.8378593088127673,-0.14861118327826262,0.7633438273333013,-1.1995608787983656,0.674918087432161,,,,,,,,,,,,,,,,,
15073280,,,,,,,,,,,,,,0.38004163443110883,1.7667408008128405,0.0004728618775970972,0.4077093438245356,3.148147663101554,0.0022677832914723695,4.019668145105243,59.594925343990326,6.885593167904602e-05,12.365353673696518,73.42919102311134,9.621279935956295e-05,2.8567656241357327,0.11757067259168252,-0.1250107977539301,0.7817993792705238,1.0
15204352,0.37368934345431626,1.8057848447933793,0.0009342221165979936,0.4018323237542063,2.9943753741681576,0.0026090189664955687,-0.018993817808222957,0.8382174954749644,-0.7963101933710277,-0.15567870857194066,0.7414019689895213,-1.1495128814131021,0.6596336753573269,,,,,,,,,,,,,,,,,
15204352,,,,,,,,,,,,,,0.373920860234648,1.856230828911066,0.0009342221165979936,0.4024062119424343,3.012900346890092,0.0026090189664955687,4.066354898735881,57.98279404640198,7.397170954259735e-05,12.647588685154915,69.6836533844471,0.00010106312392643702,2.850483175367117,0.11579616001108661,-0.12500551994889975,0.7004065026994795,1.0
15335424,0.3757295133545995,1.8179985405877233,0.0008869576273582425,0.4043658843729645,3.136409252882004,0.0028210863279127807,-0.02469144079805119,0.7855537671130151,-0.9072222267277539,-0.161847791983746,0.7586417812854052,-1.2283399337902665,0.6511237029917538,,,,,,,,,,,,,,,,,
15335424,,,,,,,,,,,,,,0.3760391522664577,1.8882763106375933,0.0008869576273582425,0.40508152008987963,3.1474354714155197,0.0028210863279127807,4.2574746850878,60.109265208244324,8.894224678712703e-05,13.073122821748257,74.07761812210083,0.00010198164194785697,2.8449078500270844,0.11734077730216086,-0.1250106692314148,0.8121225540526211,1.0
15466496,0.3694784517865628,1.806483601219952,0.000772747321946099,0.3979006614536047,3.052368599921465,0.0027184229477370536,-0.02812111604725942,0.8800504626706243,-0.9042581552639604,-0.1698128174757585,0.7564500030130148,-1.185651782900095,0.6858893644530326,,,,,,,,,,,,,,,,,
15466496,,,,,,,,,,,,,,0.3697589412331581,1.8749460242688656,0.000772747321946099,0.3986305706202984,3.0655846875160933,0.0027184229477370536,4.306216154247522,63.258974343538284,6.884878971691322e-05,13.315760865807533,72.07929763197899,9.059760902924152e-05,2.8006857205182314,0.11792981886537746,-0.12500563147477806,0.8042942499741912,1.0
15597568,0.37707684841006994,1.7684313897043467,0.000787475441143215,0.39775770460255444,3.039354797452688,0.0026510893251270318,-0.02526926288555842,0.8976337034255266,-0.9220004607923329,-0.1648937676800415,0.7439093664288521,-1.1734470883384347,0.6752354369964451,,,,,,,,,,,,,,,,,
15597568,,,,,,,,,,,,,,0.37740722368471324,1.8245223574340343,0.000787475441143215,0.39863096876069903,3.0443751215934753,0.0026510893251270318,4.082957288250327,63.80090889334679,6.476258234289212e-05,12.985740788280964,71.77502381801605,9.088480668795196e-05,2.8529012631624937,0.11504415742820129,-0.12500763009302318,0.7466940903104842,1.0
15728640,0.3798923676367849,1.8396143186837435,0.0010528356813210848,0.400240569608286,2.9874842409044504,0.003313471688898062,-0.020195957928081043,0.7905355575494468,-0.8044887632131577,-0.16644060739781708,0.7503101383335888,-1.1983074694871902,0.6412828632164747,,,,,,,,,,,,,,,,,
15728640,,,,,,,,,,,,,,0.38019714737311006,1.9045451870188117,0.0010528356813210848,0.40100589697249234,3.0009084660559893,0.003313471688898062,3.9360986575484276,54.40457910299301,6.867998564707989e-05,13.186290122568607,72.55488023161888,8.71194715275081e-05,2.8017768152058125,0.11616170592606068,-0.125003193737939,0.8793653817847371,1.0
15859712,0.37892309622839093,1.6588921388611197,0.0009184110626279107,0.40858990605920553,3.020933596417308,0.00264071393849008,-0.014453344345383812,0.7845602780580521,-0.9013128569349647,-0.16364297014661133,0.7551703085191548,-1.2056813393719494,0.6445349513087422,,,,,,,,,,,,,,,,,
15859712,,,,,,,,,,,,,,0.37908942997455597,1.6745898174121976,0.0009184110626279107,0.40940286801196635,3.04130769520998,0.00264071393849008,4.025987446308136,59.25092551112175,7.438059873587921e-05,13.030612260103226,72.83998420834541,9.4881967235394e-05,2.8540549520403147,0.11767974466783926,-0.12500898633152246,0.498549782903865,1.0
15990784,0.4002498248592019,1.9176044203341007,0.0012287587888977214,0.42621947126463056,3.1278961207717657,0.0029884058662901225,-0.015285694531485206,0.8079607533290982,-0.84696414321661,-0.13468173221917823,0.7917333855293691,-1.1768035567365587,0.6783254514448345,,,,,,,,,,,,,,,,,
15990784,,,,,,,,,,,,,,0.4631611722106316,1.8327849620437047,0.004662606210317735,0.3947807908933385,2.966973019696503,0.0028423307910735132,3.1262026702534933,48.60571911835662,6.010997577592086e-05,11.197844423492528,68.2642077327403,8.246741669867529e-05,2.8781275840767897,0.11154900280427726,-0.12475879844951343,0.7077515308621777,1.0
16121856,0.39471386768855155,1.6917771426960826,0.0012999690649735385,0.43573575583286583,3.101993629708886,0.00332278077621595,-0.013799811076751212,0.8954204726032913,-0.8542431141249835,-0.13864100398495793,0.721421342343092,-1.2167945317924023,0.6448390469886363,,,,,,,,,,,,,,,,,
16121856,,,,,,,,,,,,,,0.39497774955816567,1.7363780038431287,0.0012999690649735385,0.43674914352595806,3.1115237791091204,0.00332278077621595,4.973312571644783,61.53873470425606,7.922136972360327e-05,11.978940106928349,74.39083668589592,0.00010255468806219525,2.7572459802031517,0.1311408431502059,-0.12499877344816923,0.7314909272827208,1.0
16252928,0.3996636534575373,1.7624419061467052,0.0016466680269786593,0.44216866442002356,3.0900813937187195,0.0032777786736915004,-0.008628052795756957,1.0239595896564424,-0.8974587214179337,-0.12879038648679852,0.7478363057598472,-1.2051349645480514,0.642484177602455,,,,,,,,,,,,,,,,,
16252928,,,,,,,,,,,,,,0.399952830048278,1.8061114298179746,0.0016466680269786593,0.4433238608762622,3.104044109582901,0.0032777786736915004,5.263812802731991,68.73517948389053,9.783031147181376e-05,11.699341095983982,73.88325363397598,0.0001164058228357856,2.752334099262953,0.1309554002364166,-0.12500938004814088,0.6987780532799661,1.0
16384000,0.3949305093847215,1.779324640519917,0.001463084836359485,0.4418117406312376,3.094311360269785,0.0038303424275909492,-0.009534356922813458,1.0721325082704425,-0.9994735033251345,-0.1322114346548915,0.7277377983555198,-1.2056937427259982,0.6713869532104582,,,,,,,,,,,,,,,,,
16384000,,,,,,,,,,,,,,0.39524096227250993,1.811971410177648,0.001463084836359485,0.44284612499177456,3.1144692227244377,0.0038303424275909492,5.517976842820644,71.29864940047264,8.698507232507424e-05,11.649759165942669,73.77822434902191,0.00011391002797855876,2.7392084039747715,0.13372513744980097,-0.1250122394412756,0.778568971902132,1.0
16515072,0.39071555039845407,1.7932617235928774,0.0016225511072889276,0.4345928889233619,3.156802160665393,0.0033971356724578072,-0.007105597094323457,1.0245206779800355,-0.8144604456610978,-0.13110428163781762,0.7876978758722544,-1.186937180813402,0.5983778953086585,,,,,,,,,,,,,,,,,
16515072,,,,,,,,,,,,,,0.3910895667504519,1.8637031130492687,0.0016225511072889276,0.43569312314502895,3.179541926831007,0.0033971356724578072,5.259306788444519,65.82999169826508,8.169717231609752e-05,11.62774021178484,73.08559182286263,0.00012479623065342338,2.75856214389205,0.1321115855826065,-0.125009975861758,0.7519593918696046,1.0
16646144,0.39411799632944167,1.784888844937086,0.0010374743856687019,0.4341413779184222,3.074981551617384,0.002506455476350311,-0.011005929391103564,0.9807473891414702,-0.8898353883996606,-0.13103772175963968,0.7306012874469161,-1.2041222676634789,0.600961753167212,,,,,,,,,,,,,,,,,
16646144,,,,,,,,,,,,,,0.39443471864797175,1.833549527451396,0.0010374743856687019,0.43519832170568407,3.0932302717119455,0.002506455476350311,4.978883307427168,66.93852066993713,7.18410351776555e-05,11.592598617076874,73.58356186747551,0.00011327583600018176,2.736158810555935,0.1296050682431087,-0.12501339870505035,0.7911329218186438,1.0
16777216,0.3991937574464828,1.8325160602107644,0.0013222209512377958,0.4238801426254213,3.0797609463334084,0.0035544806232792325,-0.008498386396240676,0.8244027090258896,-0.8645072020590305,-0.12216441670898348,0.7744102599099278,-1.2385038686916232,0.6283011781051755,,,,,,,,,,,,,,,,,
16777216,,,,,,,,,,,,,,0.39959866809658706,1.9214216815307736,0.0013222209512377958,0.42501179384998977,3.1068325340747833,0.0035544806232792325,4.539222549647093,62.09822994470596,9.360291936744147e-05,11.199944578111172,76.16888856887817,0.00011702994096457475,2.7648013569414616,0.12692116061225533,-0.12501186970621347,0.8835605119820684,1.0
16908288,0.4016508162021637,1.8304359018802643,0.0014670746032834359,0.42299692798405886,3.054988259449601,0.00378006371374795,-0.003689761493660626,0.8587967758066952,-0.8345290184952319,-0.11666220054030418,0.7396112964488566,-1.1861069169826806,0.6295589727815241,,,,,,,,,,,,,,,,,
16908288,,,,,,,,,,,,,,0.4019211165141314,1.8886750368401408,0.0014670746032834359,0.42393793957307935,3.064638575538993,0.00378006371374795,4.241256216540933,59.76545113325119,7.93176620050573e-05,10.966523975133896,73.00481280684471,0.00011592591262221674,2.8287395797669888,0.12198693567188457,-0.12501088762655854,0.8418431512545794,1.0
17039360,0.4052714300341904,1.881290789693594,0.0012663415508598064,0.42061730613932014,2.9977360293269157,0.0037066818431412685,-0.008177827136023552,0.8634292669594288,-0.8988219653256238,-0.11140788433840498,0.7793310494162142,-1.1906955800950527,0.6880367789417505,,,,,,,,,,,,,,,,,
17039360,,,,,,,,,,,,,,0.4055895092897117,1.9503503572195768,0.0012663415508598064,0.42156782699748874,3.023504316806793,0.0037066818431412685,4.159515772014856,63.80432313680649,6.784166335976893e-05,10.933134138584137,73.46751752495766,9.791214911114565e-05,2.800161235034466,0.12249554740265012,-0.12501359824091196,0.8065946113783866,1.0
17170432,0.3948149820789695,1.8282195320352912,0.0013000325186567352,0.4186202825512737,3.054235205054283,0.0033193449603459158,-0.005744614936020298,0.9859957844018936,-0.9164843570906669,-0.10627711954293773,0.7658361508511007,-1.2105883327312768,0.654518518364057,,,,,,,,,,,,,,,,,
17170432,,,,,,,,,,,,,,0.39510416705161333,1.8827529978007078,0.0013000325186567352,0.41960311005823314,3.0745849274098873,0.0033193449603459158,4.399043582379818,66.67231369018555,7.814421775531599e-05,10.912631407380104,74.69365814328194,0.0001136664779064489,2.857534486800432,0.12434450694127008,-0.12501241825520992,0.7611582758836448,1.0
17301504,0.38849832909181714,1.7492015305906534,0.0014654450187663315,0.4216839193832129,3.0485762618482113,0.0037894667648288305,-0.013579492529970594,0.8658537375740707,-0.8883208255283535,-0.10439165658317506,0.7854736223816872,-1.198210908100009,0.6717663398012519,,,,,,,,,,,,,,,,,
17301504,,,,,,,,,,,,,,0.38875049469061196,1.795571643859148,0.0014654450187663315,0.42264907248318195,3.0643079057335854,0.0037894667648288305,4.45288784429431,62.65697219967842,7.872927576230149e-05,10.89280566573143,74.10759511590004,0.00011186144931407682,2.86488058231771,0.12489136145450175,-0.12501479033380747,0.7044746447354555,1.0
17432576,0.38558050827123225,1.8612130461260676,0.0006160328389341885,0.41952171130105853,3.0252778064459562,0.0021795193199523055,-0.010840264098987973,0.8623821367509663,-0.8925306755118072,-0.09528132906416431,0.7670035022310913,-1.2063691071234643,0.6471341527067125,,,,,,,,,,,,,,,,,
17432576,,,,,,,,,,,,,,0.385898714652285,1.927356457337737,0.0006160328389341885,0.4203955247066915,3.0319958981126547,0.0021795193199523055,4.26369146630168,61.238485455513,7.319740584782464e-05,10.659800708293915,74.05099606513977,0.00011728949369338437,2.8870763070881367,0.12328359839739278,-0.12500819051638246,0.8100754602346569,1.0
17563648,0.3991350708529353,1.8500035163015127,0.0004756830032306425,0.42913287319242954,3.065302722156048,0.002285371792368096,-0.005259375737296068,0.8231595102697611,-0.8235507635399699,-0.07823395723244175,0.7892962149344385,-1.2214671485126019,0.697698269970715,,,,,,,,,,,,,,,,,
17563648,,,,,,,,,,,,,,0.39947867300361395,1.9266690602526069,0.0004756830032306425,0.4302441712934524,3.0783770121634007,0.002285371792368096,4.198596298694611,57.16318488121033,7.676491404609576e-05,10.277901828289032,76.75881591439247,0.000101627399158144,2.8585947919636965,0.12267995782895014,-0.12502762931399047,1.0466716289520264,1.0
17694720,0.3995111684780568,1.7916807662695646,0.0010636658358862405,0.4200193933211267,3.0325986612588167,0.0031074998155418143,-0.00046591008446483784,0.9556290032342076,-0.8236553550232202,-0.0808547813212499,0.7691325014457107,-1.202577339950949,0.6790290316566825,,,,,,,,,,,,,,,,,
17694720,,,,,,,,,,,,,,0.3997573161032051,1.811616137623787,0.0010636658358862405,0.4210504833608866,3.045588191598654,0.0031074998155418143,4.188065594062209,63.8101409971714,8.559288309095692e-05,10.169403739273548,74.45871156454086,9.905245435071208e-05,2.8684799261391163,0.12186120310798287,-0.12501293257810175,0.7116690578404814,1.0
17825792,0.39802877116017044,1.9928177269175649,0.0012272354150582032,0.42429525894112885,2.992099095135927,0.0033784270103751624,0.001262809385369934,0.9393234476447105,-0.8968477714806795,-0.08667661796789616,0.8094246480613947,-1.226643641013652,0.6672787147108465,,,,,,,,,,,,,,,,,
17825792,,,,,,,,,,,,,,0.3984201243147254,2.083588215522468,0.0012272354150582032,0.4254625120665878,3.0369661320000887,0.0033784270103751624,4.172154799103737,67.2472552061081,8.146291405619621e-05,10.349532574415207,76.12608906626701,0.00010606566659898675,2.8743739053606987,0.12253756285645068,-0.1250045031774789,0.8051731958985329,1.0
17956864,0.4033227388281375,1.874226308427751,0.0009697696268631262,0.42131989425979555,3.0006703473627567,0.00320538598452913,0.008516282011214571,0.8187900795601308,-0.6556064793840051,-0.1019141884171404,0.7816989459097385,-1.2267825845628977,0.6691112723201513,,,,,,,,,,,,,,,,,
17956864,,,,,,,,,,,,,,0.4036414003930986,1.940643809735775,0.0009697696268631262,0.42245573573745787,3.047218769788742,0.00320538598452913,4.055392108857632,54.62851193547249,6.810003637935935e-05,10.639592498540878,75.6479934155941,9.139854071049669e-05,2.8628432992845774,0.12266195396659896,-0.12501391302794218,0.8324615973979235,1.0
18087936,0.41005723481066525,1.799987374804914,0.001331828345428221,0.4194555093999952,3.0586719512939453,0.0036416257912605943,0.006554005196448998,0.8033221191726625,-0.7181651368737221,-0.10492820059880614,0.7655852120369673,-1.2422855175100267,0.7065698900260031,,,,,,,,,,,,,,,,,
18087936,,,,,,,,,,,,,,0.4103407268412411,1.8390128780156374,0.001331828345428221,0.4204807581845671,3.0911871790885925,0.0036416257912605943,3.993089122697711,54.19601169228554,7.328676133688816e-05,10.694826275110245,76.54780566692352,0.00011018004620488853,2.8747953213751316,0.11985004466259852,-0.12500439770519733,0.7196388612501323,1.0
18219008,0.4113757503218949,1.7610695138573647,0.0010731527626148818,0.42567977006547153,3.031285773962736,0.0029633975206024843,0.006592555754650675,0.8304873574525118,-0.824402674799785,-0.11955362401204184,0.7313471692614257,-1.1808368507772684,0.702220467152074,,,,,,,,,,,,,,,,,
18219008,,,,,,,,,,,,,,0.41159818647429347,1.7775488067418337,0.0010731527626148818,0.42667966429144144,3.0566362477838993,0.0029633975206024843,4.054688634350896,59.33562254905701,6.955943437803036e-05,11.140041321516037,72.93172708153725,9.588446673355899e-05,2.8768006619066,0.12033680791500956,-0.12501007318496704,0.6101883091032505,1.0
18350080,0.41406589769758284,1.7561001479625702,0.001162571439522253,0.42628013622015715,3.0312761776149273,0.0031194780317491677,0.005888454277737765,0.9188148695975542,-0.7732103830203414,-0.1288604331202805,0.703336862847209,-1.1949845785275102,0.7056232551112771,,,,,,,,,,,,,,,,,
18350080,,,,,,,,,,,,,,0.4143045989330858,1.7701872726902366,0.001162571439522253,0.4272493433672935,3.062678148970008,0.0031194780317491677,4.279159193858504,61.66010934114456,7.397443520273939e-05,11.402330569922924,73.52393472194672,8.826704344588876e-05,2.8359524961560965,0.12064506340539083,-0.12500982778146863,0.6855012334417552,1.0
18481152,0.41640228405594826,1.7942355927079916,0.0018329294813383967,0.42620836151763797,3.097418200224638,0.0036899268461638712,0.00821363370596373,0.9197046286426485,-0.7450579323340207,-0.14182981115300208,0.7575983945280313,-1.1764219026081264,0.7094733074773103,,,,,,,,,,,,,,,,,
18481152,,,,,,,,,,,,,,0.41666947095654905,1.8358725663274527,0.0018329294813383967,0.42717025289312005,3.125511037185788,0.0036899268461638712,4.247811712324619,62.410303980112076,8.076800729339695e-05,11.840360432863235,72.83248236775398,8.809239450294215e-05,2.812626078724861,0.12031510926317424,-0.12500929948873818,0.7222646744921803,1.0
18612224,0.34672246454283595,1.5855129919946194,0.0012727269570405042,0.3737324387766421,2.953951796516776,0.0033574522453818645,0.01961003067845013,0.8686151611618698,-0.8024538061581552,-0.24219291075132787,0.6492441333830357,-1.2932825833559036,0.6166564687155187,,,,,,,,,,,,,,,,,
18612224,,,,,,,,,,,,,,0.3739982153771512,1.6650199280176536,0.004478305760454006,0.3504119736580066,2.9392929698778203,0.003106578906314449,3.072630430933604,49.82300853560937,7.208429277154432e-05,15.198035964672874,69.95105633313533,0.00010090399508199564,2.888123488569834,0.10074361286501972,-0.12475855581193085,0.6496534527515072,1.0
18743296,0.3476848804857582,1.7079070108011365,0.001404546610046964,0.387534987879917,2.9927035439759493,0.003806053211519611,0.018126478084013797,0.9435784975066781,-0.6717617572285235,-0.23752651561517268,0.7082852888852358,-1.2740863468497992,0.6386774992570281,,,,,,,,,,,,,,,,,
18743296,,,,,,,,,,,,,,0.34794313623569906,1.7431771829724312,0.001404546610046964,0.3882177302148193,3.009833997115493,0.003806053211519611,3.9207938630133867,57.43843513727188,7.784225851503734e-05,15.774533979594707,75.28098028898239,9.751455298290246e-05,2.779534697532654,0.1126349366386421,-0.125004380941391,0.6903545018285513,1.0
18874368,0.35672022541984916,1.7057308349758387,0.0014886658168506983,0.39410051004961133,3.0810617804527283,0.003729534535523271,0.010539834728206188,0.914800526574254,-0.7780670423526317,-0.23278194037266076,0.7152755935676396,-1.3148651327937841,0.6349854851141572,,,,,,,,,,,,,,,,,
18874368,,,,,,,,,,,,,,0.3570005898363888,1.7473783288151026,0.0014886658168506983,0.3947952827438712,3.102692974731326,0.003729534535523271,3.9619318321347237,61.16614952683449,8.248093368434795e-05,15.519143730401993,76.72709041833878,9.773502756971197e-05,2.8208540324121714,0.11296502157347277,-0.1250153153669089,0.7355235477443784,1.0
19005440,0.3591254416387528,1.7904566386714578,0.0011055325921915937,0.3978774829301983,3.083349583670497,0.0033985713434958598,0.00018914078816578694,0.91495440620929,-0.8013306488282979,-0.2178691759472713,0.7193725882098079,-1.2275016028434038,0.6536165920551866,,,,,,,,,,,,,,,,,
19005440,,,,,,,,,,,,,,0.35944358981214464,1.854284357279539,0.0011055325921915937,0.39858549321070313,3.11426243185997,0.0033985713434958598,3.8849456254392862,59.47870910167694,8.301149735512325e-05,14.923941425979137,73.36483862996101,0.0001137910905666395,2.8010975550860167,0.11603709304472432,-0.12500902614556253,0.8303376184776425,1.0
19136512,0.3688550826627761,1.78697894141078,0.0010101739144374733,0.39790125470608473,3.051348624750972,0.0028138203042544774,-0.008527964195309323,0.7170393581036478,-0.8690695129334927,-0.20078949572052807,0.7460905481129885,-1.260756814852357,0.6803506813012064,,,,,,,,,,,,,,,,,
19136512,,,,,,,,,,,,,,0.3691406836733222,1.8373780343681574,0.0010101739144374733,0.39872396481223404,3.069145020097494,0.0028138203042544774,3.9368098322302103,57.93702456355095,6.8465900423198e-05,14.134799145162106,75.24883082509041,0.00010338121408959289,2.8310459926724434,0.1157433521002531,-0.12501419917680323,0.7605103175155818,1.0
19267584,0.3762177638709545,1.7645250083878636,0.0009540972744161991,0.402958758873865,3.0348788797855377,0.002779645815735421,-0.01181989504766534,0.7723883495200425,-0.8681681253947318,-0.1798026462784037,0.72972776228562,-1.2456446280702949,0.7089281072840095,,,,,,,,,,,,,,,,,
19267584,,,,,,,,,,,,,,0.3764921077527106,1.80085901170969,0.0009540972744161991,0.4037138372659683,3.057082960382104,0.002779645815735421,3.981663465499878,59.46711951494217,8.051633010808246e-05,13.327429860830307,73.90926337242126,9.520463906120824e-05,2.8185889050364494,0.11817583406809717,-0.12500213109888136,0.6866521453484893,1.0
19398656,0.39905951102264225,1.7643780913203955,0.0010436918626623992,0.4137140279635787,2.997226057574153,0.0027025200981825037,-0.00930018347571604,0.8311254873406142,-0.7946568923071027,-0.15054419299121946,0.7320902612991631,-1.2290176376700401,0.6953942286781967,,,,,,,,,,,,,,,,,
19398656,,,,,,,,,,,,,,0.3993042390793562,1.8015606217086315,0.0010436918626623992,0.4147069819737226,3.0309753976762295,0.0027025200981825037,3.854751342907548,58.701381266117096,6.996016402049943e-05,12.277753092348576,74.4946800172329,0.00010241433331437122,2.8478098064661026,0.11778396065346897,-0.1250055234413594,0.6911220396868885,1.0
19529728,0.4057374047115445,1.9222214175388217,0.0012111388284665736,0.4164172967430204,3.0660510640591383,0.003446844015570605,-0.014852102416625712,0.8594420922454447,-0.920005845837295,-0.13705221487907693,0.7773034214042127,-1.2483990816399455,0.6694380077533424,,,,,,,,,,,,,,,,,
19529728,,,,,,,,,,,,,,0.40606828359887004,2.024311298504472,0.0012111388284665736,0.41735015297308564,3.073630342260003,0.003446844015570605,4.092460449784994,59.18460378050804,6.924752820136604e-05,11.73956597596407,75.92350229620934,9.02564258287164e-05,2.8300487771630287,0.12245655857259408,-0.12500350386835635,0.8929940008092672,1.0
19660800,0.415209767408669,1.8149201199412346,0.001238298120597392,0.4269329726230353,3.059493536129594,0.0032167783224394952,-0.014124778514087666,0.7951282633002847,-0.7599080658983439,-0.12022760265972465,0.7283409149385989,-1.2240577274933457,0.7003105611074716,,,,,,,,,,,,,,,,,
19660800,,,,,,,,,,,,,,0.41549791069701314,1.8694944474846125,0.001238298120597392,0.4278889112174511,3.066613044589758,0.0032167783224394952,4.212427651509643,53.15035578608513,7.334483424381588e-05,11.374686934053898,75.41564723849297,9.638498048669675e-05,2.8470346741378307,0.12387083104113117,-0.12500179838389158,0.8327401715796441,1.0
19791872,0.42379006650298834,1.9907300733029842,0.0006816504466087281,0.4279479389078915,3.0374545883387327,0.0024905090253923845,-0.005939876034972258,0.9048621244728565,-0.7456548598129302,-0.11533210490597412,0.8086529620923102,-1.2128310571424663,0.6893528120126575,,,,,,,,,,,,,,,,,
19791872,,,,,,,,,,,,,,0.42419288912788033,2.1068210368975997,0.0006816504466087281,0.4291956601664424,3.0744717456400394,0.0024905090253923845,4.149794453755021,57.03915822505951,7.393135947061924e-05,11.10628205537796,75.81377786397934,0.00010518312741103486,2.8392014987766743,0.12359888473292813,-0.1250114592257887,0.9483789771329612,1.0
19922944,0.4276660801842809,1.8207879308611155,0.0012355897998759247,0.43371453206054866,3.0221527963876724,0.00337242347393385,-0.005575444438932209,0.7612855983898044,-0.7150602748151869,-0.11583615164272487,0.7631742442026734,-1.1829272410832345,0.6922151444014162,,,,,,,,,,,,,,,,,
19922944,,,,,,,,,,,,,,0.4279704897198826,1.8951882664114237,0.0012355897998759247,0.43469369993545115,3.045970095321536,0.00337242347393385,4.303199972957373,52.58647131919861,7.51088704635805e-05,11.199143297970295,73.47311645746231,9.985142145030323e-05,2.803666476160288,0.12483530008466914,-0.12500502704642713,0.9046693406999111,1.0
20054016,0.4255161555483937,1.8943429635837674,0.001524781102034467,0.437154769198969,3.0077669471502304,0.0036324227758086636,-0.007291788502698182,0.9865709748119116,-0.7169041843153536,-0.12377940595615655,0.7510666446760297,-1.1733167106285691,0.7108930798713118,,,,,,,,,,,,,,,,,
20054016,,,,,,,,,,,,,,0.4259080607444048,1.993386970832944,0.001524781102034467,0.4381584965158254,3.0354813002049923,0.0036324227758086636,4.559612259268761,63.90587368607521,9.164545477902131e-05,11.477169647812843,72.90631094574928,0.00010264531298176394,2.8088291939347982,0.1302703664987348,-0.12499918695539236,1.007077906280756,1.0
20185088,0.42568702157586813,1.7008647350594401,0.0012451231757495407,0.4425015354063362,2.991095393896103,0.003401556253493254,-0.007057276669911516,0.9269800959154963,-0.7134455475024879,-0.12248934019589797,0.7192264734767377,-1.2252058815211058,0.6915981341153383,,,,,,,,,,,,,,,,,
20185088,,,,,,,,,,,,,,0.4259276962839067,1.7183935521170497,0.0012451231757495407,0.44361733202822506,3.019260538741946,0.003401556253493254,4.641150623559952,61.581544160842896,8.525446105900336e-05,11.48584994673729,75.48026493191719,0.0001137517308623659,2.8061587437987328,0.12578763742931187,-0.12500678980723023,0.5884564549196512,1.0
20316160,0.4191624103114009,1.7145927269011736,0.001034601937590196,0.4427173950243741,3.022609381005168,0.0027356436171430687,-0.005874021555655418,0.9111905009485781,-0.7568817385472357,-0.11992583214305341,0.7226939499378204,-1.235902443062514,0.6469181922730058,,,,,,,,,,,,,,,,,
20316160,,,,,,,,,,,,,,0.4193858215585351,1.7294120490550995,0.001034601937590196,0.4437673706561327,3.0605260748416185,0.0027356436171430687,4.948508895933628,62.42110753059387,9.402611282860462e-05,11.343201138079166,75.63322615623474,0.00010390509433833017,2.7675181217491627,0.12914480204926804,-0.1250017664860934,0.6760684163309634,1.0
20447232,0.4230533973313868,1.7776121702045202,0.0015537820021336302,0.44631643150933087,3.0308300852775574,0.004105452136172971,-0.0071655863760327065,0.8690622756257653,-0.7876732796430588,-0.1212166267214343,0.7454138500615954,-1.2022303235717118,0.642200673231855,,,,,,,,,,,,,,,,,
20447232,,,,,,,,,,,,,,0.42338264430873096,1.8748743003234267,0.0015537820021336302,0.44723323662765324,3.059673937037587,0.004105452136172971,4.900620270520449,61.17793166637421,9.689152323799632e-05,11.3156046718359,74.61518102884293,0.00012321073373211533,2.7566542085260153,0.1316702906624414,-0.12499736784957349,0.9813134288415313,1.0
20578304,0.4312546069268137,1.7724738717079163,0.0012671162025981175,0.44433488440699875,3.0631242636591196,0.0030297466665842876,0.00615097682157284,1.131848264951259,-0.797593510011211,-0.11513725540135056,0.7494088024832308,-1.1698144059628248,0.6508203321136534,,,,,,,,,,,,,,,,,
20578304,,,,,,,,,,,,,,0.43154019000940025,1.8339056624099612,0.0012671162025981175,0.4453649641945958,3.0738922487944365,0.0030297466665842876,4.911160577088594,70.51770558953285,9.8769161481993e-05,11.11451506614685,72.48629891872406,0.00011033781423508415,2.7606654278934,0.12675532774301246,-0.12500517815351486,0.8003540690988302,1.0
20709376,0.42488985415548086,1.8839448504149914,0.0013473714851670593,0.4356069373898208,3.0371863935142756,0.003700880469295953,0.007912403873888252,1.004173134919256,-0.7954240581020713,-0.11771317489910871,0.7548985090106726,-1.219146490097046,0.6461721041705459,,,,,,,,,,,,,,,,,
20709376,,,,,,,,,,,,,,0.4253091234713793,1.995727950707078,0.0013473714851670593,0.43674843618646264,3.063965693116188,0.003700880469295953,4.7190710343420506,65.97452583909035,8.144966110401608e-05,11.099002003669739,75.38906520605087,0.0001265467785191987,2.7230770401656628,0.1259870842914097,-0.12500994931906462,1.0562078126240522,1.0
20840448,0.41775692254304886,1.852433449588716,0.001967093806683806,0.4319273114670068,2.9827267043292522,0.004066547990532854,0.010191511757511762,0.8745605675503612,-0.7649069873150438,-0.12176827515941113,0.740672214422375,-1.2028223052620888,0.6673295230139047,,,,,,,,,,,,,,,,,
20840448,,,,,,,,,,,,,,0.41806679824367166,1.9310921663418412,0.001967093806683806,0.43286218773573637,2.995302615687251,0.004066547990532854,4.680232547223568,58.81827265024185,7.541762565277388e-05,11.017554722726345,74.11402443051338,0.00011584604169900814,2.77256996370852,0.12459210806991905,-0.1250090915709734,0.8507805438712239,1.0
20971520,0.4188588240649551,1.6877765115350485,0.0017271310446176358,0.4332565360236913,3.000386295840144,0.004032803473819513,0.013336646061361535,1.0664996332488954,-0.8176628034561872,-0.12214300502091646,0.7285313461907208,-1.1969335074536502,0.6539623595308512,,,,,,,,,,,,,,,,,
20971520,,,,,,,,,,,,,,0.4191368657629937,1.7179252747446299,0.0017271310446176358,0.4343616992700845,3.0365424789488316,0.004032803473819513,4.805721759796143,67.92347165942192,8.581509030003431e-05,10.951942712068558,73.26955226063728,0.000102740316672012,2.7472758926451206,0.12430933146970347,-0.12500888062641025,0.7193799505475909,1.0
21102592,0.41447848174721,1.888067458756268,0.0013997724289538382,0.427520141704008,2.9753386825323105,0.003667582454568219,0.019585923953854945,1.0422137882560492,-0.723894405644387,-0.120815203350503,0.7766342838294804,-1.1813684664666653,0.6767172589898109,,,,,,,,,,,,,,,,,
21102592,,,,,,,,,,,,,,0.41483597038313746,1.9746180744841695,0.0013997724289538382,0.42862166557461023,3.031927464529872,0.003667582454568219,4.87465201690793,65.56420055031776,8.516988949303084e-05,10.905139662325382,73.14094683527946,0.00010705332069564644,2.7660578209906816,0.1284763211151585,-0.12501319940201938,1.0452312799170613,1.0
21233664,0.3950391076505184,1.716613662429154,0.0010832111366880781,0.4119733856059611,2.945559795945883,0.002644191089530068,0.07701414072653279,1.0674761142581701,-0.731661542551592,-0.11002497829031199,0.7137385285459459,-1.160607984289527,0.6287437141872942,,,,,,,,,,,,,,,,,
21233664,,,,,,,,,,,,,,0.4649234732545643,1.6861927696470036,0.005017496563612505,0.38840874312557727,2.864912854956396,0.0029479130760055013,4.542523237232102,56.629391007899606,7.130358204884267e-05,10.040566835990765,67.04057589698448,8.738799476036346e-05,2.882995591465249,0.11387151582811746,-0.12476045606904719,0.6540857005236019,1.0
21364736,0.3960272930562496,1.604213179089129,0.0011232800376319574,0.41827731439843774,3.0071089435368776,0.002911933025416147,0.07084997661877424,1.1259928909130394,-0.7176891951821744,-0.11373269412433729,0.7098649458494037,-1.244287146255374,0.6455192165449262,,,,,,,,,,,,,,,,,
21364736,,,,,,,,,,,,,,0.3963138142134994,1.6473539164289832,0.0011232800376319574,0.4194825051818043,3.0394757073372602,0.002911933025416147,5.7537064626812935,70.6929258108139,8.576591438114178e-05,10.733540929853916,76.2654016315937,0.00011551019849731503,2.829244690015912,0.12382798595353961,-0.12500699306838214,0.8040656617376953,1.0
21495808,0.4029829544015229,1.625014933757484,0.0011628870929598634,0.42028679768554866,3.097410663962364,0.0029218045292509487,0.06332826591096818,1.1000593677163124,-1.0531811956316233,-0.11966841929825023,0.691246762406081,-1.2322639208287,0.6708280979655683,,,,,,,,,,,,,,,,,
21495808,,,,,,,,,,,,,,0.40329216374084353,1.657390865497291,0.0011628870929598634,0.42159190378151834,3.1218526624143124,0.0029218045292509487,5.588295929133892,73.31154116988182,7.969386399819811e-05,10.958551801741123,75.85970231890678,0.0001016725256479667,2.786067023873329,0.1227303723571822,-0.12500701774843037,0.7975747066084296,1.0
21626880,0.4148312204051763,1.8857070989906788,0.0010371822780825823,0.42367878067307174,3.0087195970118046,0.0023198252333713754,0.053332440671510994,1.0491752144880593,-0.6367303263396025,-0.1178829506970942,0.755041107069701,-1.1910287332721055,0.6775346612557769,,,,,,,,,,,,,,,,,
21626880,,,,,,,,,,,,,,0.4152013026177883,1.9900808716192842,0.0010371822780825823,0.4248912937473506,3.051889918744564,0.0023198252333713754,5.092507999390364,64.51342996954918,7.402667881201835e-05,11.009419620037079,74.25791564583778,0.00010803006706172624,2.762942422181368,0.12177794519811869,-0.12500125565566123,0.9285107557661831,1.0
21757952,0.4165849715936929,1.9183797519654036,0.00105627675714004,0.41471722861751914,2.9479186441749334,0.002732827714226005,0.04236616229172796,1.0051299226470292,-0.6359864033292979,-0.11397199402563274,0.7768529197201133,-1.1918186461552978,0.716106299078092,,,,,,,,,,,,,,,,,
21757952,,,,,,,,,,,,,,0.41693448764272034,2.019618139602244,0.00105627675714004,0.4158122001681477,2.9689595345407724,0.002732827714226005,4.6222484186291695,63.51139310002327,7.29410404641806e-05,10.6276118978858,74.30601194500923,9.15942433765693e-05,2.801339630037546,0.12065827293554321,-0.12500663264654577,0.8556926497258246,1.0
21889024,0.4134316649287939,1.9032598631456494,0.0009254109990024517,0.4068077423144132,3.016451343894005,0.0029961420195832034,0.030206868948880583,0.9243699950166047,-0.7488623200915754,-0.11515935772331432,0.7756867469288409,-1.215703300666064,0.7059249163139611,,,,,,,,,,,,,,,,,
21889024,,,,,,,,,,,,,,0.4137627612799406,1.9960052883252501,0.0009254109990024517,0.40788085269741714,3.0200733579695225,0.0029961420195832034,4.144113052636385,61.400406658649445,6.746474956087489e-05,10.780010409653187,75.2083555161953,0.0001049571937796756,2.7769340444356203,0.11617208376992494,-0.12500702613033354,0.9406770372297615,1.0
22020096,0.41072078747674823,1.7562685990706086,0.000926474073821737,0.400861197616905,2.9453363437205553,0.0024470652832633277,0.032814709542435594,1.0602320493198931,-0.6385303859133273,-0.1129600535496138,0.7338884496130049,-1.2035967917181551,0.718549516517669,,,,,,,,,,,,,,,,,
22020096,,,,,,,,,,,,,,0.41100271767936647,1.7869074679911137,0.000926474073821737,0.40196605073288083,2.9878939241170883,0.0024470652832633277,4.149240639060736,63.837853133678436,6.576330776247863e-05,10.871779531240463,73.80563727021217,9.43262592316696e-05,2.8279768023639917,0.11570270627271384,-0.12501043314114213,0.513891649665311,1.0
22151168,0.4125787173397839,1.9838134786114097,0.000980861680432099,0.3979395681526512,2.990014998242259,0.0024164994633792958,0.025720863006426953,1.0241642529144883,-0.8717010295949876,-0.11168749281205237,0.7891772543080151,-1.2452158397063613,0.7195592694915831,,,,,,,,,,,,,,,,,
22151168,,,,,,,,,,,,,,0.4129193197004497,2.0854668207466602,0.000980861680432099,0.3988851932808757,3.0067679565399885,0.0024164994633792958,4.010299481451511,65.58019202947617,7.378567481364229e-05,10.854717835783958,76.14986979961395,8.583528752453828e-05,2.8468177560716867,0.11388890672242269,-0.12500204425305128,0.9433108770754188,1.0
22282240,0.41649324377067387,1.7615705151110888,0.0012177776834505494,0.40388291305862367,2.947264403104782,0.0024600203608997617,0.016749980895838235,0.9386917664669454,-0.8157468005083501,-0.11278680252144113,0.7450903886929154,-1.163935486227274,0.703851694939658,,,,,,,,,,,,,,,,,
22282240,,,,,,,,,,,,,,0.41675380151718855,1.8038336699828506,0.0012177776834505494,0.40487727615982294,2.9643680173903704,0.0024600203608997617,3.9469499364495277,60.7127605676651,7.185673106091528e-05,10.868719950318336,71.75378215312958,7.950397347089577e-05,2.8381187077611685,0.11553538753651083,-0.12500380887649953,0.7016580342315137,1.0
22413312,0.4124750110786408,1.777637834660709,0.001072476605997963,0.4042545792181045,2.9144353233277798,0.002924732895280613,0.013646636634803144,0.8783329124562442,-0.8191432519815862,-0.1150111390161328,0.7316625192761421,-1.1906149238348007,0.7382385176606476,,,,,,,,,,,,,,,,,
22413312,,,,,,,,,,,,,,0.4127228809520602,1.8249941440299153,0.001072476605997963,0.40524715441279113,2.9444772992283106,0.002924732895280613,4.047775911167264,56.77693438529968,6.848986876323293e-05,10.807735785841942,73.94711029529572,8.743760153828717e-05,2.8363586347550154,0.11727803642861545,-0.12500103493221104,0.6861847366672009,1.0
22544384,0.4223543351981789,1.7697340920567513,0.00102545179140634,0.4074962558224797,2.9944542199373245,0.0029835389470918017,0.018331177496293094,0.8764832024462521,-0.6751572103239596,-0.11683506256667897,0.7592016640119255,-1.2131474195048213,0.7440399015322328,,,,,,,,,,,,,,,,,
22544384,,,,,,,,,,,,,,0.4226402600761503,1.8368516778573394,0.00102545179140634,0.4084871243685484,3.009887456893921,0.0029835389470918017,3.9343014657497406,54.29677265882492,5.0986729823954136e-05,11.046937361359596,75.37406718730927,7.801081878033855e-05,2.843185054138303,0.11720860347850248,-0.125005783746019,0.915460086427629,1.0
22675456,0.41487004538066685,1.7097611706703901,0.0012317060974851302,0.4023396437987685,2.954037619754672,0.002943815385151538,0.02055408804153558,0.9007322923280299,-0.7693932431284338,-0.12088848830899224,0.719963523093611,-1.215590687468648,0.733224845957011,,,,,,,,,,,,,,,,,
22675456,,,,,,,,,,,,,,0.41511132824234664,1.738778236322105,0.0012317060974851302,0.4033485949039459,2.9705762173980474,0.002943815385151538,3.8186688739806414,60.9207461476326,5.9015243846577414e-05,11.18294082581997,75.26819550991058,9.055192308293769e-05,2.8564543779939413,0.11731431918451563,-0.12501056864857674,0.615709001198411,1.0
22806528,0.41742988699115813,1.9769070809707046,0.0009258094270307993,0.40681381709873676,3.006342776119709,0.0029157659746488207,0.02360725244943751,0.9247860703617334,-0.8159402781166136,-0.11791619862196967,0.7891704724170268,-1.1810417477972806,0.6908689844422042,,,,,,,,,,,,,,,,,
22806528,,,,,,,,,,,,,,0.41778384801000357,2.091140831820667,0.0009258094270307993,0.4078481416217983,3.0323882810771465,0.0029157659746488207,4.043286714702845,63.371529906988144,7.144092224375953e-05,11.270677000284195,74.49047508835793,8.489289382129783e-05,2.8583821915090084,0.1177607009303756,-0.12500979308970273,0.9801284545101225,1.0
22937600,0.4331239110324532,1.7278769062831998,0.0012684718190030253,0.4138120978605002,2.958004718646407,0.0031714702154204133,0.020273029127565678,0.8949169781990349,-0.7269558324478567,-0.10489946656161919,0.7464261339046061,-1.1703640120103955,0.7128490312024951,,,,,,,,,,,,,,,,,
22937600,,,,,,,,,,,,,,0.43331392481923103,1.768501890823245,0.0012684718190030253,0.41475014155730605,2.9816338419914246,0.0031714702154204133,3.9324209839105606,62.565903455019,6.745518013540064e-05,10.949814729392529,72.49328535795212,8.77173844577861e-05,2.8122371565550566,0.11463609500788152,-0.12500608409754932,0.6335607578512281,1.0
23068672,0.43243112368509173,1.848388535901904,0.0011522764280016418,0.4131756736896932,3.1103540249168873,0.0029788874328460224,0.019327230656926986,0.902524231467396,-0.7035908934194595,-0.10868052014848217,0.7491335282102227,-1.1980656860396266,0.7077094265259802,,,,,,,,,,,,,,,,,
23068672,,,,,,,,,,,,,,0.43277120939455926,1.926898636855185,0.0011522764280016418,0.41425001551397145,3.115351803600788,0.0029788874328460224,3.9126538448035717,56.058653652668,5.715743958611963e-05,10.796483561396599,75.22833853960037,8.875682813425101e-05,2.8300155624747276,0.11793070775456727,-0.1250176050234586,0.8694465367589146,1.0
23199744,0.4292293172329664,1.8561826413497329,0.0011925415294626873,0.41612673085182905,3.0368752516806126,0.0035441897987311677,0.014442407846217975,0.9565365393646061,-0.8825320573523641,-0.11164615728193894,0.7749930229038,-1.2073025866411626,0.7145197545178235,,,,,,,,,,,,,,,,,
23199744,,,,,,,,,,,,,,0.42955578258261085,1.9393285531550646,0.0011925415294626873,0.41730924881994724,3.065477702766657,0.0035441897987311677,4.116521000862122,63.53654834628105,7.012377790349689e-05,10.911491475999355,75.17395853996277,7.870838265366942e-05,2.8202340360730886,0.1197484889999032,-0.12500668386928737,0.896970635978505,1.0
23330816,0.43403906654566526,1.906191940419376,0.0014078065119065286,0.41914393031038344,2.945245800539851,0.0037734009738414898,0.012070948625478195,0.9275088729336858,-0.7529341736808419,-0.11284918646560982,0.7828076230362058,-1.1837354567833245,0.7263073190115392,,,,,,,,,,,,,,,,,
23330816,,,,,,,,,,,,,,0.43436824926175177,2.008254351094365,0.0014078065119065286,0.4202147794421762,2.986217465251684,0.0037734009738414898,4.151772167533636,60.85113698244095,7.657814139960806e-05,11.109587863087654,73.39035925269127,7.558876012581095e-05,2.8185117058455944,0.1197446568403393,-0.12501471349969506,0.7776388083584607,1.0
23461888,0.4347021928988397,1.840893811546266,0.0011923932744366539,0.4290718459524214,3.003446649760008,0.0031054191470047954,0.01419456829171395,1.0523595442064106,-0.7880450347438455,-0.1117693362175487,0.759251216892153,-1.2223498625680804,0.7202314604073763,,,,,,,,,,,,,,,,,
23461888,,,,,,,,,,,,,,0.43506048270501196,1.9301710966974497,0.0011923932744366539,0.43023689300753176,3.0252464804798365,0.0031054191470047954,4.3351123444736,66.90940657258034,6.488118699632395e-05,11.021728746592999,75.20202884078026,8.11827079072458e-05,2.800506027415395,0.12261973164277151,-0.12501485622487962,0.8842287177685648,1.0
23592960,0.43682906543836,1.7827419890090823,0.0012214898556521803,0.4247072637081146,3.034232534468174,0.0033985601094173035,0.02079067389422562,1.0222790697589517,-0.6570704134646803,-0.11833339574513957,0.7659189705736935,-1.1833893619477749,0.7250911425799131,,,,,,,,,,,,,,,,,
23592960,,,,,,,,,,,,,,0.4371017285156995,1.8472023149952292,0.0012214898556521803,0.4258865602314472,3.0636830646544695,0.0033985601094173035,4.338422670960426,63.215286046266556,7.231339712188145e-05,11.289273113012314,73.52659386396408,8.028279677807504e-05,2.787883583456278,0.12121357285650447,-0.1250071874819696,0.9218981896992773,1.0
23724032,0.4416768660303205,1.7703147307038307,0.0014977865457694861,0.42771879443898797,3.031549170613289,0.0034525657686117484,0.02425111038610339,0.9269059719517827,-0.6897405311465263,-0.10973431635648012,0.7380862822756171,-1.2064011776819825,0.7120716106146574,,,,,,,,,,,,,,,,,
23724032,,,,,,,,,,,,,,0.4420130436774343,1.8385990681126714,0.0014977865457694861,0.42888368712738156,3.054244304075837,0.0034525657686117484,4.340926393866539,60.347193747758865,7.630196944763412e-05,10.883791089057922,74.48944789171219,8.589467310793353e-05,2.7483335193246603,0.12043888017069548,-0.12500567617826164,0.8659038147889078,1.0
23855104,0.4464064724743366,1.6352801397442818,0.0014365450268769564,0.4249162492342293,3.039107233285904,0.0038148710318637313,0.04206489026546478,0.9493625671602786,-0.6163863821420819,-0.10103919834364206,0.7071711053140461,-1.2188266734592617,0.6831711624981835,,,,,,,,,,,,,,,,,
23855104,,,,,,,,,,,,,,0.5017835145300052,1.8143725457590028,0.004530358726247891,0.3965193108902369,2.893487203798919,0.0029487875424995557,3.4382036972092465,51.492391378641216,6.074241628225817e-05,10.199704568257348,69.12767815632543,7.659073152644873e-05,2.88409384268235,0.11196079076946634,-0.1247688057462135,0.7359062664390329,1.0
23986176,0.43786513223312795,1.6958539234474301,0.00174823063639451,0.4295646036043763,3.0011311192065477,0.003997629355126264,0.046072505705524236,1.042300894856453,-0.8189225140959024,-0.11064605362480506,0.7102125692181289,-1.2041560630314052,0.7147543653845787,,,,,,,,,,,,,,,,,
23986176,,,,,,,,,,,,,,0.43813430867157876,1.738046269863844,0.00174823063639451,0.43082270422019064,3.0342991203069687,0.003997629355126264,5.0269071236252785,66.16354677081108,8.410776529643726e-05,10.813734114170074,74.06625404953957,9.3945030596565e-05,2.774212693795562,0.12636209221091121,-0.1250085684005171,0.6948794431518763,1.0
24117248,0.4392610073555261,1.7251136600971222,0.001313356301920976,0.434477953473106,2.9795253574848175,0.0036918751807206718,0.041238524252548814,0.9791301162913442,-0.687361853197217,-0.10891522199381143,0.7651628218591213,-1.249422105960548,0.6996347045060247,,,,,,,,,,,,,,,,,
24117248,,,,,,,,,,,,,,0.43954052217304707,1.7939065881073475,0.001313356301920976,0.4357252842746675,2.9993941243737936,0.0036918751807206718,4.9763829708099365,62.0502927005291,6.600164011860699e-05,10.802119217813015,77.3337494134903,8.920089791164543e-05,2.758290810510516,0.1264293587883003,-0.12501069880090654,0.8769985141698271,1.0
24248320,0.441334146540612,1.746422290802002,0.0014985306788730668,0.4277825315948576,3.0614059939980507,0.0034859661191148916,0.032963419071165845,1.0754904155619442,-0.7648135393392295,-0.10772422119043767,0.7388927550055087,-1.2005998278036714,0.7263521919958293,,,,,,,,,,,,,,,,,
24248320,,,,,,,,,,,,,,0.4416544351261109,1.8049312680959702,0.0014985306788730668,0.42918331176042557,3.099563241004944,0.0034859661191148916,4.706192925572395,68.59534388780594,8.477759208469493e-05,10.807239957153797,74.48366758227348,9.038896025703735e-05,2.7569573372602463,0.12249367742333561,-0.12500489014200866,0.7388631843496114,1.0
24379392,0.44331645825877786,1.7651480957865715,0.0013573813072298435,0.4285672283731401,3.070609722286463,0.003555298781066085,0.02518391265766695,1.072085174266249,-0.6914193956181407,-0.1048228107392788,0.7569071124307811,-1.2388358558528125,0.7074641810031608,,,,,,,,,,,,,,,,,
24379392,,,,,,,,,,,,,,0.44365451065823436,1.835348247550428,0.0013573813072298435,0.4298993132542819,3.1143408585339785,0.003555298781066085,4.518558211624622,68.11292007565498,7.654556673486468e-05,10.74510034173727,76.32072222232819,9.115754706745527e-05,2.7925197426229715,0.12052299617789686,-0.12501454423181713,0.7799853920005262,1.0
24510464,0.44389811158180237,1.8504960257560015,0.0012328508040582165,0.4246080827433616,3.023093618452549,0.003184417203783596,0.017673652408120688,0.9457245622761548,-0.8898204988799989,-0.10195652634138241,0.7631839979439974,-1.220225612167269,0.7306844694539905,,,,,,,,,,,,,,,,,
24510464,,,,,,,,,,,,,,0.4442291264422238,1.9220863757655025,0.0012328508040582165,0.4257876952178776,3.044920191168785,0.003184417203783596,4.228679362684488,63.268812477588654,6.537801145922728e-05,10.652331858873367,75.46887740492821,8.84582249174315e-05,2.769388033077121,0.12113537982804701,-0.1250070002861321,0.8263728418387473,1.0
24641536,0.44341040309518576,1.9634375516325235,0.0013269404007587582,0.4289317599032074,2.9981473088264465,0.003311715109703073,0.020343390060588717,0.9588511185720563,-0.7852879213169217,-0.10840910725528374,0.8101444658823311,-1.1751694693230093,0.7469262301456183,,,,,,,,,,,,,,,,,
24641536,,,,,,,,,,,,,,0.44377939752303064,2.0970699191093445,0.0013269404007587582,0.4300167092587799,3.003333142027259,0.003311715109703073,4.406664036214352,60.52243050932884,7.119901212837565e-05,10.87978771328926,73.65308567881584,8.635344683938229e-05,2.7227957397699356,0.12157913408009335,-0.12500601052306592,1.072095642099157,1.0
24772608,0.44456595135852695,1.8625818584114313,0.0013088860227981058,0.4265309835318476,2.999179979786277,0.0038491042296300293,0.015183409966994077,1.0483210836537182,-0.9102943588513881,-0.10743869945872575,0.7826146222651005,-1.2109102420508862,0.7216482195071876,,,,,,,,,,,,,,,,,
24772608,,,,,,,,,,,,,,0.44490226195193827,1.960212241858244,0.0013088860227981058,0.42766392906196415,3.0354752521961927,0.0038491042296300293,4.242179008200765,71.19139683246613,6.48533221498937e-05,10.814020596444607,75.64105144143105,8.960135282931603e-05,2.7738968674093485,0.1176659319899045,-0.12501097773201764,0.9433855903334916,1.0
24903680,0.44424897502176464,1.7855940628796816,0.0010765827034902031,0.420513978227973,3.0036310087889433,0.003578461217784934,0.0198754578595981,1.0091794719919562,-0.8227218622341752,-0.11423709546215832,0.734277967363596,-1.201182565651834,0.7454822957515717,,,,,,,,,,,,,,,,,
24903680,,,,,,,,,,,,,,0.4445145695935935,1.8622158076614141,0.0010765827034902031,0.42152277240529656,3.0204329527914524,0.003578461217784934,4.18399808742106,65.75805577635765,7.025224981815903e-05,10.93145652860403,74.66674643754959,6.836086050121537e-05,2.800083352252841,0.11534486874006689,-0.1250056887511164,0.858876942191273,1.0
25034752,0.4420959330163896,1.7793581411242485,0.000837563214417969,0.4176765561569482,3.045058576390147,0.0032817985261317517,0.026222131302347407,0.9587130500003695,-0.7625223910436034,-0.11705557361710817,0.7312998184934258,-1.1900024423375726,0.7294669654220343,,,,,,,,,,,,,,,,,
25034752,,,,,,,,,,,,,,0.4423326291143894,1.8340206844732165,0.000837563214417969,0.4187491526827216,3.0556424725800753,0.0032817985261317517,4.123886762186885,62.75915861129761,5.982506060453474e-05,11.073461942374706,73.65721121430397,9.21319185209768e-05,2.810752857476473,0.11662129237083718,-0.12500203168019652,0.8621016736142337,1.0
25165824,0.43981912871822715,1.789664637297392,0.0008977528912055277,0.4145971927791834,3.0838441513478756,0.0033328865056319046,0.02709526264516171,0.9827380524948239,-0.6554393987171352,-0.12217851809691638,0.757646637968719,-1.2034232839941978,0.7532554434146732,,,,,,,,,,,,,,,,,
25165824,,,,,,,,,,,,,,0.4400890711694956,1.8324434757232666,0.0008977528912055277,0.4157054699026048,3.118178077042103,0.0033328865056319046,4.080439914017916,61.11703070998192,7.927017292197469e-05,11.16634825617075,74.60955318808556,8.869407667910778e-05,2.827236322686076,0.11409507755888626,-0.12500246660783887,0.7676512934267521,1.0
25296896,0.44690601085312665,1.8695631204172969,0.0009797347477160656,0.4212345937266946,3.0907340962439775,0.0032694388041818456,0.019904224493075162,1.025986298918724,-0.7679723897017539,-0.11395042843651026,0.7609745683148503,-1.166394043713808,0.7672914140857756,,,,,,,,,,,,,,,,,
25296896,,,,,,,,,,,,,,0.44720533839426935,1.9482764853164554,0.0009797347477160656,0.42235670634545386,3.1090577635914087,0.0032694388041818456,3.9959808755666018,65.29178741574287,5.6479942561971086e-05,10.93721154332161,72.74139615893364,7.21862783374938e-05,2.8008613735437393,0.11473795893834904,-0.12500224192626774,0.8270349940285087,1.0
25427968,0.44298865646123886,1.7678586663678288,0.0011236039395043917,0.42147471522912383,2.9690088368952274,0.0029298679353360058,0.018083415016008075,1.018067673780024,-0.68377755722031,-0.12144489493221045,0.7475646096281707,-1.2157515767030418,0.753823084756732,,,,,,,,,,,,,,,,,
25427968,,,,,,,,,,,,,,0.4432508556637913,1.8224902311339974,0.0011236039395043917,0.4225436421111226,2.98856951110065,0.0029298679353360058,4.174429541453719,62.958385437726974,6.014893955685885e-05,11.236623130738735,75.84139063954353,7.360665861089188e-05,2.8045707270503044,0.11572397715644911,-0.12500483659096062,0.7683734092861414,1.0
25559040,0.4475039024837315,1.8208450935781002,0.0011526590217272314,0.4171162899583578,3.0002244245260954,0.003080205104652123,0.013362705485633342,0.9998013051226735,-0.7046289083082229,-0.11354969220701605,0.7581489854492247,-1.1979909748770297,0.7238770769909024,,,,,,,,,,,,,,,,,
25559040,,,,,,,,,,,,,,0.44778919126838446,1.8725048080086708,0.0011526590217272314,0.4182126394007355,3.026540718972683,0.003080205104652123,4.166782703250647,61.41310656070709,6.659299168543242e-05,10.999106086790562,74.45741015672684,6.006228685873083e-05,2.8088449761271477,0.11532300797989592,-0.12500463286414742,0.8148562414571643,1.0
25690112,0.4507845565676689,1.826204146258533,0.0009994569289801802,0.4251234191469848,3.116013027727604,0.002813571902606782,0.008951605299444054,0.9574708980508149,-0.785687422612682,-0.11862263805232942,0.7532852441072464,-1.1794312368147075,0.7537833848036826,,,,,,,,,,,,,,,,,
25690112,,,,,,,,,,,,,,0.45104532432742417,1.882009712047875,0.0009994569289801802,0.4261908791959286,3.125801457092166,0.002813571902606782,4.118801161646843,60.26530793309212,6.345023785270243e-05,11.240490511059761,73.09233286976814,8.237368631802688e-05,2.769416034221649,0.11730599397560582,-0.12500264775007963,0.7677756431512535,1.0
25821184,0.4544411029201001,1.9789527943357825,0.0012118214956444717,0.4258587865624577,3.028622891753912,0.002966825342127777,0.010232678221655078,0.9297284013591707,-0.9193469490855932,-0.11740264180116355,0.7750997599214315,-1.2186653022654355,0.7388267205096781,,,,,,,,,,,,,,,,,
25821184,,,,,,,,,,,,,,0.4547973955050111,2.0812550419941545,0.0012118214956444717,0.4270684525836259,3.0695232320576906,0.002966825342127777,3.8736507557332516,63.92122668027878,5.639482576569321e-05,11.337191328406334,76.2548922598362,7.047897032097517e-05,2.7762110829353333,0.11772271781228483,-0.12500943639315665,1.0054903652053326,1.0
25952256,0.4545450112782419,1.8163669975474477,0.0010363911098920653,0.4235110692679882,3.031558344140649,0.0029347048571253254,0.007663697208499798,0.9145406587049365,-1.0490803876891732,-0.12777867569820955,0.7275879150256515,-1.2276304475963116,0.7365293628536165,,,,,,,,,,,,,,,,,
25952256,,,,,,,,,,,,,,0.45484977471642196,1.9044830612838268,0.0010363911098920653,0.42464982718229294,3.036754570901394,0.0029347048571253254,3.8284193724393845,68.9819752573967,5.4416403484580655e-05,11.718782894313335,76.11625498533249,9.387053184972682e-05,2.7895264737308025,0.11677422671345994,-0.1250028375070542,0.8093067891895771,1.0
26083328,0.4495388411451131,1.6682819165289402,0.0011684223272823147,0.4257789282128215,3.0714095775038004,0.003300349361552435,0.01583318630218855,0.9518432733602822,-0.7650794361252338,-0.13337507750838995,0.7115345234051347,-1.242807352449745,0.7483394164592028,,,,,,,,,,,,,,,,,
26083328,,,,,,,,,,,,,,0.44979934860020876,1.710908344015479,0.0011684223272823147,0.4269086644053459,3.0841758772730827,0.003300349361552435,3.9000493735074997,62.58809721469879,7.041322362932867e-05,12.003017030656338,76.99306696653366,8.230119374541545e-05,2.7859372571110725,0.1153026288957335,-0.12501014536246657,0.6549630353692919,1.0
26214400,0.45034588500857353,1.787798784673214,0.0014192530286436522,0.42749378900043666,3.0557501912117004,0.003791359315982845,0.019974837079644203,0.9713032995350659,-0.8980550889391452,-0.14415492792613804,0.7444896623492241,-1.2277757260017097,0.7411108370870352,,,,,,,,,,,,,,,,,
26214400,,,,,,,,,,,,,,0.45065929228439927,1.870562057942152,0.0014192530286436522,0.4287143871188164,3.0890683084726334,0.003791359315982845,4.016029516234994,67.72097155451775,6.822310913401353e-05,12.225084155797958,75.61736848950386,7.621677952007744e-05,2.7568225879222155,0.1159592064213939,-0.1250050631351769,0.9595284995157272,1.0
26345472,0.44610816123895347,1.7963722264394164,0.0012632760392534692,0.4174672127701342,3.042184578254819,0.003535041836585151,0.02788828036864288,0.8763771560043097,-0.6405230162199587,-0.14064540236722678,0.7414116989821196,-1.210595146752894,0.7305434714071453,,,,,,,,,,,,,,,,,
26345472,,,,,,,,,,,,,,0.4464487179648131,1.8875541659072042,0.0012632760392534692,0.4185025517363101,3.0506468676030636,0.003535041836585151,3.946426175534725,57.69455677270889,6.583518162459577e-05,12.00188098847866,74.71831172704697,8.23965234248436e-05,2.7884837333112955,0.11526928562670946,-0.12500722822733223,0.9795695191714913,1.0
26476544,0.42821518634445965,2.0558680780231953,0.0005626866970374067,0.39993363921530545,2.9922340009361506,0.0017077202700761518,0.05188582788105123,0.9412243431434035,-0.6017284484114498,-0.13768505887128413,0.7864898713305593,-1.1844599139876664,0.7417097366414964,,,,,,,,,,,,,,,,,
26476544,,,,,,,,,,,,,,0.465433895183974,1.673890046820224,0.004659143396319373,0.37677058458597545,2.892473093851144,0.002514135559390908,3.476180157251095,51.86290128241821,5.376822764594248e-05,11.733600895123905,68.08039233351059,7.329907364647102e-05,2.891526965850807,0.10082466123311455,-0.12476367831050632,0.6504471025104264,1.0
26607616,0.42314655566588044,1.9459237726405263,0.0007278309943785644,0.4003186095505953,3.001072408631444,0.00215419036021558,0.04868629892007448,0.8690394591540098,-0.6683727828785777,-0.13320573000237346,0.7664505764842033,-1.202588411513716,0.7166739329695702,,,,,,,,,,,,,,,,,
26607616,,,,,,,,,,,,,,0.42351733008399606,2.0644841277971864,0.0007278309943785644,0.4013064303435385,3.008592566475272,0.00215419036021558,4.301096320152283,58.84092062711716,5.9944769089437244e-05,11.656980782747269,75.10283690690994,9.059267023747708e-05,2.806075783446431,0.11059930466581136,-0.12500920868478715,0.991979296784848,1.0
26738688,0.4375041804742068,1.958630982786417,0.0012817018979944805,0.40931894863024354,3.000331323593855,0.003061380194139929,0.03935068171995226,0.930433951318264,-0.7260962473228574,-0.11757151130586863,0.7839033859781921,-1.1992560313083231,0.7468005465343595,,,,,,,,,,,,,,,,,
26738688,,,,,,,,,,,,,,0.4378923822659999,2.081119328737259,0.0012817018979944805,0.4103914895094931,3.0253345891833305,0.003061380194139929,3.9816931318491697,60.29266229271889,6.60355032233717e-05,11.275756016373634,74.69015699625015,8.291449683994756e-05,2.799012741073966,0.11069917381973937,-0.12500946805812418,0.9130965450312942,1.0
26869760,0.43707169382832944,1.8479458149522543,0.0014075324952500523,0.4116642593871802,3.0055219624191523,0.003396294101548847,0.03282533497258555,1.0691413069143891,-0.8344377952162176,-0.11915801832219586,0.7690009502694011,-1.2086787726730108,0.7320830565877259,,,,,,,,,,,,,,,,,
26869760,,,,,,,,,,,,,,0.4373698777053505,1.9012276083230972,0.0014075324952500523,0.41287309653125703,3.030403269454837,0.003396294101548847,3.874559350311756,65.89207264780998,7.158586568856151e-05,11.284166283905506,74.83164396882057,8.305272208453118e-05,2.816836455836892,0.11320334573974833,-0.12501115794293582,0.7725247989874333,1.0
27000832,0.4454558512661606,1.7200936181470752,0.0012908843111745227,0.4177297779824585,3.018071109429002,0.003103484665416545,0.018764891356113367,0.9383729086257517,-0.7821690351702273,-0.10058999503962696,0.7392766992561519,-1.1950757731683552,0.7406112719327211,,,,,,,,,,,,,,,,,
27000832,,,,,,,,,,,,,,0.44572316599078476,1.7766043664887547,0.0012908843111745227,0.418890516506508,3.027392281219363,0.003103484665416545,3.5723514053970575,63.46937704086304,6.682154085108083e-05,10.74546504020691,74.01750046014786,7.958195420854075e-05,2.8276136480271816,0.11617607664084062,-0.1250094110146165,0.7349600146990269,1.0
27131904,0.4424142073839903,1.8730518715456128,0.001333703768068517,0.41381784505210817,2.9992358088493347,0.003247853539960488,0.011477234262201819,0.8234466663561761,-0.7335655025672168,-0.09365404059644789,0.7466997737064958,-1.2130795023404062,0.7190655954182148,,,,,,,,,,,,,,,,,
27131904,,,,,,,,,,,,,,0.4427420161664486,1.94663209002465,0.001333703768068517,0.4150009530130774,3.0324396081268787,0.003247853539960488,3.5522143747657537,53.59535971283913,5.97949835390299e-05,10.574173539876938,75.38784629106522,8.28052676317137e-05,2.8236879780888557,0.1160784843377769,-0.12501974077895284,0.8789698563050479,1.0
27262976,0.44848380773328245,1.9149171775206923,0.0012823577701510658,0.4323034391272813,3.059576030820608,0.0034424221394147025,0.00546701733583177,0.8867356642149389,-0.8010315385181457,-0.0908132967306301,0.7890663496218622,-1.2127277227118611,0.736838263226673,,,,,,,,,,,,,,,,,
27262976,,,,,,,,,,,,,,0.44874542439356446,1.971934948116541,0.0012823577701510658,0.4333734819665551,3.0621268432587385,0.0034424221394147025,3.9145586397498846,59.26087549328804,6.428990178619642e-05,10.919371724128723,75.18934360146523,8.189975522032711e-05,2.810279807075858,0.11876544321421534,-0.12501596426591277,0.6101579999085516,1.0
27394048,0.44788996619172394,1.7792393285781145,0.0014346721955007524,0.4310204538051039,3.0358837991952896,0.003163407370720961,0.002423099319685207,0.8384875995106995,-0.6851043398492038,-0.09754598751896992,0.7351647494360805,-1.2167483759112656,0.7132030446082354,,,,,,,,,,,,,,,,,
27394048,,,,,,,,,,,,,,0.44816482020542026,1.8363567246124148,0.0014346721955007524,0.4321165394503623,3.0468835588544607,0.003163407370720961,3.84222499653697,57.9209241271019,7.203787377085824e-05,10.983292534947395,75.56757190823555,9.925338223037983e-05,2.794487277045846,0.11928178556263447,-0.1250100452452898,0.9384667007252574,1.0
27525120,0.4533307873643935,1.8034218344837427,0.0012623999866718805,0.4313533620443195,3.0119184348732233,0.003108848773081263,-0.0016737540289497588,0.8647770504467189,-0.6805869441013783,-0.09683164511807263,0.744779440574348,-1.2130458480678499,0.7475305560510606,,,,,,,,,,,,,,,,,
27525120,,,,,,,,,,,,,,0.4535566777922213,1.832875563763082,0.0012623999866718805,0.43253826326690614,3.0247395280748606,0.003108848773081263,3.863527864217758,57.0407260209322,6.699782718588843e-05,11.135560162365437,74.97642225027084,8.123646214219793e-05,2.8082006815820932,0.11992909497348592,-0.1250083721242845,0.7176347796339542,1.0
27656192,0.45109311351552606,1.8490094281733036,0.001253629587836258,0.4247002322226763,3.0222421679645777,0.003541348848330017,-0.0017324239799663133,0.812965480145067,-0.7735315954778343,-0.10371917032171041,0.7586850929073989,-1.254805198404938,0.7451406461186707,,,,,,,,,,,,,,,,,
27656192,,,,,,,,,,,,,,0.45135864266194403,1.9185188403353095,0.001253629587836258,0.42582264891825616,3.0382247921079397,0.003541348848330017,3.817307272925973,55.73574149608612,5.700310808842701e-05,11.027673535048962,77.55159109830856,8.585189355958533e-05,2.781906997784972,0.11713146831607446,-0.12501924252137542,0.8160861704964191,1.0
27787264,0.4505506786517799,1.850139943882823,0.0011224377110465866,0.4191064350306988,3.0177735444158316,0.003005868883974472,-0.0010291199241692084,0.8711751075461507,-0.6912888973020017,-0.10956418846035376,0.7422745786607265,-1.2041696193628013,0.7450229674577713,,,,,,,,,,,,,,,,,
27787264,,,,,,,,,,,,,,0.45079525001347065,1.899651617743075,0.0011224377110465866,0.42003633896820247,3.0242863930761814,0.003005868883974472,3.520186135545373,56.182359889149666,5.4072211257194525e-05,10.943938061594963,73.98308998346329,7.751311376846814e-05,2.788829194381833,0.1137339779525064,-0.1250147419050336,0.7506181881763041,1.0
27918336,0.45008759177289903,1.8359445063397288,0.0012653578367007867,0.4167043357156217,3.0132592413574457,0.003293575061888987,0.006279562026904273,0.8007948696613312,-0.6967462841421366,-0.11662486696150154,0.7610517865978181,-1.211069589946419,0.7493167547509074,,,,,,,,,,,,,,,,,
27918336,,,,,,,,,,,,,,0.4502842496149242,1.8804538045078516,0.0012653578367007867,0.4177162286359817,3.028242714703083,0.003293575061888987,3.4569140300154686,54.81162951886654,5.5627256704035566e-05,11.270681291818619,74.48812144994736,8.416224288620988e-05,2.781388523057103,0.11291491275187582,-0.12501144548878074,0.7095426297746599,1.0
28049408,0.44824673258699477,1.8405038211494684,0.0012777946494679782,0.41870873840525746,2.99944082275033,0.0036643817061303707,0.01233989953470882,0.8417910747230053,-0.6528939127456397,-0.12073224096093327,0.7208608649671078,-1.1942097721621394,0.7390940738841891,,,,,,,,,,,,,,,,,
28049408,,,,,,,,,,,,,,0.4484770658891648,1.9000287940725684,0.0012777946494679782,0.41967502422630787,3.0151684042066336,0.0036643817061303707,3.5510853454470634,55.02368435263634,6.265030823265905e-05,11.457114048302174,73.5079625248909,8.330842953085948e-05,2.7968792505562305,0.11346360977040604,-0.12501653307117522,0.803198360837996,1.0
28180480,0.44992067106068134,1.8000106438994408,0.0011717183441533052,0.42453533317893744,3.056053474545479,0.0033000970906869043,0.017073711176635697,0.9603873770684004,-0.6211078076157719,-0.11455860978458077,0.7538857241161168,-1.2368437564000487,0.730325672775507,,,,,,,,,,,,,,,,,
28180480,,,,,,,,,,,,,,0.45018384838476777,1.857836902141571,0.0011717183441533052,0.425622524227947,3.0863181203603745,0.0033000970906869043,3.6709297616034746,59.79535645246506,5.991348245659722e-05,11.426198340952396,76.63377720117569,8.147472636732545e-05,2.7769577857106924,0.11252265411894768,-0.12501245457679033,0.8098364898469299,1.0
28311552,0.44911341136321425,1.9220355274155736,0.0009023708407767117,0.4154373330529779,2.943464308977127,0.0034924461983791844,0.026141292531974614,0.9335214411839843,-0.5692068811040372,-0.11762255011126399,0.7740145535208285,-1.1944465711712837,0.7371288351714611,,,,,,,,,,,,,,,,,
28311552,,,,,,,,,,,,,,0.44937324873171747,2.004495012573898,0.0009023708407767117,0.4163616436999291,2.9635908268392086,0.0034924461983791844,3.6853179559111595,56.86468946933746,6.819789437129131e-05,11.42184504121542,74.40318349003792,8.499366128589259e-05,2.7736367974430323,0.1129348871181719,-0.12500683963298798,0.8817659947089851,1.0
28442624,0.44579017465002835,1.935132416896522,0.0009107301338531215,0.4160772853065282,3.0678006298840046,0.003333949402531289,0.022592794688534923,0.833442194852978,-0.6104956155177206,-0.12627354689175263,0.7700888570398092,-1.2461873008869588,0.7322570052929223,,,,,,,,,,,,,,,,,
28442624,,,,,,,,,,,,,,0.4461100639309734,2.0455555450171232,0.0009107301338531215,0.4171203668229282,3.08291738294065,0.003333949402531289,3.5046249721199274,56.87419533729553,5.946895127539875e-05,11.665763892233372,76.97899815440178,8.225409004136708e-05,2.7951009534299374,0.11188220273470506,-0.12500872113741934,0.938049494754523,1.0
28573696,0.45337144285440445,1.7388471467420459,0.001629235343784785,0.42428932152688503,3.0065439883619547,0.003680094900119002,0.0216833684098674,0.8571302518248558,-0.6684191636741161,-0.11590743373380974,0.7276772591285408,-1.246941921301186,0.7237304584123194,,,,,,,,,,,,,,,,,
28573696,,,,,,,,,,,,,,0.4535405645146966,1.7650918485596776,0.001629235343784785,0.42529373429715633,3.0128818973898888,0.003680094900119002,3.767020683735609,58.04026001691818,6.469823775007155e-05,11.431500010192394,76.35481864213943,9.664218267513291e-05,2.7834571711719036,0.11498651577858254,-0.12501209252513945,0.7429401769768447,1.0
28704768,0.4620743412524462,1.8622998110949993,0.0016269641566850623,0.42814976908266544,3.031346345320344,0.0036216332100593718,0.01870889531710418,0.9464153829030693,-0.6724960457067937,-0.1096146926865913,0.7629978666082025,-1.2313871886581182,0.7430891380645335,,,,,,,,,,,,,,,,,
28704768,,,,,,,,,,,,,,0.46235192753374577,1.9368578540161252,0.0016269641566850623,0.4293420258909464,3.050962219014764,0.0036216332100593718,3.769942982122302,59.071509689092636,7.013586027238006e-05,11.171529665589333,76.29083132743835,7.799765297411554e-05,2.822338841855526,0.11528332938905805,-0.12500870251096785,0.7292426167987287,1.0
28835840,0.45568601158447564,1.7426394084468484,0.0015833831680538424,0.42775418725796044,3.008515862748027,0.0037445827401825227,0.016598331822024193,0.8342624460346997,-0.8012188132852316,-0.10746262484462932,0.7209823657758534,-1.1878791190683842,0.7139128944836557,,,,,,,,,,,,,,,,,
28835840,,,,,,,,,,,,,,0.45595063851214945,1.8025786709040403,0.0015833831680538424,0.42868673452176154,3.0187266543507576,0.0037445827401825227,3.8708544988185167,56.55715203285217,5.905673806072542e-05,10.955909438431263,73.21107426285744,8.546902844897009e-05,2.8083039857447147,0.1155778878601268,-0.12500977306626737,0.8386063177604228,1.0
28966912,0.45358277577906847,1.8751984294503927,0.0018317961213369927,0.4310862978454679,3.0478034149855375,0.003804186205343285,0.023720238699752372,0.9410184575244784,-0.6628187317401171,-0.1149969938560389,0.7523738169111311,-1.212370474357158,0.7236157800070941,,,,,,,,,,,,,,,,,
28966912,,,,,,,,,,,,,,0.4538860274478793,1.9767352994531393,0.0018317961213369927,0.4321384255308658,3.0614068023860455,0.003804186205343285,4.150028137490153,58.880679935216904,7.105118989070291e-05,11.379821509122849,75.59277755022049,8.112819371675073e-05,2.810223640874028,0.1163425482227467,-0.1250073006376624,0.9462519916705787,1.0
29097984,0.4485483125317842,1.6598074464127421,0.001412514757248573,0.4227492418140173,3.0725041143596172,0.003170221077084534,0.030869488007738255,0.8960763709619641,-0.7441035576630384,-0.12573233852162957,0.6849868763238192,-1.1962930555455387,0.7264595301821828,,,,,,,,,,,,,,,,,
29097984,,,,,,,,,,,,,,0.5087174589420298,1.6890309238469745,0.004915514940273487,0.4014162455169282,2.900042379140315,0.0034832926210539706,3.1331151402366055,50.62876465133425,5.851282174550884e-05,11.035924262719941,68.75276949090592,7.202941321409034e-05,2.8856623982449614,0.10607796836173139,-0.12476870776659035,0.645803651065532,1.0
29229056,0.44997747289016843,1.8594991574063897,0.00199008334550399,0.43012014869600534,3.098550084978342,0.004486215208999056,0.03074540157103911,0.93748564645648,-0.8060902170836926,-0.12560910679167137,0.7498670406639576,-1.2385224644094706,0.7337391632609069,,,,,,,,,,,,,,,,,
29229056,,,,,,,,,,,,,,0.45025723008438945,1.9294662773609161,0.00199008334550399,0.43122120294719934,3.1013194993138313,0.004486215208999056,4.269529085606337,61.882482439279556,7.470672094056496e-05,11.551726900041103,76.46223422884941,8.636587549637476e-05,2.7964165341109037,0.11902090074727312,-0.12500717607326806,0.9012021394446492,1.0
29360128,0.45772511791437864,1.6961707537993789,0.0019247929340053815,0.44147121463902295,3.1458606254309416,0.0040577940199000295,0.027549848840862978,0.942335560452193,-0.7734818102326244,-0.12108248908771202,0.710964435711503,-1.2315753251314163,0.7217632671818137,,,,,,,,,,,,,,,,,
29360128,,,,,,,,,,,,,,0.4579749230761081,1.7237678598612547,0.0019247929340053815,0.44267113925889134,3.169462701305747,0.0040577940199000295,4.347339332103729,61.956826597452164,8.486897771486923e-05,11.644737727940083,76.26847293972969,8.835685224350964e-05,2.7580514308065176,0.11984157573897392,-0.12501199473626912,0.7696473493706435,1.0
29491200,0.45877056010067463,1.7584689371287823,0.0014989592143592745,0.4323392999358475,3.098806982859969,0.0037587587607958994,0.019785306460107677,0.9149313131347299,-0.6164265701081604,-0.11739542975556105,0.7472496940754354,-1.2183496388606727,0.7033908418379724,,,,,,,,,,,,,,,,,
29491200,,,,,,,,,,,,,,0.4590628296136856,1.8162463065236807,0.0014989592143592745,0.4332990220282227,3.110458206385374,0.0037587587607958994,4.005407560616732,59.193949818611145,6.508723439746511e-05,11.430194236338139,75.25443255901337,9.98762629587091e-05,2.7722837552428246,0.11750239395769313,-0.12501982715912163,0.7306766211986542,1.0
29622272,0.4656038854736835,1.8260821904987097,0.0015542019928034279,0.4393173158168793,3.0990812834352255,0.004179507970093255,0.01723919932555873,0.8262968920171261,-0.6543525208253413,-0.1214904593070969,0.7574905399233103,-1.2362781167030334,0.760191700886935,,,,,,,,,,,,,,,,,
29622272,,,,,,,,,,,,,,0.46592456684447825,1.9171423884108663,0.0015542019928034279,0.44050226965919137,3.1141002140939236,0.004179507970093255,4.056547578424215,54.519775688648224,6.0985739598784505e-05,11.669433489441872,76.4949417412281,6.924422453957746e-05,2.7472451608628035,0.11679109401302412,-0.1250048119109124,0.933922171825543,1.0
29753344,0.4630844423081726,1.9747598096728325,0.0012765855493626077,0.4286857829429209,3.0839589554816484,0.003456269813113977,0.015799597516888753,0.9523273846134543,-0.7628596948925406,-0.12324853730387986,0.770375709515065,-1.2260873652994633,0.7622276260517538,,,,,,,,,,,,,,,,,
29753344,,,,,,,,,,,,,,0.4634191677905619,2.0774563373997808,0.0012765855493626077,0.4297993432264775,3.0979832224547863,0.003456269813113977,3.8444704413414,62.73500818014145,6.408231052218438e-05,11.649866446852684,76.087567538023,8.528059695911416e-05,2.761135973036289,0.11641967267496511,-0.12501185783185065,0.9478230534587055,1.0
29884416,0.4624890680424869,1.7782789431512356,0.0016921896671533432,0.4376165373250842,3.0634960550814867,0.004207274133932515,0.008798331191428588,0.8964017108082771,-0.8764292076230049,-0.11651436978718266,0.7648305371403694,-1.247879239730537,0.7152075353078544,,,,,,,,,,,,,,,,,
29884416,,,,,,,,,,,,,,0.4627048899419606,1.8159243492409587,0.0016921896671533432,0.4386341189965606,3.078216642141342,0.004207274133932515,4.0247164107859135,63.615135818719864,6.664608558315521e-05,11.465752743184566,77.21847754716873,9.78753126883447e-05,2.7541027795523405,0.11436388833681121,-0.1250099076423794,0.665085221407935,1.0
30015488,0.4628474782221019,1.744890259578824,0.0013762868271669504,0.4339383924379945,3.1185911763459444,0.0031921974375563877,0.002716182514632237,0.8698974866420031,-0.9497736478224397,-0.11860582634108141,0.6926574250683188,-1.2340476531535387,0.7410138677805662,,,,,,,,,,,,,,,,,
30015488,,,,,,,,,,,,,,0.4630802122410387,1.7880264930427074,0.0013762868271669504,0.43506538635119796,3.1242376565933228,0.0031921974375563877,4.0347733944654465,62.021096378564835,6.978262442913774e-05,11.424065873026848,76.4066770374775,7.999978685591103e-05,2.7796007078140974,0.1155271572060883,-0.12500975001603365,0.8820793991908431,1.0
30146560,0.46382997184991837,1.8013064321130514,0.0012913342209230905,0.43638637219555676,3.197484362870455,0.0032953274185274495,-0.0015190693847983994,0.7333425651304424,-0.8080126666463912,-0.11690291139530018,0.7341618477366865,-1.21713996399194,0.7357718371786177,,,,,,,,,,,,,,,,,
30146560,,,,,,,,,,,,,,0.46406597062014043,1.8445262107998133,0.0012913342209230905,0.43743834970518947,3.227976970374584,0.0032953274185274495,4.114131787791848,52.805768221616745,7.377456448021125e-05,11.490986935794353,75.57923027873039,7.326644943539407e-05,2.760191908106208,0.11709726648405194,-0.15580832003615797,0.7816919831093401,1.0
30277632,0.4640857030171901,1.8699706681072712,0.001446146625653455,0.4337483870331198,3.0815686509013176,0.0033569551301297906,-0.006288939506703173,0.848884710110724,-0.8618859241250902,-0.11912242305697873,0.7753259879536927,-1.2208583154715598,0.7519801850430667,,,,,,,,,,,,,,,,,
30277632,,,,,,,,,,,,,,0.46446258551441133,1.9767464399337769,0.001446146625653455,0.43488710443489254,3.100167267024517,0.0033569551301297906,3.985643047839403,61.336579859256744,7.55791476141146e-05,11.520283475518227,75.70866876840591,9.265621304667404e-05,2.7616909816861153,0.11516095930710435,-0.12501288438215852,0.9358998730313033,1.0
30408704,0.46600063727237284,1.8444809801876545,0.0013077317182705883,0.4362715198658407,3.143158972263336,0.003724602033798874,-0.006105432644915254,0.8815957405604422,-0.7989636941347271,-0.11924888100475073,0.7555593745782971,-1.2293156501837075,0.7516794390976429,,,,,,,,,,,,,,,,,
30408704,,,,,,,,,,,,,,0.46624127891846,1.901769527234137,0.0013077317182705883,0.4373197725508362,3.158058999106288,0.003724602033798874,4.009522957727313,61.12638363242149,6.870743045428451e-05,11.602018810808659,75.92187231779099,8.726687161209057e-05,2.769484905526042,0.11403886799234897,-0.12500622938387096,0.7384905042126775,1.0
30539776,0.459464791463688,1.7465429492294788,0.001408244062531594,0.4332109191454947,3.004392009228468,0.003610255545709151,-0.011080488140578382,0.7606914979405701,-0.684136018389836,-0.11700455576647073,0.7002740586176515,-1.2361382246017456,0.7595537626184523,,,,,,,,,,,,,,,,,
30539776,,,,,,,,,,,,,,0.4596506105735898,1.763371106237173,0.001408244062531594,0.43426643684506416,3.028381699696183,0.003610255545709151,3.977114649489522,52.82900309562683,6.082543189889211e-05,11.475396677851677,76.58775666356087,6.372171066004739e-05,2.7821506820619106,0.1160878412774764,-0.12500373017974198,0.5768901673145592,1.0
30670848,0.4633484510704875,1.9024618733674288,0.0010765543186721516,0.44044299400411546,3.046596711501479,0.0029922817097940424,-0.014920805333531462,0.865710349753499,-0.8713907161727548,-0.10485520062502474,0.8812094298191369,-1.215180010534823,0.7583477552980185,,,,,,,,,,,,,,,,,
30670848,,,,,,,,,,,,,,0.4636089054401964,1.981470838189125,0.0010765543186721516,0.44151990953832865,3.065666265785694,0.0029922817097940424,4.29613889940083,61.97181624174118,5.99782341725863e-05,11.152546152472496,75.63775807619095,8.344379821390024e-05,2.777855969965458,0.1185808582813479,-0.1250105951912701,0.8388680529315025,1.0
30801920,0.4646406597457826,1.7623739754781127,0.0011338996503127419,0.4384869912173599,3.076966628432274,0.003191864137988887,-0.01337702821183484,0.8107055765576661,-0.811122755985707,-0.10492339223856106,0.7697760974988341,-1.2123144720681012,0.73321603378281,,,,,,,,,,,,,,,,,
30801920,,,,,,,,,,,,,,0.4648718365933746,1.812963499687612,0.0011338996503127419,0.43954250030219555,3.1233226098120213,0.003191864137988887,4.265027306973934,57.086853951215744,6.757621151198823e-05,11.06404609233141,75.00538244843483,7.890042593272639e-05,2.8059497345238924,0.1171115639153868,-0.1250108894892037,0.8436448827851564,1.0
30932992,0.4655626742169261,1.6717452351003885,0.001173161183260163,0.4383122567087412,3.081728482618928,0.0034309332136217563,-0.008773696914431639,0.9709251262247562,-0.7623920813202858,-0.10313209932064638,0.7292059222236276,-1.2142035635188222,0.7568005160428584,,,,,,,,,,,,,,,,,
30932992,,,,,,,,,,,,,,0.46573927509598434,1.6988757643848658,0.001173161183260163,0.43923600879497826,3.084207020699978,0.0034309332136217563,4.340216852724552,60.07739570736885,6.594479743071702e-05,10.983276024460793,75.20983758568764,8.255784529653809e-05,2.7455242164433002,0.11746477737324312,-0.12501445482484996,0.7774156441446394,1.0
31064064,0.4590814830735326,1.9065930172801018,0.0009495098461229645,0.43402036326006055,3.0245574843138456,0.003283189024045896,-0.006344740955682937,0.7920448682270944,-0.9725288157351315,-0.10833046131301671,0.7738213902339339,-1.2182283690199256,0.7395500051788986,,,,,,,,,,,,,,,,,
31064064,,,,,,,,,,,,,,0.45941397338174284,2.0133956614881754,0.0009495098461229645,0.43505187053233385,3.0439469795674086,0.003283189024045896,4.172309521585703,60.284073889255524,6.269240803125076e-05,11.171671070158482,75.39853373169899,8.887053447503845e-05,2.7735817171633244,0.11760084540583193,-0.12500675325281918,0.9659536494873464,1.0
31195136,0.4671739807818085,1.876426232047379,0.0012325564273396594,0.43225459079258144,3.0023881774395704,0.0032797415055938473,-0.0005266166862014643,0.7256206362508237,-0.8943645134568214,-0.10817560268333182,0.7767345160245895,-1.2149910372681916,0.7474310337565839,,,,,,,,,,,,,,,,,
31195136,,,,,,,,,,,,,,0.4674928232561797,1.9753229981288314,0.0012325564273396594,0.4334133060183376,3.0280520524829626,0.0032797415055938473,4.016839796677232,56.42508238554001,5.830243905147192e-05,11.102715335786343,74.97754514217377,7.767339766595605e-05,2.7784658167511225,0.11574448592728004,-0.12500517768785357,0.9790530824102461,1.0
31326208,0.47313094697892666,1.8279213309288025,0.00139700815748256,0.4303282129112631,3.0351487919688225,0.004020855633825704,0.004739759108815633,0.8558648047037423,-0.7861192859709263,-0.10582794790389016,0.743199392221868,-1.2215721267275512,0.7676173546351492,,,,,,,,,,,,,,,,,
31326208,,,,,,,,,,,,,,0.473408856196329,1.9110943730920553,0.00139700815748256,0.4315865889657289,3.052932184189558,0.004020855633825704,3.952303232625127,55.82674676179886,5.8366335393245095e-05,10.968041270971298,76.02791818976402,7.917057571082964e-05,2.770125837996602,0.11399583012098446,-0.1250102820340544,0.8223335859365761,1.0
31457280,0.4690275024622679,1.814599622040987,0.0014970111351431115,0.4291592491790652,3.0475392173975706,0.004058614956193196,0.01781082270827028,0.8365572770126164,-0.7810544969979674,-0.11044658621540293,0.7313352120108902,-1.2218163353390992,0.7594452360644937,,,,,,,,,,,,,,,,,
31457280,,,,,,,,,,,,,,0.46932340087369084,1.8801184790208936,0.0014970111351431115,0.4302167023997754,3.057668574154377,0.004058614956193196,3.9259773902595043,55.54239147901535,6.887028702662334e-05,11.0543717071414,75.55258896946907,8.036613278505911e-05,2.7880208417773247,0.1125770399812609,-0.12500800006091595,0.7723714462481439,1.0
31588352,0.47138207708485425,1.7473015030846,0.001089045852381787,0.4283282454125583,3.0037348084151745,0.0033275814571425144,0.030681037649628706,1.0262974528595805,-0.6826868529897183,-0.11018611711915582,0.7519164951518178,-1.227097581140697,0.7581638232804835,,,,,,,,,,,,,,,,,
31588352,,,,,,,,,,,,,,0.4716088520362973,1.7841161824762821,0.001089045852381787,0.42941140034236014,3.025255687534809,0.0033275814571425144,4.126595918089151,63.52221441268921,7.066051868021006e-05,11.17775659263134,76.54481101036072,8.179401241159567e-05,2.785066546872258,0.1123238323489204,-0.12500760494731367,0.740123147610575,1.0
31719424,0.4555150121450424,1.555709719657898,0.000895326113493411,0.4209483591839671,3.0615849923342466,0.002915205625413364,0.049965052283369005,0.9234375967644155,-0.5727617389056832,-0.11769107775762677,0.6931267557665706,-1.2042605825699866,0.734985277056694,,,,,,,,,,,,,,,,,
31719424,,,,,,,,,,,,,,0.5160087857799358,1.72119012672499,0.004950081117354204,0.405206474481173,2.9251754625913606,0.003243181754310555,3.4979011281133987,48.01055317882628,5.5958257783845e-05,10.78842308649552,69.23930071168635,7.184450784544204e-05,2.862137585519308,0.10446083561814648,-0.12476790496653103,0.7128499700317541,1.0
31850496,0.45116200228221714,1.7306347331032157,0.0011205387044128656,0.42566527146846056,3.0322499070316553,0.0031067260911186168,0.055278530169744045,1.0398921412415802,-0.5737931495532393,-0.12107405409915373,0.7147818421944976,-1.2292982498183846,0.7379349328111857,,,,,,,,,,,,,,,,,
31850496,,,,,,,,,,,,,,0.4514300359878689,1.8078451342880726,0.0011205387044128656,0.4266687436029315,3.0421695802360773,0.0031067260911186168,4.818450599908829,63.47004720568657,6.0242171258731436e-05,11.1457654312253,75.93712157011032,9.332397462191722e-05,2.78175987675786,0.11493909318232909,-0.12500509712845087,0.8836284286808223,1.0
31981568,0.45541578345000744,1.7931665210053325,0.0011839691214845516,0.42935901298187673,3.075326358899474,0.0037853723838452424,0.0532574400131125,1.0916539900936186,-0.542243100469932,-0.12183033704059198,0.7661474910564721,-1.2088084244169295,0.7305939998477697,,,,,,,,,,,,,,,,,
31981568,,,,,,,,,,,,,,0.4557432192377746,1.8647090401500463,0.0011839691214845516,0.430562260793522,3.0933006517589092,0.0037853723838452424,4.836343716830015,65.50477400422096,6.131481553328655e-05,11.22220504283905,75.25629949569702,8.208242492724338e-05,2.757068896666169,0.11506383528467268,-0.12501637125387788,0.8069174520205706,1.0
32112640,0.461273672292009,1.7186696007847786,0.0013477270856583345,0.43239946104586124,3.0637517534196377,0.003960097819799557,0.04329398684785701,0.9774119923822582,-0.7275094243232161,-0.11969212850090116,0.72186647541821,-1.2106505730189383,0.7644821146968752,,,,,,,,,,,,,,,,,
32112640,,,,,,,,,,,,,,0.46153327403590083,1.7750998605042696,0.0013477270856583345,0.4335894228424877,3.084913231432438,0.003960097819799557,4.4761431738734245,62.93285122513771,6.254652821202633e-05,11.37552585452795,75.06884282827377,7.054105612613881e-05,2.76777283847332,0.11504376033553854,-0.1250023425091058,0.8720496213063598,1.0
32243712,0.46041705436073244,1.7858462845906615,0.0016909048033539875,0.42825767840258777,3.061085782945156,0.004097168230600801,0.032125934143550694,0.9473449136130512,-0.7108861268498003,-0.1194623087067157,0.766405466478318,-1.263354382943362,0.7509874878451228,,,,,,,,,,,,,,,,,
32243712,,,,,,,,,,,,,,0.46069283480755985,1.8784292759373784,0.0016909048033539875,0.4293471397832036,3.065257791429758,0.004097168230600801,4.179284270852804,59.86244586110115,5.350102646617394e-05,11.335177272558212,76.08071586489677,7.480534676407302e-05,2.7864822521805763,0.11563282320275903,-0.12501109391450882,0.8899733787402511,1.0
32374784,0.46847419044934213,1.9465921679511666,0.0020487432030336095,0.4326265861745924,3.022690985351801,0.0043639481818900094,0.024129347933921963,0.8941552420146763,-0.6019250561948866,-0.11227912438334897,0.8188380892388523,-1.2185238916426897,0.7564255860634148,,,,,,,,,,,,,,,,,
32374784,,,,,,,,,,,,,,0.4687903269659728,2.0716480556875467,0.0020487432030336095,0.4336947975680232,3.0348535049706697,0.0043639481818900094,3.8710852805525064,56.79145219922066,6.82856984575847e-05,11.189471386373043,75.69061797857285,7.62587151679206e-05,2.8074293807148933,0.1145768755231984,-0.12500739004462957,0.9080889741890132,1.0
32505856,0.4672917639836669,1.8772189943119884,0.001629103858022063,0.42813528212718666,3.0601862091571093,0.0035503073045219935,0.01678536231338512,0.9178053066134453,-0.6699903081171215,-0.11223939206684008,0.7585934982635081,-1.214314317330718,0.7570883459411561,,,,,,,,,,,,,,,,,
32505856,,,,,,,,,,,,,,0.4675840206909925,1.969176265411079,0.001629103858022063,0.4292151741683483,3.0660201478749514,0.0035503073045219935,3.76604444347322,56.90256476402283,6.133814451692032e-05,11.191460102796555,75.07734662294388,8.32961843335589e-05,2.7879701163619757,0.11551523912930861,-0.12500670668669045,0.8242892562411726,1.0
32636928,0.4721873465459794,1.919319136068225,0.0014713042772882545,0.43518857192248106,3.085485268384218,0.003462036923338019,0.014370593587955227,0.8047844567336142,-0.7911248933523893,-0.10914157144725323,0.7682653423398733,-1.2304081190377474,0.763605272397399,,,,,,,,,,,,,,,,,
32636928,,,,,,,,,,,,,,0.4725229584146291,2.0290438514202833,0.0014713042772882545,0.43621188891120255,3.092404695227742,0.003462036923338019,3.8474775347858667,55.22018092870712,7.055033810532407e-05,11.252060554921627,75.59651899337769,8.224108595022983e-05,2.782028466463089,0.11583943694131449,-0.12499765446409583,0.9712726182769984,1.0
32768000,0.48008412518538535,1.7742219204083085,0.0015867755055296584,0.43527786573395133,3.0422364976257086,0.0037804050334671047,0.01646033292490756,0.9544502198696136,-0.6207005067262799,-0.10641806811327115,0.7358797760680318,-1.2158847698010504,0.7398806777782738,,,,,,,,,,,,,,,,,
32768000,,,,,,,,,,,,,,0.4803376696072519,1.8428558195009828,0.0015867755055296584,0.4364384040236473,3.063177105039358,0.0037804050334671047,3.834763538092375,59.32826840877533,7.05412855988019e-05,11.181790016591549,75.67550483345985,9.951143943924545e-05,2.796898391097784,0.11513684189412743,-0.12499931105412543,0.9159152235370129,1.0
32899072,0.47778862807899714,1.7349126478657126,0.0014934577777694358,0.4426050093024969,3.0995006188750267,0.0038603860825787706,0.022577251271286514,0.8677567234262824,-0.640932563925162,-0.10613976896274835,0.7545562898740172,-1.228683553636074,0.7311237875837833,,,,,,,,,,,,,,,,,
32899072,,,,,,,,,,,,,,0.4780348700005561,1.8324654269963503,0.0014934577777694358,0.4436253730673343,3.114391988143325,0.0038603860825787706,4.156551407650113,54.15975260734558,7.504419552439856e-05,11.117011032998562,76.61307761073112,0.00010227032030046823,2.7852473445236683,0.11691239126957953,-0.12500098394230008,1.0452748648822308,1.0
33030144,0.4765348935034126,1.9840829633176327,0.0013734871836277307,0.43916062894277275,3.117911860346794,0.003787967282733007,0.02577504244982265,1.0482488279230893,-0.6577548400964588,-0.10392042604507878,0.8134112907573581,-1.2255821810103953,0.732216399628669,,,,,,,,,,,,,,,,,
33030144,,,,,,,,,,,,,,0.47692307573743165,2.1592478584498167,0.0013734871836277307,0.4404691925738007,3.1401230432093143,0.003787967282733007,4.2654967326670885,65.37830060720444,6.33487237874375e-05,10.985948137938976,76.3701500594616,9.318625313792239e-05,2.7951842341572046,0.11729124881094322,-0.12500700959935784,1.0478217280469835,1.0
33161216,0.4733276963233948,1.824559778906405,0.001626119954380556,0.43844584422186017,3.0541961640119553,0.00413171082163899,0.021888875657168683,1.002877234481275,-0.6497097110841423,-0.1026223647641018,0.770134658087045,-1.2282990938983858,0.7224321702960879,,,,,,,,,,,,,,,,,
33161216,,,,,,,,,,,,,,0.4736766363494098,1.9310901695862412,0.001626119954380556,0.43966237222775817,3.079683503136039,0.00413171082163899,4.239801771938801,63.58071056008339,7.1149503537149e-05,10.888356290757656,76.48855563998222,7.421317944844574e-05,2.7910448275506496,0.11717604933073744,-0.12500861356966197,0.8799273991025984,1.0
33292288,0.4731627886649221,2.098849903792143,0.0016554594168383119,0.441567046334967,3.1911933962255716,0.003553397073119413,0.02513195137726143,0.9562937514856458,-0.7328834247309715,-0.1000368184177205,0.8491313238628209,-1.228455612435937,0.7294406094588339,,,,,,,,,,,,,,,,,
33292288,,,,,,,,,,,,,,0.4735338978935033,2.241441429592669,0.0016554594168383119,0.44263961748220026,3.1988264117389917,0.003553397073119413,4.423532854765654,62.37789434194565,7.180012453100737e-05,10.912858337163925,77.00861403346062,7.979377478406491e-05,2.7791491616517305,0.12001028313534334,-0.1250094478018582,1.0561132645234466,1.0
33423360,0.47401994769461453,1.6981825297698379,0.001791890516415151,0.44254403631202877,3.113878231495619,0.004226099709740083,0.025441469057113864,1.0224318411201239,-0.7011998111847788,-0.0987588384305127,0.7371389660984278,-1.2189399087801576,0.7344684025738388,,,,,,,,,,,,,,,,,
33423360,,,,,,,,,,,,,,0.47434024955146015,1.8072179583832622,0.001791890516415151,0.4436634515877813,3.119375905022025,0.004226099709740083,4.539926156401634,62.38326025009155,7.451431579785783e-05,10.689308889210224,76.24450078606606,9.668386167493992e-05,2.794442344456911,0.11722439533332363,-0.1250056973658502,0.8401984877418727,1.0
33554432,0.47926901606842875,1.584516885690391,0.0018397889559764735,0.44848475605249405,3.0635284185409546,0.0038652422249469964,0.027426578075392172,1.083668502047658,-0.6692300892900676,-0.09672709315782413,0.7116822539828718,-1.2353819943964481,0.727429635822773,,,,,,,,,,,,,,,,,
33554432,,,,,,,,,,,,,,0.4794818935915828,1.603449339978397,0.0018397889559764735,0.4496765991207212,3.0874645300209522,0.0038652422249469964,4.82480676472187,67.58163630962372,6.677145795164208e-05,10.878888361155987,76.41742694377899,9.487277071240641e-05,2.7532982751727104,0.12083353684283793,-0.12500757537782192,0.7170371839310974,1.0
33685504,0.47330099693499506,1.7924590213224292,0.001459181240761609,0.44007262610830367,3.1282973289489746,0.0037660332845916855,0.02652015678177122,1.0691418997012079,-0.7534103947691619,-0.10343995504081249,0.7501315060071647,-1.2028827359899879,0.7241116396617144,,,,,,,,,,,,,,,,,
33685504,,,,,,,,,,,,,,0.47369904117658734,1.9202110385522246,0.001459181240761609,0.441345127299428,3.1497421506792307,0.0037660332845916855,4.555548954755068,67.93977388739586,6.172525498016057e-05,10.867246307432652,74.47708010673523,8.460555055456176e-05,2.743706088513136,0.12029384047491476,-0.1250012379605323,1.0129508792888373,1.0
33816576,0.47248673043213785,1.6204484766349196,0.0016283069750215873,0.4416225890163332,3.0460710395127535,0.003736397232160016,0.03232248773565516,0.9427368016913533,-0.7117356422822922,-0.10288824210874736,0.7239109468646348,-1.2418242571875453,0.7165230559185147,,,,,,,,,,,,,,,,,
33816576,,,,,,,,,,,,,,0.47276352578774095,1.6916100792586803,0.0016283069750215873,0.44281882187351584,3.073439981788397,0.003736397232160016,4.645530395209789,62.031008422374725,6.498851516027748e-05,10.98817552626133,76.91432395577431,9.59665514462249e-05,2.7756507247686386,0.11996782972710207,-0.12500815512612462,0.9482854828238487,1.0
33947648,0.4758213886525482,1.801177735440433,0.0016739620632506558,0.43901612306945026,3.045161882415414,0.0038669471186949522,0.031192522394121625,0.9139414252713323,-0.6215362201910466,-0.10615111497463658,0.7409733068197966,-1.1890986235812306,0.7455657687969506,,,,,,,,,,,,,,,,,
33947648,,,,,,,,,,,,,,0.47609811881557107,1.8829918466508389,0.0016739620632506558,0.43997194059193134,3.0591433104127645,0.0038669471186949522,4.466487213969231,58.029068529605865,7.928045673555317e-05,10.902825348079205,73.71088975667953,7.487325154986735e-05,2.778878793120384,0.11750092677539214,-0.12500796234235168,0.8974286732263863,1.0
34078720,0.47392111853696406,1.710969596169889,0.0014588266143391593,0.4338857908733189,3.066862281411886,0.003313020878977113,0.025207451632013544,0.9791553919203579,-0.6089891288429499,-0.11390314140589908,0.7125635487027466,-1.2044379520229995,0.7534725079312921,,,,,,,,,,,,,,,,,
34078720,,,,,,,,,,,,,,0.47414238937199116,1.7419624896720052,0.0014588266143391593,0.43494415492750704,3.0849270410835743,0.003313020878977113,4.229450050741434,60.31194445490837,6.511533494905908e-05,11.132545337080956,75.04143515229225,8.251770017975169e-05,2.775241317227483,0.11684451746987179,-0.12501527648419142,0.7292238906957209,1.0
