collected_frames,action/v_mean,action/v_std,action/w_mean,action/w_std,action/flipper_fl_mean,action/flipper_fl_std,action/flipper_fr_mean,action/flipper_fr_std,action/flipper_rl_mean,action/flipper_rl_std,action/flipper_rr_mean,action/flipper_rr_std
131072,0.0016488558612763882,0.6259648203849792,-0.01151198148727417,0.6182151436805725,0.03676379472017288,0.6395335793495178,-0.0173773393034935,0.618695080280304,0.016725216060876846,0.6304277181625366,-0.008246210403740406,0.6198601126670837
262144,0.0769595205783844,0.6222841143608093,-0.012232189998030663,0.6165891289710999,0.039747707545757294,0.6401433348655701,-0.014653487130999565,0.6226487755775452,0.026942580938339233,0.6300602555274963,-0.011198064312338829,0.6204022765159607
393216,0.14956948161125183,0.6070218086242676,-0.008542398922145367,0.6143653392791748,0.04852379113435745,0.6348038911819458,-0.022719986736774445,0.624173104763031,0.031293924897909164,0.6302235126495361,-0.016956087201833725,0.6203318238258362
524288,0.21959128975868225,0.5899559855461121,0.0028684211429208517,0.6103280186653137,0.05224054306745529,0.6344366073608398,-0.03051917999982834,0.628413736820221,0.04759209603071213,0.625817596912384,-0.016416534781455994,0.6219902038574219
655360,0.27936020493507385,0.5717450380325317,0.008019605651497841,0.6075142621994019,0.07332917302846909,0.6356725692749023,-0.024735135957598686,0.6304441690444946,0.04363501816987991,0.6258206963539124,0.001841044519096613,0.6228145956993103
786432,0.3270174264907837,0.5677441358566284,0.010359063744544983,0.6141937375068665,0.08234450221061707,0.6404560804367065,-0.015665706247091293,0.632296085357666,0.05088109150528908,0.6320997476577759,0.006989235058426857,0.6281929016113281
917504,0.3493351340293884,0.5642669796943665,0.017680034041404724,0.623757541179657,0.08802509307861328,0.6438000798225403,-0.02501005120575428,0.6389614939689636,0.03288116306066513,0.6336195468902588,-0.01898927614092827,0.6271359920501709
1048576,0.3882294297218323,0.5542006492614746,0.009536066092550755,0.6249605417251587,0.08490266650915146,0.6454730033874512,-0.02491902932524681,0.6395984888076782,0.022679978981614113,0.6347012519836426,-0.017362352460622787,0.6271718740463257
1179648,0.4331318736076355,0.5415540933609009,0.007899975404143333,0.6248452663421631,0.09333743155002594,0.6431339979171753,-0.014796096831560135,0.639488935470581,0.010102521628141403,0.6374370455741882,-0.01190325990319252,0.6262990236282349
1310720,0.4656176269054413,0.5152980089187622,0.005439108703285456,0.6181764006614685,0.10840077698230743,0.6333322525024414,-0.005371575243771076,0.6325579881668091,0.03256969898939133,0.6259779930114746,0.0004097626078873873,0.6274356842041016
1441792,0.4791003167629242,0.5240322947502136,0.014788337051868439,0.6247682571411133,0.10590306669473648,0.6421869993209839,-0.003600083291530609,0.6408637166023254,0.0020436281338334084,0.6322454214096069,-0.04360616207122803,0.6254361271858215
1572864,0.4870060086250305,0.5179609656333923,0.011492935009300709,0.6253831386566162,0.10368700325489044,0.6415675282478333,-0.004656644072383642,0.6340165734291077,-0.01156516745686531,0.6304529905319214,-0.03857552632689476,0.6257320642471313
1703936,0.5232799053192139,0.49532097578048706,0.02907959371805191,0.6230805516242981,0.10406363010406494,0.6413771510124207,-0.016056928783655167,0.6337157487869263,-0.012730078771710396,0.6238888502120972,-0.04092038422822952,0.6241929531097412
1835008,0.5447596907615662,0.4853129982948303,0.044059038162231445,0.6247779130935669,0.11033248901367188,0.6478286385536194,-0.01270163431763649,0.6352227330207825,-0.008562560193240643,0.6218113899230957,-0.0694575160741806,0.6235656142234802
1966080,0.5648442506790161,0.4678868055343628,0.047338489443063736,0.6193469166755676,0.10355415940284729,0.6464341878890991,-0.014674229547381401,0.6321861743927002,-0.008344626985490322,0.6207262277603149,-0.0683225691318512,0.619212806224823
2097152,0.5625400543212891,0.47150278091430664,0.037716757506132126,0.6236888766288757,0.0823095291852951,0.6473178863525391,0.0052087027579545975,0.6319515109062195,-0.017782196402549744,0.623565137386322,-0.048099346458911896,0.6256552934646606
2228224,0.5890015363693237,0.4568108916282654,0.04514263570308685,0.6240587830543518,0.08337476849555969,0.649096667766571,-1.6099016647785902e-05,0.6273845434188843,-0.019107824191451073,0.6221005320549011,-0.055093489587306976,0.6257277727127075
2359296,0.6192350387573242,0.4379512667655945,0.05956190824508667,0.6244139671325684,0.05736760422587395,0.6496219038963318,0.021954193711280823,0.6294775605201721,-0.012897970154881477,0.6187208890914917,-0.04360673204064369,0.6241908073425293
2490368,0.6509121656417847,0.41979846358299255,0.05776277557015419,0.6254730224609375,0.07256123423576355,0.6441051959991455,0.03711366280913353,0.6287050843238831,-0.024400006979703903,0.6202673316001892,-0.05732467770576477,0.6234491467475891
2621440,0.6489683389663696,0.4283353090286255,0.06604214757680893,0.6304195523262024,0.07915224134922028,0.6465511918067932,0.03109169192612171,0.6280987858772278,-0.031224485486745834,0.6285114884376526,-0.05451818183064461,0.6250561475753784
2752512,0.6574103236198425,0.4197882413864136,0.055285196751356125,0.6299715042114258,0.05471207574009895,0.6450739502906799,0.04882238805294037,0.6262065768241882,-0.0477030910551548,0.6247207522392273,-0.05217651277780533,0.6231940984725952
2883584,0.6506122350692749,0.41656529903411865,0.04303039237856865,0.6273272633552551,0.05512665957212448,0.6429805159568787,0.09138037264347076,0.6208226680755615,-0.04811695218086243,0.6228692531585693,-0.06270502507686615,0.6178217530250549
3014656,0.668413519859314,0.41134166717529297,0.051164474338293076,0.6262277960777283,0.047111883759498596,0.6455612778663635,0.06469915062189102,0.6278751492500305,-0.03306300938129425,0.6226258277893066,-0.06104257330298424,0.621355414390564
3145728,0.6698894500732422,0.42060452699661255,0.06092734634876251,0.6248317956924438,0.04130972921848297,0.6458435654640198,0.05138473957777023,0.6265437006950378,-0.025734171271324158,0.6322209239006042,-0.056283093988895416,0.625568687915802
3276800,0.6859046220779419,0.410162091255188,0.06320080161094666,0.6272364854812622,0.05277450382709503,0.6428961157798767,0.0490473210811615,0.6338059902191162,-0.021156512200832367,0.6328960061073303,-0.05953138694167137,0.6210451722145081
3407872,0.6865718960762024,0.4084968864917755,0.04711926728487015,0.6258478164672852,0.052687231451272964,0.6408800482749939,0.0717635452747345,0.6307136416435242,-0.023893292993307114,0.6281542181968689,-0.07135945558547974,0.6180073618888855
3538944,0.6787059307098389,0.4148053824901581,0.04222612828016281,0.6257421374320984,0.05515388399362564,0.6445885896682739,0.056170329451560974,0.6326868534088135,-0.027481570839881897,0.6299815773963928,-0.0697670504450798,0.6217319369316101
3670016,0.6816868782043457,0.416555255651474,0.0323842316865921,0.6241073608398438,0.05004070699214935,0.6440885663032532,0.07860670983791351,0.6301501393318176,-0.023987699300050735,0.6309136748313904,-0.06967068463563919,0.6231887340545654
3801088,0.685001015663147,0.4088590145111084,0.03258879855275154,0.6222637891769409,0.044151462614536285,0.6415625810623169,0.08497495204210281,0.6291781067848206,-0.019326288253068924,0.6325679421424866,-0.0615975484251976,0.6209069490432739
3932160,0.6799075603485107,0.41439446806907654,0.02275971509516239,0.6184828877449036,0.03640810027718544,0.6376055479049683,0.07967185974121094,0.6272031664848328,-0.03484930843114853,0.6272565126419067,-0.05772477015852928,0.6182262897491455
4063232,0.6915448904037476,0.40019702911376953,0.021691057831048965,0.618859052658081,0.042582105845212936,0.6362496018409729,0.08583778142929077,0.625034749507904,-0.027185259386897087,0.6248202323913574,-0.06728825718164444,0.6151061058044434
4194304,0.6965368986129761,0.39751365780830383,0.02135549485683441,0.6182466149330139,0.03474624827504158,0.6352441310882568,0.07359838485717773,0.6278894543647766,-0.026127485558390617,0.6279755234718323,-0.04895200580358505,0.6149412989616394
4325376,0.685189425945282,0.4078424572944641,0.02617684379220009,0.6210007071495056,0.024123720824718475,0.6361815929412842,0.07139411568641663,0.6247669458389282,-0.03344753012061119,0.625603973865509,-0.03566860035061836,0.617594838142395
4456448,0.6959360241889954,0.3962310254573822,0.019685151055455208,0.6205183267593384,0.03335520252585411,0.6316720843315125,0.06644745171070099,0.6214866042137146,-0.030809015035629272,0.6243633031845093,-0.02681598998606205,0.6168557405471802
4587520,0.6966171264648438,0.4007922410964966,0.015350645408034325,0.6205628514289856,0.032121192663908005,0.6342780590057373,0.06768728792667389,0.6215351819992065,-0.029557576403021812,0.6296406388282776,-0.02838161587715149,0.618858277797699
4718592,0.6975037455558777,0.40035340189933777,0.008198704570531845,0.6163753271102905,0.033452510833740234,0.6340800523757935,0.06659381091594696,0.6206293106079102,-0.02973923087120056,0.6304758787155151,-0.03414837270975113,0.6194104552268982
4849664,0.6991332769393921,0.4047236144542694,0.0048068370670080185,0.6167442202568054,0.03463868796825409,0.6359292268753052,0.053572654724121094,0.6220070719718933,-0.031928472220897675,0.631881058216095,-0.03947753086686134,0.6222916841506958
4980736,0.698560893535614,0.40468376874923706,0.007871633395552635,0.6157132387161255,0.03668966144323349,0.6388837099075317,0.055405303835868835,0.6234641671180725,-0.021129734814167023,0.6309694051742554,-0.03958918899297714,0.62422776222229
5111808,0.6950603127479553,0.4062458872795105,-0.0013886421220377088,0.613693356513977,0.04708199203014374,0.6364765763282776,0.04696103557944298,0.6243653893470764,-0.02601456642150879,0.6318938136100769,-0.04911087453365326,0.6236128807067871
5242880,0.7121514081954956,0.39086633920669556,-0.0071671344339847565,0.6134568452835083,0.06557539850473404,0.6351101994514465,0.06455406546592712,0.62224942445755,-0.02983282133936882,0.6270837187767029,-0.06046884506940842,0.6165758371353149
5373952,0.713584840297699,0.3908757269382477,-0.0070120831951498985,0.6120578050613403,0.052678756415843964,0.6369730830192566,0.0599929578602314,0.6218771934509277,-0.03977248817682266,0.6261020302772522,-0.06610222160816193,0.6160730123519897
5505024,0.70266193151474,0.39399948716163635,-0.02012789249420166,0.6090039610862732,0.04818873852491379,0.6347200870513916,0.06410272419452667,0.6214532256126404,-0.04427932947874069,0.6308869123458862,-0.07734611630439758,0.6112671494483948
5636096,0.7174246311187744,0.38291239738464355,-0.005366446450352669,0.6105168461799622,0.04376571252942085,0.6358413696289062,0.06321221590042114,0.6197473406791687,-0.047901835292577744,0.6314858198165894,-0.0562167689204216,0.6126692891120911
5767168,0.7219897508621216,0.38255226612091064,-0.005621860735118389,0.6117396354675293,0.05166364088654518,0.6331102848052979,0.060442063957452774,0.6198758482933044,-0.04411354660987854,0.6364201307296753,-0.049726422876119614,0.6146692037582397
5898240,0.7199212312698364,0.38508203625679016,-0.010410640388727188,0.6121166348457336,0.041696034371852875,0.63271164894104,0.0545644536614418,0.6201258301734924,-0.04145606607198715,0.6332861185073853,-0.04360666126012802,0.6107761859893799
6029312,0.7216209769248962,0.3819093406200409,-0.01341014914214611,0.6127293109893799,0.04082806035876274,0.6317293047904968,0.0642094761133194,0.6197454333305359,-0.03485442325472832,0.6392239332199097,-0.047802217304706573,0.6121442317962646
6160384,0.7111753225326538,0.3921922445297241,-0.004023190587759018,0.6174554824829102,0.03714938089251518,0.630057692527771,0.03445608913898468,0.6226839423179626,-0.03310947120189667,0.6419414281845093,-0.046269740909338,0.6134874224662781
6291456,0.7185503244400024,0.3829807639122009,-0.007638975512236357,0.6178869605064392,0.041411783546209335,0.6306659579277039,0.05102292820811272,0.6206001043319702,-0.025853432714939117,0.6362935304641724,-0.04077337682247162,0.6133873462677002
6422528,0.719285249710083,0.38160383701324463,-0.015389174222946167,0.6170672178268433,0.04734496399760246,0.6302669048309326,0.055217888206243515,0.6136828064918518,-0.02890266291797161,0.6324553489685059,-0.03256504237651825,0.6121698021888733
6553600,0.7110331058502197,0.386954665184021,-0.006238777190446854,0.6199056506156921,0.04120343551039696,0.6311113834381104,0.04612834379076958,0.6123135685920715,-0.046011701226234436,0.6304904222488403,-0.039604753255844116,0.6135798692703247
6684672,0.7102729082107544,0.3875683546066284,-0.004673150833696127,0.6187387108802795,0.05178961157798767,0.6292822957038879,0.04689313471317291,0.6149616837501526,-0.059809572994709015,0.6292736530303955,-0.03689145669341087,0.6116505265235901
6815744,0.7121394872665405,0.3867398798465729,0.005461274180561304,0.6184118986129761,0.048319872468709946,0.6298221945762634,0.04883675277233124,0.6154151558876038,-0.06365039944648743,0.6295545101165771,-0.03534124791622162,0.6096354722976685
6946816,0.7051393389701843,0.3918914496898651,0.004823027644306421,0.6202145218849182,0.03995703533291817,0.6304318904876709,0.04762691259384155,0.6195183396339417,-0.06876485794782639,0.6320558190345764,-0.03194235637784004,0.6117602586746216
7077888,0.7102662324905396,0.3849513530731201,0.0026757458690553904,0.6163848042488098,0.0324697270989418,0.62684565782547,0.052017904818058014,0.6204028129577637,-0.0636390894651413,0.6325755715370178,-0.026229456067085266,0.6135968565940857
7208960,0.7010036110877991,0.39778515696525574,0.008463558740913868,0.624284029006958,0.030421849340200424,0.6295562386512756,0.06237947940826416,0.6287531852722168,-0.064788818359375,0.635614812374115,-0.01945531740784645,0.6189292073249817
7340032,0.7013853788375854,0.3935421109199524,0.003754285629838705,0.622637152671814,0.028122561052441597,0.6274701952934265,0.062326740473508835,0.6290135383605957,-0.060977399349212646,0.6326929926872253,-0.019845079630613327,0.6184684634208679
7471104,0.7146100401878357,0.3837070167064667,0.013201960362493992,0.6212563514709473,0.02108568698167801,0.6244797110557556,0.056101758033037186,0.6283069849014282,-0.05625639110803604,0.6300927996635437,-0.018367519602179527,0.6164005398750305
7602176,0.720078706741333,0.3806784749031067,0.014621611684560776,0.6218977570533752,0.020096074789762497,0.6255267858505249,0.06294754892587662,0.6280632615089417,-0.051513951271772385,0.6304011940956116,-0.02912452444434166,0.616725504398346
7733248,0.7129781246185303,0.384714812040329,0.011954575777053833,0.6209460496902466,0.00846606120467186,0.6254460215568542,0.06718918681144714,0.6284579038619995,-0.04639722406864166,0.6294244527816772,-0.028268346562981606,0.6189535856246948
7864320,0.7132406234741211,0.3842064142227173,0.008172212168574333,0.6193343997001648,0.014948239549994469,0.6274502277374268,0.05976684018969536,0.6293716430664062,-0.04082298278808594,0.6256722807884216,-0.032550714910030365,0.6210303902626038
7995392,0.7167472839355469,0.38403013348579407,0.01499636285007,0.6247057914733887,0.010401323437690735,0.6306998133659363,0.052212730050086975,0.6301090121269226,-0.03073790855705738,0.6312727332115173,-0.03618811070919037,0.6226549744606018
8126464,0.7146477699279785,0.387795627117157,0.02082688920199871,0.6261954307556152,0.006296116393059492,0.6330252289772034,0.06055120751261711,0.6346309781074524,-0.030775731429457664,0.6353209614753723,-0.041064128279685974,0.6298220157623291
8257536,0.7062721252441406,0.39802876114845276,0.016117747873067856,0.626652181148529,0.002249782672151923,0.6329483389854431,0.05357913672924042,0.6330311298370361,-0.023780742660164833,0.632247269153595,-0.035047952085733414,0.6302525401115417
8388608,0.7083228826522827,0.3944106698036194,0.021635377779603004,0.6261172890663147,0.0013780903536826372,0.6332282423973083,0.04926460608839989,0.6305733323097229,-0.021511554718017578,0.6272256374359131,-0.037123508751392365,0.6241784691810608
8519680,0.7145445942878723,0.3924918472766876,0.019631482660770416,0.6251417994499207,0.007147118449211121,0.6333438158035278,0.053058329969644547,0.628026008605957,-0.02877797931432724,0.6297570466995239,-0.03528156131505966,0.623608410358429
8650752,0.7097590565681458,0.39581069350242615,0.019337020814418793,0.6256923675537109,-0.0007181899854913354,0.6378037333488464,0.05904246121644974,0.6293695569038391,-0.04247129708528519,0.6270129084587097,-0.03246506676077843,0.6229170560836792
8781824,0.7109411358833313,0.3982371389865875,0.015512826852500439,0.6296598315238953,0.0037487163208425045,0.6398248672485352,0.05855731666088104,0.6312682628631592,-0.04949435964226723,0.6293824315071106,-0.03283003345131874,0.6278238296508789
8912896,0.7106232643127441,0.3983410596847534,0.020447010174393654,0.6284670233726501,0.017552059143781662,0.6344446539878845,0.06449568271636963,0.6286820769309998,-0.04865969344973564,0.6253479719161987,-0.036766417324543,0.6220353245735168
9043968,0.7114220857620239,0.3978382349014282,0.014163058251142502,0.6301904916763306,0.0010531040607020259,0.6369540095329285,0.0556030347943306,0.6287484765052795,-0.05844004079699516,0.6214155554771423,-0.03393201902508736,0.6231443285942078
9175040,0.7124243974685669,0.3967552185058594,0.003811350092291832,0.6293541193008423,0.006319208536297083,0.6368926763534546,0.058394551277160645,0.628361165523529,-0.058570388704538345,0.6217796802520752,-0.039901770651340485,0.6235907673835754
9306112,0.720822274684906,0.3896094560623169,0.007673733867704868,0.6284003257751465,0.007514455355703831,0.6384584307670593,0.06602247059345245,0.6338592767715454,-0.05290167033672333,0.6238638758659363,-0.029296787455677986,0.6240233182907104
9437184,0.7217954397201538,0.3892097473144531,-0.012787014245986938,0.6263366341590881,-0.00660515995696187,0.6382638812065125,0.06751346588134766,0.6327912211418152,-0.05832114815711975,0.6231130361557007,-0.03912065178155899,0.6234343647956848
9568256,0.7177028656005859,0.3955950438976288,-0.013992000371217728,0.6273412704467773,-0.0017227975185960531,0.6381646394729614,0.06721793860197067,0.6327100396156311,-0.05293987691402435,0.6219144463539124,-0.04176246002316475,0.6226798295974731
9699328,0.7117438316345215,0.40027979016304016,-0.013788703829050064,0.6286795735359192,0.0020294671412557364,0.6417080760002136,0.05707988515496254,0.63446444272995,-0.0538630373775959,0.6261549592018127,-0.0328906811773777,0.6243311166763306
9830400,0.7139583230018616,0.3961409330368042,-0.012942153960466385,0.6291601061820984,-0.001059489557519555,0.6410683393478394,0.06281044334173203,0.6365625262260437,-0.056732967495918274,0.6243223547935486,-0.042575571686029434,0.6237256526947021
9961472,0.7167790532112122,0.3936936557292938,-0.0014280297327786684,0.6277984976768494,0.010949794203042984,0.6407240629196167,0.07075201719999313,0.6304214596748352,-0.06564014405012131,0.6209980249404907,-0.042558781802654266,0.6208896636962891
10092544,0.7169620990753174,0.3931081295013428,0.003399559762328863,0.6287623643875122,0.01033957488834858,0.6403965950012207,0.0754040777683258,0.6307101845741272,-0.06843598932027817,0.6211959719657898,-0.050197940319776535,0.621528148651123
10223616,0.7167710065841675,0.3914838433265686,0.0035722567699849606,0.6265775561332703,0.014142281375825405,0.6419899463653564,0.07935217022895813,0.6315734386444092,-0.06494282931089401,0.6200960874557495,-0.05138854682445526,0.6237128376960754
10354688,0.7093527317047119,0.4001117944717407,-0.003814514260739088,0.6254372000694275,0.017937658354640007,0.6419125199317932,0.056470680981874466,0.6308303475379944,-0.06556055694818497,0.6225343942642212,-0.05172693729400635,0.6232587695121765
10485760,0.704627513885498,0.40108856558799744,0.005785064771771431,0.6239864230155945,0.02740267477929592,0.6405121088027954,0.05923441797494888,0.6294345855712891,-0.07190798223018646,0.6209847331047058,-0.05068154260516167,0.6211110353469849
10616832,0.7073327302932739,0.39388132095336914,0.008917437866330147,0.623485267162323,0.036896001547575,0.6413120627403259,0.051930978894233704,0.6264925599098206,-0.06311186403036118,0.6227800846099854,-0.05602654442191124,0.6189406514167786
10747904,0.7057090997695923,0.39649900794029236,0.012613153085112572,0.6276895999908447,0.04341737926006317,0.6459959745407104,0.0375763475894928,0.631810188293457,-0.06801249831914902,0.6274396777153015,-0.06709352135658264,0.6255776882171631
10878976,0.7092738747596741,0.39544039964675903,0.017761265859007835,0.6302042603492737,0.03322173282504082,0.6466293931007385,0.04195290803909302,0.6263747811317444,-0.05272354930639267,0.6259917616844177,-0.051493801176548004,0.6304500699043274
11010048,0.7019446492195129,0.3986049294471741,0.01282479241490364,0.6283692717552185,0.02010992355644703,0.6484791040420532,0.03910115733742714,0.6276803016662598,-0.049645718187093735,0.6279150247573853,-0.0565899983048439,0.6325376033782959
11141120,0.7014017105102539,0.39855387806892395,-0.0005856701754964888,0.6283898949623108,0.01847820356488228,0.6430850625038147,0.03802266716957092,0.6256155371665955,-0.0538128986954689,0.6254073977470398,-0.06256274878978729,0.6292333006858826
11272192,0.7110806703567505,0.3851426839828491,-0.003987311851233244,0.6288022994995117,0.025142714381217957,0.6452683806419373,0.04524567350745201,0.6264773607254028,-0.051574110984802246,0.6257449984550476,-0.05937052518129349,0.631201446056366
11403264,0.7184870839118958,0.3816341161727905,-0.0041621774435043335,0.6298754811286926,0.020991092547774315,0.6435017585754395,0.05559384077787399,0.626455545425415,-0.05254748463630676,0.6243807077407837,-0.05766534060239792,0.633060872554779
11534336,0.721422553062439,0.3797653615474701,-0.011113867163658142,0.6303872466087341,0.02386961504817009,0.6434541940689087,0.06163698434829712,0.6229473352432251,-0.041089706122875214,0.6247748732566833,-0.05658577382564545,0.6346893310546875
11665408,0.7222421169281006,0.3807085454463959,-0.019428802654147148,0.6305894255638123,0.024222301319241524,0.644925594329834,0.06753750890493393,0.6221848726272583,-0.039325110614299774,0.6243569254875183,-0.05353871360421181,0.6318256258964539
11796480,0.7253522872924805,0.3739195168018341,-0.01886463724076748,0.6292938590049744,0.018472034484148026,0.6440808176994324,0.07084821909666061,0.618529200553894,-0.025616252794861794,0.6205417513847351,-0.05863411724567413,0.6279321908950806
11927552,0.7286343574523926,0.3713572919368744,-0.017784137278795242,0.6278373599052429,0.01476313266903162,0.6450818181037903,0.07074549794197083,0.62101811170578,-0.02209138497710228,0.6227812170982361,-0.053731709718704224,0.6301589012145996
12058624,0.7222341299057007,0.37730178236961365,-0.013276332058012486,0.6291021704673767,0.009709046222269535,0.6482189297676086,0.06410480290651321,0.6261959075927734,-0.018570881336927414,0.6261723637580872,-0.0606064572930336,0.6298691034317017
12189696,0.7168999910354614,0.38186976313591003,-0.017146799713373184,0.628567099571228,0.0036669974215328693,0.6481863260269165,0.06492909789085388,0.6261271834373474,-0.02358972653746605,0.6266868710517883,-0.06808065623044968,0.6303425431251526
12320768,0.7157086133956909,0.38251394033432007,-0.021765708923339844,0.6282939910888672,-0.00039520004065707326,0.646139919757843,0.05648371949791908,0.6267802119255066,-0.027761036530137062,0.6262379884719849,-0.07006306946277618,0.6310626268386841
12451840,0.7155559062957764,0.384101927280426,-0.017045829445123672,0.6252002716064453,0.007022422272711992,0.6460102200508118,0.058390066027641296,0.6249470710754395,-0.03017396479845047,0.6217684149742126,-0.07337050139904022,0.629893958568573
12582912,0.71605384349823,0.38361138105392456,-0.027302339673042297,0.6290532946586609,-0.007979875430464745,0.649238109588623,0.05042572319507599,0.6269932389259338,-0.04306090995669365,0.6265158653259277,-0.0750470906496048,0.6316736340522766
12713984,0.7154116630554199,0.3860923647880554,-0.01755376160144806,0.6326944828033447,-0.009445521049201488,0.6522542238235474,0.04751913249492645,0.6281661987304688,-0.04459958150982857,0.6266412138938904,-0.08278311789035797,0.6350520849227905
12845056,0.7152670621871948,0.3886492848396301,-0.011503159999847412,0.6327764987945557,-0.025129690766334534,0.652815580368042,0.05106203258037567,0.6286144852638245,-0.0478878989815712,0.6250401735305786,-0.07803075015544891,0.6349639296531677
12976128,0.7082258462905884,0.3965921401977539,-0.009514488279819489,0.6339715123176575,-0.028727520257234573,0.6567614674568176,0.05398329347372055,0.6312732696533203,-0.042620204389095306,0.6281681060791016,-0.06539972871541977,0.639655590057373
13107200,0.7085911631584167,0.39359208941459656,-0.014634797349572182,0.637450635433197,-0.026256846264004707,0.6572127342224121,0.047627780586481094,0.6319936513900757,-0.0428876169025898,0.6318989992141724,-0.05767934396862984,0.644016683101654
13238272,0.7027958035469055,0.4039570987224579,-0.013747740536928177,0.6390336155891418,-0.01844237744808197,0.6602792739868164,0.03865101560950279,0.634009063243866,-0.04838462918996811,0.6367474794387817,-0.05142321437597275,0.6468669176101685
13369344,0.7111588716506958,0.3957611322402954,-0.026295986026525497,0.6377822160720825,-0.008392823860049248,0.6609153747558594,0.04440474882721901,0.6308656334877014,-0.046252720057964325,0.6300278902053833,-0.0547206848859787,0.6439172029495239
13500416,0.7095550298690796,0.39217817783355713,-0.018688932061195374,0.6324097514152527,-0.006220615468919277,0.6607823371887207,0.046923596411943436,0.631942093372345,-0.03897031769156456,0.6301535367965698,-0.05555141717195511,0.64142245054245
13631488,0.7082037925720215,0.3934171497821808,-0.017223726958036423,0.631827712059021,0.00321710086427629,0.656191885471344,0.05024101585149765,0.6265476942062378,-0.04412877559661865,0.6271460056304932,-0.05103582888841629,0.6373101472854614
13762560,0.7064292430877686,0.3973623812198639,-0.024627523496747017,0.6282276511192322,0.01686076447367668,0.6577851176261902,0.06177274137735367,0.624191403388977,-0.049582403153181076,0.624824583530426,-0.05383295938372612,0.6356762647628784
13893632,0.7116750478744507,0.38946297764778137,-0.026183202862739563,0.627793550491333,0.02490634098649025,0.6567952632904053,0.06452897191047668,0.6255252361297607,-0.051405251026153564,0.6261526346206665,-0.049400508403778076,0.6372802257537842
14024704,0.7114348411560059,0.38999438285827637,-0.023183006793260574,0.6309005618095398,0.021752167493104935,0.6605648994445801,0.057305462658405304,0.626855194568634,-0.04631499573588371,0.6298055052757263,-0.04171958565711975,0.6433322429656982
14155776,0.7169514894485474,0.386234313249588,-0.016808371990919113,0.6320652961730957,0.023746274411678314,0.6615968942642212,0.06406047940254211,0.6284912824630737,-0.04316781461238861,0.6348209381103516,-0.0417989045381546,0.6448708772659302
14286848,0.7085964679718018,0.39605599641799927,-0.017769796773791313,0.6316497325897217,0.026011740788817406,0.6613438129425049,0.0650181919336319,0.6296893954277039,-0.038016095757484436,0.6395434141159058,-0.04267332702875137,0.6501097083091736
14417920,0.7120736837387085,0.3951859176158905,-0.02038915641605854,0.6338062286376953,0.016142986714839935,0.6653212308883667,0.05794534832239151,0.6353817582130432,-0.03406917303800583,0.6391755938529968,-0.04957343637943268,0.653131902217865
14548992,0.7067049741744995,0.397887647151947,-0.010018795728683472,0.6326442360877991,0.015755411237478256,0.6637662649154663,0.06701488792896271,0.6321960091590881,-0.036362174898386,0.6390142440795898,-0.04735950753092766,0.648841142654419
14680064,0.7059773206710815,0.3986721336841583,-0.007191062904894352,0.6307868361473083,0.003950037993490696,0.6635019779205322,0.06889466196298599,0.6325974464416504,-0.03315349295735359,0.641045868396759,-0.05096143111586571,0.6478955149650574
14811136,0.709196150302887,0.39306750893592834,-0.008405971340835094,0.6300784349441528,-0.0014864553231745958,0.6634243726730347,0.07339426130056381,0.6330468654632568,-0.0235908143222332,0.6384918689727783,-0.04443855583667755,0.6464480757713318
14942208,0.7098065614700317,0.3935185968875885,-0.009156862273812294,0.6296149492263794,-0.007036656141281128,0.662662923336029,0.07075586915016174,0.633080244064331,-0.024350155144929886,0.6392351984977722,-0.047873351722955704,0.6467695236206055
15073280,0.7150059938430786,0.38833966851234436,-0.010814065113663673,0.6302452087402344,-0.007362473290413618,0.661318838596344,0.0679914802312851,0.6339165568351746,-0.02443394623696804,0.6375064253807068,-0.045946091413497925,0.6483797430992126
15204352,0.7152059078216553,0.39046552777290344,-0.009775279089808464,0.63138747215271,-0.021595660597085953,0.6616087555885315,0.061932213604450226,0.6344090104103088,-0.016835704445838928,0.6387438178062439,-0.042909204959869385,0.648956298828125
15335424,0.7162580490112305,0.3895740211009979,-0.004065664950758219,0.6343818306922913,-0.028133559972047806,0.6636611223220825,0.05763410031795502,0.6355200409889221,-0.02045101672410965,0.6432708501815796,-0.03698442876338959,0.6479392647743225
15466496,0.7213811874389648,0.3849036395549774,-0.0011397948255762458,0.6334019303321838,-0.040970515459775925,0.6597313284873962,0.04994473606348038,0.6373101472854614,-0.008248300291597843,0.6417270302772522,-0.03285237401723862,0.6480200886726379
15597568,0.7221744060516357,0.3802735209465027,-0.01667272299528122,0.6280878186225891,-0.03685002401471138,0.6572821140289307,0.05515262484550476,0.6356979012489319,-0.014125274494290352,0.6395443081855774,-0.03828834369778633,0.644582986831665
15728640,0.7322959303855896,0.3717387020587921,-0.019700638949871063,0.6276993155479431,-0.0279868021607399,0.655867874622345,0.053976431488990784,0.6326993703842163,-0.01632620394229889,0.6373035311698914,-0.03990339860320091,0.6428563594818115
15859712,0.738204300403595,0.3671528697013855,-0.01610478386282921,0.6252486109733582,-0.027186013758182526,0.6561813950538635,0.052155375480651855,0.6345639824867249,-0.01402505673468113,0.6368970274925232,-0.037330448627471924,0.6439337730407715
15990784,0.7309741973876953,0.3750319480895996,-0.013689165003597736,0.6256977319717407,-0.02611684612929821,0.6561473608016968,0.06940729171037674,0.6320541501045227,-0.01342044211924076,0.6417450904846191,-0.05439939722418785,0.6442550420761108
16121856,0.733269453048706,0.36897462606430054,-0.011941848322749138,0.6253648400306702,-0.02352944388985634,0.6549695134162903,0.07346701622009277,0.6313003301620483,-0.012674336321651936,0.6401408314704895,-0.0471976175904274,0.6437215805053711
16252928,0.7361525297164917,0.3651743531227112,-0.005073648877441883,0.6220203638076782,-0.017517700791358948,0.651544988155365,0.0738564282655716,0.6309884786605835,-0.013075459748506546,0.6373621225357056,-0.04771547019481659,0.6403771638870239
16384000,0.7442247867584229,0.35615772008895874,-0.007094573695212603,0.6249814629554749,-0.018180549144744873,0.6523271799087524,0.06770061701536179,0.6334099173545837,-0.018977852538228035,0.6374175548553467,-0.04299443960189819,0.6392209529876709
16515072,0.7476339340209961,0.3511224687099457,-0.0007044782396405935,0.6239840388298035,-0.012980788946151733,0.6520573496818542,0.0674436092376709,0.6333863735198975,-0.022676751017570496,0.6371394395828247,-0.04182026907801628,0.6375458836555481
16646144,0.7465540170669556,0.35642358660697937,-0.0024527956265956163,0.6264311075210571,-0.012713521718978882,0.6556735634803772,0.07143720984458923,0.6358200311660767,-0.02415674366056919,0.6379314661026001,-0.04200237989425659,0.638653039932251
16777216,0.7476642727851868,0.35459664463996887,-0.004698366392403841,0.6251361966133118,-0.01785649172961712,0.6529306769371033,0.06047947704792023,0.6355004906654358,-0.020032308995723724,0.636871337890625,-0.03933878615498543,0.6414133906364441
16908288,0.7466740608215332,0.35840877890586853,-0.0043646544218063354,0.624786913394928,-0.024287231266498566,0.6534450054168701,0.05774921923875809,0.6372674107551575,-0.02112504467368126,0.6382226347923279,-0.03272300213575363,0.6407730579376221
17039360,0.7470389604568481,0.35805872082710266,-0.0077010635286569595,0.625308632850647,-0.025111397728323936,0.655762791633606,0.054616816341876984,0.6361820101737976,-0.021380066871643066,0.6363968253135681,-0.03534139692783356,0.6426616311073303
17170432,0.7502541542053223,0.35553431510925293,-0.013789011165499687,0.6250163316726685,-0.023280346766114235,0.6529651880264282,0.05858582258224487,0.6328379511833191,-0.016372770071029663,0.63509601354599,-0.036935269832611084,0.6416699290275574
17301504,0.745674729347229,0.35905715823173523,-0.010373562574386597,0.623227596282959,-0.02344396337866783,0.6511779427528381,0.05786319822072983,0.6322094202041626,-0.024821611121296883,0.6348510980606079,-0.03540065884590149,0.6382108330726624
17432576,0.743416428565979,0.3594306409358978,-0.011216234415769577,0.6230375170707703,-0.026289023458957672,0.6514846682548523,0.05480092763900757,0.6328199505805969,-0.029031768441200256,0.6338016390800476,-0.0320095457136631,0.6379679441452026
17563648,0.7484273910522461,0.3533547818660736,-0.01620892435312271,0.6210659146308899,-0.03803805634379387,0.6476348638534546,0.05585300922393799,0.6296452879905701,-0.029552515596151352,0.632453203201294,-0.0351036936044693,0.6337368488311768
17694720,0.742296576499939,0.36035823822021484,-0.018646586686372757,0.622078537940979,-0.04155639559030533,0.6495509147644043,0.05338627099990845,0.6321837306022644,-0.0351090207695961,0.6353990435600281,-0.032848529517650604,0.6358407139778137
17825792,0.7399029731750488,0.36198151111602783,-0.024753663688898087,0.6220008134841919,-0.040754228830337524,0.6476459503173828,0.05577696114778519,0.6289662718772888,-0.038430750370025635,0.6360960602760315,-0.0389995202422142,0.6357480883598328
17956864,0.7389172911643982,0.3618658185005188,-0.027051914483308792,0.621172308921814,-0.035188280045986176,0.6474380493164062,0.061826638877391815,0.6293924450874329,-0.04169229418039322,0.6351433992385864,-0.03667348623275757,0.6351968050003052
18087936,0.740211009979248,0.3600277602672577,-0.023305945098400116,0.6193934082984924,-0.031142963096499443,0.6486399173736572,0.06812490522861481,0.6295887231826782,-0.04631488397717476,0.6327637434005737,-0.03599066287279129,0.6352395415306091
18219008,0.7406432628631592,0.3598889410495758,-0.01540343090891838,0.6189249753952026,-0.021302079781889915,0.6487742066383362,0.0746474638581276,0.626920223236084,-0.04250401258468628,0.6352834105491638,-0.03233101963996887,0.6357943415641785
18350080,0.7396424412727356,0.3630041778087616,-0.009321054443717003,0.6179824471473694,-0.02640950307250023,0.6501454710960388,0.06930235028266907,0.6311506628990173,-0.0518408864736557,0.6347851157188416,-0.030189335346221924,0.6381041407585144
18481152,0.7426763772964478,0.355455219745636,-0.011968112550675869,0.6163356304168701,-0.016688769683241844,0.6473703980445862,0.07027976214885712,0.6303279399871826,-0.05477515980601311,0.6347988247871399,-0.032176628708839417,0.6379982233047485
18612224,0.7456315755844116,0.35687440633773804,-0.011072136461734772,0.6217990517616272,-0.017055686563253403,0.6511022448539734,0.07105741649866104,0.6358426809310913,-0.056065503507852554,0.6391821503639221,-0.040571846067905426,0.6419098973274231
18743296,0.7460132241249084,0.3530654013156891,-0.008091773837804794,0.6181361079216003,-0.022363435477018356,0.6470794081687927,0.06731823831796646,0.6321524977684021,-0.05006622523069382,0.6359220743179321,-0.04105024039745331,0.6415314078330994
18874368,0.7396211624145508,0.35632768273353577,-0.00887279212474823,0.6155273914337158,-0.02196209877729416,0.6476473808288574,0.07103849947452545,0.6319971084594727,-0.03768560662865639,0.6363201141357422,-0.04161291569471359,0.6416959166526794
19005440,0.7425739169120789,0.35414576530456543,-0.015900541096925735,0.618439257144928,-0.02047307789325714,0.6491498351097107,0.06578954309225082,0.6332940459251404,-0.03444955497980118,0.6381672024726868,-0.04116349667310715,0.6423470377922058
19136512,0.7456032037734985,0.35164156556129456,-0.020156169310212135,0.6177064776420593,-0.029412930831313133,0.6466305255889893,0.05749182775616646,0.634253978729248,-0.026801444590091705,0.6369369029998779,-0.04097935929894447,0.6415680646896362
19267584,0.7463526129722595,0.35249367356300354,-0.016197221353650093,0.619905948638916,-0.02763671986758709,0.6502832770347595,0.048296988010406494,0.6356598138809204,-0.01540585421025753,0.6407963037490845,-0.04354020208120346,0.6439307928085327
19398656,0.7493937611579895,0.34685808420181274,-0.008923198096454144,0.6170710921287537,-0.030318347737193108,0.6488955020904541,0.05090045928955078,0.6336301565170288,-0.014782204292714596,0.6415455937385559,-0.043499886989593506,0.6425618529319763
19529728,0.7500360012054443,0.34560510516166687,-0.0016076823230832815,0.6152731776237488,-0.04140596464276314,0.6494721174240112,0.05410279333591461,0.6331937313079834,-0.01686669886112213,0.6412171721458435,-0.04422277584671974,0.6433337330818176
19660800,0.7497142553329468,0.34430763125419617,-0.00880889967083931,0.6147187948226929,-0.035233184695243835,0.6501832604408264,0.052845124155282974,0.6340835690498352,-0.01733938790857792,0.6414047479629517,-0.043286457657814026,0.6400024890899658
19791872,0.7498607635498047,0.3428475260734558,-0.0008809947175905108,0.6125248670578003,-0.028908653184771538,0.6454876065254211,0.05094195157289505,0.6328479647636414,-0.016507327556610107,0.6401719450950623,-0.03959532827138901,0.6400291919708252
19922944,0.7494837045669556,0.34165453910827637,-0.0017007160931825638,0.6134857535362244,-0.026187241077423096,0.6458345651626587,0.05540144070982933,0.6328232884407043,-0.02274477481842041,0.639292299747467,-0.04056108742952347,0.6401049494743347
20054016,0.7524352073669434,0.3401857614517212,-0.0017457251669839025,0.613057553768158,-0.028213605284690857,0.6474403142929077,0.05062492936849594,0.6356014609336853,-0.024906747043132782,0.6422874927520752,-0.030391337350010872,0.6432384252548218
20185088,0.7540541887283325,0.33999040722846985,0.004263237118721008,0.6126466989517212,-0.03371981158852577,0.6453415751457214,0.04767802357673645,0.6372556090354919,-0.03206275403499603,0.6394249200820923,-0.03553681820631027,0.6406714916229248
20316160,0.7553706169128418,0.3402438461780548,-0.001604702789336443,0.6121256947517395,-0.03359256684780121,0.6470860838890076,0.050802141427993774,0.6378948092460632,-0.028500808402895927,0.6387491822242737,-0.02872767299413681,0.6417775750160217
20447232,0.7561782002449036,0.3403439223766327,0.006691248621791601,0.6128340363502502,-0.02956293523311615,0.6494229435920715,0.052626028656959534,0.6337566375732422,-0.03709397464990616,0.6398053169250488,-0.030620817095041275,0.6446734070777893
20578304,0.7543123960494995,0.3384132385253906,0.0050565097481012344,0.6128166913986206,-0.02952561341226101,0.6482394337654114,0.05335715040564537,0.6351370215415955,-0.03565676510334015,0.6397921442985535,-0.031201345846056938,0.640956699848175
20709376,0.7578886151313782,0.33216139674186707,0.008359638974070549,0.6121697425842285,-0.02631703019142151,0.6496861577033997,0.048543643206357956,0.6369730830192566,-0.03693528100848198,0.6406285166740417,-0.022170647978782654,0.6429303288459778
20840448,0.756668210029602,0.3320719599723816,0.01804085075855255,0.6106716394424438,-0.02345729060471058,0.6501868963241577,0.03805958107113838,0.6344112753868103,-0.03501414880156517,0.637617826461792,-0.014706039801239967,0.6419868469238281
20971520,0.7581436634063721,0.3326663374900818,0.009309669956564903,0.614147424697876,-0.020781122148036957,0.6536709666252136,0.03925417363643646,0.6371854543685913,-0.03697649762034416,0.6400445699691772,-0.017916392534971237,0.6472989916801453
21102592,0.7526350021362305,0.33435532450675964,2.989760832861066e-05,0.6142147779464722,-0.028166931122541428,0.6526275277137756,0.03590115159749985,0.6366757154464722,-0.03358432650566101,0.6424185037612915,-0.019869066774845123,0.6443541049957275
21233664,0.7527487277984619,0.33798956871032715,0.012176254764199257,0.6163135766983032,-0.03669364005327225,0.656760036945343,0.03674914687871933,0.6417374610900879,-0.02222643420100212,0.6486918926239014,-0.028587982058525085,0.6483259797096252
21364736,0.7506605386734009,0.33986034989356995,0.01841617561876774,0.6144625544548035,-0.035798609256744385,0.6541027426719666,0.02830774337053299,0.6400579810142517,-0.01764683797955513,0.6477047204971313,-0.02252337709069252,0.6478728652000427
21495808,0.7472306489944458,0.3438943326473236,0.016056068241596222,0.6172533631324768,-0.03352207690477371,0.6572002172470093,0.03140496462583542,0.6419492959976196,-0.009053459390997887,0.6474764347076416,-0.01700817048549652,0.6494889855384827
21626880,0.7431269884109497,0.34543994069099426,0.006632077507674694,0.6144711971282959,-0.032211631536483765,0.6538834571838379,0.03417053818702698,0.6417138576507568,-0.01682349294424057,0.6470544338226318,-0.012340111657977104,0.6484617590904236
21757952,0.7466239333152771,0.33895039558410645,0.004253258928656578,0.6147269606590271,-0.0368308499455452,0.6543755531311035,0.03409602493047714,0.6384959816932678,-0.01961105316877365,0.6486241221427917,-0.008541680872440338,0.6519978642463684
21889024,0.7406628131866455,0.343057781457901,0.0004429600667208433,0.6154370903968811,-0.0384194478392601,0.6555941700935364,0.0333842858672142,0.6405816674232483,-0.02313290908932686,0.6484481692314148,-0.007680956739932299,0.6536333560943604
22020096,0.7437512874603271,0.3418354094028473,0.003067996818572283,0.6141833066940308,-0.037882059812545776,0.6498708128929138,0.03642062097787857,0.6394920945167542,-0.028471192345023155,0.6487618684768677,-0.007452447433024645,0.6519715785980225
22151168,0.7457830309867859,0.3410964906215668,0.004974072799086571,0.6136593818664551,-0.03226946294307709,0.647742748260498,0.03907281160354614,0.636023998260498,-0.03614002466201782,0.6465056538581848,-0.005261384416371584,0.6506140232086182
22282240,0.7459874153137207,0.33743587136268616,0.007176782004535198,0.6143583655357361,-0.03710396587848663,0.6466681957244873,0.04022689163684845,0.6366083025932312,-0.030870068818330765,0.647301197052002,-0.004857062362134457,0.6507647633552551
22413312,0.7501862049102783,0.334990918636322,0.004735132679343224,0.6139834523200989,-0.030509456992149353,0.6440183520317078,0.035454437136650085,0.6364991068840027,-0.021372105926275253,0.646456778049469,-0.016883257776498795,0.6526279449462891
22544384,0.7492573261260986,0.3339183032512665,0.006469627842307091,0.6147231459617615,-0.027849070727825165,0.6448586583137512,0.03901785612106323,0.6370266675949097,-0.012787852436304092,0.6478623151779175,-0.02428174391388893,0.6534924507141113
22675456,0.7493876218795776,0.3358558118343353,0.0017147320322692394,0.6149938106536865,-0.025658901780843735,0.6470319628715515,0.04528456926345825,0.6360856890678406,-0.009190569631755352,0.6513329744338989,-0.03510095924139023,0.6523442268371582
22806528,0.7502809762954712,0.3348071575164795,-0.002112401183694601,0.6153315305709839,-0.03263076767325401,0.6452075242996216,0.057218365371227264,0.6314847469329834,-0.00875443872064352,0.6494581699371338,-0.02954862266778946,0.6509021520614624
22937600,0.7549664974212646,0.3283382058143616,-0.0015734430635347962,0.6133354306221008,-0.02702745422720909,0.6451861262321472,0.05369853228330612,0.6320747137069702,-0.007241794839501381,0.650826632976532,-0.03648390620946884,0.6504883170127869
23068672,0.7559680938720703,0.3277488052845001,-0.004148430656641722,0.6133346557617188,-0.02052849531173706,0.6440668702125549,0.049684710800647736,0.631868302822113,-0.01077202893793583,0.65022873878479,-0.04077516496181488,0.6495739221572876
23199744,0.753849983215332,0.32931414246559143,-0.00737385917454958,0.6148586869239807,-0.019813619554042816,0.6448408365249634,0.043510764837265015,0.6319984197616577,-0.005289903841912746,0.6498404145240784,-0.046114154160022736,0.648488461971283
23330816,0.754572868347168,0.32798629999160767,-0.017710469663143158,0.6151822805404663,-0.025049377232789993,0.6434747576713562,0.04050291329622269,0.6328468322753906,-0.01075352355837822,0.6498968601226807,-0.0461510494351387,0.6475538015365601
23461888,0.7521127462387085,0.32563459873199463,-0.012778080068528652,0.6149807572364807,-0.023110171779990196,0.6445289254188538,0.03970769792795181,0.6288295984268188,-0.014156355522572994,0.650187611579895,-0.05160420387983322,0.6461638808250427
23592960,0.7542620897293091,0.3246048390865326,-0.018311206251382828,0.6120280027389526,-0.02352275885641575,0.6452952027320862,0.04338882863521576,0.6288513541221619,-0.02264581061899662,0.6509327292442322,-0.04590754210948944,0.6464815139770508
23724032,0.7513937950134277,0.3250489830970764,-0.018879100680351257,0.6104825735092163,-0.029018830507993698,0.6467532515525818,0.04024375230073929,0.6288604736328125,-0.029247984290122986,0.6511218547821045,-0.04812360927462578,0.6475811004638672
23855104,0.7478464841842651,0.3328138589859009,-0.014147629961371422,0.6130349636077881,-0.051118720322847366,0.645256757736206,0.05362720042467117,0.6301239728927612,-0.03673490136861801,0.6544880867004395,-0.06218726187944412,0.6486910581588745
23986176,0.7452366352081299,0.33388277888298035,-0.013791842386126518,0.6093212366104126,-0.04464896023273468,0.6433786749839783,0.04776410758495331,0.6269986033439636,-0.03098752722144127,0.650468647480011,-0.04716265946626663,0.647991418838501
24117248,0.749885082244873,0.33117514848709106,-0.008063914254307747,0.610686182975769,-0.047373078763484955,0.6448810696601868,0.04509671777486801,0.6285774111747742,-0.03788037598133087,0.6510421633720398,-0.04627674072980881,0.6476680040359497
24248320,0.748143196105957,0.3326640725135803,-0.010535916313529015,0.6123496890068054,-0.03746403753757477,0.6474411487579346,0.049602411687374115,0.6319579482078552,-0.03638249635696411,0.6507572531700134,-0.040541425347328186,0.649492084980011
24379392,0.7524662017822266,0.3307156562805176,-0.01683744415640831,0.6138729453086853,-0.03168530762195587,0.6478955149650574,0.05736636742949486,0.6315762400627136,-0.027526238933205605,0.6501665115356445,-0.03962579369544983,0.6520423293113708
24510464,0.7515719532966614,0.33091455698013306,-0.013929808512330055,0.6117196679115295,-0.025907371193170547,0.6474090814590454,0.05864977836608887,0.6301960945129395,-0.025575950741767883,0.6507056355476379,-0.04207151383161545,0.6526228785514832
24641536,0.7506548166275024,0.33333680033683777,-0.00599043071269989,0.6132811903953552,-0.022768650203943253,0.6476874947547913,0.055656760931015015,0.633232831954956,-0.022288866341114044,0.648888349533081,-0.03643596172332764,0.6522687673568726
24772608,0.7475175857543945,0.3367324769496918,-0.0013194202911108732,0.6128296852111816,-0.019959595054388046,0.6490404605865479,0.05642680078744888,0.6317247152328491,-0.02167144976556301,0.6500528454780579,-0.04264381527900696,0.6508159041404724
24903680,0.7522242665290833,0.3310180902481079,-0.004800647497177124,0.6140760183334351,-0.018356094136834145,0.6503052711486816,0.05839063227176666,0.6316066384315491,-0.019458329305052757,0.6478654146194458,-0.03806867450475693,0.6495339274406433
25034752,0.7557889223098755,0.3320254981517792,-0.00016524270176887512,0.6121227741241455,-0.014788882806897163,0.6499798893928528,0.06189480423927307,0.6337354779243469,-0.018707286566495895,0.6483040452003479,-0.04224655032157898,0.6480366587638855
25165824,0.7569681406021118,0.3283144235610962,0.00015862571308389306,0.6136731505393982,-0.02329995669424534,0.6500065922737122,0.056689947843551636,0.6337832808494568,-0.024223685264587402,0.6494733691215515,-0.041136737912893295,0.6494008302688599
25296896,0.7579562664031982,0.32924360036849976,-0.0011916612274944782,0.6146326661109924,-0.020734155550599098,0.6475414037704468,0.055816374719142914,0.6338054537773132,-0.020094722509384155,0.6481082439422607,-0.0391843244433403,0.6480150818824768
25427968,0.7613076567649841,0.32535597681999207,-0.005308059044182301,0.6160627603530884,-0.026572924107313156,0.6488739848136902,0.05561494082212448,0.6325910687446594,-0.021352488547563553,0.6508750319480896,-0.04548725485801697,0.64944988489151
25559040,0.7615334987640381,0.32343026995658875,-0.013101311400532722,0.6145665049552917,-0.037612318992614746,0.6460105180740356,0.05090251564979553,0.6293952465057373,-0.022135870531201363,0.6502663493156433,-0.04724012315273285,0.648996889591217
25690112,0.7625946998596191,0.319627583026886,-0.008451119996607304,0.6126240491867065,-0.038275595754384995,0.6452212333679199,0.05138001590967178,0.6300776600837708,-0.02462572418153286,0.6482211351394653,-0.05304543673992157,0.6489849090576172
25821184,0.7636721134185791,0.3190177381038666,-0.008131247945129871,0.612320065498352,-0.033768098801374435,0.6469650268554688,0.04693201556801796,0.633395791053772,-0.021505722776055336,0.6495951414108276,-0.053004421293735504,0.648817241191864
25952256,0.7624332308769226,0.323207288980484,-0.01163804717361927,0.6129276156425476,-0.043944358825683594,0.6495156288146973,0.043568238615989685,0.6359429955482483,-0.018715981394052505,0.6536727547645569,-0.05127592012286186,0.647223949432373
26083328,0.7630167007446289,0.31792208552360535,-0.01028413139283657,0.609383761882782,-0.03694777935743332,0.648979127407074,0.042767442762851715,0.6346794962882996,-0.014568796381354332,0.6533290147781372,-0.05007603019475937,0.650838315486908
26214400,0.7594290971755981,0.32283633947372437,-0.007295303512364626,0.6080213189125061,-0.04269055649638176,0.6470794677734375,0.04030287265777588,0.6318850517272949,-0.018883544951677322,0.6525339484214783,-0.05324137210845947,0.6477248668670654
26345472,0.7638177871704102,0.3175927996635437,-0.007733243517577648,0.6075765490531921,-0.042627617716789246,0.6428865194320679,0.04463779181241989,0.6318679451942444,-0.015444349497556686,0.6527935862541199,-0.053089749068021774,0.6492146849632263
26476544,0.7671020030975342,0.317302942276001,0.009469326585531235,0.6105418801307678,-0.0436231791973114,0.6433542370796204,0.05441274866461754,0.6351205110549927,-0.01814400404691696,0.6550195813179016,-0.06995677947998047,0.6463738679885864
26607616,0.7581993341445923,0.3264938294887543,0.014861577190458775,0.6097023487091064,-0.03602204471826553,0.6455941200256348,0.05348890274763107,0.6351839303970337,-0.0036039368715137243,0.6509004235267639,-0.058992572128772736,0.6490682363510132
26738688,0.758117139339447,0.3251578211784363,0.017038609832525253,0.6107226014137268,-0.035807475447654724,0.645895779132843,0.04779177904129028,0.6344630122184753,0.0009100799798034132,0.6513928174972534,-0.05477549880743027,0.6486920118331909
26869760,0.7584489583969116,0.3248784840106964,0.02095886878669262,0.6117104291915894,-0.031226860359311104,0.645429790019989,0.03958240523934364,0.6369003057479858,-0.0004606767906807363,0.6511364579200745,-0.05069940909743309,0.649013876914978
27000832,0.7608365416526794,0.32015934586524963,0.015914686024188995,0.6096660494804382,-0.030123267322778702,0.6456151604652405,0.05034869536757469,0.6344510316848755,0.004660117439925671,0.6495620012283325,-0.04639346897602081,0.6486119031906128
27131904,0.7596900463104248,0.3231666088104248,0.020321818068623543,0.60945063829422,-0.029822956770658493,0.6465780138969421,0.04804615676403046,0.6352997422218323,0.0018911910010501742,0.6491824388504028,-0.04862573742866516,0.6461922526359558
27262976,0.7567723989486694,0.32611677050590515,0.016627544537186623,0.6122692823410034,-0.025805406272411346,0.648235023021698,0.05204818397760391,0.6347932815551758,-0.005767543334513903,0.6478840112686157,-0.044925007969141006,0.6490188241004944
27394048,0.7546401023864746,0.32626762986183167,0.019266940653324127,0.6103670597076416,-0.0223214291036129,0.6498092412948608,0.05567639693617821,0.6341968178749084,-0.005150659941136837,0.6498849987983704,-0.039477407932281494,0.6491569876670837
27525120,0.7557427287101746,0.32690808176994324,0.015841059386730194,0.6117004156112671,-0.022295529022812843,0.6502793431282043,0.054004915058612823,0.6347890496253967,-0.006929467897862196,0.6507054567337036,-0.03520383685827255,0.6509770154953003
27656192,0.7539557814598083,0.32652729749679565,0.011586564593017101,0.6102304458618164,-0.024502623826265335,0.6490925550460815,0.04919310659170151,0.6342911124229431,-0.013117758557200432,0.6484406590461731,-0.029517948627471924,0.647892415523529
27787264,0.7548629641532898,0.3235946595668793,0.011605719104409218,0.6095882654190063,-0.02601340040564537,0.6479125022888184,0.05553677678108215,0.6303414106369019,-0.017716405913233757,0.6463670134544373,-0.03548836708068848,0.6445728540420532
27918336,0.7546769380569458,0.32548102736473083,0.010893049649894238,0.6103857159614563,-0.03471360355615616,0.64547199010849,0.05248438939452171,0.6289613842964172,-0.02492517977952957,0.6478075385093689,-0.032943446189165115,0.6444101929664612
28049408,0.7623720169067383,0.3168387711048126,0.012226667255163193,0.6086484789848328,-0.04113151505589485,0.6471372246742249,0.050871651619672775,0.6288929581642151,-0.026933059096336365,0.6460899114608765,-0.039178699254989624,0.6436184048652649
28180480,0.7605870962142944,0.31856778264045715,0.013184141367673874,0.6101624965667725,-0.042254865169525146,0.6429967284202576,0.050780393183231354,0.6295332908630371,-0.029362011700868607,0.6461713314056396,-0.03859561309218407,0.6447246074676514
28311552,0.7595747709274292,0.3177051544189453,0.012660053558647633,0.6118189096450806,-0.046291086822748184,0.6434511542320251,0.051121786236763,0.6325399875640869,-0.030611775815486908,0.6442082524299622,-0.032782427966594696,0.6464580297470093
28442624,0.758756697177887,0.3203815817832947,0.020286038517951965,0.6116596460342407,-0.04798783361911774,0.6443989872932434,0.05040206387639046,0.6323980093002319,-0.03226875513792038,0.6435511708259583,-0.03654571622610092,0.6449054479598999
28573696,0.7585168480873108,0.32108259201049805,0.022295977920293808,0.6116529703140259,-0.041777968406677246,0.6449111700057983,0.053829461336135864,0.6303075551986694,-0.02444440871477127,0.6419541239738464,-0.03186304494738579,0.6447833180427551
28704768,0.7576399445533752,0.3235202133655548,0.028759153559803963,0.6116089820861816,-0.027035269886255264,0.6453346610069275,0.048519566655159,0.6315454244613647,-0.0140828313305974,0.6425372362136841,-0.030362343415617943,0.648252546787262
28835840,0.7601779103279114,0.3221035301685333,0.024360883980989456,0.614661455154419,-0.03054662048816681,0.6451627612113953,0.05542583018541336,0.6342035531997681,-0.012587283737957478,0.6445202231407166,-0.03840736672282219,0.6457837224006653
28966912,0.7554026246070862,0.32454273104667664,0.026214253157377243,0.6140697002410889,-0.026936005800962448,0.6424342393875122,0.0517180860042572,0.6309929490089417,-0.012379744090139866,0.6451950669288635,-0.044462524354457855,0.6462775468826294
29097984,0.7582917809486389,0.32231149077415466,0.020004095509648323,0.6169270873069763,-0.029901470988988876,0.6418320536613464,0.048652902245521545,0.6340917944908142,-0.016335226595401764,0.6424676775932312,-0.05148766189813614,0.6451693773269653
29229056,0.7582217454910278,0.32079532742500305,0.025497687980532646,0.6130343675613403,-0.03186669200658798,0.642093300819397,0.042157649993896484,0.632609486579895,-0.012421531602740288,0.6405422687530518,-0.04558717831969261,0.6425687074661255
29360128,0.7588272094726562,0.32186272740364075,0.020643780007958412,0.6118559837341309,-0.026312265545129776,0.6459827423095703,0.04205333814024925,0.63132643699646,-0.01506631076335907,0.6420601010322571,-0.04389355704188347,0.6442171931266785
29491200,0.7570896148681641,0.3220500946044922,0.02664756402373314,0.6105455756187439,-0.027257459238171577,0.6438195109367371,0.04740529507398605,0.6298086047172546,-0.012996874749660492,0.6412631273269653,-0.04272530600428581,0.6431142687797546
29622272,0.7584807276725769,0.32032227516174316,0.028951622545719147,0.6091461181640625,-0.024756623432040215,0.6428008675575256,0.039629947394132614,0.6312576532363892,-0.013031082227826118,0.6422922015190125,-0.04487956315279007,0.640559732913971
29753344,0.7587864995002747,0.31981298327445984,0.03360357508063316,0.6102879047393799,-0.021253883838653564,0.6409599781036377,0.0386471301317215,0.6300475001335144,-0.015212194062769413,0.6411963105201721,-0.03897446021437645,0.6384665369987488
29884416,0.7593335509300232,0.31909334659576416,0.02659568376839161,0.6115891337394714,-0.026564348489046097,0.6406453251838684,0.03948555514216423,0.6289970278739929,-0.01714073121547699,0.6391391158103943,-0.03498245030641556,0.6382917165756226
30015488,0.7595494985580444,0.3186642527580261,0.025568341836333275,0.6094672083854675,-0.03542459383606911,0.6361558437347412,0.03853766247630119,0.6281542181968689,-0.02418437972664833,0.6378567218780518,-0.03306656703352928,0.637704610824585
30146560,0.7585865259170532,0.318107545375824,0.028390102088451385,0.6097112894058228,-0.03683850169181824,0.6357331871986389,0.033059582114219666,0.6280059218406677,-0.020438648760318756,0.636903703212738,-0.033195748925209045,0.6387165784835815
30277632,0.7589465379714966,0.3183288276195526,0.02805209532380104,0.6129941940307617,-0.03809108957648277,0.6370226740837097,0.033972471952438354,0.628014326095581,-0.022752119228243828,0.635951578617096,-0.03380706161260605,0.6426833868026733
30408704,0.7603589296340942,0.3177478611469269,0.01615404710173607,0.610121488571167,-0.030122192576527596,0.6360455751419067,0.036093972623348236,0.627094030380249,-0.028619812801480293,0.6355032324790955,-0.03476305678486824,0.6411487460136414
30539776,0.7598684430122375,0.3192126154899597,0.02072821371257305,0.6087614297866821,-0.03002581186592579,0.6372091770172119,0.030025571584701538,0.6283286809921265,-0.025107432156801224,0.6352255940437317,-0.03909926116466522,0.6433649063110352
30670848,0.7651354074478149,0.3107324242591858,0.018045777454972267,0.6073678731918335,-0.022096697241067886,0.6372355818748474,0.026073947548866272,0.6254094243049622,-0.014689264819025993,0.63499915599823,-0.03816559165716171,0.6425319910049438
30801920,0.7623342871665955,0.3122645318508148,0.012410860508680344,0.6098402738571167,-0.017980795353651047,0.63710618019104,0.02362527698278427,0.6234110593795776,-0.01180850900709629,0.6368760466575623,-0.038926318287849426,0.6418071985244751
30932992,0.7685419321060181,0.3087138533592224,0.018885541707277298,0.6077101230621338,-0.016439685598015785,0.6367847323417664,0.021029040217399597,0.6244267225265503,-0.011261910200119019,0.6344814300537109,-0.04097449779510498,0.640588104724884
31064064,0.764002799987793,0.31392842531204224,0.026737984269857407,0.609115719795227,-0.02711092308163643,0.6374334096908569,0.023430870845913887,0.6263653635978699,-0.010786931030452251,0.6364089846611023,-0.03060506470501423,0.6438009142875671
31195136,0.7668101787567139,0.310803085565567,0.02438870072364807,0.6079291105270386,-0.028587115928530693,0.6374489068984985,0.02691420167684555,0.6270254254341125,-0.01764937862753868,0.635378360748291,-0.029627593234181404,0.6447436809539795
31326208,0.768737256526947,0.30796828866004944,0.027924630790948868,0.6077194809913635,-0.0284575168043375,0.6388808488845825,0.029298413544893265,0.6252556443214417,-0.014247484505176544,0.6342907547950745,-0.022867389023303986,0.6464065909385681
31457280,0.773396909236908,0.3012441396713257,0.027803519740700722,0.6030368208885193,-0.030994851142168045,0.6396357417106628,0.031103212386369705,0.6267690658569336,-0.018552027642726898,0.6309464573860168,-0.02326001226902008,0.6455363631248474
31588352,0.7752948999404907,0.29997092485427856,0.0343439057469368,0.6042739748954773,-0.023752301931381226,0.6412412524223328,0.04064950346946716,0.6267353892326355,-0.017653565853834152,0.6324363350868225,-0.013406472280621529,0.6454897522926331
31719424,0.7739894986152649,0.3048146963119507,0.04149936884641647,0.6071944832801819,-0.03525085747241974,0.6405976414680481,0.05888104438781738,0.631942868232727,-0.027002763003110886,0.6357010006904602,-0.019172457978129387,0.6464574933052063
31850496,0.7732885479927063,0.3049762547016144,0.03707382455468178,0.6040725708007812,-0.034020207822322845,0.6382331252098083,0.05599460378289223,0.6301234364509583,-0.017827406525611877,0.6319184303283691,-0.012046759948134422,0.6451236009597778
31981568,0.7718531489372253,0.30649927258491516,0.03646167367696762,0.6072314977645874,-0.027749821543693542,0.6369255185127258,0.053898632526397705,0.633007824420929,-0.0226026251912117,0.634393572807312,-0.01715959794819355,0.6417871117591858
32112640,0.7694418430328369,0.30715298652648926,0.037025608122348785,0.6036320924758911,-0.027095414698123932,0.6345083117485046,0.04308657348155975,0.6302179098129272,-0.023073313757777214,0.6340377330780029,-0.020463021472096443,0.6397331357002258
32243712,0.7689290046691895,0.3081683814525604,0.03109436109662056,0.6039149165153503,-0.030994493514299393,0.6352359652519226,0.05052570998668671,0.6306307911872864,-0.015842612832784653,0.6372201442718506,-0.017643816769123077,0.6433572173118591
32374784,0.7699668407440186,0.30724698305130005,0.03273683786392212,0.6036621332168579,-0.023602528497576714,0.6371763944625854,0.04692637175321579,0.6318795680999756,-0.012961958535015583,0.6369076371192932,-0.025579186156392097,0.6423769593238831
32505856,0.7651148438453674,0.3115992248058319,0.03489827364683151,0.6043664813041687,-0.028638891875743866,0.6344385147094727,0.04749295860528946,0.6310412287712097,-0.004813354462385178,0.6365842223167419,-0.03068050555884838,0.6399052739143372
32636928,0.7653411626815796,0.3070909380912781,0.04471364989876747,0.6048040986061096,-0.026894092559814453,0.6348952651023865,0.049902331084012985,0.628369927406311,0.0021404949948191643,0.6386296153068542,-0.025727087631821632,0.6380601525306702
32768000,0.7638213038444519,0.3098530173301697,0.04495006054639816,0.6041548848152161,-0.030246252194046974,0.6356331706047058,0.045709237456321716,0.628928542137146,0.01117030717432499,0.6378139853477478,-0.022275149822235107,0.6370877623558044
32899072,0.7603232860565186,0.31506678462028503,0.04220960661768913,0.6074727773666382,-0.0352172777056694,0.6376516819000244,0.048922304064035416,0.6297125220298767,0.012361647561192513,0.6388491988182068,-0.02465875819325447,0.6380515694618225
33030144,0.762710452079773,0.3116423487663269,0.05355093628168106,0.6050609350204468,-0.03711158037185669,0.637091338634491,0.042407356202602386,0.6276705861091614,0.014645091257989407,0.6377294063568115,-0.026653394103050232,0.6357836723327637
33161216,0.7627312541007996,0.3128102421760559,0.04771598428487778,0.6034052968025208,-0.04831196740269661,0.6348909139633179,0.044364117085933685,0.6274459362030029,0.0040485067293047905,0.6361680626869202,-0.023581473156809807,0.6342349648475647
33292288,0.7590317726135254,0.3158302903175354,0.052899401634931564,0.605866551399231,-0.035364359617233276,0.636925458908081,0.0518181212246418,0.6286699771881104,0.011983536183834076,0.637356162071228,-0.02196340262889862,0.6366364359855652
33423360,0.7602030038833618,0.3169780969619751,0.04681769013404846,0.6038012504577637,-0.03232879564166069,0.6360305547714233,0.05851062014698982,0.6287945508956909,0.011403728276491165,0.6379286050796509,-0.018786786124110222,0.6361108422279358
33554432,0.7568973302841187,0.3208327889442444,0.04461625590920448,0.6053016781806946,-0.02486409619450569,0.6366161108016968,0.05274014174938202,0.6333104968070984,0.0049837809056043625,0.6348727345466614,-0.017764195799827576,0.6395624876022339
33685504,0.7602680325508118,0.3185257613658905,0.050062619149684906,0.6066555976867676,-0.01897750422358513,0.6381470561027527,0.05030069127678871,0.6295812726020813,0.008408321999013424,0.6347292065620422,-0.015627767890691757,0.6391195058822632
33816576,0.7566616535186768,0.32149335741996765,0.059055574238300323,0.6083232164382935,-0.011711705476045609,0.6385905146598816,0.05550597608089447,0.6288059949874878,0.004421519115567207,0.634442150592804,-0.016339853405952454,0.6408498287200928
33947648,0.7576279044151306,0.31959137320518494,0.06325965374708176,0.6055929660797119,-0.012293269857764244,0.6379925608634949,0.05106351152062416,0.6302458643913269,0.0024757185019552708,0.633161187171936,-0.019665464758872986,0.6421257853507996
34078720,0.7571150064468384,0.3231523633003235,0.06714130938053131,0.6076958775520325,-0.011177247390151024,0.6390287280082703,0.04577505588531494,0.6295851469039917,0.012691842392086983,0.6340410113334656,-0.013946086168289185,0.6430884003639221
34209792,0.7573719024658203,0.32005882263183594,0.06648695468902588,0.6061729788780212,-0.019725603982806206,0.6362338662147522,0.04964400827884674,0.6284667253494263,0.017494767904281616,0.6336544752120972,-0.02002079039812088,0.6456943154335022
34340864,0.7514191269874573,0.3326513171195984,0.06577489525079727,0.6102359294891357,-0.024637511000037193,0.6374895572662354,0.046135447919368744,0.6309857964515686,0.021708007901906967,0.6382882595062256,-0.025386855006217957,0.649179995059967
34471936,0.7490924000740051,0.3272348642349243,0.07373586297035217,0.6061465740203857,-0.024634193629026413,0.6373925805091858,0.046225301921367645,0.6290775537490845,0.023692823946475983,0.6373347640037537,-0.01121399737894535,0.6502326130867004
34603008,0.7499902248382568,0.3303561508655548,0.07560087740421295,0.6087452173233032,-0.021664509549736977,0.6372950077056885,0.03296538442373276,0.6329693794250488,0.028955377638339996,0.6389230489730835,-0.009668322280049324,0.6534175872802734
34734080,0.7516865730285645,0.3279920518398285,0.07101209461688995,0.6069205403327942,-0.024646930396556854,0.6378045678138733,0.03643415868282318,0.631364643573761,0.0264752097427845,0.636986494064331,-0.010615426115691662,0.6548174023628235
34865152,0.7540609240531921,0.32494041323661804,0.07155848294496536,0.6040542125701904,-0.01936224475502968,0.6363190412521362,0.037696823477745056,0.6308362483978271,0.029929466545581818,0.6360564231872559,-0.008110202848911285,0.6516143679618835
34996224,0.7494269609451294,0.3292635679244995,0.0747496485710144,0.6075748205184937,-0.02133256196975708,0.6377573609352112,0.03168236464262009,0.6353057622909546,0.022037142887711525,0.6388537287712097,-0.009330864995718002,0.6533123254776001
35127296,0.7474645376205444,0.32821688055992126,0.07662123441696167,0.6053690314292908,-0.02200283855199814,0.6391953825950623,0.02898865006864071,0.6308892369270325,0.021585460752248764,0.6364157199859619,-0.010618774220347404,0.6521880626678467
35258368,0.746239960193634,0.3289424180984497,0.07961789518594742,0.6049247980117798,-0.01872568577528,0.6369507312774658,0.02917274832725525,0.6320546269416809,0.0155474953353405,0.6385610103607178,-0.017384545877575874,0.6526359915733337
35389440,0.7496918439865112,0.3248257040977478,0.06853864341974258,0.6034181118011475,-0.016720011830329895,0.6327516436576843,0.038933493196964264,0.6297265291213989,0.01392446644604206,0.6349570155143738,-0.01142801158130169,0.6501634120941162
35520512,0.7473942041397095,0.32503190636634827,0.07479304075241089,0.6062214970588684,-0.01706133410334587,0.6348513960838318,0.035955220460891724,0.6325204372406006,0.010994933545589447,0.6345803737640381,-0.013120308518409729,0.649783194065094
35651584,0.7407259941101074,0.3310947120189667,0.07317307591438293,0.6046435832977295,-0.020978350192308426,0.6326130628585815,0.037228383123874664,0.6333396434783936,0.006475886330008507,0.6333820819854736,-0.0197738129645586,0.6486432552337646
35782656,0.7428989410400391,0.33080151677131653,0.06620831042528152,0.6078607439994812,-0.025965167209506035,0.6323416829109192,0.03912527114152908,0.6326737999916077,0.005657222121953964,0.6315842866897583,-0.015779301524162292,0.6496753692626953
35913728,0.7405679821968079,0.3322199285030365,0.06553144752979279,0.6089726090431213,-0.026737840846180916,0.633062481880188,0.03982843831181526,0.6349508166313171,0.0018054632237181067,0.6301864385604858,-0.01662149652838707,0.6504239439964294
36044800,0.7403544187545776,0.33277562260627747,0.06583069264888763,0.6077765822410583,-0.02707219310104847,0.6343113780021667,0.041432932019233704,0.6348546743392944,0.001354526961222291,0.6308199167251587,-0.009443724527955055,0.6504846811294556
36175872,0.738726019859314,0.3341027498245239,0.07225792855024338,0.6092323064804077,-0.02767718955874443,0.6354863047599792,0.040122903883457184,0.6347807049751282,-0.0076082260347902775,0.631632924079895,-0.00849146768450737,0.6505741477012634
36306944,0.7408971190452576,0.3293580114841461,0.057670366019010544,0.6074187159538269,-0.022175736725330353,0.63368821144104,0.04735221713781357,0.6356004476547241,0.0031338161788880825,0.6296402812004089,-0.012942087836563587,0.6495747566223145
36438016,0.7421684265136719,0.33020320534706116,0.06170281022787094,0.6099113821983337,-0.02631729654967785,0.6353331208229065,0.04625470191240311,0.6360262632369995,-0.008244793862104416,0.6313422322273254,-0.011850881390273571,0.6525511145591736
36569088,0.7439814805984497,0.3257110118865967,0.049076881259679794,0.6107818484306335,-0.022707518190145493,0.6362434029579163,0.04483784735202789,0.6353699564933777,-0.007562954444438219,0.6306018233299255,-0.020754899829626083,0.6517126560211182
36700160,0.7463576793670654,0.3235025703907013,0.05085005611181259,0.6107043027877808,-0.02468578889966011,0.6354364156723022,0.0434580072760582,0.6336278915405273,-0.0006338611710816622,0.6307905912399292,-0.025015151128172874,0.6499649286270142
36831232,0.7429000735282898,0.33185654878616333,0.05406157299876213,0.6116526126861572,-0.027069929987192154,0.634991466999054,0.04828288406133652,0.6354770660400391,-0.008591819554567337,0.6321414113044739,-0.031132183969020844,0.6506593823432922
36962304,0.7499557733535767,0.3269469439983368,0.04822022095322609,0.6102924346923828,-0.03969946503639221,0.6382873058319092,0.05203746631741524,0.6350840330123901,-0.0064467862248420715,0.635233998298645,-0.040259309113025665,0.6489905118942261
37093376,0.7452710270881653,0.327218234539032,0.05112365260720253,0.6070473790168762,-0.03202406316995621,0.6359081268310547,0.0448608472943306,0.6350015997886658,-0.007108348421752453,0.6321865916252136,-0.03271547704935074,0.6485052704811096
37224448,0.7445759773254395,0.32803019881248474,0.05567357689142227,0.6045340895652771,-0.02706582099199295,0.6377293467521667,0.045039497315883636,0.6352087259292603,-0.005325406789779663,0.6310886740684509,-0.01961713284254074,0.6518462896347046
37355520,0.7451174855232239,0.32624465227127075,0.056194011121988297,0.6045375466346741,-0.025848176330327988,0.6390727758407593,0.045168984681367874,0.6317368745803833,-0.004147212952375412,0.6283261775970459,-0.016981765627861023,0.6523936986923218
37486592,0.7447834610939026,0.325773149728775,0.06146730110049248,0.6051989793777466,-0.030376091599464417,0.6369782090187073,0.04583897441625595,0.631285548210144,-0.00471477909013629,0.6295223236083984,-0.024245165288448334,0.6526331305503845
37617664,0.7455281019210815,0.3256344199180603,0.0579879954457283,0.6067254543304443,-0.02850714884698391,0.6383285522460938,0.046800047159194946,0.632374107837677,-0.003951702732592821,0.6291515231132507,-0.018634691834449768,0.6549686789512634
37748736,0.7430057525634766,0.3285885751247406,0.056299276649951935,0.6052245497703552,-0.025202002376317978,0.6386818885803223,0.047009699046611786,0.6320828199386597,-0.0020122542046010494,0.632982611656189,-0.014432252384722233,0.6571763753890991
37879808,0.7464967370033264,0.3310275077819824,0.04907740652561188,0.6063138842582703,-0.030080774798989296,0.6398093700408936,0.049372438341379166,0.6335376501083374,-0.004756711423397064,0.6337133049964905,-0.007257289718836546,0.6575239300727844
38010880,0.7525843381881714,0.32426756620407104,0.048662614077329636,0.6053875684738159,-0.026854410767555237,0.6395055055618286,0.0493987500667572,0.6309486031532288,0.0019103491213172674,0.6310727000236511,-0.008472121320664883,0.6569141149520874
38141952,0.751697838306427,0.3253048062324524,0.055938273668289185,0.6061208248138428,-0.025751585140824318,0.6429718732833862,0.04750745743513107,0.6326732039451599,0.00167709996458143,0.6331618428230286,-0.012168578803539276,0.6575254797935486
38273024,0.7484965324401855,0.3267224431037903,0.05207906663417816,0.6079443693161011,-0.021756716072559357,0.6424906849861145,0.047193124890327454,0.6337880492210388,0.00790123175829649,0.632979691028595,-0.0017105010338127613,0.6549764275550842
38404096,0.7512167692184448,0.3246246576309204,0.04685850813984871,0.6070799827575684,-0.020621459931135178,0.6438167691230774,0.046636734157800674,0.6354146599769592,0.005743992514908314,0.6310920119285583,-0.004409303888678551,0.6520007848739624
38535168,0.751152753829956,0.32586559653282166,0.047794025391340256,0.6082330942153931,-0.02090228721499443,0.6450379490852356,0.0552598312497139,0.6343918442726135,0.0076823243871331215,0.6318719983100891,-0.010921682231128216,0.6513304710388184
38666240,0.7472783327102661,0.3308544158935547,0.043162621557712555,0.6097081303596497,-0.02172476425766945,0.644188404083252,0.051621273159980774,0.6334579586982727,0.01167343184351921,0.6340735554695129,-0.013353821821510792,0.6542333364486694
38797312,0.7475006580352783,0.33030590415000916,0.0439634695649147,0.6096797585487366,-0.023759465664625168,0.6442950367927551,0.05870617926120758,0.631332278251648,0.008421570993959904,0.6361129283905029,-0.012535229325294495,0.6537108421325684
38928384,0.7503700256347656,0.32792770862579346,0.04819865897297859,0.6077544093132019,-0.021757017821073532,0.6441764831542969,0.06102924793958664,0.6311294436454773,0.012051776051521301,0.6404938697814941,-0.02076970785856247,0.6529910564422607
39059456,0.7488601207733154,0.32870209217071533,0.05357176437973976,0.607499361038208,-0.01002095453441143,0.6481184363365173,0.0542491152882576,0.634228527545929,0.014363203197717667,0.6434294581413269,-0.022580035030841827,0.6527081727981567
39190528,0.7458705902099609,0.333943635225296,0.057753972709178925,0.6086635589599609,-0.0029106014408171177,0.6474331021308899,0.049996521323919296,0.6340486407279968,0.019062571227550507,0.6442800760269165,-0.024555642157793045,0.6508294343948364
39321600,0.7512904405593872,0.3271794319152832,0.06195168197154999,0.606245219707489,-0.007533264346420765,0.6458597779273987,0.05514906346797943,0.6334047913551331,0.018686672672629356,0.6441695094108582,-0.026306357234716415,0.6499688625335693
39452672,0.7548335790634155,0.32400256395339966,0.06157636642456055,0.6036389470100403,-0.011421142145991325,0.6431755423545837,0.05613299459218979,0.6316766142845154,0.02033131942152977,0.6424446702003479,-0.027444470673799515,0.647399365901947
39583744,0.7603063583374023,0.32579272985458374,0.06068279221653938,0.6090390086174011,-0.028904808685183525,0.6463596224784851,0.058092035353183746,0.6354222297668457,0.015618603676557541,0.6492112278938293,-0.0372212789952755,0.649883508682251
39714816,0.7553482055664062,0.326362669467926,0.06807425618171692,0.6057793498039246,-0.030611667782068253,0.6413066387176514,0.06385041773319244,0.6322681307792664,0.016815125942230225,0.6443870663642883,-0.032208722084760666,0.6468401551246643
39845888,0.7589078545570374,0.32185080647468567,0.06821106374263763,0.6035012602806091,-0.025704847648739815,0.6397877931594849,0.0529780313372612,0.6315751671791077,0.0169328935444355,0.6401180028915405,-0.02445831708610058,0.6464788913726807
39976960,0.7597607374191284,0.323170006275177,0.07025782018899918,0.6052408218383789,-0.024185212329030037,0.6388062238693237,0.05143304914236069,0.6291016340255737,0.013362014666199684,0.6384124159812927,-0.022894680500030518,0.6468983292579651
40108032,0.7625839710235596,0.31934213638305664,0.0733380913734436,0.6047635078430176,-0.027613021433353424,0.640087902545929,0.05101481080055237,0.6298491358757019,0.01481030136346817,0.6399387121200562,-0.02867419831454754,0.6478918194770813
40239104,0.7636252641677856,0.31591686606407166,0.07901649177074432,0.6046276688575745,-0.028117476031184196,0.6410936117172241,0.049985356628894806,0.630242109298706,0.011984745971858501,0.6401841044425964,-0.024443477392196655,0.6508380174636841
40370176,0.7655329704284668,0.31566134095191956,0.08060580492019653,0.6027956604957581,-0.034608159214258194,0.637439489364624,0.048393554985523224,0.6324594616889954,0.005634495057165623,0.6403160095214844,-0.0316675566136837,0.6499786972999573
40501248,0.7637861371040344,0.31902220845222473,0.06777606904506683,0.6023412942886353,-0.03492326661944389,0.6384975910186768,0.04848442226648331,0.6316930651664734,0.006675315089523792,0.6371080875396729,-0.02706201747059822,0.6500892639160156
40632320,0.7674010992050171,0.3149135410785675,0.06667353212833405,0.6019922494888306,-0.029899733141064644,0.6366429328918457,0.045721542090177536,0.6296274662017822,0.0075817350298166275,0.6337844133377075,-0.017838727682828903,0.651183545589447
40763392,0.7686028480529785,0.31599903106689453,0.06064986437559128,0.6001490354537964,-0.02934214100241661,0.6349143981933594,0.04455993324518204,0.6291823387145996,0.0015253234887495637,0.6311291456222534,-0.01682836376130581,0.6487472057342529
40894464,0.767349362373352,0.3169955909252167,0.055687714368104935,0.597352147102356,-0.02764119580388069,0.63278728723526,0.04455820471048355,0.6250235438346863,-0.0007922730874270201,0.6288860440254211,-0.02003558725118637,0.6498509049415588
41025536,0.7652581930160522,0.3153044879436493,0.052863381803035736,0.6011609435081482,-0.025984518229961395,0.6323950290679932,0.043020665645599365,0.6270673871040344,-0.004388526547700167,0.6295093894004822,-0.018165305256843567,0.6534611582756042
41156608,0.7628065347671509,0.3182746171951294,0.05819950997829437,0.5985118746757507,-0.035775624215602875,0.6321927309036255,0.04021238163113594,0.625928521156311,-0.008535172790288925,0.6270618438720703,-0.01901286654174328,0.6507112383842468
41287680,0.7662919759750366,0.31419453024864197,0.05192975699901581,0.5948755741119385,-0.03790438920259476,0.6318753957748413,0.0432547852396965,0.6249935030937195,-0.013397187925875187,0.6279990077018738,-0.017804428935050964,0.6478052139282227
41418752,0.768394947052002,0.31354519724845886,0.05063008889555931,0.5950465798377991,-0.0331474170088768,0.630354642868042,0.04244709014892578,0.625179648399353,-0.012316209264099598,0.6282699704170227,-0.017260676249861717,0.6486352682113647
41549824,0.7653905153274536,0.31423866748809814,0.05281051620841026,0.5973954200744629,-0.034301020205020905,0.6302791833877563,0.04260636121034622,0.6257103085517883,-0.020753685384988785,0.6251162886619568,-0.022228896617889404,0.648444652557373
41680896,0.7640451192855835,0.3165211081504822,0.05350305140018463,0.5960036516189575,-0.02810014970600605,0.6302044987678528,0.032523397356271744,0.6273046731948853,-0.021882586181163788,0.6249589323997498,-0.01571905054152012,0.6453842520713806
41811968,0.7629759311676025,0.31746354699134827,0.05254742503166199,0.5952336192131042,-0.02185746654868126,0.6304725408554077,0.03232484310865402,0.6266458630561829,-0.02340409718453884,0.6246248483657837,-0.018354244530200958,0.6452359557151794
41943040,0.7681797742843628,0.309497207403183,0.05897126346826553,0.5943672060966492,-0.019405744969844818,0.629287838935852,0.029278527945280075,0.6275196075439453,-0.023683391511440277,0.6234461069107056,-0.017443262040615082,0.6457260847091675
42074112,0.7717464566230774,0.3036251664161682,0.059416696429252625,0.5936946868896484,-0.016432836651802063,0.6302825212478638,0.029971659183502197,0.6282945871353149,-0.014288892969489098,0.6230831742286682,-0.018318692222237587,0.6449545621871948
42205184,0.7725152969360352,0.3085382878780365,0.06604687124490738,0.5956085920333862,-0.02994174137711525,0.631974995136261,0.042973458766937256,0.628833532333374,-0.01788236014544964,0.6281111836433411,-0.034490276128053665,0.646294355392456
42336256,0.7706948518753052,0.3057091534137726,0.05752215161919594,0.594879150390625,-0.03151514753699303,0.6285634636878967,0.050097186118364334,0.628576397895813,-0.019442938268184662,0.6254702806472778,-0.024983000010252,0.643562912940979
42467328,0.7681621313095093,0.30698662996292114,0.06150929629802704,0.5952292680740356,-0.02822812646627426,0.6320688724517822,0.046498872339725494,0.628081202507019,-0.015261625871062279,0.6269980669021606,-0.020394721999764442,0.6432740688323975
42598400,0.7711745500564575,0.307819128036499,0.058141425251960754,0.5984314680099487,-0.022577732801437378,0.6333436965942383,0.05365946143865585,0.6263498067855835,-0.021377744153141975,0.6237393021583557,-0.017849203199148178,0.643891453742981
42729472,0.7706436514854431,0.31075459718704224,0.060921259224414825,0.5961205363273621,-0.02651374600827694,0.6328215599060059,0.04930813983082771,0.6266984343528748,-0.02809290401637554,0.6247878074645996,-0.020017245784401894,0.6487573981285095
42860544,0.7701252698898315,0.3126833140850067,0.05914939567446709,0.5965104103088379,-0.021767010912299156,0.6303873062133789,0.05284872651100159,0.6265684366226196,-0.016749344766139984,0.6234787106513977,-0.01958495005965233,0.6461016535758972
42991616,0.7724531888961792,0.3098962903022766,0.06078789010643959,0.599705159664154,-0.026671525090932846,0.6322219371795654,0.060117240995168686,0.6265868544578552,-0.017665814608335495,0.6254202127456665,-0.022110551595687866,0.6457908153533936
43122688,0.7749977111816406,0.3059815466403961,0.06779224425554276,0.5979412794113159,-0.025190874934196472,0.6324428915977478,0.06368884444236755,0.6273200511932373,-0.006456224247813225,0.6238799691200256,-0.01659296825528145,0.6472179293632507
43253760,0.775314211845398,0.3089916706085205,0.05796847492456436,0.5948675274848938,-0.026049578562378883,0.6340994238853455,0.07312080264091492,0.6256805062294006,-0.005983029492199421,0.6234118938446045,-0.016920406371355057,0.6456668376922607
43384832,0.7726070880889893,0.31300950050354004,0.061562784016132355,0.5944948792457581,-0.02673666551709175,0.6349177956581116,0.0727439820766449,0.6293566823005676,-0.0010982698295265436,0.6254071593284607,-0.01959044858813286,0.6487177014350891
43515904,0.7704055905342102,0.3139546811580658,0.05676236376166344,0.5964062809944153,-0.027752090245485306,0.6346209049224854,0.07252654433250427,0.6290615200996399,0.000829154159873724,0.6257558465003967,-0.021590739488601685,0.6460280418395996
43646976,0.7670234441757202,0.31429895758628845,0.059768807142972946,0.5953505039215088,-0.029743673279881477,0.6333425641059875,0.07053433358669281,0.6260044574737549,0.0015494681429117918,0.6220456957817078,-0.014584185555577278,0.6463633179664612
43778048,0.7652307748794556,0.3172575831413269,0.06186278164386749,0.5964250564575195,-0.02818569913506508,0.63379967212677,0.06746342033147812,0.6294954419136047,0.007471201475709677,0.6235689520835876,-0.016353148967027664,0.6463314890861511
43909120,0.7609917521476746,0.3195447325706482,0.056594766676425934,0.5938892960548401,-0.031090665608644485,0.6306180357933044,0.07028284668922424,0.6268908381462097,0.002387204673141241,0.6240996718406677,-0.015181533992290497,0.6442117094993591
44040192,0.7664659023284912,0.3134142756462097,0.04878130927681923,0.594963788986206,-0.025560786947607994,0.6310407519340515,0.07071615755558014,0.6268011331558228,0.0013176709180697799,0.6238106489181519,-0.019646672531962395,0.6450106501579285
44171264,0.7628180980682373,0.31937289237976074,0.04864949733018875,0.5955622792243958,-0.03073488548398018,0.6309902667999268,0.07038906961679459,0.628303050994873,-0.0026342414785176516,0.6260347366333008,-0.019844479858875275,0.647671103477478
44302336,0.764111340045929,0.3191593587398529,0.04677630215883255,0.5940846800804138,-0.02388155832886696,0.6291215419769287,0.07604022324085236,0.6265771389007568,-0.002509046345949173,0.6277974247932434,-0.022581269964575768,0.6467908024787903
44433408,0.7638043165206909,0.32043567299842834,0.043421633541584015,0.5959564447402954,-0.03645486384630203,0.6277880072593689,0.06963273882865906,0.6287326812744141,0.004030274692922831,0.6267632842063904,-0.027127664536237717,0.6448808312416077
44564480,0.7628976702690125,0.31960707902908325,0.04398822784423828,0.5943322777748108,-0.043265894055366516,0.6257556676864624,0.07126083970069885,0.6254505515098572,0.00048027688171714544,0.6252149343490601,-0.0346871092915535,0.6422888040542603
44695552,0.7627655267715454,0.3189185559749603,0.033275097608566284,0.5942466259002686,-0.04344110190868378,0.6234153509140015,0.07183819264173508,0.6221035122871399,0.0024159452877938747,0.6255797147750854,-0.034924112260341644,0.6409374475479126
44826624,0.7604926824569702,0.3274986743927002,0.04045713692903519,0.5984752774238586,-0.04927707090973854,0.6264076828956604,0.06878438591957092,0.6257854700088501,-0.008871259167790413,0.6318798065185547,-0.040346525609493256,0.6449066400527954
44957696,0.7628200650215149,0.323346346616745,0.037763774394989014,0.5962088108062744,-0.03952112793922424,0.6250248551368713,0.069271519780159,0.6257579326629639,-0.00079521001316607,0.627544105052948,-0.025831039994955063,0.6393088698387146
45088768,0.7643426060676575,0.3221305310726166,0.03770330920815468,0.5936309695243835,-0.02981225959956646,0.6248725056648254,0.06796115636825562,0.6259996294975281,0.0016447881935164332,0.6303688883781433,-0.02143988385796547,0.6417255401611328
45219840,0.7631129026412964,0.32132652401924133,0.042771659791469574,0.5895224809646606,-0.0325218141078949,0.6233745217323303,0.06511255353689194,0.62392258644104,0.002751524094492197,0.6256694793701172,-0.021324608474969864,0.641572892665863
45350912,0.7630928754806519,0.32302260398864746,0.04274170100688934,0.5911508798599243,-0.029715608805418015,0.6258782744407654,0.06492969393730164,0.6254974007606506,0.004051235504448414,0.6292108297348022,-0.018652040511369705,0.6438085436820984
45481984,0.764290452003479,0.3165817856788635,0.04171876981854439,0.5887565612792969,-0.02452349290251732,0.623884916305542,0.06418529152870178,0.6240086555480957,0.0038835820741951466,0.6271442174911499,-0.01986161433160305,0.6423891186714172
45613056,0.7636861205101013,0.3169633150100708,0.03785628825426102,0.5898042917251587,-0.02311447635293007,0.6267529726028442,0.05524208024144173,0.6259803771972656,-0.00410576444119215,0.6289018392562866,-0.02397642843425274,0.6427791714668274
45744128,0.7607775926589966,0.3176955580711365,0.0474359393119812,0.5901718735694885,-0.020209355279803276,0.6253242492675781,0.05632752552628517,0.6252862811088562,-0.003937772009521723,0.6292436718940735,-0.02504611946642399,0.6408438682556152
45875200,0.7591232061386108,0.32095783948898315,0.04249892383813858,0.5912161469459534,-0.015832938253879547,0.6256094574928284,0.05444080010056496,0.6254887580871582,8.477357914671302e-05,0.6265023946762085,-0.02228372171521187,0.6392309665679932
46006272,0.7601127624511719,0.3179076313972473,0.048914991319179535,0.5897501111030579,-0.021976027637720108,0.6255947947502136,0.0516020804643631,0.6294386982917786,0.0025580839719623327,0.6294174790382385,-0.027850691229104996,0.6388322710990906
46137344,0.7581669688224792,0.3229897916316986,0.04860091954469681,0.5916576385498047,-0.027097493410110474,0.6255431771278381,0.048945102840662,0.6279636025428772,-0.004298978019505739,0.6317386031150818,-0.03352031856775284,0.6378313899040222
46268416,0.7617958188056946,0.3189559876918793,0.04677212983369827,0.5898895263671875,-0.019925296306610107,0.6222497224807739,0.04941321164369583,0.625602662563324,-0.006351975258439779,0.6299744248390198,-0.035682156682014465,0.6350192427635193
46399488,0.7622619867324829,0.3201940059661865,0.046244263648986816,0.5879716873168945,-0.017381176352500916,0.6223222613334656,0.053089242428541183,0.6252861022949219,-0.010664431378245354,0.6296000480651855,-0.03745289891958237,0.6328417658805847
46530560,0.7626956701278687,0.31774964928627014,0.044485606253147125,0.5914859771728516,-0.025759153068065643,0.6228650808334351,0.054603323340415955,0.627267599105835,-0.01449967548251152,0.6280527114868164,-0.03693179041147232,0.6325134038925171
46661632,0.7589079141616821,0.3205021619796753,0.043300189077854156,0.5901702046394348,-0.0199456624686718,0.6208197474479675,0.05776827037334442,0.6273518204689026,-0.014320804737508297,0.6294453144073486,-0.032656021416187286,0.6329262256622314
46792704,0.7669169902801514,0.3126866817474365,0.04352463036775589,0.5872763991355896,-0.01556217111647129,0.6237878799438477,0.060344092547893524,0.6261852383613586,-0.01743345707654953,0.6282164454460144,-0.028008446097373962,0.6340571641921997
46923776,0.7665149569511414,0.31403422355651855,0.03905266895890236,0.5862991213798523,-0.022094368934631348,0.6238024830818176,0.05593127757310867,0.6295987963676453,-0.023699508979916573,0.6308331489562988,-0.029465187340974808,0.6354932188987732
47054848,0.7653313875198364,0.31640103459358215,0.04544270783662796,0.5865272283554077,-0.015946952626109123,0.6256281733512878,0.062385231256484985,0.6299232244491577,-0.01914931833744049,0.6311776041984558,-0.02517877146601677,0.6355736255645752
47185920,0.767992377281189,0.30970340967178345,0.04287134110927582,0.5890030860900879,-0.019531991332769394,0.6268681287765503,0.06279028952121735,0.6315650939941406,-0.017664600163698196,0.6330006718635559,-0.021964900195598602,0.6363705396652222
47316992,0.7635043859481812,0.3145220875740051,0.0370309017598629,0.5867500901222229,-0.019170396029949188,0.6256656646728516,0.06630860269069672,0.6286104321479797,-0.010616644285619259,0.6339942812919617,-0.018539531156420708,0.6356176733970642
47448064,0.7664147615432739,0.3168841600418091,0.04612307250499725,0.5913346409797668,-0.024848800152540207,0.6295832991600037,0.06760935485363007,0.6301294565200806,-0.013505026698112488,0.6349237561225891,-0.025581926107406616,0.6406658887863159
47579136,0.7678093910217285,0.31175315380096436,0.04886709526181221,0.5886995196342468,-0.023567600175738335,0.6271998882293701,0.07596047967672348,0.6271189451217651,-0.0037007585633546114,0.6330993175506592,-0.014406396076083183,0.635398268699646
47710208,0.7681806683540344,0.3119618594646454,0.03723796084523201,0.5897269248962402,-0.03319574147462845,0.6240559816360474,0.0804511085152626,0.6270163655281067,-0.0044800289906561375,0.6320483684539795,-0.015075918287038803,0.6352049708366394
47841280,0.7686561346054077,0.30980488657951355,0.04743150249123573,0.5861205458641052,-0.031155236065387726,0.6238417625427246,0.08725007623434067,0.6246581673622131,-0.004863419570028782,0.6326754093170166,-0.022214192897081375,0.6317461133003235
47972352,0.7683371305465698,0.31013140082359314,0.04389146342873573,0.5835897922515869,-0.03482113033533096,0.62164306640625,0.08201833814382553,0.6206579804420471,-0.00027050916105508804,0.6321240067481995,-0.02095121704041958,0.6328767538070679
48103424,0.7717264890670776,0.3069896996021271,0.04885166883468628,0.5850728154182434,-0.036373838782310486,0.6242919564247131,0.08109967410564423,0.620948851108551,0.0039483364671468735,0.6338779926300049,-0.022527985274791718,0.6338668465614319
48234496,0.7669576406478882,0.3132125437259674,0.05032317340373993,0.5853271484375,-0.03341425955295563,0.6237726807594299,0.07304366677999496,0.62428879737854,0.00569006334990263,0.6363961100578308,-0.020356575027108192,0.6358016729354858
48365568,0.766786515712738,0.3125515878200531,0.044648490846157074,0.5820897817611694,-0.03293164074420929,0.6249727606773376,0.07331214845180511,0.624610185623169,0.006336977705359459,0.6349448561668396,-0.01667432114481926,0.6326805353164673
48496640,0.7654818296432495,0.3117755651473999,0.04720728099346161,0.583707869052887,-0.03109462559223175,0.6230533123016357,0.0678785890340805,0.6238650679588318,0.004786285571753979,0.6322102546691895,-0.018146663904190063,0.6347416639328003
48627712,0.7636047005653381,0.3175836503505707,0.04742562025785446,0.5833666324615479,-0.02668076567351818,0.6258305311203003,0.07385154068470001,0.6221252083778381,0.005336243659257889,0.6314181089401245,-0.017681997269392014,0.6344255805015564
48758784,0.7664534449577332,0.3125090003013611,0.04333746060729027,0.5815942883491516,-0.02227189764380455,0.6251307129859924,0.0757206529378891,0.6230342984199524,0.005163494497537613,0.6305091977119446,-0.01787259802222252,0.635700523853302
48889856,0.7649387121200562,0.31845152378082275,0.038983054459095,0.5824397206306458,-0.017982352524995804,0.6267233490943909,0.07685800641775131,0.6249392032623291,-0.0044479407370090485,0.6312258243560791,-0.019088517874479294,0.6351169943809509
49020928,0.7652000188827515,0.31708812713623047,0.04092058911919594,0.580944836139679,-0.029003139585256577,0.6248261332511902,0.07192379236221313,0.6204858422279358,-0.011250296607613564,0.6263291239738464,-0.01789161004126072,0.6301303505897522
49152000,0.7641042470932007,0.3168070912361145,0.039866235107183456,0.5804967284202576,-0.028944354504346848,0.624493420124054,0.08009542524814606,0.6171665191650391,-0.016373662278056145,0.6251009702682495,-0.016025710850954056,0.6293628811836243
49283072,0.7617934346199036,0.31658026576042175,0.05019167810678482,0.5801994204521179,-0.03359099477529526,0.6227201819419861,0.07806705683469772,0.6184897422790527,-0.019702117890119553,0.6236598491668701,-0.016273610293865204,0.6300354599952698
49414144,0.7618322372436523,0.31517425179481506,0.0468667671084404,0.5822447538375854,-0.03393367677927017,0.6249648928642273,0.06996245682239532,0.620286226272583,-0.013632802292704582,0.6238234639167786,-0.016731951385736465,0.6331645846366882
49545216,0.7638801336288452,0.31329670548439026,0.046808578073978424,0.5808687210083008,-0.035658545792102814,0.6250017881393433,0.07161945104598999,0.6182117462158203,-0.01028113067150116,0.6229787468910217,-0.016003258526325226,0.6340394020080566
49676288,0.7604092359542847,0.3189334571361542,0.04670887067914009,0.5855982303619385,-0.033798180520534515,0.6251823902130127,0.06239137053489685,0.6211432218551636,-0.009687241166830063,0.6260102391242981,-0.0145281832665205,0.6370852589607239
49807360,0.7616660594940186,0.3153543770313263,0.05630672723054886,0.5839877128601074,-0.032986871898174286,0.6229919195175171,0.05756580829620361,0.6205949783325195,-0.0037646458949893713,0.624950647354126,-0.01955242268741131,0.6361595392227173
49938432,0.7636308073997498,0.3141041696071625,0.052459485828876495,0.5846118330955505,-0.03588368743658066,0.6249583959579468,0.05333336442708969,0.6184790134429932,-0.003782282117754221,0.6249077916145325,-0.01945246383547783,0.6350399851799011
50069504,0.7628278732299805,0.31888705492019653,0.046094924211502075,0.5891584753990173,-0.04175867885351181,0.6277033090591431,0.05778930336236954,0.6225103735923767,-0.005216530989855528,0.6282446980476379,-0.03099762834608555,0.6373281478881836
50200576,0.758938193321228,0.31756171584129333,0.049976836889982224,0.587847113609314,-0.032685138285160065,0.6258158087730408,0.05174213647842407,0.6205554604530334,-0.0017628591740503907,0.6288002133369446,-0.02339707314968109,0.635491669178009
50331648,0.7619534134864807,0.3140304684638977,0.04831147938966751,0.5875354409217834,-0.026984017342329025,0.6252782344818115,0.048799894750118256,0.6202490329742432,-0.003235907992348075,0.6283690929412842,-0.021455036476254463,0.635128915309906
50462720,0.762297511100769,0.3133288621902466,0.055145591497421265,0.5874677896499634,-0.03031912073493004,0.6241844296455383,0.04974794760346413,0.6196104884147644,-0.0012781207915395498,0.6281576752662659,-0.0211945790797472,0.6365521550178528
50593792,0.7603893280029297,0.31645968556404114,0.04952392727136612,0.5905942320823669,-0.03176049888134003,0.6253533959388733,0.049412067979574203,0.6187644600868225,-0.011919467709958553,0.6261106729507446,-0.012312790378928185,0.6349978446960449
50724864,0.7640968561172485,0.3130872845649719,0.050009749829769135,0.586123526096344,-0.03566765412688255,0.6244903802871704,0.043074313551187515,0.6188105940818787,-0.009169619530439377,0.6231363415718079,-0.016362939029932022,0.6335825324058533
50855936,0.7629060745239258,0.3137720227241516,0.04862631857395172,0.5879815220832825,-0.027420081198215485,0.6245172023773193,0.04346463829278946,0.6190496683120728,-0.012814505025744438,0.6237693428993225,-0.02029356174170971,0.6333651542663574
50987008,0.7679467797279358,0.30636873841285706,0.04490732401609421,0.5897130966186523,-0.02855941280722618,0.6228337287902832,0.05149475112557411,0.6175416111946106,-0.011744536459445953,0.6247173547744751,-0.02012651413679123,0.6347431540489197
51118080,0.7651268243789673,0.31078916788101196,0.03828812018036842,0.5874427556991577,-0.028183169662952423,0.6217518448829651,0.04635017737746239,0.6163797378540039,-0.010139033198356628,0.6262877583503723,-0.027234040200710297,0.6327220797538757
51249152,0.7629654407501221,0.3148835599422455,0.040435224771499634,0.5891546607017517,-0.025522131472826004,0.6244968771934509,0.04956986755132675,0.6175256967544556,-0.00781886838376522,0.6261646151542664,-0.030638260766863823,0.6335124969482422
51380224,0.7699912786483765,0.30603325366973877,0.046420663595199585,0.5868436694145203,-0.02537866309285164,0.6234501600265503,0.04944775626063347,0.6177950501441956,-0.004622449167072773,0.6254253387451172,-0.029794692993164062,0.6341465711593628
51511296,0.7696325778961182,0.30477195978164673,0.04299605265259743,0.5855847597122192,-0.02884741500020027,0.6223909854888916,0.04146698862314224,0.6145600080490112,-0.0010118684731423855,0.6259250640869141,-0.03054524026811123,0.6335301399230957
51642368,0.7709553241729736,0.30575165152549744,0.04690466448664665,0.5851373076438904,-0.028509914875030518,0.6232418417930603,0.04169052094221115,0.6170691847801208,-0.0013395806308835745,0.6258588433265686,-0.02998976781964302,0.6351791024208069
51773440,0.768184244632721,0.30808794498443604,0.03796805441379547,0.5846440196037292,-0.023777807131409645,0.6240421533584595,0.04881305247545242,0.6175366640090942,-0.00159560632891953,0.6254034638404846,-0.03152193874120712,0.6351030468940735
51904512,0.7728142738342285,0.30150437355041504,0.03307089954614639,0.5879805684089661,-0.026257775723934174,0.6215052604675293,0.04982326179742813,0.6168900728225708,0.0038062860257923603,0.6233944296836853,-0.02849707007408142,0.6332885026931763
52035584,0.7737784385681152,0.30021029710769653,0.036112554371356964,0.5850406289100647,-0.03061382658779621,0.6232367753982544,0.0542561374604702,0.6162218451499939,4.951166920363903e-05,0.6225956082344055,-0.025950103998184204,0.6302893161773682
52166656,0.7718225717544556,0.3033097982406616,0.031101077795028687,0.5861186981201172,-0.02421758323907852,0.622567892074585,0.055703505873680115,0.6164135336875916,0.006907804869115353,0.6182999014854431,-0.021389061585068703,0.6295086145401001
52297728,0.7719020247459412,0.30494651198387146,0.040411464869976044,0.5837843418121338,-0.0259026400744915,0.6236382722854614,0.05800725519657135,0.6171077489852905,0.004177733324468136,0.6191481351852417,-0.02005508542060852,0.6301542520523071
52428800,0.7688395977020264,0.30545854568481445,0.038257937878370285,0.5866491794586182,-0.025540383532643318,0.625166118144989,0.05858670175075531,0.6153571605682373,-0.0034291790798306465,0.6213020086288452,-0.02372029237449169,0.6323171854019165
52559872,0.7683950066566467,0.3050250709056854,0.038066521286964417,0.5857173204421997,-0.024605821818113327,0.6263244152069092,0.06211726367473602,0.612671434879303,-0.002447644015774131,0.6207804083824158,-0.024214399978518486,0.6310335397720337
52690944,0.7693811655044556,0.30965474247932434,0.03875906020402908,0.5884129405021667,-0.030397478491067886,0.6294723153114319,0.05293290689587593,0.6178759932518005,-0.004179222509264946,0.6224653124809265,-0.028719549998641014,0.6342496275901794
52822016,0.7718521356582642,0.3010559678077698,0.03707953914999962,0.5834363102912903,-0.024443291127681732,0.6260616779327393,0.05196267366409302,0.6118149161338806,0.001729373587295413,0.6214957237243652,-0.024717647582292557,0.6283552646636963
52953088,0.7724304795265198,0.30355292558670044,0.03271597623825073,0.5861832499504089,-0.023035377264022827,0.6266278624534607,0.04351900517940521,0.6136305332183838,-0.005117166321724653,0.6241082549095154,-0.027541298419237137,0.6286144256591797
53084160,0.7756979465484619,0.2955690920352936,0.034550830721855164,0.5870568156242371,-0.020234365016222,0.6264673471450806,0.04862888529896736,0.6131154298782349,-0.007835778407752514,0.6209923028945923,-0.023114942014217377,0.6285774111747742
53215232,0.7777609825134277,0.29704493284225464,0.03823728859424591,0.582923412322998,-0.028204742819070816,0.6240333318710327,0.05625387281179428,0.6111922264099121,-0.013267267495393753,0.6185029149055481,-0.02844468504190445,0.6267321705818176
53346304,0.7726049423217773,0.30253031849861145,0.035609934478998184,0.5866253972053528,-0.024800974875688553,0.6240507364273071,0.055966317653656006,0.6119322180747986,-0.010033519938588142,0.6180595755577087,-0.020269036293029785,0.6270073056221008
53477376,0.7701132297515869,0.30477964878082275,0.04203342646360397,0.5858840942382812,-0.03093072772026062,0.6218286752700806,0.06092984229326248,0.6130956411361694,-0.012710057199001312,0.6183202266693115,-0.025056662037968636,0.6253238320350647
53608448,0.7689110040664673,0.30574285984039307,0.04472718760371208,0.5853885412216187,-0.029910646378993988,0.6222646236419678,0.06282142549753189,0.615018367767334,-0.014601726084947586,0.6179808378219604,-0.023994481191039085,0.6259065270423889
53739520,0.7709090709686279,0.3062346875667572,0.04606149345636368,0.5862072110176086,-0.028898753225803375,0.6246170401573181,0.06169193238019943,0.6150146126747131,-0.015981094911694527,0.6196589469909668,-0.024088812991976738,0.626562774181366
53870592,0.7707660794258118,0.3072355389595032,0.04362402856349945,0.5866036415100098,-0.031779974699020386,0.6243150234222412,0.06330019980669022,0.6176785230636597,-0.013963612727820873,0.619756281375885,-0.018170487135648727,0.6265277862548828
54001664,0.7736942768096924,0.30080553889274597,0.047224171459674835,0.584682047367096,-0.0314117930829525,0.6249351501464844,0.0683375895023346,0.6156277060508728,-0.016819536685943604,0.6174573302268982,-0.0181578379124403,0.6249816417694092
54132736,0.7734537720680237,0.30411362648010254,0.04001762717962265,0.5884042978286743,-0.03035782277584076,0.628073513507843,0.07076454162597656,0.6194557547569275,-0.017826277762651443,0.618589460849762,-0.019774943590164185,0.6287402510643005
54263808,0.7725932598114014,0.30429768562316895,0.041747212409973145,0.5844749212265015,-0.0349477119743824,0.6275423169136047,0.06910984218120575,0.6203910708427429,-0.01824348419904709,0.6201395392417908,-0.02383190579712391,0.6285685896873474
54394880,0.7768135666847229,0.3030879497528076,0.04257464408874512,0.5877233743667603,-0.03124956414103508,0.6257036924362183,0.06755614280700684,0.619244396686554,-0.013174748979508877,0.6188955307006836,-0.018139876425266266,0.631026029586792
54525952,0.7753469347953796,0.3011409640312195,0.040519338101148605,0.5851598978042603,-0.029055822640657425,0.6273492574691772,0.06440388411283493,0.6190122365951538,-0.014577271416783333,0.6195263266563416,-0.02360190637409687,0.6319456100463867
54657024,0.7813228368759155,0.29570791125297546,0.04416105896234512,0.5852166414260864,-0.026562806218862534,0.6280828714370728,0.0671459436416626,0.6181785464286804,-0.011859690770506859,0.61932373046875,-0.027043770998716354,0.6314104795455933
54788096,0.784420371055603,0.29176148772239685,0.044191114604473114,0.5867945551872253,-0.02999243140220642,0.6302980184555054,0.06336519122123718,0.617483913898468,-0.011045517399907112,0.6211310625076294,-0.031694356352090836,0.6302317380905151
54919168,0.7836573123931885,0.2963612675666809,0.037444233894348145,0.5887280702590942,-0.01731458678841591,0.6294891834259033,0.057737432420253754,0.6185611486434937,-0.0142916738986969,0.6214101910591125,-0.03440512716770172,0.6298772692680359
55050240,0.7814942002296448,0.29997608065605164,0.03668339550495148,0.5897030830383301,-0.01959991082549095,0.6283859610557556,0.05680917575955391,0.6214038133621216,-0.017126241698861122,0.6220783591270447,-0.043196141719818115,0.6290267109870911
55181312,0.784765362739563,0.2939952611923218,0.037026505917310715,0.5871586799621582,-0.01799246296286583,0.6297594904899597,0.048853568732738495,0.619184672832489,-0.013305215165019035,0.6228452324867249,-0.04144443944096565,0.6274511814117432
55312384,0.7827252745628357,0.30031487345695496,0.040744319558143616,0.5886040329933167,-0.020335756242275238,0.6314857006072998,0.05423164367675781,0.6223320364952087,-0.013027435168623924,0.6269990801811218,-0.04396235942840576,0.6304872632026672
55443456,0.7856269478797913,0.2929357588291168,0.03933233395218849,0.5885187387466431,-0.017835542559623718,0.6278961300849915,0.04889323562383652,0.6220096945762634,-0.005020192824304104,0.6243571043014526,-0.030296694487333298,0.6286479830741882
55574528,0.7789716720581055,0.30071109533309937,0.034958887845277786,0.5909866690635681,-0.01633996143937111,0.6316547989845276,0.044088974595069885,0.6182666420936584,-0.006954031065106392,0.6256288886070251,-0.02512853965163231,0.6313937902450562
55705600,0.7775129079818726,0.30312424898147583,0.03194839879870415,0.5912927985191345,-0.016383521258831024,0.6324731111526489,0.04438487067818642,0.6180322170257568,-0.007387062534689903,0.6244401931762695,-0.018437590450048447,0.6310735940933228
55836672,0.774967610836029,0.30611029267311096,0.03527611866593361,0.5949759483337402,-0.02694464847445488,0.6327459216117859,0.044520117342472076,0.6194453835487366,-0.01271313987672329,0.6256005764007568,-0.015654172748327255,0.6294952034950256
55967744,0.770392894744873,0.3119923770427704,0.038574256002902985,0.5942237377166748,-0.018777526915073395,0.6315227150917053,0.04489981383085251,0.6204655766487122,-0.00282216165214777,0.6269637942314148,-0.009843948297202587,0.6297398209571838
56098816,0.7737820148468018,0.3084013760089874,0.03670318052172661,0.5909854769706726,-0.029295416548848152,0.6281144022941589,0.05043692886829376,0.619769275188446,-0.0034267203882336617,0.6241240501403809,-0.007912459783256054,0.6312349438667297
56229888,0.7736709713935852,0.30676084756851196,0.0335412435233593,0.5892881155014038,-0.024095555767416954,0.6255841255187988,0.052266210317611694,0.6174054741859436,-0.002359606558457017,0.6238345503807068,-0.010967353358864784,0.6309733986854553
56360960,0.7738957405090332,0.3085078001022339,0.037716373801231384,0.5886467695236206,-0.03136888146400452,0.6268213987350464,0.0508325919508934,0.6183855533599854,-0.0053167687729001045,0.6250984072685242,-0.012468267232179642,0.631761908531189
56492032,0.7767667770385742,0.3039248287677765,0.032287247478961945,0.5916367173194885,-0.034280501306056976,0.6275138258934021,0.05584470182657242,0.6185828447341919,-0.003040255745872855,0.6261957883834839,-0.012991601601243019,0.6303858757019043
56623104,0.7751247882843018,0.30236154794692993,0.03176333010196686,0.590347409248352,-0.03135977312922478,0.6274194121360779,0.06489115953445435,0.6177234053611755,-0.0032528454903513193,0.6243928670883179,-0.013450720347464085,0.6309417486190796
56754176,0.7734870314598083,0.3068288564682007,0.03354208171367645,0.5908792018890381,-0.03592408448457718,0.6279953718185425,0.0647275298833847,0.6209506988525391,-0.001297390554100275,0.62616366147995,-0.016504837200045586,0.6340668797492981
56885248,0.7694007754325867,0.31246814131736755,0.040646761655807495,0.5927466750144958,-0.03356735408306122,0.6298384666442871,0.06766340881586075,0.6199725270271301,-0.00076412403723225,0.626706063747406,-0.020991560071706772,0.6330713033676147
57016320,0.7717294692993164,0.30962762236595154,0.04192953556776047,0.5916376709938049,-0.02961895614862442,0.6289340257644653,0.06771248579025269,0.619412362575531,0.004700915887951851,0.6260673403739929,-0.01917635090649128,0.6337733864784241
57147392,0.7691764831542969,0.3117690980434418,0.034742407500743866,0.5950685739517212,-0.02611200138926506,0.6310931444168091,0.0678379163146019,0.6194583773612976,-0.0022549463901668787,0.627484142780304,-0.03193904832005501,0.6307752132415771
57278464,0.7704845666885376,0.3100831210613251,0.041913457214832306,0.5955722332000732,-0.02817656844854355,0.6292068362236023,0.06939343363046646,0.6203890442848206,0.00013495358871296048,0.6270638108253479,-0.030683474615216255,0.6331855058670044
57409536,0.7703410387039185,0.31073087453842163,0.037166327238082886,0.5944632887840271,-0.026929836720228195,0.6304589509963989,0.06515941023826599,0.6243029832839966,0.00014689937233924866,0.6281808018684387,-0.024807661771774292,0.6328718662261963
57540608,0.7707408666610718,0.3096662759780884,0.039848677814006805,0.5937550663948059,-0.03112974762916565,0.6278545260429382,0.07820868492126465,0.6197218894958496,-0.0009929232764989138,0.6270689368247986,-0.024791356176137924,0.6350727081298828
57671680,0.7743581533432007,0.3070898950099945,0.039325885474681854,0.5915479063987732,-0.025571739301085472,0.6268628239631653,0.08346255123615265,0.6200266480445862,-0.003585489932447672,0.6284439563751221,-0.019444681704044342,0.634617269039154
57802752,0.7666373252868652,0.3158642649650574,0.04106467217206955,0.5911310315132141,-0.021389106288552284,0.6254042983055115,0.077545665204525,0.6246684789657593,-0.0035181804560124874,0.6270043849945068,-0.019872479140758514,0.6364089250564575
57933824,0.7730414867401123,0.31392207741737366,0.03821443021297455,0.5951359868049622,-0.017055759206414223,0.6287773847579956,0.08049502223730087,0.6248906254768372,-0.012357337400317192,0.6291061043739319,-0.02825789898633957,0.635739266872406
58064896,0.7679996490478516,0.3117230236530304,0.032394155859947205,0.594778835773468,-0.019543807953596115,0.6261066794395447,0.07491384446620941,0.6213540434837341,-0.0006346001755446196,0.6267356872558594,-0.023664072155952454,0.6311022043228149
58195968,0.7652674913406372,0.3159826397895813,0.02943190187215805,0.5946758389472961,-0.023652736097574234,0.6274144649505615,0.07358762621879578,0.6225864291191101,-0.003478890284895897,0.626903772354126,-0.021692903712391853,0.6324846148490906
58327040,0.7679244875907898,0.3063933253288269,0.03693836182355881,0.5934035778045654,-0.018876250833272934,0.6296224594116211,0.07813411206007004,0.62051922082901,-0.00015411817003041506,0.6273906230926514,-0.020637648180127144,0.6307670474052429
58458112,0.7649105787277222,0.31173571944236755,0.035767629742622375,0.5931435823440552,-0.02206968143582344,0.6288960576057434,0.07407781481742859,0.6215976476669312,-0.0014743900392204523,0.6276124715805054,-0.016647275537252426,0.6319078207015991
58589184,0.7612943649291992,0.31465959548950195,0.03952503949403763,0.5953058004379272,-0.020908720791339874,0.6308311223983765,0.07523776590824127,0.6215595006942749,0.001213540555909276,0.6279455423355103,-0.01395864225924015,0.6341721415519714
58720256,0.763851523399353,0.31256091594696045,0.03545740619301796,0.5966563820838928,-0.024894099682569504,0.6293796300888062,0.07816354185342789,0.6216097474098206,-0.001083374721929431,0.626990020275116,-0.014529021456837654,0.6335321664810181
58851328,0.7670321464538574,0.3099821209907532,0.04472117871046066,0.5945363640785217,-0.027154210954904556,0.6264559030532837,0.08247703313827515,0.6227877140045166,0.004232020117342472,0.6277137994766235,-0.015000160783529282,0.6321307420730591
58982400,0.763897716999054,0.3172990083694458,0.04160907119512558,0.5970151424407959,-0.028862586244940758,0.6286651492118835,0.08360899984836578,0.6238585114479065,0.0036824531853199005,0.6292617321014404,-0.014436013996601105,0.6337371468544006
59113472,0.7625281810760498,0.3178972005844116,0.04661927744746208,0.598110556602478,-0.026918912306427956,0.6290389895439148,0.0739193856716156,0.6251164078712463,0.004833023063838482,0.6328051090240479,-0.013462983071804047,0.634897768497467
59244544,0.764491081237793,0.3163895010948181,0.03892892599105835,0.6029388904571533,-0.023307103663682938,0.6303068399429321,0.07661564648151398,0.6261498332023621,0.009617825038731098,0.6346867084503174,-0.015390178188681602,0.6348867416381836
59375616,0.7627590894699097,0.31584441661834717,0.04710180312395096,0.6037850379943848,-0.028463080525398254,0.6316994428634644,0.07308313250541687,0.6217585802078247,0.0081372931599617,0.6332281827926636,-0.018881473690271378,0.6340740323066711
59506688,0.7637975215911865,0.3148505389690399,0.04526209831237793,0.6025570034980774,-0.024861032143235207,0.6301864981651306,0.07528659701347351,0.6203078031539917,0.010161885060369968,0.6322397589683533,-0.02344488352537155,0.6341225504875183
59637760,0.7681463956832886,0.30934247374534607,0.04665474593639374,0.6041150689125061,-0.02072194777429104,0.6263900995254517,0.07160884886980057,0.6221266984939575,0.01560872420668602,0.6326272487640381,-0.016800621524453163,0.6335459351539612
59768832,0.7692152857780457,0.30979812145233154,0.03744630515575409,0.6079230308532715,-0.02074388787150383,0.6288662552833557,0.07933337241411209,0.6243135333061218,0.016991540789604187,0.6346476078033447,-0.017956804484128952,0.6329607963562012
59899904,0.7703758478164673,0.30680277943611145,0.03921109437942505,0.602850079536438,-0.02719183638691902,0.6293373107910156,0.0784592404961586,0.6217825412750244,0.00908504519611597,0.633671224117279,-0.01930186152458191,0.6314833760261536
60030976,0.7695267796516418,0.3071884512901306,0.03808331489562988,0.6049932837486267,-0.027064159512519836,0.6302890181541443,0.07588256150484085,0.6201187968254089,0.005723811686038971,0.6345738768577576,-0.021319270133972168,0.6287605166435242
60162048,0.7699705362319946,0.30604541301727295,0.045289721339941025,0.6083095669746399,-0.024500597268342972,0.6298107504844666,0.06771403551101685,0.6237202882766724,0.0065328385680913925,0.6323938965797424,-0.020637590438127518,0.627427339553833
60293120,0.7683377265930176,0.30587852001190186,0.047716882079839706,0.6061130166053772,-0.02658144012093544,0.6305456161499023,0.0664018839597702,0.622963011264801,0.0035103498958051205,0.6333240270614624,-0.013693376444280148,0.6302836537361145
60424192,0.7683278918266296,0.3053008019924164,0.047280050814151764,0.6076964139938354,-0.03058626316487789,0.6279465556144714,0.06915592402219772,0.6230500340461731,-0.0022078086622059345,0.6316320300102234,-0.017556019127368927,0.628434956073761
60555264,0.7701637744903564,0.30965960025787354,0.05399216711521149,0.6072686910629272,-0.03344269096851349,0.630999743938446,0.08173055946826935,0.6255950927734375,-0.013080179691314697,0.6342891454696655,-0.02663465589284897,0.6293031573295593
60686336,0.7677353024482727,0.30440083146095276,0.057258471846580505,0.6053857803344727,-0.030103687196969986,0.6285415887832642,0.07786392420530319,0.6217787265777588,-0.011812379583716393,0.6313202977180481,-0.021360957995057106,0.6281713247299194
60817408,0.7696800231933594,0.3047206699848175,0.06127271056175232,0.6045581102371216,-0.028538666665554047,0.6292383074760437,0.0834088921546936,0.6208381652832031,-0.01276724599301815,0.631025493144989,-0.01951698586344719,0.6280851364135742
60948480,0.7671447992324829,0.30735382437705994,0.061510778963565826,0.6070812940597534,-0.023954182863235474,0.631168007850647,0.07819709926843643,0.6246594786643982,-0.011894521303474903,0.6351509690284729,-0.019046925008296967,0.6295270919799805
61079552,0.7681253552436829,0.30401208996772766,0.06324078887701035,0.6052443981170654,-0.018907535821199417,0.6305246949195862,0.08562619984149933,0.6248720288276672,-0.01278496440500021,0.6325607299804688,-0.020981792360544205,0.6272547245025635
61210624,0.7658137083053589,0.3068121373653412,0.06296844035387039,0.6068927645683289,-0.018264496698975563,0.6328117251396179,0.08512364327907562,0.627354621887207,-0.015918714925646782,0.6333103775978088,-0.019492102786898613,0.6275181770324707
61341696,0.7655882835388184,0.30781063437461853,0.060419194400310516,0.608380138874054,-0.01575368084013462,0.6340685486793518,0.07896557450294495,0.6289964914321899,-0.014284927397966385,0.6329924464225769,-0.015817562118172646,0.6289472579956055
61472768,0.7651417255401611,0.30677253007888794,0.060577213764190674,0.60605788230896,-0.013579320162534714,0.6317841410636902,0.08112834393978119,0.6281411647796631,-0.011824511922895908,0.631822943687439,-0.014123897068202496,0.6298949122428894
61603840,0.7671838998794556,0.3043765723705292,0.06966712325811386,0.6095433831214905,-0.012770517729222775,0.6318798065185547,0.07806889712810516,0.626903235912323,-0.006647907197475433,0.6316684484481812,-0.013311406597495079,0.6289376020431519
61734912,0.767332136631012,0.30348289012908936,0.06914335489273071,0.6073952317237854,-0.015144198201596737,0.6306713223457336,0.0762520357966423,0.6263386011123657,-0.0039193956181406975,0.6324931383132935,-0.00959812942892313,0.6309369206428528
61865984,0.7683264017105103,0.30428457260131836,0.06635817885398865,0.6071018576622009,-0.018173297867178917,0.6305667161941528,0.07144419848918915,0.629127562046051,-0.002015042584389448,0.6326749324798584,-0.010635485872626305,0.6341962218284607
61997056,0.777324378490448,0.29509544372558594,0.06818687170743942,0.6031391620635986,-0.02490164525806904,0.6281543374061584,0.08550764620304108,0.6287004947662354,0.003450542688369751,0.6309396028518677,-0.011342231184244156,0.6319542527198792
62128128,0.7773551344871521,0.2949458062648773,0.06775219738483429,0.6018657684326172,-0.024922631680965424,0.6280226111412048,0.08797073364257812,0.6275555491447449,0.002721002558246255,0.6309803128242493,-0.008485283702611923,0.6334283351898193
62259200,0.7754493951797485,0.2959612011909485,0.07139910757541656,0.6029829978942871,-0.026027850806713104,0.6260159611701965,0.08985043317079544,0.6264725923538208,0.002202351577579975,0.6281653046607971,-0.013167365454137325,0.6344422698020935
62390272,0.7760707139968872,0.2969265878200531,0.06746342778205872,0.6026808023452759,-0.026432549580931664,0.6260178089141846,0.09523439407348633,0.6269470453262329,0.007576408330351114,0.6278305053710938,-0.013470430858433247,0.635372519493103
62521344,0.775073766708374,0.29887786507606506,0.06392866373062134,0.6046915054321289,-0.03367526829242706,0.6253505349159241,0.09445962309837341,0.6257449984550476,0.009649258106946945,0.6284498572349548,-0.011449041776359081,0.6367899775505066
62652416,0.780083417892456,0.2942851483821869,0.065632663667202,0.6004778742790222,-0.03434555232524872,0.6252724528312683,0.0975932776927948,0.6232024431228638,0.0036820759996771812,0.6303887367248535,-0.013248125091195107,0.6403287649154663
62783488,0.7774590253829956,0.2952629327774048,0.07100340723991394,0.599760890007019,-0.03432116657495499,0.6260508894920349,0.09543519467115402,0.6247590184211731,0.0011875033378601074,0.6260887980461121,-0.012995084747672081,0.6367056965827942
62914560,0.7762720584869385,0.2955456078052521,0.07011572271585464,0.6000764966011047,-0.03276441991329193,0.625252366065979,0.0987740159034729,0.6244927644729614,-0.004128700587898493,0.6267372965812683,-0.013122083619236946,0.6347770094871521
63045632,0.7785929441452026,0.29377487301826477,0.07716153562068939,0.600030779838562,-0.03245628625154495,0.6238025426864624,0.09275683760643005,0.6235493421554565,-0.011242035776376724,0.625898003578186,-0.017753664404153824,0.6362630724906921
63176704,0.7788134217262268,0.2975478768348694,0.0704820305109024,0.6016557216644287,-0.041480593383312225,0.6274445056915283,0.09776586294174194,0.6246981620788574,-0.019994137808680534,0.6289409399032593,-0.02990267053246498,0.635262131690979
63307776,0.7793344855308533,0.2928257882595062,0.06569238752126694,0.5979548692703247,-0.03052053600549698,0.6262386441230774,0.09463700652122498,0.62073814868927,-0.015860792249441147,0.6268634796142578,-0.024715282022953033,0.6338396072387695
63438848,0.7777437567710876,0.2928260564804077,0.06891271471977234,0.599665105342865,-0.0288590919226408,0.6270735859870911,0.08805941045284271,0.619716465473175,-0.015461226925253868,0.6260668039321899,-0.021272823214530945,0.6351322531700134
63569920,0.7776035070419312,0.28930947184562683,0.058316126465797424,0.5997125506401062,-0.027060043066740036,0.6274300813674927,0.08900213241577148,0.6194208860397339,-0.0036983194295316935,0.6280909180641174,-0.015091534703969955,0.6365845203399658
63700992,0.775995135307312,0.2925741970539093,0.05960047245025635,0.6003819704055786,-0.033261775970458984,0.6305311322212219,0.09071332216262817,0.6180248260498047,-0.00646840687841177,0.6284091472625732,-0.012570592574775219,0.6369729042053223
63832064,0.7778459191322327,0.29103532433509827,0.060920171439647675,0.6019376516342163,-0.03395355865359306,0.6309893131256104,0.09119861572980881,0.6188192963600159,-0.003970588091760874,0.6276012659072876,-0.012742828577756882,0.6382526755332947
63963136,0.7752752304077148,0.2954272925853729,0.05780967324972153,0.601864755153656,-0.029298514127731323,0.6309219002723694,0.08451186120510101,0.6178768277168274,-0.0017583734588697553,0.6277266144752502,-0.012335475534200668,0.6373977661132812
64094208,0.7759865522384644,0.2934592068195343,0.0551377534866333,0.6023299098014832,-0.025205083191394806,0.6321104168891907,0.08967626094818115,0.6155197024345398,0.009619409218430519,0.6273893117904663,-0.012967921793460846,0.6372964978218079
64225280,0.7780584692955017,0.2898000478744507,0.052479587495326996,0.5994170308113098,-0.02605622448027134,0.6302679777145386,0.08003350347280502,0.613821804523468,0.01033282931894064,0.6290505528450012,-0.014888528734445572,0.6350131034851074
64356352,0.7763358354568481,0.2911275029182434,0.049383558332920074,0.601824939250946,-0.02191299945116043,0.6318319439888,0.08515526354312897,0.6129212975502014,0.00576476426795125,0.630821168422699,-0.01197072584182024,0.6355260610580444
64487424,0.7745456695556641,0.29215317964553833,0.048454221338033676,0.6015258431434631,-0.019600113853812218,0.6335150003433228,0.08215904235839844,0.6133568286895752,0.009407090954482555,0.6312865614891052,-0.008640390820801258,0.6342016458511353
64618496,0.774509847164154,0.2914494574069977,0.046629831194877625,0.6018468737602234,-0.025320060551166534,0.6336091756820679,0.08230550587177277,0.6133647561073303,0.007427615113556385,0.6316705942153931,-0.010017458349466324,0.6350656151771545
64749568,0.7745423316955566,0.29023751616477966,0.04276500269770622,0.601385235786438,-0.024354033172130585,0.6349506378173828,0.07836782932281494,0.6126777529716492,0.010827619582414627,0.6298338174819946,-0.007497962098568678,0.6363859176635742
64880640,0.7747178077697754,0.29225781559944153,0.049106448888778687,0.6010516285896301,-0.030112510547041893,0.6346834301948547,0.07395420968532562,0.612860918045044,0.006088341120630503,0.6308517456054688,-0.008726703003048897,0.6347048878669739
65011712,0.7724671363830566,0.2955537438392639,0.0525357723236084,0.6010155081748962,-0.02970591001212597,0.6362966299057007,0.06488977372646332,0.6148008108139038,0.006941655650734901,0.6301901936531067,-0.008684893138706684,0.6344635486602783
65142784,0.7708324193954468,0.29818204045295715,0.04868829995393753,0.6018758416175842,-0.026378748938441277,0.6331565380096436,0.06805519759654999,0.6108396053314209,0.009041693061590195,0.628149151802063,-0.011430623009800911,0.6322198510169983
65273856,0.7708225250244141,0.29776111245155334,0.04599247872829437,0.6013938188552856,-0.027864832431077957,0.6345506310462952,0.05711153522133827,0.6117866039276123,0.007758613675832748,0.6292708516120911,-0.011517067439854145,0.6322951316833496
65404928,0.7738134860992432,0.2895497679710388,0.04440126568078995,0.5998386144638062,-0.026242394000291824,0.6345190405845642,0.06098117679357529,0.6099506616592407,0.006500517018139362,0.6276931166648865,-0.013156692497432232,0.6317158341407776
65536000,0.7709521055221558,0.2940261960029602,0.04296686127781868,0.6001750230789185,-0.02549004927277565,0.6333645582199097,0.0635569840669632,0.6096945405006409,0.009804668836295605,0.6293690800666809,-0.015832755714654922,0.6316343545913696
65667072,0.7760233879089355,0.28898105025291443,0.04525434598326683,0.5991449952125549,-0.0319899246096611,0.63323575258255,0.06839891523122787,0.6099429726600647,0.01344464160501957,0.6285134553909302,-0.009073387831449509,0.6302125453948975
65798144,0.7747230529785156,0.2919767498970032,0.04973654821515083,0.602414608001709,-0.043459802865982056,0.6330602765083313,0.07367146015167236,0.6124263405799866,0.0068582892417907715,0.6319476962089539,-0.013010920956730843,0.631903350353241
65929216,0.7717154026031494,0.2941186726093292,0.04976436868309975,0.6054362654685974,-0.04270421713590622,0.6316613554954529,0.07768949866294861,0.6130784749984741,0.0037860716693103313,0.6273948550224304,-0.013192636892199516,0.6322941780090332
66060288,0.7725849151611328,0.29483646154403687,0.056318506598472595,0.6038918495178223,-0.041447713971138,0.6329572796821594,0.08214880526065826,0.6126278638839722,0.0004420574987307191,0.6287218928337097,-0.0204700268805027,0.6322124004364014
66191360,0.7760628461837769,0.29222601652145386,0.05009571090340614,0.6041005849838257,-0.0397447906434536,0.6343753337860107,0.08116412162780762,0.6136030554771423,0.0022193153854459524,0.628631055355072,-0.015467623248696327,0.6336560845375061
66322432,0.7733427286148071,0.2980872690677643,0.053933702409267426,0.6048299074172974,-0.0359499454498291,0.6344355344772339,0.08107613027095795,0.6141999959945679,-0.0036121192388236523,0.6301198601722717,-0.01945439912378788,0.6338075399398804
66453504,0.7763077020645142,0.2915290594100952,0.052823811769485474,0.6026703119277954,-0.029454629868268967,0.6335093975067139,0.07690028846263885,0.6126505732536316,-0.002027485053986311,0.6238468885421753,-0.015502146445214748,0.6316566467285156
66584576,0.7780478596687317,0.2925948202610016,0.04898258298635483,0.6030688881874084,-0.026864787563681602,0.6330786943435669,0.08114659786224365,0.6100420355796814,-0.008262647315859795,0.6221509575843811,-0.015769273042678833,0.6326180100440979
66715648,0.7749885320663452,0.29378825426101685,0.05547301471233368,0.6030069589614868,-0.02413414977490902,0.6321329474449158,0.08421257883310318,0.6102649569511414,-0.007582344580441713,0.6213108897209167,-0.012608099728822708,0.6344980597496033
66846720,0.7792686223983765,0.2901396155357361,0.05947113782167435,0.6015557050704956,-0.022916629910469055,0.6335266828536987,0.0823381319642067,0.6129193902015686,-0.013187391683459282,0.6218084692955017,-0.01366841234266758,0.6349660754203796
66977792,0.7788589000701904,0.28927719593048096,0.055430006235837936,0.6008492708206177,-0.02372261881828308,0.6350039839744568,0.08043387532234192,0.6176829934120178,-0.017198190093040466,0.6180199384689331,-0.013340954668819904,0.634952187538147
67108864,0.7782987952232361,0.29385635256767273,0.05454476177692413,0.6018780469894409,-0.024428799748420715,0.6319092512130737,0.07242605090141296,0.6148688793182373,-0.018571514636278152,0.6167722344398499,-0.010448346845805645,0.6328449845314026
67239936,0.7759106159210205,0.29353323578834534,0.05594374239444733,0.6015716791152954,-0.029915407299995422,0.6316178441047668,0.07231514900922775,0.6112959980964661,-0.019607942551374435,0.615202784538269,-0.012979479506611824,0.6315202116966248
67371008,0.7784355878829956,0.29051798582077026,0.06029129400849342,0.602732241153717,-0.03021523728966713,0.6310839056968689,0.06741214543581009,0.609197735786438,-0.015891864895820618,0.6164035797119141,-0.011421259492635727,0.6299925446510315
67502080,0.7775328755378723,0.2906035780906677,0.05606211721897125,0.6027588248252869,-0.030645322054624557,0.6313191652297974,0.06767451763153076,0.6093157529830933,-0.007912980392575264,0.6158140897750854,-0.012371588498353958,0.6308897137641907
67633152,0.7764022350311279,0.2925514280796051,0.057450469583272934,0.6003551483154297,-0.03373013809323311,0.6318879127502441,0.06300035119056702,0.6124424934387207,-0.008650444447994232,0.6179677248001099,-0.015145506709814072,0.6298287510871887
67764224,0.7750060558319092,0.29324716329574585,0.058494504541158676,0.6005874276161194,-0.03500322252511978,0.6292470693588257,0.06664513051509857,0.6109187602996826,-0.0031066795345395803,0.6210819482803345,-0.016460616141557693,0.6293572187423706
67895296,0.7716228365898132,0.2949623465538025,0.05935567617416382,0.6017884612083435,-0.029540501534938812,0.6324991583824158,0.062492597848176956,0.6156845688819885,0.0024851977359503508,0.6212957501411438,-0.018528874963521957,0.6323573589324951
68026368,0.7716386318206787,0.2937694787979126,0.05396945774555206,0.6023256778717041,-0.03385823965072632,0.6310003995895386,0.06434130668640137,0.6117871403694153,0.0042547681368887424,0.6223763823509216,-0.013098367489874363,0.628303050994873
68157440,0.7726600170135498,0.2951282560825348,0.05989866331219673,0.6041200160980225,-0.02295096404850483,0.6326927542686462,0.06382432579994202,0.6131806969642639,0.003492385847494006,0.6260186433792114,-0.010265830904245377,0.6312052607536316
68288512,0.7722587585449219,0.29424968361854553,0.06057978421449661,0.6043409705162048,-0.021473202854394913,0.6335569620132446,0.06405900418758392,0.612041711807251,0.006453821435570717,0.6258959174156189,-0.013383803889155388,0.6306764483451843
68419584,0.7737118601799011,0.2973962426185608,0.06469672918319702,0.6079452037811279,-0.02980087697505951,0.6365049481391907,0.062434881925582886,0.6133134365081787,0.0021873977966606617,0.6282539963722229,-0.02523551881313324,0.6301029324531555
68550656,0.7730394601821899,0.2941027879714966,0.06621396541595459,0.60723477602005,-0.01934671774506569,0.6347120404243469,0.06536294519901276,0.6139428019523621,0.005288518033921719,0.6286369562149048,-0.021500084549188614,0.6297678351402283
68681728,0.7689027190208435,0.2998000979423523,0.062285080552101135,0.6093780994415283,-0.018798183649778366,0.6365262866020203,0.06473909318447113,0.6148896813392639,0.0008530800696462393,0.627927839756012,-0.021561453118920326,0.6293613314628601
68812800,0.7706035375595093,0.2976466715335846,0.06261000037193298,0.6074293851852417,-0.018355751410126686,0.6401351690292358,0.06512602418661118,0.617865800857544,0.0006062531610950828,0.6259759068489075,-0.02317143976688385,0.6276051998138428
68943872,0.7670783996582031,0.30326810479164124,0.058799177408218384,0.6063641905784607,-0.02288137376308441,0.6375702023506165,0.06739071011543274,0.6146472096443176,-0.0002720077754929662,0.6253327131271362,-0.01822645217180252,0.6278092265129089
69074944,0.7664539217948914,0.30256330966949463,0.058867912739515305,0.6067852973937988,-0.02519652619957924,0.6396125555038452,0.06425666809082031,0.6162451505661011,-0.004294254817068577,0.624496579170227,-0.01795346662402153,0.6275866627693176
69206016,0.767069935798645,0.30078744888305664,0.06323416531085968,0.6063479781150818,-0.02864905074238777,0.6367405652999878,0.06805690377950668,0.6118505597114563,-0.0019053556025028229,0.6242139935493469,-0.01674438826739788,0.6274463534355164
69337088,0.7668304443359375,0.30015456676483154,0.06377574801445007,0.6095609068870544,-0.030347313731908798,0.6353244781494141,0.06355104595422745,0.613893985748291,-0.003427912713959813,0.6249512434005737,-0.014149356633424759,0.6265689730644226
69468160,0.7655761241912842,0.3008798658847809,0.06157664954662323,0.6102840304374695,-0.031156234443187714,0.6343492269515991,0.06487596780061722,0.614456832408905,0.00019948999397456646,0.6241042613983154,-0.01591753400862217,0.6238290071487427
69599232,0.7669097185134888,0.30129387974739075,0.05259549617767334,0.6102402210235596,-0.026617521420121193,0.6362960934638977,0.06463123857975006,0.6136993169784546,0.0037964354269206524,0.6241447925567627,8.014787454158068e-05,0.6269116997718811
69730304,0.7652037739753723,0.30393683910369873,0.05358784645795822,0.6092904806137085,-0.02403515949845314,0.639657199382782,0.057707130908966064,0.615098774433136,-0.0015445379540324211,0.6233180165290833,-0.007071478758007288,0.6274749040603638
69861376,0.7661234140396118,0.30155807733535767,0.05555969849228859,0.6082414388656616,-0.022510720416903496,0.635527491569519,0.05947805941104889,0.6133528351783752,-0.0021085506305098534,0.6222761869430542,-0.007649566046893597,0.6246447563171387
69992448,0.7662374973297119,0.29871806502342224,0.05690263584256172,0.6108133792877197,-0.02062230370938778,0.6365513205528259,0.060186415910720825,0.6145792007446289,-0.012356707826256752,0.6209196448326111,-0.01793072000145912,0.6256495714187622
70123520,0.7628733515739441,0.30231767892837524,0.056637026369571686,0.6097439527511597,-0.023484446108341217,0.6363109350204468,0.06234892085194588,0.6152598857879639,-0.00885387510061264,0.6226672530174255,-0.017698831856250763,0.6232297420501709
70254592,0.7596360445022583,0.30491548776626587,0.04999740794301033,0.6098987460136414,-0.027988296002149582,0.6367525458335876,0.06098354235291481,0.6139878630638123,-0.008407734334468842,0.6245537400245667,-0.018956733867526054,0.6249789595603943
70385664,0.7581790685653687,0.3064028024673462,0.049041666090488434,0.6109656095504761,-0.026706084609031677,0.6348763704299927,0.05719203129410744,0.615138828754425,-0.011076442897319794,0.622727632522583,-0.01926097646355629,0.6240194439888
70516736,0.757293164730072,0.3056417405605316,0.041886549443006516,0.6092488169670105,-0.029553746804594994,0.6360076665878296,0.05885717272758484,0.6177369356155396,-0.00803902093321085,0.6250280141830444,-0.022394323721528053,0.625012993812561
70647808,0.7585225105285645,0.306073933839798,0.04118030518293381,0.6100264191627502,-0.02635486237704754,0.6368182301521301,0.05852551385760307,0.616435706615448,-0.012279640883207321,0.62328040599823,-0.021600786596536636,0.6250966191291809
70778880,0.7580921649932861,0.3073844015598297,0.034739814698696136,0.6110067367553711,-0.028931239619851112,0.6398187875747681,0.053323738276958466,0.6179749369621277,-0.015355715528130531,0.6265271902084351,-0.02452993579208851,0.6244203448295593
70909952,0.7563188672065735,0.31056728959083557,0.0414360836148262,0.6124464869499207,-0.03109143301844597,0.6401641368865967,0.04967105761170387,0.6168074607849121,-0.018516384065151215,0.6276485323905945,-0.022142108529806137,0.626744270324707
71041024,0.7608768343925476,0.3080067038536072,0.0505610816180706,0.6070230603218079,-0.032157473266124725,0.6392303109169006,0.05402802675962448,0.6228997111320496,-0.01713109016418457,0.6269519329071045,-0.01748964563012123,0.6270672678947449
71172096,0.7617816925048828,0.3031661808490753,0.050023872405290604,0.6074233651161194,-0.0281009990721941,0.636176347732544,0.05249346047639847,0.6217501759529114,-0.009931850247085094,0.624159574508667,-0.014757917262613773,0.6256031394004822
71303168,0.7607719898223877,0.30705276131629944,0.05675259605050087,0.6051326990127563,-0.020090298727154732,0.6352083683013916,0.05099257454276085,0.6211264729499817,-0.005722678266465664,0.625859797000885,-0.01991771161556244,0.6259288787841797
71434240,0.765748143196106,0.3046455681324005,0.060673706233501434,0.6038632392883301,-0.02190178446471691,0.6376296281814575,0.04953566938638687,0.6229586601257324,-0.01572299562394619,0.6259207129478455,-0.01995271071791649,0.624863862991333
71565312,0.7664899826049805,0.30218014121055603,0.06425659358501434,0.6027433276176453,-0.01515953242778778,0.6400458812713623,0.03969153016805649,0.6223462820053101,-0.0091427993029356,0.624666154384613,-0.018593614920973778,0.6257351040840149
71696384,0.7671059966087341,0.2974735200405121,0.061923202127218246,0.6033286452293396,-0.011068891733884811,0.6400778293609619,0.0379154309630394,0.620602548122406,-0.007642113603651524,0.6230016350746155,-0.02161700837314129,0.626562237739563
71827456,0.7633078694343567,0.30239805579185486,0.06460991501808167,0.6057007908821106,-0.008594906888902187,0.6402932405471802,0.034091588109731674,0.6187814474105835,-0.012231498956680298,0.6241357326507568,-0.021457595750689507,0.626139223575592
71958528,0.7656881213188171,0.2988619804382324,0.07243272662162781,0.6031373739242554,-0.008609678596258163,0.6412221193313599,0.031087012961506844,0.6177147030830383,-0.010891132056713104,0.6233057379722595,-0.02318425290286541,0.6225871443748474
72089600,0.7635724544525146,0.3008500039577484,0.06952348351478577,0.6011056303977966,-0.011472217738628387,0.6418750286102295,0.02737918123602867,0.6206750273704529,-0.008882255293428898,0.6232835650444031,-0.02215409465134144,0.6245129108428955
72220672,0.7686372995376587,0.29951539635658264,0.06781835108995438,0.6050798892974854,-0.01737876981496811,0.6389696598052979,0.024915792047977448,0.6219203472137451,-0.009786332026124,0.6248124837875366,-0.02343660593032837,0.6237637400627136
72351744,0.7678064107894897,0.2993617355823517,0.06567743420600891,0.6045351624488831,-0.019165117293596268,0.6390656232833862,0.028566483408212662,0.6206339001655579,-0.008766738697886467,0.6248568892478943,-0.024772075936198235,0.6215149760246277
72482816,0.7728320360183716,0.29614391922950745,0.06632763892412186,0.6032491326332092,-0.02214391902089119,0.6370784640312195,0.037744827568531036,0.6210879683494568,-0.008456314913928509,0.6250340342521667,-0.021676933392882347,0.6234124302864075
72613888,0.7727336287498474,0.29489457607269287,0.06528028845787048,0.6027988791465759,-0.024217266589403152,0.6358492374420166,0.040473200380802155,0.6212283372879028,-0.004542529117316008,0.6277339458465576,-0.01806020550429821,0.6254674792289734
72744960,0.7718355059623718,0.2960679531097412,0.0676012635231018,0.6051684021949768,-0.02379239723086357,0.6367554664611816,0.0395512655377388,0.6245039105415344,0.0027325167320668697,0.6300607323646545,-0.016014667227864265,0.6264144778251648
72876032,0.768171489238739,0.3003695011138916,0.06322965025901794,0.6029576063156128,-0.027846934273838997,0.6339500546455383,0.042501091957092285,0.6247041821479797,0.0003498898004181683,0.630164384841919,-0.015876175835728645,0.6247790455818176
73007104,0.7663944959640503,0.30247053503990173,0.06154720485210419,0.6036472320556641,-0.02402721345424652,0.6344847083091736,0.03618107736110687,0.6254557371139526,0.005048677790910006,0.6291807293891907,-0.012029111385345459,0.6242964267730713
73138176,0.7667354941368103,0.3016609251499176,0.06048889458179474,0.6020903587341309,-0.020526546984910965,0.6315839290618896,0.03354097902774811,0.6238929033279419,0.004138467367738485,0.6290866732597351,-0.014706408604979515,0.6253402829170227
73269248,0.7652158737182617,0.30291637778282166,0.06438973546028137,0.6035944819450378,-0.015901070088148117,0.6351043581962585,0.025568857789039612,0.6243563890457153,0.002887287177145481,0.630979597568512,-0.014060117304325104,0.6246005296707153
73400320,0.7657533884048462,0.30085113644599915,0.06399041414260864,0.6028347611427307,-0.01543417014181614,0.6336740851402283,0.026255177333950996,0.6221996545791626,0.002357081975787878,0.627587080001831,-0.016185056418180466,0.6238183975219727
