collected_frames,state/lin_velocity,state/lin_velocity_max,state/lin_velocity_min,state/ang_velocity,state/ang_velocity_max,state/ang_velocity_min,state/roll,state/roll_max,state/roll_min,state/pitch,state/pitch_max,state/pitch_min,state/success_lin_velocity,state/lin_vel_mean,state/lin_vel_max,state/lin_vel_min,state/ang_vel_mean,state/ang_vel_max,state/ang_vel_min,state/roll_deg_mean,state/roll_deg_max,state/roll_deg_min,state/pitch_deg_mean,state/pitch_deg_max,state/pitch_deg_min,state/dist_to_goal,state/clearance_mean,state/clearance_min,state/clearance_max,state/pct_healthy
131072,,,,,,,,,,,,,,0.33341687940992415,1.6987504111602902,0.006984746768466721,0.3109236916061491,2.8139099525287747,0.0033236820572710712,3.5995925470197108,41.082938267849386,4.5872043554717745e-05,4.345174777699867,48.02098627621308,8.70621528279436e-05,4.882252149283886,0.05831500928616151,-0.4447923661209643,0.8790875819977373,1.0
262144,0.29554140707477927,1.682281615678221,0.006288360090138667,0.3505528820678592,3.1938679609447718,0.004039575424030772,-0.10026595438830554,0.9434690829366446,-1.0738181467168033,0.001385072097406237,0.9520994327031076,-1.0922477613203228,0.0,,,,,,,,,,,,,,,,,
262144,,,,,,,,,,,,,,0.2958366824313998,1.8199797924607992,0.006288360090138667,0.3509406712837517,3.2439358979463577,0.004039575424030772,8.6458197273314,66.61114439368248,6.983379649785904e-05,7.245144497603178,64.79140529036522,0.00010866646753759923,4.726978685706854,0.09867613710230216,-1.1053273072466254,1.5382860600948334,1.0
393216,0.2612310230033472,1.3000107207335532,0.005738195549383818,0.34158974466845393,2.795869132503867,0.004462753454390622,-0.16695068427361548,1.1962319910526276,-1.1745940065011382,-0.006182798183090199,0.8675537900999188,-0.8833780009299517,0.0,,,,,,,,,,,,,,,,,
393216,,,,,,,,,,,,,,0.26125232805497944,1.3029302507638931,0.005738195549383818,0.34165929816663265,2.8112398348748684,0.004462753454390622,11.88094412535429,71.2794234752655,8.559024135923465e-05,7.024357404559851,52.261721312999725,9.676255865143091e-05,4.372704107314348,0.10236819833517075,-1.0585626880638301,1.5594409704208374,1.0
524288,0.2332551134750247,1.0412762379273772,0.00449284430624175,0.34075558511540294,2.539394333958626,0.004782321259426681,-0.22087366681080312,1.2345791850239038,-1.2786847269162536,-0.06147400347981602,0.8220115783624351,-1.2211146955378354,0.011257292702794075,,,,,,,,,,,,,,,,,
524288,,,,,,,,,,,,,,0.2333058062940836,1.0454967990517616,0.00449284430624175,0.3409776445478201,2.5676592914387584,0.004782321259426681,14.793483972549438,75.70085996389389,8.884362899740095e-05,7.295639604330063,70.05066668987274,0.00012986597647746123,4.0382721815258265,0.10841526929289103,-1.0139927417039871,1.5482811024412513,1.0
655360,0.25055962754413486,1.040817961562425,0.004414899525045257,0.3101120184874162,2.3146519539877772,0.004176235180693766,-0.18196193121548276,0.9992807657690719,-1.2072975938208401,-0.07998921637772582,0.6826749632600695,-0.9882590221241117,0.02022730279713869,,,,,,,,,,,,,,,,,
655360,,,,,,,,,,,,,,0.25062191975302994,1.0586514784954488,0.004414899525045257,0.31026969163212925,2.329177752137184,0.004176235180693766,11.880529738031328,70.88983017206192,8.76964028892202e-05,6.512283586896956,57.580038487911224,9.578201479759629e-05,4.047852536663413,0.09200718595820945,-0.7463743928819895,1.1485987212508917,1.0
786432,0.2796610335353762,1.3640006654895842,0.004514064370596316,0.3622125431429595,2.679440879262984,0.0034364950070084888,-0.07251406079740264,0.7060757474973798,-0.8564699594862759,-0.07293241373554338,0.7845660429447889,-1.0632332912646234,0.029442525003105402,,,,,,,,,,,,,,,,,
786432,,,,,,,,,,,,,,0.2796840922674164,1.372016164008528,0.004514064370596316,0.36224637646228075,2.679440879262984,0.0034364950070084888,5.642961051315069,49.74114170670509,4.218691307672495e-05,7.731627449393272,62.276026874780655,6.951605105887104e-05,3.9344352651387453,0.08199264082941227,-0.16674758470617235,0.4849208667874336,1.0
917504,0.21706805855501443,1.1884742346592247,0.0024817362568683166,0.3502638784702867,2.255576053634286,0.003956372358970839,-0.14778023911640048,0.9197745588608086,-1.089583900757134,-0.18054636754095554,0.7792267287150025,-1.1383453905582428,0.13050571619533002,,,,,,,,,,,,,,,,,
917504,,,,,,,,,,,,,,0.2171286599477753,1.223552092909813,0.0024817362568683166,0.3504112549126148,2.303002250380814,0.003956372358970839,10.256419152021408,64.42318260669708,6.852016928826643e-05,11.32725889980793,67.50219017267227,0.00010567479129797164,3.5505359657108784,0.11179356317734346,-0.42537241033278406,0.48340693744830787,1.0
1048576,0.1876616422086954,1.6356311542913318,0.001953232627158741,0.35232071462087333,2.703342498280108,0.004334450014994218,-0.2118661303538829,1.0254900269210339,-1.1798733142204583,-0.23775182699318975,0.7837510656099766,-1.1856912933290005,0.07547324628103524,,,,,,,,,,,,,,,,,
1048576,,,,,,,,,,,,,,0.18797603179700673,1.8000991293229163,0.001953232627158741,0.3527063080109656,2.730925460346043,0.004334450014994218,14.182773381471634,70.22398427128792,0.00011096620236450416,14.3047791197896,70.45486411452293,0.00016060610529500252,3.449529414996505,0.1383226669859141,-0.558017555391416,0.48978840420022607,1.0
1179648,0.17395093303639442,1.1522973338142037,0.0014811656964184294,0.33745443006046116,2.2911620531231165,0.003699546527741404,-0.23371484852395952,1.188175574876368,-1.1959434738382697,-0.25211775046773255,0.7340502492152154,-1.1343907369300723,0.06244714045897126,,,,,,,,,,,,,,,,,
1179648,,,,,,,,,,,,,,0.17405103088822216,1.1860476224683225,0.0014811656964184294,0.3377085388638079,2.311886661686003,0.003699546527741404,15.432160533964634,72.70388507843018,0.00013072175042605494,15.05933940410614,66.6699069738388,0.00019369188899176493,3.4067378751933575,0.14992282132152468,-0.16393830231390893,0.44345801463350654,1.0
1310720,0.27019354375079274,1.2719328706152737,0.0029496004535758402,0.34541953331790864,2.5196046913042665,0.004068571086918382,-0.11887390926131047,0.8330087678041309,-1.0848387884907424,-0.14736238325713202,0.7255707466974854,-1.1107531911693513,0.05091141466982663,,,,,,,,,,,,,,,,,
1310720,,,,,,,,,,,,,,0.27024687407538295,1.2889455864205956,0.0029496004535758402,0.3455345197580755,2.5312934033572674,0.004068571086918382,8.42811705544591,63.74541246891022,7.407096700928761e-05,10.438344918191433,64.26736369729042,9.594991326622448e-05,3.788362154737115,0.10594819721882232,-0.14088724460452795,0.4526758601423353,1.0
1441792,0.22618554148357362,1.0693531627766788,0.0021884563293497195,0.35302744898945093,2.317637050524354,0.004018529157519879,-0.11432237975532189,0.7628954639658332,-1.208868432790041,-0.15737014974001795,0.5820581645239145,-0.9774421723559499,0.19910338753834367,,,,,,,,,,,,,,,,,
1441792,,,,,,,,,,,,,,0.2262133249314502,1.0693531627766788,0.0021884563293497195,0.3531553619541228,2.3262648778036237,0.004018529157519879,8.835792280733585,70.55354118347168,8.33658529777459e-05,10.157042242586613,56.5599989593029,0.0001120110183512324,3.4355707243084908,0.11250309407478198,-0.21090879081748426,0.4326960670296103,1.0
1572864,0.20261128363199532,1.2921704230830073,0.0016620631531623076,0.35906765540130436,2.5595754627138376,0.0036283487090713606,-0.16291114245541394,0.7209895229898393,-1.158450840972364,-0.13626930495956913,0.8592840814962983,-1.0237600170075893,0.14276105095632374,,,,,,,,,,,,,,,,,
1572864,,,,,,,,,,,,,,0.2027591773075983,1.3444406054913998,0.0016620631531623076,0.359368187841028,2.593145329505205,0.0036283487090713606,10.92266046255827,69.01108154654503,0.0001238910678624805,9.96642155200243,61.97868552803993,0.0002121995329567028,3.299379825592041,0.1297343069454655,-0.19327913015149534,0.45135727780871093,1.0
1703936,0.20670139358844608,1.3279068688862026,0.0017498034662821738,0.36441125837154686,2.6067465962842107,0.0041759227260627085,-0.18606521899346262,0.9673573668114841,-1.280209045857191,-0.11060030828230083,0.7118831188417971,-1.069457633420825,0.2039407156407833,,,,,,,,,,,,,,,,,
1703936,,,,,,,,,,,,,,0.20693649083841592,1.3890471644699574,0.0017498034662821738,0.364822864998132,2.6297397995367646,0.0041759227260627085,12.113586440682411,75.26078325510025,0.0001795053834534599,9.486474744975567,62.0056229531765,0.00022671432784449053,3.1480349879711866,0.13812081329524517,-0.6541802135761827,0.7959527969360352,1.0
1835008,0.2030040135141462,1.234545194543898,0.0018105233965570733,0.3629440499935299,2.6994868693873286,0.004266089582870336,-0.211671368801035,0.7247110817115754,-1.2328967368230224,-0.0908082642708905,0.7136566867120564,-1.1209819233044982,0.18774489196948707,,,,,,,,,,,,,,,,,
1835008,,,,,,,,,,,,,,0.20327357400674373,1.2873652442358434,0.0018105233965570733,0.36353468452580273,2.741867346689105,0.004266089582870336,13.048833005130291,73.31452867388725,0.00024102829683780858,8.897342152893543,66.85527244210243,0.0002373689058710049,3.143632685765624,0.14443726593162864,-0.9051896128803492,0.7043134667910635,1.0
1966080,0.2705599581822753,1.3214764329604805,0.0048139446864752244,0.3749375792685896,2.725329725071788,0.006665791059276671,-0.19507919356692582,0.5075852214358747,-1.2246373826637864,-0.03758367954287678,0.6946560465730727,-0.7763192127458751,0.12141346395947039,,,,,,,,,,,,,,,,,
1966080,,,,,,,,,,,,,,0.27065848221536726,1.3387805712409317,0.0048139446864752244,0.37525777285918593,2.7429506313055754,0.006665791059276671,12.042337663471699,72.33862939476967,0.00012645608367289896,6.702715275809169,47.846177980303764,0.0001959180797079796,3.594571553170681,0.12637700245250016,-0.20699150068685412,0.4836323307827115,1.0
2097152,0.22104856371879578,1.2012650989927351,0.0036143460345670064,0.36906816391274333,2.6186660891398787,0.006204491287462588,-0.23530511057469994,0.4597301937174052,-1.2681753737851977,-0.033688117313431576,0.9125331011600792,-0.7376348036341369,0.2703029267722741,,,,,,,,,,,,,,,,,
2097152,,,,,,,,,,,,,,0.22116580267902464,1.202497683931142,0.0036143460345670064,0.36955049936659634,2.657568721100688,0.006204491287462588,14.170455113053322,75.3675542473793,0.0002068945992456106,7.156949553638697,54.03549897670746,0.00024495016055042784,3.2596077527850866,0.1425119915511459,-0.14986442774534225,0.48593594739213586,1.0
2228224,0.21094140014611185,1.2459272583946586,0.0025667589534350554,0.36633326206356287,2.6233582673594356,0.004745531197613673,-0.20659662515390664,0.5217542911414057,-1.2735165487974882,-0.025382507519680075,0.7295894422568381,-0.7239981777966022,0.17593716632109135,,,,,,,,,,,,,,,,,
2228224,,,,,,,,,,,,,,0.2110657060984522,1.257822615094483,0.0025667589534350554,0.36672642338089645,2.656665169633925,0.004745531197613673,12.643218033015728,75.9204153418541,0.00027758564173385736,7.417692054063082,45.748054295778275,0.0003582964046471293,3.2255919985473156,0.14476727636065334,-0.16557209799066186,0.48918469552882016,1.0
2359296,0.21737582236528397,1.3293715598993003,0.002222552572902714,0.36578251677565277,2.72573081869632,0.004494592761147942,-0.16126199369318783,0.6679519689641893,-1.3092785254120827,-0.020791099123016465,0.8026209278032184,-0.7273138733580709,0.17491809441708028,,,,,,,,,,,,,,,,,
2359296,,,,,,,,,,,,,,0.2175570281688124,1.355956713669002,0.002222552572902714,0.36626309994608164,2.7933698622509837,0.004494592761147942,10.626414082944393,77.21241980791092,0.00022788149726871154,7.740097548812628,49.71124216914177,0.00037923673935047475,3.160789143294096,0.1400893764803186,-0.16218476020731032,0.5585072927642614,1.0
2490368,0.2492985458811745,1.3360784738324583,0.0014609517577923725,0.3607012003194541,2.635222379118204,0.0033914581281351275,-0.10338088648859411,0.8546114563941956,-1.2437059134244919,-0.01882058762203087,0.8058636575005949,-0.7728045573458076,0.2429609204409644,,,,,,,,,,,,,,,,,
2490368,,,,,,,,,,,,,,0.24942457803990692,1.3489560009911656,0.0014609517577923725,0.3609390864148736,2.646452981978655,0.0033914581281351275,7.975430637598038,72.66855952143669,0.0001831591146359557,7.544640630483627,52.06887221336365,0.00029900058152199094,3.25305637344718,0.12979387969244272,-0.12570353178307414,0.5012773801572621,1.0
2621440,0.2538669337518513,1.3242464326322079,0.0014572014301847958,0.38016386749222875,2.7093440229073167,0.0038199807013370446,-0.06684286202653311,1.1483655963093042,-1.1314607416279614,-0.01960448381146307,0.7242541844025254,-0.8205966684035957,0.22165176772978157,,,,,,,,,,,,,,,,,
2621440,,,,,,,,,,,,,,0.25400531361810863,1.3306310009211302,0.0014572014301847958,0.38050965033471584,2.724658220075071,0.0038199807013370446,7.1888340674340725,71.11875268816948,0.00017595272405346307,8.035136450082064,50.46668750047684,0.0003281224501796576,3.208825359120965,0.13243290135869756,-0.12498639058321714,0.54452172992751,1.0
2752512,0.24962332949507982,1.420209570787847,0.0013052268998308136,0.37563115102238953,2.6694654067978263,0.003928434442514117,-0.04845743646728806,1.1078782929107547,-1.1589585947804153,-0.02782932978880126,0.7380230925045907,-0.7466000667773187,0.40846135184983723,,,,,,,,,,,,,,,,,
2752512,,,,,,,,,,,,,,0.24977219640277326,1.4605156378820539,0.0013052268998308136,0.3759058977011591,2.6758488407358527,0.003928434442514117,5.9627942852675915,72.89583933353424,0.00013161704385566964,8.2788129709661,48.35233873128891,0.0003019493616953639,3.114669570699334,0.1302320103859529,-0.3198352181352675,0.591096981195733,1.0
2883584,0.2758876009611413,1.3627201104536653,0.0019362476491551206,0.38184493500739336,2.617903921753168,0.003749227677417366,-0.010528470083954744,0.9663916924037039,-0.8685765475966036,-0.027014443709049374,0.7126933457329869,-0.6050216879229993,0.1558694001287222,,,,,,,,,,,,,,,,,
2883584,,,,,,,,,,,,,,0.24642544529254895,1.4220861996782113,0.004020196721920725,0.3157278865306492,2.758003371352532,0.0025696783591941433,3.0960879853221095,57.02993872041354,0.00010271767997161031,8.245487452519031,58.85188294659896,0.00036777807413909783,3.2307639134576522,0.11163359316885023,-0.12578913766935648,0.5362316418035202,1.0
3014656,0.25456629251129925,1.4126916928216815,0.0013367225687943574,0.38443910144269466,2.70672008395195,0.003720548167166271,-0.015585563356580678,1.0707257869653404,-0.8515345118939877,-0.031471657479414716,0.7330882367677987,-0.7688756701536477,0.40520448610186577,,,,,,,,,,,,,,,,,
3014656,,,,,,,,,,,,,,0.2546417692210525,1.4150819294154644,0.0013367225687943574,0.38469430850818753,2.738428607583046,0.003720548167166271,4.997688874602318,64.67241165041924,0.00013656795354433093,8.390053905546665,50.39961293339729,0.00025684275206705465,3.17882127687335,0.12550646933959797,-0.14711938286200166,0.47215584805235267,1.0
3145728,0.24121285893488675,1.4647166877985,0.0010685308312758934,0.38298664800822735,2.747341526672244,0.003179026688940212,-0.022243169078137726,1.0021489169448614,-0.9147444823756814,-0.0506367915077135,0.736359759233892,-0.9356136498972774,0.3703417630167678,,,,,,,,,,,,,,,,,
3145728,,,,,,,,,,,,,,0.24139526207000017,1.485346544533968,0.0010685308312758934,0.3833582841325551,2.770306259393692,0.003179026688940212,4.837068099528551,63.915906339883804,0.00016233054696668248,8.698582172393799,56.33087965846062,0.0002433097344765045,3.150699393823743,0.12896125600673258,-0.1397451355587691,0.5274291464593261,1.0
3276800,0.24072071083355695,1.410112394951284,0.0006446942236948416,0.38121957890689373,2.719149500131607,0.0024347379248865764,-0.0343575820006663,0.7517159832641482,-0.8624682715162635,-0.061549646459752694,0.7237772815860808,-0.9153437479399145,0.3952878441195935,,,,,,,,,,,,,,,,,
3276800,,,,,,,,,,,,,,0.24083898146636784,1.4128388660028577,0.0006446942236948416,0.3814590135589242,2.7357745729386806,0.0024347379248865764,4.841184303164482,56.322867691516876,0.00015051205666827272,8.946004591882229,55.70709544420242,0.00024297980793619445,3.105308186262846,0.13189146935474128,-0.17400020896457136,0.47786392527632415,1.0
3407872,0.25330737698823214,1.4881349094212055,0.0008623077014817682,0.3657212539110333,2.6460148245096207,0.0021793101077491883,-0.0431749883282464,0.8972198138944805,-1.0785592538304627,-0.06382147828117013,0.7844704710878432,-0.7480944572016597,0.3516984360758215,,,,,,,,,,,,,,,,,
3407872,,,,,,,,,,,,,,0.25346191914286464,1.5151526955887675,0.0008623077014817682,0.36600855621509254,2.6735478043556213,0.0021793101077491883,4.539075275883079,68.11179909110069,0.00010029377980291798,8.80480170249939,49.13427799940109,0.0002276600250130656,3.197626819834113,0.12847495544701815,-0.3705967313144356,0.5752834221348166,1.0
3538944,0.2560552505310625,1.496170146856457,0.0012054796937945866,0.38503710250370204,2.77885514870286,0.0035360484041575546,-0.05429227143758908,0.797351140063256,-0.9717066143639386,-0.05709292305982672,0.7453009258024395,-0.9022696479223669,0.36254292260855436,,,,,,,,,,,,,,,,,
3538944,,,,,,,,,,,,,,0.25623605330474675,1.5240416009910405,0.0012054796937945866,0.3854007434565574,2.8123514223843813,0.0035360484041575546,5.571681953966618,59.690003246068954,0.0001493598053979861,9.38096073269844,55.67770317196846,0.0002827729574725879,3.1347320824861526,0.13501274026930332,-0.33051070268265903,0.5507413023151457,1.0
3670016,0.26267169532366097,1.4849220844917,0.0008082902347723575,0.38706346112303436,2.824331223964691,0.0023960169776273688,-0.05270572140580043,0.933576247189194,-0.9285870897583663,-0.048116449383087456,0.7418408538214862,-0.8711876734159887,0.4012124084401876,,,,,,,,,,,,,,,,,
3670016,,,,,,,,,,,,,,0.26285713259130716,1.5264673414640129,0.0008082902347723575,0.38744093128480017,2.8776584081351757,0.0023960169776273688,5.2760320119559765,60.13312670588493,0.00016460488814407093,9.56442578881979,53.656611144542694,0.0003008086901790108,3.1139256451278925,0.13467491848859936,-0.16028295550495386,0.7241298917215317,1.0
3801088,0.2576050271745771,1.5263039711862803,0.0013553546572211417,0.38560322136618197,2.854723524302244,0.003372147629761457,-0.05836327574797906,0.8874570894986391,-1.0012872158549726,-0.048699144477723166,0.7453081454150379,-0.9062477867119014,0.39413523580878973,,,,,,,,,,,,,,,,,
3801088,,,,,,,,,,,,,,0.2577815734548494,1.550797970034182,0.0013553546572211417,0.3859977959655225,2.877018567174673,0.003372147629761457,5.361822966486216,64.28357058763504,0.00015798874427641607,9.423546940088272,55.137273490428925,0.00025703020853029557,3.0759961921721697,0.13676761265378445,-0.14362710155546665,0.6479200518224388,1.0
3932160,0.24644851044286042,1.4487653588876128,0.001263328429217836,0.3790382381994277,2.7595714200288057,0.0032050119339146477,-0.05196176574099809,0.9742668475955725,-0.937908120919019,-0.05925778855453245,0.7082635331898928,-0.897379326634109,0.37661119643598795,,,,,,,,,,,,,,,,,
3932160,,,,,,,,,,,,,,0.2466167074162513,1.4487653588876128,0.001263328429217836,0.37948301946744323,2.791687885299325,0.0032050119339146477,5.079389490187168,62.2781417965889,0.00015957930935606157,9.08871278166771,54.883756309747696,0.0002589344872915844,3.0794031098484993,0.13434145273640752,-0.12497855140827596,0.45482153072953224,1.0
4063232,0.2676489221630618,1.5004481985233724,0.0010483140537189684,0.3753636742476374,2.74088241904974,0.0028177341841910675,-0.04615082102827728,0.8359661074355245,-1.1139740217477083,-0.05971951692481525,0.6877744887024164,-0.8357583950273693,0.35060366173274815,,,,,,,,,,,,,,,,,
4063232,,,,,,,,,,,,,,0.26779797463677824,1.5004481985233724,0.0010483140537189684,0.3756217514164746,2.753583613783121,0.0028177341841910675,4.792835857719183,66.93362325429916,0.00011757406373913426,8.573966335505247,50.63487991690636,0.00023970914230098117,3.120683129876852,0.13271401455858722,-0.1262436716351658,0.5070620151236653,1.0
4194304,0.26258230360690504,1.5023419298231602,0.0006847534381222431,0.3747808882035315,2.7336013661697507,0.002536627745939768,-0.0376537694100989,0.8912129672244191,-0.9467248190194368,-0.07832596614025533,0.6787112434394658,-0.8078174823895097,0.44060500944033265,,,,,,,,,,,,,,,,,
4194304,,,,,,,,,,,,,,0.26270116691011935,1.5184220224618912,0.0006847534381222431,0.3750310179311782,2.7487586876377463,0.002536627745939768,4.768105883151293,61.041377037763596,0.00012208500857724403,8.823475554585457,50.670525938272476,0.00021252793656612035,3.0488721933215857,0.13439681590534747,-0.12498737941496074,0.5401087468490005,1.0
4325376,0.2621826895046979,1.490497600287199,0.0005985502406247178,0.37003357033245265,2.787382911890745,0.0020113846296681004,-0.014510970679111779,0.9995522573590279,-1.0327264885418117,-0.09155041840858757,0.672465379582718,-0.9180670673958957,0.4121186687843874,,,,,,,,,,,,,,,,,
4325376,,,,,,,,,,,,,,0.2623978366609663,1.5101382927969098,0.0005985502406247178,0.37048160238191485,2.8048204593360424,0.0020113846296681004,4.406584605574608,67.09473261237144,0.00014774062996769644,8.612602330744267,56.23130038380623,0.0001807742139752211,3.0554520189762115,0.13408032758161426,-0.16361616970971227,0.5982520212419331,1.0
4456448,0.2643698526080698,1.5774756101891398,0.0007396684771947548,0.3680720664560795,2.919951533898711,0.002325085466168275,0.0023267113999736466,0.9885808378458023,-0.9624050483107567,-0.1087707526749,0.6997492769733071,-0.9481655061244965,0.48706112685613334,,,,,,,,,,,,,,,,,
4456448,,,,,,,,,,,,,,0.26464832457713783,1.6421728301793337,0.0007396684771947548,0.368665870744735,2.9626179970800877,0.002325085466168275,3.997938934713602,64.5123291015625,0.00010186284156077363,8.815956138074398,60.94980180263519,0.00017707963681523609,3.086008369922638,0.13222198281437159,-0.1367756836116314,0.7833841764368117,1.0
4587520,0.25355239398777485,1.418009664863348,0.0007349902273290354,0.3628494464792311,2.7625958919525146,0.00222587788994133,0.013446718141494785,0.9919894146732986,-0.8114382978528738,-0.11945635895244777,0.7088936911895871,-0.8695099926553667,0.47840875084511936,,,,,,,,,,,,,,,,,
4587520,,,,,,,,,,,,,,0.25367332505993545,1.4190854039043188,0.0007349902273290354,0.3630817348603159,2.7708862721920013,0.00222587788994133,4.086543686687946,59.60660484433174,0.00011409088795222289,9.327036395668983,53.72228619456291,0.0001947084035722746,3.0754017792642117,0.13300606503617018,-0.12498919293284416,0.47343375254422426,1.0
4718592,0.268157668877393,1.4662104370072484,0.0008404290373391632,0.36800380842760205,2.8335881289094687,0.0023581402774652815,0.013288584319525398,1.070993509143591,-0.8752055335789919,-0.113754021236673,0.8394495400134474,-0.9372435980476439,0.445796106941998,,,,,,,,,,,,,,,,,
4718592,,,,,,,,,,,,,,0.2683592885732651,1.4699618285521865,0.0008404290373391632,0.36847827304154634,2.8585401847958565,0.0023581402774652815,4.1969377510249615,66.1708280146122,0.00010340058904390048,8.970421269536018,59.48511016368866,0.00014741915505700476,3.0987399350851774,0.13347661565057933,-0.14430037885904312,0.537321591284126,1.0
4849664,0.26142524869646877,1.5862500597722828,0.0008079449644924352,0.36540865269489586,2.8231021082028747,0.0024811634252728254,0.005055142708670246,0.9582609478384256,-0.9149090116843581,-0.11673384701134637,0.7004876383580267,-0.9129847194999456,0.4446715660742484,,,,,,,,,,,,,,,,,
4849664,,,,,,,,,,,,,,0.26168167823925614,1.6423797770403326,0.0008079449644924352,0.36581625044345856,2.8451681016013026,0.0024811634252728254,4.1515914890915155,60.45046263933182,0.00014154076320060938,8.96219190210104,58.03773567080498,0.00019961775100707513,3.117376498878002,0.13708761637099087,-0.12499593035317957,0.6861238651908934,1.0
4980736,0.2611154477344826,1.5962415458634496,0.0008996113484727175,0.3652490032836795,2.8917478565126657,0.0030501223782266607,-0.008204967465644586,0.9903884925879538,-1.1047585750930011,-0.10957587329903618,0.6957400566898286,-0.9814670076593757,0.5008094082586467,,,,,,,,,,,,,,,,,
4980736,,,,,,,,,,,,,,0.26133868691977113,1.6395777063444257,0.0008996113484727175,0.36574476188980043,2.9475323148071766,0.0030501223782266607,4.1665440779179335,68.63208884000778,0.00010175003260393112,8.71698535233736,59.79880490899086,0.0001881332581952222,3.094466784968972,0.13430524652358145,-0.1354517808649689,0.6404856794979423,1.0
5111808,0.2647206897381693,1.5196313140913844,0.0008845689409326951,0.3686748731415719,2.8131306366994977,0.00305556041246291,-0.01541617051771027,1.014989051502198,-0.9632872273214161,-0.10391567240003496,0.6657656584866345,-0.8962571900337934,0.4245170260546729,,,,,,,,,,,,,,,,,
5111808,,,,,,,,,,,,,,0.2648681204300374,1.520348691381514,0.0008845689409326951,0.3690276499837637,2.8460706556215882,0.00305556041246291,4.1262424644082785,63.01791408658028,0.00013237660773235405,8.725114643573761,54.55771121382713,0.00019945503422746924,3.103289995342493,0.13559124385938048,-0.15082429908216,0.5694636988919228,1.0
5242880,0.27615501428954303,1.56358062941581,0.0007808079637925402,0.37174645718187094,2.8354439372196794,0.00264394392252143,-0.020046528145030607,0.891429784707725,-0.9318398293107748,-0.09507510636467487,0.6991445561870933,-0.9990611737594008,0.5438911867095158,,,,,,,,,,,,,,,,,
5242880,,,,,,,,,,,,,,0.276415886124596,1.612141253426671,0.0007808079637925402,0.37221158808097243,2.874693584628403,0.00264394392252143,4.175708118826151,59.06889644265175,0.00010629991783650539,8.767408721148968,61.935583382844925,0.00015445128310265233,3.061816031113267,0.133324806811288,-0.1261071430053562,0.6816233256831765,1.0
5373952,0.27601886820048094,1.5708007710054517,0.000787051622751278,0.38185753603465855,2.8506800793111324,0.0017222599564092889,-0.025613072022679262,0.8864581128582358,-0.9975517340935767,-0.07648235384840518,0.7231729635968804,-0.9019947671331465,0.5038232263177633,,,,,,,,,,,,,,,,,
5373952,,,,,,,,,,,,,,0.276183599838987,1.5948467571288347,0.000787051622751278,0.38217794010415673,2.875857515260577,0.0017222599564092889,4.2620501928031445,62.84553200006485,0.0001000989605230429,8.720051012933254,55.464962154626846,0.0002155498336298134,3.0790592432022095,0.13509809714742005,-0.1249881146941334,0.5555920323822647,1.0
5505024,0.29361097840592265,1.457837587222457,0.001087475773317692,0.38440720248036087,2.821479309350252,0.002400480864025667,-0.01454768302210141,0.9389164305757731,-0.8524061567150056,-0.06544967996887863,0.7349408436566591,-0.8089644154533744,0.38518861029297113,,,,,,,,,,,,,,,,,
5505024,,,,,,,,,,,,,,0.30016684554607037,1.5916484597038074,0.0039016279386005297,0.34053208103336124,2.8336231686982765,0.0025164690022700005,2.429602237646917,46.19811977375389,0.0001103597868666003,8.850966834416894,59.5538696995768,0.000221300380825846,3.126594493188054,0.122267611359852,-0.12473701122385192,0.6034291613936783,1.0
5636096,0.28917931765317917,1.5584065960720181,0.0010899610172145913,0.3831438946072012,2.887059174478054,0.0028965210381102224,-0.014587710596970282,0.854873651638627,-0.7730758723337203,-0.06943147178390063,0.6977531439624727,-1.000367577187717,0.5346613985020667,,,,,,,,,,,,,,,,,
5636096,,,,,,,,,,,,,,0.28933632909320295,1.5629762643948197,0.0010899610172145913,0.3834986952133477,2.9081643242388964,0.0028965210381102224,3.383446116000414,54.83988764882088,0.00013434208792517666,8.890388265252113,60.50163623690605,0.00021344811519941054,3.124176563695073,0.13098926976090297,-0.12497461517341435,0.5171950829681009,1.0
5767168,0.2829228488262743,1.5481240153312683,0.0009750723509114323,0.3878193960990757,2.8332472518086433,0.0035204918490308046,-0.020726645896502305,0.8867191304452717,-0.8236769349314272,-0.07401528477203101,0.7506248215213418,-0.9688741597346961,0.5000811342615634,,,,,,,,,,,,,,,,,
5767168,,,,,,,,,,,,,,0.28315410390496254,1.5733826514333487,0.0009750723509114323,0.38839830202050507,2.9053977224975824,0.0035204918490308046,3.5953574050217867,60.83801379799843,8.82753543738346e-05,9.046010471880436,60.26117494702339,0.0002720144459105178,3.071590144187212,0.13313036120962352,-0.124987161019817,0.5480631205718964,1.0
5898240,0.27471481426618993,1.5690198484808207,0.0012833008210009211,0.38357934751547873,2.8916418878361583,0.0029518664239276404,-0.02090768482594285,0.9009721260517836,-0.927683939691633,-0.07968688948312774,0.826194180175662,-1.0427359747700393,0.4569301644805819,,,,,,,,,,,,,,,,,
5898240,,,,,,,,,,,,,,0.27497380087152123,1.6110065095126629,0.0012833008210009211,0.38415607856586576,2.930798233486712,0.0029518664239276404,3.7081511579453945,60.38257196545601,0.00012364794276331637,9.161518573760986,66.87795576453209,0.00022421787092730128,3.070954328402877,0.1339711743639782,-0.12498332373797894,0.6917924946174026,1.0
6029312,0.2855037092231214,1.7196387676522136,0.0012399430950154056,0.3828090485185385,2.8832050962373614,0.003347175087128562,-0.02511408706777729,0.8930860171094537,-0.8729528239928186,-0.07880467490758747,0.813289730809629,-0.9130157954059541,0.4766268746461719,,,,,,,,,,,,,,,,,
6029312,,,,,,,,,,,,,,0.28576641506515443,1.7902026688680053,0.0012399430950154056,0.3832209485117346,2.9027255987748504,0.003347175087128562,3.8331877514719963,58.15673926472664,0.00015738516812291437,9.146998897194862,56.67297953367233,0.0002615996558517075,3.104613220319152,0.13302495615789667,-0.1249769467394799,0.7589365653693676,1.0
6160384,0.2811683272011578,1.5604815678671002,0.0012577585305280081,0.38074796879664063,2.797954112291336,0.0028976429930480663,-0.025583509021089412,0.8695350443013012,-0.7609519851393998,-0.08746230433462188,0.7011892404407263,-0.9051896668970585,0.47999157942831516,,,,,,,,,,,,,,,,,
6160384,,,,,,,,,,,,,,0.2813039650209248,1.5837938068434596,0.0012577585305280081,0.38103254814632237,2.815828636288643,0.0028976429930480663,3.834913209080696,56.74870437383652,0.00012560380620962874,9.091490760445595,55.80330628156662,0.00020705605066950739,3.0556889679282904,0.1368910998571664,-0.12498966720886528,0.5726030592340976,1.0
6291456,0.2866367108654231,1.7608298379927874,0.00032303899024554994,0.37957394029945135,2.8764692582190037,0.0014568983280014436,-0.01950011111330241,0.9930676221847534,-0.9877312867902219,-0.0924231224344112,0.746035021264106,-1.0012919302098453,0.5233469631057233,,,,,,,,,,,,,,,,,
6291456,,,,,,,,,,,,,,0.2868997685145587,1.8090147133916616,0.00032303899024554994,0.38008841988630593,2.8999098651111126,0.0014568983280014436,3.7281552758067846,66.34149825572968,0.00013049915801754963,9.243481323122978,61.82994058728218,0.0001799571181217985,3.072132218629122,0.1349825612269342,-0.12498802202753723,0.7187496745027602,1.0
6422528,0.280780759640038,1.558446729555726,0.0009695868916992367,0.3747328801546246,2.817782010883093,0.00288343784677636,-0.01909141436772188,0.828841304872185,-0.680630715098232,-0.10369031404843554,0.7144700181670487,-1.0046689053997397,0.48352170153521,,,,,,,,,,,,,,,,,
6422528,,,,,,,,,,,,,,0.280949036590755,1.558446729555726,0.0009695868916992367,0.37513095047324896,2.8272816725075245,0.0028800134391531174,3.522405816242099,50.64601540565491,0.00011136591499827375,9.264515899121761,62.15585318207741,0.00016902020026071662,3.0556878969073296,0.1318754368694499,-0.12499050819315016,0.5509719073306769,1.0
6553600,0.2752396606374532,1.7035278249531984,0.0012328212840202468,0.37443567300215364,2.8478816151618958,0.0031483229465720797,-0.015505812247283757,0.9312592674978077,-0.8110908786766231,-0.1040060396771878,0.7401631041429937,-0.9906089012511075,0.4560875967144966,,,,,,,,,,,,,,,,,
6553600,,,,,,,,,,,,,,0.2755222041159868,1.7725464897230268,0.0012328212840202468,0.3749372069723904,2.8788126073777676,0.0031483229465720797,3.4881076645106077,61.7369464635849,0.00013186793353003878,9.206810094416142,62.3381022810936,0.00018510172334984532,3.0643181148916483,0.1332204125355929,-0.12500038370490074,0.7220837792847306,1.0
6684672,0.28090466069988906,1.6014605481177568,0.001123810582043916,0.3741351147182286,2.8223659954965115,0.0031605017761648924,-0.007006891918535985,0.7510382477194071,-0.893226916436106,-0.09232505259569734,0.7366056740283966,-0.9619520772248507,0.5037658014334738,,,,,,,,,,,,,,,,,
6684672,,,,,,,,,,,,,,0.281136556295678,1.6502820393070579,0.001123810582043916,0.3745470345020294,2.8522908706218004,0.0031605017761648924,3.2922973558306694,56.60738763213158,0.00013210068586044788,9.016992025077343,59.60241973400116,0.00016140097781791596,3.099532663822174,0.13338451902382076,-0.1249958488624543,0.7487864701543003,1.0
6815744,0.28144248202443123,1.6193196894600987,0.0018098210487096367,0.3791364168282598,2.839508494362235,0.003022709790911904,-0.0005057184897339084,0.9021774218417704,-0.7964601297862828,-0.08564172289334238,0.7370760347694159,-0.906568503472954,0.5374441377352923,,,,,,,,,,,,,,,,,
6815744,,,,,,,,,,,,,,0.2816676697693765,1.6653800820931792,0.0018098210487096367,0.3795248670503497,2.8562444113194942,0.003022709790911904,3.298429487273097,59.27450895309448,0.0001333002475699674,9.235492333769798,56.674605906009674,0.00020436177368488018,3.058231208473444,0.1377017555059865,-0.12499837251380086,0.657894121715799,1.0
6946816,0.2793752958532423,1.4845958114601672,0.001440515152808075,0.38381730229593813,2.8524734787642956,0.0031234203133863048,0.009131885597724931,1.0127724027261138,-0.8603371451608837,-0.0767190214828588,0.693741631694138,-0.9694609576836228,0.4893118836916983,,,,,,,,,,,,,,,,,
6946816,,,,,,,,,,,,,,0.2795186582952738,1.4862532238475978,0.001440515152808075,0.3841852496843785,2.8790542781352997,0.0031234203133863048,3.6557192113250494,61.692510932683945,0.00014727914214596183,8.926591590046883,59.13777166604996,0.00021796787544303697,3.0902455989271402,0.1369446626631543,-0.1249976665712893,0.4920647891703993,1.0
7077888,0.2805820975918323,1.5160979442298412,0.0012786497511569905,0.381056681741029,2.833454410545528,0.0028100708238980587,0.019546226409147494,1.029573586769402,-0.7262480563949794,-0.06984045734861866,0.6880578533746302,-0.9098234891425818,0.4895971710793674,,,,,,,,,,,,,,,,,
7077888,,,,,,,,,,,,,,0.2807114780880511,1.5160979442298412,0.0012786497511569905,0.38132253708317876,2.854794029146433,0.0028100708238980587,3.780894508585334,62.15851765871048,0.00011748322302024272,8.833389215171337,55.63468995690346,0.00020005378349807756,3.0851299967616796,0.13761053199414164,-0.15548668871633708,0.46671013976447284,1.0
7208960,0.27521282783709466,1.539569285698235,0.0013855699741611716,0.3756357845850289,2.779900297522545,0.0029137283527234104,0.026103786993189715,0.9563953527249396,-0.6806430839933455,-0.07750584610039368,0.6859305868856609,-0.9333396344445646,0.46212356560863554,,,,,,,,,,,,,,,,,
7208960,,,,,,,,,,,,,,0.2753744211513549,1.5696179056540132,0.0013855699741611716,0.37594239693135023,2.7927441503852606,0.0029137283527234104,3.739976327866316,61.76369470357895,0.00013318636007042528,8.780075177550316,56.36176463961601,0.00020894633732027046,3.0892989337444305,0.13945488817989826,-0.12500805617310107,0.6167942325118929,1.0
7340032,0.2774828413967043,1.7202146667987108,0.0019092084571639134,0.37914150347933173,2.8512868862599134,0.0034504044492678076,0.032307257017237134,0.95550566771999,-0.5989435967057943,-0.07653228740673512,0.7287484258413315,-0.9909801962785423,0.4927617918001488,,,,,,,,,,,,,,,,,
7340032,,,,,,,,,,,,,,0.2777844003867358,1.7966628642752767,0.0019092084571639134,0.37958693015389144,2.871678063645959,0.0034504044492678076,4.039740741252899,57.33979573845863,0.00014095894994969882,8.874321669340134,62.058792650699615,0.00020073414873422735,3.0787978880107403,0.13644635293167084,-0.12500137370079756,0.7233507491182536,1.0
7471104,0.2783383862115443,1.5560449622571468,0.0015523977922384802,0.3806103423703462,2.782780352048576,0.00345989077413833,0.030060514123761095,0.9714162279851735,-1.0336938076652586,-0.08469231962226331,0.673366732429713,-0.8575061387382448,0.43118012393824756,,,,,,,,,,,,,,,,,
7471104,,,,,,,,,,,,,,0.2785320256371051,1.5822802409529686,0.0015523977922384802,0.38093745056539774,2.800893255509436,0.00345989077413833,4.255884900689125,67.3774206340313,0.00012382273838607363,8.831887438893318,52.90871447324753,0.00018933037684171206,3.056368336081505,0.13673737028148025,-0.1250046177301556,0.5690361326560378,1.0
7602176,0.28824688121676445,1.5969946840777993,0.0014153273450574488,0.3838423772249371,2.841543451882899,0.003570699097508623,0.020520127181953285,0.8687809742987156,-0.9892604630440474,-0.08673238079063594,0.699897532351315,-0.9463803367689252,0.5114962963853031,,,,,,,,,,,,,,,,,
7602176,,,,,,,,,,,,,,0.2885381504893303,1.6496543092653155,0.0014153273450574488,0.3843183552380651,2.8685358138754964,0.003570699097508623,3.9851294476538897,60.05492123961449,0.00012194527097253438,8.834472991526127,60.480470806360245,0.00017605327131420268,3.0757559090852737,0.13386721990536898,-0.1249968868214637,0.6402215177658945,1.0
7733248,0.28541413601487875,1.6404134817421436,0.0012192818387575244,0.3860383671708405,2.934072257950902,0.003245310064585283,0.007193086103143287,0.8796063200570643,-0.8552998988889158,-0.0921238458249718,0.7004336817190051,-1.0725636356510222,0.4941467859316617,,,,,,,,,,,,,,,,,
7733248,,,,,,,,,,,,,,0.2856838514562696,1.6802293304353952,0.0012192818387575244,0.38666370743885636,2.9766720943152905,0.003245310064585283,3.704444158822298,59.39398640394211,0.00013043151079905613,8.998310960829258,65.9352702498436,0.0001834717985738088,3.0863418746739626,0.1356358726043254,-0.12500389502383769,0.6363768421579152,1.0
7864320,0.28331387089565396,1.5760030578821898,0.0010932358793525054,0.3897555151488632,2.8772495901212096,0.0032212606651000897,0.002328949927004942,0.7766731139272451,-0.7918519848026335,-0.09819468128262088,0.6787517173215747,-1.0070910998620093,0.47885953006334603,,,,,,,,,,,,,,,,,
7864320,,,,,,,,,,,,,,0.2835454186424613,1.5939104175195098,0.0010932358793525054,0.39021558966487646,2.890013783238828,0.0032212606651000897,3.8037623539566994,51.12948504090309,0.00011841980084265069,9.086929775774479,61.666507214307785,0.0001762416029134073,3.0915066692978144,0.13563753047492355,-0.2215555738657713,0.5534673207439482,1.0
7995392,0.28907662676647305,1.5135289831086993,0.0011171209141593863,0.3884773557074368,2.9038858227431774,0.003176937004809588,-0.010729272599064643,0.7348266462795436,-0.8280063990969211,-0.10166704747825861,0.6677886033430696,-1.021434438880533,0.5069874555338174,,,,,,,,,,,,,,,,,
7995392,,,,,,,,,,,,,,0.28929970995523036,1.526986145414412,0.0011171209141593863,0.38895148131996393,2.9345672205090523,0.003176937004809588,3.8115165308117867,56.742661982774734,0.00011237384047646515,9.229312784969807,61.627597987651825,0.00024723356644429373,3.0762929283082485,0.1366988078225404,-0.5693070951383561,0.6157991546206176,1.0
8126464,0.3111011511646211,1.4391078120097518,0.0006617274774498583,0.38919849460944533,2.80299989040941,0.0023779384810040938,-0.016295893634378444,0.786325525958091,-0.8109089392237365,-0.10406629455974326,0.6627414943650365,-0.9588436312042177,0.3661716813221574,,,,,,,,,,,,,,,,,
8126464,,,,,,,,,,,,,,0.3147043826799077,1.5495356801134277,0.004276413517682596,0.34404245562604574,2.904717094141496,0.0024243649092666997,2.814912171489475,48.12803468512124,9.434143075957506e-05,8.960376311654606,57.90501908160163,0.0001683222754250501,3.0600205176925086,0.12263272762724972,-0.12474646484367101,0.613063378057566,1.0
8257536,0.2975572233553976,1.5257675955072045,0.001087309579020257,0.3949094333220273,2.94961697421968,0.0032747112491051666,-0.02298519002215471,0.9010152947157621,-0.9895058739930391,-0.1125092119909823,0.6744434721767902,-1.046541298739612,0.5541427454445511,,,,,,,,,,,,,,,,,
8257536,,,,,,,,,,,,,,0.29775889008305967,1.5435980511829257,0.001087309579020257,0.39544376777485013,2.981300126761198,0.0032747112491051666,4.154182510450482,66.58108413219452,0.00013767977876444348,9.696598306298256,63.664277732372284,0.00018163106107071947,3.0447488762438297,0.14058942708652467,-0.12499962816946208,0.574056439800188,1.0
8388608,0.29012703872285783,1.6021839017048478,0.0014171635855291242,0.39726104168221354,2.9803994484245777,0.0033858232882266748,-0.029649958058143966,0.8718804251402617,-1.0959582356736064,-0.11233622004510835,0.706970932893455,-1.0611931020393968,0.4985797533299774,,,,,,,,,,,,,,,,,
8388608,,,,,,,,,,,,,,0.29046661336906254,1.6604650551453233,0.0014171635855291242,0.39785021613352,3.0399089604616165,0.0033858232882266748,4.805249102413654,70.44583231210709,0.00011714991313560574,9.952960915863514,65.01892280578613,0.00020287904161020442,3.0163180250674486,0.1430508189368993,-0.12500345380976796,0.8179985310416669,1.0
8519680,0.28734652348794043,1.5231980569660664,0.001210064460110516,0.3984189573675394,2.975123569369316,0.003258496309626935,-0.034163565025664866,0.8030662452802062,-1.0322072259150445,-0.11535170406568795,0.6682687103748322,-1.129473252221942,0.4408507482148707,,,,,,,,,,,,,,,,,
8519680,,,,,,,,,,,,,,0.2877353713847697,1.5508760353550315,0.001210064460110516,0.3992892447859049,3.023667624220252,0.003258496309626935,4.6657884903252125,65.92737516760826,0.00013563395264615252,9.930540271103382,69.86888647079468,0.00022490062575508674,3.026146100834012,0.142470313468948,-0.12499157502315938,0.5854359609074891,1.0
8650752,0.2984894164837897,1.65037377551198,0.0014401953318383676,0.3946785447187722,2.973589539527893,0.0032655168306519045,-0.024203465101891197,0.949591068085283,-1.350464061833918,-0.1061366205685772,0.7390829073265195,-1.1506219455040991,0.4498128294944763,,,,,,,,,,,,,,,,,
8650752,,,,,,,,,,,,,,0.2988680067937821,1.700072537176311,0.0014401953318383676,0.39538979646749794,3.011791395023465,0.0032655168306519045,4.320364074781537,78.3483414053917,0.00011344587057826594,9.459491550922394,70.68924534320831,0.00019678983919124704,3.11029583029449,0.13849829719401896,-0.12499632081016898,0.8355590766295791,1.0
8781824,0.2981316023506224,1.541875814087689,0.001329104696765171,0.3961902353912592,2.846818460151553,0.003334440720209386,-0.01365540238111862,0.8802673844620585,-0.9478772049769759,-0.09562383155571297,0.66464401059784,-1.1171210827305913,0.5019163184333593,,,,,,,,,,,,,,,,,
8781824,,,,,,,,,,,,,,0.2984840974677354,1.5752428751438856,0.001329104696765171,0.3969586475286633,2.881520289927721,0.003334440720209386,4.432444769889116,61.798172265291214,0.00013067839553060345,9.217027097940445,69.40019059181213,0.0001822697295681408,3.0634492076933384,0.14170305035077035,-0.12499631498940289,0.6519724559038877,1.0
8912896,0.3049512717407197,1.8116411548107862,0.0014683084268654056,0.39142510178498924,2.933697860687971,0.0034941174703817524,-0.002788294795834645,0.8690397618338466,-0.7923281495459378,-0.09161664068233222,0.831587788881734,-1.190835150424391,0.542644822737202,,,,,,,,,,,,,,,,,
8912896,,,,,,,,,,,,,,0.3053436775226146,1.8875573053956032,0.0014683084268654056,0.39224531524814665,2.984693691134453,0.0034941174703817524,4.06254818290472,58.28893822431564,0.000116496162069879,9.16066662967205,73.64769119024277,0.0001535123959968132,3.103066759184003,0.1366733240429312,-0.13174212747253478,0.7185997297056019,1.0
9043968,0.2971251793205738,1.5447228644043207,0.0012405621270090705,0.3830659242812544,2.843920201063156,0.003228521456094313,0.0022069036502330164,0.8305829190649092,-0.8646413064561784,-0.09276761475484818,0.7072569439187646,-1.125885050278157,0.5439430547412485,,,,,,,,,,,,,,,,,
9043968,,,,,,,,,,,,,,0.29739237134344876,1.5471483385190368,0.0012405621270090705,0.3837822712957859,2.867207933217287,0.003228521456094313,3.6620005071163177,57.72952842712402,0.00011092858485184376,9.21692693978548,68.99459719657898,0.00018939221907210424,3.0764361061155796,0.13465073716361076,-0.1250032519455999,0.47973329457454383,1.0
9175040,0.2969224788248539,1.604596022516489,0.0012238970836051521,0.387462854385376,2.8918399792164564,0.0036939524061381235,0.012282123429031344,0.9297137754037976,-0.7413113710936159,-0.09256092377472669,0.6914260052144527,-1.1563455457799137,0.5226465580053627,,,,,,,,,,,,,,,,,
9175040,,,,,,,,,,,,,,0.2972794158849865,1.6229630839079618,0.0012238970836051521,0.3883437269832939,2.9310051165521145,0.0036939524061381235,3.797904709354043,58.40056410431862,0.0001032291289823073,9.39135142415762,71.22751292586327,0.00019793639060594614,3.110055411234498,0.13345485145691782,-0.12500397395342588,0.5746955364011228,1.0
9306112,0.2980361026711762,1.6343246838077903,0.0009638339297453058,0.3862806879915297,2.892802202142775,0.0034502733374210948,0.015477589338843245,0.9314415468834341,-0.6648582890629768,-0.08777063409797847,0.7226504986174405,-1.119464092887938,0.527799854055047,,,,,,,,,,,,,,,,,
9306112,,,,,,,,,,,,,,0.2983622297178954,1.6653930600732565,0.0009638339297453058,0.3871511844918132,2.9402953376993537,0.0034502733374210948,3.738916711881757,59.28282478451729,0.00010797996629641204,9.195012301206589,68.78129559755325,0.00017341258272929316,3.0947328247129917,0.1323934184620157,-0.12500054528936744,0.6596065568737686,1.0
9437184,0.2962563121691346,1.672648860141635,0.0012791824192959211,0.3802863238379359,2.820500634610653,0.003036012099528307,0.017986954626394436,0.8798886444419622,-0.7385339033789933,-0.09082675818353891,0.7234083022922277,-1.155778659041971,0.560596454073675,,,,,,,,,,,,,,,,,
9437184,,,,,,,,,,,,,,0.2966888309456408,1.7207418028265238,0.0012791824192959211,0.38120754482224584,2.8997006490826607,0.003036012099528307,3.6870558820664883,57.44422262907028,0.00010966671801249106,9.19256129860878,71.77779939770699,0.00016810729506033795,3.1104650124907494,0.13514468201901764,-0.12499624700285494,0.7956388350576162,1.0
9568256,0.3005124607589096,1.605188027024269,0.0013055910496859724,0.3896628310903907,2.8495243415236473,0.0033444645800955186,0.017961071396712214,1.0550042451359332,-0.7006248652469367,-0.09140055679017678,0.8213318553753197,-1.1082333559170365,0.5305282690096647,,,,,,,,,,,,,,,,,
9568256,,,,,,,,,,,,,,0.30086081358604133,1.6129137203097343,0.0013055910496859724,0.3906012340448797,2.8932760152965784,0.0033444645800955186,3.820696299895644,66.54606708884239,0.00012479676435006581,9.27643496543169,68.56723800301552,0.0001681739325620768,3.142326280474663,0.13556215597782284,-0.12499623093754053,0.5754368400666863,1.0
9699328,0.2993035474792123,1.6152079617604613,0.0015977305195065128,0.38848141743801534,2.952105898410082,0.003630973036706564,0.016450036222522613,0.7984780021943152,-0.7871135964524001,-0.09390691004227847,0.6767705520614982,-1.1187349101528525,0.5363681176677346,,,,,,,,,,,,,,,,,
9699328,,,,,,,,,,,,,,0.29960936214774847,1.6413653017953038,0.0015977305195065128,0.3891568067483604,2.9797972794622183,0.003630973036706564,3.743284521624446,55.19453203678131,0.00010431041088709847,9.171392060816288,69.37240889668465,0.00017498745122601633,3.1539705768227577,0.1325378706678748,-0.2293048296123743,0.6216673934832215,1.0
9830400,0.30103690922260284,1.670952383428812,0.0014011904835342648,0.39148388081230223,2.958646362647414,0.003103075951912615,0.0168539238802623,0.9235196211375296,-0.7934554344974458,-0.08542763814330101,0.7133527658879757,-1.1306030480191112,0.5173589732730761,,,,,,,,,,,,,,,,,
9830400,,,,,,,,,,,,,,0.301465765805915,1.7239644955843687,0.0014011904835342648,0.3924059134442359,2.985147913917899,0.003103075951912615,3.978834420442581,62.16045266389847,0.00012574018532972991,8.947339832782745,69.60287755727768,0.00019703592481434828,3.1141847390681505,0.13422112946864218,-0.14966457663103938,0.76821922021918,1.0
9961472,0.30164166376926005,1.7193080121651292,0.0008548987590302204,0.3939770576544106,2.9308420550078154,0.0027823718874060432,0.013413420547294663,0.9720849939621985,-0.6823636596091092,-0.08080638601677492,0.7372034243308008,-1.1553941587917507,0.5176809525582939,,,,,,,,,,,,,,,,,
9961472,,,,,,,,,,,,,,0.3022066440898925,1.7959474138915539,0.0008548987590302204,0.39508548006415367,2.991536660119891,0.0027823718874060432,3.965186681598425,59.00877195596695,9.562266661866659e-05,8.794741123914719,72.02049791812897,0.00018194917702096802,3.1224125772714615,0.13436717563308775,-0.25075328908860683,0.8138606871943921,1.0
10092544,0.2973851121496409,1.7439863551408052,0.0011300226044568262,0.3880888344720006,2.946060369722545,0.0026547301874870755,0.00779565382617875,0.8532925844192505,-0.6644741492345929,-0.07464214594801888,0.7250982113182545,-1.1114816865883768,0.4689712942345068,,,,,,,,,,,,,,,,,
10092544,,,,,,,,,,,,,,0.29776646522805095,1.7918946295976639,0.0011300226044568262,0.3888212663587183,3.012138062156737,0.0026547301874870755,3.67400767095387,53.911134004592896,0.0001253997187635747,8.766007736325264,69.52758455276489,0.00016109790771690058,3.118175745010376,0.13198718754574656,-0.12500291550531983,0.7288549509830773,1.0
10223616,0.3040991863235831,1.6533396542072296,0.0015056282811656274,0.39193352754227817,2.848766705021262,0.003648764648460201,0.0010290943880022496,1.028390466235578,-0.753339609131217,-0.07353271642932668,0.7205512342043221,-1.1830240688286722,0.5032765020150691,,,,,,,,,,,,,,,,,
10223616,,,,,,,,,,,,,,0.3045668073464185,1.6839397875592113,0.0015056282811656274,0.39299836894497275,2.926949340850115,0.003648764648460201,3.393541904166341,64.87906628847122,0.00011758314879073417,9.048256799578667,73.25278750061989,0.0002222068564998736,3.176137028262019,0.12832689587958157,-0.12500268244184554,0.69445342826657,1.0
10354688,0.2968389398884028,1.5958491265773773,0.0013023855041183197,0.39512522565200925,2.82158256880939,0.0035147633618635155,-0.008470706178741239,0.7910454124212265,-0.8104950045235455,-0.06588373155682348,0.738625640515238,-1.1160061215050519,0.45594573207199574,,,,,,,,,,,,,,,,,
10354688,,,,,,,,,,,,,,0.2971415326464921,1.6166236773133278,0.0013023855041183197,0.3958143151830882,2.8535888213664293,0.0035147633618635155,3.376338839530945,54.122714936733246,0.00013100591771597614,8.956537790596485,68.55496397614479,0.00023477804392157964,3.1771422643214464,0.131914411787875,-0.12499011238105595,0.6267580199055374,1.0
10485760,0.30411719158291817,1.6845538327470422,0.0019595099927300907,0.38982862629927695,2.888136371038854,0.003850128798148944,-0.014408869661565404,0.7755929841659963,-0.8587053851224482,-0.05808394349878654,0.7547096260823309,-1.1618643570691347,0.5120741822756827,,,,,,,,,,,,,,,,,
10485760,,,,,,,,,,,,,,0.3045191545970738,1.7312930785119534,0.0019595099927300907,0.3907676392700523,2.9422327550128102,0.003850128798148944,3.217981778085232,60.64470016956329,0.00011161282622884627,9.105700328946114,71.49594208598137,0.00019357468992842186,3.117710893973708,0.13140738243237138,-0.1249879936221987,0.7676904057152569,1.0
10616832,0.3023328606504947,1.7064891261979938,0.0016326576167102758,0.3894509254023433,2.892462531104684,0.0037519938789500884,-0.016350047364539932,0.7204338305164129,-0.7895324570126832,-0.05701054466771893,0.7794517590664327,-1.1110470653511584,0.5252943987725303,,,,,,,,,,,,,,,,,
10616832,,,,,,,,,,,,,,0.30271480954252183,1.743859350681305,0.0016326576167102758,0.39034775155596435,2.9495178144425154,0.0037519938789500884,3.2296137139201164,53.34932768344879,0.00010766328117917112,9.019280411303043,68.69169265031815,0.00017631721865463135,3.1789871752262115,0.13210905552841723,-0.12499136291444302,0.6470665510278195,1.0
10747904,0.2982357076834887,1.513882183469832,0.001667713007805105,0.3888832910452038,2.8206635154783726,0.0037674549294024473,-0.013592764124041423,0.6376472334377468,-0.8480233033187687,-0.07488007703796029,0.7378159402869642,-1.0855997577309608,0.4471200678963214,,,,,,,,,,,,,,,,,
10747904,,,,,,,,,,,,,,0.3350045622764043,1.6114876054406884,0.0033650447549116945,0.3498041351460459,2.879229268754821,0.002668016023551856,1.9236608396939294,39.339646046352854,8.80633778489205e-05,8.79839475911408,63.971138398196686,0.00014718962291163665,3.155013646706041,0.12439554895089198,-0.12475434778235762,0.5785220748329737,1.0
10878976,0.3028990547172725,1.5299039175733924,0.001453406374594124,0.3901669792830944,2.847085348330438,0.003899649149389006,-0.014581266295863315,0.6915366505272686,-0.8145664921030402,-0.08130952448118478,0.7092590983957052,-1.15528772957623,0.5407519800355658,,,,,,,,,,,,,,,,,
10878976,,,,,,,,,,,,,,0.30318720266222954,1.5344744715839624,0.001453406374594124,0.39097978128120303,2.8715369226410985,0.003899649149389006,2.9081045258790255,54.42253199219704,0.00011952819184202212,9.068982653319836,71.20911169052124,0.00015376684992851608,3.1713495701551437,0.1319209289504215,-0.1249987781047821,0.5337567811366171,1.0
11010048,0.29830340668559074,1.608621316961944,0.00138361782398988,0.3886709571816027,2.7895678877830505,0.0033633644388828543,-0.014658673651865683,0.7241014135070145,-0.956497604958713,-0.08817864605225623,0.7113108006305993,-1.1422032970003784,0.5589869893155992,,,,,,,,,,,,,,,,,
11010048,,,,,,,,,,,,,,0.2986232580151409,1.6263963477686048,0.00138361782398988,0.3894685551058501,2.8184407334774733,0.0033633644388828543,3.0145260225981474,60.541268676519394,9.817035214176872e-05,9.333758033812046,70.03984293341637,0.0001538556184497164,3.1620094794780016,0.13407415302935988,-0.12501655519008636,0.5570090177934617,1.0
11141120,0.2927929500583559,1.708627862855792,0.0013020970657180442,0.3830312513746321,2.8483366714790463,0.002811159879229308,-0.018582373450044543,0.7157838989514858,-0.7779230088926852,-0.09048842545598745,0.7022289517335594,-1.1719204243272543,0.5261621868703514,,,,,,,,,,,,,,,,,
11141120,,,,,,,,,,,,,,0.29313255730085075,1.7326683048158884,0.0013020970657180442,0.3838800846133381,2.8932040287181735,0.002811159879229308,3.0911446511745453,53.28345066308975,0.00010728270208204549,9.448300369083881,72.70204254984856,0.00013848555859130585,3.1641939748078585,0.13441116432659328,-0.12500169267877936,0.5745585048571229,1.0
11272192,0.296797476708889,1.5904214959591627,0.0016765616107932146,0.3834876543842256,2.9055676758289337,0.0030774771001915724,-0.022919330644072033,0.9685185987036675,-0.9236690043471754,-0.07707850026781671,0.748575356323272,-1.16837092442438,0.5425608472432941,,,,,,,,,,,,,,,,,
11272192,,,,,,,,,,,,,,0.29719953052699566,1.631825802847743,0.0016765616107932146,0.3843822961207479,2.9297206588089466,0.0030774771001915724,3.5038070753216743,63.6991868019104,8.80643687101168e-05,9.153539441525936,71.85513412952423,0.00017078981042217833,3.230466429144144,0.13168234418844804,-0.12501081149093807,0.7731196149252355,1.0
11403264,0.30015277303755283,1.5704216407611966,0.0017808889415391604,0.3854593432042748,2.8728970028460026,0.0032409939342414873,-0.024285059509566054,0.8005254617892206,-0.9628379191271961,-0.08315738895907998,0.7518115257844329,-1.164031411986798,0.5210968155879527,,,,,,,,,,,,,,,,,
11403264,,,,,,,,,,,,,,0.30052350903861225,1.5965487575158477,0.0017808889415391604,0.3863761087413877,2.9315425883978605,0.0032409939342414873,3.5691467747092247,63.84264472126961,0.00010846629241667571,9.619030639529228,71.23281690478325,0.00018110972381801815,3.153423860669136,0.1359509965404868,-0.12500287988223135,0.6883834539912641,1.0
11534336,0.30888026766479015,1.7133356276899576,0.0013969626783136846,0.38960752869024873,2.978185214102268,0.0032224490996668465,-0.028514129982795566,0.7914236304350197,-0.8889147627633065,-0.08599585213232785,0.7327443337999284,-1.1207202193327248,0.5392756534274668,,,,,,,,,,,,,,,,,
11534336,,,,,,,,,,,,,,0.30924006714485586,1.739699287340045,0.0013969626783136846,0.39049267768859863,3.0134756918996572,0.0032224490996668465,3.6510239969938993,59.196898728609085,0.00011072437201908869,9.630507349967957,68.90606188774109,0.00013714631590833193,3.168572388589382,0.13018986757379025,-0.12500057741999626,0.6281683484558016,1.0
11665408,0.30127845238894224,1.6311193481087685,0.0012647477001337393,0.388853978831321,2.980148745700717,0.003213335208101853,-0.03445517068030313,0.7611751572694629,-0.8542972137220204,-0.10142670688219368,0.7457809136249125,-1.175140766426921,0.5272241784259677,,,,,,,,,,,,,,,,,
11665408,,,,,,,,,,,,,,0.30170253315009177,1.6730396235361695,0.0012647477001337393,0.38984580151736736,3.0238179340958595,0.003213335208101853,3.790329897776246,59.33647835254669,0.00011529301089585609,10.002798847854137,72.48967745900154,0.0001622619688603777,3.1790735945105553,0.13239082362269983,-0.12499371380545199,0.6764287468977273,1.0
11796480,0.2961356732994318,1.7625207817181945,0.0008340192159721482,0.3871083732228726,2.9406665917485952,0.002485623194161235,-0.04065317890490405,0.8416366553865373,-0.9341028407216072,-0.1075992297846824,0.714922568295151,-1.1479302560910583,0.5713305557146668,,,,,,,,,,,,,,,,,
11796480,,,,,,,,,,,,,,0.29650104651227593,1.7892795708030462,0.0008340192159721482,0.3880089381709695,2.9761432260274887,0.002485623194161235,4.080533839762211,63.11172437667847,0.00012769584772598375,10.13608467578888,70.012575507164,0.00016792736886639403,3.1871646884828806,0.13332217279821634,-0.1250024817418307,0.7999820511322469,1.0
11927552,0.2971679773181677,1.7096487963572145,0.0005830560974473542,0.38743878551758826,3.0123014878481627,0.0017275926329602953,-0.04943254787940532,0.8374088271521032,-1.0002807951532304,-0.11281174834584817,0.7377558755688369,-1.1438638954423368,0.5514683406800032,,,,,,,,,,,,,,,,,
11927552,,,,,,,,,,,,,,0.29757817019708455,1.7541521405801177,0.0005830560974473542,0.38845903519541025,3.037138719111681,0.0017275926329602953,4.666384235024452,65.31125962734222,0.00011389773688819105,10.383972205221653,70.35898223519325,0.00014722380876541763,3.191732734441757,0.1364829739322886,-0.12500809459015727,0.6677026920951903,1.0
12058624,0.2989828265272081,1.6312326788902283,0.0011047436169064895,0.3899043183773756,3.0062599666416645,0.002975047254267338,-0.05406437019701116,0.9253940489143133,-1.0261726258322597,-0.12178653536830097,0.7006630566902459,-1.1628283089958131,0.5249562084209174,,,,,,,,,,,,,,,,,
12058624,,,,,,,,,,,,,,0.2993917940184474,1.649786103516817,0.0011047436169064895,0.3909789889585227,3.0205279253423214,0.002975047254267338,5.039131626486778,67.47314259409904,0.00011467907869100458,10.602721847593784,71.0515641272068,0.00013185033129126111,3.178399881348014,0.13636705675162375,-0.12499806983396411,0.5708596415352076,1.0
12189696,0.2968417853116989,1.5844027316197753,0.001094190242042714,0.3877680010627955,2.9471471533179283,0.0029361378303747188,-0.05903609676170163,0.9099853504449129,-0.8174009276553988,-0.11533401574706659,0.7038110452704132,-1.1839644662104547,0.5134094986133277,,,,,,,,,,,,,,,,,
12189696,,,,,,,,,,,,,,0.29726756643503904,1.5856142397969961,0.001094190242042714,0.3889095901977271,2.990472072735429,0.0029361378303747188,5.121748019009829,61.47436287999153,0.00012394383880272308,10.434667341411114,72.41002053022385,0.00015305539413557057,3.164546273648739,0.13637609605211765,-0.12499975599348545,0.5177457891404629,1.0
12320768,0.2995708875823766,1.6959983268752694,0.0011436439950784916,0.3904538005590439,2.9685257337987423,0.0032099564396048663,-0.061656722420593724,0.8132767206989229,-0.9699730314314365,-0.11655554780736566,0.7293745544739068,-1.1480567511171103,0.49488504556939006,,,,,,,,,,,,,,,,,
12320768,,,,,,,,,,,,,,0.30001572519540787,1.7294216258451343,0.0011436439950784916,0.39152939314953983,3.0115849506109953,0.0032099564396048663,5.313917942345142,64.75188457965851,0.000113341028693148,10.298270024359226,70.332764595747,0.00012764809118115394,3.122534828260541,0.13993034115992486,-0.12499059457331896,0.6675858839880675,1.0
12451840,0.3002255989704281,1.689674649387598,0.001126652005723372,0.393565590493381,2.9770290795713663,0.002726109419199929,-0.06559768368606456,0.6879050717689097,-0.9611479011364281,-0.10889208951266482,0.7483355356380343,-1.1732161063700914,0.5428543894086033,,,,,,,,,,,,,,,,,
12451840,,,,,,,,,,,,,,0.30062717688269913,1.7067353017628193,0.001126652005723372,0.39459887938573956,3.0166915226727724,0.002726109419199929,5.295036133378744,60.367195665836334,0.00010356173236514277,10.061151020228863,71.85132119059563,0.00014431014197402448,3.0821233559399843,0.13787212688475847,-0.1250054184347391,0.6301184259355068,1.0
12582912,0.3109585226047784,1.613920888863504,0.001623251479713872,0.3984588684979826,3.0297290068119764,0.0030497538355120923,-0.0647840274614282,0.8176110913045704,-0.9950038236565888,-0.10499038849957287,0.7556277401745319,-1.183761382009834,0.49024332023691386,,,,,,,,,,,,,,,,,
12582912,,,,,,,,,,,,,,0.3114463537931442,1.6350526250898838,0.001623251479713872,0.39965836028568447,3.065983923152089,0.0030497538355120923,5.420693829655647,64.81320330500603,0.0001211841643495859,10.132318787276745,72.98445373773575,0.00014112619633793733,3.0913944393396378,0.1411693530390039,-0.12500271433964372,0.5950318875256926,1.0
12713984,0.3093667235225439,1.871127313002944,0.0007333987707340839,0.40273705520667136,2.9890503026545048,0.002351369153984706,-0.05920023247017525,0.8098085019737482,-0.9523242297582328,-0.09675820864504203,0.7596953231841326,-1.203421858139336,0.47139702062122524,,,,,,,,,,,,,,,,,
12713984,,,,,,,,,,,,,,0.30992384464479983,1.9432415561750531,0.0007333987707340839,0.4040469639003277,3.019973022863269,0.002351369153984706,5.063577599823475,61.43469136953354,0.00012732411754168282,10.247363492846489,74.62471941113472,0.0001975166509415871,3.109675170853734,0.14540913118980825,-0.12500074226409197,0.7875924594700336,1.0
12845056,0.314372836612165,1.6361005399376154,0.0013624256350794894,0.4095387472771108,2.9087810274213552,0.0032490025266724842,-0.05317547984304838,0.7897291071712971,-1.012651123572141,-0.09580261824885383,0.7342430297285318,-1.2035496504977345,0.4666787324240431,,,,,,,,,,,,,,,,,
12845056,,,,,,,,,,,,,,0.3148785687517375,1.6387682417407632,0.0013624256350794894,0.4109127325937152,2.95987106859684,0.0032490025266724842,4.980840716511011,65.56278818845749,0.00012577308635830509,10.027861528098583,74.56784152984619,0.00018894123835178078,3.1144197322428226,0.1475802136119455,-0.12499904516153038,0.5032739005982876,1.0
12976128,0.31393015547655523,1.6671382011845708,0.0014799771129219152,0.41558964154683053,2.941635277122259,0.003108828119820828,-0.044326456845737994,0.7823117743246257,-1.0068167829886079,-0.09864688199013472,0.7385504157282412,-1.2226263652555645,0.47568823397159576,,,,,,,,,,,,,,,,,
12976128,,,,,,,,,,,,,,0.31459810049273074,1.7274533901363611,0.0014799771129219152,0.41725301230326295,2.9978481363505125,0.003108828119820828,5.062984839081764,65.05757254362106,0.00013775562090856397,10.00779227167368,75.45206233859062,0.0001867178269012032,3.1204387433826923,0.14910168875940144,-0.12714129243977368,0.8619006611406803,1.0
13107200,0.32486625434830785,1.6709644915536046,0.001553810352106666,0.4170725494623184,2.990823533385992,0.003325704781332206,-0.030359536671312526,0.8474219753406942,-0.8638971489854157,-0.10901912249391899,0.7192945806309581,-1.206236601807177,0.5041263692546636,,,,,,,,,,,,,,,,,
13107200,,,,,,,,,,,,,,0.3254123420920223,1.682865634560585,0.001553810352106666,0.41857560351490974,3.0587535370141268,0.003325704781332206,4.657812777906656,62.25701177120209,9.63084513170287e-05,10.123313672840595,74.8351843059063,0.0001737059273700936,3.085588626563549,0.14946081838570535,-0.1342208026908338,0.5965463416650891,1.0
13238272,0.32541610882617533,1.7136614797636867,0.0013664849063843576,0.4107787406537682,2.935902923345566,0.0031365458937671065,-0.02641923673218116,0.9359978409484029,-1.0126023166812956,-0.10345357877667993,0.7594254813157022,-1.241796943359077,0.5316919167526066,,,,,,,,,,,,,,,,,
13238272,,,,,,,,,,,,,,0.32612709212116897,1.7557617910206318,0.0013664849063843576,0.4125761624891311,3.016656383872032,0.0031365458937671065,4.703850794583559,66.10518661141396,0.000119099739148254,9.943596675992012,77.58322083950043,0.00015684795008930053,3.062090028077364,0.15242520056199282,-0.12499366304837167,0.7093671301845461,1.0
13369344,0.34653202327899635,1.7462149616330862,0.0013083927547086205,0.4085403480567038,2.931120155379176,0.0034344440657605446,-0.006359629865983152,0.8093201883602887,-0.7935810242779553,-0.07491709582973272,0.7368220668286085,-1.2287297216244042,0.5795314982533455,,,,,,,,,,,,,,,,,
13369344,,,,,,,,,,,,,,0.40421389269990377,1.7607193370181393,0.004623984485424006,0.37794256540778354,3.042800082881228,0.0030277534362364556,2.9478785487043346,54.423604764257476,7.85762187607206e-05,9.648643892835572,74.2518397213734,0.00012539042103633865,3.0163412390344115,0.13297147812961366,-0.12475582232407059,0.7103701872997973,1.0
13500416,0.33327964460477233,1.6736050881445408,0.0015845331797663675,0.4073059360962361,2.9801195710897446,0.003271199127084401,-0.01433444536087336,0.8249749732203782,-1.001718733459711,-0.0823813650640659,0.7140833945013583,-1.2346897362731397,0.5619754027575254,,,,,,,,,,,,,,,,,
13500416,,,,,,,,,,,,,,0.33387820422649384,1.7043582117184997,0.0015845331797663675,0.4090524052735418,3.018478037789464,0.003271199127084401,3.9399355072528124,64.54529508948326,9.852705474111545e-05,9.836047619581223,76.75353434681892,0.0001691871801987599,3.0463606286793947,0.13999112939927727,-0.12500259769149125,0.6645710843149573,1.0
13631488,0.3255807382520288,1.7226194767281413,0.001084819715060803,0.4007192940916866,2.985846571624279,0.002647262678692641,-0.015299478996894322,0.8413637708872557,-0.8722184118814766,-0.08151082164840773,0.7758495900779963,-1.2592556164599955,0.5835076158400625,,,,,,,,,,,,,,,,,
13631488,,,,,,,,,,,,,,0.32628249819390476,1.7810046505182981,0.001084819715060803,0.4025895984377712,3.0473622661083937,0.002647262678692641,4.156487273052335,62.04636391997337,0.00010917505009500061,9.542287707328796,78.6631511747837,0.0001593598024116627,3.0690622683614492,0.13866242428775877,-0.18516128533519804,0.7876438822131604,1.0
13762560,0.3244414415676147,1.7346539990976453,0.0011403768265836334,0.39795011351816356,2.9634053613990545,0.0027467057734611444,-0.013927109794167336,0.7766226641833782,-1.0557194603607059,-0.07075224391883239,0.7773777809925377,-1.2645138301886618,0.55873535387218,,,,,,,,,,,,,,,,,
13762560,,,,,,,,,,,,,,0.32515236688777804,1.7815514579415321,0.0011403768265836334,0.3999341791495681,3.053069157525897,0.0027467057734611444,4.052157066762447,66.42341616749763,0.00011019216646124264,9.562681779265404,78.8150297999382,0.00014765780449543797,3.0549720618873835,0.1398967005079612,-0.12771542859263718,0.6918251148890704,1.0
13893632,0.3321150809060782,1.8375236736610532,0.001354404748781235,0.3908015869092196,3.0423794016242027,0.0030664876062473923,-0.010957161772239488,0.8064406223129481,-0.9868491780944169,-0.06517192904721014,0.7826611367054284,-1.2359113432466984,0.5688685060013086,,,,,,,,,,,,,,,,,
13893632,,,,,,,,,,,,,,0.3328831566032022,1.9253779910504818,0.001354404748781235,0.392735444707796,3.108479240909219,0.0030664876062473923,3.663613121956587,62.03458908200264,0.00010308367831735055,9.20384219288826,78.06722211837769,0.00012915984208405895,3.0902191400527954,0.13372418994549662,-0.12499806564301252,0.7717724656686187,1.0
14024704,0.32863900694064796,1.8212302830070257,0.0010425651348668907,0.39487506123259664,3.0072610024362803,0.0032358746111640357,-0.004275326911283628,0.7778218612074852,-1.06148575944826,-0.06921478835283779,0.7591382516548038,-1.2635513399727643,0.5651017774362117,,,,,,,,,,,,,,,,,
14024704,,,,,,,,,,,,,,0.32942844927310944,1.9005231717601418,0.0010425651348668907,0.39688059128820896,3.093057421967387,0.0032358746111640357,3.7218440640717745,66.12821966409683,8.812719072895381e-05,9.241841599345207,78.68410781025887,0.00014351480770252723,3.1076045110821724,0.13127296091988683,-0.12500170641578734,0.8725435426458716,1.0
14155776,0.32833216385915875,1.729352013207972,0.0015606447627760645,0.39742467552423477,2.988639112561941,0.003059174285226618,-0.007257424366798659,0.8024070779792964,-1.1085398141294718,-0.07268382358597592,0.7394522912800312,-1.2651007887907326,0.587172428611666,,,,,,,,,,,,,,,,,
14155776,,,,,,,,,,,,,,0.3290671017020941,1.7691411133855581,0.0015606447627760645,0.3994354933965951,3.065657753497362,0.003059174285226618,3.7978763915598392,67.80655092000961,6.965353996335466e-05,9.118936628103256,79.16365778446198,0.00012661895568655268,3.075735868886113,0.13191189675126225,-0.12500765407457948,0.686957448720932,1.0
14286848,0.32630138588137925,1.688251064158976,0.0014858410810916212,0.38977327244356275,2.925118148326874,0.0033656466152933717,-0.010627055104123428,0.8148443466052413,-1.0781842339783907,-0.07770251930924132,0.7204987262375653,-1.2404871392063797,0.5494358253199607,,,,,,,,,,,,,,,,,
14286848,,,,,,,,,,,,,,0.3269755160436034,1.6892877109348774,0.0014858410810916212,0.39156656549312174,2.984333999454975,0.0033656466152933717,3.897644178941846,66.91125124692917,9.774390342398576e-05,9.068706542253494,77.06804034113884,0.0001265309971998363,3.083082150667906,0.12883014953695238,-0.1250034656841308,0.5180484000593424,1.0
14417920,0.33168264478445053,1.8751214845106006,0.0012035711863518372,0.40285847522318363,3.068086501210928,0.0028446129347230453,-0.008597868898505112,0.7518001161515713,-0.9494050559587777,-0.07407190394587815,0.7972220438532531,-1.266049665864557,0.5339693566784263,,,,,,,,,,,,,,,,,
14417920,,,,,,,,,,,,,,0.33247518562711775,1.9369598105549812,0.0012035711863518372,0.40493109240196645,3.1455576103180647,0.0028446129347230453,3.9522228501737118,60.706981390714645,9.201871728503619e-05,9.355113953351974,79.44606253504753,0.00010971679060478579,3.037480855360627,0.1284061679034494,-0.1533725371118635,0.7729295429307967,1.0
14548992,0.3384461572859436,1.609228327870369,0.0011026535698874795,0.3979591222014278,2.973005097359419,0.0026321980031980274,-0.013993180797115201,0.7991752279922366,-0.9651294802315533,-0.06920169279328547,0.7291557649150491,-1.2333512976765633,0.5679747092071921,,,,,,,,,,,,,,,,,
14548992,,,,,,,,,,,,,,0.339220637222752,1.619491525925696,0.0011026535698874795,0.4000552936922759,3.0637251045554876,0.0026321980031980274,3.866529144346714,64.51132392883301,8.38057091732125e-05,9.159298703074455,76.9606713950634,0.00013137050628220237,3.012957876548171,0.12860288069350645,-0.12500280188396573,0.6680577117949724,1.0
14680064,0.34172951616346836,1.7427646964788437,0.0009138036073181866,0.40221053222194314,3.0192865058779716,0.0027018265359401994,-0.01264484888088191,0.9363389350473881,-0.8479305212385952,-0.07336528808809817,0.7522198748774827,-1.2503200764767826,0.5805238333996385,,,,,,,,,,,,,,,,,
14680064,,,,,,,,,,,,,,0.3425649171695113,1.8054231703281403,0.0009138036073181866,0.40449444437399507,3.113954182714224,0.0027018265359401994,3.810470588505268,64.25367897748947,7.842644064603999e-05,9.231883555650711,78.03684121370316,0.0001334123856029379,3.0121589209884405,0.13179467368172482,-0.1250011632218957,0.7559716787654907,1.0
14811136,0.35739281703718007,1.7674510972574353,0.0012647514550963024,0.4077461240813136,3.0953259505331516,0.0030732408331459737,-0.01004902612476144,0.9179988065734506,-0.9440615840721875,-0.07832582580158487,0.7859176057390869,-1.284818940795958,0.6073086386313662,,,,,,,,,,,,,,,,,
14811136,,,,,,,,,,,,,,0.3582771106157452,1.8303669150918722,0.0012647514550963024,0.4101255526766181,3.1694580763578415,0.0030732408331459737,3.8315118346363306,69.29411527514458,8.344194969955865e-05,9.515434980392456,80.14304241538048,0.00012149192679668241,3.024560710415244,0.13220840808935463,-0.12500536418519914,0.8601586823351681,1.0
14942208,0.35931246378459036,1.7542784344404936,0.0010075604908479363,0.4084417612757534,2.98041719943285,0.003074695176565001,-0.014157708159473259,0.9747971193864942,-1.0890098731033504,-0.09346738911699504,0.7245552656240761,-1.274699169676751,0.5961734091397375,,,,,,,,,,,,,,,,,
14942208,,,,,,,,,,,,,,0.360111664282158,1.7660551853477955,0.0010075604908479363,0.41075666015967727,3.0409515406936407,0.003074695176565001,3.936081437394023,72.88928744196892,8.158116348688793e-05,9.891384452581406,79.02543869614601,0.00010314471408445769,3.013090519234538,0.1341311214491725,-0.12500361003912985,0.6671289759688079,1.0
15073280,0.35989156807772815,1.7607018686830997,0.0006313113196938502,0.41537089785560966,3.1221003606915474,0.0022941355773582472,-0.016798772201582324,0.9115920145995915,-0.9654364148154855,-0.09547112789005041,0.7709021540358663,-1.2879212526604533,0.6443920584861189,,,,,,,,,,,,,,,,,
15073280,,,,,,,,,,,,,,0.36075226147659123,1.8346552951261401,0.0006313113196938502,0.41771691967733204,3.191183064132929,0.0022941355773582472,4.099146576598287,68.43414187431335,8.547596860464246e-05,10.061568759381771,80.39141368865967,0.00010921510503725251,2.9928421583026648,0.1325238376739435,-0.12501239404082298,0.9322292259894311,1.0
15204352,0.3592280098237097,1.7212685383856297,0.0007689004400504018,0.4157964715268463,3.0204536337405443,0.0020832179163789988,-0.015949971922964323,0.9352220883592963,-0.9849698250181973,-0.10409912059549242,0.7416484975256026,-1.263036368880421,0.5803999206982553,,,,,,,,,,,,,,,,,
15204352,,,,,,,,,,,,,,0.36002745013684034,1.7403627913445234,0.0007689004400504018,0.4181582408491522,3.107723906636238,0.0020832179163789988,4.374439712613821,71.59019547700882,8.776986098602002e-05,10.207681372761726,78.612609654665,9.9800106220016e-05,2.966350069269538,0.13230789068620652,-0.12500622891820967,0.728135367622599,1.0
15335424,0.3617759437765926,1.7257797522470355,0.0013353392666886066,0.4144457569345832,3.018911773338914,0.0031778171108953757,-0.010472021804162068,0.9768566023558378,-0.9661982185207307,-0.11213217722252011,0.7413202398456633,-1.2856977051123977,0.5864406544715166,,,,,,,,,,,,,,,,,
15335424,,,,,,,,,,,,,,0.3625902277417481,1.7599882194772363,0.0013353392666886066,0.4168270498048514,3.122546074911952,0.0031778171108953757,4.347840925678611,70.8740539252758,8.18318818529562e-05,10.320892795920372,79.83041954040527,0.00010423449062990642,2.9636552948504686,0.13286620331928134,-0.12501578382216394,0.7167929646093398,1.0
15466496,0.36022063507698476,1.7430340563878417,0.0013259737759199197,0.41899257246404886,3.0551749262958765,0.00323010637293919,-0.0101443544117501,1.0528854988515377,-1.0994339855387807,-0.12167110206792131,0.7314025051891804,-1.2683285810053349,0.5966270517092198,,,,,,,,,,,,,,,,,
15466496,,,,,,,,,,,,,,0.3610297399573028,1.783239096403122,0.0013259737759199197,0.42131780087947845,3.1257768236100674,0.00323010637293919,4.776198543608189,74.76452898979187,9.338444406603585e-05,10.693994365632534,78.8711705505848,0.00010922644528599257,2.9708519112318754,0.13384540332481265,-0.12500394158996642,0.7574945010710508,1.0
15597568,0.36179588199593127,1.851264713332057,0.001459007115499844,0.41415455960668623,3.001444846391678,0.003215423078927415,-0.007644171188076143,0.9836401962675154,-0.9595066024921834,-0.1321622229879722,0.7732299459166825,-1.2925306390970945,0.6261867913417518,,,,,,,,,,,,,,,,,
15597568,,,,,,,,,,,,,,0.3626834210008383,1.9091378832235932,0.001459007115499844,0.4166042765136808,3.0983636174350977,0.003215423078927415,4.789932355284691,69.24911567568779,9.27249307182132e-05,10.991161681711674,80.5627900660038,0.00011702836755311807,3.0155133735388517,0.13411151187028736,-0.1250122303608805,0.7645648494362831,1.0
15728640,0.36071953107602894,1.7431741999462247,0.0009708419761409459,0.4165079961530864,3.1954672299325466,0.0030338469919115596,-0.013149840673577273,1.0571295856498182,-0.9954498768784106,-0.12431632907828316,0.7055323654785752,-1.271676401142031,0.6012340278830379,,,,,,,,,,,,,,,,,
15728640,,,,,,,,,,,,,,0.3615637586917728,1.7716026632115245,0.0009708419761409459,0.4189803216140717,3.2881107963621616,0.0030338469919115596,5.220159482210875,71.60993856191635,9.18140618422214e-05,10.570711843669415,79.07288575172424,0.00013695221496590193,2.9723332934081554,0.13571078854147345,-0.1250198595225811,0.6683277445845306,1.0
15859712,0.36643902538344264,1.8051185458898544,0.00096215573603331,0.4169795492198318,3.067537482827902,0.002580358542900285,-0.00895209127520502,1.1075182612985373,-0.9962312132120132,-0.1173553898697719,0.7405383274890482,-1.2675931002013385,0.6348038390278816,,,,,,,,,,,,,,,,,
15859712,,,,,,,,,,,,,,0.3673358429223299,1.8708272585645318,0.00096215573603331,0.41940768668428063,3.1778594981878996,0.002580358542900285,4.895627658814192,74.57369494438171,9.027364894276246e-05,10.381814576685429,79.08553349971771,0.00011565688041637046,2.9430433493107557,0.1362341201165691,-0.12499873526394367,0.7344640041701496,1.0
15990784,0.36982470587827265,1.7508011916652322,0.0010054024276087148,0.42300736461766064,3.080289449542761,0.0028666681760114443,-0.0416544679319486,0.94257977232337,-1.2219604854471982,-0.11637820833129808,0.7267851238138974,-1.2787174512632191,0.6030702316202223,,,,,,,,,,,,,,,,,
15990784,,,,,,,,,,,,,,0.4281567374625838,1.7930258125156524,0.004525327385729187,0.3992479464757335,3.1719651760600778,0.00278036020509136,3.867566820281047,66.1127670334697,6.042708483259956e-05,10.14457814668162,75.06419458767645,9.096171644148296e-05,3.0385330884930597,0.12138662540987807,-0.12476213222526643,0.6706266127392111,1.0
16121856,0.36390341562218964,1.715729827992618,0.0012921676151336214,0.41301187756471336,3.0233184210956097,0.0029696786573367717,-0.033690976139041595,0.9537975834682584,-1.050489873625338,-0.11826894653495401,0.7226256690919399,-1.2734178705140948,0.6504008050542325,,,,,,,,,,,,,,,,,
16121856,,,,,,,,,,,,,,0.3647152178455144,1.7497753547504544,0.0012921676151336214,0.415344879264012,3.1235391069203615,0.0029696786573367717,5.162533093243837,72.73663786053658,7.957633295951894e-05,10.489836178719997,79.17018315196037,0.00011821794891675452,2.960429720580578,0.13327321235556155,-0.12500283983536065,0.7445984506048262,1.0
16252928,0.36663292930461466,1.6934723826125264,0.0014294692011844745,0.41453275294043124,3.0382827632129192,0.0028751173201726488,-0.03134025172039401,0.8596911928616464,-1.086505571845919,-0.10825359274167567,0.7435344527475536,-1.2667230437509716,0.5832420382648706,,,,,,,,,,,,,,,,,
16252928,,,,,,,,,,,,,,0.3674919833429158,1.6973083764314651,0.0014294692011844745,0.416999249253422,3.130969585850835,0.0028751173201726488,4.684307470917702,70.66305458545685,7.484635233323544e-05,10.36643972247839,78.99171009659767,0.0001140298228254899,2.983271425589919,0.13016338786110282,-0.12500012759119272,0.5381953390315175,1.0
16384000,0.3713269007857889,1.725576601922512,0.00088320531096997,0.41775541519746184,3.1233202517032623,0.002837536614151759,-0.01895637874258682,1.0812693992629647,-1.065238055307418,-0.1015967809362337,0.7359389318153262,-1.2746163331903517,0.6370286485180259,,,,,,,,,,,,,,,,,
16384000,,,,,,,,,,,,,,0.3721760893240571,1.7453760849311948,0.00088320531096997,0.4203588138334453,3.219177221879363,0.002837536614151759,4.998682621866465,74.02757596969604,7.866910677090111e-05,10.167250648140907,79.50759375095367,0.00011308492211226095,3.0089277513325214,0.13154903333634138,-0.12499989685602486,0.5886930597480386,1.0
16515072,0.3708993261680007,1.7211500462144613,0.001283919736806638,0.40949877444654703,3.0429147966206074,0.003040542431790527,-0.013682183729542885,1.0768171893432736,-1.071956770028919,-0.0931882449076511,0.7827829536981881,-1.2662879708223045,0.6467468573246151,,,,,,,,,,,,,,,,,
16515072,,,,,,,,,,,,,,0.3717353865504265,1.7553902715444565,0.001283919736806638,0.4119213758967817,3.151442313566804,0.003040542431790527,4.8404431864619255,73.65733191370964,7.041604107937971e-05,9.690767921507359,78.61426338553429,0.00011341249380114604,2.9980892445892096,0.1304640092421323,-0.12501017726026475,0.6996687860228121,1.0
16646144,0.3729302282445133,1.6880961023271084,0.0016433452084356759,0.41435722913593054,3.066835006698966,0.0032767532541129185,-0.007479395155314705,1.0358752021566033,-0.9536700611934066,-0.09422725992044434,0.7179497978650033,-1.2733640088699758,0.6367739490233362,,,,,,,,,,,,,,,,,
16646144,,,,,,,,,,,,,,0.373645551269874,1.6913548624143004,0.0016433452084356759,0.4165739903692156,3.169135680422187,0.0032767532541129185,4.737713374197483,71.13976013660431,9.691041996434668e-05,9.90588366985321,79.22797402739525,0.00010155168599290665,2.9829392842948437,0.13072874484350905,-0.12500290828756988,0.5248002335429192,1.0
16777216,0.36959951487369835,1.7235389398410916,0.0009671786289118245,0.41486794617958367,3.007067248225212,0.00289437414880922,-0.007649049477549852,1.0516613558866084,-1.0086419465951622,-0.09754001611145213,0.7266774442978203,-1.2855725749395788,0.6204679838847369,,,,,,,,,,,,,,,,,
16777216,,,,,,,,,,,,,,0.3704398812260479,1.7582648694515228,0.0009671786289118245,0.4172627374064177,3.0991042610257864,0.00289437414880922,4.572312988340855,70.13832774758339,8.247153230711568e-05,9.93413345515728,80.28788682818413,0.00012257559916051264,2.9988307803869247,0.13143846753519028,-0.12500674347393215,0.737799012567848,1.0
16908288,0.37825906625948846,1.6967289969325066,0.0009700867403807933,0.41583730303682387,3.0151397567242384,0.0027109493551051855,-0.0019347092233488183,1.10688830120489,-0.9450286864303052,-0.09931907674763352,0.7671447470784187,-1.2780920071527362,0.6777887449134141,,,,,,,,,,,,,,,,,
16908288,,,,,,,,,,,,,,0.3790820122230798,1.7264798320829868,0.0009700867403807933,0.41822315379977226,3.0957953482866287,0.0027109493551051855,4.717030253261328,71.73368433117867,7.864701713000688e-05,9.964623279869556,79.76004514098167,0.00010040683468170997,2.995759692043066,0.13117485691327602,-0.1250050726812333,0.6925870638806373,1.0
17039360,0.37926352536305785,1.7456401074305177,0.0013402507629507454,0.4152949075214565,3.0226579569280148,0.0031089730191524723,-0.00036359316618472803,1.0427521490491927,-1.0601420900784433,-0.09599042718764395,0.7298161038197577,-1.243621054571122,0.6690480661345646,,,,,,,,,,,,,,,,,
17039360,,,,,,,,,,,,,,0.3800347119104117,1.7880074083805084,0.0013402507629507454,0.4174844278022647,3.1158681958913803,0.0031089730191524723,4.810094386339188,74.34768685698509,6.311431421759939e-05,9.776698648929596,77.61422717571259,0.00010629867513056723,3.0011654533445835,0.13139582122676075,-0.12500430387444794,0.7290103787090629,1.0
17170432,0.3791469009593129,1.7728902688249946,0.0009711539167938099,0.417616416933015,3.0499083288013935,0.002407800543664962,-0.007852623696635419,1.0826524547301233,-0.871534469537437,-0.0996691282489337,0.7403988379519433,-1.2909144582226872,0.6603964425157756,,,,,,,,,,,,,,,,,
17170432,,,,,,,,,,,,,,0.3800367917865515,1.8495473377406597,0.0009711539167938099,0.4202074697241187,3.163721254095435,0.002407800543664962,4.633005108684301,73.29014962911606,8.641873141446155e-05,9.961059957742691,80.60165122151375,0.0001264575174469984,2.9832435064017773,0.13162683736300096,-0.12499888404272497,0.8560631796717644,1.0
17301504,0.37698057387024164,1.6874922150745988,0.0011119666185095411,0.4172843238338828,2.970173479989171,0.003179496341090271,-0.004051822652229475,0.9748166808858514,-0.9518051347695291,-0.0973045559367165,0.6991898026317358,-1.2796193128451705,0.6647099712863564,,,,,,,,,,,,,,,,,
17301504,,,,,,,,,,,,,,0.3777791971806437,1.7032921751961112,0.0011119666185095411,0.4197289105504751,3.1318789329379797,0.003179496341090271,4.355157565325499,71.09216278791428,9.383874652302282e-05,9.896203860640526,79.70160862803459,0.00012308343199940452,2.993886034935713,0.1299683935358189,-0.12500692787580192,0.6340371076948941,1.0
17432576,0.37912225257605314,1.6360878255218267,0.001395686868931989,0.4177010974381119,2.9810816068202257,0.003306801375856594,0.0028228737686504246,1.0738523094914854,-0.9201944437809289,-0.09076864051166922,0.7375752138905227,-1.2526249499060214,0.6479743178933859,,,,,,,,,,,,,,,,,
17432576,,,,,,,,,,,,,,0.3799195159226656,1.648710516281426,0.001395686868931989,0.42008472234010696,3.095192901790142,0.003306801375856594,4.3504059836268425,67.92484843730927,7.481413351939636e-05,9.61714954674244,78.5909409224987,0.0001169361176451833,2.97257349640131,0.1279334003920667,-0.12500834837555885,0.5742929859552532,1.0
17563648,0.38905705977231264,1.7565291225910187,0.0012560838056288048,0.4241012108977884,3.024710038676858,0.0035327467517163313,0.007215319165879919,0.9943382758647203,-0.6715031238272786,-0.08884517336264253,0.7306493292562664,-1.2661995044909418,0.6634756426792592,,,,,,,,,,,,,,,,,
17563648,,,,,,,,,,,,,,0.38997431308962405,1.8112142831087112,0.0012560838056288048,0.4267612735275179,3.1382721681147814,0.0035327467517163313,4.348849065601826,64.65545985102654,9.455062473229248e-05,9.75717119127512,79.14336097240448,0.00010653099337432081,2.9805094450712204,0.1297583628911525,-0.1250115183647722,0.7841626584995538,1.0
17694720,0.3842291769105941,1.704512434080243,0.0015057761447678786,0.4242274248972535,3.0350604485720396,0.0033781786307827133,0.009862563154456438,1.036120557691902,-0.8112769518047571,-0.09303025959525257,0.7675010650418699,-1.2700606086291373,0.6213940955931321,,,,,,,,,,,,,,,,,
17694720,,,,,,,,,,,,,,0.38511352124623954,1.7350984886288643,0.0015057761447678786,0.4268369860947132,3.193908466026187,0.0033781786307827133,4.6996273919939995,67.86890232563019,8.85774306089715e-05,9.892287075519562,79.7318366765976,0.00013411314291644771,2.969123611226678,0.13194185926113278,-0.12500873184762895,0.6871535829268396,1.0
17825792,0.3805891799274832,1.7464634710922837,0.0016445251388859106,0.4252622094936669,3.039870260283351,0.0033024381905306655,0.011689657601891668,0.9655208913609385,-0.8594847386702895,-0.09439023688901216,0.7254036595113575,-1.2686141449958086,0.6023620124906301,,,,,,,,,,,,,,,,,
17825792,,,,,,,,,,,,,,0.3815239651594311,1.8189996248111129,0.0016445251388859106,0.42793631134554744,3.1617021523416042,0.0033024381905306655,4.815899759531021,63.258129209280014,9.124233141388771e-05,9.930184841156006,79.3973508477211,0.00011945657202083737,2.97664687782526,0.13355676992796361,-0.12500460422597826,0.8116123916115612,1.0
17956864,0.38727864576503634,1.7583180516958237,0.0014607034755727,0.4263481474481523,3.0855709929019213,0.0030146129513468622,0.014626432177465176,1.0795456934720278,-0.8717169552110136,-0.08555934979813173,0.7639583693817258,-1.273825054988265,0.6161413800437003,,,,,,,,,,,,,,,,,
17956864,,,,,,,,,,,,,,0.38821251527406275,1.8192916326224804,0.0014607034755727,0.42899068421684206,3.1721996143460274,0.0030146129513468622,4.811059717088938,71.16649076342583,7.563453938441711e-05,9.720349907875061,79.61280649900436,0.00010674084657180671,2.9594384115189314,0.133850876823999,-0.22518842830322683,0.8662006733939052,1.0
18087936,0.3797781108878553,1.6955676414072514,0.0009211130689550373,0.41829190379939973,3.021831950172782,0.0032103747920473324,0.02668833614734467,1.1030094479210675,-0.7644946547225118,-0.08219687885139138,0.7632426111958921,-1.287060098722577,0.6357945566996932,,,,,,,,,,,,,,,,,
18087936,,,,,,,,,,,,,,0.38071285956539214,1.779832405038178,0.0009211130689550373,0.4209154937416315,3.1569799724966288,0.0032103747920473324,4.772091530263424,69.61018887162209,9.029248288250358e-05,9.45824732631445,80.73184502124786,0.00012238157922238313,2.941032921895385,0.13021898199804127,-0.12500419723801315,0.9076068243011832,1.0
18219008,0.38834851095452905,1.663240022957325,0.0016210922977393238,0.4178683334030211,3.0060452222824097,0.0032114512437146914,0.027277255576336756,1.1374096008948982,-0.8936931909993291,-0.07889111677650362,0.7374253994785249,-1.2759240888990462,0.6653983010910451,,,,,,,,,,,,,,,,,
18219008,,,,,,,,,,,,,,0.3892317123245448,1.6841322612017393,0.0016210922977393238,0.42059360002167523,3.1541719809174538,0.0032114512437146914,4.66747684776783,71.87686187028885,7.026571455259756e-05,9.434693396091461,79.86859157681465,0.00010701820371838977,2.9547023102641106,0.12801866338122636,-0.12500979495234787,0.6772005616221577,1.0
18350080,0.38379150442779064,1.7537748515605927,0.0018983132845278305,0.4185401275753975,2.9477251525968313,0.0038799473013568786,0.036188839527312666,1.1415579449385405,-0.8974187108688056,-0.07705160760087892,0.7518567848019302,-1.27427071146667,0.6767270967829973,,,,,,,,,,,,,,,,,
18350080,,,,,,,,,,,,,,0.384710727725178,1.8178230104967952,0.0018983132845278305,0.42119833757169545,3.07551159709692,0.0038799473013568786,4.923896875232458,73.5060333609581,7.975997218867548e-05,9.337997011840343,79.99217557907104,0.00011617777542496932,2.9695980586111546,0.13050183519953862,-0.12500809878110886,0.8120429436676204,1.0
18481152,0.3823098703287542,1.8040839228779078,0.0016262585477306857,0.4161171396262944,2.979583414271474,0.003710813481347941,0.0474563627212774,1.1261983043514192,-0.7906004099640995,-0.0676812463789247,0.7463873266242445,-1.2626151484437287,0.653000999474898,,,,,,,,,,,,,,,,,
18481152,,,,,,,,,,,,,,0.3831707590725273,1.8281837226822972,0.0016262585477306857,0.4186448941472918,3.078575748950243,0.003710813481347941,5.0208597257733345,69.43179711699486,7.043921921523477e-05,9.258759371936321,79.47467869520187,0.00010497879353321693,2.9686449375003576,0.12779965827940032,-0.1250104452483356,0.6801927827764302,1.0
18612224,0.39454407431185246,1.8568202620372176,0.001507808971666691,0.4153100922703743,2.9706177823245525,0.003656113014130824,0.036730974024976604,1.093300546053797,-0.91009083064273,-0.0371903688646853,0.7740382319316268,-1.2564426138997078,0.6218791450373828,,,,,,,,,,,,,,,,,
18612224,,,,,,,,,,,,,,0.4458519346249032,1.7603254148130676,0.0048979912262658186,0.3849405659396336,3.1100415161934243,0.0029571762836659186,3.3914679816884763,60.63198546347691,6.492169802303921e-05,8.957850955953367,75.67248396052564,0.00010290070945161607,3.0096120083906563,0.12038866211295532,-0.12561785185103674,0.6982296604932432,1.0
18743296,0.38881146907806396,1.734567259438336,0.0021532034036226833,0.42293506767600775,2.9740531966090202,0.0037627276240073115,0.033293451720965095,1.078585076611489,-0.8452469166368246,-0.04698795228614472,0.7434179168194532,-1.2739721024408937,0.6524695260450244,,,,,,,,,,,,,,,,,
18743296,,,,,,,,,,,,,,0.3896108013577759,1.775289966724813,0.0021532034036226833,0.42537751235067844,3.0824699755758047,0.0037627276240073115,4.618016306310892,67.65846699476242,0.00010470375042315183,9.256412573158741,79.97987079620361,0.00014487182214928396,2.926145277917385,0.12902452948037535,-0.12500350247137249,0.7002235201653093,1.0
18874368,0.3914367451798171,1.6565652191638947,0.0021038110309063995,0.42243451182730496,2.993480382487178,0.003901310255514545,0.02420858842378948,1.0188278532586992,-0.8433616999536753,-0.07137948978925124,0.7016275548376143,-1.2672396441921592,0.6516352202743292,,,,,,,,,,,,,,,,,
18874368,,,,,,,,,,,,,,0.3924528199713677,1.6643673237413168,0.0021038110309063995,0.4255360041279346,3.1279270946979523,0.003901310255514545,4.362922878935933,67.66934791207314,7.530405871314372e-05,9.45983299612999,79.45259192585945,0.00011385839998212521,2.9694603830575943,0.1279194009839557,-0.16137722064740956,0.6757283743936568,1.0
19005440,0.39551258157007396,1.8620498524978757,0.0021024343604949536,0.419068984920159,2.9956353437155485,0.00402918547479203,0.01353539269985049,1.0008310861885548,-0.7718769419007003,-0.08455969247734174,0.7745672832243145,-1.3026630422100425,0.6725473909173161,,,,,,,,,,,,,,,,,
19005440,,,,,,,,,,,,,,0.39661408704705536,1.9733152324333787,0.0021024343604949536,0.42207088228315115,3.109963985159993,0.00402918547479203,4.0627817660570145,66.89562129974365,6.675935350575202e-05,9.573301546275616,81.76361000537872,0.00011433099129787294,2.9523759484291077,0.12904676148900762,-0.12500508036464453,0.9606088574510068,1.0
19136512,0.4020133106969297,1.7545593297109008,0.0014220650356264741,0.4234247275162488,3.081616833806038,0.0032049519459178555,0.005055473215975326,1.0345598137937486,-0.9423817887436599,-0.09088893735315651,0.7198140271939337,-1.2775822784751654,0.7002268070355058,,,,,,,,,,,,,,,,,
19136512,,,,,,,,,,,,,,0.4029395126271993,1.7917678356170654,0.0014220650356264741,0.4261571851093322,3.1719781197607517,0.0032049519459178555,4.068999169394374,70.72011440992355,7.39184351412625e-05,9.689839787781239,80.16278502345085,0.00010252226586793256,2.970069583505392,0.1275720564299263,-0.1250064882915467,0.797247895039618,1.0
19267584,0.40561084309592843,1.7027762783691287,0.001568923140212064,0.42894479841925204,3.081595353782177,0.003455466180184885,-0.0023940778754081293,1.0608021197840571,-0.8808297417126596,-0.09531465254258364,0.7205913979560137,-1.2726329136639833,0.6915730927139521,,,,,,,,,,,,,,,,,
19267584,,,,,,,,,,,,,,0.4065531459636986,1.7407171428203583,0.001568923140212064,0.4318048278801143,3.1755980625748634,0.003455466180184885,4.3331415094435215,70.06950542330742,6.935430080545757e-05,9.919608235359192,79.7862823009491,0.00011110436175698624,2.9532703552395105,0.12796769296983257,-0.12500407500192523,0.7550148300360888,1.0
19398656,0.40550745162181556,1.7333341492339969,0.0014747728757811274,0.43118165247142315,3.076752532273531,0.003600740397359914,-0.012841476049288758,1.0965548395179212,-0.9668638133443892,-0.09582581411814317,0.7230520136654377,-1.2680294872261584,0.6620596055872738,,,,,,,,,,,,,,,,,
19398656,,,,,,,,,,,,,,0.4064335653092712,1.76009242516011,0.0014747728757811274,0.4340859286021441,3.1664696987718344,0.003600740397359914,4.719142716377974,72.48728910088539,8.096789380213076e-05,10.04273608326912,78.82306322455406,0.00010034721954621517,2.903634339570999,0.12912870047148317,-0.12500967807136476,0.7125485925935209,1.0
19529728,0.40301240887492895,1.6864077374339104,0.001815614745964922,0.43726030667312443,3.0112415496259928,0.0036073735727768508,-0.026683937234338373,1.0126191638410091,-1.0398964788764715,-0.10287553758826107,0.7352636372670531,-1.2755331369116902,0.6656837433110923,,,,,,,,,,,,,,,,,
19529728,,,,,,,,,,,,,,0.4039496439509094,1.6914858501404524,0.001815614745964922,0.44018103717826307,3.142662648111582,0.0036073735727768508,4.807464551180601,73.5676957666874,8.894106976065075e-05,10.444421127438545,79.33533757925034,9.899574857064053e-05,2.924494680017233,0.13289195555262268,-0.12501717056147754,0.6033652916084975,1.0
19660800,0.4095061058178544,1.8263944992795587,0.0014648309711446927,0.4374103646259755,3.1474016681313515,0.0036412963017937727,-0.02494476380525157,0.8987718541175127,-1.045048211235553,-0.10210920177632943,0.7429611282423139,-1.2646322851069272,0.6438462985679507,,,,,,,,,,,,,,,,,
19660800,,,,,,,,,,,,,,0.4104635969270021,1.891990869306028,0.0014648309711446927,0.44012056617066264,3.2659527864307165,0.0036412963017937727,4.809757012873888,69.31755504012108,7.502738749476379e-05,10.250158675014973,79.47611910104752,0.00010464979081792336,2.8804008346050978,0.13202855590498075,-0.1250067676883191,0.8413260634988546,1.0
19791872,0.4077343742828816,1.8977442225441337,0.0018536654656600149,0.4350064138416201,3.0466732513159513,0.003949845887291303,-0.02112180646508932,0.9706907919608057,-0.9543562028557062,-0.09803145163459703,0.7523142616264522,-1.2769182724878192,0.6847761799581349,,,,,,,,,,,,,,,,,
19791872,,,,,,,,,,,,,,0.40877073910087347,1.9884718274697661,0.0018536654656600149,0.4378265088889748,3.160947725176811,0.003949845887291303,4.664032552391291,70.30756616592407,8.434111000291122e-05,10.070736430585384,80.11917898058891,0.00011831460626821055,2.8616947531700134,0.12922441377304494,-0.1250112398993224,0.8932520374655724,1.0
19922944,0.4035540053155273,1.7523060869425535,0.0011887090868185624,0.4290775107219815,3.057578245177865,0.0028821469800277555,-0.01983238018146949,0.9507604339160025,-0.9039748916402459,-0.10130854294402525,0.7158302292227745,-1.279263004194945,0.6410843776538968,,,,,,,,,,,,,,,,,
19922944,,,,,,,,,,,,,,0.4045040924102068,1.7932004239410162,0.0011887090868185624,0.4316639192402363,3.1606837827712297,0.0028821469800277555,4.483153600245714,64.55524742603302,7.48872271083556e-05,10.033129639923573,80.10344803333282,9.579634878420507e-05,2.9051187615841627,0.12739063723711297,-0.12501065130345523,0.6554743151646107,1.0
20054016,0.40493487170897424,1.8120645890012383,0.001873805187869948,0.42972120619378984,3.0624097548425198,0.0034383802244519757,-0.016703085238987114,1.0023023085668683,-0.9698785829823464,-0.10261969873681664,0.77625204436481,-1.2761308625340462,0.6793645131401718,,,,,,,,,,,,,,,,,
20054016,,,,,,,,,,,,,,0.4058720269240439,1.8781226193532348,0.001873805187869948,0.43228860455565155,3.134953310713172,0.0034383802244519757,4.284639773890376,70.38731956481934,7.16644695022417e-05,10.118733264505863,79.82846030592918,9.874921046906793e-05,2.899949721992016,0.1255635105771944,-0.12500681029632688,0.7628786251880229,1.0
20185088,0.4106379011645913,1.868101453408599,0.0014704095769957348,0.42462894693017006,3.0798236951231956,0.0035204097525820544,-0.005125853831259519,0.979686324018985,-0.9691756209358573,-0.10205771127948537,0.7582090068608522,-1.2698461171239614,0.6939174069557339,,,,,,,,,,,,,,,,,
20185088,,,,,,,,,,,,,,0.4116007217671722,1.9587425170466304,0.0014704095769957348,0.4273282950744033,3.171095658093691,0.0035204097525820544,4.044820999726653,67.22838205099106,8.047278386458245e-05,10.168729111552238,79.52958530187607,0.0001023628960163947,2.901290275156498,0.1243290338316001,-0.1250129179097712,0.9004577521700412,1.0
20316160,0.40499306889250875,1.763455924578011,0.001717146376108758,0.4246941988822073,3.087930638343096,0.0035848522265951033,0.00079845628635411,0.9676640834659338,-0.8893235176801682,-0.10441663162782788,0.748797734733671,-1.2836185898631811,0.6764461327111349,,,,,,,,,,,,,,,,,
20316160,,,,,,,,,,,,,,0.40579491294920444,1.8009608732536435,0.001717146376108758,0.4270814787596464,3.165044244378805,0.0035848522265951033,4.050946317613125,65.88666087388992,7.522430058326535e-05,10.144590958952904,80.26211109757423,0.00011316795210780661,2.890519790351391,0.12389806640567258,-0.1250043862964958,0.6841336716897786,1.0
20447232,0.4000729378312826,1.7365204645320773,0.0009574161717011975,0.4175961429718882,2.9854556657373905,0.002782674644549843,0.010324464270524913,0.9902372448705137,-0.8485204456374049,-0.09805326903006062,0.7307544075883925,-1.266836004331708,0.6552634038962424,,,,,,,,,,,,,,,,,
20447232,,,,,,,,,,,,,,0.40092805260792375,1.7742111617699265,0.0009574161717011975,0.4200105587951839,3.0956801157444715,0.002782674644549843,4.13146635890007,65.86643141508102,7.446290506996078e-05,9.918493933975697,79.19710230827332,0.00010133596639461118,2.8860199507325888,0.12704367865808308,-0.1250074217095971,0.733387322165072,1.0
20578304,0.3998111847322434,1.8621988100931048,0.0011389122158789178,0.42009061272256076,3.0745899099856615,0.0031342362303803384,0.017323361142189242,1.0656729228794575,-0.9698183229193091,-0.09473996429005638,0.7543755625374615,-1.2807351164519787,0.6847206735983491,,,,,,,,,,,,,,,,,
20578304,,,,,,,,,,,,,,0.40072611439973116,1.9274872662499547,0.0011389122158789178,0.42274832748807967,3.1643342450261116,0.0031342362303803384,4.123150996863842,70.44729506969452,7.802526144651267e-05,9.92837779968977,80.5845573246479,0.00011222120162202032,2.921865763142705,0.12415315536782146,-0.1250085646752268,0.7388526254799217,1.0
20709376,0.39933230937458575,1.7380115585401654,0.0011049650238987851,0.4175354309845716,3.0416852831840515,0.00266976330954094,0.022404877745429985,0.9969888315536082,-0.7983095813542604,-0.09516346250893548,0.7246700264513493,-1.2876347750425339,0.6855979880783707,,,,,,,,,,,,,,,,,
20709376,,,,,,,,,,,,,,0.40017869882285595,1.7655815370380878,0.0011049650238987851,0.4200864171143621,3.114574573934078,0.00266976330954094,4.085570776835084,64.96325016021729,6.776564843313793e-05,9.947218656539917,80.44303947687149,9.804099968135915e-05,2.8997376020997763,0.1232750850613229,-0.12500827852636576,0.6002092317212373,1.0
20840448,0.4023800364229828,1.7269383613020182,0.001413175561197022,0.4100929906126112,2.965041872113943,0.003042286994514143,0.025101349063334055,1.0861637312918901,-0.8969504174310714,-0.09274391568033025,0.7256480762735009,-1.260071787983179,0.722291020443663,,,,,,,,,,,,,,,,,
20840448,,,,,,,,,,,,,,0.40315380319952965,1.7575402222573757,0.001413175561197022,0.4124806895852089,3.0842503532767296,0.003042286994514143,3.9304828997701406,68.93385782837868,7.39992051701499e-05,9.72034902125597,78.88778454065323,0.0001011534983466067,2.903800683096051,0.12005743064219132,-0.12500802078284323,0.7222706798929721,1.0
20971520,0.40206603496335447,1.787096100859344,0.0009502254117705888,0.4128231727518141,3.0317976344376802,0.002810576567753742,0.028769194468623027,0.9949142276309431,-0.9202481862157583,-0.09782969002844766,0.7382827857509255,-1.277386136353016,0.719611284788698,,,,,,,,,,,,,,,,,
20971520,,,,,,,,,,,,,,0.4028376992791891,1.8300627414137125,0.0009502254117705888,0.41511254431679845,3.103920415043831,0.002810576567753742,4.133033441379666,65.14265143871307,5.644824831019246e-05,10.060554929077625,79.99160879850388,0.00010211256590642037,2.9282847233116627,0.12032533856108785,-0.12500352878123522,0.825226305052638,1.0
21102592,0.39438716252334416,1.8210373241454363,0.0011942448054469423,0.4111751380842179,3.0198823027312756,0.003513122002914315,0.03300478136225138,1.04359957203269,-0.9052317070309073,-0.09826887183589861,0.7335374257527292,-1.2372348941862583,0.6727701551280916,,,,,,,,,,,,,,,,,
21102592,,,,,,,,,,,,,,0.39522875426337123,1.8772040531039238,0.0011942448054469423,0.4135910638142377,3.10418002307415,0.003513122002914315,4.421727724373341,70.7584086060524,6.86795500128845e-05,9.968267276883125,77.4642191529274,8.167323725416509e-05,2.92720278352499,0.11969132197555155,-0.12499848054721951,0.8542105392552912,1.0
21233664,0.4106916112359613,1.7587158186361194,0.0014331189697713853,0.4191753612831235,3.0585549511015415,0.0035879397746612085,0.016216989242821,1.052318788599223,-0.9459140738472342,-0.12001874775160104,0.7041931948624551,-1.2987785143777728,0.7267851356882602,,,,,,,,,,,,,,,,,
21233664,,,,,,,,,,,,,,0.466835756999362,1.7367491293474133,0.004439115356846347,0.396256599126451,3.0625758727630936,0.0031408048291750785,3.1578740330871633,59.91988692743457,5.535168056306575e-05,10.119209458907022,74.99318483521242,7.540227681511118e-05,2.9926931226109885,0.1151869417734848,-0.16098952686122384,0.5753156306244522,1.0
21364736,0.4037223819177598,1.7241601422429085,0.001541370047334567,0.41533662378787994,2.9991175960749388,0.003154613241235893,0.015302221108868252,0.9509116178378463,-0.8533118381164968,-0.1202676547691226,0.7518480131402612,-1.2825824599713087,0.6933456507977098,,,,,,,,,,,,,,,,,
21364736,,,,,,,,,,,,,,0.4045776987913996,1.7710865903645754,0.001541370047334567,0.41791873471811414,3.105332588776946,0.003154613241235893,3.7517335396260023,66.68866416811943,6.71590305854064e-05,10.51204677671194,80.37877613306046,0.00010072885597833814,2.9172029215842485,0.12384725117590278,-0.1250054962001741,0.7372777266427875,1.0
21495808,0.39898039563558996,1.6911329422146082,0.0018294171341040055,0.41487701307050884,2.9931231755763292,0.004109797951969085,0.017364278632157948,1.0440396424382925,-0.8128060742747039,-0.1222081933519803,0.6916049947030842,-1.265384841710329,0.7114850827492774,,,,,,,,,,,,,,,,,
21495808,,,,,,,,,,,,,,0.3997471190523356,1.7158632650971413,0.0018294171341040055,0.4172391421161592,3.084601169452071,0.004109797951969085,3.959048021584749,68.06289151310921,7.313741832604137e-05,10.545558832585812,79.35047450661659,9.47616033766252e-05,2.866718443110585,0.11799492064164951,-0.12500431924127042,0.5979106537997723,1.0
21626880,0.3981278371065855,1.8094361294060946,0.0014736251567910585,0.41372369579039514,2.9808620680123568,0.003776531676066952,0.02099676415673457,0.9232707777991891,-0.8675667827483267,-0.1253271772293374,0.7151081478223205,-1.2619927674531937,0.719713939819485,,,,,,,,,,,,,,,,,
21626880,,,,,,,,,,,,,,0.3988810267765075,1.873175443150103,0.0014736251567910585,0.41586483060382307,3.06278857588768,0.003776531676066952,4.061327833682299,64.15130391716957,7.257308304375876e-05,10.636583060026169,78.94303658604622,0.00010970247708108616,2.8889200296252966,0.1191922714933753,-0.1250041804742068,0.7401200223248452,1.0
21757952,0.4043636864516884,1.6765084583312273,0.0017281306552376918,0.4113283376209438,2.981031596660614,0.0037762960280360858,0.029575281660072505,0.9838436148129404,-0.8718140795826912,-0.12962946423795074,0.7130554616451263,-1.2528568259440362,0.7266658761072904,,,,,,,,,,,,,,,,,
21757952,,,,,,,,,,,,,,0.4050947541836649,1.6789447581395507,0.0017281306552376918,0.41364107793197036,3.056273650377989,0.0037762960280360858,4.012882504612207,65.95841699838638,5.5898370269646946e-05,10.87349048256874,78.33297482132912,8.776649943842418e-05,2.887357512488961,0.11505477246828377,-0.1250158310867846,0.5129877596627921,1.0
21889024,0.3953433963470161,1.6300808899104595,0.001804771265369709,0.4086090649943799,2.9915695041418076,0.003874509964589379,0.03715126108727418,1.1243475559167564,-0.7037630008999258,-0.134431685321033,0.6896091727539897,-1.2721451907418668,0.7484514454845339,,,,,,,,,,,,,,,,,
21889024,,,,,,,,,,,,,,0.39605196053162217,1.6379501605406404,0.001804771265369709,0.41092705773189664,3.0836655776947737,0.003874509964589379,4.163531996309757,69.80906483530998,6.901962344696422e-05,11.055935472249985,79.38397938013077,8.930462060585675e-05,2.8795309774577618,0.11633903183974326,-0.1250086696818471,0.512970858020708,1.0
22020096,0.39416992641054094,1.7688560942187905,0.0018642268771600357,0.40647076070308685,2.994281753897667,0.003383869716344634,0.04675322174443863,1.07514738291502,-0.6855005365796387,-0.12913041817955673,0.7253302368335426,-1.2805606476031244,0.7069425379158929,,,,,,,,,,,,,,,,,
22020096,,,,,,,,,,,,,,0.3948897607624531,1.8277438962832093,0.0018642268771600357,0.40855556074529886,3.0703522097319365,0.003383869716344634,4.411501305177808,68.0744796693325,7.167732637114455e-05,10.76127753406763,80.15083968639374,9.812676194709269e-05,2.850470209494233,0.11408645514165983,-0.12501205899752676,0.7706557135097682,1.0
22151168,0.39025129564106464,1.7074833437800407,0.0017852807739018317,0.4094672705978155,2.9869848489761353,0.004195727853584685,0.05090308145736344,1.0696946266107261,-0.8066403022967279,-0.1302270083106123,0.7252618386410177,-1.2804805566556752,0.7027251662220806,,,,,,,,,,,,,,,,,
22151168,,,,,,,,,,,,,,0.39102550270035863,1.7320248996838927,0.0017852807739018317,0.41188438097015023,3.0982224121689796,0.004195727853584685,4.657557360827923,67.39228254556656,7.25601553638322e-05,10.878176413476467,79.90139552950859,9.206790282689781e-05,2.8714951686561108,0.119302183680702,-0.12501134048216045,0.6685103341005743,1.0
22282240,0.40030552609823644,1.7649865057319403,0.0015016360471236112,0.4091407433152199,3.0425764713436365,0.004469328620871238,0.05465351999737322,1.1529873795807362,-0.739669693633914,-0.12089123029727489,0.7589197875931859,-1.2657732884399593,0.7079892109613866,,,,,,,,,,,,,,,,,
22282240,,,,,,,,,,,,,,0.40108648990280926,1.789658334106207,0.0015016360471236112,0.41144250077195466,3.134952776134014,0.004469328620871238,4.747223868966103,69.9413894712925,7.705933250967689e-05,10.495699487626553,79.34240454435349,0.00010323896044786562,2.8599789068102837,0.11915622296510264,-0.12500832160003483,0.8394941287115216,1.0
22413312,0.3981150109320879,1.734606159850955,0.0018190989526374324,0.41161595610901713,3.00825397670269,0.0039118640220294765,0.04829939600313082,1.1083682160824537,-0.7156337331980467,-0.12674209685064852,0.6956629287451506,-1.2584302849136293,0.7461882694624364,,,,,,,,,,,,,,,,,
22413312,,,,,,,,,,,,,,0.39883645600639284,1.7665624795481563,0.0018190989526374324,0.4137755557894707,3.0895418263971806,0.0039118640220294765,4.604828465729952,69.49279534816742,7.917632052678591e-05,10.626004472374916,78.60418471693993,8.760057409862299e-05,2.8560309652239084,0.11625576374353841,-0.12501312186941504,0.5570570423733443,1.0
22544384,0.4088563551194966,1.7448155973106623,0.001665158969899494,0.41665828111581504,3.028842044994235,0.0036068535450795025,0.025998553675890435,1.040970812086016,-0.8494279514998198,-0.11986395670101047,0.7045766981318593,-1.2544670519419014,0.7329402482137084,,,,,,,,,,,,,,,,,
22544384,,,,,,,,,,,,,,0.4096405964810401,1.7888524858281016,0.001665158969899494,0.41901890211738646,3.1136527191847563,0.0036068535450795025,4.076793912798166,66.48264354467392,6.73658015213352e-05,10.776142351329327,78.41491302847862,9.513123794335776e-05,2.840124735608697,0.11962406121892855,-0.12500309012830257,0.7943297510500997,1.0
22675456,0.41069111973047256,1.8594727562740445,0.0015181375097768068,0.4156134792137891,3.056505350396037,0.003355601022576593,0.008891571524145547,1.0839842609129846,-0.8139754012227058,-0.12178903608582914,0.761784581001848,-1.2719585453160107,0.7285884756129235,,,,,,,,,,,,,,,,,
22675456,,,,,,,,,,,,,,0.41157097183167934,1.9469935866072774,0.0015181375097768068,0.4180353640113026,3.113846244290471,0.003355601022576593,3.805879360064864,68.15773504972458,5.828465175738984e-05,10.551112025976181,79.91431623697281,9.561612972386335e-05,2.8691573794931173,0.1218493195483461,-0.12500965199433267,0.9293005680665374,1.0
22806528,0.4146813079714775,1.7589948466047645,0.001689843338681385,0.4232933179009706,3.0534207616001368,0.00401384806104943,-0.0006721692181486105,1.0047799786552787,-1.0924311368726194,-0.12015335162868723,0.7255398067645729,-1.272381595801562,0.7077306134160608,,,,,,,,,,,,,,,,,
22806528,,,,,,,,,,,,,,0.41543744946829975,1.785128079354763,0.001689843338681385,0.42555487691424787,3.1553680449724197,0.00401384806104943,3.9996551610529423,71.21558278799057,6.702486852283585e-05,10.857471749186516,79.0128764808178,9.061145943345394e-05,2.9049988389015198,0.12170550227165222,-0.12500450620427728,0.6317804830614477,1.0
22937600,0.4160531803499907,1.687871060334146,0.0017323215857913965,0.4257872572634369,3.0446146056056023,0.004043783591441752,-0.0041878844300811124,0.99859425611794,-1.0201300578191876,-0.1203852501930669,0.7097285031341016,-1.274501535575837,0.7015536595135927,,,,,,,,,,,,,,,,,
22937600,,,,,,,,,,,,,,0.4168479156214744,1.689045013859868,0.0017323215857913965,0.4283252062741667,3.1145419646054506,0.004043783591441752,4.230127274990082,70.61382547020912,6.82443391770704e-05,10.882436662912369,79.5694631934166,9.861570221048055e-05,2.9032530579715967,0.12217161565786228,-0.12500757188536227,0.520731118042022,1.0
23068672,0.4181903244461864,1.7402307484298944,0.0016649557804839787,0.4292143944185227,3.041004093363881,0.003963332093462668,-0.005590776818280574,1.0044218888506293,-0.9097361816093326,-0.11287658341461793,0.7432196363806725,-1.2713431874290109,0.7227126725483686,,,,,,,,,,,,,,,,,
23068672,,,,,,,,,,,,,,0.41901378333568573,1.7594346376135945,0.0016649557804839787,0.4316761721856892,3.1470627319067717,0.003963332093462668,4.108003633096814,66.94371104240417,7.276084225171786e-05,10.651719808578491,79.44329980015755,8.928673428332257e-05,2.913089958950877,0.1215087294112891,-0.1250136410817504,0.6089494707994163,1.0
23199744,0.4158265150617808,1.7794568231329322,0.0014616139710597054,0.42870751256123185,3.075524577870965,0.003331619744130876,-0.012659340227401117,0.9757868512533605,-0.9397244993597269,-0.10648879210930318,0.7238544039428234,-1.2855220520868897,0.7490182856563479,,,,,,,,,,,,,,,,,
23199744,,,,,,,,,,,,,,0.4167143141385168,1.8041891632601619,0.0014616139710597054,0.43139802757650614,3.16150545142591,0.003331619744130876,4.168586300686002,70.9360838830471,6.712557304666689e-05,10.565517716109753,80.44026646018028,9.653504700324333e-05,2.899793788790703,0.12097011681180447,-0.12501313537359238,0.7119315229356289,1.0
23330816,0.41593057313002646,1.648136856034398,0.001897299265692709,0.42816468165256083,3.0195669792592525,0.0035944259639109077,-0.016570536703511607,1.0151494177989662,-0.9352454417385161,-0.10510989924659953,0.7197946347296238,-1.2672035139985383,0.7121074101887643,,,,,,,,,,,,,,,,,
23330816,,,,,,,,,,,,,,0.41668004216626287,1.6531551787629724,0.001897299265692709,0.4305333155207336,3.105860574170947,0.0035944259639109077,4.191901130601764,68.2668114900589,7.517211398866408e-05,10.603503957390785,79.18441811203957,8.959735626024035e-05,2.9009808283299208,0.12136001430917531,-0.12500347779132426,0.5322804085444659,1.0
23461888,0.4155598394572735,1.7713181339204311,0.0016095695800686372,0.4282889673486352,3.011776687577367,0.00362988380538809,-0.014751054954103893,1.005896144080907,-1.0052066850475967,-0.10700821969658136,0.7324304096400738,-1.2798073119483888,0.6875162438955158,,,,,,,,,,,,,,,,,
23461888,,,,,,,,,,,,,,0.41646085190586746,1.8006477868184447,0.0016095695800686372,0.43123045680113137,3.1324230767786503,0.00362988380538809,3.9509259779006243,71.50143763422966,6.998538648739228e-05,10.424060687422752,80.12253469228745,0.00010394922273540552,2.9156115502119064,0.12033066269941628,-0.12500967481173575,0.6293481192551553,1.0
23592960,0.416781781706959,1.773962788283825,0.001679771259205154,0.42483738833107054,3.0468363892287016,0.003561724118071652,-0.009936690947142779,0.9559835917316377,-0.8737410367466509,-0.09981454256922007,0.763187010306865,-1.2881705751642585,0.6962682981975377,,,,,,,,,,,,,,,,,
23592960,,,,,,,,,,,,,,0.41767443693242967,1.8198837479576468,0.001679771259205154,0.4274887021165341,3.1540121398866177,0.003561724118071652,3.9364844355732203,63.18836227059364,7.603134547767842e-05,10.383626662194729,80.93673586845398,9.405158291286853e-05,2.8904976192861795,0.11815866240067407,-0.12500705453567207,0.7608780586160719,1.0
23724032,0.42303130379877985,1.765067795291543,0.001389157175708533,0.4269891111180186,3.0409240629523993,0.003751584285964782,-0.0057027314833248965,1.0110081643797457,-0.8992079114541411,-0.0965933229890652,0.7601035865955055,-1.279595267958939,0.7179314917884767,,,,,,,,,,,,,,,,,
23724032,,,,,,,,,,,,,,0.42391915153712034,1.8152826055884361,0.001389157175708533,0.4296719303820282,3.14855763502419,0.003751584285964782,4.153762124478817,68.17658469080925,6.323211150549568e-05,10.391291126608849,80.40378722548485,9.193188757250503e-05,2.894806334748864,0.12051631283247843,-0.12501081149093807,0.6949933671858162,1.0
23855104,0.4174884846433997,1.7170125106349587,0.001423442257419083,0.43633540300652385,3.0480290073901415,0.0031216254874379956,-0.00982027164354804,0.9875439088791609,-0.910859253257513,-0.10911093413596973,0.719331388361752,-1.3046119404025376,0.6757340845651925,,,,,,,,,,,,,,,,,
23855104,,,,,,,,,,,,,,0.48624072129647417,1.8064096865345196,0.004509396163692977,0.41427298179120725,3.0974101321659533,0.003102515320059898,2.9381627111901887,57.72883767406849,5.9310235787824174e-05,10.472036126706502,76.93281548609396,7.211139177845159e-05,3.0032773840140146,0.11780476297885853,-0.12476537627987115,0.6354477148817246,1.0
23986176,0.41728673106990755,1.7176584154367447,0.001336133513632376,0.42897693742997944,3.031366152688861,0.0031916043934643312,-0.008107921627015457,0.8892553821206093,-0.8899081903509796,-0.09852262027561665,0.7283335505053401,-1.2908459901809692,0.6813913086662069,,,,,,,,,,,,,,,,,
23986176,,,,,,,,,,,,,,0.41822818061336875,1.7663502870127559,0.001336133513632376,0.4318369869142771,3.1311742197722197,0.0031916043934643312,4.13986642844975,63.14474865794182,7.71941387603392e-05,10.087300039827824,81.49488562345505,8.398817527419111e-05,2.9130540024489164,0.12383736192714423,-0.1250093844719231,0.6874764431267977,1.0
24117248,0.41824200097471476,1.687171052210033,0.0014424259361476288,0.4295928957872093,3.0418224465101957,0.003374021512854597,-0.0055195232131382,1.0165327969007194,-1.014693517703563,-0.10487649805145338,0.720016551669687,-1.2913301279768348,0.7072195839136839,,,,,,,,,,,,,,,,,
24117248,,,,,,,,,,,,,,0.4192300313152373,1.7153339087963104,0.0014424259361476288,0.43266142066568136,3.1704662647098303,0.003374021512854597,4.246616842225194,69.92419472336769,7.349241068810297e-05,10.252899162471294,81.11302646994591,0.00010236024449783443,2.908639617264271,0.122053493920248,-0.23948533879593015,0.6540404267143458,1.0
24248320,0.42030806420370936,1.6771641373634338,0.0012788026209591408,0.42215550132095814,3.055221663787961,0.0031690507780695043,0.0006804577199091,1.016097530722618,-0.9684791965410113,-0.10278810217278078,0.7513248915784061,-1.2825809828937054,0.6672384014818817,,,,,,,,,,,,,,,,,
24248320,,,,,,,,,,,,,,0.4212866835296154,1.707324557006359,0.0012788026209591408,0.42510772147215903,3.1565191335976124,0.0031690507780695043,3.9765305388718843,69.67552617192268,7.074707700827076e-05,10.263265438377857,80.68419346213341,9.073929563863103e-05,2.888126742094755,0.12081952928565443,-0.12500436673872173,0.6479158534202725,1.0
24379392,0.4251926112920046,1.804988962598145,0.0014382346790853262,0.4201047043316066,3.041158888489008,0.003438297775119281,0.002772350684423941,0.9578626966103911,-0.8312380025163293,-0.09650224720826373,0.7426307732239366,-1.2784770522266626,0.7159559866413474,,,,,,,,,,,,,,,,,
24379392,,,,,,,,,,,,,,0.42608650936745107,1.8720927266404033,0.0014382346790853262,0.4229371026158333,3.131170764565468,0.003438297775119281,3.839312905445695,64.48299378156662,6.995501062934117e-05,10.249172732234001,80.72072699666023,9.363781280846695e-05,2.8549883477389812,0.11692369455704466,-0.12499905424192548,0.9308184972032905,1.0
24510464,0.4192070378921926,2.0359826870262623,0.0016012068343798092,0.4236127429176122,3.0366979390382767,0.00398426702827237,0.005958887504448285,0.9581358428113163,-0.8746489461045712,-0.10565355949802324,0.7951288046315312,-1.2640620758756995,0.7259069457650185,,,,,,,,,,,,,,,,,
24510464,,,,,,,,,,,,,,0.4201953134033829,2.169045528396964,0.0016012068343798092,0.4262659822124988,3.130721880123019,0.00398426702827237,3.8142799623310566,63.41463387012482,7.129928241411676e-05,10.473406367003918,79.78806096315384,9.079481196661021e-05,2.9066614601761103,0.11816955235553905,-0.1250125605147332,0.9539627097547054,1.0
24641536,0.42376853059977293,1.8324971329420805,0.0017158218677195691,0.42214559693820775,3.045961443334818,0.003944059353671037,-0.00010409107864717271,1.0370416790246964,-0.9325957840774208,-0.09957493469119072,0.7656603856012225,-1.2734261839650571,0.7579034301452339,,,,,,,,,,,,,,,,,
24641536,,,,,,,,,,,,,,0.4246668766718358,1.9089819295331836,0.0017158218677195691,0.42489393148571253,3.155967002734542,0.003944059353671037,3.7332793585956097,71.0329607129097,7.133165243722317e-05,10.231471970677376,79.95602822303772,8.652165934380784e-05,2.873152306303382,0.11749161960324273,-0.12500425148755312,0.8470120190177113,1.0
24772608,0.42198246344923973,1.7079785475507379,0.0016815037829474022,0.4202664995100349,3.005142567679286,0.0038930941823309695,0.004689226249780631,0.8935503591783345,-0.8147570970468223,-0.10319295467343181,0.7071315040811896,-1.2787643410265446,0.7463794709183276,,,,,,,,,,,,,,,,,
24772608,,,,,,,,,,,,,,0.4227152890525758,1.7300568437203765,0.0016815037829474022,0.42256716662086546,3.1073704846203327,0.0038930941823309695,3.5886818356812,61.73786535859108,6.045206287774718e-05,10.197061888873577,80.33197185397148,8.118560369688166e-05,2.8817562703043222,0.11410080554196611,-0.12500831973738968,0.6803275046404451,1.0
24903680,0.43009389098733664,1.9422881286591291,0.0017007221732470157,0.42573573626577854,2.9931714311242104,0.0032142459933766077,0.005141361996095384,1.042248249053955,-0.8841077843680978,-0.1001575902919285,0.7830612855032086,-1.280632691923529,0.7390985438833013,,,,,,,,,,,,,,,,,
24903680,,,,,,,,,,,,,,0.43099312763661146,2.0286513715982437,0.0017007221732470157,0.42835882608778775,3.097120575606823,0.0032142459933766077,3.9398978520184755,67.89637759327888,6.838911662043756e-05,10.239879958331585,80.55227050185204,8.790605971498167e-05,2.892156071960926,0.11623312655137852,-0.1250137009192258,0.8808557929005474,1.0
25034752,0.42756498442031443,1.7575545404106379,0.0005350107057040532,0.42082445276901126,3.0138181801885366,0.0020874134847872483,0.003480434754436601,0.9749433766119182,-0.9771933113224804,-0.09706097579328343,0.7369242492131889,-1.2860738718882203,0.73898147768341,,,,,,,,,,,,,,,,,
25034752,,,,,,,,,,,,,,0.4284034841693938,1.8068172046914697,0.0005350107057040532,0.4233915745280683,3.1138507910072803,0.0020874134847872483,3.7252050638198853,68.3687496483326,6.52469781160514e-05,10.07234812527895,80.52856075763702,8.255317944083629e-05,2.8982897866517305,0.11618402210297063,-0.12501263804733753,0.7666660072281957,1.0
25165824,0.42222756752744317,1.84599229414016,0.0005076801405721199,0.4235190525650978,3.1053920909762383,0.0020780297636520118,0.004603111740607346,1.085026232060045,-0.9456684328615665,-0.09310255118180066,0.774204483255744,-1.2576645691879094,0.7481862995773554,,,,,,,,,,,,,,,,,
25165824,,,,,,,,,,,,,,0.42301894491538405,1.8920449102297425,0.0005076801405721199,0.4260588730685413,3.1467075385153294,0.0020780297636520118,3.862117864191532,70.42033976316452,6.560196157234799e-05,9.952660635113716,78.89841428399086,7.792221820590584e-05,2.8810341618955135,0.11726582422852516,-0.1250120911281556,0.8262533617671579,1.0
25296896,0.42494579846970737,1.8049180638045073,0.0015011819323262898,0.4270295696333051,3.0818678345531225,0.004084998469352286,0.0028338871751429906,1.0170913822948933,-0.8487415825948119,-0.0945447739213705,0.8015073733404279,-1.2970610717311502,0.7378665038850158,,,,,,,,,,,,,,,,,
25296896,,,,,,,,,,,,,,0.4257888544816524,1.8318916391581297,0.0015011819323262898,0.429779761005193,3.1931237522512674,0.004084998469352286,4.113664027303457,65.84047469496727,7.77122352733084e-05,9.953501999378204,81.43371176719666,8.948270697040073e-05,2.8718923199921846,0.11894260963890702,-0.1250044230837375,0.6814105659723282,1.0
25427968,0.4226449152920395,1.8714239643886685,0.0013884160082398012,0.42688962118700147,3.0667658112943172,0.0033327542721508507,0.0014474986683410407,0.9519452415406704,-1.131376548204571,-0.08826303842943162,0.8225581222213805,-1.2621170147322118,0.7183603509329259,,,,,,,,,,,,,,,,,
25427968,,,,,,,,,,,,,,0.42342708352953196,1.9415078405290842,0.0013884160082398012,0.42923823930323124,3.133332157507539,0.0033327542721508507,4.196286870166659,72.30638048052788,7.396099815792923e-05,9.903737463057041,79.1412424147129,8.210031472777324e-05,2.8765253610908985,0.11821975442580879,-0.12501025339588523,0.8599012449849397,1.0
25559040,0.42677613184787333,1.7944325869902968,0.0015945097377425554,0.42579859402030706,3.0239546187222004,0.003125246363651968,0.0012063155103021472,1.1063865013420582,-0.816906797233969,-0.09665696090087295,0.7316929842345417,-1.2720280792564154,0.7273568110540509,,,,,,,,,,,,,,,,,
25559040,,,,,,,,,,,,,,0.4276467361487448,1.8386152442544699,0.0015945097377425554,0.42865455290302634,3.123887572437525,0.003125246363651968,4.228627543896437,68.81988877058029,7.79165446411767e-05,9.995512418448925,79.923632979393,8.320959891972013e-05,2.901330642402172,0.11889924784190953,-0.1250166492536664,0.7649836125783622,1.0
25690112,0.4346440837252885,1.8064585896208882,0.0012334685005157553,0.4328915528021753,3.076007217168808,0.003326889089294127,-0.005339891136543429,1.1576510681770742,-0.8568468643352389,-0.08906835946254432,0.7507654991932213,-1.2749014534056187,0.7236521514132619,,,,,,,,,,,,,,,,,
25690112,,,,,,,,,,,,,,0.43557054945267737,1.863464149646461,0.0012334685005157553,0.4356734952889383,3.1728747319430113,0.003326889089294127,4.080658454447985,73.89370569586754,7.633750950086782e-05,9.933841601014137,79.92360213398933,8.591800309898368e-05,2.907431673258543,0.11947767389938235,-0.12501014093868434,0.7191256277728826,1.0
25821184,0.4321665056049824,1.686020198278129,0.0015867718304889422,0.4331260262988508,3.019233236089349,0.003848515923209561,-0.01281731120616314,1.0538423196412623,-1.0030389693565667,-0.09253993089077994,0.7918944987468421,-1.2829066030681133,0.7235709754750133,,,,,,,,,,,,,,,,,
25821184,,,,,,,,,,,,,,0.4329841441940516,1.6953694988042116,0.0015867718304889422,0.43581677228212357,3.134529396891594,0.003848515923209561,4.292773474007845,70.12935847043991,6.65675057256454e-05,10.076131783425808,80.58167976140976,9.7398259953696e-05,2.913718728348613,0.12046686967369169,-0.12501341360621154,0.6461065604817122,1.0
25952256,0.42904716171324253,1.7557532889768481,0.002323706281003979,0.4330391902476549,3.0035095773637295,0.003700154439684411,-0.017582136868441012,0.9895869051106274,-1.195046117529273,-0.09717556089162827,0.7390004806220531,-1.2775735738687217,0.704184629721567,,,,,,,,,,,,,,,,,
25952256,,,,,,,,,,,,,,0.4299179008230567,1.8178397864103317,0.002323706281003979,0.4357091507408768,3.1372112333774567,0.003700154439684411,4.362221777439117,74.46477645635605,8.33382986480391e-05,10.205075599253178,80.70940700173378,9.202189474910583e-05,2.875824147835374,0.12227663933299482,-0.12500710086897016,0.7991069473791867,1.0
26083328,0.428404841106385,1.790381540544331,0.0022537148954597797,0.43687465600669384,3.086181912571192,0.003570514512148293,-0.018563147423265036,0.9939145185053349,-1.2066762065514922,-0.0973953585489653,0.7333561833947897,-1.2688530306331813,0.6874890376348048,,,,,,,,,,,,,,,,,
26083328,,,,,,,,,,,,,,0.42927555786445737,1.8429191168397665,0.0022537148954597797,0.43949209223501384,3.159475304186344,0.003570514512148293,4.510405246168375,72.95205241441727,8.151588069515991e-05,10.259265027940273,79.64805659651756,8.195637459085248e-05,2.840981800109148,0.1222066055634059,-0.12500810669735074,0.8014307036064565,1.0
26214400,0.4293377788271755,1.729405184276402,0.0015375664822840918,0.4284298927523196,3.0727099776268005,0.0033551097749295877,-0.018777836674416903,1.064943463075906,-1.0352249322459102,-0.10229362774407491,0.7405045651830733,-1.2673231605440378,0.7012986037880182,,,,,,,,,,,,,,,,,
26214400,,,,,,,,,,,,,,0.43036096077412367,1.8051167614758015,0.0015375664822840918,0.4314591425936669,3.1691621970385313,0.0033551097749295877,4.708425056189299,71.123426258564,7.427059462328245e-05,10.120660439133644,79.77984112501144,9.361893033871249e-05,2.882771035656333,0.12387725472217426,-0.12500786036252975,0.8727469800505787,1.0
26345472,0.43064891756512225,1.7316565150395036,0.001776242948608342,0.43240871117450297,3.094571916386485,0.0036866961172563606,-0.016918892190005863,1.0083319856785238,-1.095000599976629,-0.10148540243972093,0.7120826006866992,-1.2657992718741298,0.7308920274954289,,,,,,,,,,,,,,,,,
26345472,,,,,,,,,,,,,,0.43154679611325264,1.7585426168516278,0.001776242948608342,0.43512527481652796,3.1945980843156576,0.0036866961172563606,4.479663904756308,71.22100067138672,7.107236506831427e-05,10.190303668379784,79.60073792934418,9.78841819119225e-05,2.858987797051668,0.12207611539633945,-0.1250080002937466,0.6575247391592711,1.0
26476544,0.43476406997069716,1.8142881309613585,0.0016501296640285545,0.44269477762281895,3.0759185142815113,0.003335171900232581,-0.04016432791831903,0.9257040503434837,-1.0000503156334162,-0.10078829404665157,0.7621095883660018,-1.277307358570397,0.6628821450285614,,,,,,,,,,,,,,,,,
26476544,,,,,,,,,,,,,,0.49379159175757187,1.8129500697355672,0.004909918913144574,0.42269720998873195,3.084376370691391,0.0030189769050232287,3.8547283891148036,61.250506319083186,6.477979406714161e-05,10.412638561292383,75.2771579975554,7.810485679458427e-05,2.9730910262070505,0.11864702120501862,-0.12476472208747663,0.7454377079090799,1.0
26607616,0.42657984560355544,1.6723002614453435,0.0016128443353409239,0.43577284016646445,3.066136224195361,0.0038850754381201114,-0.03962757598492317,0.9149553077295423,-0.9739766796119511,-0.1016526710591279,0.7553931176662445,-1.2918718964792788,0.6746332466136664,,,,,,,,,,,,,,,,,
26607616,,,,,,,,,,,,,,0.42746305488981307,1.694065217860043,0.0016128443353409239,0.4386867380235344,3.164467640221119,0.0038850754381201114,5.098453257232904,68.45675110816956,7.503567711153458e-05,10.51904820650816,80.61466565728188,9.154307053060862e-05,2.875787740573287,0.12363400059984997,-0.12501242430880666,0.73611770872958,1.0
26738688,0.4245083925779909,1.8122447533532977,0.001176167507082937,0.4319056523963809,3.028632242232561,0.0031647294747472188,-0.03719548559456598,1.0060691465623677,-1.0089534800499678,-0.10401585651561618,0.7586456774733961,-1.289168647956103,0.7029275326058269,,,,,,,,,,,,,,,,,
26738688,,,,,,,,,,,,,,0.42540579522028565,1.8815510217100382,0.001176167507082937,0.43465638905763626,3.12511295825243,0.0031647294747472188,5.099293854087591,71.34740802645683,7.84555542169274e-05,10.442039005458355,80.8383220732212,9.826983253091726e-05,2.84906193241477,0.12284316046861932,-0.12501042312942445,0.7262190927285701,1.0
26869760,0.4194326309952885,1.9356357315555215,0.0012406571484007145,0.4309762460179627,3.0704535748809576,0.003108397253754447,-0.03518269074265845,1.0027819462120533,-1.0435964493080974,-0.11171881959307939,0.7785395779646933,-1.2591408216394484,0.7077443660236895,,,,,,,,,,,,,,,,,
26869760,,,,,,,,,,,,,,0.42036060709506273,2.0449882512912154,0.0012406571484007145,0.43355284351855516,3.171589057892561,0.003108397253754447,5.019984889775515,72.36475759744644,7.618944733689403e-05,10.710468217730522,78.88352832198143,9.623225872492508e-05,2.8590527959167957,0.12040664773667231,-0.12500562984496355,1.0120450146496296,1.0
27000832,0.42537069506943226,1.8402121989056468,0.0014246030076492389,0.4302967865951359,3.150543622672558,0.0035334325561962032,-0.03593209170503542,1.0102047226391733,-0.9994245967827737,-0.10906007193261757,0.7704834742471576,-1.2728994344361126,0.7008818779140711,,,,,,,,,,,,,,,,,
27000832,,,,,,,,,,,,,,0.42630068166181445,1.9293681513518095,0.0014246030076492389,0.4329822510480881,3.255911299958825,0.0035334325561962032,4.862505275756121,68.65693098306656,6.309778370156005e-05,10.54898826032877,79.55531394481659,9.197293070339896e-05,2.8814608603715897,0.1176995902787894,-0.12500936235301197,0.8729050634428859,1.0
27131904,0.4233054097276181,1.7552896849811077,0.0015760255687382596,0.42972782370634377,3.0883155167102814,0.003826167374427314,-0.03433249417867046,0.9588063796982169,-0.9826172883622348,-0.11286463006399572,0.7270323727279902,-1.2749125361442566,0.7422295261640102,,,,,,,,,,,,,,,,,
27131904,,,,,,,,,,,,,,0.42408080073073506,1.7771890917792916,0.0015760255687382596,0.4321743978653103,3.144554890692234,0.003826167374427314,4.6593147367239,70.83702093362808,6.9770819711934e-05,10.79827082157135,80.15519544482231,7.70332311875177e-05,2.853239167481661,0.11875282268738374,-0.12500465288758278,0.5954414720181376,1.0
27262976,0.4181801222730428,1.7725018439814448,0.0013982732344288706,0.42666965955868363,3.0528091117739677,0.0033965366819757037,-0.03055275889346376,1.0176251255907118,-0.9978279517963529,-0.11056396778440103,0.8283830699510872,-1.2777349632233381,0.6994531536474824,,,,,,,,,,,,,,,,,
27262976,,,,,,,,,,,,,,0.41901330766268075,1.8173452010378242,0.0013982732344288706,0.42930544284172356,3.1405920200049877,0.0033965366819757037,4.721024341881275,70.06997188925743,7.075493852104486e-05,10.654359087347984,79.96434664726257,9.406743656636962e-05,2.898739645257592,0.11767591629177332,-0.12500581657513976,0.6884304189588875,1.0
27394048,0.4246461691800505,1.7542880270630121,0.0010219800579989169,0.4269233599770814,3.11502792686224,0.0024697999519958103,-0.022586636725463904,1.0720163551159203,-0.9821978993713856,-0.09689641318982467,1.0586633337661624,-1.2661855816841125,0.7420463636517525,,,,,,,,,,,,,,,,,
27394048,,,,,,,,,,,,,,0.42533956188708544,1.7703523058444262,0.0010219800579989169,0.429096003761515,3.1762819811701775,0.0024697999519958103,4.546352058649063,69.20184952020645,6.21439903485399e-05,10.171393930912018,79.48945739865303,6.773381831370884e-05,2.883725121617317,0.11821485572727397,-0.1250129898544401,0.6089257309213281,1.0
27525120,0.4236772255972028,1.7343616969883442,0.00044763576931927673,0.4220631839707494,3.1057229805737734,0.001807828480423268,-0.011986272787908092,1.0864499877206981,-0.8574223523028195,-0.1015270622447133,0.7322372742928565,-1.2579342215321958,0.7210838140454143,,,,,,,,,,,,,,,,,
27525120,,,,,,,,,,,,,,0.42435946967452765,1.7383941188454628,0.00044763576931927673,0.4242527331225574,3.1721815187484026,0.001807828480423268,4.3727013394236565,68.8482556939125,6.628061530444818e-05,10.152502723038197,78.62604540586472,8.876678237956792e-05,2.876324001699686,0.11458395730005577,-0.1250088564120233,0.6465895141009241,1.0
27656192,0.4257629436906427,1.9052462046965957,0.000755769865406819,0.420711588812992,3.0409418512135744,0.002238954110453051,-0.003624220759370189,1.075536529533565,-0.8408154086209834,-0.09990234533324838,0.7842799280770123,-1.2562654977664351,0.7384858545847237,,,,,,,,,,,,,,,,,
27656192,,,,,,,,,,,,,,0.4265812060330063,1.995232516899705,0.000755769865406819,0.42297538788989186,3.1346545685082674,0.002238954110453051,4.29665981605649,68.88116219639778,6.290417825649541e-05,10.0941716209054,78.82714033126831,8.393225272262939e-05,2.863786129280925,0.11796489084372297,-0.12510835123248398,0.8756140663754195,1.0
27787264,0.4370316101703793,1.8371380642056465,0.0008869544068375035,0.4282135837711394,3.1351031213998795,0.0026206101101706736,-0.001474901955610619,1.1224249321967363,-0.8457730424124748,-0.09532114787725732,0.7603117055259645,-1.2747249663807452,0.7310458496212959,,,,,,,,,,,,,,,,,
27787264,,,,,,,,,,,,,,0.4378683331888169,1.8832279527559876,0.0008869544068375035,0.43090293905697763,3.222296718508005,0.0026206101101706736,4.295957513153553,71.53263926506042,6.581191393539854e-05,10.001100353896618,80.01788148283958,8.385246103959076e-05,2.910561565309763,0.11706850724294782,-0.12500135251320899,0.7595458177383989,1.0
27918336,0.4329408034682274,1.6561755072325468,0.001737280661927798,0.4263051326852292,3.0371743105351925,0.004025211413591023,0.003784614065750702,1.064634557813406,-0.6943791224621236,-0.10158888093428686,0.7052404382266104,-1.2776999087072909,0.7427075332961977,,,,,,,,,,,,,,,,,
27918336,,,,,,,,,,,,,,0.4336438199970871,1.6749458722770214,0.001737280661927798,0.42868498689495027,3.0906402692198753,0.004025211413591023,4.228462779894471,65.5251068174839,6.82801453044668e-05,10.167700983583927,79.92710611224174,7.292780210810257e-05,2.878110408782959,0.11781368067022413,-0.1250097539741546,0.6011093321722001,1.0
28049408,0.44073047908023,1.7546832049265504,0.001685318159786675,0.4366731243208051,3.0280241388827562,0.004062251697177999,0.009259144570023636,1.123315766453743,-0.8848599963821471,-0.09789530368288979,0.7282669171690941,-1.268460574094206,0.7341952542774379,,,,,,,,,,,,,,,,,
28049408,,,,,,,,,,,,,,0.44150514574721456,1.7678558453917503,0.001685318159786675,0.43924544705078006,3.128138829022646,0.004062251697177999,4.340481348335743,70.70909315347672,6.487315859260434e-05,10.269879952073097,79.6004453599453,7.406091860939767e-05,2.8970907479524612,0.11801162507617846,-0.125004009809345,0.690930791432038,1.0
28180480,0.44118302082642913,1.8105598408728838,0.0017031035517902637,0.43002263992093503,3.000531993806362,0.0038414981218011235,0.0059534785294204084,1.090946708805859,-0.8114797861780971,-0.10166060359915718,0.7758743204176426,-1.2840825612656772,0.7335157603956759,,,,,,,,,,,,,,,,,
28180480,,,,,,,,,,,,,,0.4420571830123663,1.8926360690966249,0.0017031035517902637,0.43265736126340926,3.1269422620534897,0.0038414981218011235,4.144136130809784,68.9347440302372,8.075561815146237e-05,10.29068636894226,80.57547667622566,7.973315226550426e-05,2.911919228732586,0.11779336375184357,-0.12500643823295832,0.7822945232037455,1.0
28311552,0.43990291631780565,1.7098231818526983,0.001157345274691579,0.43207630584947765,3.022554302588105,0.003039076504364857,0.018012197120697238,1.1062177242711186,-0.8676187414675951,-0.10183095000684261,0.7154179108329117,-1.2682464993558824,0.7439725194126368,,,,,,,,,,,,,,,,,
28311552,,,,,,,,,,,,,,0.44065131386741996,1.7335150428116322,0.001157345274691579,0.434631870361045,3.1086614970117807,0.003039076504364857,4.274992864578962,70.62187120318413,8.321846210690431e-05,10.46523341536522,79.12326219677925,8.784858723132061e-05,2.8795552104711533,0.11736982432194054,-0.12500780331902206,0.5990715231746435,1.0
28442624,0.43594886898063123,1.7151850424706936,0.0017432065953926212,0.4312424184754491,3.0451119896024466,0.003549600794485741,0.021732696841354482,1.1395502048544586,-0.8594135288149118,-0.10715304728364572,0.7611720990389585,-1.2923581898212433,0.7164100836962461,,,,,,,,,,,,,,,,,
28442624,,,,,,,,,,,,,,0.436831867787987,1.7784604486078024,0.0017432065953926212,0.43403494474478066,3.156005088239908,0.003549600794485741,4.338371820747852,71.81330102682114,7.260877413534095e-05,10.45742453634739,80.86584448814392,8.23122113238206e-05,2.8781181313097477,0.11919252260122448,-0.1250106857623905,0.8183087245561182,1.0
28573696,0.4357961204368621,1.8233054429292679,0.001949393738868821,0.4290688328910619,3.0715938303619623,0.004147941654991882,0.016071228026703466,1.0501823774538934,-0.829064377117902,-0.1122190443566069,0.7424599430523813,-1.2697171452455223,0.7194994394667447,,,,,,,,,,,,,,,,,
28573696,,,,,,,,,,,,,,0.4367194166406989,1.9014402534812689,0.001949393738868821,0.4318614690564573,3.193238079547882,0.004147941654991882,4.043743222951889,68.13103422522545,7.398113185885791e-05,10.502714768052101,79.6684920489788,7.763580936731573e-05,2.8843109756708145,0.12080136185977608,-0.12501489208079875,0.8703342308290303,1.0
28704768,0.4351877453736961,1.768052943982184,0.0019662064257204293,0.42636521509848535,3.000023018568754,0.003990215136582265,0.009295665284298593,1.0398988048546016,-0.7222975851036608,-0.11436935723759234,0.7587158977985382,-1.2773832576349378,0.7481225170195103,,,,,,,,,,,,,,,,,
28704768,,,,,,,,,,,,,,0.43600696651265025,1.8148339809849858,0.0019662064257204293,0.42881965660490096,3.079215308651328,0.003990215136582265,3.7837205417454243,64.18796223402023,7.194034621615941e-05,10.577881827950478,80.01663357019424,9.082936735149705e-05,2.859613763168454,0.11855025152908638,-0.1250124671496451,0.6997427474707365,1.0
28835840,0.44302788260392845,1.8307284004986286,0.0020051900908129028,0.4311429252848029,3.0035045091062784,0.004587927952570681,0.004299181142940256,1.0617092493921518,-0.7791544541250914,-0.10994673747336492,0.7439043745398521,-1.2910159640014172,0.7372766644693911,,,,,,,,,,,,,,,,,
28835840,,,,,,,,,,,,,,0.4438643951434642,1.883236295543611,0.0020051900908129028,0.4336259406991303,3.0871247462928295,0.004587927952570681,3.77029587328434,68.5736497938633,6.668087486960683e-05,10.735091120004654,80.58417841792107,7.491621666266823e-05,2.864079527556896,0.11705050413729623,-0.12500792206265032,0.7798044416122139,1.0
28966912,0.44264165381900966,1.8208092618733644,0.0018355943630012916,0.43479542154818773,3.0422759242355824,0.0044515780073197675,-0.006147313558585665,0.9885724023915827,-0.8355180420912802,-0.10956917994190007,0.7529584961012006,-1.2964321202598512,0.7485760282725096,,,,,,,,,,,,,,,,,
28966912,,,,,,,,,,,,,,0.4435137235559523,1.8736003376543522,0.0018355943630012916,0.4375462813768536,3.1376618780195713,0.0044515780073197675,4.001335551962256,67.29377689957619,7.303369458577791e-05,10.699609480798244,81.05088353157043,8.511474924643991e-05,2.8820905163884163,0.11999877326888964,-0.1250126836821437,0.7195986732840538,1.0
29097984,0.44354261504486203,1.8816086472943425,0.0015939575407628581,0.43459519278258085,3.0585781522095203,0.003593790598642954,-0.019562500492611434,0.9831468081101775,-0.796266374643892,-0.08863202866632491,0.7580591281875968,-1.260258233640343,0.6897862902842462,,,,,,,,,,,,,,,,,
29097984,,,,,,,,,,,,,,0.5051840651017355,1.8134362724979958,0.005310960612169732,0.42023341032306116,3.027080460889153,0.0034296148189066323,3.2576320766736417,59.421691681651104,5.831212923974085e-05,10.086970757852948,74.66768431735326,7.230630471942495e-05,2.9722062157220153,0.11265930460894996,-0.12491534565048046,0.6371159919099995,1.0
29229056,0.44082039408385754,1.7742749890312552,0.0016112901332689944,0.4381922772154212,3.0459381695836782,0.003534501586045735,-0.02130810997186927,0.9947800585068762,-0.9177155368961394,-0.09701599570689723,0.7284580213017762,-1.296824436634779,0.7206773366779089,,,,,,,,,,,,,,,,,
29229056,,,,,,,,,,,,,,0.4417614166159183,1.8255748841911554,0.0016112901332689944,0.4411540168803185,3.153350019827485,0.003534501586045735,4.424415864050388,69.8616555929184,6.578990802774687e-05,10.350790843367577,81.26286914944649,8.338567951682307e-05,2.8981419689953327,0.12046732916496694,-0.12501043896190822,0.7375332531519234,1.0
29360128,0.4402070106007159,1.7764310175552964,0.001244489689383954,0.4349141006823629,3.027194306254387,0.0032959944378490036,-0.01919309028016869,1.0374117414467037,-0.8942678300663829,-0.0959315097425133,0.7671163096092641,-1.2892722068354487,0.7470033371355385,,,,,,,,,,,,,,,,,
29360128,,,,,,,,,,,,,,0.4410471566952765,1.8190770093351603,0.001244489689383954,0.43744342401623726,3.1119221094995737,0.0032959944378490036,4.344578366726637,67.24223580956459,7.283509411126765e-05,10.345756269991398,80.72180032730103,8.407768697799023e-05,2.8474400732666254,0.12098634865833446,-0.12499836226925254,0.8230910243000835,1.0
29491200,0.4383509331382811,1.8982490608468652,0.0016168936895724073,0.42787938960827887,3.0342424158006907,0.0036674677139671985,-0.015366711697424762,0.8505989797413349,-0.910664688097313,-0.10072719771414995,0.7600093460641801,-1.2857930976897478,0.7261026741471142,,,,,,,,,,,,,,,,,
29491200,,,,,,,,,,,,,,0.4392989582847804,1.9805142804980278,0.0016168936895724073,0.4306604713201523,3.1360492929816246,0.0036674677139671985,3.8781865686178207,64.90821421146393,6.856784818110029e-05,10.42661538720131,80.42381286621094,9.817272940471078e-05,2.8798744305968285,0.11880987550830469,-0.125008451519534,0.9400549866259098,1.0
29622272,0.44122067536227405,1.9637747621163726,0.001898640465697099,0.4324508171994239,3.015640093013644,0.0035088857807750173,-0.0121911784481199,0.9930559513159096,-0.8863715243060142,-0.09563104441622272,0.7949732006527483,-1.2757940688170493,0.7309473603963852,,,,,,,,,,,,,,,,,
29622272,,,,,,,,,,,,,,0.44209181517362595,2.0597813995555043,0.001898640465697099,0.43495259061455727,3.1162717286497355,0.0035088857807750173,3.9177903905510902,68.10872596502304,6.0587553921909176e-05,10.406132325530052,80.32230624556541,9.901338639458496e-05,2.876325659453869,0.11917838116642088,-0.1250065246131271,0.8666444804985076,1.0
29753344,0.4443384266924113,1.9405151447281241,0.001558564121978634,0.43045310722664,3.0287833139300346,0.003756524854907184,-0.010703900628868723,1.0491343094035983,-0.8625497352331877,-0.0933999745757319,0.7666589459404349,-1.2680216887965798,0.728940463392064,,,,,,,,,,,,,,,,,
29753344,,,,,,,,,,,,,,0.4452085825614631,2.047578504309058,0.001558564121978634,0.4329828671179712,3.128221409395337,0.003756524854907184,3.8686756752431393,67.04246073961258,6.86332041448523e-05,10.182571060955524,79.5792324244976,8.463242818956829e-05,2.877180751413107,0.1201902300817892,-0.12500944337807596,0.9327402065973729,1.0
29884416,0.4414950979407877,1.7190715800970793,0.0019178163378796853,0.42954671615734696,3.0154567155987024,0.003789136215345934,-0.007217561285870033,0.9704522248357534,-0.6456715872045606,-0.08949888037750497,0.7224477771669626,-1.2752067656256258,0.7214258471503854,,,,,,,,,,,,,,,,,
29884416,,,,,,,,,,,,,,0.44222163525409997,1.7233689725399017,0.0019178163378796853,0.4318750724196434,3.1010321602225304,0.003789136215345934,3.855822954326868,63.206816017627716,6.908979756103939e-05,10.072589941322803,79.69008541107178,8.823384487310904e-05,2.896596683189273,0.11679037276189774,-0.12500489526428282,0.5111151421442628,1.0
30015488,0.43852776451967657,1.7999759269878268,0.002166824492633168,0.4301543622277677,2.976366465911269,0.004025296952931967,-0.0014844794838211328,1.0243962197564542,-0.7885109318885952,-0.09813714976189658,0.7507077814079821,-1.2754682819359004,0.7414563489146531,,,,,,,,,,,,,,,,,
30015488,,,,,,,,,,,,,,0.4393297298811376,1.844585076905787,0.002166824492633168,0.432511524297297,3.093841342255473,0.004025296952931967,3.892262253910303,64.64272177219391,8.594240326154079e-05,10.231327846646309,80.04304674267769,9.993682388920178e-05,2.896640297025442,0.119896404678002,-0.12500515021383762,0.7131282158661634,1.0
30146560,0.43919168459251523,1.658115342259407,0.0019114461500748803,0.4254045544657856,2.992616644129157,0.00363531069228884,0.002189939000402319,1.0462686847895384,-0.8454728943761438,-0.1038478862028569,0.7146425191313028,-1.2799821109510958,0.7372511452995241,,,,,,,,,,,,,,,,,
30146560,,,,,,,,,,,,,,0.4400105874519795,1.6619167402386665,0.0019114461500748803,0.42803458659909666,3.1186369117349386,0.00363531069228884,3.856383526697755,68.69056403636932,6.244053830783969e-05,10.336691208183765,79.97645035386086,8.19094789564212e-05,2.933718401938677,0.11906605848344043,-0.12500955164432526,0.5786381254438311,1.0
30277632,0.4395843520760536,1.7281833626329899,0.0018385657469934813,0.43114811601117253,3.0197705943137407,0.0035717891726108064,0.0036567214449263474,1.074579552281648,-0.9224905278533697,-0.10073415818624198,0.7273465706966817,-1.2743117362260818,0.7539737084880471,,,,,,,,,,,,,,,,,
30277632,,,,,,,,,,,,,,0.4403073783032596,1.7688233368098736,0.0018385657469934813,0.433636533562094,3.1295569017529488,0.0035717891726108064,3.984414704144001,70.50173473358154,6.0781051272273956e-05,10.367470361292362,79.58595660328865,7.557789212270238e-05,2.905010910704732,0.12007198989158496,-0.12501564109697938,0.658635500119999,1.0
30408704,0.4446126807015389,1.7767231753095984,0.001953226641319361,0.42819055216386914,3.000346450135112,0.004363445958460943,0.0059044825757155195,1.082500462885946,-0.7679445741232485,-0.09851809404790401,0.7265778020955622,-1.2752789072692394,0.7406412591226399,,,,,,,,,,,,,,,,,
30408704,,,,,,,,,,,,,,0.44540839875116944,1.8292795568704605,0.001953226641319361,0.4307159446179867,3.087565867230296,0.004363445958460943,3.7061646953225136,69.2656709253788,6.324461628059996e-05,10.18642594665289,79.97029238939285,8.361745003337973e-05,2.9001526795327663,0.1211760423029773,-0.12500180397182703,0.822364434832707,1.0
30539776,0.434851509751752,1.7989846337586641,0.0014514522903255056,0.42461362783797085,3.002139462158084,0.003906070657649252,0.004324460267696395,0.915866612456739,-0.8253755457699299,-0.10324589890660718,0.7401172681711614,-1.2913351100869477,0.7204125982243568,,,,,,,,,,,,,,,,,
30539776,,,,,,,,,,,,,,0.43573309178464115,1.8287690430879593,0.0014514522903255056,0.4273405154235661,3.1250311695039272,0.003906070657649252,3.495297623798251,62.50894609093666,6.432756567484321e-05,10.359432801604271,80.70262610912323,8.36661730504451e-05,2.927250936627388,0.12021524767624214,-0.12500407453626394,0.6650905362330377,1.0
30670848,0.4398568326141685,1.6694874912500381,0.0017143835743809177,0.42421421548351645,2.9839424323290586,0.0038826628040169453,-0.0020643360900010066,0.8985451296903193,-0.8381511736661196,-0.09409320127451792,0.7057511266320944,-1.2761497357860208,0.7141400938853621,,,,,,,,,,,,,,,,,
30670848,,,,,,,,,,,,,,0.4405285797547549,1.6698916349560022,0.0017143835743809177,0.4265405151527375,3.073416020721197,0.0038826628040169453,3.645473785698414,63.47450092434883,7.30944573610337e-05,10.148901142179966,79.50998848676682,0.00010175157997327489,2.930453399196267,0.11949638213263825,-0.12501730187796056,0.5649036278482527,1.0
30801920,0.43616985925473273,1.7542473142966628,0.0015109482386606032,0.41909435600973666,2.9711808022111654,0.003689635390855983,-0.006371210351062473,0.9005568912252784,-0.7133401739411056,-0.09112726536113769,0.7320197154767811,-1.269428770057857,0.7313600555062294,,,,,,,,,,,,,,,,,
30801920,,,,,,,,,,,,,,0.436850524507463,1.80046293605119,0.0015109482386606032,0.4212843752466142,3.0522303450852633,0.003689635390855983,3.5786928236484528,57.00736856460571,6.407165235655654e-05,10.139463432133198,79.39880594611168,8.368967632499391e-05,2.9194102976471186,0.11818525387207046,-0.12500829459168017,0.7876428265590221,1.0
30932992,0.44405495491810143,1.8477906472980976,0.0015211645036288246,0.42654670658521354,3.026284595951438,0.003476106750440522,-0.008752530655328883,1.0099501204676926,-0.8644944289699197,-0.09032720274990425,0.782337958458811,-1.2706876737065613,0.7551096030510962,,,,,,,,,,,,,,,,,
30932992,,,,,,,,,,,,,,0.4448481975123286,1.9386758850887418,0.0015211645036288246,0.428823254769668,3.0979094486683607,0.003476106750440522,3.714911986142397,64.5497365295887,6.931648050861883e-05,10.244487568736076,79.30384230613708,8.422975221855644e-05,2.9109156653285027,0.1177951252902858,-0.12501345993950963,0.8354233358986676,1.0
31064064,0.43787699239328504,1.7840394154191017,0.0016945863399087102,0.42375800176523626,2.9973849803209305,0.003791477739923721,-0.0052742077765515205,1.0722854472696781,-0.8517064431216568,-0.10242827644106,0.7492486708797514,-1.2719034254550934,0.7569182035513222,,,,,,,,,,,,,,,,,
31064064,,,,,,,,,,,,,,0.43861886975355446,1.8202943885698915,0.0016945863399087102,0.4259865658823401,3.0921839084476233,0.003791477739923721,3.705282974988222,68.52941200137138,7.30144645681996e-05,10.338385470211506,79.80000853538513,8.562829348868206e-05,2.896390402689576,0.11493209283798933,-0.12500538979656994,0.7130817782599479,1.0
31195136,0.4422322122845799,1.719904387369752,0.0019126292879718676,0.4251752598211169,2.9828500654548407,0.0038933448361149203,-0.0017640861411649666,1.1109261577948928,-0.9591683950275183,-0.1075336174108088,0.7415933534502983,-1.283440166618675,0.7484124230686575,,,,,,,,,,,,,,,,,
31195136,,,,,,,,,,,,,,0.44299259316176176,1.7461762055754662,0.0019126292879718676,0.4276272486895323,3.080018972977996,0.0038933448361149203,3.737617552280426,71.81814661622047,6.390322692584327e-05,10.481301635503769,79.90020498633385,8.141199587474723e-05,2.905176466330886,0.11640863167122006,-0.12500854535028338,0.6007939078845084,1.0
31326208,0.44548175181262195,1.8458763910457492,0.0015355296370671567,0.4229766803327948,2.9979971647262573,0.004479228182844963,0.005875778207155236,1.1135048102587461,-0.8205435976851732,-0.11014822364086285,0.7455093013122678,-1.2847944009117782,0.7455469183623791,,,,,,,,,,,,,,,,,
31326208,,,,,,,,,,,,,,0.4462365279905498,1.9083095462992787,0.0015355296370671567,0.42536113504320383,3.071085650473833,0.004479228182844963,3.6006638649851084,69.49656981229782,5.968409822876275e-05,10.481366038322449,80.26927202939987,8.46074520244322e-05,2.8964469507336617,0.11353001755196601,-0.1250097374431789,0.7046607958618551,1.0
31457280,0.4500470671337098,1.929158446379006,0.0017875102688549305,0.4260021431837231,3.0300727616995573,0.004264133178367047,0.014147238547593588,1.2256456157192588,-0.8201646022498608,-0.11136953334789723,0.763200668618083,-1.249208168592304,0.7405499601736665,,,,,,,,,,,,,,,,,
31457280,,,,,,,,,,,,,,0.4508796378504485,2.016091650351882,0.0017875102688549305,0.4284503385424614,3.105882689356804,0.004264133178367047,3.84023361466825,74.19841006398201,6.491631483723781e-05,10.684114374220371,78.4147480726242,7.188616885422938e-05,2.9206698648631573,0.1144274600665085,-0.125009355135262,0.8285218391101807,1.0
31588352,0.44968750863336027,1.8279954129830003,0.002137414025810358,0.4250704424921423,3.000631036236882,0.00429157632515853,0.01988218120095553,1.1147086452692747,-0.8343714866787195,-0.11620135942939669,0.7626717607490718,-1.257162753958255,0.7694250256754458,,,,,,,,,,,,,,,,,
31588352,,,,,,,,,,,,,,0.450410436373204,1.8719616467133164,0.002137414025810358,0.4273571614176035,3.080132607370615,0.00429157632515853,3.7613707073032856,70.70928910374641,5.885408757839994e-05,10.7739177942276,78.72821128368378,7.783646085934848e-05,2.8920225258916616,0.11424545239424333,-0.12500788364559412,0.7320934454910457,1.0
31719424,0.437405607663095,1.85863845795393,0.001437506985780601,0.41805901448242366,3.046540914103389,0.0034127999724660185,0.02499715256271884,1.0888175386935472,-0.6259636338800192,-0.12905764568131417,0.7265583965927362,-1.2781964158639312,0.7312413109466434,,,,,,,,,,,,,,,,,
31719424,,,,,,,,,,,,,,0.48766074260045966,1.8160600467887988,0.004814174775019747,0.40491915314110466,3.0319963920951247,0.0031629933777345197,2.8553333813808464,64.94722376589898,5.654044114821619e-05,11.066680181495206,74.5118629477402,6.415685773889928e-05,2.9762559105832893,0.1054158820251721,-0.12476188097014485,0.6244928441627557,1.0
31850496,0.43866407801397145,1.8790564015507698,0.001504019008962132,0.419390692608431,3.0089140087366104,0.003728676866103342,0.024369546765228733,1.1293477308936417,-0.717304153367877,-0.12667392287403345,0.7570844097062945,-1.2783285398036242,0.7709896373562515,,,,,,,,,,,,,,,,,
31850496,,,,,,,,,,,,,,0.43946804478764534,1.9561879225075245,0.001504019008962132,0.421937916893512,3.106069017201662,0.003728676866103342,3.7705005388706923,70.45080038905144,6.281932917484578e-05,11.058464385569096,79.69601264595985,7.240063145408371e-05,2.8718338385224342,0.11135441070655361,-0.12500541168265045,0.9042042535729706,1.0
31981568,0.4352358130272478,1.8918327130377293,0.0017448115397655783,0.4213963763322681,3.107108224183321,0.003945801714962727,0.019320383020385634,1.1368849552236497,-0.8680448152590543,-0.11841521668247879,0.7466223840601742,-1.2579860505647957,0.7379517871886492,,,,,,,,,,,,,,,,,
31981568,,,,,,,,,,,,,,0.43605298455804586,1.9664114443585277,0.0017448115397655783,0.42384537402540445,3.1589737590402365,0.003945801714962727,3.776141742244363,72.70427617430687,6.149130646004863e-05,10.905656307935715,79.25042057037354,7.979383631617765e-05,2.8586934451013803,0.11262551631079987,-0.12501305434852839,0.7361719200853258,1.0
32112640,0.44123740564100444,1.7709794165566564,0.0015008716094371266,0.42691091005690396,3.055097633972764,0.0042686869869612565,0.0201390213551349,1.0478624948300421,-0.8507037865929306,-0.1088997864862904,0.7507514166645706,-1.268491710536182,0.7671126713976264,,,,,,,,,,,,,,,,,
32112640,,,,,,,,,,,,,,0.4419632761273533,1.8058253629133105,0.0015008716094371266,0.4292891074437648,3.153977794572711,0.0042686869869612565,3.914347929880023,68.51818406581879,6.680118307644811e-05,10.434225849807262,79.07601821422577,9.451599688592438e-05,2.8970683701336384,0.11568651214474812,-0.12501080753281713,0.6930671411100775,1.0
32243712,0.44392876396887004,1.810270125977695,0.0013918625651285765,0.4281056977342814,3.041614107787609,0.004189495733498916,0.014141462444968056,1.0818287855945528,-0.9059764805715531,-0.11272154853213578,0.7494151364080608,-1.2613299232907593,0.7225555598270148,,,,,,,,,,,,,,,,,
32243712,,,,,,,,,,,,,,0.44470899924635887,1.8600246347486973,0.0013918625651285765,0.4305021164473146,3.1298281084746122,0.004189495733498916,3.9102412071079016,69.51830360293388,6.361410353861174e-05,10.659456670284271,78.85403656959534,8.45986951474309e-05,2.8727780245244503,0.11595390108413994,-0.12501143338158727,0.7695474305655807,1.0
32374784,0.44676428916864097,1.7693905672058463,0.0012855046027198114,0.4260606188327074,3.005710233002901,0.004133903502406611,0.011215887806883984,1.1231785719282925,-0.8760886113159359,-0.11471776774851605,0.7207912909798324,-1.2663491372950375,0.7562624216079712,,,,,,,,,,,,,,,,,
32374784,,,,,,,,,,,,,,0.4475406534038484,1.8025777088478208,0.0012855046027198114,0.4285503423307091,3.102690387517214,0.004133903502406611,3.96780214458704,70.76843443512917,5.7352414513545114e-05,10.686395958065987,79.33239194750786,9.154749110185101e-05,2.8711652141064405,0.11458905506879091,-0.12501189368776977,0.6620975125115365,1.0
32505856,0.4427678582724184,1.7283908352255821,0.0016831005566473323,0.4254471119493246,3.0024259854108095,0.0040742775306625845,-0.002995520357629289,1.0100225559435785,-0.8611441971734166,-0.1129051044699736,0.7219089544378221,-1.2622941038571298,0.7629075238946825,,,,,,,,,,,,,,,,,
32505856,,,,,,,,,,,,,,0.44343072618357837,1.7296990817412734,0.0016831005566473323,0.42764347209595144,3.0694345235824585,0.0040742775306625845,3.720933463424444,66.20536828041077,5.256059503233601e-05,10.583104953169823,78.90009102225304,8.13414133324919e-05,2.864558259025216,0.11347299918998033,-0.12501037423498929,0.5603470606729388,1.0
32636928,0.44694360182620585,1.784651049412787,0.0017550155669141532,0.4305570472497493,3.0715915113687515,0.003984036466135876,-0.010188204199948814,0.977473174687475,-0.8854086822830141,-0.10702777066035196,0.7402028776705265,-1.2766450108028948,0.7459013708867133,,,,,,,,,,,,,,,,,
32636928,,,,,,,,,,,,,,0.44771406007930636,1.8253879649564624,0.0017550155669141532,0.4329728623852134,3.139936236664653,0.003984036466135876,3.877970587462187,67.3649670779705,5.540545121474061e-05,10.521134175360203,79.6146599650383,8.991264865421122e-05,2.856288665905595,0.11575167503906414,-0.12501211697235703,0.6885999985970557,1.0
32768000,0.44767966819927096,1.7437740303575993,0.001490919599177687,0.4349813119042665,3.046497154980898,0.004414673618157394,-0.015958270925693796,1.0631192391738296,-0.8146704942919314,-0.11741838132729754,0.7004401739686728,-1.2591743571683764,0.7289488879032433,,,,,,,,,,,,,,,,,
32768000,,,,,,,,,,,,,,0.44836304523050785,1.7621961012482643,0.001490919599177687,0.43728792178444564,3.122971210628748,0.004414673618157394,4.032988671213388,69.51087945699692,6.688587328529394e-05,10.911011509597301,78.4518932402134,8.469123372578657e-05,2.8505695536732674,0.1161558834137395,-0.125015860889107,0.7191196708008647,1.0
32899072,0.44077321351505816,1.8699292642995715,0.0021048630683253577,0.43358967709355056,3.0339935794472694,0.004231648668337584,-0.021407139938673936,1.085932482033968,-0.9815875133499503,-0.12257801386294886,0.7646228605881333,-1.2512461473233998,0.7216709235217422,,,,,,,,,,,,,,,,,
32899072,,,,,,,,,,,,,,0.44161604600958526,1.9353012600913644,0.0021048630683253577,0.4361011425498873,3.1206814534962177,0.004231648668337584,4.187837850302458,72.01727396249771,6.350133857679907e-05,10.881907813251019,78.65729016065598,8.009275927811643e-05,2.8553391713649035,0.11480859975563362,-0.12502119806595147,0.7528283335268497,1.0
33030144,0.44149777689017355,1.668086802586913,0.001982949959938196,0.4352255833800882,3.0891592111438513,0.004090617570454924,-0.023974779614945874,0.9866925091482699,-1.039168561808765,-0.1279591416241601,0.7542062471620739,-1.274951206985861,0.7340098237618804,,,,,,,,,,,,,,,,,
33030144,,,,,,,,,,,,,,0.44224950205534697,1.6703133843839169,0.001982949959938196,0.4376996657811105,3.184450350701809,0.004090617570454924,4.284325826913118,70.27229073643684,6.568039698429118e-05,11.26715013384819,79.80565080046654,7.055043980797038e-05,2.869259189814329,0.11676974751753733,-0.12501682480797172,0.604810734745115,1.0
33161216,0.4348734619561583,1.78083258215338,0.002082963075963562,0.43868637504056096,3.038193376734853,0.004082359041149175,-0.024216189900471363,0.98632494173944,-0.9492990565486252,-0.13271817687200382,0.761680640745908,-1.2821432445198298,0.7260677570011467,,,,,,,,,,,,,,,,,
33161216,,,,,,,,,,,,,,0.4356154634151608,1.8257786249741912,0.002082963075963562,0.4408436412923038,3.1301071010529995,0.004082359041149175,4.671214524656534,67.73623979091644,7.095592065242684e-05,11.406809598207474,79.87071615457535,8.763157365931917e-05,2.868789028376341,0.11986491392599419,-0.12501272652298212,0.7699756743386388,1.0
33292288,0.4361315565183759,1.8257331307977438,0.0021642393052161424,0.4370164966676384,3.0690687745809555,0.003957782061206672,-0.018407895004202146,1.0292497025802732,-0.9488874445669353,-0.1346324819023721,0.7394406832754612,-1.253124078270048,0.7100031399168074,,,,,,,,,,,,,,,,,
33292288,,,,,,,,,,,,,,0.436969930306077,1.8897797456011176,0.0021642393052161424,0.4394420459866524,3.1392733082175255,0.003957782061206672,4.677887447178364,72.0421336889267,6.107638687513628e-05,11.2556037530303,77.7718303501606,8.203066116418967e-05,2.8447772059589624,0.11890047771157697,-0.1250154108274728,0.72042778856121,1.0
33423360,0.433488825103268,1.8086318504065275,0.0019606354605343768,0.4305660433601588,3.166504157707095,0.004205598919270415,-0.017746867903042585,1.0827716146595776,-0.901078034657985,-0.13436781632481143,0.7317440989427269,-1.2585531589575112,0.7228914345614612,,,,,,,,,,,,,,,,,
33423360,,,,,,,,,,,,,,0.43439084431156516,1.875502915121615,0.0019606354605343768,0.4331215531565249,3.2590062133967876,0.004205598919270415,4.3637036718428135,71.68012991547585,6.705588745203883e-05,11.252377413213253,78.98754796385765,7.40738855489198e-05,2.8552987836301327,0.11715299577917904,-0.12501505273394287,0.8948414740152657,1.0
33554432,0.4268109598197043,1.818768272176385,0.0014692537224618718,0.42427200311794877,3.106006368994713,0.0036286977015151933,-0.014698661740112584,1.0339737660251558,-0.8435816462151706,-0.13837016880279407,0.745225119870156,-1.2626341353170574,0.7462584895547479,,,,,,,,,,,,,,,,,
33554432,,,,,,,,,,,,,,0.4275718724820763,1.884376859292388,0.0014692537224618718,0.4264864183496684,3.2148913461714983,0.0036286977015151933,4.060912882909179,67.05385053157806,6.677434106538982e-05,11.346209317445755,78.93817526102066,9.524456313769747e-05,2.854620359838009,0.11884829145856202,-0.12499730894342065,0.8015626077540219,1.0
33685504,0.43016745313070714,1.892531101591885,0.001694932903831159,0.4252796748187393,3.098576406016946,0.004243705955559562,-0.013728500860452186,1.070149829145521,-0.9435369404964149,-0.13086174899945036,0.7709779595024884,-1.2306434181518853,0.7403767579235137,,,,,,,,,,,,,,,,,
33685504,,,,,,,,,,,,,,0.43091012141667306,1.9933595983311534,0.001694932903831159,0.42724456754513085,3.1678301822394133,0.004243705955559562,3.952752187848091,72.64888387918472,7.180974088427661e-05,11.054903410375118,77.16860836744308,7.793307316417142e-05,2.849122453480959,0.11417453095782548,-0.12500208686105907,1.0240539233200252,1.0
33816576,0.4301550837699324,1.8934511803090572,0.0016095423576416579,0.41947870468720794,3.074809055775404,0.004080363911270979,-0.007204770579846809,1.0882279542274773,-0.7213787501677871,-0.1211553062312305,0.7350802780129015,-1.2472137678414583,0.7574022042099386,,,,,,,,,,,,,,,,,
33816576,,,,,,,,,,,,,,0.43089896673336625,1.947436765767634,0.0016095423576416579,0.42150847194716334,3.130792658776045,0.004080363911270979,3.6243487671017647,70.02893325686455,5.602793618230545e-05,10.799110136926174,77.29093658924103,8.315546414922048e-05,2.8782023545354605,0.11103718087542802,-0.12500569899566472,0.8857178105972707,1.0
33947648,0.4321652059443295,1.7984805153682828,0.0017085458025576372,0.42250417079776525,3.064749052748084,0.004179126252893184,-0.00459057892879855,1.0608744262717664,-0.7799975560046732,-0.11767012730706483,0.7333392458967865,-1.248908398207277,0.7461279963608831,,,,,,,,,,,,,,,,,
33947648,,,,,,,,,,,,,,0.4328391687013209,1.8138750065118074,0.0017085458025576372,0.42461040895432234,3.14750456251204,0.004179126252893184,3.6786876190453768,69.39335578680038,6.20609751833534e-05,10.835681140422821,77.4371126294136,7.339741766143604e-05,2.8775194343179464,0.11509153374936432,-0.12501370394602418,0.6476375721395016,1.0
34078720,0.4287493275478482,2.0132338935509324,0.0015428156316943387,0.42056600796058774,3.0720470305532217,0.0040614937324789935,-0.010315038072803873,1.0239143748767674,-0.7783614634536207,-0.11771108221728355,0.7957670539617538,-1.2617125064134598,0.7322267687413841,,,,,,,,,,,,,,,,,
34078720,,,,,,,,,,,,,,0.429609959712252,2.1111637987196445,0.0015428156316943387,0.4228651230223477,3.146085327491164,0.0040614937324789935,3.8616538271307945,67.2770285308361,6.790403257328492e-05,10.841973029077053,78.79158192873001,7.597841564010999e-05,2.88229638338089,0.11491617030696943,-0.12501454423181713,0.9079585575964302,1.0
34209792,0.4389584753662348,1.781067551113665,0.0015784140499590649,0.4253587208222598,3.068797504529357,0.003718229495916603,-0.009189477332256502,1.0403039851225913,-0.8745097788050771,-0.12376476754434407,0.7592141679488122,-1.2372657000087202,0.7484986921772361,,,,,,,,,,,,,,,,,
34209792,,,,,,,,,,,,,,0.43961793649941683,1.8014269024133682,0.0015784140499590649,0.4274978060275316,3.142877334728837,0.003718229495916603,3.679405454546213,69.8003865480423,6.827063869896399e-05,10.985912077128887,77.0656259059906,7.565170424017609e-05,2.8792665768414736,0.11472149897599593,-0.12500878958962858,0.6884843145962805,1.0
34340864,0.44249515188857913,1.7711119903251529,0.0018266765478074376,0.4248868585564196,3.0369714442640543,0.0035740254888878553,-0.017179787668283097,1.0278710159473121,-0.8741410081274807,-0.12668965943157673,0.7206513532437384,-1.2399619473144412,0.7647924313787371,,,,,,,,,,,,,,,,,
34340864,,,,,,,,,,,,,,0.5059296451284584,1.7574799179761524,0.00524093495966762,0.41666394878874524,3.0926788599421102,0.003042639350003657,3.0542963990557332,61.71511887798243,5.027441656012717e-05,10.798685607874166,73.47110541636147,6.541213493533095e-05,2.9338289687791503,0.10624589041122291,-0.12476626224815845,0.5803333744631115,1.0
34471936,0.43891016370616853,1.6956642987206578,0.0019497111022701574,0.437007148982957,3.1017385330051184,0.004672612441027013,-0.017843269837612752,1.0329453591257334,-0.9300590117927641,-0.1331293259281665,0.7205142150633037,-1.2618833929300308,0.7552993847057223,,,,,,,,,,,,,,,,,
34471936,,,,,,,,,,,,,,0.4396101471502334,1.7207742473110557,0.0019497111022701574,0.43927600095048547,3.1539515294134617,0.004672612441027013,4.075013622641563,70.46088716387749,6.399190545813838e-05,11.569481559097767,78.30649852752686,6.343547091192114e-05,2.8438502475619316,0.11692657938692719,-0.12501380522735417,0.6636070869863033,1.0
34603008,0.42816530843265355,1.8534251432865858,0.0017597047072399619,0.4253496734891087,3.0978788025677204,0.004465942788101529,-0.018692326164455153,0.9976113955490291,-1.0223453561775386,-0.1466614882228896,0.7635469706729054,-1.2500602207146585,0.7364188528154045,,,,,,,,,,,,,,,,,
34603008,,,,,,,,,,,,,,0.4289558962918818,1.9321159180253744,0.0017597047072399619,0.4274791453499347,3.1806121468544006,0.004465942788101529,4.098108751699328,69.34786155819893,6.399113289079494e-05,11.92066577076912,77.86948570609093,8.274402286501115e-05,2.852175608277321,0.11843333096476272,-0.1250092969276011,0.755803688429296,1.0
34734080,0.4224853019695729,1.8703454099595547,0.001892451977937526,0.4235401621554047,3.1173860859125853,0.004288701911718817,-0.022367302619386464,0.950877555180341,-0.9255632339045405,-0.15660962194669992,0.7619253406301141,-1.2655714717693627,0.7555070500820875,,,,,,,,,,,,,,,,,
34734080,,,,,,,,,,,,,,0.42323652072809637,1.9590569576248527,0.001892451977937526,0.42547903419472277,3.1616895589977503,0.004288701911718817,4.017778968438506,67.56801649928093,7.144875259879058e-05,12.24549601227045,78.55377611517906,8.229210183552382e-05,2.8751109689474106,0.11552143224980682,-0.1250032801181078,0.9180870736017823,1.0
34865152,0.43329920154064894,1.822055472061038,0.0018544268384630413,0.4225621768273413,3.1402346026152372,0.004040950577063995,-0.01566470776015194,0.9089719033800066,-0.9064203626476228,-0.14647663931827992,0.7224499117583036,-1.2651003184728324,0.760665601817891,,,,,,,,,,,,,,,,,
34865152,,,,,,,,,,,,,,0.4340190489310771,1.8632937148213387,0.0018544268384630413,0.42466476233676076,3.185438549146056,0.004040950577063995,3.6847163531929255,69.14351764321327,6.140149756284075e-05,11.947338357567787,78.3512145280838,7.435507325087576e-05,2.8533647917211056,0.11210168903926387,-0.1250172182917595,0.6055485280230641,1.0
34996224,0.41905195568688214,1.8028104025870562,0.0016493070538672328,0.417361396830529,3.2141717113554478,0.0038420994796979357,-0.016598448521108367,0.9607039825059474,-0.9809908838942647,-0.15253514458891004,0.7187484661117196,-1.273587136529386,0.7619759230874479,,,,,,,,,,,,,,,,,
34996224,,,,,,,,,,,,,,0.41974315815605223,1.8028104025870562,0.0016493070538672328,0.41953853657469153,3.273419827222824,0.0038420994796979357,3.6628424674272537,70.270711094141,6.676200704380797e-05,12.08454941958189,78.21604332327843,7.794347674572322e-05,2.8797709215432405,0.109762376639992,-0.1250057180877775,0.6518175080418587,1.0
35127296,0.4311796089168638,1.8447932060807943,0.0020137184017130494,0.4205374082084745,3.1750173158943653,0.004386286991120869,-0.011899596633156762,0.9141594376415014,-1.0816443101502955,-0.1436059430707246,0.7384970928542316,-1.2345417542383075,0.7135186325758696,,,,,,,,,,,,,,,,,
35127296,,,,,,,,,,,,,,0.431847931118682,1.9040756421163678,0.0020137184017130494,0.4224518006667495,3.228522229939699,0.004386286991120869,3.9572134260088205,72.38318929076195,6.422068205491627e-05,11.78435381501913,75.93639865517616,7.221548914770892e-05,2.862339159473777,0.11263480491470546,-0.12500758818350732,0.6935200861189514,1.0
35258368,0.4255768242292106,1.6837157234549522,0.0014642296761167017,0.4238902432844043,3.1673175618052483,0.003845894672394934,-0.01151034536815132,1.105841328855604,-0.967971870675683,-0.1351012404775247,0.7439888077788055,-1.2517233793623745,0.7224442209117115,,,,,,,,,,,,,,,,,
35258368,,,,,,,,,,,,,,0.42630474152974784,1.7054983554407954,0.0014642296761167017,0.4260241440497339,3.2381614055484533,0.003845894672394934,4.155223395675421,75.49369940161705,5.7691754320465805e-05,11.640809200704098,77.67385485768318,7.888428290241806e-05,2.8824388533830643,0.11432034289464355,-0.1359625100158155,0.6797465763520449,1.0
35389440,0.43691319413483143,1.7900960743427277,0.0020315739933209898,0.42345053795725107,3.068927623331547,0.004369578983641986,-0.00615532773994687,1.0593935051001608,-0.9259654670022428,-0.1260991547605954,0.7311367373913527,-1.2493982422165573,0.759179234970361,,,,,,,,,,,,,,,,,
35389440,,,,,,,,,,,,,,0.437544415704906,1.8116763327270746,0.0020315739933209898,0.42531657754443586,3.113168066367507,0.004369578983641986,3.8800799418240786,71.06017896533012,5.5587009225588346e-05,11.24553944170475,77.30546778440475,8.28646010715417e-05,2.8473588451743126,0.11274371348554268,-0.14303211006335914,0.5960276324767619,1.0
35520512,0.43623126833699644,1.8507416304200888,0.0022565317608496116,0.41862850449979305,3.1478180550038815,0.0041248155785069684,-0.006031290986811655,1.09570353012532,-0.8618680597282946,-0.12729869154281914,0.7262863619253039,-1.2296995213255286,0.7407690193504095,,,,,,,,,,,,,,,,,
35520512,,,,,,,,,,,,,,0.43684167694300413,1.8840145403519273,0.0022565317608496116,0.42038632999174297,3.204370342195034,0.0041248155785069684,3.7617006730288267,69.82861539721489,5.9310951980418025e-05,11.193971246480942,76.68245339393616,8.397103020202357e-05,2.875163922086358,0.11353357555344701,-0.1359285656362772,0.8386765129398555,1.0
35651584,0.43145001609809697,1.87954708840698,0.0021494406825013357,0.4222545917145908,3.0737565718591213,0.003676916082895332,-0.00809345092420699,1.0899014384485781,-0.8823059163987637,-0.12627088732551783,0.7732988120988011,-1.2662716330960393,0.7559041599743068,,,,,,,,,,,,,,,,,
35651584,,,,,,,,,,,,,,0.4323037948925048,1.9614870361983776,0.0021494406825013357,0.42466441239230335,3.1426441241055727,0.003676916082895332,3.921369142830372,71.6798503100872,7.089609817212406e-05,11.223478451371193,78.63791167736053,7.03930749530457e-05,2.881335476413369,0.11426867701811716,-0.1250173724256456,0.8400288654956967,1.0
35782656,0.43641722365282476,1.6984736658632755,0.002204937994974898,0.4236628618091345,3.066613821312785,0.004285806016014249,-0.0064658377114881205,1.0578904654830694,-0.9357985644601285,-0.12221219477942213,0.7155619352124631,-1.2619999153539538,0.7559056966565549,,,,,,,,,,,,,,,,,
35782656,,,,,,,,,,,,,,0.4370798752643168,1.6995171895250678,0.002204937994974898,0.42577657010406256,3.134785482659936,0.004285806016014249,3.9056988786906004,69.68848368525505,7.48923778006172e-05,10.982590936124325,78.51871284842491,7.3599394099233e-05,2.8800205662846565,0.11315229558385909,-0.12501923879608512,0.5948322813492268,1.0
35913728,0.43644546321593225,1.7223486034199595,0.002176829032805472,0.4258995740674436,3.0380559619516134,0.0046124206364766,-0.0015723657948001346,0.96876190463081,-0.9172726161777973,-0.12226846464909613,0.7392245950177312,-1.2648538956418633,0.7638615807518363,,,,,,,,,,,,,,,,,
35913728,,,,,,,,,,,,,,0.43706648889929056,1.7229892332106829,0.002176829032805472,0.4279717612080276,3.1016001030802727,0.0046124206364766,3.8409312088042498,65.91099280118942,7.167245153016921e-05,11.01353645324707,78.33992850780487,8.047891265361429e-05,2.874902807176113,0.11487930279690772,-0.1250105060171336,0.6098811156116426,1.0
36044800,0.4428368522785604,1.9504297729581594,0.0027564960198560584,0.4283627097029239,3.1072139870375395,0.004853779800214397,0.0023581458455055326,1.0959542482160032,-0.9421505178324878,-0.12079920095857233,0.7821474466472864,-1.2484820880927145,0.7633059730287641,,,,,,,,,,,,,,,,,
36044800,,,,,,,,,,,,,,0.4436358253005892,2.0599667485803366,0.0027564960198560584,0.43059800658375025,3.1828745882958174,0.004853779800214397,3.9460568986833096,73.72816359996796,6.340622582223787e-05,10.980546496808529,77.61684399843216,7.785917337865822e-05,2.8625192176550627,0.11480940552428365,-0.12500736978836358,0.8620968058239669,1.0
36175872,0.4340431932359934,1.8867023196071386,0.0025278368642034366,0.41951972246170044,3.083848165348172,0.0045279177998054365,0.001358480058328837,1.0868697897531092,-1.0312117580324411,-0.12811770476400852,0.7564788670279086,-1.2634987831115723,0.7725954751949757,,,,,,,,,,,,,,,,,
36175872,,,,,,,,,,,,,,0.43490824033506215,1.985600403510034,0.0025278368642034366,0.421881727874279,3.153013402596116,0.0045279177998054365,3.7975519374012947,74.28976479172707,6.143150534487773e-05,11.175434574484825,78.84195578098297,8.747023674438026e-05,2.8643100801855326,0.11595536465756595,-0.12501819501630962,0.9559454866684973,1.0
36306944,0.4315636476967484,1.8394145257771015,0.001985760135767123,0.41572190821170807,3.020009344443679,0.004057224129610404,-0.0008225063460258752,1.0452639102004468,-0.9916961062699556,-0.12421979050850496,0.7448269599117339,-1.2637023907154799,0.760716263204813,,,,,,,,,,,,,,,,,
36306944,,,,,,,,,,,,,,0.43228134885430336,1.8817313071340322,0.001985760135767123,0.41786867869086564,3.0797714293003082,0.004057224129610404,3.8228246085345745,71.63317543268204,5.690442494532544e-05,10.99524100869894,78.40203779935837,6.761145075517838e-05,2.8625626731663942,0.11459449911490083,-0.12501557334326208,0.7480793944559991,1.0
36438016,0.4377103594597429,1.8079966632649302,0.0021739517852665813,0.42095989687368274,3.0536940228194,0.004576053394202972,0.00247166462787618,1.0580198531970382,-0.9347351766191423,-0.11739959853002802,0.7312696133740246,-1.2517609843052924,0.7583488451782614,,,,,,,,,,,,,,,,,
36438016,,,,,,,,,,,,,,0.438440783880651,1.8698660787194967,0.0021739517852665813,0.4230927254538983,3.1337939985096455,0.004576053394202972,3.8538901451975107,70.90644970536232,6.470267350528261e-05,10.889814399182796,78.3781504034996,8.00716833615489e-05,2.855185253545642,0.1137893992708996,-0.12501323968172073,0.6479417814407498,1.0
36569088,0.4375400466378778,1.880145501345396,0.0021895274945791243,0.42636968404985964,3.0338594429194927,0.004080707588173027,-0.0029971581595589214,0.9966418012045324,-0.8831969364546239,-0.11918025673367083,0.764857220929116,-1.2760181757621467,0.7473269666079432,,,,,,,,,,,,,,,,,
36569088,,,,,,,,,,,,,,0.438298363937065,1.972960072569549,0.0021895274945791243,0.42852736660279334,3.1299672722816467,0.004080707588173027,3.8681056890636683,67.54854163527489,6.0564439205101905e-05,10.952067464590073,79.57942968606949,8.644752486830498e-05,2.867167018353939,0.1144002127693966,-0.1250129418913275,0.9314357414841652,1.0
36700160,0.44660545932129025,1.8075910629704595,0.0010962243784433667,0.42701172013767064,2.9936576690524817,0.0032883356243473827,-0.006390386780765311,1.0518694603815675,-1.1416035518050194,-0.10735375224612653,0.7429993003606796,-1.2755362233147025,0.7060498977079988,,,,,,,,,,,,,,,,,
36700160,,,,,,,,,,,,,,0.4474367839284241,1.868488946929574,0.0010962243784433667,0.4294728927779943,3.0836241245269775,0.0032883356243473827,4.018519764766097,73.98972818255424,6.162646574936481e-05,10.54203549027443,79.635477155447,7.800777254729496e-05,2.882519232109189,0.11507576983422041,-0.12501451466232538,0.8723346961196512,1.0
36831232,0.4447822952643037,1.7957024378702044,0.0015262261069892702,0.4322538401465863,3.0333811305463314,0.0031386288524117845,-0.012057629948685644,1.0827192598953843,-0.9182334882207215,-0.10445107059786096,0.7506051827222109,-1.2845170139335096,0.73685720609501,,,,,,,,,,,,,,,,,
36831232,,,,,,,,,,,,,,0.44560003001242876,1.8395067853853106,0.0015262261069892702,0.43473149789497256,3.1307299342006445,0.0031386288524117845,3.946617579087615,71.78576564788818,6.590303282205667e-05,10.502874702215195,79.91835370659828,8.069575400693196e-05,2.8554950430989265,0.11658527713734657,-0.12501025944948196,0.794515788089484,1.0
36962304,0.4489130584988743,1.8443849589675665,0.0018027614986522167,0.44012038642540574,3.0250854454934597,0.004116242708732898,-0.02643299310875591,1.03830483276397,-0.9579695402644575,-0.10391579993302003,0.7469978556036949,-1.284608259331435,0.7113481925334781,,,,,,,,,,,,,,,,,
36962304,,,,,,,,,,,,,,0.5184137868100261,1.7668019003088933,0.005260202923773797,0.42738454596487335,3.0785583985677683,0.00345240496761721,3.8131185893680484,64.93429963212147,5.7670279217730224e-05,10.18167458878513,74.66102726793433,6.439155584483166e-05,2.9391768703977745,0.1130515317872997,-0.12476953193096511,0.6884599649179054,1.0
37093376,0.43905282649211586,1.8206930235028267,0.0018492712002853295,0.44183027651160955,3.1564811300486326,0.003974083623688784,-0.02664217323763296,1.002941862680018,-1.0368178570643067,-0.11060159682529047,0.7330314218997955,-1.2731760665774345,0.6917398327495903,,,,,,,,,,,,,,,,,
37093376,,,,,,,,,,,,,,0.4400381310842931,1.9264453081414104,0.0018492712002853295,0.44457073602825403,3.235609920695424,0.003974083623688784,4.8647646233439445,72.36243796348572,6.742967166717406e-05,10.641177721321583,79.40960067510605,7.673418937370613e-05,2.857730494812131,0.11969121953006834,-0.12500712927430868,0.878868754953146,1.0
37224448,0.44215076859109104,1.855564977042377,0.0024756833827268565,0.43915099021978676,3.100148508325219,0.0041064945239668305,-0.0232299852068536,0.9646500339731574,-0.9422840778715909,-0.10186948458431289,0.7529876446351409,-1.2308032284490764,0.7288321962114424,,,,,,,,,,,,,,,,,
37224448,,,,,,,,,,,,,,0.4428969791624695,1.9421424735337496,0.0024756833827268565,0.44119834806770086,3.167112736031413,0.0041064945239668305,4.823128931224346,64.92076724767685,7.114739310987162e-05,10.432744488120079,77.11601117253304,8.439633674561797e-05,2.793347977101803,0.12023029127158225,-0.12501097843050957,0.9167042239569128,1.0
37355520,0.44477353780530393,1.8261144319549203,0.0021419190436517965,0.43596837716177106,3.025202974677086,0.004552998164399469,-0.015145248537010048,1.0045354617759585,-0.9300724198110402,-0.10906360863009468,0.7447811891324818,-1.277454661205411,0.6997874919325113,,,,,,,,,,,,,,,,,
37355520,,,,,,,,,,,,,,0.44557536812499166,1.899850895628333,0.0021419190436517965,0.4383736690506339,3.1325432173907757,0.004552998164399469,4.430494658648968,66.76293587684631,6.73125079717618e-05,10.64457831531763,79.85359188914299,8.53973083512205e-05,2.8364623244851828,0.11779725347878411,-0.12502003205008805,0.8765955790877342,1.0
37486592,0.44766767183318734,1.873645605519414,0.0025344193525143055,0.43565541971474886,3.0798654798418283,0.004462281222686215,-0.01573199062841013,1.028342988807708,-0.9340710290707648,-0.11332478240365162,0.7583052478730679,-1.2524198000319302,0.7507130587473512,,,,,,,,,,,,,,,,,
37486592,,,,,,,,,,,,,,0.4485406477469951,1.9680735785514116,0.0025344193525143055,0.4381572515703738,3.192838102579117,0.004462281222686215,4.440280273556709,70.34359115362167,6.903978413963507e-05,10.743879862129688,78.52230408787727,7.372030081942427e-05,2.8410150352865458,0.11651915387483314,-0.12501143431290984,1.0374993551522493,1.0
37617664,0.4489420976024121,1.943951859138906,0.002028616905590752,0.4286674663890153,3.0567732974886894,0.00406639714742596,-0.007439371808686701,1.028257013298571,-0.8851749515160918,-0.12006104656029493,0.7768158363178372,-1.281276713591069,0.726717603392899,,,,,,,,,,,,,,,,,
37617664,,,,,,,,,,,,,,0.4498056569136679,2.0433052321895957,0.002028616905590752,0.4310451273340732,3.1518197879195213,0.00406639714742596,4.0573759488761425,67.70801723003387,6.711680101956219e-05,11.006114058196545,80.35893923044205,8.922713167636154e-05,2.8278522919863462,0.11615972506115213,-0.12501518544740975,0.985791282961145,1.0
37748736,0.44675372121855617,2.0346084628254175,0.001870104237468695,0.42577831144444644,3.056626273319125,0.004327956730321603,-0.004330063887842073,1.0047812345437706,-0.9379243371076882,-0.1166772311553359,0.7946806699037552,-1.2627790211699903,0.75885094050318,,,,,,,,,,,,,,,,,
37748736,,,,,,,,,,,,,,0.4476009744685143,2.159405085258186,0.001870104237468695,0.42811870807781816,3.1576372999697924,0.004327956730321603,4.084157474339008,67.31286299228668,6.362187420938525e-05,10.824519790709019,79.23420068621635,6.989942658182369e-05,2.8857802096754313,0.1145927338511683,-0.12501426343806088,0.9892474762164056,1.0
37879808,0.44467790331691504,1.8044656850397587,0.0020151507171703997,0.42366417520679533,3.0177128948271275,0.004317336195526877,-0.00034477584949854645,1.0706875850446522,-0.7655482427217066,-0.1187989188474603,0.7382520213723183,-1.2441766010597348,0.773527042241767,,,,,,,,,,,,,,,,,
37879808,,,,,,,,,,,,,,0.44542028824798763,1.8511521583423018,0.0020151507171703997,0.42586961947381496,3.0968527011573315,0.004317336195526877,3.8863269798457623,67.75040581822395,6.222680919276691e-05,10.801796272397041,77.60983744263649,7.225494901053064e-05,2.8643199875950813,0.11474039772292599,-0.12500898586586118,0.8072588115464896,1.0
38010880,0.4464782017748803,1.707000165246427,0.0017589247720479761,0.4266736765857786,3.028314884752035,0.004044900953431352,0.0031791637771192427,1.0890534650534391,-0.8778667454607785,-0.12305909348651767,0.6902677360922098,-1.2671578372828662,0.7736109034158289,,,,,,,,,,,,,,,,,
38010880,,,,,,,,,,,,,,0.4471344305202365,1.7140820510685444,0.0017589247720479761,0.42871448560617864,3.09242388792336,0.004016555242287723,4.005225621163845,71.6819519996643,5.877839589674139e-05,11.073377452790737,78.7143922150135,7.614154564761222e-05,2.839422782883048,0.1144721464952454,-0.12501288135536015,0.6351001078728586,1.0
38141952,0.4493891685269773,1.824810665100813,0.0014889126105117612,0.4260190713685006,3.1063700504601,0.003994205349272306,0.0055436766479033395,1.0721737667918205,-0.8681801850907505,-0.12474866327829659,0.7241021511144936,-1.2629896132275462,0.7709962360095233,,,,,,,,,,,,,,,,,
38141952,,,,,,,,,,,,,,0.4500955699477345,1.8656106814742088,0.0014889126105117612,0.428189511410892,3.2028331868350506,0.003994205349272306,4.1713069919496775,71.05684328079224,6.583383031510959e-05,10.998528651893139,78.86726921796799,7.228712772289203e-05,2.8534784335643053,0.11294802039628848,-0.12500962265767157,0.7741786176338792,1.0
38273024,0.4484318569302559,1.7228214498609304,0.0015270094706920645,0.4310336969792843,3.004306197166443,0.003758168710191967,0.003170245634123603,1.0906071760691702,-1.0286781298927963,-0.12276035634567961,0.7346579930745065,-1.2483632853254676,0.7464523813687265,,,,,,,,,,,,,,,,,
38273024,,,,,,,,,,,,,,0.44915173668414354,1.7453033467754722,0.0015270094706920645,0.43320365250110626,3.0896723680198193,0.003758168710191967,4.228046866133809,72.12043651938438,6.415396352332792e-05,11.056605495512486,77.9210501909256,7.43374578114353e-05,2.869800094515085,0.11300500587094575,-0.12501265737228096,0.5683036700356752,1.0
38404096,0.44168099854141474,1.880779136903584,0.0018204677437552164,0.42614937224425375,3.0865161046385765,0.0035545868390727264,0.003441262219098462,1.0137858297675848,-0.9285502666607499,-0.13148799841292202,0.7643173183314502,-1.255252247210592,0.7651993124745786,,,,,,,,,,,,,,,,,
38404096,,,,,,,,,,,,,,0.44238751218654215,1.9362003933638334,0.0018204677437552164,0.42818968929350376,3.154453955590725,0.0035545868390727264,3.916424598544836,67.37533360719681,7.325707392802361e-05,11.289311654865742,78.46205416321754,7.875820570091285e-05,2.850015215575695,0.1120102841523476,-0.12501045828685164,0.7287954888306558,1.0
38535168,0.44626776105724275,1.7708315188065171,0.0021776223998131172,0.4263436137698591,3.0682648085057735,0.00408028641686542,0.004761589729469051,1.1652221675030887,-0.8909396026283503,-0.1252947959001176,0.7739207553677261,-1.2353181298822165,0.7480223719030619,,,,,,,,,,,,,,,,,
38535168,,,,,,,,,,,,,,0.4469467482995242,1.8138497099280357,0.0021776223998131172,0.42840279429219663,3.152262268587947,0.00408028641686542,4.0599479470402,72.17798206210136,5.621277101064415e-05,11.17232795804739,77.55366265773773,7.038045829155237e-05,2.8288644645363092,0.11240068665938452,-0.12501603621058166,0.7016732972115278,1.0
38666240,0.442728087073192,1.9793662438169122,0.0020825066626457556,0.4256138901691884,3.0471440106630325,0.004565545455761821,0.0024401878299293855,1.1053916816599667,-0.9048995594494045,-0.12950388411991298,0.7622177768498659,-1.2607542453333735,0.7503706575371325,,,,,,,,,,,,,,,,,
38666240,,,,,,,,,,,,,,0.44354007905349135,2.073990604840219,0.0020825066626457556,0.4278306611813605,3.112581040710211,0.004565545455761821,3.9378659073263407,71.62828403711319,5.173967502791754e-05,11.271446339786053,78.82245948910713,8.278508533976492e-05,2.8418125323951244,0.11153673904482275,-0.12500862497836351,0.899057112634182,1.0
38797312,0.44593234034255147,1.9083739975467324,0.0022791192416207195,0.4296988369897008,3.0953217279165983,0.004210405237245141,-0.0001709253852339998,1.0607055113650858,-0.8438690453767776,-0.12707914068596438,0.7639640877023339,-1.2615077756345272,0.7635679310187697,,,,,,,,,,,,,,,,,
38797312,,,,,,,,,,,,,,0.44672232028096914,1.9967930670827627,0.0022791192416207195,0.43182373768649995,3.1651988085359335,0.004210405237245141,4.027044169604778,68.3238016963005,6.276113424918961e-05,11.325744986534119,78.95326507091522,7.85369715379236e-05,2.8482134267687798,0.11361070675775409,-0.12500857072882354,0.8527234650682658,1.0
38928384,0.44911180809140205,1.8530472153797746,0.002122119606610795,0.43189173145219684,3.020274119451642,0.0044789323969780526,-0.006381835264733127,1.0846437774598598,-0.8914681528694928,-0.1178761989576742,0.7395429317839444,-1.253108496312052,0.7050732418429106,,,,,,,,,,,,,,,,,
38928384,,,,,,,,,,,,,,0.4498744164593518,1.915446505881846,0.002122119606610795,0.43411016557365656,3.116260042414069,0.0044789323969780526,4.086303796619177,69.56023269891739,5.3875921009360894e-05,11.096827387809753,78.1634960770607,6.374865255143192e-05,2.8471848983317614,0.11357462056912482,-0.12500905501656234,0.8425192299764603,1.0
39059456,0.44500811281614006,1.7966902162879705,0.0022445935755968094,0.43678323086351156,3.0935810580849648,0.004078749597510978,-0.014662035111541627,1.1177070122212172,-1.0743811815045774,-0.11678544012829661,0.7474175584502518,-1.2869442300871015,0.7725014600437135,,,,,,,,,,,,,,,,,
39059456,,,,,,,,,,,,,,0.44581234687939286,1.8340303814038634,0.0022445935755968094,0.43922621477395296,3.163012646138668,0.004078749597510978,4.482364051043987,73.65133544802666,5.817422484843959e-05,11.108529418706894,80.45729261636734,7.034990640364391e-05,2.8545572459697723,0.11509223078610376,-0.12502017407678068,0.6611973135732114,1.0
39190528,0.44516501808539033,1.8566064480692148,0.0022853102854583085,0.4379270535428077,3.1138528678566217,0.0043097538664369495,-0.020360452617751434,1.1395810483954847,-0.9509455501101911,-0.10672913445159793,0.7794966590590775,-1.2501013725996017,0.7649763566441834,,,,,,,,,,,,,,,,,
39190528,,,,,,,,,,,,,,0.4459882462397218,1.9195455545559525,0.0022853102854583085,0.4402083628810942,3.189513696357608,0.0043097538664369495,4.507005929946899,70.54502615332603,6.449792684262712e-05,10.819376833736897,78.64117521047592,7.673174141920036e-05,2.818518767133355,0.11590563133358955,-0.12500564148649573,0.7903049115557224,1.0
39321600,0.4374940686393529,1.855934570543468,0.001572572031591335,0.43473941530101,3.115409107878804,0.003906177000317257,-0.028117458685301244,1.0318043367005885,-1.081254887394607,-0.10691139416303486,0.7702172906138003,-1.2547102505341172,0.7251759958453476,,,,,,,,,,,,,,,,,
39321600,,,,,,,,,,,,,,0.438310288824141,1.8999243192374706,0.001572572031591335,0.43709605978801847,3.178747760131955,0.003906177000317257,4.664740081876516,74.27894651889801,6.833327895883201e-05,10.85786110162735,78.1813254058361,9.03639910369014e-05,2.829444970935583,0.1150976117933169,-0.12501830118708313,0.7518352973274887,1.0
39452672,0.4448284222744405,1.8766180919483304,0.0017580534076842014,0.4436394108925015,3.122014306485653,0.003894927822329919,-0.03023633470002096,0.9690758725628257,-1.1339061306789517,-0.10838385060196742,0.742609515786171,-1.2584668565541506,0.7393860509619117,,,,,,,,,,,,,,,,,
39452672,,,,,,,,,,,,,,0.4455579409841448,1.917302687652409,0.0017580534076842014,0.4458133645821363,3.2048892788589,0.003894927822329919,4.670497767627239,70.87528312206268,6.422533240080242e-05,11.095746472477913,78.42297968268394,8.468948878970206e-05,2.80921471118927,0.11788686813088134,-0.12500056740827858,0.8177358827088028,1.0
39583744,0.4504245789721608,1.826471233740449,0.0019748390355971424,0.4519960202742368,3.0891884062439203,0.004276272740298737,-0.04481575413956307,0.9403463127091527,-1.1027240925468504,-0.10561014135600999,0.7798773050308228,-1.2774068340659142,0.7272495641373098,,,,,,,,,,,,,,,,,
39583744,,,,,,,,,,,,,,0.5182159988052515,1.8966551785278751,0.004677239797937468,0.4411219973397632,3.1130084120275745,0.003614691500591008,4.232210562754484,66.9238450134577,5.926499729686554e-05,10.718491328476244,74.28956351106066,6.874856207226223e-05,2.9121066163103264,0.11262101933769657,-0.12476828573159425,0.7520335098526564,1.0
39714816,0.43716455064713955,1.778398472815752,0.0018569016749552247,0.452130293706432,3.1627759654074907,0.003954955704784879,-0.04751595624838956,0.9770584804937243,-1.079118391033262,-0.1232851452077739,0.7573770172894001,-1.2800681414082646,0.7148909573443234,,,,,,,,,,,,,,,,,
39714816,,,,,,,,,,,,,,0.43808902869932353,1.7963179759681225,0.0018569016749552247,0.45497724576853216,3.255432302132249,0.003954955704784879,5.683181252330542,73.35876661539078,6.804775700874899e-05,11.834068484604359,79.75089827179909,8.556878671517332e-05,2.8427975736558437,0.12096225487766787,-0.12500724871642888,0.6565540649462491,1.0
39845888,0.43786694621667266,1.826770662330091,0.0021624940187621178,0.44819083367474377,3.0928066466003656,0.0045489466274375445,-0.038193902422790416,1.0003119139000773,-1.0818586382083595,-0.11585318122524768,0.7924148212186992,-1.2789480835199356,0.729389869607985,,,,,,,,,,,,,,,,,
39845888,,,,,,,,,,,,,,0.43878718139603734,1.8999002072960138,0.0021624940187621178,0.4508859389461577,3.1789705082774162,0.0045489466274375445,5.375630833208561,74.37780538201332,7.511814165495068e-05,11.437478765845299,80.10513883829117,8.96411463776059e-05,2.8207870423793793,0.12080913805402815,-0.125006718095392,0.8810256237629801,1.0
39976960,0.44686849415302277,1.9232821613550186,0.00161730094714585,0.445851509924978,3.183586910367012,0.003572020300453005,-0.031097296305233613,0.998162919189781,-1.1245134873315692,-0.11365942994598299,0.7811292703263462,-1.2670999895781279,0.745284256990999,,,,,,,,,,,,,,,,,
39976960,,,,,,,,,,,,,,0.44778440054506063,2.023266258649528,0.00161730094714585,0.4483017330057919,3.262814858928323,0.003572020300453005,5.164558619260788,73.99294790625572,7.4706795068602e-05,11.313977725803852,79.05228996276855,8.640481908955833e-05,2.811884168535471,0.11801749636651948,-0.12499983794987202,0.8998045900370926,1.0
40108032,0.45279068290255964,1.8043805193156004,0.0014897195060257218,0.4473395620007068,3.0817158352583647,0.003450568490279693,-0.03179482863924932,0.9595192740671337,-1.0281431949697435,-0.1170576018630527,0.7417655871249735,-1.2651464426890016,0.748452065512538,,,,,,,,,,,,,,,,,
40108032,,,,,,,,,,,,,,0.4536000918596983,1.8368768505752087,0.0014897195060257218,0.4497615823056549,3.187217188999057,0.003450568490279693,4.8310110829770565,71.75170481204987,6.835828419227141e-05,11.428829185664654,78.57789918780327,6.412064812733043e-05,2.815599974244833,0.11801113263936713,-0.12500973721034825,0.8336172772105783,1.0
40239104,0.4580185869708657,1.8830628097057343,0.0006241197988856584,0.4426854846533388,3.0792972277849913,0.0018494415912755358,-0.021713140260544606,1.0447095446288586,-0.9542313618585467,-0.11645678611239418,0.742595172021538,-1.2700728513300419,0.7604436259716749,,,,,,,,,,,,,,,,,
40239104,,,,,,,,,,,,,,0.4588808717671782,1.9310711259022355,0.0006241197988856584,0.4452162948437035,3.1979852002114058,0.0018494415912755358,4.435757366940379,68.89791041612625,6.861995959139833e-05,11.38046046346426,79.41272196173668,7.531151904116573e-05,2.8163003623485565,0.11528987745987251,-0.12500177905894816,0.7704232293181121,1.0
40370176,0.4554604559671134,1.8074444849044085,0.0006142429733131394,0.44469629880040884,3.0931963082402945,0.001913457291720988,-0.021762839809525758,1.0272222277708352,-1.008776467293501,-0.12375369836809114,0.7469694982282817,-1.2551254476420581,0.7395743783563375,,,,,,,,,,,,,,,,,
40370176,,,,,,,,,,,,,,0.4562981575727463,1.8558965902775526,0.0006142429733131394,0.4472385859116912,3.1951187886297703,0.001913457291720988,4.326841812580824,71.33980891108513,6.912874726738849e-05,11.639916263520718,78.38256672024727,7.391600965767076e-05,2.835601659491658,0.1168843440245837,-0.12500918004661798,0.7718012805562466,1.0
40501248,0.45407886942848563,1.8486136654391885,0.0015962193692757864,0.4397491654381156,3.0568575393408537,0.0034578270897327457,-0.021427345942356624,1.058988731354475,-1.0149141680449247,-0.11662260384764522,0.7674099113792181,-1.258301296737045,0.7352623273618519,,,,,,,,,,,,,,,,,
40501248,,,,,,,,,,,,,,0.45486770127899945,1.8953913487493992,0.0015962193692757864,0.44216327904723585,3.1342281252145767,0.0034578270897327457,4.406496215611696,73.4241196513176,6.672736909085764e-05,11.247976645827293,78.37466979026794,9.171103207605835e-05,2.8420203793793917,0.11698624159907922,-0.125004424713552,0.8205785646568984,1.0
40632320,0.4539034536574036,2.0045794509351254,0.0020636077802009822,0.43620868190191686,3.0612762477248907,0.004612499222275801,-0.019595129757362884,1.1208149776794016,-0.8947799776215106,-0.11368123529246077,0.8001262433826923,-1.2671212470158935,0.735388251952827,,,,,,,,,,,,,,,,,
40632320,,,,,,,,,,,,,,0.45482538593932986,2.113317190669477,0.0020636077802009822,0.43877392797730863,3.1398282684385777,0.004612499222275801,4.179766777902842,72.62010705471039,6.482217396893905e-05,10.826121404767036,79.18441772460938,8.034369445897305e-05,2.812821013852954,0.11523783043958247,-0.12500869180075824,0.9795978961046785,1.0
40763392,0.4534034701064229,1.8280392857268453,0.0017210533130764816,0.4362573092803359,3.068520249798894,0.0038835095577951506,-0.013134297409123974,0.9938056608662009,-0.8587619573809206,-0.11360583530040458,0.7231878186576068,-1.2515375083312392,0.7494739186950028,,,,,,,,,,,,,,,,,
40763392,,,,,,,,,,,,,,0.45414867461659014,1.8673684354871511,0.0017210533130764816,0.4384014713577926,3.1397649571299553,0.0038835095577951506,4.114328935742378,65.50085982680321,6.503420447323549e-05,10.894917652010918,78.14446857571602,8.30855603022318e-05,2.8173368889838457,0.11473992688115686,-0.12500888132490218,0.7400125022977591,1.0
40894464,0.45820880914106965,1.8435236560180783,0.0026137185674315333,0.4324552370235324,3.0861676651984453,0.0042200776497338666,-0.007921694943433977,1.0374162658117712,-0.9537753537297249,-0.11754497449146584,0.7580328965559602,-1.2616829383186996,0.7452904032543302,,,,,,,,,,,,,,,,,
40894464,,,,,,,,,,,,,,0.4590199487283826,1.8846741952002048,0.0026137185674315333,0.4349741965997964,3.1865380983799696,0.0042200776497338666,3.9902701675891876,70.4737201333046,6.8555910010204e-05,10.972774162888527,78.76179325580597,7.093350506276463e-05,2.839196339249611,0.1126849360880442,-0.12500947155058384,0.684938034042716,1.0
41025536,0.45436888514086604,1.8100584605708718,0.0021514347903348607,0.4328009579330683,3.0200029760599136,0.004433174358155156,-0.002355434207743201,1.0664704772643745,-0.8979115509428084,-0.11488859448581934,0.7626789668574929,-1.2708252687007189,0.7684245444834232,,,,,,,,,,,,,,,,,
41025536,,,,,,,,,,,,,,0.4552114892285317,1.8749818466603756,0.0021514347903348607,0.43522064737044275,3.115655407309532,0.004433174358155156,3.944928979501128,69.17083406448364,5.638808284569308e-05,11.016132466495037,79.20383721590042,7.482201344788386e-05,2.819644670933485,0.1134434143314138,-0.12500361958518624,0.8974379568826407,1.0
41156608,0.45231936499476433,1.89320276863873,0.0021645274873662856,0.4271827742923051,3.0138063710182905,0.004322867040627898,-0.002398128043921588,1.0008248309604824,-0.9406922617927194,-0.11578255647327751,0.7599353147670627,-1.263119193725288,0.7454087352380157,,,,,,,,,,,,,,,,,
41156608,,,,,,,,,,,,,,0.45308755501173437,1.9812098369002342,0.0021645274873662856,0.4294361856300384,3.1146705131977797,0.004322867040627898,3.889501916244626,68.30406433343887,7.955390896252634e-05,10.947440341114998,78.74889463186264,8.83722566555889e-05,2.8354859557002783,0.1141734051052481,-0.12501230626367033,0.8762627134565264,1.0
41287680,0.4536465685814619,1.7524437522515655,0.0024786968747321225,0.43226254638284445,3.047339528799057,0.004750966178562521,0.003185829949870822,1.116314172744751,-0.889609070494771,-0.11480088258394971,0.7642535623162985,-1.2761780405417085,0.7250446097459644,,,,,,,,,,,,,,,,,
41287680,,,,,,,,,,,,,,0.4543980434536934,1.8025546250864863,0.0024786968747321225,0.43453260022215545,3.1422516088932753,0.004750966178562521,3.955868376418948,72.18400022387505,6.376404091490429e-05,10.99315482378006,79.24951362609863,9.423171552630505e-05,2.8555670008063316,0.11375112010864541,-0.12500516744330525,0.7643121180590242,1.0
41418752,0.45046607381664217,1.8082143245264888,0.002401469774213183,0.43018567212857306,3.034905519336462,0.00428454730536032,0.005141651982796702,1.1173536595888436,-0.9005195647478104,-0.11137397133279592,0.7268792702816427,-1.2691280907019973,0.7453534598462284,,,,,,,,,,,,,,,,,
41418752,,,,,,,,,,,,,,0.45126394694671035,1.847576037980616,0.002401469774213183,0.4327688084449619,3.145421139895916,0.00428454730536032,4.070140514522791,74.46597018837929,6.383722885594523e-05,10.778516672551632,79.31022492051125,8.478436645376064e-05,2.848489345982671,0.11575562809593976,-0.12500762240961194,0.6877174831461161,1.0
41549824,0.45130837662145495,1.8178760344162583,0.0021889676743285236,0.4304538492579013,2.995847711339593,0.004482000070311187,0.006580582814876834,1.1702680913731456,-0.9824893823824823,-0.1088872374384664,0.7561296303756535,-1.2616322743706405,0.7428025747649372,,,,,,,,,,,,,,,,,
41549824,,,,,,,,,,,,,,0.452092204708606,1.8890541857108474,0.0021889676743285236,0.432987526524812,3.1194407399743795,0.004482000070311187,4.15020433999598,74.3667297065258,6.265638294167264e-05,10.717171624302864,78.75610816478729,8.704057823871736e-05,2.8480619117617607,0.11489842215087265,-0.12500892858952284,0.8352660438977182,1.0
41680896,0.4504966016393155,1.6843411978334188,0.0019178706967295511,0.4253138927742839,2.9328075498342514,0.004455255723769369,0.006660467077381327,1.1085522146895528,-0.8908165101893246,-0.10052333038765937,0.7044336898252368,-1.2640904737636447,0.7314788494259119,,,,,,,,,,,,,,,,,
41680896,,,,,,,,,,,,,,0.4512037693057209,1.6858485341072083,0.0019178706967295511,0.4277026553172618,3.072898866608739,0.004455255723769369,3.9463239554315805,72.66646286845207,6.364964244243154e-05,10.373889058828354,78.3799584209919,8.530425441488632e-05,2.8462678603827953,0.11278987623518333,-0.12500686314888299,0.5667380171362311,1.0
41811968,0.45163788367062807,1.7886646687984467,0.002407620932217469,0.4291382203809917,3.1066265013068914,0.004508060540501901,0.01494341234501917,1.134164344985038,-0.7611405844800174,-0.08869529247749597,0.7566859521903098,-1.2440478103235364,0.7227915655821562,,,,,,,,,,,,,,,,,
41811968,,,,,,,,,,,,,,0.45236382563598454,1.8507648734375834,0.002407620932217469,0.43136844225227833,3.1872864607721567,0.004508060540501901,4.024065852165222,70.92694821953773,6.869363818218233e-05,10.188047267496586,77.70739021897316,9.153381931448212e-05,2.856156449764967,0.11512080417014658,-0.15638203965499997,0.7711320435628295,1.0
41943040,0.44267225568182766,1.6632417337968946,0.002105952767578856,0.4224012701306492,2.982482625171542,0.00488030093629277,0.01052186112428899,1.054561034310609,-0.8250168673694134,-0.09540752304019406,0.7038756567053497,-1.258195111528039,0.7243133313022554,,,,,,,,,,,,,,,,,
41943040,,,,,,,,,,,,,,0.44332305435091257,1.6634279200807214,0.002105952767578856,0.42463267501443624,3.094080124050379,0.00488030093629277,3.9156774915754795,67.46910855174065,6.430164362392077e-05,10.298250429332256,78.48898896574974,9.311091342012467e-05,2.873619208112359,0.11593902920139953,-0.12500191177241504,0.4923561839386821,1.0
42074112,0.44879329577088356,1.8239801656454802,0.0024350359436766666,0.4227823468390852,3.0234033837914467,0.004668897579449549,0.005020877146080238,1.0719135385006666,-0.7919882424175739,-0.09217331820400432,0.7366067073307931,-1.26638436736539,0.7172287898138165,,,,,,,,,,,,,,,,,
42074112,,,,,,,,,,,,,,0.44962145341560245,1.8970104390755296,0.0024350359436766666,0.4253448718227446,3.115359438583255,0.004668897579449549,3.8313685841858387,69.0346657037735,6.340768038981537e-05,10.311481088399887,78.75129669904709,7.918635924375472e-05,2.8720157593488693,0.11535640322836116,-0.12501039821654558,0.7768922708928585,1.0
42205184,0.470310011645779,1.7235360518097878,0.0021251837547424657,0.4334987865295261,3.0191752295941114,0.004144139789104884,-0.005319242802102053,0.9513392793014646,-0.834683233872056,-0.08221113280160353,0.725072642788291,-1.2581369946710765,0.7395311982836574,,,,,,,,,,,,,,,,,
42205184,,,,,,,,,,,,,,0.5216343559953104,1.723985969481698,0.005104876847822361,0.4092229743072965,3.059012515919216,0.003352272583974097,2.9289685788652746,60.91089640389455,5.136528859850654e-05,9.633237240276388,74.09749650977642,6.836422053775353e-05,2.943675201161798,0.1079372817942177,-0.12476612791329263,0.5056200635855097,1.0
42336256,0.46396054164506495,1.675406369380653,0.002970429000583863,0.43662509974092245,3.015204517170787,0.004553450942012205,-0.001356549213511471,1.046126076951623,-0.8764985506422818,-0.0889746451866813,0.7140299514867365,-1.2803042535670102,0.7463337881490588,,,,,,,,,,,,,,,,,
42336256,,,,,,,,,,,,,,0.46471288125030696,1.6843986865133047,0.002970429000583863,0.4392235781997442,3.124190991744399,0.004553450942012205,3.9791990127414465,69.84941780567169,6.380903858449471e-05,10.362843282520771,79.75118803977966,9.608355385726242e-05,2.8653266578912735,0.11431083868956193,-0.12501138588413596,0.6535699348896742,1.0
42467328,0.4616298615001142,1.9151372071355581,0.0019707277682528,0.4320904954802245,2.982037875801325,0.0035903039654385793,0.006320473605399002,1.1693242900073528,-0.7102076748851687,-0.09054633311461657,0.7551012807525694,-1.2416873890906572,0.7397279960568994,,,,,,,,,,,,,,,,,
42467328,,,,,,,,,,,,,,0.4622957606334239,1.976791836321354,0.0019707277682528,0.43405880429781973,3.0858875643461943,0.0035903039654385793,3.9286754336208105,73.08851200342178,6.601716772713928e-05,10.271955505013466,77.2028780579567,8.914960832331897e-05,2.857847461476922,0.11248713528038934,-0.1250075725838542,0.7320459303446114,1.0
42598400,0.4574019212741405,1.8474163236096501,0.002057495414874211,0.4233149094507098,3.037484511733055,0.0034004002031906566,0.010555705230217427,1.092172995209694,-0.8325544889084995,-0.08897295617498457,0.811399070546031,-1.2396609699353576,0.7242395812645555,,,,,,,,,,,,,,,,,
42598400,,,,,,,,,,,,,,0.4580722274258733,1.898661964572966,0.002057495414874211,0.42536530806683004,3.1331580709666014,0.0034004002031906566,3.826802982017398,68.20916384458542,7.601121167555291e-05,10.212090663611889,77.3252954185009,6.80876744594272e-05,2.863729225471616,0.11421936494298279,-0.125007804017514,0.7320116301998496,1.0
42729472,0.4548226660117507,1.7658714381977916,0.002161066535336431,0.4254885541740805,2.9778066854923964,0.00438726813320045,0.01588631155755138,1.0786419133655727,-0.7183396227192134,-0.08593762444797903,0.729093128349632,-1.2530202795751393,0.7427804712206125,,,,,,,,,,,,,,,,,
42729472,,,,,,,,,,,,,,0.4554493394680321,1.7756243608891964,0.002161066535336431,0.42761482717469335,3.106236856430769,0.00438726813320045,3.6092442143708467,66.50768092274666,5.9280559927210597e-05,10.036455690860748,78.93978640437126,8.141518861481956e-05,2.8763230592012405,0.11143097101012245,-0.12500328640453517,0.6233936639036983,1.0
42860544,0.451682994607836,1.8845807556062937,0.001888669849222424,0.4226133585907519,3.018450114876032,0.0037331483570142154,0.015547939561656676,1.1051318664103746,-0.7791866508778185,-0.09056694735772908,0.7830490004271269,-1.2537144026719034,0.7567170462571084,,,,,,,,,,,,,,,,,
42860544,,,,,,,,,,,,,,0.4525224941316992,1.971212967298925,0.001888669849222424,0.4249172799754888,3.1231984440237284,0.0037331483570142154,3.82325859926641,71.44709837436676,6.188348417612843e-05,10.327990971505642,78.52002164721489,8.997968265195277e-05,2.8550858721137047,0.11191062105353922,-0.1250055821146816,0.8610606098081917,1.0
42991616,0.45398786501027644,1.7566790618002415,0.0013265683822965002,0.42471209820359945,3.0296809431165457,0.00343568391667759,0.014643336049630307,1.1844787704758346,-0.8618239695206285,-0.09120417007943615,0.74229273525998,-1.2493510120548308,0.7128327479586005,,,,,,,,,,,,,,,,,
42991616,,,,,,,,,,,,,,0.4547098898328841,1.7788856783881783,0.0013265683822965002,0.42706776526756585,3.149868803098798,0.00343568391667759,4.1272963136434555,73.17654627561569,6.734141158704077e-05,10.259579077363014,78.33101090788841,7.72804817676942e-05,2.8696724716573954,0.11352914874441922,-0.12500869273208082,0.594330889172852,1.0
43122688,0.4584647349547595,1.8537414791062474,0.001720272800866951,0.4280898564029485,3.009565396234393,0.0035207156633987324,0.01282174466905417,1.0970984515734017,-0.9018001456279308,-0.0972855337895453,0.747932992875576,-1.2553903395310044,0.7633897340856493,,,,,,,,,,,,,,,,,
43122688,,,,,,,,,,,,,,0.45916014281101525,1.8983844798058271,0.001720272800866951,0.43032869417220354,3.118994301185012,0.0035207156633987324,4.070396825671196,71.84602117538452,6.616722766228378e-05,10.33474512398243,78.52347552776337,8.230702084333075e-05,2.855928299948573,0.11287695792270824,-0.12500803591683507,0.6751719240564853,1.0
43253760,0.46491731447167695,1.9327290914952755,0.0021066911026537127,0.43079435685649514,3.0799908600747585,0.004454586677184125,0.00814016809158602,1.1096872445195913,-0.8323038630187511,-0.10079938563285396,0.7779323253780603,-1.2335282349959016,0.7625687788240612,,,,,,,,,,,,,,,,,
43253760,,,,,,,,,,,,,,0.46563765802420676,2.014087088406086,0.0021066911026537127,0.4329010439105332,3.136616775766015,0.004454586677184125,3.895075883716345,70.25214585661888,5.901700389721043e-05,10.46570186316967,77.35819798707962,8.840755218075813e-05,2.857437739148736,0.11208480247296393,-0.12501446972601116,0.8506621336564422,1.0
43384832,0.46043839142657816,1.9684246284887195,0.002604704350233078,0.43404893134720623,3.0991693064570427,0.005112259692396037,0.0012156931076674482,1.0775212435983121,-0.8777233874425292,-0.10605305986246094,0.7635368583723903,-1.2696698945946991,0.7800068543292582,,,,,,,,,,,,,,,,,
43384832,,,,,,,,,,,,,,0.46124864532612264,2.0410964945331216,0.002604704350233078,0.4364262484014034,3.1875685676932335,0.005112259692396037,3.988246101886034,69.9192341864109,6.299724017155839e-05,10.634330846369267,79.72145295143127,7.763882728362148e-05,2.8402101416140795,0.11268895701505244,-0.12501641432754695,0.8546256236732006,1.0
43515904,0.4591200933791697,1.8395124422386289,0.0020372638822436784,0.4349233265966177,3.109636254608631,0.004288043198357627,-0.0014008552178381706,1.0468261442147195,-0.8126041297800839,-0.11010478541720659,0.740083681885153,-1.2628878951072693,0.7648594011552632,,,,,,,,,,,,,,,,,
43515904,,,,,,,,,,,,,,0.4598301611840725,1.8722568741068244,0.0020372638822436784,0.4372154441662133,3.1927846278995275,0.004288043198357627,3.9557845909148455,68.31034371256828,5.8793787854893864e-05,10.745551444590092,79.02776998281479,6.905234049714437e-05,2.860376324504614,0.11236499855294824,-0.1250083283521235,0.6736341326031834,1.0
43646976,0.4575534255709499,1.8552403626963496,0.00221884735265121,0.43078582221642137,3.088611889630556,0.00458673139360144,-0.004722957901797997,1.046572774183005,-0.940782553050667,-0.11459504067897797,0.750774571672082,-1.2599879540503025,0.781904648989439,,,,,,,,,,,,,,,,,
43646976,,,,,,,,,,,,,,0.45831451402045786,1.886645894497633,0.00221884735265121,0.43322118069045246,3.198289390653372,0.00458673139360144,3.9258324783295393,71.94196602702141,5.8636785228882715e-05,10.86052531003952,78.21071270108223,6.841282253239322e-05,2.8516142535954714,0.11230500100646168,-0.12500770133920014,0.7531597474589944,1.0
43778048,0.4491713650058955,1.7397071039304137,0.002351579911874069,0.43160307384096086,3.034929385408759,0.004203076300655084,-0.0036603232255458806,1.070514430757612,-0.8695804504677653,-0.11947661807062104,0.7095313230529428,-1.2729965755715966,0.7989139892160892,,,,,,,,,,,,,,,,,
43778048,,,,,,,,,,,,,,0.4498808844946325,1.7406321885064244,0.002351579911874069,0.4338437095284462,3.124123763293028,0.004203076300655084,4.048560194671154,71.26068937778473,7.112697559863435e-05,11.064517587423325,78.87932494282722,6.648231676864569e-05,2.847780756652355,0.11128671688493341,-0.12500740797258914,0.5097452842164785,1.0
43909120,0.4534932968672365,1.8035965971648693,0.0018633738161497604,0.428575778612867,3.080437257885933,0.0038421625658884295,-0.004706363892239551,0.9829733991064131,-0.9730468229390681,-0.11672660685144365,0.7393664070405066,-1.2566472622565925,0.7424988283310086,,,,,,,,,,,,,,,,,
43909120,,,,,,,,,,,,,,0.45424924488179386,1.8532218402251601,0.0018633738161497604,0.4307621489278972,3.15917625464499,0.0038421625658884295,3.960845310240984,71.56306356191635,5.586293888937277e-05,10.914352774620056,78.1923146545887,7.567800822178006e-05,2.834760431200266,0.11207579064648598,-0.12500789808109403,0.7485391101799905,1.0
44040192,0.4540915584657341,1.8679379550740123,0.001891871381189958,0.42828141315840185,3.0102880522608757,0.004057494943708662,-0.0025168858360302693,1.0329613373614848,-0.7802725858055055,-0.11435412632999942,0.7462197905406356,-1.264683099463582,0.7567327772267163,,,,,,,,,,,,,,,,,
44040192,,,,,,,,,,,,,,0.4548656758852303,1.9295784095302224,0.001891871381189958,0.43051733914762735,3.106600299477577,0.004057494943708662,3.835559468716383,67.202252805233,5.6369513826259876e-05,10.84077601134777,78.83495596051216,6.606069208292542e-05,2.8262548595666885,0.11337122338591143,-0.12500809435732663,0.8241554601117969,1.0
44171264,0.4561374909244478,1.9035067846998572,0.0022644407678171774,0.431527711218223,3.0429770033806562,0.00417616974482371,-0.00507009695979832,1.0961037306115031,-0.8270945847034454,-0.1162865033838898,0.767880501691252,-1.2357047623954713,0.781377544393763,,,,,,,,,,,,,,,,,
44171264,,,,,,,,,,,,,,0.45690695103257895,1.9734023278579116,0.0022644407678171774,0.43373689823783934,3.11875719204545,0.00417616974482371,3.9039538372308016,71.85827186703682,6.113992498617271e-05,10.916427157819271,77.39122965931892,7.745034824768737e-05,2.846739137545228,0.1112026511109434,-0.12500988086685538,0.8910902293864638,1.0
44302336,0.4561863692943007,1.8772885128855705,0.001668068054982541,0.43515212810598314,3.0473278127610683,0.0038075113211561984,-0.006465326541047034,1.047194052953273,-0.9115852345712483,-0.10886138130445033,0.7928261207416654,-1.2627180945128202,0.7496914523653686,,,,,,,,,,,,,,,,,
44302336,,,,,,,,,,,,,,0.456998395267874,1.9293652223423123,0.001668068054982541,0.43758070399053395,3.145734602585435,0.0038075113211561984,3.923273665830493,72.32394033670425,5.3887024385492616e-05,10.86451731622219,78.58980125188828,7.537142998104152e-05,2.8465358167886734,0.11267115158261731,-0.12501399754546583,0.8056754865683615,1.0
44433408,0.4556503682397306,1.8831820841878653,0.0018794133679875813,0.4356915245298296,3.0389751978218555,0.003266183118284971,-0.0058299259062550846,1.025786577258259,-0.9033342390321195,-0.10782965272665024,0.7708029570057988,-1.2444003275595605,0.7370654232800007,,,,,,,,,,,,,,,,,
44433408,,,,,,,,,,,,,,0.45645667379722,1.9709042916074395,0.0018794133679875813,0.43809384456835687,3.1358569599688053,0.003266183118284971,4.224484413862228,69.3202713727951,6.124677824842495e-05,10.656412422657013,77.61706107854843,7.317909943971301e-05,2.82447193749249,0.1142062948201783,-0.12501724669709802,0.8712167302146554,1.0
44564480,0.45506302500143647,1.81142642442137,0.002120923276834219,0.43999222153797746,3.1242494583129883,0.004282217684703937,-0.01408170411377796,1.1208445425145328,-0.9569880454801023,-0.1101553431362845,0.7487568133510649,-1.2739457739517093,0.7285708631388843,,,,,,,,,,,,,,,,,
44564480,,,,,,,,,,,,,,0.4558245127554983,1.8496047277003527,0.002120923276834219,0.4423900677356869,3.182774467393756,0.004282217684703937,4.617142237722874,71.29244765639305,6.390869936627117e-05,10.738049060106277,79.32524681091309,8.342215466150549e-05,2.844680603593588,0.11655958398478106,-0.1250158108305186,0.798677637707442,1.0
44695552,0.4579175589606166,1.7377384100109339,0.0020168073110653495,0.44874636526219547,3.096902897581458,0.004324271747009334,-0.019170909487002064,1.0725777419283986,-0.9160502324812114,-0.11117371043656021,0.7444349601864815,-1.282263156492263,0.7563069425523281,,,,,,,,,,,,,,,,,
44695552,,,,,,,,,,,,,,0.4588283358607441,1.7859084159135818,0.0020168073110653495,0.45147517952136695,3.1977110598236322,0.004324271747009334,4.795460797846317,74.23837304115295,7.74921064724749e-05,11.038533888757229,79.43310165405273,8.10886554738488e-05,2.849100612103939,0.11761475738603622,-0.12500951439142227,0.876014128793031,1.0
44826624,0.44574933242984116,1.8273757277056575,0.0017665283630776685,0.44164901156909764,3.084586538374424,0.003652673161468556,-0.025298825377831236,1.030215457547456,-0.95893274853006,-0.10636104631703347,0.7644109888933599,-1.245676042046398,0.7237305478192866,,,,,,,,,,,,,,,,,
44826624,,,,,,,,,,,,,,0.5126090822180351,1.7567035024424633,0.004707072552258956,0.4285634913403227,3.09395674699132,0.003347146108770022,4.093883365690736,65.68532031173089,5.5737458336993005e-05,10.476277754029837,73.84138805540391,6.913013614928152e-05,2.934388940233782,0.11429771564547421,-0.12476564860756857,0.6812158389443375,1.0
44957696,0.4414524894673377,1.7176151340827346,0.001973723799437721,0.44276890181936324,3.131354797631502,0.0037729585865236004,-0.023564710339996964,1.07272808579728,-0.9985346435569227,-0.11414927273290232,0.7231943481601775,-1.276799752842635,0.7055708905681968,,,,,,,,,,,,,,,,,
44957696,,,,,,,,,,,,,,0.4422883605584502,1.7448430554941297,0.001973723799437721,0.4453328982926905,3.1967286746948957,0.0037729585865236004,4.837952956557274,73.56791380047798,6.37759457888798e-05,10.797536998987198,79.36531853675842,0.00010610715940373439,2.8739218413829803,0.11972102854633704,-0.1250054424162954,0.7482899478636682,1.0
45088768,0.44652781425975263,1.7484562890604138,0.0019551621088567117,0.43771432852372527,3.0085430424660444,0.00405215374121326,-0.021249551267828792,1.0234114867635071,-1.0771443606354296,-0.11109259718796238,0.7476035067811608,-1.2601236458867788,0.7209715705830604,,,,,,,,,,,,,,,,,
45088768,,,,,,,,,,,,,,0.447346058441326,1.809888057410717,0.0019551621088567117,0.44007372413761914,3.110893752425909,0.00405215374121326,4.5205486714839935,73.8226706981659,7.03915909802677e-05,10.665843404829502,78.382075548172,7.9104634447269e-05,2.8119361232966185,0.11332337115891278,-0.12500216672196984,0.7221097107976675,1.0
45219840,0.45138425286859274,1.7977785374969244,0.001713603544317266,0.43568816781044006,3.0843319315463305,0.004034794268363839,-0.01576031412696466,1.0371322687715292,-0.9361501061357558,-0.11354814184596762,0.7325640670023859,-1.2815693342126906,0.759641541633755,,,,,,,,,,,,,,,,,
45219840,,,,,,,,,,,,,,0.4520278724376112,1.8328050393611193,0.001713603544317266,0.4377466239966452,3.1850326899439096,0.004034794268363839,4.186921525746584,71.9754156768322,6.92548954808192e-05,10.938265435397625,79.31150630116463,6.560559656199061e-05,2.803739555180073,0.1127757461508736,-0.12501217401586473,0.6917886771261692,1.0
45350912,0.45012823841534555,1.903350823558867,0.001430370349680743,0.43348935758695006,3.0857911743223667,0.003779583234063466,-0.012984474276890978,1.0115023874677718,-0.9806430414319038,-0.11443003651220351,0.7504744166508317,-1.262925023213029,0.7557848761789501,,,,,,,,,,,,,,,,,
45350912,,,,,,,,,,,,,,0.4508371241390705,1.9637382728978992,0.001430370349680743,0.4356257391627878,3.154587034136057,0.003779583234063466,4.11871912330389,71.07806992530823,7.168238622945466e-05,10.936300247907639,78.21099478006363,7.69113607217986e-05,2.8188704550266266,0.11367492313729599,-0.12500993954017758,0.7971360317897052,1.0
45481984,0.4567422321997583,1.8096365304663777,0.0016098103267268016,0.43455395963974297,3.017135329544544,0.003193177346020093,-0.007945701749122236,1.1121123735792935,-0.8282487890683115,-0.10497303254669532,0.7425633925013244,-1.2468754490837455,0.7557007698342204,,,,,,,,,,,,,,,,,
45481984,,,,,,,,,,,,,,0.45743569638580084,1.8472441602498293,0.0016098103267268016,0.43675824580714107,3.095018232241273,0.003193177346020093,4.207994565367699,73.15550604462624,6.803351785578116e-05,10.623838193714619,77.26913687586784,7.604477078509975e-05,2.7948803305625916,0.11222666845424101,-0.1250098820310086,0.7523149957414716,1.0
45613056,0.45746982633136213,1.8751956690102816,0.0016735436371391188,0.431104154093191,3.0507174097001553,0.0037875178891226824,-0.010025059969848371,1.0076832068152726,-0.9565762248821557,-0.10777429968584329,0.7465839451178908,-1.254253606311977,0.7395780482329428,,,,,,,,,,,,,,,,,
45613056,,,,,,,,,,,,,,0.4582278218585998,1.925439240410924,0.0016735436371391188,0.43326108367182314,3.1278162114322186,0.0037875178891226824,3.9582297261804342,71.88292521238327,6.89037677905624e-05,10.841723285615444,78.49754792451859,9.013362808407699e-05,2.8519265465438366,0.11454162461450323,-0.12501734448596835,0.750652247807011,1.0
45744128,0.4575402436312288,1.8929366236552596,0.0022403759501230525,0.43208908871747553,3.0000205356627703,0.004147512632243888,-0.009240354240318993,1.0579509427770972,-0.9115177683997899,-0.10866322077345103,0.8131457706913352,-1.2403933717869222,0.7504103328101337,,,,,,,,,,,,,,,,,
45744128,,,,,,,,,,,,,,0.45826433529146016,1.9459450971335173,0.0022403759501230525,0.43424854753538966,3.0950848311185837,0.004147512632243888,4.0548664927482605,70.4047378897667,5.823462495746501e-05,10.989899545907974,76.85926601290703,7.339034958134608e-05,2.86578575335443,0.11539665254531428,-0.12501494283787906,0.7763860835693777,1.0
45875200,0.4588439802173525,1.8835382517427206,0.001933064754211955,0.43653888907283545,3.024968735873699,0.004443676325081469,-0.010448592745888163,0.9685225621797144,-0.9366700649261475,-0.10173720709281042,0.7576150679960847,-1.2666420512832701,0.7399335196241736,,,,,,,,,,,,,,,,,
45875200,,,,,,,,,,,,,,0.4595752286259085,1.9399313190951943,0.001933064754211955,0.4387754909694195,3.096844967454672,0.004443676325081469,4.091262400150299,70.99921119213104,7.218082888638122e-05,10.717343010008335,78.89521917700768,8.716692803378834e-05,2.828806448727846,0.11335277010221034,-0.12501136912032962,0.7788411455694586,1.0
46006272,0.4596679266542196,1.8800901090726256,0.0019653398525179,0.4334355937317014,3.0397586300969124,0.004143513087910833,-0.015421002332004718,1.0633171363733709,-0.8746459395624697,-0.09324448136612773,0.7790751028805971,-1.2664174786768854,0.7407963369041681,,,,,,,,,,,,,,,,,
46006272,,,,,,,,,,,,,,0.4604039716068655,1.9392968295142055,0.0019653398525179,0.43569287401624024,3.119286259636283,0.004143513087910833,4.082827938720584,72.21761864423752,5.942222115162821e-05,10.476830065250397,78.9674063026905,7.173455038422816e-05,2.8392490185797215,0.11485812399769202,-0.12501252768561244,0.9156089616008103,1.0
46137344,0.4519980321638286,1.843817857094109,0.0019567434367218084,0.4326965843793005,2.962397014722228,0.0034016746217275795,-0.015251701734086964,1.0543286511674523,-0.8407706120051444,-0.09798997238976881,0.7732461132109165,-1.2655060477554798,0.7394877776969224,,,,,,,,,,,,,,,,,
46137344,,,,,,,,,,,,,,0.4527690885588527,1.9008570984005928,0.0019567434367218084,0.4350171643309295,3.063898818567395,0.0034016746217275795,4.107783704996109,69.73028886318207,6.130723031505525e-05,10.598379522562027,79.02674743533134,7.906601070528652e-05,2.8718553241342306,0.11429269530344754,-0.1250076077412814,0.7904694154858589,1.0
46268416,0.45208239322528243,1.7437315294519067,0.002472011441568611,0.436239413684234,3.06720863096416,0.004456891088011616,-0.018641549308085814,1.0461929105222225,-0.9049587813206017,-0.09293279575649649,0.7439698567613959,-1.2574437810108066,0.7321649270597845,,,,,,,,,,,,,,,,,
46268416,,,,,,,,,,,,,,0.4527657153084874,1.7776981433853507,0.002472011441568611,0.43851019185967743,3.1550332121551037,0.004456891088011616,4.165548380464315,69.51150971651077,6.534298823712703e-05,10.683855913579464,78.58886450529099,0.00010678582437417816,2.852312810719013,0.11839329823851585,-0.12501253793016076,0.6674093534238636,1.0
46399488,0.45007677283138037,1.8196151880547404,0.0020846449353939533,0.4368672128766775,3.0628606621176004,0.003987625830632169,-0.02175501333840657,0.969590452965349,-0.9364222004078329,-0.0866936199599877,0.7570810858160257,-1.2656694944016635,0.7333161630667746,,,,,,,,,,,,,,,,,
46399488,,,,,,,,,,,,,,0.45083637489005923,1.8695663381367922,0.0020846449353939533,0.43914952385239303,3.159908400848508,0.003987625830632169,4.430554382503033,71.567745834589,6.987971398286774e-05,10.502096623182297,78.66966515779495,8.554975291197309e-05,2.8546141013503075,0.11907716328278184,-0.12500236905179918,0.8048741300590336,1.0
46530560,0.4488424281589687,1.8930735727772117,0.0020956687926627637,0.43699453794397414,3.068891651928425,0.003674830664294859,-0.020915865112328902,0.9444418749772012,-0.9446385828778148,-0.085466226155404,0.7638324508443475,-1.2801228882744908,0.7446018364280462,,,,,,,,,,,,,,,,,
46530560,,,,,,,,,,,,,,0.44965383247472346,1.955160335637629,0.0020956687926627637,0.4394755931571126,3.1659872084856033,0.003674830664294859,4.328559830784798,68.07675692439079,7.60094553865498e-05,10.584458351135254,80.14635020494461,7.887828629338234e-05,2.8471410013735294,0.12009362812386826,-0.12500450713559985,0.8161104954779148,1.0
46661632,0.45267772814258933,1.832658190280199,0.0019259961975421902,0.44112536776810884,3.032492669299245,0.004030218998195778,-0.012640212426049402,1.0085041020065546,-0.9847337622195482,-0.08674840227467939,0.7587074828334153,-1.2644235347397625,0.7298275358043611,,,,,,,,,,,,,,,,,
46661632,,,,,,,,,,,,,,0.4535036329180002,1.8688551764935255,0.0019259961975421902,0.4438000109512359,3.1344047766178846,0.004030218998195778,4.247396104037762,73.3005990087986,6.498001499410933e-05,10.37415562570095,78.88832491636276,8.127406543789739e-05,2.8620830569416285,0.11919474671594799,-0.1250150662381202,0.642670038389042,1.0
46792704,0.45552604529075325,1.79119308385998,0.0017780855702085319,0.4357061998452991,3.0282826088368893,0.003665343556804146,-0.008732116968531045,0.9010463110171258,-0.8600800014100969,-0.08125151024432853,0.750931350979954,-1.2637393288314342,0.7287226272746921,,,,,,,,,,,,,,,,,
46792704,,,,,,,,,,,,,,0.4562600674107671,1.8290032530203462,0.0017780855702085319,0.43794611701741815,3.131387796252966,0.003665343556804146,4.051108656451106,64.28224295377731,6.664271112197251e-05,10.188173472881317,78.64159563183784,6.679102305914841e-05,2.8320734221488237,0.11810954083921388,-0.12501479592174292,0.7350641977973282,1.0
46923776,0.4502774612046778,1.70024124532938,0.0022063113760850683,0.4342271136119962,2.986696368083358,0.003861808071633277,0.00012067536374615884,1.1227264972403646,-0.8393028338905424,-0.08179759664926678,0.719459236599505,-1.245091516058892,0.7387938946485519,,,,,,,,,,,,,,,,,
46923776,,,,,,,,,,,,,,0.4510130896233022,1.701553183607757,0.0022063113760850683,0.4365973595995456,3.083733517676592,0.003861808071633277,4.138085639104247,70.94821363687515,5.65954287714554e-05,10.128784142434597,77.79374670982361,8.560271497359828e-05,2.85982565023005,0.11831021122634411,-0.12500714138150215,0.5020185967441648,1.0
47054848,0.4484977079555392,1.884360397234559,0.00192648840959464,0.4270814568735659,3.0611782278865576,0.0037938611922072596,0.0013030807042326842,1.0838587046600878,-0.8130030799657106,-0.07837752159684896,0.7700208905152977,-1.2632254948839545,0.7218052237294614,,,,,,,,,,,,,,,,,
47054848,,,,,,,,,,,,,,0.4492720456328243,1.9629297694191337,0.00192648840959464,0.42938668513670564,3.142916763201356,0.0037938611922072596,3.8788511361926794,70.4222384095192,6.429054489309749e-05,9.92314013838768,79.03411483764648,9.361639735605554e-05,2.8643104005604982,0.11620190902613103,-0.1250081539619714,0.9328692797571421,1.0
47185920,0.44751168694347143,1.8325656335800886,0.0019735144464902987,0.4283266570419073,2.9924778528511524,0.004287241562224153,0.009213753280846504,1.0339615908451378,-0.8298511705361307,-0.07189563859719783,0.7748030852526426,-1.2299840850755572,0.7276142900809646,,,,,,,,,,,,,,,,,
47185920,,,,,,,,,,,,,,0.44815698149614036,1.8852819567546248,0.0019735144464902987,0.4302671554032713,3.0706064458936453,0.004287241562224153,4.252640973776579,66.72856226563454,7.664243176752628e-05,9.862987414002419,76.49662697315216,8.620915410695318e-05,2.854713201522827,0.11584662250243127,-0.1250100762117654,0.8678594827651978,1.0
47316992,0.44880378153175116,1.8311035837978125,0.001266379264279749,0.42720379843376577,3.0364892408251762,0.003663615635559836,0.003679394367225086,1.0274985963478684,-0.8767357254400849,-0.08228026382857934,0.7624349505640566,-1.2152221528813243,0.747111049015075,,,,,,,,,,,,,,,,,
47316992,,,,,,,,,,,,,,0.44952057721093297,1.8765794858336449,0.001266379264279749,0.42935440107248724,3.1077368315309286,0.003663615635559836,4.15350017696619,68.1482403576374,6.734955579590363e-05,10.00416174530983,75.48474752902985,7.982177490628573e-05,2.855659566819668,0.1150367489317432,-0.12500914465636015,0.782738710520789,1.0
47448064,0.451259333640337,1.7755910735577345,0.0013033060852194467,0.4214654229581356,3.0368701964616776,0.0039986478732316755,-0.0009419921054529823,1.0979903182014823,-0.9165498658549041,-0.09082218975527212,0.7363764904439449,-1.239726678468287,0.7555825940798968,,,,,,,,,,,,,,,,,
47448064,,,,,,,,,,,,,,0.5123242812837103,1.7337590838412205,0.005183876146108001,0.40595638593209976,3.0436556756002715,0.003260687307845794,2.9332049524079142,62.81061566982373,5.435415349430973e-05,9.8284741661747,73.30914372567042,6.523949441374964e-05,2.94706276956811,0.10524080556968833,-0.12477260448756707,0.5610863840633846,1.0
47579136,0.45275641162879765,1.717538139782846,0.0013569534463613309,0.42731098528020084,3.0499326419085264,0.0038093253783699765,0.0034501775918442945,1.0289225736632943,-0.8904730235226452,-0.09557884593959898,0.7432386623695493,-1.2598360385745764,0.7475572070106864,,,,,,,,,,,,,,,,,
47579136,,,,,,,,,,,,,,0.4533469749148935,1.7347214687615633,0.0013569534463613309,0.4293007592204958,3.1400677133351564,0.0038093253783699765,3.843585254624486,72.35077846050262,7.181952451934537e-05,10.451391331851482,78.27726849913597,7.353877896143501e-05,2.8578466959297657,0.11096971784718335,-0.1250163319054991,0.5856227611657232,1.0
47710208,0.44836982572451234,1.8566548135131598,0.0018929619061509584,0.4294741761405021,3.019841803237796,0.0037721299941040343,0.003151345321100507,1.1349998600780964,-0.840866768732667,-0.10453841369599104,0.7673750086687505,-1.2511988515034318,0.731567619368434,,,,,,,,,,,,,,,,,
47710208,,,,,,,,,,,,,,0.4491319789085537,1.9276777217164636,0.0018929619061509584,0.4317749938927591,3.1231772620230913,0.0037721299941040343,4.13779847510159,73.04078170657158,7.160160210750721e-05,10.566187873482704,77.65526178479195,8.280378966807334e-05,2.857094593346119,0.11335252347635105,-0.12501622829586267,0.8280990985222161,1.0
47841280,0.4478100191336125,1.7982766004279256,0.0014504773770909196,0.4363673157058656,3.0292794723063707,0.0036538488634505484,-0.008362727211743248,1.0283132144249976,-0.9824722944758832,-0.10543117229826748,0.7572462554089725,-1.2527666175737977,0.7287392844446003,,,,,,,,,,,,,,,,,
47841280,,,,,,,,,,,,,,0.44850939488969743,1.8514276035130024,0.0014504773770909196,0.4384567132219672,3.1116257775574923,0.0036538488634505484,4.154705191031098,70.84427508711815,6.202473028338318e-05,10.756728984415531,77.97406169772148,7.931491144397285e-05,2.8457908891141415,0.11577235872391611,-0.1250054391566664,0.7103937221691012,1.0
47972352,0.4538943551015109,1.9716113414615393,0.00211064172776787,0.43737943656742573,3.060043117031455,0.00398710541685432,-0.013992250736919232,1.0125724067911506,-0.9128869418054819,-0.10524184670066461,0.7763699078932405,-1.257146533112973,0.7495449739508331,,,,,,,,,,,,,,,,,
47972352,,,,,,,,,,,,,,0.45468789362348616,2.079376470297575,0.00211064172776787,0.4395391547586769,3.124527582898736,0.00398710541685432,4.267565885558724,68.2760057747364,6.0348043797286977e-05,10.54490626603365,78.68654814362526,8.132861067089436e-05,2.8701737448573112,0.11537508410401642,-0.1250189198181033,0.9039925390388817,1.0
48103424,0.4509438523091376,1.8276559710502625,0.002076123199913127,0.44286698452197015,3.0177630707621574,0.00406969095547538,-0.017293992372287903,1.0440628821961582,-1.0134052569046617,-0.111616394482553,0.7413585321046412,-1.2688735746778548,0.7435875008814037,,,,,,,,,,,,,,,,,
48103424,,,,,,,,,,,,,,0.45172812789678574,1.8977187955752015,0.002076123199913127,0.4451860946137458,3.097321817651391,0.00406969095547538,4.698029611259699,72.77710065245628,6.645616700051704e-05,10.82792915403843,79.4130517244339,7.866638438525086e-05,2.870265956968069,0.11812079645460472,-0.1250119968317449,0.884752441663295,1.0
48234496,0.4447173827793449,1.8581007029861212,0.0015230603012241772,0.44227209966629744,3.1150679346174,0.003744548802387726,-0.013855925793905044,1.0446633039973676,-0.9683162989094853,-0.11059454415226355,0.793156567029655,-1.25803741812706,0.7390456674620509,,,,,,,,,,,,,,,,,
48234496,,,,,,,,,,,,,,0.4455937724560499,1.9670839235186577,0.0015230603012241772,0.4447732591070235,3.1857324596494436,0.003744548802387726,4.890119086951017,70.89256790280342,5.988346239538256e-05,10.668535053730011,78.45882976055145,8.899537734308183e-05,2.867112684994936,0.11768648365978152,-0.1250127526000142,0.9812928163446486,1.0
48365568,0.4453532160259783,1.7038980657234788,0.0012166839887868264,0.43538711103610694,3.053411729633808,0.0032499309763807105,-0.018053752108244225,1.0704365139827132,-1.04396777972579,-0.11400327051524073,0.7445628261193633,-1.2736778603866696,0.7397373076528311,,,,,,,,,,,,,,,,,
48365568,,,,,,,,,,,,,,0.44606906548142433,1.7277803495526314,0.0012166839887868264,0.4376968778669834,3.139789655804634,0.0032499309763807105,4.6236693151295185,71.21596923470497,5.905315737186889e-05,10.82283367216587,79.5193392932415,7.198543238917665e-05,2.8505618534982204,0.11641315376618877,-0.12501803529448807,0.6741828052327037,1.0
48496640,0.4436517767608166,1.7184962071478367,0.0015076742066639781,0.43478030781261623,3.021831948310137,0.0037437342425619136,-0.018325831835682038,1.0183599959127605,-0.96822828380391,-0.11569108912954107,0.7390418006107211,-1.2416305453516543,0.7219269957859069,,,,,,,,,,,,,,,,,
48496640,,,,,,,,,,,,,,0.44439639430493116,1.7371455077081919,0.0015076742066639781,0.4371049194596708,3.0980247855186462,0.0037437342425619136,4.515811301767826,69.68159475922585,6.015030645833974e-05,10.849007077515125,77.2574580013752,8.025500422137455e-05,2.8387576173990965,0.11400658020284027,-0.1250090936664492,0.6122357374988496,1.0
48627712,0.4463434792123735,1.6829775972291827,0.0017345149941547788,0.4283172977156937,3.111409878358245,0.003821171629624587,-0.009840479557169601,0.9515969790518284,-0.921969136223197,-0.10929634119383991,0.7194324685260653,-1.2638758243992925,0.7425864427350461,,,,,,,,,,,,,,,,,
48627712,,,,,,,,,,,,,,0.44704085122793913,1.6996258525177836,0.0017345149941547788,0.43042791495099664,3.1911198794841766,0.003821171629624587,4.180982863530517,66.37256854772568,5.704424101959926e-05,10.438138127326965,78.59521290659904,6.985898366496102e-05,2.842889938503504,0.11320417455863208,-0.12502045277506113,0.6471894287969917,1.0
48758784,0.45041998173110187,1.774678124114871,0.001636129407415865,0.4295810831245035,3.0408383663743734,0.003881710072619171,-0.004118301861154805,1.050220771227032,-0.9197541289031506,-0.11017716018250212,0.7649349919520319,-1.2443876382894814,0.7417626162059605,,,,,,,,,,,,,,,,,
48758784,,,,,,,,,,,,,,0.4511316765565425,1.813252868130803,0.001636129407415865,0.4318105906713754,3.1403209548443556,0.003881710072619171,4.2453787419945,69.33579087257385,5.732326158702783e-05,10.62883885204792,77.58455455303192,7.742158594137294e-05,2.8392231334000826,0.11470057029509917,-0.12501708301715553,0.7668061498552561,1.0
48889856,0.44433274515904486,1.8257906921207905,0.0019479375087030348,0.4283286153804511,3.073921898379922,0.004147811375560195,-0.009201509517879458,1.041877611540258,-0.9193735891021788,-0.10589109500870109,0.7613260513171554,-1.2788638193160295,0.7191910026594996,,,,,,,,,,,,,,,,,
48889856,,,,,,,,,,,,,,0.4451817686203867,1.881491320207715,0.0019479375087030348,0.4308512848801911,3.173120805993676,0.004147811375560195,4.238973315805197,70.78853249549866,6.658233307099692e-05,10.511696137487888,79.42987376451492,7.142686644201479e-05,2.8603566717356443,0.11506209830986336,-0.12501458637416363,0.7269825779367238,1.0
49020928,0.45163750811479986,1.7983032669872046,0.0014314392899450468,0.42856070259585977,3.0169921163469553,0.003363377058349215,0.0033148536789440186,1.1498908810317516,-0.8875662554055452,-0.094235370750539,0.7562792003154755,-1.274353288114071,0.7455947720445693,,,,,,,,,,,,,,,,,
49020928,,,,,,,,,,,,,,0.4523583361878991,1.8502101255580783,0.0014314392899450468,0.43078087200410664,3.130398914217949,0.003363377058349215,4.156487250700593,71.98303669691086,6.739197030469768e-05,10.292973443865776,79.2587642967701,8.924480310668059e-05,2.8393969908356667,0.11349626170704141,-0.12501454958692193,0.8044601932633668,1.0
49152000,0.45432510413229465,1.895825874991715,0.0016308776136497727,0.43438665685243905,3.06921280361712,0.003835150378108665,0.00911936862848961,1.0884215738624334,-0.8595514963380992,-0.0914932013838552,0.7594140931032598,-1.2508134776726365,0.7524879770353436,,,,,,,,,,,,,,,,,
49152000,,,,,,,,,,,,,,0.45512433745898306,1.9605773789808154,0.0016308776136497727,0.4368862973060459,3.150285830721259,0.003835150378108665,4.124148869886994,70.8938138782978,6.670428174726517e-05,10.292831182479858,78.39198783040047,7.492789154017743e-05,2.861091362312436,0.11307285533985123,-0.12501432234421372,0.8317816215567291,1.0
49283072,0.45401001791469753,1.7596882535144687,0.0020501399269505782,0.4325376476626843,3.04418433457613,0.0036093878347855934,0.013642882644489873,1.1159803541377187,-0.9661303940229118,-0.09377916430821642,0.7493741419166327,-1.279013420920819,0.7419735915027559,,,,,,,,,,,,,,,,,
49283072,,,,,,,,,,,,,,0.45482781645841897,1.8007252188399434,0.0020501399269505782,0.43501876131631434,3.13865277543664,0.0036093878347855934,4.215201735496521,72.64482235908508,5.893449255278682e-05,10.188306890428066,79.69402140378952,8.255503838494604e-05,2.8777075596153736,0.1129574024816975,-0.12502187374047935,0.7982568140141666,1.0
49414144,0.4537198676262051,1.791725949384272,0.0019345060243267653,0.4293757416307926,3.030785419046879,0.0038028486578696175,0.017720279342029244,1.1312554772011936,-0.8880865329410881,-0.09871793212369084,0.7533862250857055,-1.2705786270089447,0.7411490115337074,,,,,,,,,,,,,,,,,
49414144,,,,,,,,,,,,,,0.45449958951212466,1.8436598433181643,0.0019345060243267653,0.43181032105349004,3.165046762675047,0.0038028486578696175,4.136190179735422,71.93494737148285,6.238293403448836e-05,10.17917962372303,79.24189192056656,7.839747906324135e-05,2.881736498326063,0.11414966400479898,-0.1250139616895467,0.6808526664972305,1.0
49545216,0.4582903035916388,1.9096288438886404,0.0015615972737350603,0.4344111343380064,2.9958403650671244,0.004267962494395761,0.012879299345513573,1.016361775342375,-0.8432884158100933,-0.10170142230344936,0.7640810240991414,-1.2663741377182305,0.7570815121289343,,,,,,,,,,,,,,,,,
49545216,,,,,,,,,,,,,,0.45911526726558805,1.9987647123634815,0.0015615972737350603,0.4368272041901946,3.105103587731719,0.004267962494395761,4.1147283017635345,70.7214532494545,6.120018996241816e-05,10.565991960465908,78.74036398530006,7.79254466580781e-05,2.863374851644039,0.11640393658308312,-0.12501134909689426,0.8614858451765031,1.0
49676288,0.452614153502509,1.8120328318327665,0.0017671946930022386,0.4293989851139486,3.0407804679125547,0.004098517729744344,0.014391372496902477,1.0731772873550653,-0.7906809791456908,-0.10899899253854528,0.7396856560371816,-1.2727508004754782,0.7591120498254895,,,,,,,,,,,,,,,,,
49676288,,,,,,,,,,,,,,0.4533753206487745,1.8577337730675936,0.0017671946930022386,0.4316812907345593,3.1039914712309837,0.004098517729744344,4.015935089439154,70.8202794790268,7.411552240754737e-05,10.715284168720245,79.27407032251358,7.308325842481089e-05,2.8616290353238583,0.11335423501441255,-0.12501106620766222,0.6443526588845998,1.0
49807360,0.4547379205469042,1.8627935582771897,0.001634661394973591,0.4303857225459069,3.00632100738585,0.0032669112611074524,0.007678513515202212,1.0512904305942357,-1.0341664855368435,-0.11246499523986131,0.7905294895172119,-1.268915664870292,0.7356883911415935,,,,,,,,,,,,,,,,,
49807360,,,,,,,,,,,,,,0.455498447176069,1.9356002854183316,0.001634661394973591,0.4325894773937762,3.1220398154109716,0.0032669112611074524,4.166677201166749,71.28140941262245,6.813020549145676e-05,10.877471722662449,79.02104732394218,6.883839035132233e-05,2.836727347224951,0.11575492500560358,-0.125008205184713,0.8081571399234235,1.0
49938432,0.4543966460041702,1.8669640198349953,0.0023486594818677986,0.43215133040212095,3.062954569235444,0.004263905876996432,0.005479817186596847,1.102497189771384,-0.88423777744174,-0.12069991539465263,0.7647619917988777,-1.2607158683240414,0.7430989420972764,,,,,,,,,,,,,,,,,
49938432,,,,,,,,,,,,,,0.4552501670550555,1.9492285223677754,0.0023486594818677986,0.43470684974454343,3.153295362368226,0.004263905876996432,4.034834176301956,72.19202253222466,6.698315678210776e-05,11.19838972389698,78.19512566924095,7.662364855631765e-05,2.8524609245359898,0.11519600037718192,-0.1250159868504852,0.9089613116811961,1.0
50069504,0.4643465969711542,1.784035025164485,0.0015411332673238576,0.43382035475224257,3.040479402989149,0.003453900268596044,-0.01243556124609313,1.0270559093914926,-1.0639076847583055,-0.11260159587254748,0.7323881234042346,-1.2664616629481316,0.764759972691536,,,,,,,,,,,,,,,,,
50069504,,,,,,,,,,,,,,0.5203592921102262,1.7177850719406662,0.004475108698520068,0.4227580320965274,3.0879277279488293,0.0028561280584204745,3.3248621441356567,65.96615292265427,5.367990866843894e-05,10.733610590365828,74.72502470668405,6.018195712012597e-05,2.954134237066091,0.10877012297460607,-0.12476549782307751,0.5984908812959869,1.0
50200576,0.45262571587227285,1.6474257726222277,0.001561463543453101,0.4400859728921205,3.1104851495474577,0.003346682138271717,-0.007702525481022349,1.0627467702142894,-0.9945387253537774,-0.11504518607398495,0.7249429863877594,-1.2758818259462714,0.7636773828417063,,,,,,,,,,,,,,,,,
50200576,,,,,,,,,,,,,,0.4533908264711499,1.6496937088668346,0.001561463543453101,0.44256813055835664,3.2001210134476423,0.003346682138271717,4.3107623644173145,72.74638938903809,5.053973107571608e-05,11.024916842579842,79.3888453245163,7.724244459472729e-05,2.8532268442213535,0.11528486432507634,-0.1250190285500139,0.5874435529112816,1.0
50331648,0.4523096140474081,1.7297778073698282,0.0017320349606961827,0.42871537362225354,3.066114403307438,0.0036982104409162275,-0.003855621123648234,1.0263922521844506,-0.8494483174290508,-0.11312465614173561,0.74995007365942,-1.272908793296665,0.7473355671390891,,,,,,,,,,,,,,,,,
50331648,,,,,,,,,,,,,,0.4531554887071252,1.804416467435658,0.0017320349606961827,0.4311747523024678,3.131152469664812,0.0036982104409162275,4.027569189667702,67.74481102824211,6.83517132986089e-05,10.972900360822678,79.3185980618,7.707404989831801e-05,2.8370715491473675,0.11596749641466886,-0.12501413165591657,0.8184209100436419,1.0
50462720,0.4527505685109645,1.7645316384732723,0.0021981784786930803,0.4325849711894989,3.0460447762161493,0.004252908890975959,-0.0019960747071436913,0.9511029878631234,-0.9459801889024675,-0.11157383915269747,0.7300029275938869,-1.2747227288782597,0.7597851692698896,,,,,,,,,,,,,,,,,
50462720,,,,,,,,,,,,,,0.45346910576336086,1.7861660849303007,0.0021981784786930803,0.43486585351638496,3.133692981675267,0.004252908890975959,3.865274488925934,67.32891017198563,6.447557673694426e-05,10.908781968057156,78.97152829170227,8.847782871884702e-05,2.845291828736663,0.1164714902988635,-0.1250064808409661,0.6127717413473874,1.0
50593792,0.4557559108361602,1.872292511165142,0.0017973352114495356,0.42987269605509937,3.0314852856099606,0.003606462294328594,0.0033002256927829876,1.0146875237114727,-0.8731545759364963,-0.11064937897026539,0.7632447350770235,-1.2691175467334688,0.7636777153238654,,,,,,,,,,,,,,,,,
50593792,,,,,,,,,,,,,,0.4565595891326666,1.960156712681055,0.0017973352114495356,0.43224901682697237,3.120670033618808,0.003606462294328594,3.689931819215417,68.92701363563538,5.553263655699858e-05,10.897416539490223,78.82423198223114,8.28044845340159e-05,2.847892077639699,0.11463783495128155,-0.12501475168392062,0.8021545326337218,1.0
50724864,0.4580920785665512,1.8046377003192902,0.0013401104639569894,0.4269636254757643,3.0118047911673784,0.0032500381380486942,0.005419687334622836,0.9625089829787612,-0.9047649609856308,-0.10974450659705326,0.7363056181930006,-1.2738646366633475,0.7554718875326216,,,,,,,,,,,,,,,,,
50724864,,,,,,,,,,,,,,0.45889424509368837,1.8504535676911473,0.0013401104639569894,0.429362456779927,3.086284374818206,0.0032500381380486942,3.590124350041151,69.58277255296707,5.6250039636385196e-05,10.793494112789631,78.94925883412361,8.859861224874699e-05,2.8376665953546762,0.11362660571467131,-0.12500910670496523,0.6983514209277928,1.0
50855936,0.44936357135884464,1.7747941482812166,0.00118854539118729,0.4297398573253304,2.986296022310853,0.0035279137562156393,0.005716556066658995,0.9399359272792935,-0.9814630672335625,-0.11121131968684494,0.7461325558833778,-1.2537759277038276,0.7251563076861203,,,,,,,,,,,,,,,,,
50855936,,,,,,,,,,,,,,0.4501593846362084,1.8150275982916355,0.00118854539118729,0.43220565747469664,3.0648554880172014,0.0035279137562156393,3.882726803421974,71.99777463078499,7.011420422209369e-05,10.884946562349796,77.82375299930573,9.568887714994645e-05,2.8537067491561174,0.11418175901053473,-0.1250177079346031,0.655340894125402,1.0
50987008,0.45554824685677886,1.7559967078268528,0.0018571083129472754,0.42916221846826375,3.056320631876588,0.003513479378852935,0.004909016946839984,0.938243102747947,-0.9236655794084072,-0.10336687281960621,0.7334822881966829,-1.28395539149642,0.7577743544243276,,,,,,,,,,,,,,,,,
50987008,,,,,,,,,,,,,,0.45637880405411124,1.7905410565435886,0.0018571083129472754,0.4316913550719619,3.1492815501987934,0.003513479378852935,3.845223553478718,65.76860472559929,6.058088694771424e-05,10.713416248559952,79.93799525499344,9.189622702122577e-05,2.835189387202263,0.11317238555056974,-0.12500952719710767,0.8763326299376786,1.0
51118080,0.4543508368078619,1.857718733139336,0.0022730669650172786,0.428678855067119,3.0341799557209015,0.0041617726217282325,0.0018805921176863194,1.0432182550430298,-0.8674390958622098,-0.1040718529256992,0.742943577002734,-1.2578663188032806,0.7692436552606523,,,,,,,,,,,,,,,,,
51118080,,,,,,,,,,,,,,0.4551361498888582,1.9097572285681963,0.0022730669650172786,0.4310638450551778,3.140928527340293,0.0041617726217282325,3.7685537692159414,67.58602398633957,6.94402935006444e-05,10.646887205541134,78.31016302108765,7.284779737704028e-05,2.87088555470109,0.11342334601795301,-0.125013257144019,0.722708597779274,1.0
51249152,0.45724702230654657,1.7998898876830935,0.0017844012727437075,0.4330265347380191,3.0758299939334393,0.0034753783470478083,-0.0058202510467708635,0.9817014476284385,-0.9153655786067247,-0.10169560764916241,0.7529059895314276,-1.259859540965408,0.7678925464861095,,,,,,,,,,,,,,,,,
51249152,,,,,,,,,,,,,,0.4580010147765279,1.8226375132799149,0.0017844012727437075,0.4354290764313191,3.1936616133898497,0.0034753783470478083,3.772279469296336,68.86061668395996,5.67119377392622e-05,10.660465486347675,78.76398327946663,8.423802545251546e-05,2.8693600948899984,0.11611180554609746,-0.12501457543112338,0.618233208078891,1.0
51380224,0.45471520558930933,1.797552501782775,0.0018879793246924237,0.4344274003524333,2.9926871582865715,0.003956532186293771,-0.008334565611221478,1.0052089127711952,-1.097762284334749,-0.09866027481621131,0.7452738131396472,-1.2752094161696732,0.7359311804175377,,,,,,,,,,,,,,,,,
51380224,,,,,,,,,,,,,,0.45551494997926056,1.8401429550722241,0.0018879793246924237,0.4368948806077242,3.090602956712246,0.003956532186293771,4.186340039595962,71.70782917737961,7.445222823099229e-05,10.779177591204643,79.46883788704872,8.026314210596297e-05,2.869013013318181,0.11663620878243819,-0.12501154257915914,0.6973237986676395,1.0
51511296,0.457763654878363,1.819849107414484,0.002182479920861624,0.43572892830707133,3.0618135575205088,0.004154959834750116,-0.013990629333420657,1.049369115382433,-0.9943731892853975,-0.10700926458230242,0.7570970240049064,-1.2613399750553071,0.7274552658200264,,,,,,,,,,,,,,,,,
51511296,,,,,,,,,,,,,,0.45856936811469495,1.8754728017374873,0.002182479920861624,0.43809972424060106,3.1339309345930815,0.004154959834750116,4.032419253140688,72.85775655508041,5.72382827674911e-05,10.972204968333244,78.23650431632996,7.276220433249936e-05,2.8383417576551437,0.1160934439394623,-0.12501475494354963,0.7964117384981364,1.0
51642368,0.45217107865028083,1.7884658081457019,0.001989962841889792,0.4315443991217762,3.0215176846832037,0.003936118211186113,-0.010598171804304002,1.0950983152724802,-0.9284285577014089,-0.10961915628286079,0.7614529505372047,-1.2592501775361598,0.7410183367319405,,,,,,,,,,,,,,,,,
51642368,,,,,,,,,,,,,,0.45285777864046395,1.8156035859137774,0.001989962841889792,0.4335643157828599,3.1026718113571405,0.003936118211186113,4.117612583562732,69.8445366024971,6.104937446413383e-05,11.05691909790039,78.29761579632759,7.925800741359623e-05,2.8579608239233494,0.114994976145681,-0.12501094164326787,0.6356713382992893,1.0
51773440,0.4504118855111301,1.8402442298829556,0.0015598340327187543,0.4332402921281755,3.028985023498535,0.0035653800069894714,-0.01622842301730998,1.047177592292428,-0.9915983211249113,-0.1066004631575197,0.7701789420098066,-1.2670029462315142,0.7361491876654327,,,,,,,,,,,,,,,,,
51773440,,,,,,,,,,,,,,0.4511465006507933,1.9082688000053167,0.0015598340327187543,0.43539182050153613,3.108782384544611,0.0035653800069894714,4.117073310539126,70.02084735035896,6.191475908878807e-05,10.94882321357727,79.00317296385765,7.923418552824302e-05,2.8617810625582933,0.1156446902314201,-0.12500971951521933,0.7192497560754418,1.0
51904512,0.4542712834663689,1.74390600156039,0.0015270645963028073,0.434571479447186,3.0198737513273954,0.0036553000536514446,-0.013680358235433232,1.0018419469706714,-0.9128100471571088,-0.10784641728969291,0.7224573278799653,-1.2681643874384463,0.7459375509060919,,,,,,,,,,,,,,,,,
51904512,,,,,,,,,,,,,,0.45503100845962763,1.758236332796514,0.0015270645963028073,0.43695528409443796,3.1175919137895107,0.0036553000536514446,3.9310765117406845,67.0255638062954,5.961982798434462e-05,11.056801192462444,78.60523515939713,7.75705814697325e-05,2.8474947679787874,0.11253849469358101,-0.1250105721410364,0.6108097927644849,1.0
52035584,0.4568340671248734,1.7631116108968854,0.0017509213747644026,0.43272574385628104,3.014146165922284,0.003942204612258138,-0.008167930118361255,1.1002217158675194,-0.9141299887560308,-0.11086729902308434,0.7394474246539176,-1.2580653098411858,0.7254794496111572,,,,,,,,,,,,,,,,,
52035584,,,,,,,,,,,,,,0.4575827366206795,1.7949601374566555,0.0017509213747644026,0.4350355921778828,3.0990591645240784,0.003942204612258138,4.088914955034852,71.19583639502525,6.937068569756732e-05,11.062495730817318,78.36765486001968,7.761987511312185e-05,2.867374863475561,0.11343453684821725,-0.1250114154536277,0.7236150777898729,1.0
52166656,0.4592594034038484,1.854992587119341,0.0019581517165079276,0.4339890289120376,3.103021811693907,0.004245277624704613,-0.0065006627064576605,1.0993142640218139,-0.9209103411994874,-0.11053775949403644,0.7597225564531982,-1.277662480250001,0.7640129853971303,,,,,,,,,,,,,,,,,
52166656,,,,,,,,,,,,,,0.46000671037472785,1.903918083757162,0.0019581517165079276,0.43633032287470996,3.1759119033813477,0.004245277624704613,4.0476213414222,74.77899381518364,5.3455987812700556e-05,10.852405920624733,79.20545008778572,7.669475268112791e-05,2.8565667774528265,0.11348627734696493,-0.12501516216434538,0.6924254363402724,1.0
52297728,0.4609802297782153,1.8576157940551639,0.0021256348218230414,0.4343179219868034,3.082095453515649,0.004182107637006993,-0.006908742194809747,1.0589496847242117,-0.9330852683633566,-0.10902665357571095,0.757581555750221,-1.2574982573278248,0.7690766784362495,,,,,,,,,,,,,,,,,
52297728,,,,,,,,,,,,,,0.46171217900700867,1.8971403315663338,0.0021256348218230414,0.4365035768132657,3.1472546495497227,0.004182107637006993,4.003661843016744,71.68494123220444,6.699620881445156e-05,10.919790886342525,78.6891461610794,7.867704463482283e-05,2.8549249339848757,0.11292104341555387,-0.12501171370968223,0.8289442071691155,1.0
52428800,0.4538692047353834,1.8509046947583556,0.0022235128449210606,0.4318806549999863,3.1042196080088615,0.004696666456766252,-0.001615485960968499,1.064744592178613,-0.9706045053899288,-0.11074549762997776,0.7342018075287342,-1.2630141964182258,0.7603550762869418,,,,,,,,,,,,,,,,,
52428800,,,,,,,,,,,,,,0.45456464728340507,1.9020088352262974,0.0022235128449210606,0.43397610331885517,3.158156195655465,0.004696666456766252,4.096492536365986,70.7259875535965,6.718742854361359e-05,10.944687113165855,78.6151804625988,8.392779410126838e-05,2.8584559857845306,0.1141688337083906,-0.12500771996565163,0.6458840749692172,1.0
52559872,0.4595283430535346,1.809859219007194,0.002111765800464127,0.4367217132821679,3.030217619612813,0.0041712249721967964,-0.003819789764520465,1.0784009606577456,-0.9350471310317516,-0.1073987020063214,0.7579017048701644,-1.2641450543887913,0.729167209006846,,,,,,,,,,,,,,,,,
52559872,,,,,,,,,,,,,,0.4602647314313799,1.8398219347000122,0.002111765800464127,0.43900599447079003,3.1051746234297752,0.0041712249721967964,4.000320630148053,70.62858185172081,6.423968566204863e-05,10.879185371100903,78.52192297577858,7.372445027042929e-05,2.8352962620556355,0.11506463791010901,-0.12501233560033143,0.7844446725212038,1.0
52690944,0.45830392790958285,1.8490612041205168,0.0012506985242453084,0.42980589950457215,3.0063904095441103,0.0034388785054488835,-0.011567557263333583,1.0619943467900157,-0.8870177497155964,-0.11177292582578957,0.7472649943083525,-1.255497788079083,0.7362861898727715,,,,,,,,,,,,,,,,,
52690944,,,,,,,,,,,,,,0.5238294591566166,1.753241034740784,0.005223915198608249,0.42072954061946055,3.051650544134788,0.0030796192198571785,3.1398279884001186,65.34654210307018,5.2252448302904456e-05,10.556698303013277,73.30681016803327,6.234385718104587e-05,2.94461678964905,0.10757452420362956,-0.12477012313004718,0.5608833814825279,1.0
52822016,0.4559639997314662,1.772317479364574,0.0015216668798530009,0.43116963654756546,3.0798833072185516,0.0039008636572361866,-0.008991074404548272,1.0513937738724053,-0.894395450130105,-0.10392409801715985,0.7114504771307111,-1.2799642365425825,0.7660722662694752,,,,,,,,,,,,,,,,,
52822016,,,,,,,,,,,,,,0.45666792849078774,1.7852143868803978,0.0015216668798530009,0.43350539775565267,3.171453569084406,0.0039008636572361866,3.8801905810832977,71.18757119774818,6.172300771911665e-05,10.696493215858936,79.35526689887047,7.964685591099752e-05,2.8719681594520807,0.11222791846375912,-0.12501299404539168,0.6448017291259021,1.0
52953088,0.45380553626455367,1.6912030298262835,0.001964705292380131,0.4286705201957375,3.0028039384633303,0.004263023903604335,-0.005933551838779749,1.0965097192674875,-0.9392823902890086,-0.1020449428469874,0.7361250780522823,-1.2772149117663503,0.7520020939409733,,,,,,,,,,,,,,,,,
52953088,,,,,,,,,,,,,,0.4545841326471418,1.7088755052536726,0.001964705292380131,0.4312087479047477,3.1343311201781034,0.004263023903604335,4.081550519913435,72.95893776416779,6.0575612302216086e-05,10.6226836591959,79.61326822638512,8.454101103938516e-05,2.843436425551772,0.11477487767115235,-0.12501792144030333,0.5977658776100725,1.0
53084160,0.45927850948646665,1.8436884293332696,0.0018378404436134588,0.43295157328248024,3.075401335954666,0.004518293978435395,-0.003451317966757017,1.0272051957435906,-0.8433240544982255,-0.09255563351325691,0.763984342571348,-1.2425494566559792,0.7455775728449225,,,,,,,,,,,,,,,,,
53084160,,,,,,,,,,,,,,0.45995344826951623,1.912598387338221,0.0018378404436134588,0.43492371193133295,3.138935651630163,0.004518293978435395,3.9463549740612507,67.5333540737629,6.0903302735226816e-05,10.436175160109997,77.41099938750267,6.770024534041852e-05,2.8199474439024925,0.1138856386533007,-0.12501711607910693,0.8233931348659098,1.0
53215232,0.4624279513955116,1.818525048904121,0.0020272471376756585,0.4334558940026909,3.0632807537913322,0.004203049716124951,0.0011792637669998385,1.058607459999621,-0.798369072843343,-0.09661101980600506,0.7601961796171963,-1.256662538740784,0.7468299656175077,,,,,,,,,,,,,,,,,
53215232,,,,,,,,,,,,,,0.46324302768334746,1.8826246690005064,0.0020272471376756585,0.43602238805033267,3.1604613047093153,0.004203049716124951,3.9267577528953552,69.73975011706352,6.42764301930221e-05,10.526776820421219,77.83198738098145,7.457287906433019e-05,2.8601294308900833,0.11629222857300192,-0.1250159682240337,0.8028622383717448,1.0
53346304,0.4619766215328127,1.8517803810536861,0.0015190842402716953,0.4322515313979238,3.026735408231616,0.003598030670218577,0.007887286503319046,1.060453784186393,-0.9051088942214847,-0.09248220460722223,0.7563994796946645,-1.262130689341575,0.7502912166528404,,,,,,,,,,,,,,,,,
53346304,,,,,,,,,,,,,,0.462704622419551,1.9114438286051154,0.0015190842402716953,0.43445541989058256,3.1041674222797155,0.003598030670218577,4.1327018197625875,68.78007376194,6.275206736111594e-05,10.306701257824898,79.042077511549,7.488314382508854e-05,2.844540348276496,0.11513980769086629,-0.12500716117210686,0.9793305776547641,1.0
53477376,0.4625487057492137,1.745438426733017,0.0016185931024210731,0.43369863787665963,3.0349374655634165,0.003662800201709615,0.004843874587777464,1.1063733641058207,-0.8040444820653647,-0.09522653906606138,0.7373408083803952,-1.265685558784753,0.7296171097550541,,,,,,,,,,,,,,,,,
53477376,,,,,,,,,,,,,,0.4632536934223026,1.7653500689193606,0.0016185931024210731,0.43604903505183756,3.1119666565209627,0.003662800201709615,4.177728122100234,73.67875465750694,6.00069147136395e-05,10.47092717885971,78.03576427698135,7.400655755418484e-05,2.86453109793365,0.11686537275090814,-0.1250127744860947,0.5956090872641653,1.0
53608448,0.4570897249504924,1.8372667087242007,0.0014981143199293001,0.4328952997457236,3.0328212417662144,0.0036577508678874437,0.004207981724221099,1.0931601379998028,-0.8696670241188258,-0.09539792709983885,0.75571906613186,-1.2277495171874762,0.7198201883584261,,,,,,,,,,,,,,,,,
53608448,,,,,,,,,,,,,,0.45778816961683333,1.8794700158759952,0.0014981143199293001,0.4348634942434728,3.1048888377845287,0.0036577508678874437,4.119314318522811,71.64927273988724,5.850178102823067e-05,10.492973506450653,76.25676882266998,7.885556590370157e-05,2.8665922321379185,0.11614077916601673,-0.1250146145466715,0.7674996454734355,1.0
53739520,0.4564680082257837,1.779996926896274,0.0020209863605487044,0.4314894725102931,3.080374689772725,0.003689269238293491,0.007268699536325585,1.0868068472482264,-0.8345590711105615,-0.1023466038168408,0.7607856835238636,-1.2785362480208278,0.7139296769164503,,,,,,,,,,,,,,,,,
53739520,,,,,,,,,,,,,,0.4573051093611866,1.8273732950910926,0.0020209863605487044,0.43416749709285796,3.170677674934268,0.003689269238293491,4.070911105722189,70.46244114637375,5.782301780632437e-05,10.712400667369366,79.40777936577797,7.727091554254883e-05,2.858985861763358,0.11809368996182457,-0.12501391489058733,0.7841039299964905,1.0
53870592,0.4570183667819947,2.042623855173588,0.0019802955807790568,0.4332227192353457,3.1060212273150682,0.0037090728324074007,0.005608073760015486,1.0803817543201149,-0.9742606477811933,-0.10053881298517808,0.8241377579979599,-1.2580167390406132,0.7260089230258018,,,,,,,,,,,,,,,,,
53870592,,,,,,,,,,,,,,0.4580109026283026,2.161446673795581,0.0019802955807790568,0.4359589493833482,3.190433418378234,0.0037090728324074007,4.103779783472419,74.0218865275383,6.288664199760596e-05,10.750610157847404,78.20769411325455,8.29754826928708e-05,2.8651364389806986,0.11620074498932809,-0.12501099868677557,1.0769735090434551,1.0
54001664,0.46036391495727,1.8558852020651102,0.0019298755028103187,0.42699787369929254,3.0149958822876215,0.0036695961071018246,0.01057198217313271,1.132023997604847,-1.014608733355999,-0.0979881877428852,0.7554482263512909,-1.2732747136615217,0.7176579129882157,,,,,,,,,,,,,,,,,
54001664,,,,,,,,,,,,,,0.4611431867815554,1.9410530207678676,0.0019298755028103187,0.4294652009848505,3.116094656288624,0.0036695961071018246,4.160806456580758,74.62376597523689,6.343780117790132e-05,10.44233724474907,79.46010157465935,7.190138575685623e-05,2.869932761415839,0.11450804554624483,-0.12501031393185258,0.7985356112476438,1.0
54132736,0.4572731787338853,1.7967129135504365,0.002064276840428647,0.4311253451742232,3.0548494309186935,0.0039418165706592845,0.010923534577159444,1.1305385930463672,-0.8601283975876868,-0.10190231743035838,0.7420598245225847,-1.2454175176098943,0.7271136092022061,,,,,,,,,,,,,,,,,
54132736,,,,,,,,,,,,,,0.4580034529790282,1.8143821377307177,0.002064276840428647,0.43337698583491147,3.128416443243623,0.0039418165706592845,4.103782434016466,71.42915543913841,6.0847203312341946e-05,10.661797732114792,77.37398147583008,7.825345832390695e-05,2.861705046147108,0.11553737480426207,-0.12501347181387246,0.6468217214569449,1.0
54263808,0.4574005608446896,1.8318400187417865,0.001979169911237477,0.4339588424190879,3.0305196568369865,0.0039417576144842315,0.013832623837515712,1.033083711285144,-0.9446810828521848,-0.09999166161287576,0.7297631199471653,-1.278317244257778,0.7458542953245342,,,,,,,,,,,,,,,,,
54263808,,,,,,,,,,,,,,0.45824735052883625,1.8727026544511318,0.001979169911237477,0.4364937599748373,3.1369491685181856,0.0039417576144842315,4.041356358677149,71.06733047962189,7.081196237224141e-05,10.643130101263523,79.42147073149681,6.559206363299097e-05,2.875535473227501,0.11526395397959277,-0.12500989204272628,0.7434685602784157,1.0
54394880,0.4651073389686644,1.7222236059606075,0.001609238036280658,0.4300785518717021,3.0189680382609367,0.0035939885947300354,0.0162630483173416,1.00511077279225,-0.8891925867646933,-0.10174876870587468,0.7208809182047844,-1.2702194857411087,0.7379584009759128,,,,,,,,,,,,,,,,,
54394880,,,,,,,,,,,,,,0.4658428686670959,1.7415103176608682,0.001609238036280658,0.43253609887324274,3.1235605571419,0.0035939885947300354,3.870326640084386,68.37694892287254,6.398990838385465e-05,10.642399422824383,78.98724710941315,6.328339030714503e-05,2.83544147759676,0.1130211494746618,-0.12501856475137174,0.6059305360540748,1.0
54525952,0.46376702608540654,1.8898238968104124,0.0021729191961412653,0.43397521949373186,3.081642424687743,0.0038862838055138127,0.0146018493687734,1.09997174795717,-0.8973293732851744,-0.09853358590044081,0.7333690696395934,-1.2681200057268143,0.7738445347640663,,,,,,,,,,,,,,,,,
54525952,,,,,,,,,,,,,,0.46455820742994547,1.9488279400393367,0.0021729191961412653,0.43645238294266164,3.182356894016266,0.0038862838055138127,4.086650552228093,71.21959751844406,5.8465892990522406e-05,10.497921496629715,79.06557086110115,7.573928358550752e-05,2.85354058817029,0.11440748773748055,-0.12501277797855437,0.8387540618423373,1.0
54657024,0.46926700114272535,1.8650597911328077,0.002258280404475954,0.43909039185382426,3.060108970850706,0.004628193419193849,0.009595245275704656,1.0289034079760313,-0.8344309004023671,-0.0888621904887259,0.7766118757426739,-1.2874447996728122,0.7461611384060234,,,,,,,,,,,,,,,,,
54657024,,,,,,,,,,,,,,0.4700707101728767,1.9286610130220652,0.002258280404475954,0.44159684237092733,3.1530129108577967,0.004628193419193849,3.861218960955739,67.59334540367126,6.0154210615337433e-05,10.461423486471176,80.14278775453568,8.845894270148591e-05,2.8531959652900696,0.11587357131065801,-0.12501666857860982,0.8969185233581811,1.0
54788096,0.4737237773369998,1.8613296076655388,0.001997077492887911,0.4386225650086999,3.1004930529743433,0.004643263256184582,0.004688035686854164,1.0574031895957887,-0.9666458643041551,-0.09149907797109336,0.7453988650813699,-1.266389979980886,0.7315286893863231,,,,,,,,,,,,,,,,,
54788096,,,,,,,,,,,,,,0.47454272327013314,1.9134285943582654,0.001997077492887911,0.4411878054961562,3.1850828416645527,0.004643263256184582,4.266270074993372,73.49786385893822,6.271356989745458e-05,10.494906663894653,78.85199800133705,7.9502656599173e-05,2.875173632055521,0.11598268646048382,-0.1250154657755047,0.7185104649979621,1.0
54919168,0.4707790126558393,1.8219649894163013,0.0020028826741054218,0.4331980007700622,2.9928142707794905,0.004020945938918885,-0.00042217251979081993,1.1543762926012278,-0.9982738676480949,-0.08136096369707957,0.7427777294069529,-1.26175922062248,0.7521376432850957,,,,,,,,,,,,,,,,,
54919168,,,,,,,,,,,,,,0.4715614174492657,1.8636820195242763,0.0020028826741054218,0.4357035818975419,3.106850439682603,0.004020945938918885,4.075939886271954,72.61666935682297,6.228571680222394e-05,10.124248385429382,78.76763206720352,8.226901052219016e-05,2.848039299249649,0.11357523134211078,-0.1250164364464581,0.829453818500042,1.0
55050240,0.4662886990699917,1.9345412300899625,0.0018126524566923763,0.43691766913980246,3.0402315203100443,0.004192456219243468,-0.0074771959942836475,1.1057930840179324,-0.8527462095953524,-0.07215732504846528,0.7886684681288898,-1.2598516270518303,0.7277622483670712,,,,,,,,,,,,,,,,,
55050240,,,,,,,,,,,,,,0.46707343007437885,2.0031935032457113,0.0018126524566923763,0.4394181384705007,3.150324944406748,0.004192456219243468,4.088553916662931,70.53473350405693,6.671132999680474e-05,10.018508046865463,78.55575144290924,0.00010562684913413556,2.8663666900247335,0.11637331743258983,-0.1250165943056345,0.7940407609567046,1.0
55181312,0.4672329346649349,1.9563553109765053,0.001952076505858713,0.436854065163061,3.0306846871972084,0.004031271939311409,-0.014089425647398457,1.0707891355268657,-0.9136775126680732,-0.06685401769937016,0.7946336809545755,-1.271745493169874,0.7220005569979548,,,,,,,,,,,,,,,,,
55181312,,,,,,,,,,,,,,0.468118041055277,2.0441496521234512,0.001952076505858713,0.43934196536429226,3.1181587409228086,0.004031271939311409,4.200334841385484,69.20755019783974,6.067296106870845e-05,9.90141986310482,79.80987361073494,9.725189572051818e-05,2.870784332975745,0.11812498210929334,-0.12500269268639386,0.8930434791836888,1.0
55312384,0.4668576563708484,1.7455958388745785,0.0015465473803715213,0.4395041286479682,3.0173075925558805,0.003937819394195685,-0.022041848736989778,0.9857251062057912,-0.9526160284876823,-0.055536576226586476,0.7618226450867951,-1.2615931159816682,0.7215917487628758,,,,,,,,,,,,,,,,,
55312384,,,,,,,,,,,,,,0.5272952451942915,1.7770870992666985,0.005294802917886495,0.4214473963232644,3.0907916149281593,0.0036880170700896997,3.3969035372264256,62.91520667766187,5.9741622130905064e-05,9.497706885027407,74.61311911430255,7.444622737442561e-05,2.9446233385298624,0.113946462172106,-0.12477034254066915,0.6060238864542131,1.0
55443456,0.4649037760682404,1.8477721521630883,0.001080820585912079,0.4329360609408468,3.0775413382798433,0.002909852314132877,-0.01787551880988758,0.9916886137798429,-0.8775748377665877,-0.06548078841296956,0.7493959600105882,-1.2645184877328575,0.7313296520151198,,,,,,,,,,,,,,,,,
55443456,,,,,,,,,,,,,,0.46566259395331144,1.8626772537827492,0.001080820585912079,0.4353934107348323,3.185501867905259,0.002909852314132877,4.197581039741635,70.48629713058472,6.3621044111839e-05,9.682480163872242,78.4494720697403,9.344764894869684e-05,2.846201002597809,0.11657397483941168,-0.12500382447615266,0.6709275278262794,1.0
55574528,0.4635472847148776,1.800488131120801,0.00044673037444908914,0.4260883736424148,3.0437717773020267,0.0016272927944100957,-0.015041329425002914,1.0150700509548187,-0.9343986231833696,-0.07812801579711959,0.7589864498004317,-1.2604384552687407,0.7342117910739034,,,,,,,,,,,,,,,,,
55574528,,,,,,,,,,,,,,0.4642925027292222,1.8603841755539179,0.00044673037444908914,0.4283222060184926,3.135548399761319,0.0016272927944100957,3.9780530016869307,67.5042125582695,6.233021456936161e-05,9.814188577234745,78.67271023988724,7.276416250290296e-05,2.8447103034704924,0.11447335471166298,-0.12501800269819796,0.754839445464313,1.0
55705600,0.46158224157989025,1.825577525421977,0.0008306695340820625,0.4254167207982391,2.9899567179381847,0.0025306178436039772,-0.006431214311941602,1.0751779722049832,-0.9100675415247679,-0.0852291850023903,0.776939598377794,-1.257840245962143,0.7607584891375154,,,,,,,,,,,,,,,,,
55705600,,,,,,,,,,,,,,0.4623449312057346,1.8796309120953083,0.0008306695340820625,0.42779745417647064,3.091863501816988,0.0025306178436039772,4.049713542684913,68.41648253798485,6.43722627899912e-05,10.064661882817745,78.46858829259872,7.865647522942165e-05,2.8212499786168337,0.11295068019535393,-0.1250120191834867,0.7673748170491308,1.0
55836672,0.460090960143134,1.8266351940110326,0.001487079066635033,0.4222818117123097,3.0854379180818796,0.003347329657344744,0.002684013233533733,1.0506720854900777,-0.8914154027588665,-0.09689303865889087,0.7623484744690359,-1.2494100015610456,0.7589867878705263,,,,,,,,,,,,,,,,,
55836672,,,,,,,,,,,,,,0.46079005114734173,1.879918059334159,0.001487079066635033,0.4244705706369132,3.178445056080818,0.003347329657344744,4.007834227755666,68.3536471426487,6.863627400077732e-05,10.183349892497063,77.69013720750809,7.205382197023047e-05,2.8769346605986357,0.1114990045898594,-0.1250137770548463,0.7010165816172957,1.0
55967744,0.4578662859275937,1.8137148255482316,0.0021963431365747965,0.4242568355984986,3.0191333703696728,0.003782473558658239,0.006626159283086963,1.076292379759252,-0.7529832650907338,-0.10161555337253958,0.7335208067670465,-1.2718317755497992,0.7597558521665633,,,,,,,,,,,,,,,,,
55967744,,,,,,,,,,,,,,0.4585345776285976,1.8137148255482316,0.0021963431365747965,0.4264860260300338,3.1546963453292847,0.003782473558658239,4.04179017059505,70.25396403670311,5.5404685243232166e-05,10.44743525236845,78.98883426189423,8.504409808729463e-05,2.8566037863492966,0.11029418365797028,-0.1250080440659076,0.5109824489336461,1.0
56098816,0.45732363127171993,1.8399119451642036,0.0011574868955221973,0.4223670542705804,3.07628982514143,0.003675487742157202,0.0031640392192002764,1.056282085366547,-0.8336139963939786,-0.10835006553679705,0.7493088920600712,-1.2384973345324397,0.7628068942576647,,,,,,,,,,,,,,,,,
56098816,,,,,,,,,,,,,,0.45799918891862035,1.8752114987000823,0.0011574868955221973,0.424382955301553,3.1457471754401922,0.003675487742157202,3.9467613250017166,66.74969512224197,6.509869114545985e-05,10.69737459719181,77.43430441617966,6.830437672888934e-05,2.8350096940994263,0.11169226432684809,-0.1250163004733622,0.6191435984801501,1.0
56229888,0.46405848022550344,1.915577394887805,0.00122140792313985,0.42800201498903334,3.0222755633294582,0.004129586275212205,0.003542059542496645,1.1291927760466933,-0.8338754563592374,-0.11343745712656528,0.7485845037735999,-1.266240623779595,0.7677145088091493,,,,,,,,,,,,,,,,,
56229888,,,,,,,,,,,,,,0.46482819016091526,1.9822226306423545,0.00122140792313985,0.4302158432547003,3.1483897119760513,0.004129586275212205,3.653332568705082,74.31614366173744,6.981472791017795e-05,10.958886042237282,78.69971331954002,8.344866376486237e-05,2.8562571201473475,0.11086689325748011,-0.12502325233072042,0.8442395615857095,1.0
56360960,0.45669968402944505,1.9928401885554194,0.0019296739162655285,0.4268162059597671,3.0609980802983046,0.004199879458610667,0.006916528137253408,1.0985587215982378,-0.7482614074833691,-0.11719649838050827,0.7753081251867115,-1.237839253153652,0.771841041976586,,,,,,,,,,,,,,,,,
56360960,,,,,,,,,,,,,,0.4574465244077146,2.105268836952746,0.0019296739162655285,0.4289170235861093,3.1054401472210884,0.004199879458610667,3.6515360847115517,68.61323925852776,5.565967342890943e-05,11.042191416025162,77.71804267168045,6.930003969041199e-05,2.8569474648684263,0.11055756744462997,-0.12501177564263344,0.9415882187895477,1.0
56492032,0.46115485508926213,1.9307881388813257,0.0008557197951688522,0.42665187758393586,3.089116157963872,0.002377504584956114,0.005726777663539906,1.0950750866904855,-0.8967293398454785,-0.11696204083273187,0.778950565494597,-1.2589539992623031,0.7617277659010142,,,,,,,,,,,,,,,,,
56492032,,,,,,,,,,,,,,0.46193252177909017,2.0109818018972874,0.0008557197951688522,0.42891563661396503,3.1649873442947865,0.002377504584956114,3.9868931025266647,71.39817720651627,5.75914314956405e-05,11.040983587503433,78.16882508993149,7.728446865029603e-05,2.8509371150285006,0.11193950212327763,-0.1250169740524143,0.8516869321465492,1.0
56623104,0.4635035847313702,1.826106864027679,0.0009814134932639718,0.42903284379281104,3.086322171613574,0.0026529772344474623,0.003825638503428763,1.141209070570767,-0.9596406728960574,-0.10930131591157988,0.7584266536869109,-1.2656530272215605,0.7391542398836464,,,,,,,,,,,,,,,,,
56623104,,,,,,,,,,,,,,0.464232848957181,1.8823096565902233,0.0009814134932639718,0.4313789885491133,3.1727485563606024,0.0026529772344474623,3.970929989591241,74.67088812589645,5.8239551802674594e-05,10.797607690095901,78.73922115564346,8.0415239565923e-05,2.8411989714950323,0.11290690558962524,-0.12501063384115696,0.8211052566766739,1.0
56754176,0.459978467784822,1.933308694511652,0.0012408928589024981,0.4313216938171536,3.0247555430978537,0.00308225154185493,0.0045984137003074466,1.1109429271891713,-0.8045675256289542,-0.1178393773152493,0.7711616074666381,-1.2618148420006037,0.7335679773241282,,,,,,,,,,,,,,,,,
56754176,,,,,,,,,,,,,,0.46078635728918016,2.0243020337074995,0.0012408928589024981,0.43376291962340474,3.1020680218935013,0.00308225154185493,4.072384269908071,72.71727305650711,6.300143729687235e-05,11.139844812452793,78.4256321489811,6.821168643078579e-05,2.8533548656851053,0.11440634028986096,-0.12501423875801265,0.8668973834719509,1.0
56885248,0.45266822329722345,1.7587500931695104,0.0016870907246584466,0.4282517160754651,3.0248985048383474,0.004238837831053388,0.00020887995242446777,1.0468738633207977,-0.9075557994656265,-0.11711865663528442,0.6994113912805915,-1.2706552604213357,0.764052820391953,,,,,,,,,,,,,,,,,
56885248,,,,,,,,,,,,,,0.4533175730612129,1.7587500931695104,0.0016870907246584466,0.43040995532646775,3.1096894294023514,0.004238837831053388,4.189352817833424,70.02230694890022,6.664294243508007e-05,11.045208550989628,78.43368884921074,7.097332345029628e-05,2.8559802789241076,0.11372966825729236,-0.12501824647188187,0.6003375174477696,1.0
57016320,0.45566329453140497,1.7842163108289242,0.0016456960914865704,0.43093715934082866,3.0461661275476217,0.003998868406142719,-0.0024754180211914445,1.1816103551536798,-0.89813023339957,-0.11443589179543778,0.7141882935538888,-1.2503110030665994,0.724380356259644,,,,,,,,,,,,,,,,,
57016320,,,,,,,,,,,,,,0.45637937961146235,1.8118143593892455,0.0016456960914865704,0.43331007403321564,3.151397107169032,0.003998868406142719,4.21272661536932,73.54741939902306,5.497084392402929e-05,11.004661843180656,77.81144419312477,7.44864557393754e-05,2.8336092587560415,0.11426434043096378,-0.12501363782212138,0.7514956458471715,1.0
57147392,0.45656519616022706,1.8542029382660985,0.0015159898759975476,0.4299669472966343,3.084090141579509,0.003876796053191356,-0.009527854941552505,1.0792071549221873,-0.8584331059828401,-0.10908133263001218,0.7561594215221703,-1.2686762507073581,0.7235540521796793,,,,,,,,,,,,,,,,,
57147392,,,,,,,,,,,,,,0.45736166508868337,1.9195961216464639,0.0015159898759975476,0.43238561949692667,3.1738443691283464,0.003876796053191356,3.9068025927990675,69.15872651338577,6.10872334390472e-05,10.87672507762909,78.93897092342377,7.534361357267039e-05,2.857841929420829,0.11300159606616944,-0.12501659733243287,0.7876998621504754,1.0
57278464,0.45710313110612333,1.8086852887645364,0.0022134217190341587,0.43598645902238786,3.1257743164896965,0.004048224026291791,-0.0067414884542813525,1.1344177587889135,-0.8577822188381106,-0.10455652489326894,0.7411988344974816,-1.2606116021052003,0.7502989550121129,,,,,,,,,,,,,,,,,
57278464,,,,,,,,,,,,,,0.4577779059763998,1.8484449172392488,0.0022134217190341587,0.4380910904146731,3.1763214580714703,0.004048224026291791,4.148276355117559,71.80447527766228,5.850908704085889e-05,10.90338210016489,78.53871941566467,7.278793385157023e-05,2.8525601606816053,0.11469584133010358,-0.12501228251494467,0.6962176919914782,1.0
57409536,0.4564530751667917,1.9020451735705137,0.0021710000676193886,0.43442983902059495,3.0625363923609257,0.004015064552731928,-0.009998878475016681,1.1212574397213757,-0.937534611672163,-0.10721857490716502,0.7987606292590499,-1.249910424463451,0.7421688584145159,,,,,,,,,,,,,,,,,
57409536,,,,,,,,,,,,,,0.45714836521074176,1.9740907801315188,0.0021710000676193886,0.4365848181769252,3.119504427537322,0.004015064552731928,4.368226334452629,71.32401126623154,6.603715512321084e-05,10.769156895577908,77.71716874837875,7.62736048420809e-05,2.8675234839320183,0.11467547877691686,-0.12502011843025684,0.8615227069240063,1.0
57540608,0.4573886045254767,1.990382065065205,0.001725772960071481,0.4331727351527661,3.0923369228839874,0.004215173862576194,-0.007444307422701968,1.1087034018710256,-0.90217488957569,-0.108025508641731,0.7767417249269783,-1.267685807775706,0.7341504534706473,,,,,,,,,,,,,,,,,
57540608,,,,,,,,,,,,,,0.4582115786615759,2.099924236536026,0.001725772960071481,0.4355092188343406,3.1461586076766253,0.004215173862576194,4.23116834461689,73.28678610920906,6.241817567664842e-05,10.768386773765087,78.07517358660698,7.505896133128132e-05,2.8563843201845884,0.11587203497765586,-0.1250225161202252,0.9604546728078276,1.0
57671680,0.459404174471274,1.8815177213400602,0.0014819300398585256,0.43450621888041496,3.0979716535657644,0.003677438346130657,-0.005378945112852307,1.1179424338042736,-0.9135705241933465,-0.10119234287412837,0.815503885038197,-1.2588892034254968,0.7600595592521131,,,,,,,,,,,,,,,,,
57671680,,,,,,,,,,,,,,0.46013817726634443,1.928407915867865,0.0014819300398585256,0.4366783101577312,3.1578843537718058,0.0036708445513795596,3.9632853530347347,73.06213134527206,6.148243694115152e-05,10.589029900729656,78.50931644439697,6.615005474674973e-05,2.848927330225706,0.11304965685121715,-0.12501764320768416,0.8556952490471303,1.0
57802752,0.45448467042297125,1.8989086598157883,0.0011822053352261719,0.4238717113621533,3.0679400861263275,0.0035165520671398554,-0.0008578779639396572,1.0336101418361068,-0.8508364441804588,-0.10524026083294302,0.7356052868999541,-1.2761183311231434,0.7476525115780532,,,,,,,,,,,,,,,,,
57802752,,,,,,,,,,,,,,0.45521575515158474,1.9533807886764407,0.0011822053352261719,0.42616126756183803,3.1514228750020266,0.0035165520671398554,3.892241967841983,70.57323870062828,7.551351237511383e-05,10.483095116913319,79.01994758844376,7.639488697419594e-05,2.8636273853480816,0.11202935950132087,-0.12501726066693664,0.6746345700230449,1.0
57933824,0.4644331394229084,1.888202297501266,0.0018752798475816235,0.4275372892152518,3.0061321947723627,0.004215104157538008,-0.004215559832005056,1.0827252175658941,-0.868106753565371,-0.08138381328899413,0.7443974018096924,-1.2336163227446377,0.7494455915875733,,,,,,,,,,,,,,,,,
57933824,,,,,,,,,,,,,,0.5162957363638533,1.8963728088391834,0.0048987288727627845,0.41098728239065013,3.037357829084777,0.0032245960282158326,3.0243171837295866,62.75754550843309,5.078298982741386e-05,9.87104632794585,73.16380608057132,6.341897752293458e-05,2.942424003708075,0.10672940807388984,-0.1247771169361939,0.6745812828955521,1.0
58064896,0.4596436091233045,1.935908162035048,0.0016911676291329059,0.43142957566305995,3.013175582513213,0.004157836977356055,-0.0009912956361404213,1.0657393066212535,-0.9790051011368632,-0.0913929829839617,0.7504574963822961,-1.2615312431007624,0.7342090550810099,,,,,,,,,,,,,,,,,
58064896,,,,,,,,,,,,,,0.460409564897418,1.9925969149917364,0.0016911676291329059,0.43383997469209135,3.1176481805741787,0.004157836977356055,3.9119659438729286,72.8476034104824,6.911067065806797e-05,10.238789960741997,78.73310714960098,7.690327400201868e-05,2.8805383685976267,0.11637680151034147,-0.12500906689092517,0.773668286157772,1.0
58195968,0.46193779120221734,1.824544657021761,0.0022532716266141506,0.434224491706118,3.0655157305300236,0.004118756997741002,0.0037924923198033866,1.1322297854349017,-0.8984852959401906,-0.09299338719574735,0.7539470279589295,-1.252679590601474,0.7212171498686075,,,,,,,,,,,,,,,,,
58195968,,,,,,,,,,,,,,0.46256536641158164,1.864448987878859,0.0022532716266141506,0.4362423417624086,3.1218988243490458,0.004118756997741002,3.932725716382265,71.2796283364296,5.177707625619865e-05,10.480586543679237,78.05185237526894,7.979383202472157e-05,2.8358304277062416,0.11591121036326513,-0.12501900945790112,0.753521628677845,1.0
58327040,0.46414289134554565,1.9651953410357237,0.0026969779050887155,0.43003467679955065,3.0386599954217672,0.004111014727186557,0.000835865412682324,1.0411865413188934,-0.95970593765378,-0.09708453598432243,0.790888458956033,-1.2432104633189738,0.7389422175474465,,,,,,,,,,,,,,,,,
58327040,,,,,,,,,,,,,,0.46490506501868367,2.0446979319676757,0.0026969779050887155,0.43225461919791996,3.124517574906349,0.004111014727186557,3.6821113862097263,70.79601928591728,6.703198486390782e-05,10.692015275359154,78.05963864922523,7.51881026419543e-05,2.84038014523685,0.11185484169982374,-0.12502398388460279,0.8039721227250993,1.0
58458112,0.4612848749384284,1.8324249079450965,0.0014535359255773983,0.42421224853023887,3.0232641715556383,0.004175004598437226,0.002504478370610741,1.078828677535057,-0.9052103660069406,-0.10680541460169479,0.752785965334624,-1.261932612862438,0.7560315332375467,,,,,,,,,,,,,,,,,
58458112,,,,,,,,,,,,,,0.4619139062706381,1.872214731760323,0.0014535359255773983,0.4263587733730674,3.10151369869709,0.004175004598437226,3.678011178970337,69.14395904541016,5.9946644113795244e-05,10.655652791261673,78.58895561099052,8.530870817891056e-05,2.854848302900791,0.11202532122842968,-0.12501895776949823,0.7929970712866634,1.0
58589184,0.4514649708289653,1.8246089965105057,0.0008451049458244597,0.42355652316473424,3.0195156652480364,0.0034862925131164957,-0.0016208326923106142,1.0114276795648038,-0.9500089180655777,-0.1064708506455645,0.7578340373001993,-1.2619374408386648,0.7496205200441182,,,,,,,,,,,,,,,,,
58589184,,,,,,,,,,,,,,0.4522077494766563,1.8659056946635246,0.0008451049458244597,0.42585086286999285,3.112023863941431,0.0034862925131164957,3.6385242585092783,68.97978761792183,6.385210791493012e-05,10.648439414799213,78.40302410721779,7.447800670101756e-05,2.8439737521111965,0.11077121726702899,-0.1250216152984649,0.8403537722770125,1.0
58720256,0.45138519536703825,1.8126720366999507,0.001319631179399039,0.42477882257662714,3.0271042957901955,0.003632335768543271,0.003907689952484361,1.0599977881647646,-0.8369783107191324,-0.10632655263179913,0.7354183960705996,-1.2393782930448651,0.7686527241021395,,,,,,,,,,,,,,,,,
58720256,,,,,,,,,,,,,,0.45200745458714664,1.8340607471764088,0.001319631179399039,0.4266958595253527,3.0950899478048086,0.003632335768543271,3.725213224068284,70.59066027402878,6.0857394505092754e-05,10.801707431674004,76.77988260984421,6.44277574373131e-05,2.855018736794591,0.10957599146058783,-0.1250227582640946,0.684046127833426,1.0
58851328,0.456304220482707,1.8824157882481813,0.001457100778907261,0.4253284621518105,3.03739195689559,0.003979481378337368,0.004996085873244738,1.065891697537154,-0.9364032633602619,-0.10760854225372896,0.7478801673278213,-1.2560452679172158,0.726858395151794,,,,,,,,,,,,,,,,,
58851328,,,,,,,,,,,,,,0.45704999286681414,1.9266189858317375,0.001457100778907261,0.42748213838785887,3.1220728140324354,0.003979481378337368,4.053844068199396,69.25572526454926,5.6882883268105644e-05,10.69918068498373,78.13288801908493,7.298495566887553e-05,2.854912433773279,0.11252432130277157,-0.1250181095674634,0.7064830001909286,1.0
58982400,0.45222905557602644,1.8653110703453422,0.001959619103672594,0.42378875450231135,3.048755431547761,0.003715426486451179,0.0028140651766079827,1.0989062618464231,-0.8726510372944176,-0.11441033275332302,0.7504051174037158,-1.261839672923088,0.7482967982068658,,,,,,,,,,,,,,,,,
58982400,,,,,,,,,,,,,,0.45290314638987184,1.9066568007692695,0.001959619103672594,0.4258374848868698,3.1406425163149834,0.003715426486451179,3.8577783554792404,70.48346346616745,5.7234484047263834e-05,10.858372814953327,78.51711302995682,7.25617965390557e-05,2.8568008467555046,0.11221917159855366,-0.12501996965147555,0.7550961012020707,1.0
59113472,0.44480589288286865,1.8106598304584622,0.0013234969408131292,0.4179815021343529,3.1091105695813894,0.003299612769524174,-0.00026904750029643765,1.023737310897559,-0.9237776580266654,-0.11562446219613776,0.7602830999530852,-1.2673691660165787,0.7667046377900988,,,,,,,,,,,,,,,,,
59113472,,,,,,,,,,,,,,0.44550504232756793,1.8648530477657914,0.0013234969408131292,0.42001563706435263,3.1891462318599224,0.003299612769524174,3.9120819829404354,67.31831845641136,7.141974824875774e-05,10.80277456343174,78.36008700728416,6.300256425983974e-05,2.8568548876792192,0.11025154526578262,-0.12502783094532788,0.7550339957233518,1.0
59244544,0.45241641951724887,1.8917629458010197,0.0016668582538841292,0.4252021813299507,3.038460850715637,0.0033876169579798443,-0.004913915484166864,1.025940083898604,-1.0299161528237164,-0.1061004619114101,0.7423187224194407,-1.2331050341017544,0.757462767418474,,,,,,,,,,,,,,,,,
59244544,,,,,,,,,,,,,,0.45314442086964846,1.9565593069419265,0.0016668582538841292,0.4272879015188664,3.1197032127529383,0.0033876169579798443,3.9993095211684704,70.47058907151222,6.319053823972132e-05,10.495391592383385,76.91287791728973,7.859701138945852e-05,2.8191328551620245,0.1117280232720077,-0.12502198107540607,0.818148065591231,1.0
59375616,0.4540079722646624,2.0018448401242495,0.0018803881321218796,0.42966762254945934,3.0799913611263037,0.003774094581785903,-0.0026481157148623424,1.1106362119317055,-0.8993833614513278,-0.10476820636540651,0.8066968843340874,-1.2613393208011985,0.7328662304207683,,,,,,,,,,,,,,,,,
59375616,,,,,,,,,,,,,,0.4548567805904895,2.1296084048226476,0.0018803881321218796,0.43184681376442313,3.1359321512281895,0.003774094581785903,4.0363843478262424,72.11954382061958,5.566560847358737e-05,10.636855758726597,78.46004354953766,7.95066314940307e-05,2.8152893763035536,0.11392710963264108,-0.12502365978434682,1.0268596590030938,1.0
59506688,0.4542212374508381,1.829720774665475,0.0018667481090233196,0.42892635567113757,3.1076250579208136,0.0036341833870210394,-0.00583291028772237,1.0534345251508057,-0.9780098544433713,-0.10485051944851875,0.7454113364219666,-1.2621020786464214,0.7201641211286187,,,,,,,,,,,,,,,,,
59506688,,,,,,,,,,,,,,0.4549934978131205,1.8898973492905498,0.0018667481090233196,0.4312197274994105,3.184560412541032,0.0036341833870210394,4.047832941636443,70.43289121985435,6.49362481053295e-05,10.595615029335022,78.61617955565453,7.762782709530569e-05,2.844266828149557,0.11508040264016017,-0.1250165964011103,0.9896389844361693,1.0
59637760,0.45671894447878003,1.880074073560536,0.0016250943943987295,0.4311336362734437,3.0664178282022476,0.0035586976400736603,-0.009551273702527396,1.0319123300723732,-0.970953959506005,-0.10703353642020375,0.765552886761725,-1.262311392929405,0.7610143290366977,,,,,,,,,,,,,,,,,
59637760,,,,,,,,,,,,,,0.4574092032853514,1.9465707326307893,0.0016250943943987295,0.43323865276761353,3.136489162221551,0.0035586976400736603,4.102923272177577,73.08250093460083,5.845248882296872e-05,10.766575798392296,78.62912908196449,7.077012566192309e-05,2.8622255213558674,0.11134689679602161,-0.1250205400865525,0.879256573272869,1.0
59768832,0.46157003194093704,1.950859259814024,0.0020010881241887546,0.4327035758178681,3.164374567568302,0.004057381309621633,-0.0144796054737526,1.053613371681422,-0.9129371508024633,-0.10368163866223767,0.7631757096387446,-1.2498337430879474,0.767779105110094,,,,,,,,,,,,,,,,,
59768832,,,,,,,,,,,,,,0.4621995857451111,1.998336136341095,0.0020010881241887546,0.4346537983510643,3.218089746311307,0.004057381309621633,4.087581265717745,70.28314334154129,6.68758673634251e-05,10.758506797254086,77.28245806694031,7.139901746600064e-05,2.839723201468587,0.11312571057351306,-0.12501854333095253,0.8659358916338533,1.0
59899904,0.4573700954206288,1.8618099996820092,0.0019757892724783233,0.43134608259424567,3.0508924517780542,0.004663394210183469,-0.013367538387683453,0.9303045673295856,-0.8661454347893596,-0.11359415808692575,0.7789958226494491,-1.2606948767788708,0.7386436290107667,,,,,,,,,,,,,,,,,
59899904,,,,,,,,,,,,,,0.4580937547143549,1.9228898268193007,0.0019757892724783233,0.4334451276808977,3.106371210888028,0.004663394210183469,3.8748297318816185,67.65092727541924,6.261687223257928e-05,10.998286500573158,78.0409252345562,7.33539423327656e-05,2.8433834202587605,0.11213049909565598,-0.12500989064574242,0.8183956004213542,1.0
60030976,0.4558600354939699,1.935338344424963,0.001955018558419397,0.42982172686606646,3.075897417962551,0.0037454379089467693,-0.00770746473347117,0.9203263097442687,-0.8760992456227541,-0.11226212966721505,0.7704529082402587,-1.2522534630261362,0.7574733104556799,,,,,,,,,,,,,,,,,
60030976,,,,,,,,,,,,,,0.4566263649612665,2.008359957486391,0.001955018558419397,0.4318644441664219,3.1617632415145636,0.0037454379089467693,3.9800521321594715,64.31438827514648,7.022182117133458e-05,11.092193976044655,78.41625893115997,7.743155850370442e-05,2.8343224860727787,0.11152164032682776,-0.12501892517320812,0.8306528185494244,1.0
60162048,0.457101991167292,1.835900985635817,0.002175391194327858,0.4286629594862461,3.0498554203659296,0.0043007461176785,-0.006033767974315651,1.0753267561085522,-0.9195001840125769,-0.10968098673038185,0.7485012100078166,-1.2759717144072056,0.7553820945322514,,,,,,,,,,,,,,,,,
60162048,,,,,,,,,,,,,,0.4577828429173678,1.8733965903520584,0.002175391194327858,0.4308447199873626,3.131446333602071,0.0043007461176785,3.9507901538163424,73.53256860375404,5.544701696080789e-05,10.757273182272911,79.11576509475708,7.548204952190218e-05,2.8877266738563776,0.11189516069134697,-0.125025613931939,0.7187993179541081,1.0
60293120,0.459369057090953,1.9487956361845136,0.0017875973819627688,0.4338376976083964,2.998146954923868,0.0038541125418305455,-0.004031391364407,1.107345768250525,-0.8089589853771031,-0.10235090221976861,0.7710004588589072,-1.2567019471898675,0.7513313121162355,,,,,,,,,,,,,,,,,
60293120,,,,,,,,,,,,,,0.4601071015931666,2.0330475913360715,0.0017875973819627688,0.4358273218385875,3.0698638316243887,0.0038541125418305455,4.097634183242917,70.55284973978996,5.769107464598244e-05,10.708847254514694,78.06455293297768,7.570843772319868e-05,2.8274457212537527,0.11268278415082023,-0.12502153893001378,0.8789170021191239,1.0
60424192,0.45852122991345823,1.8116251807659864,0.0018211834186558917,0.4327044894453138,3.055663101375103,0.003983907248766627,0.00038254578834084896,1.0511991861276329,-0.9182589207775891,-0.10011105553712696,0.7288363273255527,-1.23238574154675,0.7355256788432598,,,,,,,,,,,,,,,,,
60424192,,,,,,,,,,,,,,0.4592200380284339,1.8466066075488925,0.0018211834186558917,0.4348175248596817,3.1436299718916416,0.003983907248766627,4.002522360533476,69.78007861971855,6.487070199723277e-05,10.561939381062984,76.31192260980606,7.108184477733204e-05,2.811760002747178,0.11199039884377271,-0.12500977842137218,0.6817753494251519,1.0
60555264,0.4646496174391359,1.8521849801763892,0.001404612741055189,0.426844586385414,3.055856578052044,0.0036273254886509676,0.00751992322489059,1.1275214259512722,-0.868795367423445,-0.0836217034375295,0.7378673697821796,-1.2404319480992854,0.7208807764109224,,,,,,,,,,,,,,,,,
60555264,,,,,,,,,,,,,,0.52967448155564,1.7671372749539742,0.005305341734375438,0.41251492160316333,3.042065583124577,0.0030726435364279068,2.9766819122863137,63.99672817900014,5.127752011167479e-05,9.840536712292941,73.03581644789911,5.888046784485233e-05,2.927750875432807,0.10545352576805436,-0.12477504562990493,0.5860671829881079,1.0
60686336,0.4572420616168529,1.7156910970807076,0.002163696853017427,0.43408609204925597,3.089882345870137,0.004456967111764243,0.0059758053653240495,1.0428655161522329,-0.8494044193066657,-0.08842642128001899,0.7256835182197392,-1.261965866200626,0.7318558618426323,,,,,,,,,,,,,,,,,
60686336,,,,,,,,,,,,,,0.45786516065709293,1.7163211237639189,0.002163696853017427,0.43622750672511756,3.151630289852619,0.004456967111764243,4.023074077442288,71.41683894395828,6.619882250491482e-05,10.30710493773222,77.72873845696449,8.972938829607258e-05,2.863301182165742,0.11480279307579622,-0.1250145484227687,0.5249391200486571,1.0
60817408,0.4656198488082737,1.8542203214019537,0.0016808388713798195,0.4384389277547598,3.098227860406041,0.003708011989147053,0.007119880507161724,1.1277145608328283,-0.8048546561039984,-0.0822787678334862,0.7782565280795097,-1.2723687933757901,0.7348688296042383,,,,,,,,,,,,,,,,,
60817408,,,,,,,,,,,,,,0.4663298185914755,1.9238167870789766,0.0016808388713798195,0.44067535595968366,3.194730456918478,0.003708011989147053,4.130347143858671,74.72602432966232,6.112133897495653e-05,10.163645841181278,78.86256757378578,8.449456474846073e-05,2.8274294901639223,0.11356949846958742,-0.12502106023021042,0.7503855072427541,1.0
60948480,0.45645563141442835,1.8220070684328675,0.002090485014150545,0.43490605242550373,3.07593778334558,0.004292473947771214,0.007874247372456011,1.0407217489555478,-0.8997155437245965,-0.0842673089937307,0.743393786251545,-1.2368759107775986,0.7340869698673487,,,,,,,,,,,,,,,,,
60948480,,,,,,,,,,,,,,0.4571238444186747,1.8697181167080998,0.002090485014150545,0.4369524228386581,3.1446242816746235,0.004292473947771214,4.227322665974498,70.26451209187508,6.13255861172668e-05,9.962973229587078,76.92354190349579,7.659707336404864e-05,2.8279628064483404,0.1141055358457379,-0.12501882459037006,0.7654190715402365,1.0
61079552,0.46113497065380216,1.8874110514298081,0.002594617742261107,0.43693153792992234,3.0037241615355015,0.0045282529054020415,0.007554854304544278,1.1112331077456474,-0.7779426395427436,-0.08582888206001371,0.7599271675571799,-1.2655076356604695,0.7315324177034199,,,,,,,,,,,,,,,,,
61079552,,,,,,,,,,,,,,0.4617923595942557,1.9369518179446459,0.002594617742261107,0.4389180194120854,3.058644112199545,0.0045282529054020415,4.0108230747282505,70.98070612549782,6.154683700287933e-05,10.252881854772568,78.39743593335152,8.90636530729294e-05,2.8291266225278378,0.11463531263871118,-0.1250191004946828,0.7451253461185843,1.0
61210624,0.4604700456839055,1.8559665717184544,0.002229592303933714,0.43401487660594285,3.024590602144599,0.004408329584293824,0.005258316617329228,1.0325539233163,-0.7870987725909799,-0.08543939492665231,0.7657818528823555,-1.2542901718989015,0.7374636840540916,,,,,,,,,,,,,,,,,
61210624,,,,,,,,,,,,,,0.4611454464029521,1.9069977942854166,0.002229592303933714,0.4360960032790899,3.116433994844556,0.004408329584293824,3.827414084225893,68.14910462498665,6.4015379027893e-05,10.192460231482983,77.78521066904068,8.591478716857281e-05,2.8093701507896185,0.11282017396297306,-0.1250120720360428,0.6457683306653053,1.0
61341696,0.4548218853306025,1.951180323958397,0.0016855188755471318,0.42756385263055563,3.058066677302122,0.004229936146657565,0.011446297743532341,1.0335728512145579,-0.8579019117169082,-0.08454337512375787,0.7649477482773364,-1.2581536518409848,0.7382731179241091,,,,,,,,,,,,,,,,,
61341696,,,,,,,,,,,,,,0.45553989987820387,2.042345100082457,0.0016855188755471318,0.4295185524970293,3.1251621451228857,0.004229936146657565,3.9778130874037743,69.32826247811317,6.316151756458055e-05,10.121062807738781,78.0555630326271,8.42527249897973e-05,2.8374082911759615,0.11288909433642402,-0.12501053931191564,0.8376146014779806,1.0
61472768,0.4562461052555591,1.9143394464626908,0.0012222592788475595,0.4253269247710705,3.058243878185749,0.003043891285869904,0.010726197178883012,1.0319466688670218,-0.7449701954610646,-0.08217408129712567,0.7727848058566451,-1.2485452159307897,0.7392224320210516,,,,,,,,,,,,,,,,,
61472768,,,,,,,,,,,,,,0.4568857220001519,1.9617855492979288,0.0012222592788475595,0.42723679542541504,3.135158447548747,0.003043891285869904,3.8100039325654507,67.56848511099815,6.385578019296734e-05,9.95041025429964,77.36473926901817,8.108358485880984e-05,2.8443356417119503,0.1092101446702145,-0.1250227049458772,0.8654681392945349,1.0
61603840,0.45698081981390715,1.93832603469491,0.0012605973597601405,0.4296598492655903,3.04165443405509,0.002215322104802908,0.009791409833269427,1.061526265926659,-0.7922947411425412,-0.08886168763274327,0.7573784166015685,-1.2533638989552855,0.7384225409477949,,,,,,,,,,,,,,,,,
61603840,,,,,,,,,,,,,,0.45767685980536044,1.994458381086588,0.0012605973597601405,0.4316373998299241,3.107606390491128,0.002215322104802908,3.9167029801756144,68.64788934588432,6.159654673654202e-05,10.342117980122566,77.9128275513649,7.260684419474472e-05,2.841958334669471,0.11243433755589649,-0.12501030648127198,0.8314392536412925,1.0
61734912,0.4639225041028112,1.8669910272583365,0.0018479653938356932,0.4326987797394395,3.0887207817286253,0.003591779780208526,0.007072259496908373,1.108130943030119,-0.8692149426788092,-0.08967265416868031,0.7737688301131129,-1.2440675753168762,0.7498966348357499,,,,,,,,,,,,,,,,,
61734912,,,,,,,,,,,,,,0.4646031984593719,1.9147643549367785,0.0018479653938356932,0.43475997168570757,3.168462138622999,0.003591779780208526,3.8718096427619457,71.94140431284904,5.8247199633015834e-05,10.377573162317276,77.12965241074562,7.804403024458395e-05,2.800252467393875,0.11245987639995292,-0.12501591653563082,0.7922289387788624,1.0
61865984,0.4552062323782593,1.8963525788858533,0.001690790093675787,0.41999790631234646,3.036141850054264,0.0030242579050536733,0.0056230723600947385,0.9766675224527717,-0.8600764002185315,-0.10128541628364474,0.7707646056078374,-1.2492830585688353,0.7570487156044692,,,,,,,,,,,,,,,,,
61865984,,,,,,,,,,,,,,0.45586787024512887,1.982781047001481,0.001690790093675787,0.42190377484075725,3.1192520447075367,0.0030242579050536733,3.633038265630603,66.59894216060638,6.454457867166585e-05,10.534947194159031,77.62339213490486,8.342452164455949e-05,2.841416124254465,0.11057418445125222,-0.12500691623426974,0.9775749284308404,1.0
61997056,0.4586137749720365,1.8687600530683994,0.0014326437144518422,0.42705186596140265,3.064955784007907,0.004226010118145496,0.005592757628846812,1.0568241528235376,-0.7357170956674963,-0.10524086753139272,0.779228325933218,-1.2484446442686021,0.759537931997329,,,,,,,,,,,,,,,,,
61997056,,,,,,,,,,,,,,0.45927031990140676,1.9264827826991677,0.0014326437144518422,0.42901292769238353,3.120701491832733,0.004226010118145496,3.6569981891661882,68.19182273745537,5.747411355661036e-05,10.780138969421387,77.57743096351624,7.58199175339147e-05,2.873430537059903,0.10964854358462617,-0.12500156532041728,0.8123342751059681,1.0
62128128,0.46611515362747014,1.9058129992336035,0.0018782001377530833,0.4344988935627043,3.0886256229132414,0.004422711093866383,0.004639336869786348,1.062833912204951,-0.8368325107730925,-0.109215606469661,0.7504015578888357,-1.2399934879504144,0.7508500539697707,,,,,,,,,,,,,,,,,
62128128,,,,,,,,,,,,,,0.46673117973841727,1.955313584767282,0.0018782001377530833,0.43643328733742237,3.1424716003239155,0.004422711093866383,3.6734270099550486,67.93224710226059,5.768558304031224e-05,10.924509942531586,77.4124228656292,7.010762143788707e-05,2.8068027421832085,0.10987644095439464,-0.1250170194543898,0.7766856630332768,1.0
62259200,0.464230498066172,1.8598651234060526,0.0018235719635413261,0.4301058405544609,3.055414468050003,0.0038437304110630066,0.001770074188414128,1.0857472601346672,-0.8384593338705599,-0.11459277238463983,0.7568796519190073,-1.2494968893006444,0.7664971272461116,,,,,,,,,,,,,,,,,
62259200,,,,,,,,,,,,,,0.4649086387362331,1.9053183868527412,0.0018235719635413261,0.4321416614111513,3.13117135129869,0.0038437304110630066,3.6691230293363333,72.5501000881195,5.45034608467887e-05,11.260457091033459,77.15880358219147,7.044003522516107e-05,2.804778629913926,0.10966888477560133,-0.12501505203545094,0.7443276636768132,1.0
62390272,0.46130053023807704,1.8322939248755574,0.0016022178385810548,0.4288179958239198,2.997985929250717,0.003787023362747277,-0.0017352600661979523,1.0455211885273457,-0.7433083469513804,-0.11558807024266571,0.7389018437825143,-1.243028555996716,0.7399671715684235,,,,,,,,,,,,,,,,,
62390272,,,,,,,,,,,,,,0.46189345559105277,1.8508514864370227,0.0016022178385810548,0.43072904413565993,3.0666884537786245,0.003787023362747277,3.592841589823365,68.60119843482971,6.468928767522364e-05,11.15159422904253,76.93873888254166,6.98038773380115e-05,2.8290703929960728,0.10909368330612779,-0.12501331977546215,0.5539449329953641,1.0
62521344,0.46199624612927437,1.9237065389752388,0.0018167797929891094,0.4326717904768884,3.2111821360886097,0.003807987070558738,-0.0011649611992368136,1.1230668886564672,-0.8751482251100242,-0.11778363812481984,0.7778878370299935,-1.2462540650740266,0.7498096455819905,,,,,,,,,,,,,,,,,
62521344,,,,,,,,,,,,,,0.46273645060136914,1.9964898796752095,0.0018167797929891094,0.43496843706816435,3.2699002884328365,0.003807987070558738,3.7826998122036457,71.10283270478249,5.534547512164867e-05,11.232548333704472,77.40158897638321,7.221758794617728e-05,2.8116483464837074,0.10992136772256345,-0.12501917476765811,0.7456511820200831,1.0
62652416,0.4639655763749033,1.8379773860797286,0.0020435477345017716,0.4313553748652339,3.099571619182825,0.004689263404998201,0.0012247277147139357,1.07553999312222,-0.721140859881416,-0.1179369575693272,0.7588420482352376,-1.2535050469450653,0.7612740807235241,,,,,,,,,,,,,,,,,
62652416,,,,,,,,,,,,,,0.4646732595283538,1.8985920576378703,0.0020435477345017716,0.43344959639944136,3.171571245416999,0.004689263404998201,3.8212627060711384,71.32037383317947,6.021092134056438e-05,11.034523122012615,77.66651129722595,7.958905982885511e-05,2.8103189915418625,0.11030816636048257,-0.1250170625280589,0.8140366857405752,1.0
62783488,0.4594969041645527,1.8270020289346576,0.0019246344954808592,0.4288492372725159,3.013716110959649,0.004062467278799886,0.0015483607944588584,1.044161990750581,-0.9840086954645813,-0.11650270508835092,0.7596782222390175,-1.2668110746890306,0.7631571879610419,,,,,,,,,,,,,,,,,
62783488,,,,,,,,,,,,,,0.4602231790777296,1.8788798404857516,0.0019246344954808592,0.43103460571728647,3.100747464224696,0.004062467278799886,3.7945586908608675,72.229417771101,6.091752317072263e-05,10.912272430956364,78.43744069337845,7.312633836387139e-05,2.822191981598735,0.10750465572346002,-0.12501586973667145,0.778675792273134,1.0
62914560,0.46036037104204297,1.8167912932112813,0.0014665140810166122,0.43238245719112456,3.0901337582618,0.003447776967732352,0.002680137254944537,1.0285082892514765,-0.767991793109104,-0.11038915603421628,0.7566371583379805,-1.2733551622368395,0.7362792645581067,,,,,,,,,,,,,,,,,
62914560,,,,,,,,,,,,,,0.4610529919154942,1.8718994846567512,0.0014665140810166122,0.43449094565585256,3.1533991247415543,0.003447776967732352,3.9585750326514244,65.61038067936897,5.64522137200818e-05,10.765031591057777,79.84224531054497,8.376163561063521e-05,2.787456888705492,0.11027025117073208,-0.12501213164068758,0.7432372635230422,1.0
63045632,0.4590517529286444,1.8563197366893291,0.0006510531318610902,0.43006248818710446,3.0458452589809895,0.002343510933314974,-0.00019898494198855587,1.0698405089788139,-0.7881709695793688,-0.10463064257055521,0.7756439633667469,-1.245559829287231,0.7201567669399083,,,,,,,,,,,,,,,,,
63045632,,,,,,,,,,,,,,0.459717616206035,1.9251924864947796,0.0006510531318610902,0.4319959348067641,3.106257025152445,0.002343510933314974,4.12269126996398,69.93243622779846,6.085509218767271e-05,10.566679656505585,77.35546576976776,8.470649142866549e-05,2.813263453543186,0.11176696856273338,-0.1250092547852546,0.7672177171334624,1.0
63176704,0.46223624842241406,1.6841888381168246,0.0015327195850431963,0.4314051675610244,2.9344388972967863,0.0038047709813326946,0.0049927331858725665,1.081682668067515,-0.78843136690557,-0.09074681263882667,0.7318969173356891,-1.2406678665429354,0.7430443232879043,,,,,,,,,,,,,,,,,
63176704,,,,,,,,,,,,,,0.5305539127214846,1.8125462666243675,0.005280646370712097,0.41962836386007535,3.044548738343888,0.003185459191638118,3.1080871902817178,63.02725547242416,5.177286671453227e-05,10.03849720312086,73.89250212690108,6.410882836010304e-05,2.9071465164243455,0.1063144288168861,-0.12477271209459707,0.6474815736334008,1.0
63307776,0.4619078228715807,1.9139216532930732,0.0019665335175886867,0.4381282969843596,3.0646098759025335,0.004312193718760682,0.005404622596159925,1.0801746561191976,-0.8476872341707349,-0.09298483788734302,0.7918419558554888,-1.289347899146378,0.7340533826500177,,,,,,,,,,,,,,,,,
63307776,,,,,,,,,,,,,,0.46274798712693155,1.9856341043487191,0.0019665335175886867,0.440689830807969,3.151638688519597,0.004312193718760682,4.119918584823608,71.74515840411186,7.07541402280576e-05,10.500631533563137,80.51109820604324,8.305483436155114e-05,2.846829332411289,0.11438619473483413,-0.12501332070678473,0.820047173416242,1.0
63438848,0.45852895453572273,1.9138011168688536,0.001221017052841944,0.43709430983290076,3.1378613729029894,0.0030527805154179077,0.00543168650528969,0.9893109663389623,-0.9692824594676495,-0.09145441243890673,0.7719683637842536,-1.2758725513704121,0.7232525050640106,,,,,,,,,,,,,,,,,
63438848,,,,,,,,,,,,,,0.4593588514253497,2.0049757165834308,0.001221017052841944,0.43949741101823747,3.2124292012304068,0.0030527805154179077,4.064495759084821,72.30849158763885,6.467666610326939e-05,10.47285459190607,79.25676608085632,6.059936061264537e-05,2.8314331118017435,0.11365134740481153,-0.12502301507629454,0.8874556401278824,1.0
63569920,0.46073534269817173,1.9023426594212651,0.0016775629267158365,0.4368928992189467,3.1109366845339537,0.003536339835591207,0.0064838883232596345,1.0564959701150656,-0.7752779806032777,-0.09329556085867807,0.8254545768722892,-1.2638494661077857,0.7359107993543148,,,,,,,,,,,,,,,,,
63569920,,,,,,,,,,,,,,0.4614236035849899,1.9824934042990208,0.0016775629267158365,0.43894415255635977,3.169934794306755,0.003536339835591207,4.266396716237068,69.55981335043907,6.423181081816054e-05,10.425270102918148,79.00236466526985,7.037650623908931e-05,2.8232431411743164,0.1116795368725434,-0.12501831399276853,0.8614161645527929,1.0
63700992,0.46533363591879606,1.9737357338890433,0.0016643560795728263,0.43788697361014783,3.121374983340502,0.0037781868654747086,0.004221374425512181,1.0889934860169888,-0.8228068363387138,-0.10481979552423581,0.7751845074817538,-1.2702654683962464,0.7476138414349407,,,,,,,,,,,,,,,,,
63700992,,,,,,,,,,,,,,0.4661049493588507,2.058833102695644,0.0016643560795728263,0.4399912259541452,3.185554498806596,0.0037781868654747086,4.173228083178401,70.27353098988533,5.3831205332421916e-05,10.778260737657547,78.65787807106972,7.960987184585377e-05,2.8362410981208086,0.11126459779916331,-0.12501328974030912,0.9025682425126433,1.0
63832064,0.462401470169425,1.810327123850584,0.001615531463357911,0.4302525743842125,3.082106923684478,0.0037961713755976234,0.004811219134637668,1.069321917835623,-0.7670013159513474,-0.11351771123008803,0.7411974798887968,-1.2566310386173427,0.7579575222916901,,,,,,,,,,,,,,,,,
63832064,,,,,,,,,,,,,,0.4630843517370522,1.8447034191340208,0.001615531463357911,0.43248812877573073,3.173393851146102,0.0037961713755976234,3.810645153746009,70.65176346898079,6.472891249131862e-05,10.834149673581123,78.35740181803703,6.836649814134788e-05,2.8303346280008554,0.10871206189040095,-0.12500474927946925,0.6736002070829272,1.0
63963136,0.45928449952043593,1.8531343014910817,0.0017815789572068752,0.4312480613589287,3.050653150305152,0.0038312652750391862,0.005075983952693264,1.0531822657212615,-0.7953650515992194,-0.11208708625053987,0.7534805587492883,-1.265965147409588,0.7620716360397637,,,,,,,,,,,,,,,,,
63963136,,,,,,,,,,,,,,0.4600151546765119,1.9193191453814507,0.0017815789572068752,0.4334125202149153,3.1497352439910173,0.0038312652750391862,3.894525919109583,68.46994006633759,5.524180000826551e-05,10.798715054988861,79.08762902021408,6.957924088624168e-05,2.8113281913101673,0.1098108016885817,-0.12501004617661238,0.7655425611883402,1.0
64094208,0.4634377774782479,2.1218839585781097,0.0014556248332269206,0.43164683249779046,3.097545074298978,0.0037280743840710784,0.0038447888958899057,1.041332418564707,-0.810130299301818,-0.1095687267370522,0.7968947794288397,-1.2477475674822927,0.7683813408948481,,,,,,,,,,,,,,,,,
64094208,,,,,,,,,,,,,,0.46423476841300726,2.228458035737276,0.0014556248332269206,0.4336801788304001,3.160833138972521,0.0037280743840710784,3.8865060675889254,68.12840050458908,6.185335333386277e-05,10.752817265689373,77.6120932996273,7.711225478679307e-05,2.8355519268661737,0.11151439714012668,-0.12501413491554558,0.8908303531352431,1.0
64225280,0.46927090594545007,1.9021290065720677,0.0018728076199749921,0.43392141978256404,3.0692641343921423,0.0038271291282399034,-0.0021330377593358207,1.0665124445222318,-0.7993438101839274,-0.11010086897294968,0.7475644312798977,-1.2408354775980115,0.7822073400020599,,,,,,,,,,,,,,,,,
64225280,,,,,,,,,,,,,,0.4699448354076594,1.9563790429383516,0.0018728076199749921,0.43597426265478134,3.141872737556696,0.0038271291282399034,3.7208917420357466,71.90335166454315,5.723219780265354e-05,10.807310983538628,77.3282819390297,6.709042534946974e-05,2.7977002039551735,0.11107451230054721,-0.1250051693059504,0.8207985181361437,1.0
64356352,0.46076111192815006,1.9257031409069896,0.0014279229859539555,0.43434813572093844,3.1091838497668505,0.0037649718985903746,-0.00026979677952709835,1.0175356604158878,-0.8557464615441859,-0.11443331703776494,0.7492321119643748,-1.253549272660166,0.7550043538212776,,,,,,,,,,,,,,,,,
64356352,,,,,,,,,,,,,,0.4613919290713966,1.9707667659968138,0.0014279229859539555,0.4362806873396039,3.174132265150547,0.0037649718985903746,3.9379068687558174,70.17945465445518,5.42703154053914e-05,10.95389212667942,78.0345184803009,7.455930318196052e-05,2.808530855923891,0.11071985249873251,-0.125011790310964,0.9278155951760709,1.0
64487424,0.4600177814718336,1.8269701320677996,0.0022651963813586917,0.43284840043634176,3.172153605148196,0.00435178473844644,-0.000887219742594425,1.0245735165663064,-0.7964954522904009,-0.11512265598867089,0.7769488897174597,-1.217140591237694,0.7534148779232055,,,,,,,,,,,,,,,,,
64487424,,,,,,,,,,,,,,0.4607266914099455,1.8976853732019663,0.0022651963813586917,0.4348528862465173,3.231043456122279,0.00435178473844644,3.8613835982978344,68.97892022132874,6.681448208456509e-05,11.002681970596313,76.06378081440926,7.393105141562106e-05,2.7918228562921286,0.11001156701240689,-0.12501105153933167,0.7278526925947517,1.0
64618496,0.45569842774420977,1.928617556579411,0.001512988209356081,0.42786816344596446,3.1089369114488363,0.0033869323724502465,-0.005392004161819841,0.9447926278226078,-0.8031326190102845,-0.12014563038246706,0.7715945094823837,-1.220085196197033,0.7606721958145499,,,,,,,,,,,,,,,,,
64618496,,,,,,,,,,,,,,0.45641553262248635,2.012934947386384,0.001512988209356081,0.42981270141899586,3.150906564667821,0.0033869323724502465,3.758407646790147,64.5508396923542,5.999609914586479e-05,11.22484528273344,76.32856160402298,7.628182639152215e-05,2.8058397248387337,0.11163048964226618,-0.12501787464134395,0.8724997355602682,1.0
64749568,0.4559396761469543,1.9122581528499722,0.0009581223380337178,0.43375402758829296,3.153356095775962,0.002537959019491609,-0.0011859624070069685,0.9836931442841887,-0.7978132413700223,-0.11872598633635789,0.7723870081827044,-1.2491028397344053,0.7443127003498375,,,,,,,,,,,,,,,,,
64749568,,,,,,,,,,,,,,0.45662342431023717,2.000625789165497,0.0009581223380337178,0.4356080738361925,3.203921217471361,0.002537959019491609,3.6820679511874914,65.16653534770012,5.6670192575936085e-05,11.077541254460812,78.20601737499237,7.203796401222817e-05,2.8043345008045435,0.10930342302890494,-0.1250074408017099,0.965809152694419,1.0
64880640,0.4636088905390352,1.851386588998139,0.0015850216459512012,0.43270632601343095,3.1110035069286823,0.003519321035582834,0.00121088174320505,1.053167820442468,-0.7559126573614776,-0.1167376622906886,0.7506991666741669,-1.2376181231811643,0.7452860409393907,,,,,,,,,,,,,,,,,
64880640,,,,,,,,,,,,,,0.46420853841118515,1.881750906817615,0.0015850216459512012,0.43446195940487087,3.1604812908917665,0.003519321035582834,3.948764130473137,67.29595637321472,6.103790252920405e-05,11.042049787938595,76.64979958534241,5.891992751405617e-05,2.806010100990534,0.10905457509215921,-0.1250007359776646,0.7813903200440109,1.0
65011712,0.4585632972884923,1.9025200111791492,0.001306277649518961,0.4325574254617095,3.11088334210217,0.0035576655882323394,-0.0003632946777543111,1.0310257179662585,-0.7859807449858636,-0.12026266084285453,0.7829196169041097,-1.2476507676765323,0.7484768694266677,,,,,,,,,,,,,,,,,
65011712,,,,,,,,,,,,,,0.45931709092110395,1.9724784400314093,0.001306277649518961,0.4346790467388928,3.1889710407704115,0.0035576655882323394,4.020355589687824,68.55849534273148,6.302300307203801e-05,11.097013458609581,77.80743286013603,8.998229511636424e-05,2.7943566888570786,0.11103398422710598,-0.1250135365407914,0.8603841522708535,1.0
65142784,0.45809429860673845,1.82288162317127,0.0014813436353051657,0.4282117234542966,3.0899579375982285,0.0032153240219940926,-0.004861914037746828,1.0853696768172085,-0.8391539277508855,-0.1212702170596458,0.7488796054385602,-1.241322432179004,0.7746049272827804,,,,,,,,,,,,,,,,,
65142784,,,,,,,,,,,,,,0.45864817639812827,1.8626136919483542,0.0014813436353051657,0.42988548218272626,3.161581316962838,0.0032153240219940926,3.8417950123548508,72.72031009197235,5.6929463430277494e-05,10.963076643645763,76.40446570515633,7.209450854871874e-05,2.804064556956291,0.10986908042104915,-0.1250021350570023,0.7334822036791593,1.0
65273856,0.4591382306534797,2.0317255593836308,0.0017786792309379962,0.4308740480337292,3.0577712543308735,0.0036275136149015452,-0.009924818485160358,1.0283449064008892,-0.887507900595665,-0.12016854382818565,0.7827023742720485,-1.249796451535076,0.7382347001694143,,,,,,,,,,,,,,,,,
65273856,,,,,,,,,,,,,,0.4598562840837985,2.1312832701951265,0.0017786792309379962,0.43280696123838425,3.1173021513968706,0.0036275136149015452,3.819793773815036,66.7671010196209,6.294490536040698e-05,11.004359871149063,77.53232201933861,7.463600497786826e-05,2.8232711739838123,0.11292892909841612,-0.12501187645830214,0.8943354529328644,1.0
65404928,0.46370511036366224,1.90003003180027,0.0016164639097269173,0.4357072750572115,3.1156824119389057,0.0034625302200765873,-0.009969660079150344,1.0102506559342146,-0.7827979973517358,-0.11688155529554933,0.7853472121059895,-1.2317358627915382,0.7454120125621557,,,,,,,,,,,,,,,,,
65404928,,,,,,,,,,,,,,0.46434067375957966,1.9875998524948955,0.0016164639097269173,0.43750212131999433,3.154423389583826,0.0034625302200765873,3.973993992432952,66.23331800103188,5.5242709701919246e-05,11.014079578220844,76.79961675405502,7.3883376364825e-05,2.7974980920553207,0.1113644998986274,-0.12501139706000686,0.9484798540361226,1.0
65536000,0.46266067936085165,1.89132905844599,0.00200005916713053,0.43323452956974506,3.015514574944973,0.0038854215390529134,-0.010120913339051185,0.947407619562,-1.0281184860505164,-0.11604031838942319,0.7586052683182061,-1.2566127376630902,0.7615494793280959,,,,,,,,,,,,,,,,,
65536000,,,,,,,,,,,,,,0.4634047888685018,1.9756413493305445,0.00200005916713053,0.4353870786726475,3.0801131017506123,0.0038854215390529134,3.9287560489028692,70.27014195919037,6.483214045471808e-05,10.97635854780674,78.05814737081528,7.84720348959711e-05,2.8139319103211164,0.11187409400008619,-0.1250042833853513,0.9377445648424327,1.0
65667072,0.4658944490365684,1.9085437674075365,0.002277505021311299,0.43590197269804776,3.0968931447714567,0.0037100631839166454,-0.008807788359263213,1.0690900571644306,-0.8643229380249977,-0.11645437619881704,0.7467208527959883,-1.2201263727620244,0.7529357075691223,,,,,,,,,,,,,,,,,
65667072,,,,,,,,,,,,,,0.4664706427138299,1.971682251431048,0.002277505021311299,0.4375375343952328,3.162090441212058,0.0037100631839166454,3.909928100183606,68.75866883993149,6.804028740958756e-05,11.069662295281887,75.66817137598991,6.762360744161366e-05,2.8110145665705204,0.11176051833899692,-0.1250060428865254,0.7518511465750635,1.0
65798144,0.45994740165770054,1.9789230562746525,0.001672527908340271,0.444358441978693,3.1215598843991756,0.00391290485549689,-0.008919562753362698,1.1023956770077348,-0.9439053572714329,-0.11711437086341903,0.7707104329019785,-1.2243117322213948,0.7417134619317949,,,,,,,,,,,,,,,,,
65798144,,,,,,,,,,,,,,0.5163671567542366,1.851538529327835,0.005375173839739951,0.4245964321251734,3.058679591976555,0.002994857369729464,3.5192043224401512,63.61407211618161,5.8067313797409076e-05,10.630846308765888,70.6325730770961,6.732866901463322e-05,2.8771876282541147,0.10777318177755967,-0.12476889542247875,0.7245931711766016,1.0
65929216,0.4464874374680221,1.8131700791418552,0.0017024961855440779,0.4448738256469369,3.112910460680723,0.0039794886192794365,-0.005324849899807305,1.0512150842696428,-0.8966259891167283,-0.12178681226214394,0.7309854282066226,-1.2109383777715266,0.7399853232782334,,,,,,,,,,,,,,,,,
65929216,,,,,,,,,,,,,,0.4471414554864168,1.8726726789027452,0.0017024961855440779,0.44663669308647513,3.183696214109659,0.0039794886192794365,4.742637999355793,68.04324436187744,6.947586054173449e-05,11.03933423012495,74.81953451037407,8.709487417490891e-05,2.786923272535205,0.1200257982709445,-0.12501645763404667,0.7911094974260777,1.0
66060288,0.4494220591150224,1.772154936566949,0.0020242113319000055,0.44785932055674493,3.1304903887212276,0.004607805099112738,-0.013927729876741068,1.0806046859361231,-0.9313443088904023,-0.11836567608406767,0.728801567107439,-1.2449362189508975,0.721597334370017,,,,,,,,,,,,,,,,,
66060288,,,,,,,,,,,,,,0.45010873209685087,1.8152000522240996,0.0020242113319000055,0.44997810083441436,3.1774623449891806,0.004607805099112738,4.535377658903599,72.49711909890175,6.873006303331763e-05,10.994269013404846,77.26054632663727,9.14434244747575e-05,2.7730330359190702,0.12003612163243815,-0.12500289594754577,0.7038863198831677,1.0
66191360,0.44997143000364304,1.906992044299841,0.0020799222235154957,0.44515048572793603,3.1044619157910347,0.004238315571910789,-0.008553688453503128,1.0418730461969972,-0.8648201595060527,-0.11613987677264959,0.7574840779416263,-1.269156375899911,0.7118491802830249,,,,,,,,,,,,,,,,,
66191360,,,,,,,,,,,,,,0.45081333816051483,2.0101111475378275,0.0020799222235154957,0.44747412228025496,3.2169844917953014,0.004238315571910789,4.650833964347839,69.60988369584084,6.297090663687221e-05,11.012812323868275,78.96325063705444,9.53055103520839e-05,2.724247621372342,0.12025096453726292,-0.12501422292552888,0.9446973900776356,1.0
66322432,0.4483175063505769,1.8941615549847484,0.0019895564082617057,0.43849208019673824,3.0690582990646362,0.0038981802413218247,-0.012061147812346462,0.9894540472887456,-0.96621162770316,-0.11182323331013322,0.7703214585781097,-1.2424597623758018,0.7377647175453603,,,,,,,,,,,,,,,,,
66322432,,,,,,,,,,,,,,0.449087189277634,2.007419285364449,0.0019895564082617057,0.4405531375668943,3.131068440154195,0.0038981802413218247,4.470322735607624,69.94836217164993,5.848091225946206e-05,10.88431467115879,77.46032586693764,8.533431894219845e-05,2.730321353301406,0.11913025099784136,-0.1250091448891908,1.0231131515465677,1.0
66453504,0.456985111348331,1.9170462228357792,0.0017127759427921774,0.44138142629526556,3.137447679415345,0.003593791973344196,-0.006449647006547821,1.0467005362734199,-0.9427874241955578,-0.10835972940549254,0.7507789595983922,-1.2552890586666763,0.7116955081000924,,,,,,,,,,,,,,,,,
66453504,,,,,,,,,,,,,,0.4576980769634247,1.9897618647664785,0.0017127759427921774,0.443424048833549,3.193523121997714,0.003593791973344196,4.138686388731003,71.94475200772285,6.535375246885522e-05,10.736584074795246,78.034198731184,8.073242830519689e-05,2.7748577278107405,0.11471441219327971,-0.12500982568599284,0.870351105928421,1.0
66584576,0.46192242461256683,2.0488153733313084,0.001779747410012078,0.43884484888985753,3.190980438143015,0.004339683200214495,-0.003992496079433749,1.0824453262612224,-0.9660854325629771,-0.10703268856741488,0.7985396180301905,-1.2627823469229043,0.7308192178606987,,,,,,,,,,,,,,,,,
66584576,,,,,,,,,,,,,,0.46267646574415267,2.1657159635797143,0.001779747410012078,0.44094026600942016,3.2695107255131006,0.004339683200214495,4.067240819334984,71.30209395289421,6.775783833501414e-05,10.797083497047424,78.26364627480507,7.292749937411191e-05,2.7990342993289232,0.11536741070449352,-0.12501124036498368,1.0194875900633633,1.0
66715648,0.46351824211888015,2.00501212105155,0.0018828294313379956,0.4290236225351691,3.057731593027711,0.003528865302541817,0.005609884213328087,1.0909932632930577,-0.675498602213338,-0.10171407274901867,0.8199786581099033,-1.232507354579866,0.7371632053982466,,,,,,,,,,,,,,,,,
66715648,,,,,,,,,,,,,,0.46419062884524465,2.126058204099536,0.0018828294313379956,0.43084165919572115,3.124052755534649,0.003528865302541817,3.7982701640576124,69.76597195863724,5.7849654687372465e-05,10.508056037127972,76.8427591919899,7.212845715010019e-05,2.804599391296506,0.11247583810472861,-0.12500876374542713,1.0908105245325714,1.0
66846720,0.4602705182041973,1.8652975726872683,0.0018311774347239407,0.43065345007926226,3.0530429370701313,0.004447700333003013,0.00524128393382739,1.0823595463298261,-0.8585799466818571,-0.09737761481665075,0.7482995549216866,-1.2518624630756676,0.746205183211714,,,,,,,,,,,,,,,,,
66846720,,,,,,,,,,,,,,0.46097153681330383,1.9372988771647215,0.0018311774347239407,0.4327477824408561,3.1223809979856014,0.004447700333003013,3.790129043161869,70.51685318350792,6.956672457525404e-05,10.44290779531002,78.07260498404503,8.048903943647101e-05,2.8116374406963587,0.10976396675687283,-0.12501077260822058,0.8640640862286091,1.0
66977792,0.45699227042496204,1.8714865483343601,0.0014648012456746073,0.42594470735639334,3.051499892026186,0.003672769407330634,0.0057977271494564775,1.1103366599418223,-0.798192274523899,-0.09876568691106513,0.7314309650100768,-1.2393214576877654,0.7520772186107934,,,,,,,,,,,,,,,,,
66977792,,,,,,,,,,,,,,0.45763279614038765,1.9054437959566712,0.0014648012456746073,0.42788963695056736,3.104092499241233,0.003672769407330634,3.625979183241725,72.86002629995346,6.65228487793934e-05,10.54263450205326,76.80578804016113,6.78071392155033e-05,2.830827333033085,0.10877327737398446,-0.12500270106829703,0.7379204707685858,1.0
67108864,0.4601649227552116,1.812362969852984,0.001492607114528255,0.4289058519061655,3.043286558240652,0.0039787107471056515,0.012928132084198296,1.042465124744922,-0.7246099624317139,-0.08955154166324064,0.7675638548098505,-1.2233721427619457,0.7440125849097967,,,,,,,,,,,,,,,,,
67108864,,,,,,,,,,,,,,0.46080486150458455,1.8605190133675933,0.001492607114528255,0.43077232711948454,3.110329484567046,0.0039787107471056515,3.5364549290388823,66.87333199381828,7.184802841631033e-05,10.360389672219753,75.71907538175583,8.459758007561824e-05,2.83045407384634,0.10867986833909526,-0.1250094030983746,0.5788221003022045,1.0
67239936,0.45642165769822896,1.8562818765640259,0.0019403618782689591,0.425412213196978,2.9984842259436846,0.0036210841094543866,0.01811614971666131,1.0584978740662336,-0.6536416686140001,-0.09032257285434753,0.7691755653358996,-1.2572475266642869,0.7220794437453151,,,,,,,,,,,,,,,,,
67239936,,,,,,,,,,,,,,0.4571076254360378,1.9152731681242585,0.0019403618782689591,0.4275685967877507,3.0823141522705555,0.0036210841094543866,3.5096802338957787,67.19924107193947,6.759986833937415e-05,10.357479728758335,78.37380591034889,8.336531949071357e-05,2.8431258890777826,0.10592501802602783,-0.12500650295987725,0.7618427439592779,1.0
67371008,0.4555422463454306,1.9301942670717835,0.0019078687448654819,0.4261464001610875,2.9921113066375256,0.0036230534242349677,0.018203221465228125,1.0909507260657847,-0.6711223099846393,-0.09354546392569318,0.7627838533371687,-1.2283247821033,0.7380251924041659,,,,,,,,,,,,,,,,,
67371008,,,,,,,,,,,,,,0.4561805329285562,2.0260517336428165,0.0019078687448654819,0.42790045007131994,3.0520199202001095,0.0036230534242349677,3.6581855546683073,69.49133077263832,6.673217911723484e-05,10.253967121243477,76.86664766073227,8.537595962110345e-05,2.8439028970897198,0.10916321474360302,-0.12500778073444963,0.9202085777651519,1.0
67502080,0.4582094473298639,1.830946217291057,0.0018243020742829685,0.42724657198414207,3.0266921762377024,0.004257199219409813,0.016455988647066988,1.0630541830323637,-0.8060714527964592,-0.09452196955680847,0.7405401230789721,-1.2415597820654511,0.746690908446908,,,,,,,,,,,,,,,,,
67502080,,,,,,,,,,,,,,0.45889719878323376,1.8965930249541998,0.0018243020742829685,0.4292371601331979,3.094730941578746,0.004257199219409813,3.8427363634109497,68.45994910597801,7.084016888697642e-05,10.279300227761269,77.56565555930138,7.943594997961156e-05,2.8493841737508774,0.11031632381491363,-0.12500674393959343,0.7636292157694697,1.0
67633152,0.4600529356393963,1.9378886986523867,0.0021503994742033683,0.4306875232141465,3.0285912957042456,0.004228481735708556,0.011454386592959054,1.0854478594847023,-0.6459622567053884,-0.10149595321854576,0.7616823152638972,-1.2269887845031917,0.736600904725492,,,,,,,,,,,,,,,,,
67633152,,,,,,,,,,,,,,0.4607105520553887,2.0149936489760876,0.0021503994742033683,0.4325925020966679,3.0883180256932974,0.004228481735708556,3.8455696180462837,66.4137627184391,6.33138803615152e-05,10.587437570095062,76.57164320349693,7.942344105416055e-05,2.8263486865907907,0.11144153820350766,-0.12501224293373525,0.7615042212419212,1.0
67764224,0.46194521710276604,1.683786946348846,0.0019846401407903613,0.43268522759899497,2.9904478657990694,0.004361451365639368,0.008002567465155153,1.042982205748558,-0.7319886512123048,-0.10610337334219366,0.7092447294853628,-1.2469748849980533,0.7407077471725643,,,,,,,,,,,,,,,,,
67764224,,,,,,,,,,,,,,0.46254898235201836,1.6860894914716482,0.0019846401407903613,0.43479409627616405,3.077891131862998,0.004361451365639368,3.8167448081076145,67.89634463191032,6.70673562230828e-05,10.806924976408482,77.44106042385101,7.566556158655757e-05,2.8083895836025476,0.11161032557720318,-0.12500888225622475,0.5538803115487099,1.0
67895296,0.46257228194735944,1.8446444813162088,0.0018014089339430939,0.432213380234316,3.0821044761687517,0.003816438010744605,0.005448102259947518,1.0977341067045927,-0.7955605923198164,-0.108589353680145,0.7586891138926148,-1.2482109447009861,0.7423211243003607,,,,,,,,,,,,,,,,,
67895296,,,,,,,,,,,,,,0.4633025652728975,1.9346888884902,0.0018014089339430939,0.43421494495123625,3.1455239672213793,0.003816438010744605,4.0216226782649755,70.31769642233849,6.953117426222732e-05,10.782236225903034,77.80322825908661,8.352388163612723e-05,2.814222525805235,0.11218340374762192,-0.12500803847797215,0.9062021560966969,1.0
68026368,0.467298430390656,1.945938772521913,0.001944115982951189,0.4319818280637264,3.045091925188899,0.00362238970569706,0.0007168989769752443,1.035418371669948,-0.8758402159437537,-0.1089242470334284,0.7673268411308527,-1.2430105009116232,0.7420430490747094,,,,,,,,,,,,,,,,,
68026368,,,,,,,,,,,,,,0.468030899297446,2.048975600861013,0.001944115982951189,0.43403265601955354,3.140587965026498,0.00362238970569706,3.945401282981038,67.32041591405869,6.365073091618711e-05,10.820103615522385,77.87618389725685,7.089639159135741e-05,2.803792282938957,0.11137542879441753,-0.12500741332769394,1.0637551464606076,1.0
68157440,0.46963185840286314,1.9317745259031653,0.001986831724707372,0.43392626009881496,3.0448850952088833,0.003955710214995634,0.0004352725354692666,1.059577148873359,-0.7538578845560551,-0.11326267546974123,0.7496021357364953,-1.2390232752077281,0.7679990418255329,,,,,,,,,,,,,,,,,
68157440,,,,,,,,,,,,,,0.47033782163634896,2.0200811037793756,0.001986831724707372,0.4359453662764281,3.127474559471011,0.003955710214995634,3.801306350156665,67.87341192364693,5.54360759119632e-05,10.997321464121342,77.3259807229042,6.72104178301991e-05,2.7996336426585913,0.11136801674729213,-0.1250062738545239,0.8912603971548378,1.0
68288512,0.4676379475276917,2.0255590761080384,0.0022293275657148115,0.42885424569249153,3.05399670638144,0.004768720746142208,-0.0024941653442311917,1.0150285074487329,-0.8132456159219146,-0.10941244597779587,0.7820657561533153,-1.2433448820374906,0.7653668182902038,,,,,,,,,,,,,,,,,
68288512,,,,,,,,,,,,,,0.4683170313946903,2.1112079806625843,0.0022293275657148115,0.4307323507964611,3.095985596999526,0.004768720746142208,3.4515457153320312,67.122946575284,5.192118566088588e-05,10.84503722935915,77.4637898504734,7.436757949524919e-05,2.8120651431381702,0.10831463715294376,-0.12500900705344975,0.8257725643925369,1.0
68419584,0.4780596683267504,1.805509863421321,0.0023665823030114552,0.4368774483446032,3.0515359230339527,0.004086131659732928,-0.00822900621210465,1.0042919479310513,-0.7544697681441903,-0.10674222145462409,0.7416192074306309,-1.2509477073326707,0.7622956773266196,,,,,,,,,,,,,,,,,
68419584,,,,,,,,,,,,,,0.5333730859839054,1.755974990506488,0.0051962422247738855,0.4180390766978892,3.024636978126434,0.0031394642398415917,2.9088830802728514,60.55813281740769,4.7962420816132814e-05,10.155530804232413,73.07462861756963,6.0952794120522015e-05,2.911202322018434,0.10283758035434568,-0.12476406771555004,0.5733452408338886,1.0
68550656,0.4662485148292035,1.8374095829203725,0.0023034963567170053,0.43165086722001433,3.054562319070101,0.0038522883558016474,-0.012311643327848287,0.9647221406921744,-0.8349715496879071,-0.10330120025901124,0.7490344103425741,-1.2643397054634988,0.758456866722554,,,,,,,,,,,,,,,,,
68550656,,,,,,,,,,,,,,0.46690839109942317,1.8840334098786116,0.0023034963567170053,0.4337044800631702,3.1356811858713627,0.0038522883558016474,3.7266473043709993,65.58118945360184,7.44299233925716e-05,10.660745836794376,78.50856712460518,6.818386406592936e-05,2.8460048027336597,0.10995790042215958,-0.1250009553041309,0.6987937793601304,1.0
68681728,0.4621140423696488,1.8484826851636171,0.0022611171830249077,0.43593238038010895,3.0880737211555243,0.004077357360074529,-0.010530421994189965,1.0422356617636979,-0.8238285726401955,-0.09471715765539557,0.7737012594006956,-1.2305405982770026,0.724936833139509,,,,,,,,,,,,,,,,,
68681728,,,,,,,,,,,,,,0.4627782884053886,1.9132637772709131,0.0022611171830249077,0.4379998727235943,3.1869311034679413,0.004077357360074529,3.998339606449008,68.65361487865448,6.271062053686549e-05,10.45867671072483,77.14194536209106,7.264362387005008e-05,2.777558347210288,0.11073376954300329,-0.12500554439611733,0.8121423579286784,1.0
68812800,0.4605924489442259,1.8281810600310564,0.0019609026201123925,0.4292786542791873,3.034910697489977,0.003835887867353449,-0.009678289821749786,0.9434595671482384,-0.7883682525716722,-0.09259703906718642,0.7478852956555784,-1.2388219749554992,0.7461941726505756,,,,,,,,,,,,,,,,,
68812800,,,,,,,,,,,,,,0.46120564150623977,1.864882541820407,0.0019609026201123925,0.43118461640551686,3.102572428062558,0.003835887867353449,3.791201716288924,64.60104268789291,6.913888558712777e-05,10.267242915928364,77.57863053679466,9.081691903967126e-05,2.8142957855015993,0.10977261426160112,-0.12501451442949474,0.7020171324256808,1.0
68943872,0.46616006433032453,1.8971437895670533,0.0024218413325343136,0.43271629489026964,3.0621302276849747,0.004219560258206911,-0.0043716641797573175,1.093954284209758,-0.8183101094327867,-0.09149601944955066,0.7646343084052205,-1.2401872370392084,0.7303358959034085,,,,,,,,,,,,,,,,,
68943872,,,,,,,,,,,,,,0.4668096515815705,1.9658267041668296,0.0024218413325343136,0.43475712463259697,3.1237662993371487,0.004219560258206911,4.002776365727186,68.66300094127655,5.6637700106110245e-05,10.293098412454128,77.5483518242836,7.259098451983803e-05,2.8166954312473536,0.11126575287198648,-0.1250109530519694,0.8256142579484731,1.0
69074944,0.4664556498173624,2.024922490119934,0.00212512482562488,0.4338310193270445,3.093547999858856,0.004403115551212977,-0.004295354280657193,1.016528316307813,-0.939023379702121,-0.10026323178317398,0.7956854524090886,-1.260002350434661,0.7637656251899898,,,,,,,,,,,,,,,,,
69074944,,,,,,,,,,,,,,0.46722316835075617,2.135620673187077,0.00212512482562488,0.4359676407184452,3.1666670199483633,0.004403115551212977,3.7924171052873135,67.17942681908607,7.00956504982031e-05,10.488843411207199,78.36110240221024,7.347405527285966e-05,2.810982858762145,0.11122992803575471,-0.12500967481173575,1.0752383500803262,1.0
69206016,0.465410640463233,1.8828031057491899,0.0022571072217942856,0.4340543185826391,3.102122100070119,0.004535882598247554,0.00298453826604117,1.157627240754664,-0.7049451468046755,-0.10071206389693543,0.7825790042988956,-1.2568060923367739,0.744935451541096,,,,,,,,,,,,,,,,,
69206016,,,,,,,,,,,,,,0.4660734459757805,1.939381754025817,0.0022571072217942856,0.43610950210131705,3.1669973265379667,0.004535882598247554,3.906681949272752,71.88972333073616,5.485837103158531e-05,10.701002717018127,78.52720671892166,8.281578294111469e-05,2.8331032171845436,0.111146543873474,-0.12500599212944508,0.7286569098941982,1.0
69337088,0.46191745437681675,1.7622248278930783,0.0020328772770881187,0.43195951520465314,3.035263616591692,0.004164864208632935,0.0023968594772441065,1.0989806805737317,-0.8861851552501321,-0.10883326572366059,0.7558429059572518,-1.270520402584225,0.7578995460644364,,,,,,,,,,,,,,,,,
69337088,,,,,,,,,,,,,,0.4625651594251394,1.7860609292984009,0.0020328772770881187,0.4341337892692536,3.1122642885893583,0.004164864208632935,3.923048881813884,69.68217140436172,6.0988316900711936e-05,10.849981270730495,79.31875643134117,7.640128478356156e-05,2.84232197701931,0.11175219930009916,-0.12501319427974522,0.6380130746401846,1.0
69468160,0.4645750455092639,1.8841063743457198,0.0016907382099589086,0.43517830432392657,3.1005715373903513,0.003839127278297383,0.00011451241988424954,1.1148183541372418,-0.8892400339245796,-0.11462729761842638,0.7499015294015408,-1.2380273728631437,0.741858777590096,,,,,,,,,,,,,,,,,
69468160,,,,,,,,,,,,,,0.465259472373873,1.9389051469042897,0.0016907382099589086,0.4374083215370774,3.179784504696727,0.003839127278297383,3.943332666531205,73.17899492383003,5.7221124320161465e-05,11.00127525627613,76.63703608512878,8.088763872304838e-05,2.833476919680834,0.11321472626877949,-0.12501280033029616,0.7204894525930285,1.0
69599232,0.4604696948081255,1.7639393042773008,0.001277611612522378,0.42835171218030155,3.040878029540181,0.0037912060652161017,0.00436780629016198,1.0210105520673096,-0.8358597252517939,-0.11913334601558745,0.7441564542241395,-1.244305759202689,0.7547465718816966,,,,,,,,,,,,,,,,,
69599232,,,,,,,,,,,,,,0.46108598355203867,1.7870349744334817,0.001277611612522378,0.4303331628907472,3.11223660223186,0.0037912060652161017,3.6604488994926214,68.82670131325722,5.241464418581643e-05,10.986202403903008,77.2476115822792,7.109199244823006e-05,2.8300143014639616,0.10955764120444655,-0.12500946410000324,0.6676567643880844,1.0
69730304,0.4579301627818495,2.024600730277598,0.0016295324494421948,0.425032815663144,3.0984163880348206,0.004033221986446733,0.009404858663401683,1.0659383973106742,-0.6861133424099535,-0.12099611241137609,0.802458506077528,-1.2281477325595915,0.7479284000582993,,,,,,,,,,,,,,,,,
69730304,,,,,,,,,,,,,,0.45855575567111373,2.112534779123962,0.0016295324494421948,0.42676615552045405,3.1425288524478674,0.004033221986446733,3.5754440631717443,68.98199960589409,6.156365337528502e-05,10.995682619512081,76.33436468243599,6.867728860066036e-05,2.802441505715251,0.10824434901587665,-0.12501212721690536,0.820295121986419,1.0
69861376,0.46028623078018427,2.04711305629462,0.001938932657708392,0.43205026630312204,3.104199670255184,0.004319243907502823,0.008373527000003378,1.0861873775720596,-0.8945428323931992,-0.11444466089596972,0.78494992852211,-1.2297757174819708,0.7737718219868839,,,,,,,,,,,,,,,,,
69861376,,,,,,,,,,,,,,0.4609660936985165,2.1474687084555626,0.001938932657708392,0.43395768315531313,3.1697994507849216,0.004319243907502823,3.9034852869808674,70.07364436984062,5.6641280469005295e-05,10.895983628928661,77.12749472260475,8.683451649221796e-05,2.796697221696377,0.11225111229578033,-0.1250052717514336,0.9159992784261703,1.0
69992448,0.46723873633891344,1.8771859556436539,0.0017711848564658794,0.42877286043949425,3.0251734387129545,0.00426750539600107,0.007579005682600837,1.079333281610161,-0.859554159687832,-0.10411331849172711,0.7721468629315495,-1.2591419988311827,0.7622671872377396,,,,,,,,,,,,,,,,,
69992448,,,,,,,,,,,,,,0.46792846731841564,1.9327455488964915,0.0017711848564658794,0.4309544893912971,3.1237679719924927,0.00426750539600107,3.747804667800665,71.25148606300354,7.291769039108331e-05,10.69072289019823,78.43761974573135,7.218132916797515e-05,2.839688016101718,0.11212467902805656,-0.12500770739279687,0.7783082174137235,1.0
70123520,0.46874398179352283,1.7868414428085089,0.0023150070644533116,0.43022445123642683,3.0223749335855246,0.004320644506606186,0.009419249021448195,1.0977472122758627,-0.8740897269453853,-0.09453857247717679,0.7355588297359645,-1.2502408013679087,0.7424769303761423,,,,,,,,,,,,,,,,,
70123520,,,,,,,,,,,,,,0.46933279279619455,1.8041448118165135,0.0023150070644533116,0.4322701343335211,3.0855034422129393,0.004320644506606186,3.7249145954847336,69.77139654755592,5.975166107896612e-05,10.359121665358543,77.56791719794273,8.547053538596194e-05,2.852733727544546,0.11155974038410932,-0.12500963010825217,0.5754623541142792,1.0
70254592,0.46406377851963043,1.979631314985454,0.0017558128992050115,0.43327657552435994,3.0273733902722597,0.0036991848207890143,0.00892735218803864,1.1221327581442893,-0.7374841328710318,-0.09682994085596874,0.7846121382899582,-1.2649907474406064,0.7429028418846428,,,,,,,,,,,,,,,,,
70254592,,,,,,,,,,,,,,0.46479283133521676,2.082528403028846,0.0017558128992050115,0.43535444303415716,3.0937335845083,0.0036991848207890143,3.9559329748153687,69.78868415951729,6.749135318528943e-05,10.393222458660603,78.77406215667725,8.045780468624031e-05,2.8437628876417875,0.11458322760881856,-0.12500595045275986,0.9755596134345978,1.0
70385664,0.46340908226557076,1.8477933099493384,0.0021670826995432435,0.43502838048152626,3.0386398304253817,0.004283527907318785,0.00845337456166817,1.177771212067455,-0.7704373835586011,-0.09571842406876385,0.7591402800753713,-1.256130336318165,0.7454159250482917,,,,,,,,,,,,,,,,,
70385664,,,,,,,,,,,,,,0.4641552665270865,1.9065512577071786,0.0021670826995432435,0.4373667200561613,3.1231385096907616,0.004283527907318785,4.160566080361605,73.57119506597519,6.731295653017444e-05,10.293748565018177,78.36153760552406,7.965173641910628e-05,2.832790572196245,0.11307686479995027,-0.1250065634958446,0.7658356234896928,1.0
70516736,0.4664401337504387,1.979205454699695,0.0019081437053785066,0.4349958715029061,3.102625811472535,0.004430008215194903,0.009989024400056223,1.1588100758381188,-0.8343688461463898,-0.09047274984186515,0.8048884645104408,-1.265851586125791,0.7304529058746994,,,,,,,,,,,,,,,,,
70516736,,,,,,,,,,,,,,0.4672560279723257,2.0775202875956893,0.0019081437053785066,0.43723721615970135,3.177909580990672,0.004430008215194903,4.148723026737571,71.07905623316765,5.79087267150169e-05,10.209346428513527,78.96850445866585,7.66708984007991e-05,2.8273548930883408,0.11251697305124253,-0.12501244456507266,0.972660998115316,1.0
70647808,0.4660541880875826,1.7710592914372683,0.002282676400454875,0.43110254080966115,3.0884112901985645,0.004248162633984975,0.008484206868743627,1.1182288425043225,-0.7613096185959876,-0.09098627115599811,0.7627098043449223,-1.253678240813315,0.7257798314094543,,,,,,,,,,,,,,,,,
70647808,,,,,,,,,,,,,,0.4667709085624665,1.812528203241527,0.002282676400454875,0.4332751650363207,3.1669377591460943,0.004248162633984975,4.029662663117051,70.6874917447567,5.5092440121251585e-05,10.297854281961918,78.36960655450821,7.503492507238141e-05,2.816684704273939,0.11265861085848883,-0.12501228065229952,0.7763248819392174,1.0
70778880,0.4600006544496864,1.8173200227320194,0.002204780933539041,0.4292604729998857,2.9619585294276476,0.004042268456032616,0.006052840398126591,1.1488460581749678,-0.8653223649598658,-0.09191704267868772,0.7340738773345947,-1.2758811353705823,0.7324450807645917,,,,,,,,,,,,,,,,,
70778880,,,,,,,,,,,,,,0.4607477227691561,1.8481017015874386,0.002204780933539041,0.43162755761295557,3.063201632350683,0.004042268456032616,3.99160785600543,72.5494173169136,5.235289193009085e-05,10.198152624070644,79.2931087911129,7.65943474574371e-05,2.834363866597414,0.11378489976050332,-0.1250033441465348,0.7454140817280859,1.0
70909952,0.4555033342912793,2.087098216637969,0.0020749361676735134,0.42700942140072584,3.058808095753193,0.003775663117721706,0.008041711956821018,1.0723304087296128,-0.876684949034825,-0.09044283302500844,0.807036389131099,-1.2342366394586861,0.7326819994486868,,,,,,,,,,,,,,,,,
70909952,,,,,,,,,,,,,,0.456316138850525,2.212322891689837,0.0020749361676735134,0.4291005569975823,3.117347490042448,0.003775663117721706,4.212681138888001,71.39621305465698,6.503872378121889e-05,10.08142802119255,77.23323965072632,8.242403339075999e-05,2.8337580524384975,0.11429112969199196,-0.1250026342459023,0.8932005239184946,1.0
71041024,0.47127573448233306,1.6951022315770388,0.0012887566212214097,0.4259228727314621,3.0584349911659956,0.0035367266823413956,0.027215758789679967,1.1282616946846247,-0.6484656396787614,-0.09057730651693419,0.7281645652838051,-1.2394761997275054,0.7334932489320636,,,,,,,,,,,,,,,,,
71041024,,,,,,,,,,,,,,0.5360778320850019,1.8129936855690307,0.005374501620996074,0.4142666846704501,3.030778097011239,0.0033780138192123998,3.2543425561968204,64.47503087478859,5.485899730199433e-05,9.923353290879616,72.9455341348447,6.0781746874995294e-05,2.8999964309385025,0.10547216847000351,-0.12476569436580302,0.6976780553224934,1.0
71172096,0.4572671127971262,1.8732941029593349,0.002571607137497267,0.4237960269674659,2.9693059138953686,0.004728546565274883,0.022261057027208153,1.1084420322440565,-0.7914940293412656,-0.09780189272714779,0.7693899916484952,-1.248438665177673,0.725863850209862,,,,,,,,,,,,,,,,,
71172096,,,,,,,,,,,,,,0.4580361698754132,1.942411263473332,0.002571607137497267,0.42601640755310655,3.053009010851383,0.004728546565274883,4.121122231706977,71.57370710372925,7.066789815901586e-05,10.545279875397682,77.69104436039925,7.756361063274153e-05,2.8340668454766273,0.11329186207149178,-0.12501333537511528,0.7056855673436075,1.0
71303168,0.4626743751578033,1.9986334526911378,0.0025368804422214453,0.42745307902805507,3.031516769900918,0.004052304117976746,0.017221560250618495,1.1159596210345626,-0.7879492095671594,-0.09369559423066676,0.788951579015702,-1.2305867248214781,0.7447053273208439,,,,,,,,,,,,,,,,,
71303168,,,,,,,,,,,,,,0.46338443271815777,2.1081186486408114,0.0025368804422214453,0.42936613876372576,3.128127947449684,0.004052304117976746,4.0778659004718065,69.99949333071709,6.656492310019857e-05,10.227124743163586,76.49090990424156,7.373784614900236e-05,2.8038775473833084,0.11232710734475404,-0.12500657979398966,0.9506859127432108,1.0
71434240,0.4639347782358527,1.9616760909557343,0.0026057201339426683,0.4327294062823057,3.0695972219109535,0.004603204482691581,0.011355555687259766,1.1143994177691638,-0.7171590975485742,-0.08993817877490073,0.7829846413806081,-1.250891039147973,0.7289782920852304,,,,,,,,,,,,,,,,,
71434240,,,,,,,,,,,,,,0.4646794041618705,2.0513161988928914,0.0026057201339426683,0.43467873102054,3.1314922608435154,0.004603204482691581,4.124452078714967,70.25893232226372,7.17491850013019e-05,10.525100573897362,77.71086418628693,9.136082904737108e-05,2.810428297147155,0.11528506927425042,-0.12500551855191588,0.864802131196484,1.0
71565312,0.45930335158482194,1.9277351098135114,0.0024127421252160275,0.42373515176586807,2.9922089260071516,0.004242855497977871,0.013568890404712874,1.1164468829520047,-0.8448077130597085,-0.0927536643575877,0.7722494341433048,-1.233340418431908,0.7121889879927039,,,,,,,,,,,,,,,,,
71565312,,,,,,,,,,,,,,0.4600973033811897,2.011520837433636,0.0024127421252160275,0.4259675140492618,3.0593046974390745,0.004242855497977871,3.9666243214160204,72.08372446894646,6.65866539093507e-05,10.435194790363312,76.95986253023148,8.565719868330879e-05,2.8241818100214005,0.11259144492214546,-0.12500611692667007,0.9672767124138772,1.0
71696384,0.46506691398099065,1.9423384508118033,0.002256362596881445,0.4258177306037396,3.00458593480289,0.00385268560194163,0.00922871926377411,1.0943182981573045,-0.8345940259750932,-0.08609661174705252,0.7701952527277172,-1.2177227078936994,0.7455778014846146,,,,,,,,,,,,,,,,,
71696384,,,,,,,,,,,,,,0.46571184997446835,2.0225560665130615,0.002256362596881445,0.4277253090403974,3.0795820131897926,0.00385268560194163,3.784718591719866,69.16051563620567,6.094975594950203e-05,10.369939893484116,76.41437917947769,9.243252019341952e-05,2.848878465592861,0.1126283269841224,-0.12501017283648252,0.8663122337311506,1.0
71827456,0.46539844130165875,1.9405931765213609,0.0019273721518402454,0.42329569486901164,3.0656475573778152,0.004048245784360915,0.00590348792320583,1.0531644294969738,-0.7446030315477401,-0.08399416774045676,0.7845678706653416,-1.2699125409126282,0.7274976836051792,,,,,,,,,,,,,,,,,
71827456,,,,,,,,,,,,,,0.46618831041269004,2.0260586766526103,0.0019273721518402454,0.42550102062523365,3.1361356303095818,0.004048245784360915,3.602641526609659,67.3056410253048,6.940799216431648e-05,10.316402032971382,79.25654730200768,8.477836283482532e-05,2.857163680717349,0.11255576991243288,-0.1250092121772468,0.8710254968609661,1.0
71958528,0.46656050998717546,1.9361360231414437,0.002365566440857947,0.4281091680750251,3.0544436406344175,0.004676005522014748,0.0045974908441621665,1.0478506265208125,-0.7617402379401028,-0.08243767538806424,0.7893786355853081,-1.2592226318083704,0.7488143490627408,,,,,,,,,,,,,,,,,
71958528,,,,,,,,,,,,,,0.46725375298410654,2.00597779545933,0.002365566440857947,0.43021859996952116,3.115381196141243,0.004676005522014748,3.633148293942213,68.71609881520271,6.137913330217515e-05,10.402429044246674,78.5529954135418,8.239175021684808e-05,2.832486044615507,0.11213706154376268,-0.12500475998967886,0.7974898174870759,1.0
72089600,0.4632966914214194,1.8489536624401808,0.002143886461794864,0.42443176079541445,3.08032988011837,0.003942740667980615,0.0012540349363803216,1.054063007235527,-0.7533838266972452,-0.08099816425237805,0.789026980753988,-1.2363082971423864,0.7308065383695066,,,,,,,,,,,,,,,,,
72089600,,,,,,,,,,,,,,0.4640454340260476,1.9410172840580344,0.002143886461794864,0.4264860819093883,3.1559909470379353,0.003942740667980615,3.731700263917446,66.32028245925903,5.903880214086499e-05,10.22868999838829,77.03550246357918,9.65501695304738e-05,2.8352925777435303,0.11239475366892293,-0.12500426615588367,1.0840992811135948,1.0
72220672,0.46411213045939803,1.7586531192064285,0.001971347065136797,0.4258503899909556,3.0451580192893744,0.003984286805007287,-0.0040127873976416595,1.122721376363188,-0.8551852824166417,-0.08497102314140648,0.7287684762850404,-1.2435065521858633,0.7359024942852557,,,,,,,,,,,,,,,,,
72220672,,,,,,,,,,,,,,0.46470009395852685,1.7596061574295163,0.001971347065136797,0.4279386850539595,3.144680181518197,0.003984286805007287,3.8828289918601513,70.11881750822067,6.442205854995109e-05,10.26506657898426,77.40478840470314,8.232923182505125e-05,2.8452354334294796,0.11268721561646089,-0.12500344612635672,0.5929085949901491,1.0
72351744,0.4655446191318333,1.8870624601840973,0.0016001668197986874,0.4287760350853205,3.037734281271696,0.0041077466321439715,-0.0021102947998770105,0.9737996659241617,-0.8954975698143244,-0.08735585224349052,0.7591297272592783,-1.245399103499949,0.7324340865015984,,,,,,,,,,,,,,,,,
72351744,,,,,,,,,,,,,,0.46620278037153184,1.948880635201931,0.0016001668197986874,0.4308083818759769,3.116211647167802,0.0041077466321439715,3.8488549645990133,66.73003348708153,5.959589734927384e-05,10.557528726756573,77.28602781891823,9.713292318780375e-05,2.842925252392888,0.11571344023104757,-0.12500601587817073,0.8431107481010258,1.0
72482816,0.4662397401407361,1.8726069470867515,0.0015567078900176057,0.42919880081899464,3.038631035014987,0.004289259033384951,-0.0017005097006559389,1.0541124087758362,-0.8721387900877744,-0.09651472809491679,0.7648103493265808,-1.2534712753258646,0.7523743093479425,,,,,,,,,,,,,,,,,
72482816,,,,,,,,,,,,,,0.46691417368128896,1.9343367395922542,0.0015567078900176057,0.4312793267890811,3.1034065652638674,0.004289259033384951,4.004622818902135,69.8330727815628,6.300225954725125e-05,10.533671401441097,77.9679687321186,8.929000991475533e-05,2.8698359932750463,0.11753542599035427,-0.12500712950713933,0.7656285190023482,1.0
72613888,0.47379386331886053,1.8545381128787994,0.0017505977671135042,0.43189667514525354,3.1034038197249174,0.0036420126789380447,0.00015482738393757245,1.0329817882739007,-0.7565221271943301,-0.09425724629545584,0.7538468716666102,-1.2727151117287576,0.7409441829659045,,,,,,,,,,,,,,,,,
72613888,,,,,,,,,,,,,,0.47451968188397586,1.9084911225363612,0.0017505977671135042,0.43415073538199067,3.1771369446069,0.0036420126789380447,3.8162347562611103,66.43971121311188,6.279994871011274e-05,10.485083721578121,79.53908434510231,8.578936615610822e-05,2.849203485995531,0.11474583070958033,-0.1250088543165475,0.7585929306223989,1.0
72744960,0.4701884430833161,1.87686019949615,0.0021661172695530695,0.4263376684393734,3.0217139832675457,0.003909496585038141,-0.0011366717693590545,1.0542444004677236,-0.8438757611438632,-0.1031795323942788,0.8206076291389763,-1.2584445010870695,0.7440009620040655,,,,,,,,,,,,,,,,,
72744960,,,,,,,,,,,,,,0.47087674448266625,1.9259880129247904,0.0021661172695530695,0.42851761169731617,3.0919313300400972,0.003909496585038141,3.7822882421314716,68.44931849837303,6.487834402224557e-05,10.633717060089111,78.60485330224037,8.455954792996323e-05,2.8257718812674284,0.1142838325467892,-0.12500730599276721,0.7107335892505944,1.0
72876032,0.47266749502159655,1.811744388192892,0.0013978390473994295,0.4331019527744502,3.0984215270727873,0.002680303862234723,-0.00142017091461355,1.055708386003971,-0.8561294483952224,-0.10927904077107087,0.7353611658327281,-1.2640923745930195,0.7583473529666662,,,,,,,,,,,,,,,,,
72876032,,,,,,,,,,,,,,0.473349217325449,1.843565789051354,0.0013978390473994295,0.4353031744249165,3.1444246731698513,0.002680303862234723,4.00072767958045,68.39769914746284,6.993596564219828e-05,10.839100115001202,78.4904043674469,8.979248573970366e-05,2.81438815779984,0.11549432046012953,-0.1250027557834983,0.7297236858867109,1.0
73007104,0.4692678670398891,1.792551132850349,0.0014923619692126522,0.4311335140373558,3.021941300481558,0.004286136037990218,0.00048219111042158147,1.020900130737573,-1.0403111958876252,-0.10911478061461821,0.7139747990295291,-1.23823650367558,0.7327970978803933,,,,,,,,,,,,,,,,,
73007104,,,,,,,,,,,,,,0.469809205038473,1.7926448630169034,0.0014923619692126522,0.43300822423771024,3.093059679493308,0.004286136037990218,4.072650106623769,71.25422289967537,5.1676437887504534e-05,10.93175533413887,76.67672848701477,7.71533304795291e-05,2.823823878541589,0.11240453785285354,-0.12500723055563867,0.5009088343940675,1.0
73138176,0.46353648393414915,1.8116809511557221,0.0024800811966088077,0.42767104622907937,3.021726828068495,0.004222363376356952,-0.0021844782324933476,1.050456558354199,-0.9731619977392256,-0.11632590933004394,0.8627142105251551,-1.2583662020042539,0.7469079247675836,,,,,,,,,,,,,,,,,
73138176,,,,,,,,,,,,,,0.4641179519239813,1.8515583286061883,0.0024800811966088077,0.42957418388687074,3.0942327901721,0.004222363376356952,4.00194326043129,68.94967547059059,5.582077841492783e-05,11.180135853588581,78.1088114976883,7.138051515553911e-05,2.8054580967873335,0.11463187908520922,-0.1250029664952308,0.7296208443585783,1.0
73269248,0.45663889730349183,1.938730739057064,0.002063375342913787,0.4232781871687621,3.043379206210375,0.003672555419825585,-0.0030007671616090192,0.9774537328630686,-1.0594044709578156,-0.11750372051028535,0.7941067228093743,-1.2432538010179996,0.7515631322748959,,,,,,,,,,,,,,,,,
73269248,,,,,,,,,,,,,,0.45726619963534176,1.998855042271316,0.002063375342913787,0.4250369295477867,3.095941185951233,0.003672555419825585,3.9904541354626417,70.49643895030022,6.0428733650974564e-05,11.107894532382488,77.2808547616005,7.752405752015079e-05,2.8257573135197163,0.11391048377845436,-0.12500937609001994,0.7883252010215074,1.0
73400320,0.46242351387627423,1.93197575584054,0.0016404232690092613,0.4282675364520401,3.0555862691253424,0.0041385666363567,-0.003208881921182183,1.0150641934014857,-1.1455274573527277,-0.11408146313624457,0.7591101727448404,-1.2474846877157688,0.7487620571628213,,,,,,,,,,,,,,,,,
73400320,,,,,,,,,,,,,,0.46315661794506013,2.007691316306591,0.0016404232690092613,0.4303458498325199,3.14488666318357,0.0041385666363567,3.8974049296230078,76.01328000426292,6.674260473005234e-05,11.142926439642906,77.6235414147377,7.294697984733256e-05,2.8400746695697308,0.11408105451846495,-0.12500665616244078,0.8248686054721475,1.0
