attempt,collected_frames,state/lin_velocity,state/lin_velocity_max,state/lin_velocity_min,state/ang_velocity,state/ang_velocity_max,state/ang_velocity_min,state/heading_err_deg,state/heading_err_deg_max,state/heading_err_deg_min,state/yaw_rate,state/yaw_rate_max,state/yaw_rate_min,state/roll,state/roll_max,state/roll_min,state/pitch,state/pitch_max,state/pitch_min,state/success_lin_velocity,state/lin_vel_mean,state/lin_vel_max,state/lin_vel_min,state/ang_vel_mean,state/ang_vel_max,state/ang_vel_min,state/roll_rate_mean,state/pitch_rate_mean,state/yaw_rate_mean,state/vel_fwd_mean,state/vel_lat_abs_mean,state/v_toward_mean,state/approach_frac,state/heading_err_deg_mean,state/roll_deg_mean,state/roll_deg_max,state/roll_deg_min,state/pitch_deg_mean,state/pitch_deg_max,state/pitch_deg_min,state/dist_to_goal,state/clearance_mean,state/clearance_min,state/clearance_max,state/pct_healthy
1,131072,0.34954322304110974,1.2097989926114678,0.02041081861875682,0.3202700546826236,2.2578575741499662,0.009588138796061685,0.13044730614637956,75.02975722262636,-74.87172698578797,-0.0005308617505761504,0.7036883598193526,-0.5974151688860729,0.0002317144729282461,0.03702285110466619,-0.03849578473636939,-0.06090811839703747,0.5439494972260945,-0.7434742847844973,0.15478390106000006,0.34954322304110974,1.2097989926114678,0.02041081861875682,0.3202700546826236,2.2578575741499662,0.009588138796061685,0.10862828680546954,0.2520497286459431,0.05244882915576454,0.31593240064103156,0.01936388129979605,0.31554047111421824,0.6352457606699318,0.611934011860285,0.10929481248604134,2.5745380304870196,9.13158097892719e-05,12.996462755836546,43.220588844211306,0.003026096063870387,3.0340930428355932,0.0727045391683987,-0.03639600449241698,0.30536325741559267,1.0
1,262144,0.13864219083916396,1.3031236943788826,0.004075355192071584,0.2080248495331034,2.335670405998826,0.010870103918932728,0.10042650008108467,137.9750587940216,-137.9750587940216,-0.0006774181210857932,0.6384103668387979,-0.5342679012101144,0.0006788237408272835,0.03306392816011794,-0.04041181175853126,-0.2755197446094826,0.6528745349496603,-0.7320196093060076,0.25555539038032293,0.13864219083916396,1.3031236943788826,0.004075355192071584,0.2080248495331034,2.335670405998826,0.010870103918932728,0.10538367339177057,0.12425794720184058,0.0588971407560166,0.10125937286647968,0.01812467248237226,0.10114793054526672,0.3901114189065993,0.5071796260308474,0.1141394084552303,2.629268296994269,0.0001064491586798555,19.497053273022175,44.241866767406464,0.0022955479986301874,3.053970815613866,0.10343217808986083,-0.059042591601610184,0.30744439363479614,1.0
1,393216,0.2109915837063454,1.3192739742808044,0.004712021322120563,0.2343086153268814,2.281693674623966,0.010605633939121617,0.21259832265786827,59.390260165557265,-54.63806167151779,-0.00030967045086072176,0.6521187867037952,-0.5754014428239316,0.0006010046965911897,0.029648825708136428,-0.03892676655232208,-0.22348447109106928,0.7188338935375214,-0.7901884862221777,0.27205867087468505,0.2109915837063454,1.3192739742808044,0.004712021322120563,0.2343086153268814,2.281693674623966,0.010605633939121617,0.10385320347268134,0.15787956857820973,0.05413098313147202,0.17485202380339615,0.018177381418354344,0.17469925177283585,0.48838033457286656,0.4872660168912262,0.11532602773513645,2.461458455771208,0.00011179959986773458,18.345282673835754,47.3155263364315,0.002368604956020093,3.0625007785856724,0.09894644891028292,-0.05454480182379484,0.32122291438281536,1.0
1,524288,0.21986036095768213,1.418058552313596,0.004764829332088993,0.25417025957722217,2.5885826516896486,0.010872240982280346,0.20314119599061087,18.673556549474597,-14.516530165448785,-0.00018470610257281805,0.7110464158467948,-0.6038496848195791,0.0004535885237828552,0.03742097978829406,-0.03366291780548636,-0.1668032650486566,0.7696233023889363,-0.7763260579667985,0.30247372575104237,0.21986036095768213,1.418058552313596,0.004764829332088993,0.25417025957722217,2.5885826516896486,0.010872240982280346,0.10932501323986799,0.17374939960427582,0.05861778918188065,0.1796265969169326,0.01952241086110007,0.17943158803973347,0.4671136138495058,0.4553212623577565,0.11343064397806302,2.5433119204826653,9.973269880481084e-05,17.123846396803856,47.81892582774162,0.0014127361792972692,3.028780199587345,0.0992919213604182,-0.06160875177010894,0.31122187338769436,1.0
1,655360,0.1638409401057288,1.4453079453669488,0.0047369952790177194,0.22369405126664788,2.512983249500394,0.011585400126932655,0.22408556728623807,13.484560649842024,-10.718017352744937,-0.00014649644481323776,0.6845329790376127,-0.604472630424425,0.0007174459926773125,0.03204566548811272,-0.03278621385106817,-0.19894056668272242,0.8223159383051097,-0.7681847838684916,0.3354216886218637,0.1638409401057288,1.4453079453669488,0.0047369952790177194,0.22369405126664788,2.512983249500394,0.011585400126932655,0.11069013172527775,0.13712840247899294,0.061576798383612186,0.12141959246946499,0.019792507097008638,0.12134610017528757,0.3921980047598481,0.3797370092943311,0.11717652407241985,2.249847604893148,0.00011275773804797495,17.153435736894608,49.13902112841606,0.0030332632147462846,3.1395607255399227,0.10430367948720232,-0.05598574783653021,0.3303988529369235,1.0
1,786432,0.21839771082159132,1.5618363306857646,0.004863952678533678,0.25499685190152377,2.6941614113748074,0.010778630102322495,0.19476222933735698,16.58181286789477,-14.533116445876658,-0.0008596373152158776,0.7592738061212003,-0.6571864048019052,0.00045128158103580063,0.04562222463573562,-0.03606417123955907,-0.08885338727850467,0.8736551352776587,-0.7664316720329225,0.3860251575242728,0.21839771082159132,1.5618363306857646,0.004863952678533678,0.25499685190152377,2.6941614113748074,0.010778630102322495,0.11479898687684909,0.16906103864312172,0.06387534001260065,0.17231315741082653,0.021399725548690185,0.1721694712759927,0.43274463224224746,0.43614885257557034,0.11223316245013848,2.995275965426117,9.689090476960871e-05,13.862428992986679,50.59234130382538,0.002287940464263727,3.1912424843758345,0.09847893792903051,-0.057588089257478714,0.3186249821446836,1.0
1,917504,0.18474803713615984,1.574859227053821,0.004952925366524141,0.2503332969499752,2.7107492107897997,0.012348922371529625,0.21482890285551548,16.77725837379694,-11.41099567618221,-0.0009446806682262832,0.7768208940979093,-0.6544021556619555,0.0003714322302812434,0.03490661831165198,-0.043162423557078,-0.07046303123934194,0.8893775646574795,-0.8185446080751717,0.40790683403611183,0.18474803713615984,1.574859227053821,0.004952925366524141,0.2503332969499752,2.7107492107897997,0.012348922371529625,0.12149302830221131,0.15568503440590575,0.07027427962748334,0.13433799165068194,0.022406093281460926,0.13420591450994834,0.3632012770976871,0.4162854007445276,0.10319568263366818,2.7741096052341163,0.00011118757936046109,11.585810273885727,51.444226145744324,0.0026927420625426635,3.2881377190351486,0.10433020401978865,-0.05459719616919756,0.32418216252699494,1.0
1,1048576,0.19323783868458122,1.5706644169986248,0.005318884921507561,0.2556286670733243,2.687099289149046,0.012624172796677158,0.16758945587207563,48.97621063143015,-46.055451195687056,-0.0006609215083699382,0.7577601238153875,-0.6439669446554035,0.00032079149266905915,0.04786607839923818,-0.043394102351157926,-0.04930089156550821,0.9316083476878703,-0.7544183786958456,0.4179980733897537,0.19323783868458122,1.5706644169986248,0.005318884921507561,0.2556286670733243,2.687099289149046,0.012624172796677158,0.12345497903879732,0.159190637874417,0.07306584680918604,0.1402695293072611,0.02304398946580477,0.1400878657004796,0.36143787018954754,0.44200286688283086,0.09994300047401339,3.273365803062916,0.00010070611066348434,10.383124850690365,53.42118999361992,0.002655850360472556,3.346804667264223,0.11143209022702649,-0.0563048068434,0.322138296905905,1.0
1,1179648,0.2080561212496832,1.6522651202976704,0.005490895084221847,0.2652351539582014,2.754327612929046,0.013005549981244258,0.07597718559554778,138.71147918701172,-138.71147918701172,-0.0008165673098119441,0.7586795000825077,-0.6471944311633706,0.00013712952424782543,0.03988462813140359,-0.043193302932195365,-0.04300239983786014,0.9283604556694627,-0.7252586507238448,0.44613468763418496,0.2080561212496832,1.6522651202976704,0.005490895084221847,0.2652351539582014,2.754327612929046,0.013005549981244258,0.12553010624833405,0.16669461922720075,0.07608684402657673,0.1525678516482003,0.023751256390823983,0.15239531616680324,0.35882121440954506,0.5745972217991948,0.09880293835885823,2.9776141294278204,8.642197432928711e-05,10.159975215792656,53.195107132196426,0.0029781143913112373,3.3749782107770443,0.11852381483186036,-0.0474004668649286,0.31236244225874543,1.0
1,1310720,0.18829592852853239,1.6240637032315135,0.005514524412319588,0.25909995241090655,2.6248036129400134,0.011732589751773048,0.10498476953944191,90.10682488232851,-88.78708143159747,-0.0010837786669526395,0.7550130309537053,-0.6543698466848582,8.980520735235586e-05,0.03857859844720224,-0.03989708726294339,-0.057551550431526266,0.9008226091973484,-0.6596236298792064,0.47783825802616775,0.18829592852853239,1.6240637032315135,0.005514524412319588,0.25909995241090655,2.6248036129400134,0.011732589751773048,0.12727040867321193,0.1567519122036174,0.07936098764184862,0.13138403370976448,0.023856318715843372,0.13124852179316804,0.3260213608155027,0.4835747736506164,0.09152452030684799,2.8898606300354004,9.134545399969163e-05,9.570299737155437,51.62470403313637,0.003385655780332897,3.446374488994479,0.12007650249870494,-0.042862958973273635,0.3064034837298095,1.0
1,1441792,0.19545330823709567,1.3702579573790232,0.010760777336981846,0.24448219541460275,2.065433175812165,0.011539194731158204,0.16679867406065263,11.543719802647828,-9.358834743226568,-0.0008737213868880644,0.5970538184791803,-0.6098574148118496,2.674894404284108e-05,0.023293330976739527,-0.025750045754830354,-0.004964142205238508,0.6357747500778836,-0.2020573041703513,0.21951650455594063,0.19891751662362367,1.6304666101932526,0.005383114401411149,0.2634260564809665,2.733939068391919,0.012989694490897818,0.1265902515151538,0.1623890093760565,0.07938015612307936,0.14093190827406943,0.023990566667634994,0.1407595892669633,0.3334542999509722,0.4385632604826242,0.09402114286785945,3.287873435765505,9.599858849518306e-05,9.967631109058857,53.86099016666412,0.002740944511238297,3.436478327959776,0.11774133960716426,-0.05002241488546133,0.30979387974366546,1.0
1,1572864,0.214527323609218,1.458693316206336,0.005733881461765122,0.2692314286250621,2.467957209330052,0.012546275180284283,0.200194782926701,12.8788293067321,-10.789426764473319,-0.00037333290219976334,0.6993269096409162,-0.6466021416708827,4.999531206806296e-05,0.03542099259357201,-0.04265702479460742,-0.02092368926241761,0.836359178647399,-0.47511656826827675,0.35458555817604065,0.19729176755007133,1.378781847386475,0.010276257252623608,0.24686766367585186,2.104230673018708,0.011636262726254693,0.12996698425891978,0.13683982510736817,0.07863902148414763,0.15514087392555842,0.024149653465341193,0.154958610389247,0.4059659670813974,0.4021265763475234,0.07166167428921796,1.8285504370501422,7.677344431325672e-05,7.737600020358076,37.557367451129906,1.0705461484635028,3.4600971982062583,0.10999245866727266,-0.015844393947935968,0.23781357517084442,1.0
1,1703936,0.20338979014195502,1.5341209899634123,0.0056090826819854556,0.26455672120209783,2.486374953761697,0.01390797641579411,0.18078809167491272,16.693567518144846,-9.772488357499242,-0.0005849457456861273,0.7649932375643402,-0.6351812919601798,0.00012062638286636229,0.035597909103671554,-0.037055999840958975,-0.04049832135933684,0.8921033437363803,-0.570058124139905,0.37923738034442067,0.20338979014195502,1.5341209899634123,0.0056090826819854556,0.26455672120209783,2.486374953761697,0.01390797641579411,0.12652996461838484,0.16355326084885746,0.07964290532981977,0.14435401587979868,0.024199834602768533,0.14422618015669286,0.33616232918575406,0.403171933721751,0.09325339272618294,2.575860000681132,9.072528794784596e-05,10.174544058740139,51.16081449389458,0.023841419121396257,3.437764236703515,0.11734639905625954,-0.04908125847578049,0.2978581404313445,1.0
1,1835008,0.18307816633023322,1.5392449577338994,0.0054901199441701465,0.2545852557523176,2.41339006787166,0.013725808803428663,0.18624193512368947,14.82508715800941,-10.830472096800804,0.00016673687127877201,0.7453870670869946,-0.6247470965608954,0.00011698281498695451,0.03159852766839322,-0.036459442642808426,-0.070724812685512,0.8905475176870823,-0.5237512548919767,0.4064150298945606,0.18307816633023322,1.5392449577338994,0.0054901199441701465,0.2545852557523176,2.41339006787166,0.013725808803428663,0.12605167791480199,0.15211289684521034,0.08129739901050925,0.12477105524158105,0.02407594940450508,0.12467144656693563,0.3214916253928095,0.37965186149813235,0.0878980730776675,2.4512120406143367,8.987794133713534e-05,10.007157653570175,51.02461501955986,0.017139143846065963,3.5019189082086086,0.11748499522218481,-0.044206022284924984,0.29865878680720925,1.0
1,1966080,0.20772711175959557,1.6190467085689306,0.0057816568078123964,0.26470160216558725,2.5458482056856155,0.013731543864196283,0.17737525037955493,17.38802795112133,-13.63938282430172,-0.0006522308717649139,0.7611151053570211,-0.6436919686384499,9.975753322777337e-05,0.031182990584056824,-0.034145747624279466,-0.05471534926618915,0.8935670414939523,-0.47775814053602517,0.4296971915755421,0.20772711175959557,1.6190467085689306,0.0057816568078123964,0.26470160216558725,2.5458482056856155,0.013731543864196283,0.12479410477681085,0.16473072220105678,0.07988626358564943,0.14920199546031654,0.024090711332974024,0.14907751377904788,0.3454427740070969,0.4119015918113291,0.08963843592209741,2.3026564717292786,0.00011476976059654476,10.927864253520966,51.19762080907822,0.00790165888173533,3.4423042833805084,0.1151609422522597,-0.031218201853334904,0.30319483391940594,1.0
1,2097152,0.1891066621756181,1.6443823031149805,0.005693887842426193,0.2583458626177162,2.5278519140556455,0.013472326863848139,0.08564971850137226,96.40925872325897,-94.65249528177083,-0.0011715543180343957,0.7877362032886595,-0.6849713700357825,0.0001281152142951214,0.040456424285366666,-0.04009762214263901,-0.06130381017283071,0.8740386539138854,-0.5092770850751549,0.3904803181067109,0.1891066621756181,1.6443823031149805,0.005693887842426193,0.2583458626177162,2.5278519140556455,0.013472326863848139,0.12680692481808364,0.1554840332828462,0.08137244079262018,0.13055716129019856,0.024261599814053625,0.1303369015804492,0.31804575491696596,0.4824400588404387,0.09266422409564257,2.9715760545805097,9.750091710597486e-05,10.470337592065334,50.078726798295975,0.02016752953350931,3.4661967419087887,0.11167861399007961,-0.04322189837694168,0.30163951124995947,1.0
1,2228224,0.19541630207095295,1.6742663057520986,0.005346050463231222,0.2590476303594187,2.484823478385806,0.013348844726351672,0.1389235459791962,84.4090192168951,-79.15075433440506,-0.0004795675886271056,0.7472612767014652,-0.6369007313624024,0.00010369229907780664,0.036427042083232664,-0.041362000127264764,-0.05758882369264029,0.897775074467063,-0.6566291861236095,0.45712911942973733,0.1954149934463203,1.6742663057520986,0.005346050463231222,0.2590463819215074,2.484823478385806,0.013348844726351672,0.1251282569137402,0.15800158330239356,0.08081166277406737,0.13710832520155236,0.024226703098975122,0.13691220741020516,0.3303049015812576,0.46445624553598464,0.09149369882652536,4.319083570502698,8.626130983246938e-05,10.495140053331852,54.947611540555954,0.006258563402028017,3.4757464192807674,0.10819343803450465,-0.04064788622781634,0.34540637163445354,1.0
1,2359296,0.19820166646968573,1.7198756514117122,0.005282085771796119,0.25898906914517283,2.522407745011151,0.012605475477357686,0.19327951973536983,122.61949336528778,-121.11562776565552,-0.0009985973310904228,0.7627549292519689,-0.6388475790154189,0.00016533444086519467,0.037822890568349976,-0.04147338330221828,-0.050226348961587064,0.8815124975517392,-0.5017112190835178,0.4417692292481661,0.19820166646968573,1.7198756514117122,0.005282085771796119,0.25898906914517283,2.522407745011151,0.012605475477357686,0.12516009924001992,0.15828688675537705,0.07946677057771012,0.14032419497380033,0.024066052050329745,0.1400033488171175,0.33535850793123245,0.6204572459682822,0.09207554650492966,2.920684015378356,9.7132259238214e-05,10.220886379480362,50.5069462954998,0.015290395706415438,3.461388021707535,0.10423293296480551,-0.0313581230584532,0.3161771856248379,1.0
1,2490368,0.1912836158880964,1.7281517600640655,0.005144840501543513,0.2569640929577872,2.44951169192791,0.013114400737322285,0.2181599005125463,139.9501473903656,-135.57362075150013,-0.0011903790828000638,0.7210691724903882,-0.6374380288179964,0.00011246552419663658,0.06657871493371204,-0.0960418690519873,-0.05747755547054112,0.8768165460787714,-0.6216457462869585,0.4497491396032274,0.1912836158880964,1.7281517600640655,0.005144840501543513,0.2569640929577872,2.44951169192791,0.013114400737322285,0.12429935031104833,0.1567082181572914,0.07953486265614629,0.13407021202147007,0.024043409677688032,0.13389358500717208,0.32445698883384466,0.667624113149941,0.09928853460587561,5.581625010818243,0.00010668854658391069,10.0670061185956,50.44105061888695,0.0035672166940940997,3.466050650924444,0.10470174456713721,-0.047275778837502,0.31870513316243887,1.0
1,2621440,0.1988879565615207,1.7372558079659939,0.005241456702606229,0.258006970747374,2.4778318172320724,0.013360367438508547,0.2172214927850291,28.991581965237856,-10.79477009177208,-0.00036302578018876375,0.7749034583102912,-0.6264037766959518,0.00015594506594140967,0.03266502482438227,-0.03878316954069305,-0.04911896966223139,0.8621092732064426,-0.5913347220048308,0.4715410496573895,0.1988879565615207,1.7372558079659939,0.005241456702606229,0.258006970747374,2.4778318172320724,0.013360367438508547,0.124242075427901,0.15834073396399617,0.07872288749786094,0.14183965005213395,0.024021466975682415,0.14170646527782083,0.33782700169831514,0.4068604044150561,0.090715563215781,2.5770750255323946,0.0001103516280593908,9.90135771036148,49.42257410287857,0.0026296257858504646,3.46584864333272,0.10029536735964939,-0.05125319305807352,0.31337407464161515,1.0
1,2752512,0.1981927663087845,1.5051454902191956,0.0103252033261136,0.24555647907778622,1.8855157696704068,0.012239717648675045,0.1589064317010343,25.18371299703916,-11.23180830086271,-0.0007032043596094202,0.5913453434345624,-0.6031369146270057,2.0235740756409844e-05,0.030064349187887272,-0.031365046366991015,-0.034611008590961015,0.5480171368315738,-0.2821971973629358,0.2619512869417667,0.19496629177592695,1.7655820744112134,0.005102587198052788,0.2570423441939056,2.4869915368035436,0.013228833575340104,0.12489988934248686,0.15679247805383056,0.07897941081319004,0.13817245193058625,0.024017780524445698,0.138046016683802,0.3356479706708342,0.39707334735430777,0.08995071571553126,2.531458820682019,0.00011765081373082964,9.508881010115147,48.88206195831299,0.0028273205347204566,3.480755129829049,0.10008089488837868,-0.048639663495123386,0.30823842994868755,1.0
1,2883584,0.21664909599348903,1.5778269772417843,0.00531560477338644,0.26434692356269807,2.200159931089729,0.012378962563161622,0.32930534332990646,38.28036623129464,-10.586884036660194,-0.000629064898703291,0.6895241655959153,-0.5868921999353915,0.00011705931798644542,0.04440473326394567,-0.02881673880983726,-0.040910045618147706,0.7548702987842262,-0.7133153148461133,0.3060486908070743,0.19997170174786125,1.5121509347514934,0.009842350453561584,0.247367621158216,1.9158429177590164,0.012253138845252065,0.12920244727059302,0.13918096155029194,0.07905737029918727,0.15897140928953662,0.02432127811606547,0.1587604047893266,0.40527574189501,0.3651536788387471,0.07281557365365506,2.4015998718811264,7.944624498545537e-05,7.999169185503767,34.23236550221848,1.0332491930919623,3.490458771406886,0.09345872831944284,-0.02607297621308321,0.21629466681954373,1.0
1,3014656,0.20258172345347703,1.6452403482981026,0.005230719443716225,0.25946153746917844,2.3172960029914975,0.012533604856798775,0.30584138416452333,126.39267360791564,-11.741003882139921,0.0001286297722344898,0.705556619213894,-0.6072439246345311,0.00021183175953609634,0.09280565335939173,-0.03486979660374345,-0.05726267494901549,0.7672767827752978,-0.8398317391984165,0.3675087629817426,0.20258172345347703,1.6452403482981026,0.005230719443716225,0.25946153746917844,2.3172960029914975,0.012533604856798775,0.12530339392833412,0.15914809529203922,0.07930254377424717,0.14565086225047708,0.024242962666903622,0.14549142523901537,0.34473883523605764,0.4973206049762666,0.09685686393640935,5.341664247214794,0.00011601611572720216,10.182847760617733,49.67676782608032,0.0505928722968676,3.4636754486709833,0.10297920915763825,-0.03544918401166797,0.31506897043436766,1.0
1,3145728,0.17919806577265263,1.7225864147767425,0.005572235088038724,0.24960749607998878,2.2069172663614154,0.013201219654547458,0.19771337462589145,17.381335459649563,-8.314760235138237,-0.0006069248477160727,0.7223901741672307,-0.6314570149406791,0.0002102245276347503,0.027522440286702476,-0.032826480080984766,-0.07296578527893871,0.7905564699321985,-0.546202034689486,0.43398367310874164,0.17919806577265263,1.7225864147767425,0.005572235088038724,0.24960749607998878,2.2069172663614154,0.013201219654547458,0.12548270559636876,0.1467654078733176,0.08114222658332437,0.12218832224607468,0.02427461455226876,0.12208587356144562,0.3229391830973327,0.34344006318133324,0.08496866509085521,2.1789453853853047,0.00010045185593066108,9.62955241277814,45.3496610224247,0.009696993055108294,3.5263938661664724,0.10156356886727735,-0.04005466587841511,0.2844406282529235,1.0
1,3276800,0.20873327099252492,1.7196746626868844,0.005289454113153624,0.25916324940044433,2.264467302709818,0.01292539523819869,0.19273117382545024,21.826290484517813,-12.339786861091852,-0.0010548331597419747,0.7011002274230123,-0.6345761329866946,0.00013691026315143517,0.034667398627789225,-0.03729169169673696,-0.050390345393680036,0.7905766910407692,-0.6783265406265855,0.37921868404373527,0.20873327099252492,1.7196746626868844,0.005289454113153624,0.25916324940044433,2.264467302709818,0.01292539523819869,0.1253463532193564,0.15885919833090156,0.07905328529886901,0.1516343632247299,0.024292469606734812,0.1514540421194397,0.3513229771051556,0.4167864192277193,0.09469335479661822,2.5461980695836246,0.00010082549141432473,10.053297251462936,46.58270290493965,0.007710981008585804,3.463410096243024,0.1019637540448457,-0.03468199400231242,0.28694295790046453,1.0
1,3407872,0.18843190290499479,1.7496930425986648,0.00503100108653598,0.2536968517815694,2.2892713584005833,0.012829635354137281,0.25078451342415065,60.75856256484985,-12.748128864914179,-0.0007164435255617718,0.7408615127205849,-0.6476789079606533,9.345807460192646e-05,0.034035566706734244,-0.04073618738766527,-0.0588367976306472,0.8038759571500123,-0.6707185921259224,0.41390988207422197,0.18843190290499479,1.7496930425986648,0.00503100108653598,0.2536968517815694,2.2892713584005833,0.012829635354137281,0.1264398189377971,0.1513240687781945,0.08054065488977358,0.13226844451855868,0.024283525184728205,0.13205350167118013,0.3245598424691707,0.45090482651721686,0.0902940935920924,2.6628816965967417,9.343241623316345e-05,9.448683273047209,46.19490906596184,0.0076322310763785595,3.4846631307154894,0.10008047166047618,-0.039439338026568294,0.2878339011222124,1.0
1,3538944,0.19535638322122395,1.793270262889564,0.0050382395129418,0.2547590611502528,2.3712400225922465,0.013695017602003645,0.3056339946924709,114.51371257007122,-16.888971470296383,-0.0008119626070310915,0.7063706167973578,-0.6313324123620987,0.00017993972807772707,0.06455737425858388,-0.034878875594586134,-0.0492300552141387,0.790229921694845,-0.789880973752588,0.45155357802286744,0.1953558698296547,1.793270262889564,0.0050382395129418,0.25476038933265954,2.3712400225922465,0.013695017602003645,0.125657421303913,0.15387150971218944,0.07902810728410259,0.13934091781266034,0.024105517484713346,0.13908363279188052,0.3328990500885993,0.5033628325909376,0.09544365864712745,5.043456102255732,9.826222389541783e-05,9.185010112822056,50.568051636219025,0.004139316756116784,3.4878058712929487,0.0967831866000779,-0.05182634759694338,0.3167512947693467,1.0
1,3670016,0.19868007861077785,1.7952902736142278,0.00511541984633368,0.2562110547441989,2.272386023774743,0.013288717596878996,0.18480743397958577,20.39027091488242,-12.29883197043091,-0.00038247103611865896,0.7250321863684803,-0.6183670267928392,0.00013968695284205523,0.03441614293114981,-0.03835233437712304,-0.04562817390251439,0.7986975586973131,-0.6552973361685872,0.4539622289594263,0.19868007861077785,1.7952902736142278,0.00511541984633368,0.2562110547441989,2.272386023774743,0.013288717596878996,0.1254257404943928,0.15604496165178716,0.07846182334469631,0.14312673930544406,0.024112007071380503,0.142959593096748,0.34093065187335014,0.4035575508605689,0.09108538372674957,2.6091961613856256,8.768706097816992e-05,9.121553111821413,45.81399801373482,0.0032932972955066475,3.4757853280752897,0.09479565738001838,-0.0394213309045881,0.29128448152914643,1.0
1,3801088,0.1892679507145658,1.7758826659992337,0.004945188253259403,0.25365528010297567,2.28495473600924,0.013042713268077932,0.17286330240312964,19.016515150666237,-15.9311588909477,4.3524374177650316e-05,0.7066500564105809,-0.6110596198122948,0.00011438302364297215,0.03596121724694967,-0.036984939193644095,-0.04041902406606823,0.8098675669170916,-0.4441390049178153,0.4510392490774393,0.1892679507145658,1.7758826659992337,0.004945188253259403,0.25365528010297567,2.28495473600924,0.013042713268077932,0.12593964533880353,0.1522985213669017,0.07894376094918698,0.13359184638829902,0.024156153594958596,0.13344603206496686,0.33076028199866414,0.38507412374019623,0.08795883564744145,2.587191321887076,0.00010589399973470748,8.370525643229485,46.40199387073517,0.002826035535214544,3.4975986052304506,0.09099673468153924,-0.04198556370101869,0.29488737089559436,1.0
1,3932160,0.198101551621221,1.7711953492835164,0.0052106456200817775,0.25601581449154764,2.320212076418102,0.012816939311960596,0.19195673801004887,18.447245068848133,-10.258315815590322,-0.0007039446600174415,0.7597100953571498,-0.6653353825677186,0.00013123680105309177,0.031133798831433523,-0.036296729878813494,-0.03308613141416572,0.7992791379801929,-0.6743695205077529,0.48132563126273453,0.198101551621221,1.7711953492835164,0.0052106456200817775,0.25601581449154764,2.320212076418102,0.012816939311960596,0.12564024474704638,0.15602391527500004,0.07791532960254699,0.14201537548797205,0.02414177385799121,0.1418615294387564,0.34290998615324497,0.3864295792300254,0.0920955075416714,2.396668522618711,0.00010484269345800712,8.472014408558607,46.060717076063156,0.0023831424025426706,3.4902541525661945,0.09370663610752672,-0.03702943213284016,0.29319135611876845,1.0
1,4063232,0.1985353439922134,1.4996420855820178,0.009849911452110973,0.24751190762345987,1.894767681012551,0.012130993033254829,0.16193489560857416,25.285112074067197,-17.48252227667719,0.00021680922732533265,0.5958356131985784,-0.6214820688093703,1.168018931593906e-05,0.0340924308206498,-0.035043531754781726,-0.029757093922365432,0.5497988425846172,-0.30143075158577026,0.26854583899180096,0.19340816559270024,1.7948875594884157,0.004998689757485408,0.25377401674631983,2.3418105794116855,0.01332503862613521,0.12484759703511372,0.15384808892849833,0.07842692325357348,0.13724939024541527,0.02400313367252238,0.1371334242867306,0.33667102828621864,0.3712921782862395,0.09093427693005651,2.306897251866758,0.00010159544182197777,8.699317459017038,46.163565278053284,0.002834092359508489,3.4993542786687613,0.09429232310503721,-0.03762812935747206,0.2907950463704765,1.0
1,4194304,0.21637795981951058,1.5584589545615017,0.005242486120550893,0.2623986671678722,2.137781335040927,0.013208796506660292,0.16576718661235645,26.105668379106078,-12.378741891123354,-0.0001614149400666065,0.6982189598886004,-0.6292864657007158,0.00010818075584495546,0.031055635248776525,-0.035333022227860056,-0.039049260445608525,0.732421403285116,-0.49612888507544994,0.3130401086527854,0.20025512353932284,1.5053111813872693,0.00940582226352687,0.24894708115046463,1.9181906838104668,0.012234877705390296,0.1298101519049336,0.14076632207697146,0.07949204093226826,0.1577589194394132,0.024615271844485975,0.15753879243120866,0.40123783280871,0.3741816681506763,0.0772755038987632,2.618315263898168,7.951552984709446e-05,7.8378604127666405,33.291241103974,0.8074434175214109,3.496683515339013,0.08920091032599753,-0.028463154874113668,0.21538629831678896,1.0
1,4325376,0.20052900537848473,1.6467314963229,0.004900856435597234,0.2557955934898928,2.194290390238166,0.01289441569315386,0.12952870572917163,16.815369997173548,-13.954659183509648,0.0005422490824003035,0.6972461910918355,-0.6221096531953663,0.00014493952723171333,0.036051713868801016,-0.035749744332861155,-0.05021083055908093,0.7475627514068037,-0.6991603374481201,0.3832870554178953,0.20052900537848473,1.6467314963229,0.004900856435597234,0.2557955934898928,2.194290390238166,0.01289441569315386,0.12377727625425905,0.1567452249582857,0.07857310929102823,0.1442729365080595,0.023961408151080832,0.14411419292446226,0.33979395078495145,0.39828509115613997,0.09484963904833421,2.4741704356856644,9.505275260068835e-05,9.795418567955494,45.056965708732605,0.025693081133262297,3.472696805372834,0.0972445109509863,-0.04332391172647476,0.2837631646543741,1.0
1,4456448,0.17738214053679258,1.6971635781228542,0.00472943421891614,0.2466484057949856,2.12904685549438,0.01350386080230237,0.15808291087159887,15.915185932070017,-11.959216170012951,-0.00036169606187286263,0.6803205574396998,-0.604764158371836,0.00013460881228155586,0.029548306087235687,-0.029948202580271754,-0.07035479514161125,0.7791738682426512,-0.6384910901542753,0.3942374640610069,0.17738214053679258,1.6971635781228542,0.00472943421891614,0.2466484057949856,2.12904685549438,0.01350386080230237,0.12422030844027176,0.1457050633034669,0.07950966741191223,0.12129803339485079,0.02382510706956964,0.12120264593977481,0.3199287161696702,0.3462438266724348,0.08792445325525478,2.167999543249607,0.00011160957188405263,9.582444626837969,45.33488592505455,0.013737995736498476,3.5288486778736115,0.09917153231799603,-0.043200126849114895,0.27949476754292846,1.0
1,4587520,0.20802634477149695,1.6980154532939196,0.005100896001749788,0.256681245402433,2.123702277429402,0.012754160910844803,0.17748523241607472,16.73556599766016,-11.924640427343547,0.00010909312777585001,0.6861199121922255,-0.6140416653361171,0.0001407728388400642,0.033916996137122624,-0.033590197293960955,-0.055878878803923726,0.7707458883523941,-0.6668630139902234,0.3701407699845731,0.20802634477149695,1.6980154532939196,0.005100896001749788,0.256681245402433,2.123702277429402,0.012754160910844803,0.12362263642717153,0.15804341377224773,0.07832055742619559,0.1518399670603685,0.023855013481806964,0.1516826956649311,0.3480492806993425,0.4058810519054532,0.09257139824330807,2.3533378965221345,9.761902869617756e-05,10.481665596365929,44.472382158041,0.009441355484582914,3.462180182337761,0.1018963050446473,-0.038218212546780705,0.2813154859468341,1.0
1,4718592,0.1882143511902541,1.7364734658040106,0.005314843152518733,0.25184464338235557,2.161740742623806,0.012958955729118316,0.18390754039864987,20.43434154242277,-17.319367380812764,-0.0002791415438423428,0.7224649807903916,-0.622213706606999,0.00018486039934373366,0.03980656530620763,-0.03759484051261097,-0.0760254416090902,0.7718817889690399,-0.5878506770823151,0.40266420249827206,0.1882143511902541,1.7364734658040106,0.005314843152518733,0.25184464338235557,2.161740742623806,0.012958955729118316,0.12575381231727079,0.14973844250198454,0.08058228518348187,0.132502879423555,0.023916035672300495,0.13234620919683948,0.3263252507895231,0.3969540079124272,0.09344699542270973,2.7713512759655714,9.470149635548708e-05,10.43730066716671,44.46775057911873,0.011453330581044696,3.4839210603386164,0.10410686692921445,-0.03840185981243849,0.28261580504477024,1.0
1,4849664,0.1960156672867015,1.7856608321890235,0.0051784065180982,0.2539389196317643,2.1512866048142314,0.013193180055168341,0.18171487387735397,20.992427181452513,-15.578383600339293,-0.00021717038453061832,0.7162840124219656,-0.6131391774397343,0.00017631939363127458,0.0320307350193616,-0.03490758211410139,-0.07911927191889845,0.7998981191776693,-0.439889760222286,0.44095776975154877,0.1960156672867015,1.7856608321890235,0.0051784065180982,0.2539389196317643,2.1512866048142314,0.013193180055168341,0.12418040749616921,0.1534427108708769,0.07989943289430812,0.13974414608674124,0.023831209546187893,0.13958365458529443,0.3320642283651978,0.40617053606547415,0.09268730587791651,2.3521290929056704,9.185914078968516e-05,11.070268593728542,45.83078661561012,0.024996479177701758,3.4797134678810835,0.10620208038017154,-0.034297780599445105,0.2862691981717944,1.0
1,4980736,0.19951253524050117,1.764724469743669,0.005015031300899864,0.2563067253213376,2.2166685862466693,0.012782969080944895,0.17533811350585893,17.534626580774784,-13.15515029989183,-0.00021036526277384837,0.6878217703197151,-0.6113125937990844,0.00012809222793919162,0.03227120191149879,-0.03725919582939241,-0.07498191396007314,0.7852346422150731,-0.4310426120646298,0.4349190932698548,0.19951253524050117,1.764724469743669,0.005015031300899864,0.2563067253213376,2.2166685862466693,0.012782969080944895,0.12468080234248191,0.15570349991321564,0.08014359587104991,0.14287807658547536,0.02373764241929166,0.1427408282761462,0.33257882855832577,0.40541788237169385,0.09079021535580978,2.507033536210656,0.00011312459096757266,11.00509624928236,44.99063128232956,0.004875376371501261,3.462810141965747,0.10780996305402368,-0.03708381042815745,0.28632882284000516,1.0
1,5111808,0.19048552517779171,1.8120198072865605,0.004985948803550855,0.25262235989794135,2.2944676661863923,0.012375971541132458,0.18198811664478853,16.646825920790434,-11.75180614925921,-9.636794322886999e-05,0.7115289252251387,-0.6044428406748921,0.000126729821872118,0.033464007123257034,-0.036910301096213516,-0.07290326271322556,0.7841140311211348,-0.4435327334795147,0.4818153725937009,0.19048552517779171,1.8120198072865605,0.004985948803550855,0.25262235989794135,2.2944676661863923,0.012375971541132458,0.12552486080676317,0.1512129206676036,0.08014361187815666,0.13373455090913922,0.023826891774660908,0.1336058682645671,0.32582362252287567,0.38748552021570504,0.0901812837109901,2.484869564883411,9.666187588930342e-05,10.289051659405231,44.92642506957054,0.003608832982191501,3.4850046262145042,0.10851245216326788,-0.0375933803152293,0.28584148921072483,1.0
1,5242880,0.19928895880002528,1.7683415189385414,0.005213171074501588,0.25531792908441275,2.221621097996831,0.012141663337388309,0.1846782616339624,19.182785853743553,-11.955048793926835,-0.0003420084603931173,0.7333173577208072,-0.6279806296806782,0.00016983626454702971,0.03380608714360278,-0.03593127059866674,-0.07459542693686672,0.7759569557383657,-0.5010088749695569,0.44739022315479815,0.19928895880002528,1.7683415189385414,0.005213171074501588,0.25531792908441275,2.221621097996831,0.012141663337388309,0.12467013311106712,0.15478016366250813,0.0798175209783949,0.14263316104188561,0.023613203011336736,0.14247993554454297,0.33565853303298354,0.41051275678910315,0.09115130116697401,2.485641684383154,0.00012152280675969962,10.757681377232075,44.5292409658432,0.0038752685940364184,3.473764855414629,0.11187446548137814,-0.03454563138075173,0.2841825084760785,1.0
1,5373952,0.1999012937769294,1.497077090193828,0.010473840145447562,0.24715988289564847,1.8993716034293175,0.01254933830491306,0.19759624881048998,36.59254280924797,-10.300738621925316,-0.0006607633538442315,0.5878076556697488,-0.6141592439264059,-1.4620855348160453e-05,0.03261836699365328,-0.03692102447365566,-0.06210928886064721,0.549920651955957,-0.3431105207980727,0.26815000653266907,0.1947818686021492,1.7992210490629077,0.004948745317051362,0.25439030572306365,2.2012388007715344,0.012600623191246996,0.12527730880538002,0.15294955961871892,0.08055770979262888,0.13756491447566077,0.02378656470682472,0.13730853312881663,0.3251904151402414,0.47430206974968314,0.09351326542673633,2.827463344205171,9.710939955942521e-05,11.00701380521059,47.43844732642174,0.002921321537911581,3.48151183873415,0.1113825700012967,-0.041327724466100335,0.28740959521383047,1.0
1,5505024,0.21836139622610062,1.6084706536494195,0.005537963680581015,0.262022114940919,2.0661941869184375,0.014220724359802261,0.2142839768785052,35.439906181969555,-8.708042534068227,-0.0003690606324653345,0.6897836591128305,-0.6449528385419399,6.364234008060521e-05,0.029428733399981866,-0.03373194106097799,-0.07043036940740421,0.7111978710163385,-0.41532870568335056,0.3089518756605685,0.20168060814423194,1.5078138192015957,0.0099980930163038,0.24859293200165392,1.9154508885848953,0.012710435755986717,0.12932718339017088,0.1395940278735326,0.08164374671837157,0.15824516915368386,0.02425413347671302,0.15801480531563467,0.390956475107695,0.3929656337868108,0.07971554655716362,2.55393530166405,7.909359389185667e-05,9.71148254818154,33.3017452726567,1.3292472166610374,3.479044626276177,0.10475491765407559,-0.029575810038361204,0.22129811894103704,1.0
1,5636096,0.20209022075869143,1.651721389964223,0.005373302553380199,0.2559968651039526,2.184628560207784,0.012308075909459149,0.189081949647516,17.78515404649079,-10.551348400302231,0.0006793759825995949,0.7157003856264055,-0.6043988012243062,0.00011608216627223555,0.0289730623117066,-0.03742016894102562,-0.0924262639018707,0.7244273880496621,-0.4882206243928522,0.3630183602217585,0.20209022075869143,1.651721389964223,0.005373302553380199,0.2559968651039526,2.184628560207784,0.012308075909459149,0.12470924423541874,0.15526660066097975,0.08049577806377783,0.14557003427762538,0.023787497746525332,0.1454153005615808,0.3368909216951579,0.4126474126242101,0.09192543645622209,2.3617139952257276,9.40745889782546e-05,12.078234575688839,41.59430608153343,0.18599726333359712,3.4569339845329523,0.11230864602839574,-0.034830367192626,0.2732249451801181,1.0
1,5767168,0.17855839268304408,1.7530099153518677,0.005281692730022769,0.2481125129852444,2.082987744361162,0.013317181354068452,0.20421736920252442,20.898959022015333,-11.758401696570218,-0.0009155750892659853,0.6914339265786111,-0.6175375420134515,0.00017238832799648662,0.030529045267030597,-0.03750462627795059,-0.11483257496729493,0.7509070152882487,-0.4510674844495952,0.3903364345896989,0.17855839268304408,1.7530099153518677,0.005281692730022769,0.2481125129852444,2.082987744361162,0.013317181354068452,0.12415162078104913,0.1457865466363728,0.08234540052944794,0.12197534780716524,0.023583469635923393,0.12182618165388703,0.3116470668464899,0.3881636746227741,0.08846715197432786,2.4406226868741214,0.00010796926704870202,12.035596944391727,43.03205658495426,0.019799794300809026,3.511309888213873,0.11477851023664698,-0.034651790978387,0.27214280935004354,1.0
1,5898240,0.20965156785678118,1.7039684457704425,0.005309002087415138,0.25753389636520296,2.2333114268258214,0.012583610016008606,0.21038019307889044,16.888077476993203,-12.725023232400417,-0.00048572825426163035,0.7412947125267237,-0.6561025273986161,0.0001638315454357553,0.03536529673147015,-0.03895802941406146,-0.09890519588952884,0.7353143719956279,-0.4398216442205012,0.35331479692831635,0.20965156785678118,1.7039684457704425,0.005309002087415138,0.25753389636520296,2.2333114268258214,0.012583610016008606,0.12322213448351249,0.15788033767603338,0.08059643930755556,0.1527043663081713,0.023524325515609235,0.15255268977489322,0.34082495351321995,0.4264688908588141,0.0942336322623305,2.6952553736045957,0.00010128513988227894,12.815551772713661,42.215233847498894,0.17108596316545288,3.4446659181267023,0.11556495138211176,-0.03794373502023518,0.27266506291925907,1.0
1,6029312,0.18890329904388636,1.7323014526627958,0.0051259322244732175,0.2521085870685056,2.233956419862807,0.01281751647729834,0.19232982024550438,19.68929883465171,-12.384536368772388,-0.0006259527845031698,0.7025346555747092,-0.6125958019401878,0.00017435734640969258,0.0330545481556328,-0.0355939940927783,-0.11266296973917633,0.7730542388744652,-0.44280204083770514,0.415073235752061,0.18890329904388636,1.7323014526627958,0.0051259322244732175,0.2521085870685056,2.233956419862807,0.01281751647729834,0.12441342422971502,0.15003773826174438,0.08215501258382574,0.13225424458505586,0.02352653215348255,0.13211596058681607,0.315386900678277,0.4141941382549703,0.0908178710960783,2.5239729727618396,9.760793377266985e-05,12.588425569236279,44.29274579882622,0.008137109297827294,3.4642132185399532,0.11749252979643643,-0.035149818286299706,0.2823592033237219,1.0
1,6160384,0.19711446203291416,1.7467557033523917,0.005400329850090202,0.25352655444294214,2.181941266171634,0.012834824137826217,0.0986539970326703,110.57433416694403,-110.27859069406986,-0.00046027079793020675,0.704445423791185,-0.6159953768365085,0.00012000835515380004,0.03601621601410443,-0.036606040615879465,-0.10946161433821544,0.7761395797133446,-0.45730296103283763,0.42050640331581235,0.19711446203291416,1.7467557033523917,0.005400329850090202,0.25352655444294214,2.181941266171634,0.012834824137826217,0.12358335143653676,0.15254810766782612,0.08130065555451438,0.14025367493741214,0.02348301927850116,0.140038185112644,0.3266861110460013,0.5154540305957198,0.09140987566206604,2.516975932754576,0.00010659149166114545,12.787905514240265,44.4695228934288,0.004327981199892861,3.459993876516819,0.11830172355985269,-0.036660158075392246,0.28321586456149817,1.0
1,6291456,0.20104049379006028,1.7801739070564508,0.005283742651954526,0.2555222138762474,2.208420032635331,0.012652671717660269,0.10895364306634292,132.65502655506134,-132.1954494714737,-0.00038650643637083704,0.7193264423403889,-0.6128048438113183,9.505962548672642e-05,0.03245116263133241,-0.04288198310678126,-0.10921740223420784,0.7694973382167518,-0.48079399461857975,0.42789761489257216,0.20104049379006028,1.7801739070564508,0.005283742651954526,0.2555222138762474,2.208420032635331,0.012652671717660269,0.12343628343660384,0.15483704395592213,0.08138688647886738,0.1438476950279437,0.023517148569226265,0.1435870630084537,0.32912321272306144,0.6168237926904112,0.09221818792866543,2.6767344316467643,9.612423795202218e-05,12.845755726099014,44.08895030617714,0.004446146556584374,3.439314102753997,0.11971090460428968,-0.03611186984926462,0.28114229906350374,1.0
1,6422528,0.1920159588335082,1.7669464643113315,0.005380682414397597,0.2520316122099757,2.143174330703914,0.013792835912681767,0.29425779392477125,84.80459136888385,-15.33287944458425,-0.0006453596847677545,0.6907187253236771,-0.5901813842356205,0.0001786258576714772,0.061145356281485874,-0.0398202000578749,-0.11906165879918262,0.7616974115371704,-0.6280921371653676,0.45492793433368206,0.19201545952819288,1.7669464643113315,0.005380682414397597,0.2520352975698188,2.143174330703914,0.013792835912681767,0.12370544351870194,0.15068284003064036,0.08156955178128555,0.13522099069086835,0.02329937605827581,0.13500108220614493,0.32308474997989833,0.5120088942348957,0.09359177929582074,4.790651833172888,9.993198665725345e-05,12.819829262793064,47.30790415406227,0.003372169512537937,3.459843246266246,0.12156937114195898,-0.03598203230649233,0.31343626976013184,1.0
1,6553600,0.2005886526312679,1.7715537315234542,0.005471667433084804,0.25536260777153075,2.1889923410490155,0.012858417979259684,0.22352535044774413,20.922155428677797,-11.979222716763616,-0.0005761809002251539,0.7024028631858528,-0.5973053337074816,0.00013655059180450735,0.03326367949193809,-0.037058841407997534,-0.11617911409121007,0.7776104756630957,-0.4608641539234668,0.47693882090970874,0.2005886526312679,1.7715537315234542,0.005471667433084804,0.25536260777153075,2.1889923410490155,0.012858417979259684,0.12368394428631291,0.1542523941025138,0.08181903505465016,0.1431223176768981,0.02356826931645628,0.1429592307540588,0.3284630326088518,0.43503770348615944,0.09005779918516055,2.4395598717965186,0.00011062847629172978,13.034732513129711,44.553799003362656,0.003132921489050755,3.4581659454852343,0.12006113363895565,-0.03859551786445081,0.2821598770096898,1.0
1,6684672,0.20005913885931176,1.5292469663918018,0.010139163073448192,0.2486695917509496,1.9410467370847861,0.012563234116435828,0.1511462762967373,46.75272340444227,-37.13182552173734,-0.00024228537283003485,0.6134320472056667,-0.6086151467760403,4.880305892432564e-06,0.036670119558111766,-0.039221234297244036,-0.0889211567255552,0.5591698275395902,-0.35793176641348207,0.26715031574169795,0.19571070990059525,1.7954388204962015,0.005591752918462589,0.2528149072313681,2.1551903085783124,0.013298540550749749,0.12403146020369604,0.1511228698072955,0.08171373402001336,0.138138419308234,0.023656236880924553,0.1379706120933406,0.32460319763049483,0.4262430479284376,0.09074031643103808,2.494776494335383,9.676599499189309e-05,12.790349535644054,43.972970336675644,0.0030244790799827115,3.467943286523223,0.12047893914859742,-0.040147894294932485,0.2827895823866129,1.0
1,6815744,0.21869963908102363,1.6050432426854968,0.0057119422763207695,0.2619252585573122,2.0422721849754453,0.013110292895362363,0.3271384791005403,62.37033745567931,-8.938793621957302,-0.0004744377029055613,0.7020241979352502,-0.5968803409487009,0.00011057106569012376,0.032843781598785426,-0.03340915738226613,-0.09533883357653394,0.7071712664328516,-0.44934580312110484,0.3063781859818846,0.20185581357947674,1.5365526315767364,0.009712442996616633,0.24994724638288818,1.9508034067609943,0.012615962673440794,0.12812304721741252,0.1411243455417185,0.08301492178032781,0.15835170154403672,0.023981658077703406,0.1581226056806339,0.3927070656342499,0.46613493543791484,0.08399113430220813,2.636915819539902,8.049341938322235e-05,11.362474369771599,32.88984721483304,1.3979864966596676,3.464811092040625,0.11375979788953186,-0.02914281086210745,0.21928496443363557,1.0
1,6946816,0.2030592996161431,1.6517149033024907,0.0054345452831512375,0.25558066577650607,2.1468788404017687,0.012723366782665835,0.21550894365645945,45.07426814548671,-10.94542207941413,0.0001717618197289994,0.7281684910412878,-0.6245820857584476,8.021314337725016e-05,0.032440388516988605,-0.03394683992519276,-0.1048161233193241,0.7241367732640356,-0.45300220674835145,0.36714534857310355,0.2030592996161431,1.6517149033024907,0.0054345452831512375,0.25558066577650607,2.1468788404017687,0.012723366782665835,0.12442136101890355,0.1545459560584277,0.08140104432823136,0.14526662573916838,0.02363972266903147,0.14509697206085548,0.3285014627035707,0.4685221463441849,0.09173863683827221,2.2486010063439608,9.397629188770407e-05,12.96269141882658,41.62383519113064,0.22685025505238343,3.4451523572206497,0.12174959731055424,-0.03133915946818888,0.27071110624819994,1.0
1,7077888,0.17930811212863773,1.7499441714026034,0.00521974335424602,0.2475712993182242,2.036418018862605,0.013387429396971129,0.1961173132294789,18.459437623620033,-11.65341501776129,-0.0003468019131105393,0.7056749144103378,-0.6191155218984932,0.00010241686366896374,0.02991322962770937,-0.041018624731805176,-0.11717539408709854,0.7431458705104887,-0.4493583678267896,0.39441098854877055,0.17930811212863773,1.7499441714026034,0.00521974335424602,0.2475712993182242,2.036418018862605,0.013387429396971129,0.12471237313002348,0.14436948829097673,0.08283544814912602,0.12138571112882346,0.023618172403075732,0.12124547420535237,0.3038239990128204,0.39798690658062696,0.0878720103064552,2.598070919048041,8.631354631294386e-05,12.246259592473507,42.57912242412567,0.01316213992375026,3.5051840394735336,0.12284495850326493,-0.030908765038475394,0.26650206791236997,1.0
1,7208960,0.2100486448034644,1.7269264496862888,0.005377811672587995,0.25695868802722543,2.208078776486218,0.0120086852912209,0.24826456647133455,53.779999647289515,-11.06414797808975,-0.00010372777023803792,0.7491924315690994,-0.6416905161458999,7.01056967926661e-05,0.03360287141549634,-0.038610797324508894,-0.09351824031909928,0.7566984673030674,-0.6010795966722071,0.3812709751073271,0.2100486448034644,1.7269264496862888,0.005377811672587995,0.25695868802722543,2.208078776486218,0.0120086852912209,0.12382606824394315,0.1565686189569533,0.0809592186124064,0.15232469112379476,0.0236800759594189,0.15209376416169107,0.3350195912644267,0.48906151368282735,0.09619555651443079,2.554525730200112,9.163472184248178e-05,12.652283988893032,43.44557663798332,0.00717239350374399,3.440809292718768,0.12080508208600804,-0.0378596899099648,0.2762757302261889,1.0
1,7340032,0.19013035972602665,1.7683927062898874,0.0049646691732050385,0.2531766283791512,2.197691480629146,0.012851401485022507,0.28868131630588323,108.70494915544987,-13.44313838146627,-0.0006134359023235447,0.7242538752034307,-0.6107482328079641,0.00016894417122159666,0.07917152492882451,-0.03422136611334281,-0.10301684658043087,0.751147597329691,-0.7818697369657457,0.4086632451508194,0.19012952246703207,1.7683927062898874,0.0049646691732050385,0.25318648340180516,2.197691480629146,0.012851401485022507,0.12686651095282286,0.14923237590119243,0.08265815721824765,0.13240937457885593,0.02370888492441736,0.1321813134709373,0.3076941831968725,0.5320213965605944,0.09732508915476501,5.617533082142472,8.321844361716679e-05,12.050048112869263,48.520266860723495,0.010937456810560242,3.4631778448820114,0.11983878928003833,-0.03495676605962217,0.31805136566981673,1.0
1,7471104,0.19785821007099003,1.7784665524959564,0.005348837865767564,0.25448422238696367,2.1974946595728397,0.012701448793450254,0.20445733610540628,21.084476966410875,-13.511550022289157,-0.00011588533971007564,0.6994860183913261,-0.6048254000488669,0.00013432090210585557,0.03154975081997691,-0.04110784818476532,-0.09601309627760202,0.7610219619236887,-0.48883624328300357,0.4148331731557846,0.19785821007099003,1.7784665524959564,0.005348837865767564,0.25448422238696367,2.1974946595728397,0.012701448793450254,0.1253925706841983,0.1521055509801954,0.08180097228614613,0.14027552027255297,0.023762213604641147,0.14009548956528306,0.32323561469092965,0.4531420338898897,0.09355157415848225,2.6122350227087736,8.769686719134473e-05,12.044724874198437,43.60334721207619,0.013569940737262698,3.464705051854253,0.12038998876232654,-0.037129018222913146,0.27850128058344126,1.0
1,7602176,0.20053239725530148,1.792382682673633,0.005674745699252526,0.2549463489558548,2.141083534806967,0.013080218788672937,0.09564767713891342,114.72592824697495,-113.43519932031631,-6.257613927118655e-05,0.6817563101649284,-0.6111223394982517,0.0001043057554923621,0.03848109333921457,-0.04376989547745325,-0.09777798334835097,0.749198263976723,-0.6157656458672136,0.4382545566186309,0.20053239725530148,1.792382682673633,0.005674745699252526,0.2549463489558548,2.141083534806967,0.013080218788672937,0.12493863480631262,0.15343243873212487,0.0809765508165583,0.14364440669305623,0.023443354526534677,0.14330734644318,0.32470022258348763,0.5725108375772834,0.09680222108727321,2.9328583618626,0.00010903952602259182,12.214646100997925,44.333874613046646,0.005292372445367732,3.4431299306452274,0.12254027067683637,-0.03841085871681571,0.28901658160611987,1.0
1,7733248,0.19203225302044302,1.7840304104611278,0.005294918461913767,0.25304284470621496,2.2093378426507115,0.012796929004252888,0.18655203047092073,39.6297554820776,-32.5500320661813,5.639840082949377e-05,0.6994921534787863,-0.6029171817936003,8.304877224674101e-05,0.035288370585476514,-0.04471611180633772,-0.10076975543051958,0.7567313415929675,-0.5550739341415465,0.4563362260814756,0.19203231867868453,1.7840304104611278,0.005294918461913767,0.2530518389539793,2.2093378426507115,0.012796929004252888,0.12625616550212726,0.1497064616996795,0.08178560883970931,0.1341035474324599,0.02363121930102352,0.13390473881736398,0.31294555868953466,0.4618900832720101,0.09423395217163488,4.283651357982308,0.00010412375889190528,11.824705444276333,47.67331376671791,0.0034080345889861974,3.4671032428741455,0.12187933269888163,-0.04083404433913529,0.31267163529992104,1.0
1,7864320,0.20042186859063804,1.7920639915391803,0.00535612408475572,0.2540856202831492,2.1719592744484544,0.012082996658136835,0.18080320412991568,18.349791813641787,-12.527993094176054,0.00015683484298278927,0.6990696399006993,-0.6060686632990837,0.00013241071944491978,0.03159145372774219,-0.03888222578825662,-0.09352153941290453,0.7611809484660625,-0.44761061086319387,0.4588735776487738,0.20042186859063804,1.7920639915391803,0.00535612408475572,0.2540856202831492,2.1719592744484544,0.012082996658136835,0.12500976293813437,0.15258085529785603,0.08127437741495669,0.14260149822803214,0.02368803706485778,0.14244897454045713,0.32828506268560886,0.4348311796784401,0.0909421174437739,2.579052485525608,8.601206817360207e-05,11.913445584475994,43.6124564409256,0.0026444417879556426,3.4635026585310698,0.1216113994596526,-0.04065574076958001,0.28137526707723737,1.0
1,7995392,0.20086268339306118,1.5289207390447457,0.01062914336900576,0.24671814816693466,1.9331965752939384,0.01233743866988031,0.22390468331053853,52.42868369271358,-10.101816499282917,-7.81449911301025e-06,0.6038884321786463,-0.6023430210910737,-2.285256773840653e-05,0.03279453094767329,-0.03866529336364086,-0.0858055412735727,0.5576968835803564,-0.3671343654981077,0.2685590873658657,0.19601897767279297,1.8338911700993776,0.0055085464850890276,0.25343258085194975,2.1720973206683993,0.013128362186762388,0.12488276633666828,0.15123723179567605,0.08188109565526247,0.13845520158065483,0.023637239981326275,0.13831254380056635,0.32586361723951995,0.4112567831762135,0.09064722002949566,2.2397515792399645,9.336376814417235e-05,12.250860810279846,43.33373981714249,0.003039772408484964,3.4686213694512844,0.12346763629466295,-0.03921344899572432,0.276150640565902,1.0
1,8126464,0.21997926326002926,1.625939550343901,0.006303770919657836,0.2615111421328038,2.0357738165184855,0.013262610879792192,0.20200039574410766,49.72337454068194,-10.419729962944984,-0.00014893680440764,0.6857172542262867,-0.578121000668034,6.426455567520861e-05,0.032707277347071795,-0.036603445958462544,-0.09231245808769017,0.7120138285681605,-0.4243971290998161,0.32275622710585594,0.20270524530794964,1.5382719497723751,0.010212240000393911,0.2481439789106329,1.9430835383035332,0.012426611894932056,0.12905701719145907,0.13788507095571742,0.08363341902388283,0.1585565049366756,0.0239940593713412,0.15832749234950058,0.3869603896536023,0.424277416896075,0.07990668473221048,2.52251402477184,7.725295592235219e-05,11.256266670220207,33.44879028091701,1.632575838438415,3.461076204855758,0.1199016820281535,-0.029348068320787096,0.22571613935821028,1.0
1,8257536,0.20392897224519402,1.6739233527332544,0.005970455158603727,0.25561179721262306,2.134943754412234,0.013402601533016423,0.19754551420919597,15.383615110069513,-11.271597409620881,0.0007956933559398749,0.7251528869383037,-0.6031949941534549,6.554871721675681e-05,0.032452142440888565,-0.032623588464048225,-0.10909227601950988,0.7117322885897011,-0.7064118718262762,0.3722248512785882,0.20392897224519402,1.6739233527332544,0.005970455158603727,0.25561179721262306,2.134943754412234,0.013402601533016423,0.1250335245858878,0.15338586526922882,0.08228028565645218,0.14572819718159735,0.023663021944230422,0.14557487820275128,0.33272975287400186,0.42697055567987263,0.08942649711389095,2.2520110770128667,8.782328994172417e-05,13.210315778851509,42.974689319729805,0.15557271812622275,3.4375981148332357,0.12752753356471658,-0.03249620273709297,0.2836005217395723,1.0
1,8388608,0.18087397422641516,1.7460173182189465,0.005267429289233405,0.24764892423991114,2.0892418790608644,0.013722879761189688,0.16524343442870304,14.797961367294192,-11.49179003201425,9.611035193302087e-05,0.702132913749665,-0.6014477040152997,0.00012929810107920048,0.030737657107238192,-0.029315369698451832,-0.13645985553739592,0.7554994565434754,-0.6611130507662892,0.40779908606782556,0.18087397422641516,1.7460173182189465,0.005267429289233405,0.24764892423991114,2.0892418790608644,0.013722879761189688,0.12436988583067432,0.14432536566164345,0.08372002985561267,0.1226682917913422,0.02347086646477692,0.12257013376802206,0.30786823865491897,0.3732513305731118,0.08343440279713832,2.1236243727616966,9.112738281125132e-05,13.329414457082748,43.42514243721962,0.005990864774091165,3.490865482017398,0.12867047573672608,-0.03284193156287074,0.2756659211590886,1.0
1,8519680,0.21141222293954343,1.6903137736953795,0.005683323789071437,0.2567906262120232,2.1582607440650463,0.012224935243466462,0.19679845491191372,16.632070833817124,-11.346402233466506,-0.00017212678926625813,0.7101051267236471,-0.6122061936184764,0.00015856824252580282,0.03142335875600111,-0.03953786793863401,-0.11616053222678602,0.7367281694896519,-0.4413203289732337,0.35869379434734583,0.21141222293954343,1.6903137736953795,0.005683323789071437,0.2567906262120232,2.1582607440650463,0.012224935243466462,0.12364279199391603,0.15583248157054186,0.08195324306143448,0.1537853343761526,0.023395931682898663,0.15360494365449995,0.33805268560536206,0.43967723683454096,0.09178398817311972,2.4845578921958804,8.577405533571891e-05,13.861406467854977,42.2114150673151,0.022375917369942044,3.428950408473611,0.12635342363500968,-0.035397467436268926,0.274183901026845,1.0
1,8650752,0.1897800040896982,1.7685466292314231,0.005140618223776983,0.25053066632244736,2.13913494348526,0.01241443348226312,0.15761348500382155,19.649879775941372,-13.4142154045403,-0.0004062026100655203,0.6881107531953603,-0.6207864966709167,0.00020423378870049191,0.03189488442876609,-0.040235070504422765,-0.1220465655787848,0.74845503969118,-0.43618865706957877,0.40473424340598285,0.1897800040896982,1.7685466292314231,0.005140618223776983,0.25053066632244736,2.13913494348526,0.01241443348226312,0.124923991097603,0.1472715790150687,0.08287197962636128,0.13211484672501683,0.023492914042435586,0.13196648872690275,0.30600244645029306,0.4238560711964965,0.0917857681051828,2.7359509272500873,9.235292352580658e-05,13.143746994435787,42.88331542909145,0.023748840212647337,3.4524579774588346,0.12709005235228688,-0.036569365533068776,0.27732433564960957,1.0
1,8781824,0.1975684273056686,1.773771285545081,0.00553937433687679,0.25416362087707967,2.129551747813821,0.012760260136928991,0.3044447803404182,124.89778381586075,-12.87279600277543,-0.0008022841861929919,0.7150509897619486,-0.5875234545674175,0.00015902540783940822,0.03420111488958355,-0.037628213394782506,-0.11189922265475616,0.7567988955415785,-0.5440290500409901,0.40880917361937463,0.1975684273056686,1.773771285545081,0.00553937433687679,0.25416362087707967,2.129551747813821,0.012760260136928991,0.12436836649430916,0.1521270167431794,0.08255268668290228,0.13998269167495891,0.023490306935855187,0.13967789383605123,0.31556737644132227,0.5575094509404153,0.09285181807354093,2.479824587702751,9.229002960076116e-05,12.972251407802105,43.71352735161781,0.005918615129345994,3.4526675306260586,0.12400537822395563,-0.03465222707018256,0.2810447011142969,1.0
1,8912896,0.2015055810334161,1.7733203554525971,0.005527111075480207,0.2555477637797594,2.2256156327202916,0.01271333804470487,0.17477249877993017,34.748307298868895,-15.84799831546843,-0.0007763844309920387,0.6753101414069533,-0.5925567678641528,0.00027310831657700874,0.042552718572551385,-0.03448160817788448,-0.10971788864117116,0.7546743818093091,-0.5439832219853997,0.43763667810708284,0.20150412840303034,1.7733203554525971,0.005527111075480207,0.2555482513271272,2.2256156327202916,0.01271333804470487,0.12455777399009094,0.15400106401648372,0.08133176871342584,0.1444284216267988,0.02341768993937876,0.1442335897590965,0.32860392169095576,0.4598131829407066,0.09544642275432125,3.9770435504615307,9.585581768423168e-05,12.917713299393654,46.616346910595894,0.015350308780028854,3.4385079722851515,0.12439514813013375,-0.03604666190221906,0.30089738592505455,1.0
1,9043968,0.1919888196280226,1.7692028088495135,0.0054195927896216745,0.2537579904310405,2.170646343380213,0.012288019162951969,0.19251328066457063,21.22140060737729,-15.857156714424491,-0.0014870278419039096,0.7052752915769815,-0.628194424090907,0.00016778913743564772,0.03088939029839821,-0.038899312778085005,-0.11413549416465685,0.7625905512832105,-0.43895161035470665,0.45245109242387116,0.1919888196280226,1.7692028088495135,0.0054195927896216745,0.2537579904310405,2.170646343380213,0.012288019162951969,0.1258263384224847,0.15010919468477368,0.08291854284470901,0.13424981047865003,0.02350650983862579,0.1340847024694085,0.31646510772407055,0.42820008378475904,0.08850091096246615,2.4639419447630644,8.288948035661825e-05,12.650984391570091,43.693220406770706,0.004476263695579519,3.4607562366873026,0.12546683970140293,-0.033055976033210754,0.2797528742812574,1.0
1,9175040,0.20056157186627388,1.7912960080429912,0.005751353970936179,0.25476442580111325,2.165458277799189,0.012783079208020354,0.17158625554293394,17.68453934043646,-14.065472541376948,-0.0006516906573779124,0.7318356002215296,-0.6305016865953803,0.00015191696414262879,0.033947424359212164,-0.03679285645193886,-0.1036534141167067,0.7673910087905824,-0.44428160414099693,0.4600252693053335,0.20056157186627388,1.7912960080429912,0.005751353970936179,0.25476442580111325,2.165458277799189,0.012783079208020354,0.12469368986785412,0.15287159226136282,0.0814877463853918,0.14237678045174107,0.023488256367272697,0.1422211798490025,0.3240066282451153,0.4269471946172416,0.09008629282470793,2.4394580386579037,0.00010403397862379649,12.569201573729515,43.96826660633087,0.0032727909587286774,3.458525789901614,0.12305600568652153,-0.03423339012078941,0.2800634610466659,1.0
1,9306112,0.20103886881222327,1.5163164162884155,0.010608406257718646,0.24595228996127844,1.8833371551831564,0.012405964505742304,0.17278477161967506,12.929334749827783,-10.642960700914264,-0.00037122675074594246,0.5976548468569914,-0.5959911543813845,-2.0434341654057182e-05,0.03086298340902431,-0.03405423429328948,-0.07506164506365545,0.5606121390962896,-0.3209547205539032,0.26427092544734476,0.19643880147486925,1.8045842619612813,0.005502404313119769,0.2535951032768935,2.13930946867913,0.013433748292300152,0.12445344310253859,0.15183784230612218,0.08190241269767284,0.13889909524004906,0.023597095903824084,0.13876661279937252,0.32708460628055036,0.4099544412456453,0.08992198028136045,2.425617970060557,8.377634178724502e-05,12.704114630818367,43.72644546627998,0.003112502466137812,3.463873218744993,0.1233340033213608,-0.03362435451708734,0.27658418379724026,1.0
1,9437184,0.2194172638701275,1.6366162719205022,0.00611332832431799,0.26178758777678013,2.033908466808498,0.012768901671734056,0.1825696413870901,14.688978253942297,-8.76290669478476,-0.00022207810093277658,0.6833228673224887,-0.6312235668301582,6.664750840457145e-05,0.02594392015816993,-0.03347909594231169,-0.0834383069886826,0.7068031104281545,-0.4300445963162929,0.3293029642663896,0.20281028038406945,1.5279115830963275,0.010175145734017378,0.247478583726628,1.8978500526892133,0.01244094640125958,0.1283767936549273,0.13852047108686025,0.08248849616509425,0.15810772159742753,0.023853641976770687,0.1579227851541062,0.37883844812322093,0.37830421850309676,0.07633257813678762,2.2862321565051125,7.788718194170539e-05,10.718719483078289,32.939344473183155,1.5614989884320394,3.4649141768375076,0.11739002875934186,-0.025852492707500976,0.22107832609529954,1.0
1,9568256,0.2035162925021723,1.6412324151024222,0.005441007968329359,0.2549635731847957,2.1327708335593343,0.01296626642033516,0.16350220190361142,14.78157696314156,-11.43980123102665,-0.0010289631673003896,0.6997106468770653,-0.6116042165085673,0.00012280137046616346,0.032542725741222966,-0.03389900334877893,-0.09744706039782614,0.7154219306539744,-0.48294539586640894,0.35126261273398995,0.2035162925021723,1.6412324151024222,0.005441007968329359,0.2549635731847957,2.1327708335593343,0.01296626642033516,0.12485936773009598,0.15311315649887547,0.08157727017533034,0.14531532756518573,0.023726248458842747,0.14518810546724126,0.32922283455263823,0.405412565683946,0.09091630228795111,2.268308076541871,8.289137622696785e-05,12.542705684900284,42.2176161557436,0.1754288118169569,3.4455034863203764,0.12368043896276504,-0.030136158457025886,0.28453482454642653,1.0
1,9699328,0.17970964137930423,1.7239511632360518,0.005120819562307588,0.24923547729849815,2.019211182370782,0.012805250299606996,0.18598744692280889,17.329688597470522,-10.756291825324297,-0.00017685791544863605,0.6878190385177732,-0.6125931707210839,0.00014845315106981616,0.031046137781231664,-0.035793825849395944,-0.10480505571467802,0.7394507378339767,-0.6902863718569279,0.4051125387195498,0.17970964137930423,1.7239511632360518,0.005120819562307588,0.24923547729849815,2.019211182370782,0.012805250299606996,0.12674757681088522,0.14488580939359963,0.08251366094918922,0.12155646673636511,0.023611809039721265,0.12144254730083048,0.3001851439476013,0.37850974197499454,0.08613719721324742,2.333349852822721,0.00011552199777042915,11.577709078788757,43.043064415454865,0.04511239245999832,3.507930075749755,0.1221525925793685,-0.030597379198297858,0.27115096244961023,1.0
1,9830400,0.21003180684056133,1.730922406539321,0.005411721974269312,0.2574001458706334,2.1344794435426593,0.012845108192777843,0.1665767813101411,17.056052254512906,-13.885090712457895,-0.0006768022572032351,0.7261299893725663,-0.610437645111233,0.00011423611927341426,0.0353328928395058,-0.03369073089561425,-0.07949499748065136,0.7426497777923942,-0.6007437650114298,0.3566893415991217,0.21003180684056133,1.730922406539321,0.005411721974269312,0.2574001458706334,2.1344794435426593,0.012845108192777843,0.12530350510496646,0.1563276391243562,0.08043081499636173,0.15221382095478475,0.02365422176080756,0.15205293538747355,0.33249021461233497,0.4346907204017043,0.09296294749947265,2.3494692691601813,9.16830636685656e-05,11.764533288776875,42.69735687971115,0.031292219063834725,3.4466324653476477,0.12011966627324,-0.03405783325433731,0.2718859473243356,1.0
1,9961472,0.18900239176582545,1.7445239145308733,0.005180111853405833,0.251410540076904,2.1352795818820596,0.012646498468711798,0.18543282488826662,17.531517405062914,-13.889131473377347,0.0002716596225127432,0.7161688269115984,-0.6047877045348287,0.00016653919351483637,0.03624046490585897,-0.03543134050414665,-0.08638851362047717,0.7586835846304893,-0.42584762000478804,0.3836949076503515,0.18900239176582545,1.7445239145308733,0.005180111853405833,0.251410540076904,2.1352795818820596,0.012646498468711798,0.1266621375689283,0.1478375875740312,0.0816513339523226,0.13167527207406238,0.023577696323627606,0.13152831321349367,0.30603347765281796,0.4164201223757118,0.09403850056696683,2.510078465100378,9.027700887309642e-05,11.160446859896183,43.46936783194542,0.004778408354285446,3.467618625611067,0.12171981722349301,-0.03506654012016952,0.27806111657992005,1.0
1,10092544,0.19705128797795624,1.7478441055864096,0.005448549783523049,0.25383385526947677,2.1716451086103916,0.012680292149525485,0.14106584759429097,16.620098551735282,-13.610682534053922,-0.0002479875863627967,0.7106221909634769,-0.624543874990195,0.00017045353041567068,0.03640423564502271,-0.031216998540912755,-0.07319508379441686,0.7669728267937899,-0.4261852973140776,0.4027495014015585,0.19705128797795624,1.7478441055864096,0.005448549783523049,0.25383385526947677,2.1716451086103916,0.012680292149525485,0.12588595802662894,0.1518628192716278,0.08041475259233266,0.13937417190754786,0.023554643194074742,0.13924007210880518,0.31501764222048223,0.4032365772873163,0.09180584020214155,2.3539407085627317,9.186054161780532e-05,10.928740568459034,43.94430650770664,0.008211884974699046,3.468103099614382,0.12225468299584463,-0.03252664301544428,0.27692285645753145,1.0
1,10223616,0.2005887954728678,1.741501597687602,0.005431521282844187,0.2554108086042106,2.1225473657250404,0.01291626729289419,0.1631888206466101,18.766133349388838,-15.783595390617847,-0.0006254550430639938,0.7190074515528977,-0.6109626740217209,9.635313148237401e-05,0.03557566070230678,-0.034670529727009125,-0.06918567421962507,0.7574698706157506,-0.52863704203628,0.4045236073434353,0.2005887954728678,1.741501597687602,0.005431521282844187,0.2554108086042106,2.1225473657250404,0.01291626729289419,0.1265469622449018,0.15289464429952204,0.08048586442600936,0.1426469407742843,0.023541480375570245,0.14248814375605434,0.3221810352988541,0.4219512839335948,0.09344809938920662,2.4712775368243456,8.253198435514975e-05,10.802032105624676,43.843900203704834,0.01234230452343521,3.4512659162282944,0.12418059521587566,-0.03427963308058679,0.28375504072755575,1.0
1,10354688,0.1924229401629418,1.7816967722028494,0.005411231572907127,0.25399877736344934,2.107575419358909,0.01242805797028268,0.19070656510302797,19.76299211010337,-11.372272802516818,-0.0004238149226694077,0.728039366658777,-0.6304786966647953,0.0001320209040187592,0.03280811585864285,-0.03586503151746001,-0.08247349673183635,0.7687124838121235,-0.5461085641290992,0.43778288713656366,0.1924229401629418,1.7816967722028494,0.005411231572907127,0.25399877736344934,2.107575419358909,0.01242805797028268,0.1269432443077676,0.15039893053472042,0.08188015106134117,0.13421519857365638,0.02372137342172209,0.13407859730068594,0.31698538828641176,0.42096384707838297,0.08985410770401359,2.439852088689804,8.699087441926823e-05,11.007810682058334,45.08800628781319,0.0036756848266747966,3.4660534150898457,0.1267560484702699,-0.03148053074255586,0.28472375543788075,1.0
1,10485760,0.20104360522236675,1.7805817350745201,0.005320591455529211,0.25535379361826926,2.1824273662641644,0.012842170490330318,0.18832315423060209,18.990237195044756,-14.02047217451036,-0.0007117322875274112,0.6794999393168837,-0.5961015855427831,0.00012164860379471065,0.0350119283029926,-0.0396454769797856,-0.07959120004670694,0.7659090398810804,-0.7809414002113044,0.4336965901311487,0.20104360522236675,1.7805817350745201,0.005320591455529211,0.25535379361826926,2.1824273662641644,0.012842170490330318,0.12596503412351012,0.15305409661959857,0.08114558208035305,0.1425079044420272,0.023568288830574602,0.14235117542557418,0.3253581637982279,0.4510844238102436,0.0953361900174059,2.590263989754021,0.00010198240359304833,11.33743879199028,46.413557797670364,0.002973237862409661,3.459482168778777,0.127818604640197,-0.035018366761505604,0.281052821315825,1.0
1,10616832,0.2015474313249191,1.5423697502911091,0.010665381649547879,0.24742577196409304,1.8426724420984586,0.012411368620911769,0.21471146512776612,14.57163723508517,-10.223602607684832,-0.0007740560568951575,0.591146223427107,-0.6001650203453998,-3.5412098916367534e-05,0.028262170806022672,-0.03403198868734762,-0.06840677450218512,0.5788541438966058,-0.32662227765453283,0.2617110144843658,0.19633152312599123,1.7978665512055159,0.0054313876635205816,0.2536623924970627,2.1609350852668285,0.012466308808143367,0.12503373302752152,0.1518474582117051,0.08128716435749084,0.137467744119931,0.023559132270747796,0.13731663895305246,0.316530924057588,0.44052534038200974,0.09342839784221724,2.351913494989276,0.00010004433074545238,11.530097752809525,44.053283125162125,0.002983597663201165,3.464142931625247,0.13066383369732648,-0.03230080544017255,0.2815370326861739,1.0
1,10747904,0.21958323568105698,1.5640093847177923,0.006345030748889258,0.261597866541706,1.987619109917432,0.012522250949587033,0.12168760475469753,20.912683512162733,-66.02029462624341,-0.0005071899850008776,0.6740211787723364,-0.5937743969261646,6.832960275460209e-05,0.029405457626126008,-0.033305254739389056,-0.07693208291311748,0.7141337611246854,-0.4236028816085309,0.30160693963989615,0.20328582210623355,1.5444554981876568,0.010248962285628974,0.24879175698362202,1.8566432052617332,0.012422056074278058,0.12962072529459753,0.1389224780134363,0.08306349308022398,0.1576778475960986,0.023871752951737404,0.15745448992105135,0.3712926037070981,0.43283063376389713,0.07805069313238723,2.195267666843776,7.68386116075057e-05,10.565940520468066,33.921418888572916,1.3169903846938065,3.4562427726495697,0.12642867991232914,-0.025948350553412037,0.23075818535254664,1.0
1,10878976,0.20387577475048602,1.6082344660535455,0.0052668095613626065,0.25587554881349206,2.0818260945379734,0.013476329473633086,0.048333785714930855,127.41501694917679,-127.41501694917679,-0.00024851485045473964,0.6818773436825722,-0.5950631108134985,0.00011447665468011792,0.03636329119763104,-0.036694148351671174,-0.09215345239499584,0.6993999585974962,-0.43452022410929203,0.35944135999307036,0.20387577475048602,1.6082344660535455,0.0052668095613626065,0.25587554881349206,2.0818260945379734,0.013476329473633086,0.12574721151031554,0.1535576150054112,0.08167381642851979,0.14548697107238695,0.02357460738858208,0.14526538556674495,0.3256550182122737,0.5732831058558077,0.09425625635776669,2.533910881727934,9.186959638080028e-05,12.2649644613266,40.321836441755295,0.3521907274333529,3.4378500375896692,0.1302065544296056,-0.03267012257128954,0.26996264047920704,1.0
1,11010048,0.18069560220465064,1.7099814456887543,0.005475603545164631,0.24826873932033777,2.0428503546863794,0.013344640261493623,0.15691718147718348,54.86343443021178,-52.053255369886756,-0.0004475014434319746,0.6798655947204679,-0.5910852714441717,0.00017356555315473088,0.03301741327595664,-0.03568022913168534,-0.11475217749830335,0.7315347911790013,-0.42838678346015513,0.3539025404024869,0.18069560220465064,1.7099814456887543,0.005475603545164631,0.24826873932033777,2.0428503546863794,0.013344640261493623,0.1261326334788464,0.14380921790143475,0.08324006164912134,0.12214111565845087,0.02352340983634349,0.12199292401783168,0.3005839795805514,0.44922688812948763,0.08682550332741812,2.456193624995649,8.37737522996207e-05,12.178232111036777,41.91385668516159,0.029368333333945174,3.493190251290798,0.13268453622004017,-0.03358946763910353,0.2671948126517236,1.0
1,11141120,0.21091369655914605,1.732800611294806,0.005792322523575422,0.25746244424954057,2.180400824174285,0.01259871885577013,0.22344275983050466,16.418882474303246,-10.126433316618204,-0.0011544360675088683,0.7214050032198429,-0.6223234790377319,6.94635600524407e-05,0.030792860648944043,-0.036618799589632545,-0.0968192153959535,0.7296139802783728,-0.4302031518891454,0.3707208735868335,0.21091369655914605,1.732800611294806,0.005792322523575422,0.25746244424954057,2.180400824174285,0.01259871885577013,0.12490960978902876,0.15569599613081664,0.08175170555477962,0.15313917864114046,0.02357713901437819,0.15299509977921844,0.336686093127355,0.43417001655325294,0.0925995783181861,2.313268218655139,9.865507301842769e-05,12.762712217867374,41.85432110726833,0.03504259782478769,3.4332665987312794,0.1296969442628324,-0.036289850948378444,0.2693940354511142,1.0
1,11272192,0.19036206684540957,1.8067367831245065,0.005548168671793974,0.2521266950061545,2.2001388696953654,0.012639562326512532,0.2077626221580431,19.970871282741427,-12.838550601154566,-6.300003042269964e-05,0.6952481137122959,-0.6045942145865411,0.00013568652030215844,0.033523878853884526,-0.042638981554773636,-0.11383511242456734,0.7411666880361736,-0.43949503172189,0.39687024359591305,0.19036206684540957,1.8067367831245065,0.005548168671793974,0.2521266950061545,2.2001388696953654,0.012639562326512532,0.126154946454335,0.14836299122544006,0.08267105155391619,0.13257882930338383,0.023697135926340707,0.13239330420037732,0.30577534856274724,0.4384404190350324,0.09038872789824381,2.655512901954353,0.00011036548249432343,12.53230693936348,42.466151505708694,0.006426754498416898,3.4552215207368135,0.12823117087827995,-0.039606619626283646,0.27529470436275005,1.0
1,11403264,0.19893857545685023,1.7950702970847487,0.005989944625071075,0.2545266466913745,2.175668351352215,0.01291313094952784,0.20416819071397185,16.449253786355257,-10.838036630302668,-0.0008127989055992657,0.7334190751425922,-0.6235246427822858,0.00015192648237416506,0.03290970496163936,-0.038547921110875905,-0.1072627265821211,0.7554779294878244,-0.4244726519100368,0.42385466513223946,0.19893857545685023,1.7950702970847487,0.005989944625071075,0.2545266466913745,2.175668351352215,0.01291313094952784,0.1259034380200319,0.15152048179879785,0.08239316829713061,0.14134953665779904,0.023585573682794347,0.1412279232754372,0.320449534105137,0.416256598662585,0.09223523642867804,2.487198216840625,9.299759042447064e-05,12.616602405905724,43.285697519779205,0.0044649659059743385,3.452617660164833,0.12861793098272756,-0.037823528284206986,0.2743249833583832,1.0
1,11534336,0.20167563937138766,1.7866424126550555,0.005707363594410708,0.25652007875032723,2.12881681881845,0.012650958490667108,0.20550074486527592,17.112712047994137,-12.363205444067717,-0.0006950682532078645,0.7090635446365923,-0.5888697940390557,0.00011193464749226223,0.030660292228276376,-0.03722224323428236,-0.10178399685537443,0.7467269115149975,-0.4768585243728012,0.42438043816946447,0.20167563937138766,1.7866424126550555,0.005707363594410708,0.25652007875032723,2.12881681881845,0.012650958490667108,0.12603136949473992,0.15350019955076277,0.08212806103983894,0.14371612353716046,0.023546332551632077,0.14356859913095832,0.3229051211383194,0.44200254371389747,0.09224029735196382,2.3428506199270487,0.00011196033308014108,12.393043994903564,42.78485509753227,0.0045085232228987415,3.438138607889414,0.12847126193810254,-0.03810097649693489,0.2757769697345793,1.0
1,11665408,0.19253430527169257,1.8135289149358869,0.005252779346847092,0.2530763546237722,2.161094623617828,0.01325734384408861,0.22448974440339953,18.287258874624968,-13.56148793362081,-0.0005571677040734357,0.6969012159388512,-0.6217935909517109,0.00010131199341856245,0.03233146019192645,-0.03809524336975301,-0.10289425071096048,0.755641435738653,-0.5176648919004947,0.4390192832797766,0.19253430527169257,1.8135289149358869,0.005252779346847092,0.2530763546237722,2.161094623617828,0.01325734384408861,0.12609953817445785,0.1497129888739437,0.08229963679332286,0.13480754586635157,0.02360127048450522,0.13464749156264588,0.31682826206088066,0.4437213207129389,0.09159572020871565,2.4393548080697656,0.00010206474543728028,11.946149870753288,43.29685917496681,0.0035561497262790454,3.456425877287984,0.12983327929396182,-0.03812792291864753,0.27747400337830186,1.0
1,11796480,0.20149363880045712,1.7638941584154963,0.005558643044423661,0.2555953391129151,2.1509955609217286,0.01276264623265888,0.20177269040141255,18.25234843418002,-11.89073308929801,-0.0006329429045308643,0.7019358880352229,-0.6093614525161684,0.00011488141088733528,0.03624381442932645,-0.035508103188476525,-0.09861935081426054,0.7556326249614358,-0.44308662391267717,0.41889518313109875,0.20149363880045712,1.7638941584154963,0.005558643044423661,0.2555953391129151,2.1509955609217286,0.01276264623265888,0.12568437855225056,0.15315474034287035,0.08145734784193337,0.14344718784559518,0.02354853873839602,0.14329690317390487,0.32777692447416484,0.4370044623501599,0.08933214849093929,2.6012493642047048,0.0001059590650767106,12.207614943385124,43.294560730457306,0.0035738378861065456,3.452517805621028,0.12948659004177898,-0.03695052722468972,0.27499215537682176,1.0
1,11927552,0.2001797104316453,1.5227786610027154,0.010627651887504422,0.2472218548382322,1.8229369267324607,0.012276660277469395,0.22814375834849973,56.416282930125796,-43.24802294286589,-0.0013969801469526524,0.5934326395019889,-0.5963239322726925,-1.9900196622681203e-05,0.028966221470812646,-0.034044799717084975,-0.06479092084399174,0.576527285980992,-0.2962261178900371,0.2547175572812557,0.1963705951347947,1.7756427899003029,0.005604542116998346,0.2533863285789266,2.14885210711509,0.01274136291249306,0.1264850633451715,0.1498628641711548,0.08216409920714796,0.13768865395104513,0.02368911229132209,0.13757436774903908,0.3156566749094054,0.40960601530969143,0.09063197392970324,2.442729373462498,0.00010110275163999205,11.93065395206213,43.84337604045868,0.0035557043071747785,3.461987353861332,0.12988458276959136,-0.036697546718642116,0.27753289183601737,1.0
1,12058624,0.2190003904979676,1.5829960242845118,0.005848366376085323,0.2621625654865056,2.0652715722098947,0.012998038320802152,0.07326516156899743,91.39166362745216,-130.21060234308243,-0.0006333829696814064,0.6776292732277189,-0.6156152151525021,2.3794005056032574e-05,0.03275643103552284,-0.037855173512070905,-0.074421215133043,0.7048950120806694,-0.40619130549021065,0.307540844893083,0.20199375188382096,1.5285827442105995,0.010166997862307401,0.24866192333445133,1.8462944829230568,0.012346190691284599,0.12932931505008993,0.1395266625261585,0.08197450976263372,0.157622130058919,0.023762096210483866,0.15734827738670432,0.371888016002724,0.5008349291901721,0.07493363387170192,2.31418765662238,8.159075018173152e-05,10.264207453424874,33.74484376929678,1.2215916789986783,3.4577318957771164,0.12199005936385088,-0.02503418527453779,0.2247095952730581,1.0
1,12189696,0.20411088003311306,1.633126431144774,0.005643003685236181,0.2579546448541805,2.139156276360154,0.013107784778185305,0.011949026142247021,127.82561248540878,-127.82561248540878,-0.0012227071047163918,0.7096826338674873,-0.6238102300558239,9.055204434815778e-05,0.035304773969983216,-0.037175014927925076,-0.09199356377939694,0.7166169991251081,-0.5713488960172981,0.35360100283287466,0.20411088003311306,1.633126431144774,0.005643003685236181,0.2579546448541805,2.139156276360154,0.013107784778185305,0.12650491727981716,0.15489446639548987,0.08218801789917052,0.14568891376256943,0.02381012296245899,0.14546258060727268,0.32815905509050936,0.6064014490693808,0.09377380163641647,2.4641993092373013,0.00011275448002079358,12.253474473953247,42.57421641051769,0.18245093345159624,3.4357893094420433,0.12921694660326466,-0.02992569049820304,0.271467377897352,1.0
1,12320768,0.18095393991097808,1.67550297267735,0.005764341871326906,0.24879948794841766,2.084338655695319,0.013176667799598363,0.0877289436175488,108.9268900565803,-108.09208755381405,-0.0006119437452980492,0.6523444899357855,-0.5856717310380191,9.48913610656632e-05,0.03152607932133833,-0.031112471195228864,-0.11357554397545755,0.7515285648405552,-0.6079507116228342,0.36849927133880556,0.18095393991097808,1.67550297267735,0.005764341871326906,0.24879948794841766,2.084338655695319,0.013176667799598363,0.1258576851687394,0.14460397051880136,0.08323815010953695,0.12221538147423416,0.023649312352063134,0.12208552088122815,0.30509168072603643,0.49179304856806993,0.0854158386355266,2.1656603701412678,9.183643441623701e-05,12.163509286940098,43.395945996046066,0.08815526126912232,3.491577547043562,0.13137775263749063,-0.028991244733333588,0.2718843324109912,1.0
1,12451840,0.21194368053693324,1.7057024943642318,0.0057984442628367105,0.2580810919171199,2.183037396520376,0.012497342660935828,0.18613049935083836,17.631355641409755,-14.481154389679432,-0.0007661864319743472,0.7283713191282004,-0.6139435097575188,0.0001644476548676721,0.03711079589265864,-0.036534004284476396,-0.09341297025093809,0.7572963992133737,-0.4394780707079917,0.3593258745968342,0.21194368053693324,1.7057024943642318,0.0057984442628367105,0.2580810919171199,2.183037396520376,0.012497342660935828,0.12519894080469385,0.15652577590662986,0.08131263160612434,0.15340144163928926,0.023664159132749774,0.1532220869557932,0.33699042769148946,0.4590343488380313,0.0955296207102947,2.4931163690052927,0.00010221238234864316,12.755793929100037,43.38988795876503,0.01560813192110011,3.426672087982297,0.13265396893257275,-0.032056908356025815,0.2751678521744907,1.0
1,12582912,0.19108281354419887,1.7611720161512494,0.005859887082806381,0.25266351213213056,2.1519737849012017,0.012774419044944807,0.2080460183788091,16.679059095680714,-11.639374441467226,-0.0001988871933917835,0.6865215033758432,-0.6030231032054871,3.972412711306106e-05,0.030676643473270815,-0.036747660022228956,-0.11247636121697724,0.7547179779503495,-0.435033624060452,0.38055439246818423,0.19108281354419887,1.7611720161512494,0.005859887082806381,0.25266351213213056,2.1519737849012017,0.012774419044944807,0.12683040974661708,0.14781950210453942,0.08357282471843064,0.1324265894945711,0.02358674483548384,0.1322966322186403,0.30715343705378473,0.41916435048915446,0.08914544980507344,2.335129044484347,8.484008299146362e-05,12.732973270118237,43.242155477404594,0.03164484926423938,3.4455374628305435,0.13524308212799951,-0.03480064892210066,0.2773058954626322,1.0
1,12713984,0.19992963422555476,1.7497555455192924,0.0058211773248331156,0.25528199353720993,2.135042351204902,0.013418965460004983,0.17890602123225108,19.063789773732424,-14.149318834766746,-0.0002452756023103575,0.7087796861305833,-0.6033971367869526,7.889994042642456e-05,0.03487632126052631,-0.036816153580730315,-0.11231141170719638,0.7600441067479551,-0.42726224660873413,0.4112420422025025,0.19992963422555476,1.7497555455192924,0.0058211773248331156,0.25528199353720993,2.135042351204902,0.013418965460004983,0.12586506590014324,0.15163173794280738,0.08323236095020548,0.14138465211726725,0.02362038171850145,0.14122544100973755,0.3251350629143417,0.432006572606042,0.08797330665402114,2.508769008796662,8.788010245175393e-05,13.139151707291603,43.5473200827837,0.013120237845932081,3.4423128496855497,0.13503436150494963,-0.03385359630919993,0.28051200648769736,1.0
1,12845056,0.20296551240608096,1.7977262903004885,0.005790083717329253,0.2572158402763307,2.1774199809879065,0.013823523569953977,0.1972548058256507,19.067090198397636,-14.911455458030105,-0.00023689704312346294,0.6767286725807935,-0.5981476362794638,7.67829937018405e-05,0.03430181065778015,-0.037895892091910355,-0.11208864551736042,0.7555853594094515,-0.45043269637972116,0.4464700866956264,0.20296551240608096,1.7977262903004885,0.005790083717329253,0.2572158402763307,2.1774199809879065,0.013823523569953977,0.12625135172856972,0.15379258408211172,0.08283393050078303,0.14420381566742435,0.023628850816749036,0.14400885190116242,0.3240040526725352,0.4672236752230674,0.08923312404658645,2.512571197003126,8.568829957367186e-05,13.224722132086754,43.29185250401497,0.005865206837210479,3.424871440976858,0.13539280276745558,-0.03489293344318867,0.2795412358827889,1.0
1,12976128,0.19367725274059922,1.8104938138276339,0.005547777586798475,0.25411117111798376,2.199244564399123,0.012983665503270458,0.1919420017511584,22.04330264404416,-14.95062486641109,-0.0007900414661889954,0.697936306707561,-0.6108707336243242,0.00011658648011803052,0.03401612838933943,-0.036577144885086454,-0.11676695849746466,0.7631459701806307,-0.44602275965735316,0.4428905202075839,0.19367725274059922,1.8104938138276339,0.005547777586798475,0.25411117111798376,2.199244564399123,0.012983665503270458,0.1266614538617432,0.1496484784875065,0.08376064006006345,0.13492437172681093,0.023654978635022417,0.13472886465024203,0.31155502959154546,0.44816145626828074,0.08777203154750168,2.4965842440724373,8.792507143384753e-05,12.886936701834202,43.72504395246506,0.003929286226821205,3.44622159935534,0.13441704877186567,-0.03860088647343218,0.27895097294822335,1.0
1,13107200,0.20185744855552912,1.8071097107604146,0.005768186741988757,0.25559385935775936,2.251146267168224,0.012168960573035292,0.16906999162165448,21.481737829744816,-15.636409565806389,-0.0005010226018384856,0.7219405113719404,-0.6126656762789935,0.0001248967837170767,0.036879135805065744,-0.038648662964988034,-0.10922936035785824,0.7526064813137054,-0.4488879342097789,0.452323910780251,0.20185744855552912,1.8071097107604146,0.005768186741988757,0.25559385935775936,2.251146267168224,0.012168960573035292,0.12554764177184552,0.15275594731792808,0.08229811250930652,0.14317366969771683,0.02372220494726207,0.14297977631213143,0.3242236548103392,0.4466101841535419,0.09064395679160953,2.627273644320667,9.699625777415122e-05,12.890773758292198,43.1211756169796,0.0035421692904495927,3.4448136147111654,0.13201523094903678,-0.03772152657620609,0.27499501733109355,1.0
1,13238272,0.2009348737510542,1.515549423992634,0.0107584827162403,0.24916499173889556,1.8547747981051605,0.012497191316021295,0.22788979683381816,61.72333613137404,-11.619119538068771,0.00027428671382949686,0.6042587633058429,-0.6058524991820256,-8.58243240933613e-05,0.027604355597868564,-0.0333510930701353,-0.061693272095799334,0.5861920017686983,-0.30192571228321563,0.2618552655229966,0.1966821231180802,1.8400850323960185,0.005691046942047251,0.2546307077864185,2.216605399735272,0.0128801511873462,0.12697999377269298,0.15057914040517062,0.08284523489419371,0.13807513593928888,0.023758097551763058,0.13778142543742433,0.3105443944223225,0.5481907275971025,0.09275962633546442,2.8887176904827356,9.79846553250674e-05,12.334439501166344,42.815817177295685,0.0027588981488690933,3.4564887769520283,0.1307608361239545,-0.040742549346759915,0.27419777400791645,1.0
1,13369344,0.2191040189936757,1.6033033370040357,0.0060682878995521605,0.2616973875556141,2.065737036988139,0.0133643622539239,0.13829476648243144,58.16577426166868,-12.026159641332924,-8.312059208037681e-05,0.6920975786128856,-0.6192905453499407,0.00011203714984020507,0.03227163186966209,-0.031817090242839186,-0.07221124391071498,0.7032731224317104,-0.41649003652855754,0.32383035821840167,0.20268611666600567,1.5240076324756604,0.010306415745957104,0.2503729335043624,1.8751085078770138,0.012580774057023956,0.13037806143984199,0.14059860720186976,0.08260040660949805,0.1574013458245086,0.023935845175039876,0.15713760558605552,0.36440019734787293,0.4792397376991449,0.07527741367636945,2.1872937658700686,7.4908836767486e-05,10.284004180276968,34.24051251449252,1.173089878210016,3.4548460990190506,0.125081613712456,-0.025392071961099844,0.22870236891041318,1.0
1,13500416,0.20385132974479347,1.6543047572486103,0.005646672759667126,0.25769561366178095,2.2070250399410725,0.012840396435422008,0.20953908166848123,38.53662952594459,-13.652183352038264,-0.00039836121550251846,0.7524468596093357,-0.6506831850856543,-8.007182607627783e-06,0.03464006917056395,-0.04345741636643652,-0.08695078289019875,0.7113256205338985,-0.5326081670355052,0.35672987275756896,0.20385132974479347,1.6543047572486103,0.005646672759667126,0.25769561366178095,2.2070250399410725,0.012840396435422008,0.12770497950259596,0.15348138858098537,0.08257450343808159,0.14539703412447125,0.02397633316286374,0.145108149969019,0.32291380199603736,0.4777625077404082,0.09167061076732352,2.7986841229721904,9.633160333066826e-05,11.897057667374611,42.2332698404789,0.12197809374106328,3.442483590915799,0.12836760992649943,-0.03318283474072814,0.268615220207721,1.0
1,13631488,0.1809833343140781,1.7090688981115818,0.005470153456371918,0.24957002338487655,2.0230465084314346,0.013451484948745929,0.305507451063022,130.4674414396286,-10.427438639104366,0.000588386442814226,0.7213614776264876,-0.6028305527288467,1.6261735694911295e-05,0.0304694219812518,-0.036570796291925944,-0.10717974009457976,0.7238526903092861,-0.5542924040928483,0.3836353304795921,0.1809833343140781,1.7090688981115818,0.005470153456371918,0.24957002338487655,2.0230465084314346,0.013451484948745929,0.12683378043584526,0.14471980009693652,0.08316826773807406,0.12290925456909463,0.023797612942871638,0.12274878588505089,0.30513408896513283,0.516965493792668,0.08494544890709221,2.430489744525403,9.191123674590074e-05,11.704020790755749,41.91424775123596,0.02678980335747383,3.4969459269195795,0.1288633239455521,-0.03065628930926323,0.2634716145694256,1.0
1,13762560,0.2103428664850071,1.7256392147392035,0.0055383537123816495,0.2584778171731159,2.202732352539897,0.01275796456138778,0.267920263344422,93.69293772801757,-10.866382056847215,0.0002520936448036082,0.7323715162929147,-0.6299216686747968,3.0158556469928044e-05,0.03652372855140129,-0.035913722989789676,-0.07990106890792958,0.7158403606154025,-0.5749881374649704,0.354239720152691,0.21034321433398873,1.7256392147392035,0.0055383537123816495,0.25849023612681776,2.202732352539897,0.01275796456138778,0.12617576145567,0.15622082841582596,0.08161123207537457,0.15192601061426103,0.023840370849939063,0.15169116616016254,0.32992201554588974,0.5206553367897868,0.0914113133912906,3.7462175828404725,9.554770154984737e-05,11.92715110629797,43.657826006412506,0.11427585846832677,3.437468096613884,0.12728395871818066,-0.03481685626320541,0.30644181882962584,1.0
1,13893632,0.1897786312038079,1.7702053911052644,0.00515096936669579,0.2528934412403032,2.196469550486654,0.012549425460747443,0.21701931627467275,63.01217873767018,-13.61493748985231,5.2372698974068044e-05,0.7313461191952229,-0.6380267031490803,0.00010225190993651267,0.03457946586422622,-0.04061626757174963,-0.09116216568509117,0.7483188379555941,-0.42644447344355285,0.38006321666762233,0.1897786312038079,1.7702053911052644,0.00515096936669579,0.2528934412403032,2.196469550486654,0.012549425460747443,0.12742318713571876,0.14833861408988014,0.08254807023331523,0.1315632834448479,0.023820391288609244,0.13132563309045509,0.30205470661167055,0.4563654705416411,0.08829843153944239,2.705222331918776,0.00010704491203761268,11.529304757714272,42.87551164627075,0.030812595182254654,3.459001800045371,0.12732814211631194,-0.03453525295481086,0.2755991672165692,1.0
1,14024704,0.19933089090045542,1.8283157078549266,0.005770056554865732,0.25491967611014843,2.157801075838506,0.01321829340486147,0.31744117906782776,135.26223063468933,-14.685402045026422,1.5633697557859705e-05,0.727001850027591,-0.6117712317500263,0.00012963058395598637,0.04113298522133846,-0.0379653628115193,-0.09382379747694358,0.7488706754520535,-0.4308418014552444,0.41130358981899917,0.19933089090045542,1.8283157078549266,0.005770056554865732,0.25491967611014843,2.157801075838506,0.01321829340486147,0.12659332202747464,0.15148454735754058,0.08207458991091698,0.14145587320672348,0.023766662561683916,0.1412723790272139,0.32428913470357656,0.5451126859989017,0.0912586580379866,2.7239818978123367,9.929774026851135e-05,11.988455541431904,42.90712955594063,0.004848170704462973,3.4524440709501505,0.1286649865214713,-0.0388116305693984,0.27290073689073324,1.0
1,14155776,0.20252394455019385,1.828175000846386,0.005754707655796665,0.2576563673792407,2.2030514869838953,0.013180577790990355,0.25252011726843193,79.32893474027514,-11.592293236404657,-0.0007731289579169243,0.7204910123255104,-0.6242383478675038,5.837455265123026e-05,0.03283084765280364,-0.043724915965867694,-0.10075829195557162,0.7536545940674841,-0.42934761429205537,0.41368836257606745,0.20252394455019385,1.828175000846386,0.005754707655796665,0.2576563673792407,2.2030514869838953,0.013180577790990355,0.12677169987000525,0.15411808586213738,0.08261303108884022,0.14472339453641325,0.02373415270994883,0.14451681356877089,0.32387116085737944,0.5109682744368911,0.09311235859058797,2.692564907949418,8.617834249458056e-05,12.462402783334255,43.181227937340736,0.004674640335252889,3.4321617763489485,0.1304643049952574,-0.04033994674682617,0.27687229309231043,1.0
1,14286848,0.19282285147346556,1.8177806939929724,0.00553344367540376,0.254204084048979,2.162336742505431,0.01314298179022444,0.19372795021627098,23.306184589862823,-18.025934690609574,-0.00025584452851035167,0.7127076114993542,-0.6175222948659211,0.00013156241956835402,0.03902323745569447,-0.03780560292216251,-0.1043071182211861,0.7517014471814036,-0.4490444546099752,0.4302084497176111,0.19282285147346556,1.8177806939929724,0.00553344367540376,0.254204084048979,2.162336742505431,0.01314298179022444,0.1279056307976134,0.14880809222813696,0.08343654783675447,0.1341657981975004,0.02392892967327498,0.13395953533472493,0.3104624378029257,0.44785250606946647,0.09017039817990735,2.7898644162341952,9.906835444289941e-05,12.098987311124802,43.069320768117905,0.004383382347608489,3.4549050591886044,0.1311315851053223,-0.038487567100673914,0.26969405775889754,1.0
1,14417920,0.20181740762200207,1.8109167693182826,0.005422460481440794,0.25727937126066536,2.218257710337639,0.013381962680796278,0.1874997648410499,18.854767482727766,-12.78834611736238,-0.00029937326144136023,0.7118981766980141,-0.6079693196807057,8.626228974151218e-05,0.029218930678325705,-0.036449782746785786,-0.0944416243582964,0.7449091551825404,-0.44359680893830955,0.44202533597126603,0.20181740762200207,1.8109167693182826,0.005422460481440794,0.25727937126066536,2.218257710337639,0.013381962680796278,0.12721101770875975,0.15337797661777586,0.08230087632546201,0.1429736334248446,0.023850025550927967,0.14281310641672462,0.3223582413047552,0.4340288524981588,0.08843399665784091,2.296002869028598,9.863644993579612e-05,12.040107823908329,42.68015104532242,0.0039027661957902193,3.4507248383015394,0.13043112121522427,-0.03971544932574034,0.27279640175402164,1.0
1,14548992,0.20071744559332727,1.5161515398820242,0.010624397880334679,0.24928930568198363,1.804569296911359,0.012708522585453467,0.2175409724439184,16.490160964081685,-30.610011414910357,-0.0008227725052832586,0.5806468336159984,-0.6021545243511597,-5.653065733554285e-05,0.02788172546715941,-0.03469586242300769,-0.07522599993322121,0.598489534057056,-0.3149881814421194,0.2632759739458561,0.1968049294082448,1.7861870983615518,0.005757153536706028,0.25436418084427714,2.2035928294062614,0.013681411097422824,0.12633988953894004,0.15096935885958374,0.08252679964061826,0.13863331463653594,0.023690892398008145,0.138473677681759,0.3210859327809885,0.42914878320880234,0.08981877390760928,2.442383574321866,8.056170350112524e-05,12.168352007865906,43.451632022857666,0.0036539956370642557,3.4552188459783792,0.133223011973314,-0.037017215276136994,0.2769983233883977,1.0
1,14680064,0.21949149831198156,1.589280815795064,0.005876891497791803,0.26212182792369276,2.0754467053338885,0.013462957680530963,0.14564000462996773,38.64529464645199,-66.05772807821631,0.0001563710459322465,0.6757874370788235,-0.6200759948696941,2.5382583167754547e-05,0.03125736292349757,-0.03299971681917668,-0.08538476936519146,0.6966016276273876,-0.4104513160418719,0.33563330257311463,0.20252699284331807,1.523200144789305,0.010166806903704041,0.25052617529564236,1.83067796278341,0.012781239221123586,0.12942162116551884,0.1409642684767135,0.08322187700078834,0.1574415807298059,0.023900564770489168,0.157145871427359,0.3696139539109476,0.4922140378572316,0.07579167587374035,2.2459150175956717,7.654905369155862e-05,11.239634854758316,34.851243449554566,1.573717997503109,3.444705823279289,0.12847162153385475,-0.025128372978553713,0.23236341415399528,1.0
1,14811136,0.2043947707861662,1.6547895590774715,0.005312160784342268,0.25799750396981835,2.153275838121772,0.013251393122118316,0.1926643227925524,16.738935958594084,-12.871414945460856,-1.8229600982522243e-05,0.7116281152702868,-0.6171083629596978,5.0177951056440406e-05,0.03210053071961738,-0.03525709411042044,-0.10132350720232353,0.714388016378507,-0.43727666581980884,0.3399064508266747,0.2043947707861662,1.6547895590774715,0.005312160784342268,0.25799750396981835,2.153275838121772,0.013251393122118316,0.12637509260093793,0.15500602452084422,0.08259865164291114,0.145963822491467,0.023716766154393554,0.14579702535411343,0.3289228370413184,0.42544343788176775,0.08926388487452641,2.3336500567384064,8.731109507120749e-05,12.937544912099838,40.97059027850628,0.04299419281205985,3.4301017690449953,0.13488206529291347,-0.031006463803350925,0.26915061892941594,1.0
1,14942208,0.1817630222067237,1.7272061854600906,0.0057377858965992345,0.24952619418036193,2.105270487256348,0.013448257222989923,0.1777835616376251,18.33797165006399,-13.971351050771773,-0.00024195445348595968,0.6788911845069379,-0.5937927598133683,7.062664496970683e-05,0.0340018227652763,-0.03370881076261867,-0.12059267878066748,0.7324283523485065,-0.4642532712314278,0.3763736162800342,0.1817630222067237,1.7272061854600906,0.0057377858965992345,0.24952619418036193,2.105270487256348,0.013448257222989923,0.12595924077322707,0.1449283068650402,0.08415175514528528,0.12231604458065704,0.023583887945278548,0.12217517651151866,0.2992188138887286,0.3981464814860374,0.08530374808469787,2.390336544252932,8.897058660473078e-05,12.67961349338293,42.12249203026295,0.046949782721114275,3.4863631017506123,0.13653634826187044,-0.02847126917913556,0.2711735060438514,1.0
1,15073280,0.21094584953971207,1.7209806679747999,0.005816948181745829,0.2588930872734636,2.206562357954681,0.012770080225891434,0.20333571243099868,18.12402394413948,-13.720680156722665,-0.0008399416703923634,0.7428290590178221,-0.6329697342589498,9.070984364711876e-05,0.04142475961270975,-0.03737231303966837,-0.10118361620698124,0.7543918029405177,-0.44359593046829104,0.3460250347852707,0.21094584953971207,1.7209806679747999,0.005816948181745829,0.2588930872734636,2.206562357954681,0.012770080225891434,0.1253691784804687,0.1564961377880536,0.08231219934532419,0.1527358097373508,0.02370113818324171,0.15254647663095966,0.338357339380309,0.46960159414447844,0.0927299092290923,2.7383068054914474,9.69341154530845e-05,13.37351555377245,43.24251310527325,0.12004196613265838,3.4212680365890265,0.134903424535878,-0.031492263078689575,0.27597645903006196,1.0
1,15204352,0.19072902854532003,1.786027786321938,0.0056744431240076665,0.2522019197931513,2.226518020965159,0.01310438620930654,0.21678807761054486,20.271409552544355,-11.48883004207164,-0.0009492262702224252,0.7132921188604087,-0.6221404958050698,7.635989122434239e-05,0.032728572994528804,-0.04092654125270201,-0.10951722867321223,0.7491323426365852,-0.42844369844533503,0.37251583277247846,0.19072902854532003,1.786027786321938,0.0056744431240076665,0.2522019197931513,2.226518020965159,0.01310438620930654,0.12604731018655002,0.14825103641487658,0.08312083018245175,0.13206491322489455,0.02364030692842789,0.13189845491433516,0.30303803959395736,0.4365304496604949,0.08879336877726018,2.6335332659073174,0.00010113265930500326,12.795298777520657,42.92212204635143,0.007371128764074086,3.441456174477935,0.1376314265653491,-0.03378168377093971,0.2782866656780243,1.0
1,15335424,0.19947223318740726,1.787887449376285,0.00583312244998524,0.2563693333650008,2.181492689996958,0.013080814751447178,0.21450050722341985,19.185341188684106,-11.897857259958982,-0.0004469363843782048,0.6851668341550976,-0.6117327678948641,0.00010492931717465126,0.0309337028011214,-0.040222281888418365,-0.10097193060209975,0.7681328202597797,-0.4461660012602806,0.3807398460339755,0.19947223318740726,1.787887449376285,0.00583312244998524,0.2563693333650008,2.181492689996958,0.013080814751447178,0.12680594786070287,0.15250436088535935,0.08311148465145379,0.14058157982071862,0.023711780522717163,0.1404217827366665,0.31669583974871784,0.43944934755563736,0.08967686066171154,2.5735004018060863,8.861013138106166e-05,12.808395206928253,44.01076923310757,0.005274135663611901,3.4404746294021606,0.13783058803528547,-0.03393142158165574,0.27871603053063154,1.0
1,15466496,0.20232448435854167,1.7938442016020417,0.005748202735048835,0.25787810992915183,2.271826943382621,0.013015291635383619,0.19312828889815137,22.88460412994027,-15.858618209138513,-0.0004604770169862604,0.7184958576690406,-0.608781352872029,6.273572079606993e-05,0.03541568322543753,-0.04710256784892408,-0.09732286038342863,0.7654661918058991,-0.44771645101718605,0.40781490481458604,0.20232448435854167,1.7938442016020417,0.005748202735048835,0.25787810992915183,2.271826943382621,0.013015291635383619,0.12746976257767528,0.15363215864636004,0.0829949181061238,0.14320458890870214,0.02369238657411188,0.14300294377608225,0.31752930604852736,0.4603386567905545,0.09147526463493705,3.009969768114388,8.847321078420123e-05,12.706550940871239,43.85798266530037,0.005284209584672794,3.4230748526751995,0.1376284717116505,-0.035192201379686594,0.2799449567683041,1.0
1,15597568,0.19349358277395368,1.79722701292485,0.005620058275326301,0.254244587267749,2.2720749340951443,0.012689839089944144,0.20911520143272355,20.227633774280548,-11.816493007354438,-0.0006542082410305738,0.7304686135612428,-0.6084888672921807,-4.325287283535317e-05,0.03167519122507656,-0.03954097419773461,-0.10725043871207163,0.7757940543815494,-0.4409182576928288,0.41539438907057047,0.19349358277395368,1.79722701292485,0.005620058275326301,0.254244587267749,2.2720749340951443,0.012689839089944144,0.12627576873637736,0.1503514621872455,0.08297428936930373,0.1344377149362117,0.02355140174040571,0.1342372671351768,0.3118502674624324,0.4592097776476294,0.08525170176289976,2.497071207500994,9.310367361115013e-05,12.685133680701256,44.449725568294525,0.004904511097620912,3.4362255595624447,0.1384760334622115,-0.033357684733346105,0.2837883494794369,1.0
1,15728640,0.20232112589292228,1.8061889670789242,0.005687585595296696,0.25810800900217146,2.2895340966060758,0.013110099362165784,0.1657947622006759,23.23133548349142,-18.77533107623458,0.000653549966727951,0.7309124413877726,-0.6252540363930166,3.0334045987956415e-05,0.037418985724798404,-0.04095238466106821,-0.10955274308798835,0.768792781047523,-0.440512026892975,0.425991072319448,0.20232112589292228,1.8061889670789242,0.005687585595296696,0.25810800900217146,2.2895340966060758,0.013110099362165784,0.12560759455664083,0.1550753734773025,0.08317587955389172,0.1435990123427473,0.023627687638509087,0.1433708127005957,0.323577479692176,0.47099176119081676,0.08911451534368098,2.761855086311698,8.888852753141663e-05,13.201496250927448,44.048582315444946,0.0323051306820652,3.427759515121579,0.13868645182810724,-0.0371637549251318,0.27873335778713226,1.0
1,15859712,0.19997356792911886,1.4871720742434262,0.010485987414964863,0.24890521513919034,1.9183846770475308,0.01297069857508177,0.19320478970184923,32.171180472945174,-12.345507555405298,-0.0006321209769763906,0.5823076807831724,-0.5932644018655022,-3.4977652635461706e-05,0.026794951366997943,-0.03210246562511505,-0.07464783118008805,0.6060719987760725,-0.31739230559333614,0.25855271590252715,0.1972175472183153,1.8303154930472374,0.00554841011546614,0.25621604116167873,2.3281824346631765,0.013267487958728452,0.12619912211084738,0.15251567855011672,0.08352205314440653,0.13845531351398677,0.023591163160745054,0.13826538412831724,0.3180009403731674,0.45577527093701065,0.08758954447694123,2.649221737869084,8.466217079092231e-05,13.395990490913391,43.832566022872925,0.003968007971669962,3.4378322195261717,0.13803461100906134,-0.03431567968800664,0.2798936408944428,1.0
1,15990784,0.2186407222179696,1.5792622664012015,0.005661315009092505,0.2643705040682107,2.1985146668739617,0.012775163369042275,0.25428385246777907,36.77958254179502,-12.031966176815331,-0.00023877547528172727,0.6668342103822583,-0.6015272142831236,4.725975435349028e-05,0.03139975287558627,-0.03325166769718635,-0.08646358549594879,0.733046866953373,-0.42087363940663636,0.3107372452504933,0.20177281171599604,1.4960482373429709,0.010020958749338612,0.25039584539740917,1.9453851579946566,0.012951851808234589,0.12834068213264088,0.14149237245164184,0.08295303776282369,0.15680092198673232,0.02375631565396416,0.15653451170817198,0.37777321113565243,0.4719157075812389,0.07384414539717317,2.114818500057536,7.354821975275775e-05,11.583484473627015,35.432633022727245,1.7460745021870605,3.4349443912506104,0.13156636511294312,-0.0224851472864309,0.23614246793181062,1.0
1,16121856,0.20455143111757934,1.6687338249757886,0.005736452727433061,0.2585650118999183,2.29973928257823,0.01347712011920521,0.20772147772368044,16.698542032390833,-11.465533514507115,-0.000681461465319444,0.7504111439920962,-0.6309404203202575,5.087034647033306e-05,0.03995824262528913,-0.035462874242512044,-0.10149252694100142,0.7218028244096786,-0.42789250588975847,0.35129104368388653,0.20455143111757934,1.6687338249757886,0.005736452727433061,0.2585650118999183,2.29973928257823,0.01347712011920521,0.12552358565153554,0.1559869867633097,0.08262244809884578,0.14543968031648546,0.0237628261820646,0.1452396753593348,0.3212125888094306,0.46765159093774855,0.09034475241787732,2.610981304664165,8.355206599652831e-05,13.079584322869778,41.56797908246517,0.12853805294570275,3.4249123372137547,0.13413417001720518,-0.030896756099537015,0.2707082638517022,1.0
1,16252928,0.18195261468645185,1.6575290658511221,0.005467221927574428,0.2503160263877362,2.178812879137695,0.013195531852034037,0.17046192847192287,17.673762364313006,-12.706073062494397,0.00028027978987665847,0.6795424052979797,-0.5882263835519552,8.15624977477114e-05,0.031271188250684645,-0.031096919847186655,-0.11009881040081382,0.743133433163166,-0.4309088203590363,0.38107620528899133,0.18195261468645185,1.6575290658511221,0.005467221927574428,0.2503160263877362,2.178812879137695,0.013195531852034037,0.12569764448562637,0.1459274819935672,0.08387003774987534,0.12284551019547507,0.023614899386302568,0.12271565879927948,0.29752621112857014,0.3916439921595156,0.08383182133547962,2.1845539435744286,9.835200632093977e-05,12.341837875545025,42.58447951078415,0.08719353501658844,3.485791027545929,0.13624520145822316,-0.02907616668380797,0.27342411410063505,1.0
1,16384000,0.2094872900051996,1.73506030254066,0.005956495542704943,0.2598867107881233,2.339891793206334,0.01291537438191881,0.16589062078855932,18.86642587929964,-11.936641360633075,0.0005973054653622967,0.7168088133912534,-0.6219013386871666,4.7176089836398205e-05,0.0313018819942954,-0.03465589568077121,-0.08636341849341989,0.761365860234946,-0.43486869102343917,0.3805300004314631,0.2094872900051996,1.73506030254066,0.005956495542704943,0.2598867107881233,2.339891793206334,0.01291537438191881,0.12533153727417812,0.15783281135372818,0.08176915568765253,0.1504866681061685,0.02364094342919998,0.1503231015522033,0.3280744757503271,0.4214274126570672,0.08877866814145818,2.336255516856909,8.988889264521793e-05,12.706877745687962,43.62305089831352,0.0631269219465409,3.4245584700256586,0.13317940064007416,-0.03152553061954677,0.2715716171078384,1.0
1,16515072,0.19028687151148915,1.7455186508595943,0.005847006556905399,0.2540617883205414,2.290646874345839,0.013442797897369019,0.2816794466925785,94.54109974578023,-11.885532016865909,0.0003328749298816547,0.6950452502351254,-0.6149046034552157,4.694826557738452e-05,0.029448498651618138,-0.04051948490814539,-0.09922252153046429,0.7574686277657747,-0.4378914760891348,0.3660591405350715,0.19028687151148915,1.7455186508595943,0.005847006556905399,0.2540617883205414,2.290646874345839,0.013442797897369019,0.12658504262799397,0.1495900567388162,0.0835245496709831,0.13149726466508582,0.023796100067556836,0.13127018959494308,0.30204619735013694,0.5061048495117575,0.08530937868636101,2.5926764039322734,8.638992999077111e-05,12.349470660090446,43.39975596964359,0.019726690199789232,3.445263931527734,0.13343456777511165,-0.03517573373392224,0.2773377257399261,1.0
1,16646144,0.19812531350180507,1.784609648399055,0.005536433985980693,0.25718875403981656,2.3895518695935607,0.013191496727813501,0.2952993254875764,127.8093672990799,-14.849118140526116,0.0005050911825037474,0.7238697111606598,-0.6481238666456193,1.2541739032201349e-05,0.03206272808893118,-0.0369085339261801,-0.09028099529678002,0.773035449674353,-0.43854307755827904,0.3974961251951754,0.19812531350180507,1.784609648399055,0.005536433985980693,0.25718875403981656,2.3895518695935607,0.013191496727813501,0.12685682118171826,0.15353979507926852,0.08257502684136853,0.13956513290759176,0.023824471631087363,0.13939227059017867,0.31335383688565344,0.5500757372938097,0.08584687096299604,2.431008501444012,9.800693353323453e-05,12.350524380803108,44.29166916012764,0.038299445652921094,3.44505076110363,0.13166237395489588,-0.035745200235396624,0.2784237088635564,1.0
1,16777216,0.20065571705345064,1.805462785065174,0.0054045582337494125,0.2583557185716927,2.2912845322862267,0.013078963451334857,0.18167330633150414,34.46324300765991,-14.004177149385214,-0.00023055323913467873,0.714564819354564,-0.6064026141539216,4.2108137932928e-05,0.03594908904051408,-0.03545271833718289,-0.08251923025818542,0.7844494115561247,-0.48298392118886113,0.4032310349866748,0.20065571705345064,1.805462785065174,0.0054045582337494125,0.2583557185716927,2.2912845322862267,0.013078963451334857,0.12654656323138624,0.1552782157668844,0.08218958543147892,0.14211786445230246,0.02369571891904343,0.14195484935771674,0.314833345124498,0.4559332844801247,0.0893954238272272,2.4697550707496703,8.269437175290051e-05,12.070137664675713,44.94564116001129,0.008879768104293362,3.431782389059663,0.13151812623254955,-0.03513163747265935,0.28660977305844426,1.0
1,16908288,0.19333894457668066,1.7980152182281017,0.005428653697890695,0.25560561974998564,2.3310115998610854,0.013484292818247923,0.2120656231418252,19.504000801593065,-11.709076378494501,-0.0005894512114537065,0.7016526095103472,-0.6053008220624179,3.5001492847186455e-05,0.029567430319730192,-0.03556612860120367,-0.09289944462943822,0.7759664431214333,-0.44097802974283695,0.4338181468192488,0.19333894457668066,1.7980152182281017,0.005428653697890695,0.25560561974998564,2.3310115998610854,0.013484292818247923,0.12684980646008626,0.15191041165962815,0.0822520570945926,0.13501651614205912,0.023585628223372623,0.13485756324371323,0.31317853555083275,0.43119526468217373,0.08613195858197287,2.3137304233387113,8.806828407631473e-05,12.076914690434933,44.45960295200348,0.0049716194572209105,3.4407054763287306,0.1342126972740516,-0.035018486669287086,0.28140242490917444,1.0
1,17039360,0.20143624441698194,1.7987197153270245,0.005435599247903156,0.25775475380942225,2.256497187539935,0.013087309682305204,0.19367984414566308,21.991130027920008,-13.390625266358256,-0.00019881656385223323,0.7045575201045722,-0.6252725566737354,5.275030043350171e-05,0.031658998188504484,-0.039997794840019196,-0.08900527190417051,0.784368125256151,-0.693286812864244,0.45306396251544356,0.20143624441698194,1.7987197153270245,0.005435599247903156,0.25775475380942225,2.256497187539935,0.013087309682305204,0.1253960458561778,0.15564346429891884,0.08176578825805336,0.14271876611746848,0.023603258072398603,0.1425257486407645,0.3198873461224139,0.46172009222209454,0.08780793484766036,2.5425395271740854,0.0001028031758192327,12.31275986135006,46.024889409542084,0.004760015885359792,3.433211112394929,0.13403174933046103,-0.03409731620922685,0.2952072024345398,1.0
1,17170432,0.19846987466638288,1.4632598679264386,0.010300604935982846,0.2499776733542482,1.997244595438242,0.012512510465846085,0.15165061444044114,25.921786903589965,-50.79207516849041,-3.273107079924861e-05,0.6012530122759441,-0.5886336828023195,-3.750093145470146e-05,0.026229424448974897,-0.029481694660498763,-0.07595821331927557,0.6131488453271837,-0.3097027305631976,0.2506794881323973,0.19721934583503753,1.8134584883227944,0.005786771339444385,0.2561750995228067,2.414560559205711,0.013113547774992185,0.12489331542747095,0.15414591773878783,0.0819252289365977,0.13860344531713054,0.023455237460439093,0.13842104066861793,0.31828942941501737,0.4350071547087282,0.08703101426362991,2.6526971980929375,9.096123418572688e-05,12.697845324873924,44.93887260556221,0.0037991705253688224,3.4375359397381544,0.13751739379949868,-0.03525604517199099,0.2862140815705061,1.0
1,17301504,0.21835819364059716,1.614919868297875,0.005930647871991823,0.2652442154940218,2.2685718135908246,0.013399927457612648,0.20595160519587807,60.52705495741712,-74.26677465625107,0.0003397488210339361,0.6773694197770702,-0.6254537613131106,6.25785480181662e-05,0.03384940411342541,-0.028023531540384283,-0.08962558177881874,0.7316310729365796,-0.4304854429792613,0.3326574491802603,0.20038682107353606,1.4778776992875409,0.009879404255116242,0.2514491472954312,2.023396616464997,0.0125980446337272,0.1281451592221856,0.14219973084281187,0.0833616835241913,0.1561203566464001,0.023794333146834545,0.1558617370522929,0.38785022262663366,0.5134031799094505,0.07236053774565324,1.9906584009954549,7.786477728854455e-05,12.045193129307478,35.79284654888717,2.192851242281297,3.423682555017701,0.1354431883082725,-0.02096801830163921,0.23785903192607752,1.0
1,17432576,0.20540417614392936,1.7088042269460857,0.006031675076883403,0.2592384899035096,2.3260144237428904,0.013485057566867908,0.1569188830908388,17.39783738553524,-14.289548978209496,-0.00026414378135086736,0.7310343568678945,-0.6289116479456425,9.305645799884132e-05,0.0333269787079189,-0.034057395947456826,-0.11355329997604713,0.7268436714075506,-0.43554916023276746,0.353233584202826,0.20540417614392936,1.7088042269460857,0.006031675076883403,0.2592384899035096,2.3260144237428904,0.013485057566867908,0.125244157621637,0.15671242179814726,0.08286800485802814,0.14657071401597932,0.023483117620344274,0.14640976674854755,0.3271501353010535,0.4380255858413875,0.08741240913514048,2.387963400222361,9.575966024755189e-05,13.883046671748161,41.655765905976295,0.1743769794554595,3.410162102431059,0.13947167072910815,-0.03229608805850148,0.27266389038413763,1.0
1,17563648,0.18320533994119614,1.6742805456742644,0.00599460791090678,0.25184172042645514,2.244221397675574,0.012746909203087853,0.19095608952920884,18.05756322480738,-11.446703048422933,0.0002745198582942976,0.7062329081818461,-0.6152006697375327,3.808094166402043e-05,0.02733542756323004,-0.03340380459121661,-0.14340923877898604,0.7317403585184366,-0.456392761785537,0.3452929405029863,0.18320533994119614,1.6742805456742644,0.00599460791090678,0.25184172042645514,2.244221397675574,0.012746909203087853,0.12463343876879662,0.14802214480005205,0.08477629604749382,0.12470466387458146,0.023355071374680847,0.12456789228599519,0.30825173831544816,0.4053603750653565,0.0803069747344125,2.2175514097325504,9.442949710347648e-05,14.202752254903316,41.92693503201008,0.29947794189597765,3.4653641153126955,0.14163761294912547,-0.031012952560558915,0.26881229178979993,1.0
1,17694720,0.2105094187427312,1.763577020727098,0.005899781268908555,0.2607795965159312,2.337751022540033,0.012084178990335204,0.1889956264058128,16.28479011915624,-11.44974417053163,-0.0006101640212818893,0.7116864351555705,-0.6068179074209183,9.729388080970125e-05,0.03545073154964484,-0.033909880825376604,-0.13006274250801653,0.7378248160239309,-0.5450541616883129,0.37208482157438993,0.2105094187427312,1.763577020727098,0.005899781268908555,0.2607795965159312,2.337751022540033,0.012084178990335204,0.12319822917925194,0.15966428170213476,0.0830743329715915,0.15228061412926763,0.02332536765607074,0.1521185262245126,0.3391981606837362,0.4546498202253133,0.0876185410306789,2.413640790618956,0.00010465784566493497,15.11521477997303,42.51671612262726,0.1564463626376238,3.3976973313838243,0.1404417639132589,-0.0346049873623997,0.2760055004619062,1.0
1,17825792,0.19157186045777053,1.7495232913643122,0.006006762248262021,0.2535665547475219,2.272919704206288,0.01325479117622308,0.18694245931692421,21.50986487418413,-12.479430806823075,-0.0005623316208129836,0.6742082643322647,-0.5714196881745011,0.00010166420670998377,0.031701795262051746,-0.03935674364765873,-0.1363455964019522,0.7598498342558742,-0.46348605398088694,0.3798259636387229,0.19157186045777053,1.7495232913643122,0.006006762248262021,0.2535665547475219,2.272919704206288,0.01325479117622308,0.12500517396256328,0.14950834948103875,0.08460066624684259,0.1329682323266752,0.023340371160884388,0.13278006517793983,0.30539912125095725,0.4415251389145851,0.08606255508493632,2.5168551383540034,8.150287284003355e-05,14.484494999051094,43.53618907928467,0.14450115427729315,3.417621558532119,0.14316125179175287,-0.03874090081080794,0.2736701751127839,1.0
1,17956864,0.1993467267602682,1.8022573376074433,0.0056286209864993,0.256847184500657,2.3543505696579814,0.013756590513366973,0.16950055997585878,17.449920892715454,-13.439683143049479,-0.0005399730803219427,0.7141551689710468,-0.6080621858127415,6.056071224236348e-05,0.031851833446125966,-0.036630713562772144,-0.12758346484042704,0.7663812097162008,-0.44544859882444143,0.40682971803471446,0.1993467267602682,1.8022573376074433,0.0056286209864993,0.256847184500657,2.3543505696579814,0.013756590513366973,0.12473508098628372,0.15344445663504303,0.08433394256280735,0.14028108917409554,0.02344206914131064,0.14014334825333208,0.31569167878478765,0.4277793138753623,0.08452365593984723,2.3585884855128825,0.00010197893606855857,14.444486878812313,43.91040924191475,0.05489802185078929,3.4209039956331253,0.14246202376671135,-0.03932699467986822,0.27809104789048433,1.0
1,18087936,0.20201563031878322,1.8142466600984335,0.006010361287735577,0.25921249471139163,2.3833795934915543,0.012245832402186352,0.22428039088845253,125.07486787438393,-59.00287764146924,-1.7388675132679055e-05,0.6892239553853869,-0.6082600383087993,8.560274882540853e-05,0.03683909646497341,-0.03752108679327648,-0.12216804537456483,0.7639290210790932,-0.4724342387635261,0.42334579466842115,0.20201563031878322,1.8142466600984335,0.006010361287735577,0.25921249471139163,2.3833795934915543,0.012245832402186352,0.12473653856432065,0.15658699988853186,0.0834289722261019,0.14315898087807,0.02351158940291498,0.1428379863500595,0.31867158378008753,0.634505946887657,0.08703032095218077,2.5861376877874136,9.722494767183676e-05,14.30968426913023,43.769909143447876,0.04733720030051103,3.4020250011235476,0.14086747751571238,-0.037750710966065526,0.2813382954336703,1.0
1,18219008,0.19309211114887148,1.7782893972471356,0.005268309594612219,0.25658976449631155,2.3303328352048993,0.014061000811125268,0.1765476907894481,129.75184869766235,-125.45932644605637,-0.0012771579217769613,0.7288480224087834,-0.6119800335727632,0.0001444587777683637,0.0309445139428135,-0.0334457205462968,-0.1303061320213601,0.7643901240080595,-0.544197212671861,0.44275387888774276,0.19309211114887148,1.7782893972471356,0.005268309594612219,0.25658976449631155,2.3303328352048993,0.014061000811125268,0.1257465859525837,0.15231094940099865,0.08403115975670516,0.134631116874516,0.023382085346383974,0.13444398489082232,0.3089879461331293,0.6785707580856979,0.08526182599598542,2.238488250877708,8.46459587697801e-05,14.278045773506165,43.93947967886925,0.007711506153192715,3.412915052846074,0.13943275169003755,-0.03694985248148441,0.28412897139787674,1.0
1,18350080,0.20182687940541655,1.846130839549005,0.005793164589704247,0.2595299339154735,2.408737674355507,0.01349532233143691,0.16076939200866036,64.95533742755651,-61.73374160192907,-0.00020986119352528476,0.7182344577740878,-0.6333753333892673,0.00014204737269096768,0.03463659316912526,-0.042301462541217916,-0.11686728266067803,0.7662690375000238,-0.4959376307670027,0.4519099653698504,0.20182687940541655,1.846130839549005,0.005793164589704247,0.2595299339154735,2.408737674355507,0.01349532233143691,0.12465441162930802,0.1573262414894998,0.08319011190906167,0.1432440658682026,0.02346016257070005,0.1430511263315566,0.32016206555999815,0.5179605563171208,0.08735665219137445,2.7354047526605427,7.990241754418648e-05,13.919729061424732,43.959663182497025,0.006184374555871841,3.4161674361675978,0.1354917949065566,-0.04652757104486227,0.2845729854889214,1.0
1,18481152,0.19944092694049081,1.4757873409986495,0.010610684885711331,0.2514374648965895,2.0903451269119975,0.012856585051389022,0.14435735400766134,36.322686779896415,-42.2370767459025,-0.000684443696057618,0.5956731500600775,-0.5870134182895224,6.955116044726614e-05,0.02827685058990028,-0.02729927508189576,-0.06391241440980441,0.6185867251513991,-0.32053750607029846,0.253561863253514,0.19782867236062884,1.8284511398524046,0.005687781971118966,0.25742520671337843,2.329373595304787,0.01258099152619252,0.1247161197825335,0.15470854251179844,0.08300792309455574,0.13909854355733842,0.02359639921633061,0.13894275337224826,0.3173126190667972,0.44376557506620884,0.08562740113120526,2.3777072187513113,8.487698135078645e-05,13.487200371921062,44.40270707011223,0.010224182063581111,3.432595867663622,0.13529780227690935,-0.039973426377400756,0.2825273727066815,1.0
1,18612224,0.21749035990796983,1.617487970739603,0.006011046842104406,0.26425711216870695,2.271804207470268,0.013693773536033405,0.20936929096933454,62.48553188378553,-11.75312018673867,-0.0011315054314309236,0.6742575839610703,-0.6364873698912561,-7.127259493699967e-06,0.028450749814510345,-0.041435608436586335,-0.08195135960704647,0.7305995903443545,-0.5517781898379326,0.3292154399678111,0.20118063132289843,1.489445233021874,0.010167346279098616,0.2526730935493237,2.1078351587730357,0.012937277917378844,0.12888132823429194,0.1434223912011114,0.08277037218549704,0.15579184527643564,0.02396225152363305,0.15553977758152387,0.377202527305807,0.5149553193856614,0.07386227715648262,2.0134583774516472,7.24184253861518e-05,11.502606072552862,36.06926540728008,2.001476635685755,3.433399415877928,0.12695866465909636,-0.02202149772320885,0.23695157742105336,1.0
1,18743296,0.20429791265632957,1.6934570968151093,0.005722871393118112,0.26012837735470384,2.351624176837504,0.01402133064584632,0.24054119875654578,75.72294284403324,-12.594991823658347,-0.0006690027423701395,0.7288178338203579,-0.6239355723373592,0.00010925482887103044,0.032427512800495606,-0.03505522273189854,-0.10398390062619,0.7453044652938843,-0.47396548790857196,0.3641230466309935,0.20429791265632957,1.6934570968151093,0.005722871393118112,0.26012837735470384,2.351624176837504,0.01402133064584632,0.12543758389074355,0.15760642528766766,0.08277480956166983,0.14600684924516827,0.02364305962692015,0.14578817499568686,0.3286422844976187,0.5142980192322284,0.08676272328011692,2.3761821533553302,0.00010196141853846541,13.483430862426758,42.70280075073242,0.10221226579880671,3.412945305928588,0.13423801609314978,-0.04527254495769739,0.2726944098249078,1.0
1,18874368,0.18312443036120385,1.6934477402828634,0.005669442468388297,0.2523508514277637,2.288515377789736,0.013214021462772507,0.31035205943044275,132.19909000396729,-10.718689011409879,0.0001375653400828014,0.695821495493874,-0.5838074579369277,0.00013912371089475073,0.030493991580442525,-0.03065497169154696,-0.12085358967306092,0.7495505004189909,-0.44903064402751625,0.37082558777183294,0.18312443036120385,1.6934477402828634,0.005669442468388297,0.2523508514277637,2.288515377789736,0.013214021462772507,0.12538218148984015,0.14857737865531817,0.08343785925535485,0.12418632511980832,0.023440342978574336,0.12406453199218959,0.3059350427938625,0.529428223380819,0.08107355778338388,2.2062988113611937,9.318529635216066e-05,13.095464907586575,42.94608065485954,0.24617086473193694,3.471813939511776,0.13731411448679864,-0.03977383812889457,0.27085958886891603,1.0
1,19005440,0.20976100722327828,1.7246206947602332,0.006112624954766943,0.2605151851894334,2.35489902831614,0.013765980161224434,0.20241268048994243,60.21266562119126,-15.60602856054902,-0.0007899767888375209,0.7350247928407043,-0.6469103288836777,7.595122374937091e-05,0.03754035187739646,-0.037621981668053195,-0.101805895275902,0.7610122882761061,-0.44695964572019875,0.40774227143265307,0.20976100722327828,1.7246206947602332,0.006112624954766943,0.2605151851894334,2.35489902831614,0.013765980161224434,0.12448131997371092,0.15912952227517962,0.08191370853455737,0.15083818917628378,0.023560276298667304,0.15064205328235403,0.3303829194046557,0.5024308322463185,0.08786389447050169,2.579674618318677,9.326119874053518e-05,13.709457024931908,43.606036350131035,0.1227374028350745,3.4090661592781544,0.13699351984541863,-0.033008831553161144,0.2739035924896598,1.0
1,19136512,0.19119102018885314,1.7517392989248037,0.006025742950441781,0.25458236515987664,2.295626531355083,0.01307475150861137,0.17572044854750857,18.89265128597617,-13.058369670063257,-0.0005219234669766593,0.671534929657355,-0.5985222556628287,0.0001078693806206843,0.03468982302729273,-0.037755230274342466,-0.11563266668235883,0.7688915156759322,-0.7073356001637876,0.4250265914015472,0.19119102018885314,1.7517392989248037,0.006025742950441781,0.25458236515987664,2.295626531355083,0.01307475150861137,0.12597754248417914,0.15015656186733395,0.08410815201932564,0.13256947952322662,0.02365843723237049,0.13241289654979482,0.3088714962359518,0.43113277829252183,0.08423625718569383,2.634397253394127,8.260254942704659e-05,13.534391403198242,44.62364235520363,0.02507537320176567,3.426036037504673,0.14064134389627725,-0.03401232650503516,0.2810714514926076,1.0
1,19267584,0.19849804358091205,1.807253111153841,0.005799902140097402,0.256441559875384,2.396172486245632,0.013094339568851865,0.1640835142461583,19.431250229477882,-14.065540920943022,-0.0006126289495114179,0.7212186744436622,-0.5934101801831275,8.083836574712677e-05,0.03259490719938185,-0.04010166016087169,-0.11071331118000671,0.7760885190218687,-0.6486457278952003,0.4038914246484637,0.19849804358091205,1.807253111153841,0.005799902140097402,0.256441559875384,2.396172486245632,0.013094339568851865,0.1248086373670958,0.15356649633031338,0.083396504400298,0.13963661575689912,0.023608432165929116,0.13947487383848056,0.3148810272105038,0.43958176975138485,0.08535570866661146,2.546026793308556,8.4495195804557e-05,13.680051058530807,44.574737191200256,0.07625118658182117,3.4277006182819605,0.14006341609638184,-0.03786427550949156,0.2849806724116206,1.0
1,19398656,0.20152275043074042,1.8262218376621604,0.005823624100230518,0.2590705135371536,2.4221452986821532,0.013228413030446973,0.1423101207765285,21.658909361809492,-16.463600371032953,-0.0002345153202440997,0.7391938497312367,-0.6305615475866944,0.0001193665294749735,0.037763391963380855,-0.03679314141481882,-0.1083522939006798,0.7750739869661629,-0.48044517706148326,0.41786468564532697,0.20152275043074042,1.8262218376621604,0.005823624100230518,0.2590705135371536,2.4221452986821532,0.013228413030446973,0.12532747077057138,0.15640872542280704,0.0829066049773246,0.14281101193046197,0.023486884776502848,0.1426388318068348,0.31878131488338113,0.44941052608191967,0.08666543086292222,2.6049869800917804,8.691884550060536e-05,13.63524141907692,44.40846887230873,0.014578018393667236,3.411389062181115,0.13891208439599723,-0.03860204014927149,0.2848295937292278,1.0
1,19529728,0.19312850793357939,1.8072290690615773,0.005436448951513739,0.2568953495938331,2.381973125040531,0.012939243699293002,0.178018513310235,22.14903374016285,-13.52298453450203,-0.0015483484312426299,0.7158277730923146,-0.6229081794153899,0.00010365871467854504,0.03196490969276056,-0.044114950418588705,-0.10823084291769192,0.7774356855079532,-0.44570282381027937,0.43988404609262943,0.19312850793357939,1.8072290690615773,0.005436448951513739,0.2568953495938331,2.381973125040531,0.012939243699293002,0.12621654465328902,0.15300489775836468,0.0835359763004817,0.13392591261072084,0.023630380164831877,0.13372496503870934,0.3033768804743886,0.44998111319728196,0.084573722735513,2.7560400017537177,9.707032770389645e-05,13.208396591246128,44.54378417134285,0.014792400281336882,3.4260776545852423,0.13782965030986816,-0.03753732284530997,0.28146155970171094,1.0
1,19660800,0.20176905032712966,1.8584626140072942,0.0061105107806724845,0.260345958173275,2.3976160753518343,0.013199221781178494,0.14855650020763278,19.493401266634464,-16.529809579253197,-0.0005302207912336598,0.7456974149681628,-0.6319193304516375,0.0001225220215275158,0.036210102480254136,-0.031466060820093844,-0.10674500733148307,0.7718348694033921,-0.45867078355513513,0.45381162385456264,0.20176905032712966,1.8584626140072942,0.0061105107806724845,0.260345958173275,2.3976160753518343,0.013199221781178494,0.1259213270386681,0.15731835283804685,0.08279419102473184,0.14325268514221534,0.023665118671488017,0.14309878082713112,0.3244173403363675,0.45208215271122754,0.08376570924883708,2.409719859715551,0.00010000742062654666,13.487876884639263,44.22288113832474,0.00956718863224637,3.4187116120010614,0.13511365314479917,-0.03977481625042856,0.27947196876630187,1.0
1,19791872,0.19792609689136348,1.476040127053857,0.010698558473134957,0.2520482142145435,2.148971798370282,0.012672902574413458,0.12029658300724502,12.786873319397369,-12.304779961978397,-0.00010612296592929245,0.5864945617939035,-0.5766006129855912,2.0654996689017935e-05,0.027013942215028994,-0.028381236723216716,-0.07749081395846891,0.6289537519056466,-0.3329383630436496,0.2503117021918297,0.19724758400116116,1.84587961435318,0.005613470683783817,0.25755980715621263,2.414353462867439,0.01348423829949752,0.1241396086406894,0.15543830185197294,0.08290652016876265,0.13902301923371851,0.023461756136384793,0.13882070872932673,0.3222070001065731,0.4743177890777588,0.08187294838717207,2.5436419299803674,0.00010057486373948876,13.79202488809824,45.59807851910591,0.0038046410581173973,3.4263801127672195,0.13494262075982988,-0.03922200598753989,0.2956133810803294,1.0
1,19922944,0.21751588571351022,1.6827557482756674,0.006063759016797121,0.26520647620782256,2.2946794531308115,0.013416324629361043,0.12702068104408681,15.862299168953694,-13.754323476925492,-0.00038320701651173295,0.6649731087150523,-0.6227739669848233,7.495481477093335e-05,0.0313754287926713,-0.033914087507582735,-0.0968401919817552,0.7281544944271445,-0.42310579086188227,0.3725999181624502,0.19981426930795593,1.4959645242800554,0.010251830814692756,0.25331648043076316,2.1630159096725015,0.012744557712239729,0.12600295868118755,0.14607667105822228,0.08248658691594624,0.1561723241346877,0.023577066961709546,0.15595792136884418,0.39153925562838476,0.43448281299928765,0.07239404279480588,1.9995090261617878,7.702297070069174e-05,12.623330283682815,36.585202246943645,2.6777747313568154,3.4209352142839546,0.13006404612273598,-0.01938563708709665,0.23448281613997665,1.0
1,20054016,0.2047767168842256,1.7302142051048577,0.005780161318398314,0.26014881231822073,2.3086229898035526,0.013555000386986649,0.06893344671698287,79.82478540949523,-78.5437444858253,0.0002957560184313479,0.7242142362520099,-0.6378580199088901,3.409769172435517e-05,0.037019804876763374,-0.03574781814677408,-0.10771969630150124,0.7459894525818527,-0.43943044333718717,0.3653476582840085,0.2047767168842256,1.7302142051048577,0.005780161318398314,0.26014881231822073,2.3086229898035526,0.013555000386986649,0.12477306992514059,0.15800614067120478,0.08258820319315419,0.14605022536125034,0.02360450908599887,0.1458001428982243,0.3210510873468593,0.5186751312576234,0.08623120401171036,2.5958111127838492,9.803654712259302e-05,13.712446935474873,42.7519621104002,0.05431486111145034,3.410971125587821,0.13432044949149713,-0.0327419547829777,0.2734487378038466,1.0
1,20185088,0.18276770040392876,1.7135423952713609,0.005950229284280795,0.2530942044686526,2.2968220114707947,0.01341001514265372,-0.013187197968363762,131.84733510017395,-131.84733510017395,0.00043652703061525244,0.7107514950912446,-0.5900301863439381,0.00010974342103509116,0.03303829463402508,-0.027930153337365482,-0.11765014246338978,0.7427824432961643,-0.44145755958743393,0.36786405509337783,0.18276770040392876,1.7135423952713609,0.005950229284280795,0.2530942044686526,2.2968220114707947,0.01341001514265372,0.12535091681638733,0.14913048141170293,0.08393388602416962,0.12359254522016272,0.023522783012595028,0.12345121474936604,0.29790210037026554,0.5223490223288536,0.08248004323104396,2.168721193447709,0.00010985724274037434,12.911469981074333,42.565162628889084,0.11859468712746235,3.4745052810758352,0.13440283690579236,-0.031249611638486385,0.2738221473991871,1.0
1,20316160,0.20882219297345728,1.7611038135364652,0.005246874880413088,0.2618142463034019,2.466329704038799,0.012256407890163246,0.06775462967925705,57.40080927684903,-53.26001909933984,-0.0002632237842590257,0.7287174726370722,-0.6481372728012502,9.859799052946983e-05,0.03633821929543046,-0.03338981181150302,-0.0883786435588263,0.7473121462389827,-0.7204614486545324,0.39671607967466116,0.20882219297345728,1.7611038135364652,0.005246874880413088,0.2618142463034019,2.466329704038799,0.012256407890163246,0.12528191518504173,0.15995634149294347,0.08181962219532579,0.15033390384633094,0.02365163911599666,0.1501356764929369,0.3246689778752625,0.511597738834098,0.0912341455114074,2.4141692724078894,9.758715742069768e-05,12.861477002501488,44.289977699518204,0.05806871535924074,3.418764602392912,0.13080366101348773,-0.04026118479669094,0.2838040147908032,1.0
1,20447232,0.19047896098345518,1.8114772494882345,0.005531128276743402,0.25462338456418365,2.4125696504488587,0.012587403716679546,0.12967587500315858,17.912469755858183,-13.488089689984918,-0.00015207995716082223,0.7300193824339658,-0.6241149029228836,0.00020619350249262425,0.03776737250154838,-0.0365277534147026,-0.10327255493029952,0.7605455094017088,-0.5523995724506676,0.40669026388786733,0.19047896098345518,1.8114772494882345,0.005531128276743402,0.25462338456418365,2.4125696504488587,0.012587403716679546,0.1255251383408904,0.15141653560567647,0.0829808414564468,0.13235139654716477,0.02374544741178397,0.13219150115037337,0.3102456635097042,0.445670505752787,0.08864276990061626,2.674454152584076,9.078290933106636e-05,12.753062136471272,43.57604828476906,0.01632332293056038,3.4379949774593115,0.13033847115002573,-0.04929252061992884,0.27479087794199586,1.0
1,20578304,0.19818813388701528,1.8273550188168883,0.005876550098491862,0.25782840023748577,2.4711838364601135,0.013594720698165474,0.13982835214119405,19.747877568006516,-15.920500461012125,-0.00030846037680021254,0.7558701152447611,-0.6503623798489571,0.00013113033810441266,0.03571757081954274,-0.038621816369413864,-0.10487050819210708,0.7670898213982582,-0.602258441504091,0.4193415241315961,0.19818813388701528,1.8273550188168883,0.005876550098491862,0.25782840023748577,2.4711838364601135,0.013594720698165474,0.12549453717656434,0.15509515663143247,0.08298501587705687,0.14015417348127812,0.023757467555697076,0.1399988746852614,0.32542057940736413,0.43377707875333726,0.0873058574507013,2.6526174605824053,8.481543438909611e-05,13.15816354751587,44.15488138794899,0.022671254355202564,3.4394506122916937,0.13152071041986346,-0.04126338195055723,0.28351375414058566,1.0
1,20709376,0.20104215573519468,1.839109624736011,0.005521223828509392,0.2598366574384272,2.4289971832185984,0.01310851796552015,0.009660520452598576,113.72673369944096,-113.71317651867867,-0.0004823506833417923,0.7219042333308607,-0.6020652144216001,0.00013095068071322657,0.03925956784951268,-0.038789016725786496,-0.10684631566982716,0.7673793118447065,-0.49844948714599013,0.41819837037473917,0.20104215573519468,1.839109624736011,0.005521223828509392,0.2598366574384272,2.4289971832185984,0.01310851796552015,0.1257466067909263,0.1567027335986495,0.08315586956450716,0.14322489581536502,0.02367600610887166,0.14292541868053377,0.3206815847661346,0.5650913410354406,0.08657853305339813,2.826549884863198,9.928146243454172e-05,13.353671446442604,43.96759632229805,0.0068865445651908885,3.417719140648842,0.13287459540879354,-0.04338665911927819,0.2812135489657521,1.0
1,20840448,0.19313900091219693,1.8872712571173906,0.005592558619355259,0.25753214315045625,2.4707151260226965,0.013277822970849229,0.041754633115488105,128.7988748550415,-128.7988748550415,-0.0007435043685291021,0.7107684991788119,-0.6115944907069206,0.00012256380696840097,0.04121506804949604,-0.0439955484107486,-0.10907186527037993,0.7592166881076992,-0.4493260099552572,0.45897740102373064,0.19313900091219693,1.8872712571173906,0.005592558619355259,0.25753214315045625,2.4707151260226965,0.013277822970849229,0.12646844302071258,0.15348165296018124,0.08360150910448283,0.13509879232151434,0.02377359039383009,0.13489413337083533,0.31340667651966214,0.5884545769076794,0.08919908048119396,3.0414756662212312,8.960789274303771e-05,13.0449064001441,43.49991238117218,0.04305162943987284,3.42843303270638,0.13244847336318344,-0.043405917240306735,0.27905740309506655,1.0
1,20971520,0.20115363807417452,1.8781223967671394,0.005617215681013477,0.2593687557382509,2.4635259956121445,0.013214709995736484,0.01778716496482957,122.51001590490341,-122.3115955889225,-0.00027365938808543433,0.7221447052434087,-0.6167006792966276,0.00012036734080567157,0.03812029509572312,-0.03423406486399472,-0.10174922738224268,0.7682506600394845,-0.4475601117592305,0.47924201958812773,0.20115363807417452,1.8781223967671394,0.005617215681013477,0.2593687557382509,2.4635259956121445,0.013214709995736484,0.12566280592000112,0.15677133563440293,0.0827081342577003,0.14311590511351824,0.023809250124031678,0.14283388305921108,0.32578693190589547,0.5798630157951266,0.08670738828368485,2.6055649644695222,8.671433469131795e-05,13.099804267287254,44.01752096414566,0.007981039405166257,3.4211460277438164,0.13289756840094924,-0.044925076654180884,0.28289037803187966,1.0
