attempt,collected_frames,shock/accel_magnitude,shock/accel_magnitude_max,shock/accel_magnitude_min,shock/shock_normalised,shock/shock_normalised_max,shock/shock_normalised_min,shock/accel_p90,shock/shock_p90_normalised,shock/accel_p95,shock/shock_p95_normalised,shock/accel_p99,shock/shock_p99_normalised
0,131072,0.9163733725436032,6.1470390148460865,0.042397793752854795,4.1603379941079766e-06,0.004260186105966568,0.0,1.0791783928871155,0.13408495686720956,1.1248247265815734,0.13968382119920042,1.4923215246200565,0.1844061937833983
0,262144,0.7583246873691678,6.039399163797498,0.004888333894768948,0.0,0.0,0.0,0.7934447526931763,0.09885666237288326,0.8018407016992569,0.09989579148500405,0.8168809682130814,0.10175671194161784
0,393216,0.8176011736504734,5.842074029147625,0.021912889211762376,0.0,0.0,0.0,0.9549020826816559,0.11879910001896077,0.9784325003623962,0.12169786970655116,1.2963994681835178,0.16064618984708146
0,524288,0.761091420892626,6.163254786282778,0.011372121927706758,0.0,0.0,0.0,0.7987597823143006,0.09951450503908887,0.8105245172977448,0.10097031933871747,0.8304124069213867,0.10343033833981075
0,655360,0.7510330323129892,6.160243108868599,0.025200382809771327,0.0,0.0,0.0,0.8330102801322937,0.1037515877376276,0.8906645357608796,0.11087534319610493,1.0857156717777257,0.1348873371002406
0,786432,0.7374796676449478,6.074393326416612,0.006556022133963779,0.0,0.0,0.0,0.8349126517772675,0.10398681865100023,0.8508427679538727,0.10595614073408055,0.8896158343553544,0.11074586514486495
0,917504,0.7104220087639987,5.998028663918376,0.0018465449632003583,0.0,0.0,0.0,0.7600828826427459,0.09472550366417165,0.7712416321039199,0.09610764800926352,0.787566801905632,0.09812904619236407
0,1048576,0.7706220736727118,6.340480495244265,0.02433088506495551,4.898938641417772e-06,0.005016513168811798,0.0,0.8285252451896667,0.10319696100164255,0.8402338236570358,0.10464472713289097,0.9710798913240434,0.12079230440352196
0,1179648,0.782330556306988,6.509500954300165,0.03714357744320296,0.0,0.0,0.0,0.8311096370220185,0.10351655896838707,0.8415784627199173,0.10481096352837116,0.8672601103782654,0.10798482549250998
0,1310720,1.0637845359742641,6.578293479979038,0.04970551352607799,1.681801222730428e-07,0.00017221644520759583,0.0,1.1586122274398805,0.14382238677148074,1.2083028972148893,0.14989973258317835,1.3594455242156984,0.16831370068635976
0,1441792,0.9757787073031068,6.652054496109486,0.04658063286478864,6.475420377682894e-07,0.0006630830466747284,0.0,1.0304741144180298,0.1281015670693657,1.0417626619338989,0.1294892281048361,1.06355220079422,0.1321663002658131
0,1572864,0.9898349801078439,6.714961145073175,0.04483685964078177,8.628267096355557e-06,0.008827708661556244,0.0,1.078329360485077,0.13398073440461356,1.0966465532779692,0.1362285888856276,1.2141478490829467,0.15061385627179358
0,1703936,0.9536805436946452,6.759230066090822,0.03185809114575022,5.840935045853257e-06,0.005981117486953735,0.0,1.0001513242721558,0.12437162475825048,1.0158720314502716,0.12630584136197065,1.0320465433597565,0.12829489036981379
0,1835008,0.9474616963416338,7.109306987375021,0.04539799737949579,3.6315266243036604e-06,0.00370778888463974,0.0,1.0359899640083312,0.12877967387345945,1.0605885088443756,0.1318022921617621,1.0957925820350647,0.13612382198132633
0,1966080,0.9159501967951655,6.8201842829585075,0.04028813008517318,2.813067112583667e-06,0.002880580723285675,0.0,0.9945763766765594,0.12368547632189753,1.014513659477234,0.12613875007508124,1.028206250667572,0.12782272594079447
0,2097152,0.872288353741169,6.768388852477074,0.04229707515332848,0.0,0.0,0.0,0.9355617880821228,0.1164150023668935,0.9482211291790008,0.11797568555641669,0.9569151639938355,0.11904717637776385
0,2228224,0.852439533919096,6.7217833660542965,0.02525929422176887,6.271204256336205e-06,0.006421713158488274,0.0,0.8894195318222046,0.11072162821001363,0.9079949945211411,0.11301450223361909,0.9397263705730439,0.1169284889748674
0,2359296,0.8428454217500985,6.55906268954277,0.0384881243039672,0.0,0.0,0.0,0.9187107443809509,0.11433666196098846,0.9357837229967116,0.11644236817252418,1.0512649452686311,0.1306569172309291
0,2490368,0.8193750665523112,6.697893891483545,0.013481518366461387,3.843659214908257e-06,0.003935907036066055,0.0,0.8630834102630616,0.1074687968502206,0.8708940356969833,0.1084337473320065,0.8830065542459488,0.10992976320923309
0,2621440,0.8333118665032089,6.419913753867149,0.04186878195469035,0.0,0.0,0.0,0.8893410682678222,0.11071194049352084,0.906846570968628,0.112872780489365,0.962950116991997,0.11979078748820493
0,2752512,0.8361788378097117,6.721141744405031,0.03406303464453231,1.8754017219180241e-06,0.0019204113632440567,0.0,0.8798221468925476,0.10953650537015691,0.892766273021698,0.11113482311758793,0.8992159819602966,0.11193100772234077
0,2883584,0.8116712188348174,6.195190213620663,0.017133398531768762,0.0,0.0,0.0,0.8470841526985169,0.10549156534179738,0.8565590947866439,0.10666260604296895,0.9036086058616638,0.11247317318336814
0,3014656,0.7835929561406374,6.392554916441441,0.005970197684405321,4.416672254592413e-07,0.0004518255591392517,0.0,0.8377874255180359,0.10434226636223598,0.846378606557846,0.10540435271920834,0.8640060859918595,0.10758279784249436
0,3145728,0.7624864089302719,6.443671952933073,0.01614629685127511,7.509406714234501e-07,0.0007689632475376129,0.0,0.7966608047485352,0.09925472437422167,0.8093726456165313,0.10082780122485668,0.8293226361274719,0.10329557236613307
0,3276800,0.7737721484154463,6.584593515843153,0.030221618531413696,2.464108547428623e-06,0.00252324715256691,0.0,0.8058409929275513,0.10039081317233589,0.8135642826557159,0.10134640175865184,0.8368327271938324,0.1042242268643554
0,3407872,1.0410585817880929,6.674291301518679,0.049086603447449306,4.938647180097178e-07,0.000505717471241951,0.0,1.1264261841773986,0.13988009203891072,1.1747729480266569,0.14580011423858763,1.3523800420761112,0.1674554082536881
0,3538944,0.9670757297426462,6.551315788179636,0.011973462800142443,2.7369087547413073e-06,0.002800237387418747,0.0,1.0014748096466064,0.1245344980685954,1.0163431227207185,0.12636378791509162,1.045333310365677,0.12992804992975215
0,3670016,0.9722953257150948,6.7049743346869946,0.01768103598669768,4.566136112771346e-06,0.0046746451407670975,0.0,1.0477002620697022,0.13021891305082134,1.0726695239543915,0.13328588894126847,1.1390708708763122,0.14142940760585443
0,3801088,0.9271978456526995,6.780836336314678,0.022043892122383113,2.244796633021906e-07,0.00022986717522144318,0.0,0.9643449544906616,0.11996263662393547,0.97897869348526,0.12176513212255147,1.0062839925289153,0.12512627844805269
0,3932160,0.8905880423262715,6.854892466217279,0.020173452091512445,2.353504896746017e-06,0.0024099890142679214,0.0,0.9342581152915954,0.11625424871535284,0.9537422686815261,0.11865616689785541,1.00951425075531,0.12552371877278
0,4063232,0.8592647421173751,6.786396533250809,0.013187273949824885,5.28633790963795e-06,0.005413210019469261,0.0,0.9104800581932068,0.11332115692691547,0.9266620248556137,0.11531746697907042,0.9431398737430573,0.11734932205660997
0,4194304,0.8343519517220557,6.695862725377083,0.023403998414323723,0.0,0.0,0.0,0.8855965733528137,0.11024959180086569,0.899986258149147,0.11202608491546973,0.9240298622846604,0.11499280970245884
0,4325376,0.820852636359632,6.499737974256277,0.03251359874366244,0.0,0.0,0.0,0.8736542105674744,0.10877469969680287,0.8815002024173736,0.10974374083089478,0.8920945084095001,0.11105188888361162
0,4456448,0.8241839352995157,6.785255502909422,0.03325390109421278,0.0,0.0,0.0,0.8930161714553833,0.1111656745043379,0.9132074713706969,0.11365769248680291,0.968223329782486,0.12044042898183926
0,4587520,0.80865438003093,6.778453353792429,0.010349699904281806,1.926169716170989e-06,0.0019723977893590927,0.0,0.8481285333633423,0.10562065835143208,0.870713084936142,0.10841139438169267,0.8979295641183853,0.11177221725430009
0,4718592,0.8112882962450385,6.505569968372583,0.02560516653079503,9.7059273684863e-07,0.0009938869625329971,0.0,0.8773421049118042,0.10923020925073645,0.8875908195972443,0.11049583580773881,0.9177118933200837,0.11421343605143086
0,4849664,0.8096950887702405,6.520744413137436,0.03948026669968385,0.0,0.0,0.0,0.8460307240486145,0.10536135033368632,0.8588699907064438,0.1069481728691628,0.8725032323598861,0.10863252748434782
0,4980736,0.8163533369079232,6.6296221278607845,0.01858070141247481,2.1174746507313102e-06,0.0021682940423488617,0.0,0.8874141156673432,0.11047401744282204,0.8975297570228576,0.11172286544190735,0.9308944934606553,0.11583945817600627
0,5111808,0.871942603494972,6.578991450369358,0.03924477315513286,4.974100193066988e-06,0.005088504403829575,0.0,0.8971731185913085,0.11167884186378307,0.9085668623447418,0.11308507213450558,0.9302424269914628,0.11575904285033145
0,5242880,0.9072695365175605,6.96100402250886,0.032665325463540285,1.7625461623538285e-06,0.0018048472702503204,0.0,0.9415430665016175,0.11715246521985767,0.9504266589879989,0.11824753079110395,0.9658008575439453,0.12014200159393895
0,5373952,0.9388891789130867,7.026338141411543,0.03110782218368513,1.50729708821018e-05,0.015433814376592636,0.0,0.9670463144779206,0.12029543370833151,0.976534229516983,0.12146409336656805,0.9949827128648758,0.12373549100988424
0,5505024,0.9471704666502774,6.8729175217449665,0.010957989609323704,1.1615575203904882e-05,0.0118943490087986,0.0,1.0144407749176025,0.12612978445295941,1.0394599795341493,0.12920620853103415,1.1110749304294587,0.13799822867984513
0,5636096,0.907631651032716,6.964068438857794,0.03888886728645957,6.867230695206672e-07,0.0007032044231891632,0.0,0.9402661383152008,0.11699503693612856,0.948862761259079,0.11805477251747098,0.9623400604724884,0.1197156240129309
0,5767168,0.8846841328777373,6.764634627848864,0.03752056225494016,5.492221816894016e-06,0.005622398108243942,0.0,0.9249745726585388,0.1151093353872561,0.9343850255012512,0.11626989806296328,0.9534736049175263,0.11862305661967354
0,5898240,0.8495852202177048,6.780132915824652,0.04127693112786801,2.856097808034974e-06,0.0029217880219221115,0.0,0.8835834980010986,0.11000100910026034,0.8937223702669144,0.11125285761641956,0.9075400942564011,0.11295836560390082
0,6029312,0.8330009328201413,6.760815493762493,0.027598162501362822,9.70142309597577e-06,0.009931432083249092,0.0,0.8689329266548157,0.1081914845769294,0.8782338619232177,0.10934034756496835,0.8972872519493104,0.1116929305748442
0,6160384,0.7920524855144322,6.576002025976777,0.03412689402739488,2.5196350179612637e-06,0.002580106258392334,0.0,0.8302184402942657,0.10340635182914171,0.8362072110176086,0.10414688606071332,0.8560766762495041,0.1066029893965712
0,6291456,0.7864989857189357,6.724468022584915,0.028741654932218808,2.6180860004387796e-06,0.0026809200644493103,0.0,0.8220613420009613,0.10239751137563569,0.830400875210762,0.1034289122963119,0.8459420442581177,0.105350388401523
0,6422528,0.7467847834341228,6.2926183976233006,0.039358090467430884,0.0,0.0,0.0,0.7851317882537842,0.09782759142885666,0.7942047238349914,0.09895072951642159,0.8146431058645249,0.10147986774817475
0,6553600,0.7758182967081666,6.691750403493643,0.03328224535425761,1.0323128663003445e-06,0.0010570883750915527,0.0,0.8389922142028808,0.10449122299277236,0.8621003031730652,0.10734732616497444,0.9079582971334458,0.1130099736464627
0,6684672,0.7465412919409573,6.465116634964943,0.03823816336807795,0.0,0.0,0.0,0.7812967658042907,0.0973527791515929,0.7877063304185867,0.09814631928151107,0.8062099421024322,0.100436466809525
0,6815744,0.7393807866610587,6.726815665140748,0.03737981017729908,4.90054844703991e-06,0.0050181616097688675,0.0,0.7791079640388489,0.09708176478250108,0.7882955759763718,0.09821926494556577,0.7973114454746246,0.09933525259133535
0,6946816,0.7632046574726701,6.664874866604805,0.013795945847959956,1.8357786757405847e-06,0.0018798373639583588,0.0,0.8018286764621735,0.09989430333037963,0.8125402688980102,0.10121971311374667,0.8295018565654755,0.10331773583488624
0,7077888,0.7798949289135635,6.620268419384956,0.028600467452179146,1.4502602425636724e-06,0.0014850664883852005,0.0,0.8127092957496643,0.1012406249563742,0.8252704292535782,0.10279442494717328,0.8435166615247727,0.10505057081878655
0,7208960,0.7895941864699125,6.58885832503438,0.006675831003349231,1.7844449757831171e-06,0.001827271655201912,0.0,0.8206051766872406,0.10221739588856482,0.8298902630805969,0.10336576814998488,0.8390880823135376,0.10450307565077699
0,7340032,0.7956067603081465,6.576334331184626,0.018706778864952867,8.890929166227579e-07,0.0009104311466217041,0.0,0.8214271128177643,0.10231906334753393,0.831017479300499,0.10350516268116605,0.8405646532773972,0.10468562781391522
0,7471104,0.7895949319936335,6.59044886380434,0.013870818711438915,0.0,0.0,0.0,0.8220522999763489,0.1023963929734164,0.8266265273094178,0.1029621430959573,0.8398727494478225,0.1046000868896757
0,7602176,0.9934156653471291,6.96824648976326,0.009025462843169407,8.740866178413853e-06,0.008950646966695786,0.0,1.0439534306526184,0.12975847293708065,1.0713343858718871,0.13312195789833092,1.1474924743175507,0.14246089767790093
0,7733248,0.9289357005618513,6.824845779687166,0.026673514075582716,0.0,0.0,0.0,0.9639824211597443,0.11991797186848485,0.9696535885334014,0.12061661413184477,0.997440950870514,0.1240380546492319
0,7864320,0.889963221270591,6.921600319445133,0.019622299351567563,8.691858965903521e-07,0.0008900463581085205,0.0,0.9329572856426239,0.1160938395756459,0.9494416147470474,0.11812612016386881,0.9680500054359437,0.12041907766094884
0,7995392,0.876376218162477,6.99478904157877,0.031814024496270576,1.1556884146557422e-05,0.011821011081337929,0.0,0.9130882263183594,0.11364297938234325,0.9190494984388351,0.11437845245480416,0.9397722774744034,0.11693414887728704
0,8126464,0.8384617161937058,6.726840052753687,0.032754549015407974,4.611503300111508e-06,0.004717567935585976,0.0,0.8685430347919464,0.10814331832003088,0.8836156487464905,0.11000497931278441,0.8993775177001954,0.111950946668677
0,8257536,0.813437141943723,6.794792607426643,0.03814688344573369,6.764414138160646e-06,0.0069267600774765015,0.0,0.8510771870613099,0.10598511406331212,0.8633334636688232,0.10749969242185053,0.8805102598667145,0.10962148667245786
0,8388608,0.8084001489914954,6.988133352249861,0.01734961138890867,4.282394002075307e-06,0.0043851714581251144,0.0,0.8436871886253356,0.10507165142506203,0.8482919484376907,0.10564085731547102,0.8658012956380845,0.10780459645729312
0,8519680,0.8247710112482309,6.86660386249423,0.017532973937250063,5.139816494192928e-06,0.005263172090053558,0.0,0.8520111203193664,0.10610054295098603,0.8608388990163803,0.107191464974286,0.8855944722890854,0.11024933236018875
0,8650752,0.9001418873667717,7.139499019831419,0.04427824616232101,3.310427928227e-06,0.0033873487263917923,0.0,0.9591256976127625,0.11931956808903244,0.9896332263946533,0.1230769887098393,1.0426731789112091,0.12960113269514606
0,8781824,0.8865410634316504,7.157443001866341,0.04540329742303584,6.101481631048955e-06,0.00624791719019413,0.0,0.931505161523819,0.11591476671529044,0.9390976220369339,0.11685096924820937,0.9663379859924317,0.12020817299537723
0,8912896,0.8927740803919733,7.046728957444429,0.04406698751017757,1.4409233699552715e-06,0.001475505530834198,0.0,0.9481034636497497,0.11796118205255857,0.9592610836029053,0.11933625036512363,0.9783074182271958,0.12168246597445354
0,9043968,0.9034181642346084,7.003798384219408,0.04389454460397246,9.692621460999362e-06,0.009925244376063347,0.0,0.9403828144073486,0.11700942179266027,0.9450307875871659,0.11758242487763915,0.9895143556594849,0.12306235492210416
0,9175040,0.9022771981544793,6.943446706980467,0.04206997279834468,3.6947312764823437e-07,0.000378340482711792,0.0,0.9435962080955506,0.11740557795929063,0.9535660207271576,0.11863444602744999,0.9764302188158036,0.1214512838242654
0,9306112,0.9166223937645555,6.831416077911854,0.049263996981608216,3.7816789699718356e-08,3.87243926525116e-05,0.0,0.9450854897499085,0.11758916810610054,0.953640341758728,0.11864360539580221,0.9629937827587128,0.11979616738097043
0,9437184,0.925243073143065,7.241239409893751,0.03038227403271776,7.762475433992222e-06,0.007948774844408035,0.0,0.9553235590457916,0.11885104069043329,0.9624983012676239,0.11973512058111835,0.9770085740089417,0.12152251122554714
0,9568256,0.9349436215125024,7.385082297027111,0.025370313147050183,1.0655423466232605e-05,0.010907644405961037,0.0,0.9742587924003601,0.12118385039279267,0.9828673511743545,0.122243978935894,0.9989651501178742,0.12422564381039325
0,9699328,0.9522534953430295,7.152882169932127,0.015336070980538352,4.6200329961720854e-07,0.00047309137880802155,0.0,1.0098108291625976,0.12556020678514423,1.0327198386192322,0.12837766611372303,1.0970780205726625,0.13628152099992952
0,9830400,0.9257352957502007,6.94642049446702,0.0308586174892298,3.96903283217398e-06,0.0040631163865327835,0.0,0.9781074225902557,0.12165783660240659,0.9942824959754943,0.12364930304685973,1.0265368509292603,0.12761745496831112
0,9961472,0.9115796219557524,7.069132793694735,0.030194699600542663,3.862864105030894e-06,0.003955572843551636,0.0,0.9482020437717438,0.11797333308431068,0.9655533164739609,0.12011150547591765,1.009838382601738,0.12556359666481587
0,10092544,0.8952980157919228,7.080458372831345,0.018000879821556737,4.11491964769084e-06,0.00421367771923542,0.0,0.9298234701156616,0.11570737468861458,0.9396778345108032,0.1169225049126199,0.9654964298009873,0.12010449722220562
0,10223616,0.8429307551123202,6.983405355364084,0.022094870226965213,3.1878989830147475e-06,0.0032644085586071014,0.0,0.8783012509346009,0.10934867047664665,0.889747703075409,0.11076214653974192,0.9038989698886871,0.11250900939452735
0,10354688,0.8350112941116095,6.682299621403217,0.0291759592651033,0.0,0.0,0.0,0.8641753256320953,0.10760370790124663,0.878717115521431,0.10940003168954648,0.8901321792602539,0.11080961620372776
0,10485760,0.8417809251695871,6.842129547148943,0.01025357671517213,1.8308492144569755e-07,0.0001874789595603943,0.0,0.8735801994800567,0.10876555776347607,0.8851490437984466,0.11019433022947989,0.9016386330127716,0.11223003492061334
0,10616832,0.8777616322040558,7.241453513503075,0.024136286974680843,4.757757437801047e-06,0.004870325326919556,0.0,0.9061549067497253,0.11278742312737622,0.9177617013454437,0.11421958083383155,0.9304877018928528,0.11578929126539816
0,10747904,1.0719386134296656,6.84748850017786,0.045939001524857304,8.401635568588972e-06,0.008603274822235107,0.0,1.1610275983810425,0.14411805008460066,1.1812894940376282,0.1465972718141333,1.2499616539478302,0.1549860522558415
0,10878976,1.0499374456703663,7.0888194516301155,0.025825741751646092,3.4238568105138256e-06,0.0035026054829359055,0.0,1.0957373261451722,0.13611704297306382,1.1047491550445556,0.13722248039186757,1.1411474204063417,0.1416837749884543
0,11010048,1.0501504018902779,7.015038531273603,0.027413865803964654,6.56950032862369e-06,0.006727168336510658,0.0,1.1144431233406067,0.1384112109974296,1.131918877363205,0.140553179881588,1.207735188007355,0.14983036274269312
0,11141120,1.0580360684543848,7.137094009667635,0.02352947459803545,1.5176774468272924e-05,0.015541017055511475,0.0,1.099623167514801,0.13659374205381236,1.112623220682144,0.13818807427839763,1.125704391002655,0.13979163214126333
0,11272192,1.0414283643476665,7.067958056926727,0.041328030105432845,2.220577130174206e-06,0.002272680401802063,0.0,1.0726490378379823,0.13328337366816934,1.0812968313694,0.13434499157225877,1.1016728699207305,0.1368451656698646
0,11403264,1.0177264544181526,6.860053662210703,0.024250437858199803,1.2281798262847587e-06,0.001257656142115593,0.0,1.0519832849502564,0.13074517578770273,1.0558721005916596,0.1312229377677181,1.07009250998497,0.1329694712435967
0,11534336,0.9951656516641378,6.887027807533741,0.009067643187336216,7.090025974321179e-06,0.007260186597704887,0.0,1.0361423373222352,0.1287984046179791,1.0471379995346068,0.1301498213849992,1.0684421730041505,0.13276682099138326
0,11665408,0.964842424262315,6.8883356265723705,0.01957525841817187,1.3516037142835557e-06,0.001384042203426361,0.0,1.036429762840271,0.12883373663043662,1.0451897501945495,0.12991040780248597,1.078742573261261,0.13403145846115594
0,11796480,0.906103431712836,7.117338590323925,0.03621159176691435,1.078571040125098e-05,0.011044567450881004,0.0,0.9699949979782104,0.12065866922718005,0.9772426277399063,0.12155133578441135,1.0429054975509646,0.12962968465149283
0,11927552,0.8920967988669872,6.881681080907583,0.021972131357415492,0.0,0.0,0.0,0.9412579894065857,0.11711731951097581,0.948899781703949,0.11805933557667148,0.9806740820407868,0.12197390816418952
0,12058624,0.8993081897497177,6.80049555003643,0.03884830804690864,0.0,0.0,0.0,0.9443943202495575,0.11750396567161592,0.9567843735218048,0.11903105923647761,0.971606467962265,0.12085716557196968
0,12189696,0.8977842619642615,7.008365593850613,0.04470904071786208,2.0681200112449005e-06,0.002117754891514778,0.0,0.9603056192398072,0.1194649558912313,0.9731143623590469,0.1210428950145983,0.9919660258293151,0.12336416118489502
0,12320768,0.9028967251069844,6.9804728254675865,0.015569015554660837,2.8791328077204525e-06,0.0029482319951057434,0.0,0.9435430049896241,0.11739901923534424,0.9485026568174362,0.11801038657019713,0.9667271220684052,0.12025611184725626
0,12451840,0.8996031540445983,7.239002708345652,0.021844984251629285,7.883431408117758e-06,0.008066656067967415,0.0,0.9366115868091583,0.11654444681110765,0.9475434690713882,0.1178921561898183,0.9598243528604508,0.11940565573944673
0,12582912,0.9352845912799239,7.321591589599848,0.034584565834848036,3.6656676911661634e-06,0.0037523042410612106,0.0,0.9699056684970856,0.12064766559028262,0.976424103975296,0.12145053074368595,1.004407240152359,0.12489535056835943
0,12713984,0.9616560800932348,7.552853193134069,0.025526420035703268,2.3952870833454654e-06,0.0024527739733457565,0.0,0.9989821135997772,0.124227731522502,1.0163970112800598,0.1263704164191033,1.0237175691127778,0.12727076859249498
0,12845056,1.1506769759580493,7.289299961179495,0.05306146378370613,1.458369189322184e-05,0.014933018013834953,0.0,1.2454688191413879,0.1544378903665662,1.2912713050842284,0.1600216481717438,1.4081342530250551,0.17422125138654065
0,12976128,1.0973230507224798,7.818416018038988,0.05158944795698517,1.6292618909119483e-05,0.016679449006915092,0.0,1.137887144088745,0.14128439837783602,1.148827177286148,0.14262434567014148,1.1839215672016143,0.14691919476446103
0,13107200,1.086897739674896,7.667692098766565,0.037236672692415596,1.0799076221701398e-05,0.011056456714868546,0.0,1.1563048362731934,0.14353991717949444,1.1712584912776947,0.14537011827762703,1.2744185435771944,0.15796830726890132
0,13238272,1.021112471818924,7.456204213202,0.03556534921790444,3.140750777674839e-06,0.003216128796339035,0.0,1.0616716623306275,0.13193533192589735,1.0784457862377166,0.13399502635335891,1.096572037935257,0.13621944731528335
0,13369344,0.9764781515114009,7.0941575691103935,0.03979762526068953,1.570378799442551e-06,0.0016065500676631927,0.0,1.02454332113266,0.12737231433486884,1.036530900001526,0.12884616891935385,1.0808903801441194,0.1342951018118821
0,13500416,0.9229124314151704,7.387275740504265,0.03778565795164468,4.752255335915834e-06,0.004866309463977814,0.0,0.9706321656703949,0.12073715490740944,0.9775034666061401,0.12158345878748289,1.0168764984607697,0.12642939472466597
0,13631488,0.8844290128909051,7.041881933808327,0.023392609636630368,8.491861080983654e-06,0.008695665746927261,0.0,0.9562394440174102,0.11896390760099695,0.9658241391181945,0.12014486978364447,0.983699181675911,0.12234640262954821
0,13762560,0.8579135714098811,6.7773112915456295,0.030252026913785812,5.334477464202791e-07,0.0005462504923343658,0.0,0.9003660559654236,0.1120729635927451,0.9110779523849487,0.11339493332983452,0.9345168972015381,0.11628615915276574
0,13893632,0.8089025244116783,6.586850896477699,0.03378787003202888,2.913200660259463e-06,0.00298311747610569,0.0,0.8855722308158874,0.11024658596809989,0.9095964342355728,0.11321212097041045,0.9741198813915254,0.12116674147833617
0,14024704,0.7887510983273387,6.708933183923364,0.02581541550671318,1.0317671694792807e-07,0.00010565295815467834,0.0,0.8472538411617279,0.105512540306133,0.8616464495658874,0.10729124786745059,0.8681522619724273,0.10809504272252335
0,14155776,0.8076647352427244,7.062166132032871,0.03941424641379854,3.4415879781590775e-06,0.0035241860896348953,0.0,0.8548588752746582,0.1064524917499805,0.8678687691688537,0.10806002004825,0.89503309071064,0.1114146668401712
0,14286848,0.8015731326304376,6.804228190332651,0.03497932104937718,3.4733620850602165e-06,0.0035567227751016617,0.0,0.8461199760437011,0.10537238297164575,0.855661255121231,0.10655165158735613,0.8804662972688675,0.10961605738106117
0,14417920,0.8053107960149646,6.916866865009069,0.01705028878950543,6.492917236755602e-06,0.0066487472504377365,0.0,0.862354439496994,0.10737872703252149,0.8782354593276978,0.10934054485334044,0.9010634016990662,0.11215903610513456
0,14548992,0.8260875358246267,7.083559889346361,0.019712804376013082,0.0,0.0,0.0,0.8835588812828064,0.1099979692429145,0.8941001057624817,0.11129948989497773,0.9025731480121613,0.11234537643798492
0,14680064,0.8436827203258872,6.933326914906502,0.039787549036191194,8.264248208433855e-06,0.00845857709646225,0.0,0.8820854425430298,0.10981601421000775,0.8882014274597168,0.11057122926546414,0.903391399383545,0.11244636575531941
0,14811136,0.8835570006631315,7.11628770455718,0.012188469439479377,1.1353722584317438e-05,0.011626211926341057,0.0,0.9186475992202758,0.11432887199495134,0.9290538877248764,0.1156124637486644,0.938404935002327,0.11676556476150357
0,14942208,1.016283942386508,7.516528267413378,0.04510317210042558,6.492951214909226e-06,0.006642023101449013,0.0,1.070665454864502,0.13303982241223422,1.08528174161911,0.1348340823386962,1.0967303562164308,0.13623886983400424
0,15073280,1.0074492222629488,7.715876191854477,0.041548030694229965,7.1714451905791066e-06,0.007341055199503899,0.0,1.0474542498588562,0.1301886828559864,1.0605464160442353,0.131797121961855,1.095533858537674,0.1360920806628625
0,15204352,1.0177521440200508,7.559369999915361,0.03312021189549341,3.64162650612343e-06,0.003727095201611519,0.0,1.061786913871765,0.13194948756966784,1.068185520172119,0.13273530475650697,1.1003921616077423,0.13668807160450513
0,15335424,1.0166147560812533,7.690661553293467,0.018946249592318054,1.6168008713179916e-05,0.01654759794473648,0.0,1.054310131072998,0.13103104869781435,1.0629778027534484,0.1320957540345511,1.0903703546524048,0.13545854130777357
0,15466496,0.9777196203358471,7.177657809108496,0.035041507971300234,3.311024102004012e-06,0.0033875051885843277,0.0,1.0111730098724365,0.12572779137978518,1.017693954706192,0.12652994213842228,1.0303981602191925,0.1280922285843129
0,15597568,0.9661577823571861,7.5687105767428875,0.020278199883705383,1.181900302071881e-05,0.012094192206859589,0.0,0.9992320239543915,0.1242584881038531,1.0079367578029632,0.12532963426494126,1.0338349747657776,0.12851475838242932
0,15728640,0.9519819216802716,7.345618657767773,0.017596771239823283,1.1541783408119954e-05,0.011810574680566788,0.0,0.9845121681690217,0.12244650353326847,0.998246482014656,0.12413719562240177,1.0114606928825378,0.12576318315317914
0,15859712,0.9267201139591634,7.303090937435627,0.042939573773765005,6.763794146991131e-06,0.00692417286336422,0.0,0.9631768822669983,0.11981872629723322,0.9724809229373932,0.12096487443469406,1.0109315425157548,0.12569808497120327
0,15990784,0.8968537552282214,7.213355842977762,0.025595650791274238,6.1200141772133065e-06,0.006264107301831245,0.0,0.9543963074684143,0.11873676991424231,0.9793634444475173,0.1218125126396632,1.0201681435108185,0.12683425240430468
0,16121856,0.8711009016260505,6.785560753196478,0.02929705186670617,1.4180659491103142e-07,0.00014520995318889618,0.0,0.9122969090938569,0.11354534108776826,0.9199413746595383,0.11448847709039378,0.9745288288593292,0.12121710911068995
0,16252928,0.8951509338803589,7.227480512112379,0.04665268407916301,2.407706062967918e-06,0.002137422561645508,0.0,0.9443615794181823,0.11749992957307986,0.954708793759346,0.11877527982658975,0.970996322631836,0.12078201072056638
0,16384000,0.8838711190037429,7.084331527352333,0.04029287281582583,0.0,0.0,0.0,0.9255395293235779,0.11517901868310498,0.933941662311554,0.11621522652316418,0.9414906173944474,0.11714599905752854
0,16515072,0.8965460774488747,7.355057273060083,0.03737327804446977,9.774603313417174e-06,0.010009193792939186,0.0,0.9332661986351013,0.1161319330962658,0.9480319768190384,0.11795237053041241,0.9615222507715225,0.11961486165628932
0,16646144,0.9084973549470305,7.21383198723197,0.026787336802726713,0.0,0.0,0.0,0.9372832715511322,0.11662726618943475,0.9562356740236282,0.1189634430210611,0.9689962440729142,0.12053564068305844
0,16777216,0.9025594843551517,7.418201453983784,0.016457495592021587,3.860026311031106e-06,0.003952013328671455,0.0,0.9414216339588165,0.11713749445354105,0.9496625781059265,0.1181533550855931,0.9776035648584366,0.1215957860869954
0,16908288,0.9295669393613935,7.1396115235984325,0.034306021028896794,4.768679101374573e-06,0.004883084446191788,0.0,0.961285263299942,0.11958566196253817,0.9704258978366851,0.12071174720675804,0.9834834200143814,0.12231983604159158
0,17039360,1.0201772842556238,7.468618310987949,0.04534592857817188,8.100279842437885e-06,0.008286267518997192,0.0,1.0798298239707946,0.13416492088775067,1.09587322473526,0.13613371551969577,1.156215695142746,0.14352900410046043
0,17170432,0.9931578617542982,7.756217755377293,0.03986540804339711,1.8228328940494976e-05,0.018660100176930428,0.0,1.0358708500862122,0.12876503153132401,1.0506324350833893,0.1305792023709813,1.0754815077781679,0.1336311263241099
0,17301504,0.9834471261128783,7.53727438300848,0.0424076323463396,5.381244136515306e-06,0.0055077336728572845,0.0,1.0277419567108155,0.12776563701476928,1.0415680170059205,0.12946530537610879,1.0524422609806061,0.1308015666341391
0,17432576,0.971021197270602,7.412174124270678,0.04763535524125473,6.696769560221583e-06,0.006850967183709145,0.0,1.0082895755767822,0.12537304351029643,1.0164460003376006,0.1263764422553979,1.0239394009113312,0.12729804832130043
0,17563648,0.974427911452949,7.663733024150133,0.04777856103464728,5.310741755693016e-06,0.0054311975836753845,0.0,1.0131307005882264,0.12596862703565814,1.023331445455551,0.12722328464025967,1.0404730868339538,0.12933073077275403
0,17694720,0.9484930760227144,7.605257499963045,0.04909948357089888,1.911189428938087e-05,0.01957057975232601,0.0,0.9857452869415283,0.12259832947182514,0.9963127642869949,0.12389919860403942,1.0041253340244294,0.12486066182609012
0,17825792,0.958820634521544,7.383470319211483,0.02989480660880872,5.5221287311724154e-06,0.005651840940117836,0.0,0.9944196522235871,0.12366618541677177,1.0040368735790253,0.12484977664472341,1.0305473721027376,0.12811057399945747
0,17956864,0.9442466432228684,7.156674966216087,0.04664562136531458,4.295507721963077e-06,0.004394272342324257,0.0,0.9806232511997223,0.12196764883453826,0.9885193139314651,0.12293985648838679,1.0046981364488603,0.12493114523693594
0,18087936,0.9486095192842185,7.146292198449373,0.01700117143400348,4.2129465782636544e-07,0.00043098442256450653,0.0,0.9979920268058777,0.12410587874338708,1.0176432490348815,0.1265237053981303,1.0457592141628267,0.12998038881618945
0,18219008,0.9260741835460067,7.15365144982934,0.019681130699154892,5.118507033330388e-06,0.005241351202130318,0.0,0.9698190331459046,0.1206369937889391,0.978072264790535,0.12165350691982146,1.002057369351387,0.12460618802819434
0,18350080,0.9021592340432107,7.225788325071335,0.03903969119664907,2.734839654294774e-06,0.0028004758059978485,0.0,0.9330097258090972,0.11610030624440837,0.9455007791519165,0.11764036118196408,0.9657430613040924,0.12013488133736949
0,18481152,0.8977036369033158,7.171199358999729,0.011909368849501334,3.7940460515528684e-06,0.0038828179240226746,0.0,0.9364216327667236,0.11652102499990735,0.9511833041906357,0.11834078792626102,0.9654266077280045,0.12009589535277909
0,18612224,0.8897706507705152,6.929845936596394,0.027838213867198647,8.123188017350458e-06,0.008315298706293106,0.0,0.9208220481872559,0.11459711697089592,0.9297640740871429,0.11570004957947,0.9467864155769348,0.1177988387064326
0,18743296,0.8924928591586649,7.228597097098827,0.027332048034622858,3.654464308056049e-06,0.0037421714514493942,0.0,0.9313985407352448,0.11590161816912836,0.9360658705234527,0.11647715827185734,0.9466776823997498,0.1177854356432202
0,18874368,0.8948590867221355,7.185333456844091,0.026054242363898084,5.577379283749906e-06,0.005710765719413757,0.0,0.9333585441112519,0.11614332058690757,0.9426002502441406,0.1172827974779529,0.9565525668859481,0.1190024938494223
0,19005440,0.9102929690852761,7.124667834490538,0.012000971711586317,0.0,0.0,0.0,0.9449584126472473,0.11757350307927106,0.951289165019989,0.11835383519294296,0.9753456318378448,0.12131770801685282
0,19136512,1.0767454328015447,7.318104136735201,0.011860815593081497,5.464372978991605e-06,0.005595488473773003,0.0,1.153142762184143,0.14315277978042817,1.1709007740020752,0.14532634826494806,1.2582314383983613,0.15599478261446742
0,19267584,1.075464155524969,7.23281716555357,0.029171832212114168,2.219214366050437e-06,0.0022724755108356476,0.0,1.1311240673065186,0.14045578996845043,1.1400537371635437,0.14154980635362358,1.1760433578491212,0.1459555361219469
0,19398656,1.0803932137787342,7.275929283350706,0.038079576231439205,2.9314960841020365e-06,0.0030014924705028534,0.0,1.1326382637023926,0.1406413256073744,1.144730234146118,0.14212260852494984,1.1972773241996766,0.14855222640787558
0,19529728,1.0409943698905408,7.3531480468809605,0.022763532774661144,1.102157489185629e-05,0.011282652616500854,0.0,1.0755245327949523,0.1336364084087016,1.088695377111435,0.13525300506268945,1.0978883600234985,0.1363809307894872
0,19660800,1.0070294896140695,7.530031569302082,0.0052696657199931,7.62939453125e-06,0.0078125,0.0,1.0363389372825622,0.12882257186121415,1.0609855890274047,0.13185106461364549,1.080265234708786,0.134218367153216
0,19791872,0.9798790090717375,7.218032341450453,0.024625038471413063,6.5943258960032836e-06,0.006741723045706749,0.0,1.0146910905838014,0.1261605760143949,1.0246559143066407,0.12738616012196946,1.0687468349933624,0.13280423226515503
0,19922944,0.9332570573315024,7.232865463942289,0.0260452126740347,7.015059736659168e-06,0.0071795061230659485,0.0,0.9743834674358368,0.12119920587842303,0.9852982133626937,0.12254328485646782,1.0086752545833588,0.1254204953171587
0,20054016,0.9201648044399917,7.192242048680782,0.015568723332762602,4.612813825133344e-06,0.004718296229839325,0.0,0.954000449180603,0.11868798496375277,0.9655690312385559,0.12011344148186631,0.9928301054239274,0.12347052594377206
0,20185088,0.8904758119024336,7.246807470917702,0.012911916195207596,0.0,0.0,0.0,0.9551169574260712,0.11882558020552847,0.9698698282241821,0.12064325076452942,0.9977773225307465,0.12407945398761644
0,20316160,0.8607750623486936,7.138263590633869,0.003655433916947004,0.0,0.0,0.0,0.9072583496570588,0.11292359675896058,0.91857650578022,0.11432010146463667,0.9303207439184189,0.11576870127287542
0,20447232,0.8693292178213596,7.216611322015524,0.019168870611110833,3.2078382901090663e-06,0.003283292055130005,0.0,0.9170390546321869,0.11413042754137659,0.9301730543375015,0.11575048746054639,0.9398844665288926,0.11694798073295098
0,20578304,0.8541338993236423,7.073430620133877,0.02560389274572117,3.5347193261259235e-06,0.003616293892264366,0.0,0.8951854765415191,0.11143347857909802,0.9065989732742309,0.11284222497834984,0.9244963085651398,0.11505034410411397
0,20709376,0.8651711028069258,7.1009732484817505,0.03613947696135256,6.489044608315453e-07,0.0006644781678915024,0.0,0.8993640422821045,0.11194928335205345,0.9088273853063583,0.11311722093274379,0.9311053305864334,0.11586545909021662
0,20840448,0.888739466201514,7.3844777792692184,0.02507715580122749,3.4111108107026666e-06,0.0034929774701595306,0.0,0.9261399805545807,0.1152530787328565,0.9362278968095779,0.11649713673561224,0.9533572787046433,0.11860872042784987
0,20971520,0.9248341950587928,7.3899716809391975,0.043691859641512565,8.501419870299287e-06,0.00870545394718647,0.0,0.9624836266040802,0.11973331254569075,0.9689302861690521,0.12052751572348597,0.980745752453804,0.12198273367039802
0,21102592,0.9547353326343,7.615125045180321,0.04711235497961752,1.2239239907785304e-05,0.012532323598861694,0.0,0.9895111739635467,0.12306196323317975,0.9979040205478669,0.12409504738335753,1.0128130888938904,0.12592955536505124
0,21233664,1.092340703587979,7.58921978995204,0.0047337233661437494,3.156549382765661e-06,0.0032311715185642242,0.0,1.1734201073646546,0.14563459985717286,1.185676646232605,0.1471338372441564,1.2627855122089386,0.15655013989836442
0,21364736,1.0601143166422844,7.587217021733522,0.02679267861299195,1.6851869872880343e-05,0.01724732108414173,0.0,1.0963540196418762,0.1361927006156125,1.1091670632362365,0.1377642791470448,1.137475084066391,0.14123391866348367
0,21495808,1.0436451509594917,7.204823467880487,0.023700313879089663,8.994341897050617e-06,0.009204495698213577,0.0,1.1148667812347413,0.13846315331650416,1.1241985738277436,0.13960707841900843,1.1603935515880586,0.14404043949412237
0,21626880,1.0175703866407275,7.513896811753511,0.010952965001706616,5.364903699955903e-06,0.005493661388754845,0.0,1.0579534411430358,0.1314786166571169,1.0659657180309297,0.13246270819862715,1.0913768005371094,0.135582036526664
0,21757952,1.0104936580173671,7.556508686393499,0.026725955325446193,6.111876018621842e-06,0.006256451830267906,0.0,1.0532836198806763,0.13090493571786332,1.0653828978538513,0.13239113328314422,1.07836656332016,0.13398530127839914
0,21889024,1.0037299203686416,7.565582484006882,0.028688366212008987,8.60923933032609e-06,0.00881362333893776,0.0,1.0363926410675048,0.12882917342512212,1.0500463545322418,0.13050719076550288,1.0693192672729492,0.13287452363608088
0,22020096,0.99431355856359,7.462554510682821,0.021018360859670793,2.5912602268363116e-06,0.002652345225214958,0.0,1.036998462677002,0.12890364355032213,1.0464513659477235,0.1300654451030392,1.0601164984703064,0.13174431537554976
0,22151168,0.9667094997130334,7.35113662853837,0.03031357760391984,7.197850209195167e-07,0.0007370598614215851,0.0,1.0060772061347962,0.1251008347626097,1.0214028418064116,0.12698610390475773,1.032554726600647,0.1283573672054077
0,22282240,0.9334292216226459,7.264384098351002,0.01748721849139656,3.1543095246888697e-06,0.0032300129532814026,0.0,0.9805273652076721,0.1219558413695605,1.0040584564208983,0.12485243244633426,1.0334516525268556,0.12846763418324625
0,22413312,0.9164915946312249,7.007748980075121,0.004894049654240007,0.0,0.0,0.0,0.9536626040935516,0.11864634901532245,0.9600322812795639,0.11943127613941384,0.9887248343229295,0.12296515817265208
0,22544384,0.91343999421224,7.2571594677865505,0.026202039404779498,2.1779362668894464e-06,0.002228938043117523,0.0,0.950239074230194,0.11822441049475851,0.9615353852510452,0.11961647997536295,0.9858380430936813,0.12260974970492677
0,22675456,0.8952928711660206,7.09289475902915,0.006914866999977676,5.042302291258238e-06,0.005163317546248436,0.0,0.9290989458560943,0.11561802072921346,0.9385517060756683,0.11678366096868498,0.9483663392066956,0.11799358413764005
0,22806528,0.8985188319347799,7.063616178929806,0.026769010266662008,5.2007635531481355e-06,0.005325581878423691,0.0,0.9447649180889129,0.11754965053884958,0.953486093878746,0.11862459577234863,0.9581356805562973,0.11919757603507741
0,22937600,0.9108538781292737,7.3457054533064365,0.01972648015271261,5.280951882014051e-06,0.005407694727182388,0.0,0.9489641547203064,0.1180672700422365,0.9574473470449447,0.11911275596211857,0.9703236782550811,0.1206991559239925
0,23068672,0.9266991750337183,7.197776902467012,0.005363537375615124,1.610677742291955e-07,0.00016461126506328583,0.0,0.9610795438289642,0.1195603146930655,0.9721931785345077,0.12092943253267285,0.988237172961235,0.1229051217586945
0,23199744,0.9439825499430299,7.20696821808815,0.029551609487043606,1.0234482942905743e-05,0.01047329232096672,0.0,0.9727462470531464,0.12099755452362482,0.9806938588619232,0.12197634348705799,1.003710973262787,0.1248096738962925
0,23330816,1.0272495415993035,7.462891582399607,0.009019567713153265,1.583944822414196e-06,0.0016207080334424973,0.0,1.0971569299697876,0.13629120146695084,1.1159557044506072,0.13859665659094267,1.1543598318099977,0.143301792604122
0,23461888,1.0039002927951515,7.277336072176695,0.016701194300821953,8.940286662095787e-06,0.009154105558991432,0.0,1.0444382786750794,0.1298180580321242,1.0542986273765564,0.13102963542405877,1.0651586294174193,0.13236359098204242
0,23592960,0.9935867600142956,7.450981266796589,0.02690155011373463,8.951672185730786e-06,0.009160488843917847,0.0,1.0350491404533386,0.1286640195293165,1.0522237360477447,0.13077471826585674,1.0745671248435975,0.1335188677919421
0,23724032,0.9671163088642061,7.339473079890013,0.005741044048818367,3.992219490100979e-06,0.00408475287258625,0.0,1.0027581453323364,0.12469242399182945,1.0119102478027344,0.12581848833596165,1.0220695793628694,0.1270681012992152
0,23855104,0.9604714075103402,7.255272906273603,0.040496386336599244,1.1346091923769563e-06,0.0011618398129940033,0.0,0.9883152544498444,0.12291473449909929,1.0022411465644836,0.12462880343333671,1.0240560626983644,0.12731239470803124
0,23986176,0.9452412026003003,7.246507041156292,0.04451024974514439,4.423918653628789e-06,0.004526382312178612,0.0,0.9772752702236176,0.1215553558074074,0.9862565994262695,0.12266128238832286,1.0018332654237747,0.12457860989035119
0,24117248,0.9506168030202389,7.4172858744859695,0.031936109846355976,1.8230102796223946e-05,0.014166872948408127,0.0,0.9959666132926941,0.12385659372235769,1.0121378779411316,0.12584649157155692,1.023788948059082,0.12727954642764505
0,24248320,0.9385071932338178,7.42353305593133,0.03444088919286514,1.6556699620196014e-06,0.0016940291970968246,0.0,0.9706456303596497,0.12073881345810689,0.9759062230587006,0.12138674998566978,0.9840151834487916,0.1223853113984179
0,24379392,0.9482418149709702,7.23661158233881,0.04170161900765379,9.805296031117905e-06,0.008132215589284897,0.0,1.010770845413208,0.12567831516041994,1.0242440044879912,0.12733550658206494,1.051585795879364,0.130696338686352
0,24510464,0.9299630080349743,7.2079349383711815,0.033798105659570865,1.985768903978169e-06,0.002033427357673645,0.0,0.9707188606262207,0.12074783378887721,0.9765968531370163,0.12147180582183847,0.9873703879117965,0.12279840887788729
0,24641536,0.9277629349380732,7.122778125107288,0.03503038868211661,2.2703611648466904e-06,0.0023227911442518234,0.0,0.9676671624183655,0.12037191595107388,0.9734615594148636,0.1210856585572968,0.990623084306717,0.12319884480335896
0,24772608,0.9122793795540929,7.154659308493137,0.019230814825959897,4.1532933465759925e-06,0.004252839833498001,0.0,0.945815235376358,0.1176791240507884,0.9563630640506744,0.11897914138695498,0.9765964740514755,0.12147175913534047
0,24903680,0.8856920716352761,7.133436746895313,0.01303860424911818,1.7473194020567462e-06,0.001789255067706108,0.0,0.9152700543403626,0.1139121773208911,0.9273871749639511,0.11540690441601442,0.9432061469554901,0.11735749212030222
0,25034752,0.8810288836248219,7.01144353300333,0.01059541976832179,0.0,0.0,0.0,0.9168410122394561,0.11410599462970739,0.9300792753696442,0.11573892213225401,0.9382625830173492,0.11674801333379392
0,25165824,0.8618589304387569,7.118547324091196,0.007216579022269798,6.257994755287655e-06,0.006408186629414558,0.0,0.8941735327243805,0.11130855455819177,0.909198734164238,0.11316304534978161,0.9251771366596222,0.11513432031390924
0,25296896,0.8479333696886897,6.878767058253288,0.005741655575548066,2.283741196151823e-06,0.0023385509848594666,0.0,0.8786145687103272,0.10938736673513172,0.8866718173027038,0.11038236163131998,0.9018370199203491,0.1122545208661192
0,25427968,0.903154294937849,7.186063937842846,0.004475774586808257,7.054011803120375e-06,0.007223308086395264,0.0,0.9548791289329529,0.1187962712933397,0.9752113431692123,0.1213011689569421,1.0309917855262758,0.12816521355661825
0,25559040,0.8770211725495756,6.827936615794897,0.01278994509129916,1.5192727005342022e-06,0.001555735245347023,0.0,0.9132498204708099,0.11366291773758741,0.9250235259532928,0.11511537346497924,0.9406506407260895,0.11704244159502064
0,25690112,0.8837339109741151,6.917448196560144,0.019974820775814806,5.03501360071823e-06,0.005155159160494804,0.0,0.9208919107913971,0.11460573510396443,0.9311171412467957,0.11586691560303675,0.9506847351789475,0.11827933912552502
0,25821184,0.8890435099601746,6.928953170776367,0.0298035154455647,2.199589289375581e-06,0.002252379432320595,0.0,0.9241838872432708,0.11501180818955015,0.9350221127271652,0.11634845666561744,0.961228244304657,0.11957863650880052
0,25952256,0.9072242984548211,7.208803195506334,0.022654420920076745,6.573201801529649e-06,0.006730351597070694,0.0,0.9509405553340912,0.11831086916008937,0.9652864545583725,0.12007862884931608,0.9840083354711533,0.12238446822239157
0,26083328,0.9135434017516673,7.2321731224656105,0.0032025809737206146,2.9712722380281775e-06,0.0030413102358579636,0.0,0.9510329902172089,0.11832226177318717,0.9599912881851196,0.1194262250893321,0.9735252106189728,0.12109349829560778
1,131072,0.9776366124860942,6.185201672837138,0.057131874166316265,0.0,0.0,0.0,1.2438334584236146,0.15423833961599565,1.2733691453933715,0.15784040317975978,1.4224370253086096,0.17595428968190108
1,262144,0.8354496695101261,7.0056932754814625,0.020164795815844627,8.184051694115624e-06,0.008380468934774399,0.0,0.8928952097892762,0.11115074112359324,0.9053321599960327,0.1126858868762306,0.9195010995864868,0.11443416373341941
1,393216,0.8925558091141284,6.900350630283356,0.005236202474179663,7.984144758665934e-07,0.0008175764232873917,0.0,1.0457989692687988,0.12998527424395534,1.054708570241928,0.13107999816742555,1.1297708320617676,0.14028996867391452
1,524288,0.8812085376121104,7.016951084136963,0.02459155159749571,5.175388650968671e-08,5.299597978591919e-05,0.0,0.9453624129295349,0.11762330473013582,0.9523758322000504,0.11848776373252212,0.9917528873682023,0.12333792425274948
1,655360,0.8929030392318964,6.9316965863108635,0.04175277015383472,1.400203473167494e-06,0.0014338083565235138,0.0,0.948108184337616,0.11796176392754898,0.9621962189674377,0.1196979014756645,0.993080872297287,0.12350139381675729
1,786432,0.9028237089514732,7.00495333224535,0.03341330644161644,3.0170317586453166e-06,0.0030871108174324036,0.0,0.9429807662963867,0.11732970746086435,0.9489173889160156,0.11806150580143582,0.9709009480476379,0.1207702627996865
1,917504,0.9239272195845842,7.444029774516821,0.025566596467797353,2.7677779144141823e-06,0.0028342045843601227,0.0,0.9690275251865387,0.12053949401065589,0.9768824994564056,0.12150698460596931,0.9976246321201324,0.12406066148896455
1,1048576,0.9469571108929813,7.048216819763184,0.02207153397239381,0.0,0.0,0.0,0.9836900532245636,0.12234527865303835,0.9959491938352585,0.12385444969240211,1.0151565551757813,0.1262178325976706
1,1179648,0.9749992191791534,7.190539639443159,0.00901950411002872,1.5694513422204182e-06,0.0016071181744337082,0.0,1.0182586669921876,0.12659940043548268,1.021566480398178,0.12700622883278934,1.0423214423656464,0.12955790387147337
1,1310720,1.10741672758013,6.922029569745064,0.050148354781867965,5.512983989319764e-06,0.005645295605063438,0.0,1.1880964994430543,0.14742975748290799,1.2253796875476834,0.1519856964635431,1.3394408535957338,0.16588293915441898
1,1441792,1.0873368084430695,7.408311426639557,0.035044467416355474,1.3601602177004679e-05,0.013926280662417412,0.0,1.1401265382766723,0.1415587241477254,1.1535275876522064,0.14319989687445478,1.181631282567978,0.14663907695665546
1,1572864,1.09384905686602,7.518826544284821,0.012793254856205749,8.80837933436851e-06,0.009014163166284561,0.0,1.157118797302246,0.14363956452558102,1.1715145528316497,0.14540144942439848,1.2483681464195253,0.15479164245674926
1,1703936,1.1021238174289465,7.699893016368151,0.02542784151160049,9.474003112686091e-06,0.009701358154416084,0.0,1.1525749206542968,0.14308325345992445,1.1646625101566315,0.14456294774780898,1.1930401229858398,0.14803422374230246
1,1835008,1.0884466711431742,7.839274644851685,0.04853340532815764,1.3004212405576254e-05,0.013310138136148453,0.0,1.13594708442688,0.14104672354098602,1.145127421617508,0.1421712537750175,1.1931357705593109,0.14804591766410224
1,1966080,1.0869381306692958,7.837239157408476,0.03692087760919094,1.5986967113690298e-05,0.016361810266971588,0.0,1.1389456152915955,0.1414140637984076,1.1517320930957795,0.14298005534169111,1.1809029304981233,0.14654998947983744
1,2097152,1.0881287166848779,7.9014108665287495,0.03260349479069191,1.1816181086032884e-05,0.012090973556041718,0.0,1.1281896114349366,0.14009620077996754,1.146127414703369,0.14229372416795028,1.1625032198429108,0.14429866687945636
1,2228224,1.0818494847044349,7.897835228592157,0.026370055803454306,1.0306335582299653e-05,0.010548572987318039,0.0,1.1216638565063477,0.13929640027025858,1.1296018481254577,0.1402692613479375,1.1524125158786773,0.14306336841562994
1,2359296,1.0210000718943775,7.522460840642452,0.04639740960101335,5.771110622276865e-06,0.005909008905291557,0.0,1.0823041081428528,0.13446862658794,1.1027945697307586,0.13698274980246583,1.125387271642685,0.1397527666373619
1,2490368,1.0032441462390125,7.386129666119814,0.04148420027013344,5.389871148508973e-06,0.005519228056073189,0.0,1.0354791164398194,0.12871687641113727,1.044432657957077,0.12981736728286508,1.0602989375591279,0.13176672437984327
1,2621440,1.0131983552128077,7.436703808605671,0.04544375536579537,8.575334220495279e-06,0.00878019630908966,0.0,1.053879177570343,0.130978104023719,1.0642751932144165,0.13225509460979334,1.0752413403987884,0.133601641375366
1,2752512,1.0126806003972888,7.568700756877661,0.04736023193163419,5.475418687339584e-06,0.005600655451416969,0.0,1.0460731863975525,0.13001897208243984,1.0540041387081147,0.13099345616687108,1.0691898095607757,0.13285862709520924
1,2883584,1.0014936202205718,7.375047493726015,0.04905228804454964,2.7338410291122273e-06,0.002272101119160652,0.0,1.0326293587684632,0.12836654251405144,1.0439003229141235,0.12975194623775588,1.0627020490169525,0.13206188612659786
1,3014656,1.0068711717613041,7.3862515687942505,0.048582912917481735,4.582157998811454e-06,0.0046921297907829285,0.0,1.038723087310791,0.12911563365775658,1.045915526151657,0.12999959765655,1.0628628480434419,0.13208163540373596
1,3145728,0.9931456204503775,7.5434178449213505,0.0470219434464525,1.077157980944321e-05,0.011028999462723732,0.0,1.0344403743743897,0.1285891827588055,1.0401777088642121,0.12929442593085017,1.061791149377823,0.13195000779001553
1,3276800,0.9799399385228753,7.351249750703573,0.04132793180065164,1.259248165297322e-06,0.0012894701212644577,0.0,1.0268894672393798,0.12766081391503237,1.0386554837226867,0.1291073240763101,1.0419419610500336,0.12951126463154639
1,3407872,0.9492882541380823,7.406301233917475,0.01243819753472053,9.00705026651849e-06,0.009220430627465248,0.0,1.018795371055603,0.12666541263576137,1.0297763347625732,0.1280157749755877,1.0562111389636994,0.13126458757538995
1,3538944,0.9156873528845608,7.136041436344385,0.002504030744830743,2.298887920915149e-06,0.0023540612310171127,0.0,0.9528262078762054,0.11854326994900122,0.966408085823059,0.1202168088472475,0.9817970907688142,0.12211219342239099
1,3670016,0.9285991974174976,7.416034307330847,0.018551571152329416,1.970996834188554e-06,0.0020166784524917603,0.0,0.975108164548874,0.12128846138045679,0.9902414858341216,0.1231518687038351,1.0072012507915498,0.12523913896965966
1,3801088,0.9173879199661314,7.457152418792248,0.016726244314668293,3.3986434573307633e-06,0.0034802109003067017,0.0,0.9557107746601105,0.1188987586625303,0.9644384354352951,0.11997415356493635,0.9910447329282761,0.12325075057347012
1,3932160,0.9264829009771347,7.307230867445469,0.03832312942813587,1.7200535467054578e-06,0.0017584320157766342,0.0,0.9618255376815796,0.11965222993273561,0.9758621364831924,0.12138132036064464,0.9892140662670136,0.12302538703799981
1,4063232,0.9217731673270464,7.357225563377142,0.014314206935068796,1.929613034690192e-06,0.001975642517209053,0.0,0.9551418542861938,0.11882864837044971,0.9616861075162888,0.11963505064796687,0.9870775479078293,0.1227623556985935
1,4194304,0.9361664410680532,7.614123333245516,0.02760187344347287,9.65556679943802e-06,0.009884094819426537,0.0,0.9794586360454559,0.12182423501236816,0.986837700009346,0.12273282643395511,1.0020444262027741,0.12460459525484824
1,4325376,0.9365855073556304,7.343177292495966,0.0352336088562879,1.4035853155291989e-06,0.0014363471418619156,0.0,0.9750765204429627,0.12128456405447174,0.9847841560840607,0.12247999213889971,1.00538733959198,0.12501595009954158
1,4456448,0.9605531822890043,7.3345588855445385,0.03596931772585776,1.2700314300673199e-05,0.012991620227694511,0.0,1.026939833164215,0.12766700704719014,1.0449186205863952,0.12987708842688872,1.07197069644928,0.1332000863493763
1,4587520,0.954520808532834,7.48641012609005,0.04299518389416335,7.537345709351939e-06,0.007354509085416794,0.0,1.0033987164497375,0.12477124962828867,1.0159593164920806,0.1263165779183102,1.0327472591400146,0.12838103718823635
1,4718592,0.9559993739239872,7.2787238992750645,0.04205895752966171,7.993335771061538e-08,8.169189095497131e-05,0.0,1.0033910393714904,0.12477030493285901,1.0135954916477203,0.12602580358099047,1.0523289108276368,0.1307876402533863
1,4849664,0.9587747920304537,7.499956615269184,0.03900470512689935,1.8160824311053148e-06,0.0018586274236440659,0.0,0.9958418488502503,0.12384123738031794,1.0067256152629853,0.12518061662640956,1.0313847386837007,0.12821352555023058
1,4980736,0.9527247664518654,7.335374504327774,0.007393944858904433,2.8067553330402006e-06,0.0028731077909469604,0.0,0.9850303769111634,0.122510307922445,0.991158789396286,0.12326479103192245,1.0028386449813842,0.12470232998244457
1,5111808,0.9436811301857233,7.283233791589737,0.022274855131854565,3.5018146888887713e-06,0.003582356497645378,0.0,0.9850075900554657,0.12250750231485386,0.9968623042106628,0.12396683601952807,1.0066760063171387,0.12517451267612145
1,5242880,0.9304248145781457,7.356639228761196,0.007549699881792549,6.863847374916077e-06,0.0070285797119140625,0.0,0.9618739664554596,0.11965819685788581,0.9675678431987762,0.1203596809148062,0.987575301527977,0.12282363675249419
1,5373952,0.9220443232916296,7.214476440101862,0.01640092784737135,4.660234480979852e-06,0.004772080108523369,0.0,0.9566703259944915,0.11901700525549064,0.9672857284545898,0.12032492727952904,1.0066401422023774,0.12517009990212147
1,5505024,0.8839245522394776,6.909194849431515,0.02978097761092613,1.4997858670540154e-06,0.0015357807278633118,0.0,0.9477095127105712,0.11791262312368733,0.9605142295360565,0.11949065994065644,0.9823544245958328,0.12218082073923164
1,5636096,0.8581078564748168,6.951659206300974,0.035027820402319776,0.0,0.0,0.0,0.8961205422878266,0.11154890890538516,0.9097306668758393,0.11322868496177141,0.920781284570694,0.1145920884319096
1,5767168,0.8542849658988416,7.121594596654177,0.010737860805875243,1.5233599697239697e-06,0.001559920608997345,0.0,0.9021377503871918,0.11229163832684064,0.915468642115593,0.11393667861452994,0.935150135755539,0.11636424288438962
1,5898240,0.8481793263927102,7.020311644300818,0.0032688937080820324,6.263857358135283e-06,0.00641418993473053,0.0,0.8838335692882537,0.11003188966520017,0.9025948941707611,0.11234806039839218,0.9112588560581207,0.11341725546501857
1,6029312,0.8563366578891873,7.040554616600275,0.01177942899221307,7.821928420526092e-06,0.008005326613783836,0.0,0.8984006941318512,0.11183037239302673,0.904440039396286,0.11257578644876598,0.9156387716531754,0.11395766868737223
1,6160384,0.8699080003425479,7.237426519393921,0.021584767518334047,2.835024133673869e-06,0.002903064712882042,0.0,0.9050934493541718,0.11265642684367161,0.9130733013153076,0.11364113785061325,0.9420151019096376,0.11721065942547249
1,6291456,0.8804322062060237,6.988433793187141,0.01890529669458374,9.02859028428793e-07,0.000924527645111084,0.0,0.917260867357254,0.1141577928856441,0.9251200139522552,0.11512727462139227,0.9619303500652314,0.1196651438900902
1,6422528,0.8965354063548148,7.183120209723711,0.007122637449811009,6.43934981781058e-06,0.006593894213438034,0.0,0.9328718304634094,0.11608330163343528,0.9374837070703507,0.1166519797686505,0.9483754390478134,0.11799470578107818
1,6553600,1.0117584862746298,7.4840869046747684,0.0334457445778753,1.0091551530422294e-05,0.010332485660910606,0.0,1.079891860485077,0.13417253586020372,1.0926640152931213,0.13573997714793773,1.133215845823288,0.14071209458324785
1,6684672,1.0037320661358535,7.625983878970146,0.03294946467781301,1.3339527640710003e-05,0.0136501993983984,0.0,1.0401755332946778,0.12929415853078674,1.0504257917404174,0.13055381230007446,1.0882924950122834,0.13520356572277126
1,6815744,0.9871812723577023,7.406618155539036,0.014148487568036217,1.3236694030638319e-05,0.013549474999308586,0.0,1.0439876437187194,0.1297626775612184,1.0521791934967042,0.1307692456639804,1.086487203836441,0.13498202266150394
1,6946816,0.9721478056162596,7.456556815654039,0.006511917865736905,5.693264824913058e-06,0.00582544133067131,0.0,1.0149499535560609,0.12619241873215592,1.0327141761779786,0.12837696997371606,1.0630217266082764,0.13210114870749168
1,7077888,0.971222223713994,7.447985641658306,0.030372341614565812,1.8901988028119376e-06,0.0019336733967065811,0.0,1.0175070762634277,0.12650695625156616,1.0264845490455627,0.12761102370244726,1.0412086689472198,0.1294211395029774
1,7208960,0.9820311754010618,7.399293772876263,0.026699150478634692,1.5267651178874075e-06,0.0015634074807167053,0.0,1.0174377679824829,0.12649843135840766,1.0311832964420318,0.12818875912134708,1.0559371173381806,0.13123092490836186
1,7340032,0.9619312342256308,7.24699329584837,0.03589716593705816,6.44536703475751e-06,0.004427913576364517,0.0,0.9995344042778015,0.12429570186896077,1.0137817680835723,0.12604871825121555,1.0396104955673218,0.12922470889627613
1,7471104,0.9573949747718871,7.444570865482092,0.04573154591525963,4.364191113381821e-06,0.004467422142624855,0.0,0.9939458787441253,0.12360786900131338,1.0063801407814026,0.1251381087926542,1.0315621376037598,0.12823533582709157
1,7602176,0.9929612651467323,7.362001266330481,0.01321392904219465,7.182601621025242e-06,0.007354984059929848,0.0,1.0521108150482177,0.13076084451255432,1.0694262206554412,0.13288765674427228,1.0968504989147185,0.13625360889460958
1,7733248,0.9416110110469162,7.219214361160994,0.007018229621053251,7.162594556575641e-06,0.006957385689020157,0.0,0.9815999925136566,0.12208792344354902,0.9875614196062088,0.12282192768912803,1.0035026288032531,0.12478403644007141
1,7864320,0.9414181299507618,7.171177547425032,0.021159172477837274,1.9587751012295485e-06,0.0020057857036590576,0.0,0.9862166762351989,0.12265636707092487,0.9947200089693069,0.12370315565663481,1.0107952988147735,0.1256813235541563
1,7995392,0.9366606548428535,7.587143283337355,0.024207986123201408,8.30672320262238e-06,0.008500911295413971,0.0,0.9673255443572998,0.12032983220716198,0.9831109046936035,0.12227396806867907,0.9962530612945557,0.12389185028585481
1,8126464,0.9241862446069717,7.203812822699547,0.019687886475367122,0.0,0.0,0.0,0.9550739884376526,0.11882028491627517,0.9652285665273667,0.12007149717429444,0.9713762599229813,0.12082880978385724
1,8257536,0.9150636829435825,7.164667349308729,0.004837873169208251,8.61564026877204e-06,0.008822046220302582,0.0,0.9500421226024628,0.11820013557003284,0.9619345873594284,0.11966566596720929,0.972433397769928,0.12095902071106113
1,8388608,0.9040850857272744,7.1757164523005486,0.020361008970212424,6.024358128797758e-06,0.006166275590658188,0.0,0.9366935193538666,0.11655454925993203,0.9445202142000199,0.11751948510663968,0.9555555611848832,0.11887963121396505
1,8519680,0.9147816640324891,7.3639159724116325,0.018650325249836897,7.150535566324834e-06,0.007318124175071716,0.0,0.9498963594436646,0.11818216969858586,0.9621539235115051,0.11969269028935647,0.974448829293251,0.12120725608806548
1,8650752,0.9611092070117593,7.17988227494061,0.005859901026155967,8.617971616331488e-07,0.0008824802935123444,0.0,1.005213236808777,0.12499452732464333,1.0297284066677093,0.12800988214014408,1.0558989393711091,0.1312262348450386
1,8781824,0.9371433216147125,7.355921518057585,0.017659648388189453,1.0560046348473406e-05,0.01061922311782837,0.0,0.9767712354660034,0.12149328192097486,0.9957420706748962,0.12382895637232516,1.0123466622829438,0.12587217620635904
1,8912896,0.935336425434798,7.053834654390812,0.03986758435257798,9.94822414668306e-07,0.0010185278952121735,0.0,0.9726824104785919,0.1209896917684028,0.9845798760652542,0.1224548401173593,1.0020286440849304,0.12460265311938756
1,9043968,0.9465057207271457,7.46360157430172,0.017554925334479776,5.7592018833929615e-06,0.005897136405110359,0.0,0.9841057181358337,0.12239645871342963,0.9929823130369186,0.12348926180130415,1.0082459938526154,0.12536768142048516
1,9175040,0.9474440864287317,7.258608378469944,0.015135380406604781,4.615906163962791e-06,0.004723213613033295,0.0,0.9875293135643005,0.12281797497280311,0.9953094691038131,0.12377570998744569,1.007059199810028,0.1252216610640029
1,9306112,0.9621191113255918,7.207522209733725,0.02057869782288435,3.646650839073118e-06,0.003726877272129059,0.0,0.9966623783111572,0.12394222925792842,1.0117531418800354,0.12579916092695065,1.0193883776664734,0.12673834849302468
1,9437184,0.9555417164228857,7.286563329398632,0.037166796777000854,3.7706777220591903e-06,0.003861173987388611,0.0,0.9908370733261108,0.1232251873544945,0.9995003938674927,0.12429151624560575,1.017687908411026,0.12652919845147226
1,9568256,0.9582260185852647,7.527286894619465,0.027884669918421423,5.891751186481997e-06,0.006031159311532974,0.0,0.9866535127162933,0.12271014976788064,0.9991000086069106,0.12424224094456116,1.0089885115623474,0.12545903629692634
1,9699328,1.0191778829321265,7.678961403667927,0.03598729399266176,1.3891653239284096e-05,0.014212507754564285,0.0,1.0806119203567506,0.13426092193755435,1.0973270535469055,0.13631207184171745,1.1350788211822511,0.14094034818037526
1,9830400,1.0129695273935795,7.5664670541882515,0.05018764836131595,9.134380093200889e-06,0.009343624114990234,0.0,1.0627647995948792,0.13206959314191424,1.0716316103935242,0.13315845237662294,1.0933575665950774,0.1358250726941399
1,9961472,0.9936287105083466,7.522122085094452,0.029187020119024965,6.234708024521751e-06,0.006380325183272362,0.0,1.0379023790359496,0.12901475402527085,1.0583452820777892,0.13152674976296064,1.082591918706894,0.1345039522204885
1,10092544,0.9599745492450893,7.367780394852161,0.017428026932748253,4.837345432662232e-06,0.004952609539031982,0.0,0.9961320459842682,0.12387695553003808,1.0006088256835937,0.1244279274379696,1.0161938631534577,0.12634542834439455
1,10223616,0.9367400459013879,7.2873330526053905,0.02606878283995684,4.172644253230828e-06,0.0042706504464149475,0.0,0.9693333745002747,0.12057716951122366,0.9744738072156907,0.1212103324577527,0.9892810618877411,0.12303363473269413
1,10354688,0.9249135800637305,7.15437999740243,0.0267402922254405,1.30353873828426e-06,0.0013348236680030823,0.0,0.9575414180755615,0.11912434799151606,0.964681738615036,0.12000412859593457,1.006072850227356,0.1251002987955061
1,10485760,0.9176132874563336,7.131074767559767,0.009004052060390677,2.6603106562106404e-06,0.0027214977890253067,0.0,0.9478767037391662,0.11793323138628464,0.9581885635852814,0.11920409248789565,0.964848724603653,0.1200247011975144
1,10616832,0.9077284731902182,7.192947518080473,0.004848824265309304,1.8801547412294894e-06,0.0019252784550189972,0.0,0.940282154083252,0.11699701150401642,0.9429248064756394,0.11732280877229129,0.9495858430862427,0.11814389710208872
2,131072,1.0300240307115018,6.6114072650671005,0.06330810605413717,1.5744681149953976e-06,0.0016122553497552872,0.0,1.2659290075302123,0.15693342313956937,1.3041996717453004,0.16159590355874953,1.4311029601097112,0.1770037940124931
2,262144,0.896313966717571,7.17504957318306,0.01164038028377945,9.308731023338623e-06,0.00953214056789875,0.0,0.9577001631259918,0.11914390949043452,0.9690339148044586,0.12054028110786064,0.982805661559105,0.12223638295987027
2,393216,0.9377475287765265,7.057276543229818,0.01920225713229229,4.498206180869602e-06,0.004606163129210472,0.0,1.0626193642616273,0.13205173077461985,1.0884177029132842,0.1352189305777629,1.1069691312313081,0.13749474176934684
2,524288,0.940931704826653,7.315444011241198,0.025519533101487468,7.907650910965458e-06,0.008096002042293549,0.0,0.9985477566719055,0.1241742744492591,1.010176557302475,0.12560520181459478,1.0243826305866242,0.1273525538405922
2,655360,0.9700183114036918,7.591058079153299,0.0433163452644294,7.162210806654912e-06,0.007333679124712944,0.0,1.03370658159256,0.12849897427162116,1.0501300752162934,0.13051747759429566,1.10828924536705,0.13765663279938867
2,786432,0.9940260825678706,7.522434011101723,0.04667732786037959,7.104353585418721e-06,0.007273565977811813,0.0,1.037106168270111,0.1289168830199563,1.0667013943195343,0.13255305307797927,1.086178296804428,0.13494411262634975
2,917504,1.0134263569489121,7.5790902599692345,0.043448289411117,4.8903021934165736e-06,0.005006102845072746,0.0,1.045868730545044,0.12999384705645745,1.068611890077591,0.13278766161589362,1.0892734968662263,0.13532394736830988
2,1048576,1.0235680011101067,7.518772851675749,0.05346194320736686,6.217196187208174e-06,0.006360191851854324,0.0,1.0535576581954955,0.13093860336266183,1.0587995231151581,0.1315825472201737,1.0651085364818573,0.1323574390642801
2,1179648,1.0409520380198956,7.795166026800871,0.049633209499006625,9.50090094420375e-06,0.009722409769892693,0.0,1.0761178374290465,0.1337092463105254,1.081293946504593,0.13434463747260383,1.089195944070816,0.13531443078028094
2,1310720,1.0911662438884377,7.909647066146135,0.021578036756409347,1.690444349833342e-05,0.017303453758358955,0.0,1.1486384630203248,0.14260123615538456,1.1688342452049256,0.14507347824895378,1.1767399334907531,0.14604075209848233
2,1441792,1.059977344237268,7.577676966786385,0.014030460181402304,1.471580981160514e-05,0.015068989247083664,0.0,1.1158058881759643,0.1385782892371663,1.1239947557449341,0.139582097625089,1.1517416715621949,0.14298122817286396
2,1572864,1.027972234878689,7.568441603332758,0.034947356734164714,1.5342217864144914e-05,0.01570264995098114,0.0,1.075029456615448,0.13357562856017058,1.0981017768383026,0.1364071116084331,1.1265437304973602,0.13989449780391738
2,1703936,0.9742145976051688,7.583703618496656,0.024759233214126652,2.2023267490567378e-05,0.022538762539625168,0.0,1.0094652056694031,0.12551768472794556,1.0258691608905792,0.12753535210710454,1.0331220781803132,0.1284271170846345
2,1835008,0.9518586043268442,7.269202895462513,0.02610203719996207,4.819376044906676e-07,0.0004935041069984436,0.0,0.9930164217948914,0.12349346037573494,0.9999570846557617,0.12434772030362828,1.0113517940044403,0.12574978606871356
2,1966080,0.9317693370394409,7.293481200933456,0.0033643479587226466,1.4829347492195666e-06,0.0015185251832008362,0.0,0.9644644141197205,0.11997735415775201,0.9814173638820648,0.12206543507242129,0.9923062407970429,0.12340604063174099
2,2097152,0.9399626580998302,7.2537271454930305,0.02752657393057234,7.956703598210879e-07,0.0008142478764057159,0.0,0.9745843768119812,0.12122395057417501,0.9812528163194656,0.12204517304545481,0.9969260782003403,0.1239746852524286
2,2228224,0.9359168391674757,7.5357699654996395,0.008243245942139765,1.8556642316980287e-05,0.019002001732587814,0.0,0.9696919918060303,0.12062134470006836,0.9781838744878768,0.12166725163663927,0.9982557392120361,0.12413833494018389
2,2359296,1.0195390693843365,7.372585028409958,0.03972349107289119,1.2582069757627323e-05,0.012884039431810379,0.0,1.081741738319397,0.13439960079079127,1.0947881758213043,0.13600059551684618,1.1333032751083374,0.14072280684108818
2,2490368,1.0013321288861334,7.260944131761789,0.0240154184880339,8.727729436941445e-07,0.000893719494342804,0.0,1.0389052033424377,0.1291380185923543,1.0520714163780212,0.1307560038824327,1.0852397668361664,0.13482893087608372
2,2621440,0.9972787271253765,7.553104646503925,0.02133374186951187,7.4639046943048015e-06,0.007637258619070053,0.0,1.0442472219467163,0.12979457834667762,1.0557373762130737,0.13120638716894262,1.1081640267372133,0.13764127703900675
2,2752512,0.9716800563037395,7.491510238498449,0.030397362931125826,1.5219390206766548e-05,0.015563379973173141,0.0,1.013114094734192,0.1259665842412785,1.0200482785701752,0.12681951029103722,1.0276323211193086,0.1277521562544468
2,2883584,0.9399696076288819,7.09319569543004,0.013504861057072048,0.0,0.0,0.0,0.9697722911834716,0.12063123607071025,0.9820850700139999,0.12214765390087479,0.9999371987581254,0.12434527300101994
2,3014656,0.9359510662034154,7.26982519775629,0.02065710226452211,1.0024876246461645e-05,0.010265473276376724,0.0,0.9662952601909638,0.12020290944031964,0.9832451611757278,0.12229049918772583,1.0031523394584656,0.12474093183334944
2,3145728,0.9375677751377225,7.363607853651047,0.011205680664716056,0.0,0.0,0.0,0.9726248919963837,0.12098260720004128,0.984414193034172,0.12243444024276351,0.9991207343339921,0.12424479166898683
2,3276800,0.9380212100222707,7.580739866942167,0.03698595074729383,8.347033144673333e-06,0.00854080356657505,0.0,0.9751007258892059,0.12128754522655893,0.9838654965162277,0.12236688074408097,1.0032470226287842,0.12475258305011949
2,3407872,1.0234818919561803,7.579409074038267,0.04773386794113321,9.425591997569427e-06,0.009651806205511093,0.0,1.0945988416671752,0.13597736641721503,1.119484108686447,0.13902920849701483,1.1512438142299652,0.14292026771547262
2,3538944,0.9937604223378003,7.452813722193241,0.0490708728430036,4.454748818716325e-06,0.004558933898806572,0.0,1.0402380347251892,0.1293018405974493,1.052415132522583,0.13079823359317544,1.0683950078487396,0.13276102926511735
2,3670016,0.9851531777530909,7.332129016518593,0.03854494149345555,0.0,0.0,0.0,1.033331561088562,0.1284528704726211,1.0438448131084441,0.12974512432328944,1.0983734011650086,0.1364404327340949
2,3801088,0.9755159094929695,7.414958044886589,0.041146155274645935,1.0473631846252829e-06,0.0010724999010562897,0.0,1.0096957087516785,0.12554604357260968,1.016346925497055,0.12636425567185583,1.0203682494163513,0.126858863178261
2,3932160,0.9529699897393584,7.432711541652679,0.04828821898354363,1.398064887325745e-05,0.014309491962194443,0.0,0.9923441231250762,0.12341070380603258,1.0000501871109009,0.12435917814603137,1.01780122756958,0.12654313654647042
2,4063232,0.9255138104781508,7.327321507036686,0.026578480470789145,1.3756485714111477e-05,0.014086641371250153,0.0,0.9636178374290466,0.11987305401054016,0.9695856630802154,0.12060824696718564,0.9946423822641374,0.12369360079206793
2,4194304,0.9055669233202934,7.1239857748150826,0.0020212718687844244,0.0,0.0,0.0,0.9425325870513916,0.11727445591114005,0.947115832567215,0.11783944423614034,0.969129319190979,0.12055203336154863
2,4325376,0.8948073172941804,7.400083746761084,0.02033054134358281,3.751152235054178e-06,0.0038336776196956635,0.0,0.9328874588012696,0.11608522885059869,0.9441625624895096,0.11747539584455957,0.969999498128891,0.12065922355653891
2,4456448,0.8541922788135707,7.165788009762764,0.01151324655438657,1.3467001963363145e-05,0.013787265866994858,0.0,0.9038435101509095,0.11250216467505836,0.9377579182386399,0.11668578960710874,0.9517701971530914,0.11841312152256234
2,4587520,0.8343090214766562,6.903925601392984,0.021880436557921712,3.8009194440746796e-06,0.0038911253213882446,0.0,0.8672492861747741,0.1079834882441324,0.8768075227737426,0.10916418328003008,0.9016650778055191,0.1122332988825554
2,4718592,0.8236435153521597,6.708856578916311,0.02774050943162365,5.092315404908732e-06,0.005214530974626541,0.0,0.8641202926635742,0.10759690842545044,0.8824120819568634,0.10985635156502283,0.9093850934505463,0.11318604188823245
2,4849664,0.8251726189628243,6.940379843115807,0.023035760703805863,3.651211955002509e-06,0.0037388410419225693,0.0,0.8575049638748169,0.10677949307075418,0.8706115633249283,0.10839885331136134,0.8808096337318421,0.10965845856179945
2,4980736,0.8329020910896361,6.765634939074516,0.020942801616001816,4.558369255391881e-07,0.0004667770117521286,0.0,0.8659115910530091,0.10781822313457012,0.872378808259964,0.10861715798739624,0.9018763411045074,0.11225937407530018
2,5111808,0.8449547123163939,7.225719533860683,0.006801329428981262,5.097658004160621e-06,0.005218653008341789,0.0,0.8817285060882568,0.10977193499915594,0.8888279318809509,0.11064858419300427,0.9008232414722442,0.1121293936184149
2,5242880,0.8756352751515806,6.952767126262188,0.020327995493516937,0.0,0.0,0.0,0.9150991916656495,0.11389109657418706,0.9254691779613495,0.11517034141599858,0.9365776163339615,0.11654025817559166
2,5373952,0.9000899391248822,7.348529357463121,0.04121714267967036,4.051297395335496e-06,0.004148121923208237,0.0,0.9312246263027191,0.11588017083912239,0.9383908838033675,0.11676383230838039,0.9439133441448212,0.11744467335529407
2,5505024,1.0171034904196858,7.554578114300966,0.047937305529558216,4.854435246670619e-06,0.0049709416925907135,0.0,1.0612008571624756,0.1318775052401333,1.066346389055252,0.13250945685768567,1.1012834537029268,0.13679739987968587
2,5636096,0.9952145190909505,7.257075268775225,0.03230255042967656,2.22773780933494e-06,0.0022795014083385468,0.0,1.0325228452682496,0.12835344769491774,1.048830896615982,0.13035784329499567,1.0712037658691407,0.1331059197102027
2,5767168,0.9866005885414779,7.780376892536879,0.03656840547137108,2.0798499008378712e-05,0.02128605544567108,0.0,1.0259771943092346,0.12754863661251936,1.036687618494034,0.12886543346526058,1.0569556903839112,0.13135605177116627
2,5898240,0.9724310766905546,7.590227462351322,0.028042071780873812,5.71113469050033e-06,0.005844647064805031,0.0,1.0063874840736389,0.12513901233000202,1.0160873889923097,0.12633233151033418,1.0450041675567627,0.12988760140717526
2,6029312,0.9624286261387169,7.266255170106888,0.029835437654128327,2.444958226988092e-07,0.00025036372244358063,0.0,1.002162218093872,0.12461909060553444,1.0110121309757232,0.12570799935385035,1.0288091492652893,0.127896856232679
2,6160384,0.9597516250796616,7.294894486665726,0.04053960932469636,8.845415777614107e-06,0.009048860520124435,0.0,0.9939311146736145,0.1236060516894395,1.0054184436798095,0.12501977734298375,1.0351124799251556,0.12867180588675575
2,6291456,0.9437972498126328,7.226192809641361,0.032879267412681656,0.0,0.0,0.0,0.9792890131473542,0.12180334677089077,0.9873305350542069,0.12279350238757991,1.000857560634613,0.12445853781448957
2,6422528,0.9608518183231354,7.405997470021248,0.04498575154775608,5.007419531466439e-06,0.00512307696044445,0.0,0.9988826513290405,0.12421549058905512,1.0104750216007232,0.12564192108331906,1.0218817138671874,0.12704499720995477
2,6553600,1.0212649209424853,7.595914222300053,0.012477248383561346,4.866671588388272e-06,0.00498347170650959,0.0,1.057439136505127,0.13141543936749045,1.075839626789093,0.13367509155860846,1.0867419886589051,0.13501329035278697
2,6684672,0.9757400779053569,7.549404956400394,0.024539418378026312,2.1549241409957176e-05,0.022063888609409332,0.0,1.014705979824066,0.12616240754594066,1.023301112651825,0.1272195544079453,1.0387737226486207,0.12912185755315364
2,6815744,0.9505527024157345,7.131145264953375,0.033619339894357836,1.2568741567520192e-06,0.0012861359864473343,0.0,0.9817486941814423,0.12210623405210264,0.9974665254354477,0.12404120228411175,1.0102202606201172,0.12561057853902602
2,6946816,0.9283563829958439,7.2640694081783295,0.02560908642317372,9.144617024503532e-06,0.009357377886772156,0.0,0.9620315730571747,0.11967761555924894,0.9720139741897583,0.12090735951371134,0.9785994464159012,0.12171842884438999
2,7077888,0.9022277002222836,7.136600703001022,0.028389716663241416,7.748961706965929e-06,0.00792696326971054,0.0,0.9351161539554596,0.11636005267421123,0.9409720033407212,0.11708206144492905,0.9566154342889787,0.11901024097973001
2,7208960,0.8868177938275039,7.011839829385281,0.034996894656842414,5.598346433544066e-06,0.00572710856795311,0.0,0.923761397600174,0.11495969523930971,0.9272629410028458,0.11539158197360622,0.937202872633934,0.11661735301061338
2,7340032,0.869087116792798,7.189441777765751,0.011485914287959531,3.3639101388871495e-06,0.003443855792284012,0.0,0.906212967634201,0.11279458840798595,0.9140701562166214,0.11376413375953187,0.9308872896432877,0.11583856978204787
2,7471104,0.8719315114431083,7.140072159469128,0.0404361582823185,4.682195459793093e-06,0.0047942958772182465,0.0,0.9110204815864563,0.11338784184713901,0.9270370543003082,0.11536372201133682,0.9390750122070313,0.11684818160829935
2,7602176,0.9951257309876382,7.761401496827602,0.039054427656083135,3.4097085972462082e-06,0.0034894850105047226,0.0,1.0573097586631774,0.13139954639817386,1.0724363327026367,0.1332572577576312,1.1045130920410156,0.13719352803276497
2,7733248,0.9662925149314106,7.408305358141661,0.027123602968572413,9.063876859727316e-06,0.009043896570801735,0.0,0.9982315599918365,0.1241353591127512,1.014032679796219,0.12607958377383932,1.031985991001129,0.12828744590104701
2,7864320,0.963635875377804,7.626312840729952,0.027609911453055247,6.812916694798332e-06,0.006974857300519943,0.0,0.9971239328384399,0.12399903688615876,1.0059222161769867,0.12508176417501016,1.0168523287773132,0.12642642180530994
2,7995392,0.9506232407875359,7.190520700067282,0.018081567534864007,4.6598493099736515e-06,0.004767196252942085,0.0,0.9792317092418671,0.12179629004703707,0.9883290767669678,0.12291643618487713,0.995386632680893,0.12378520765087853
2,8126464,0.9441217808052897,7.460830591619015,0.005175335601961706,9.446579497307539e-06,0.00967329740524292,0.0,0.9791453957557679,0.12178566089771703,0.9895203918218612,0.12306309801561799,1.0078779768943786,0.12532240205747525
2,8257536,0.9414420891553164,7.405336745083332,0.02290257231106807,2.7625661687125103e-06,0.0028275009244680405,0.0,0.9759512960910797,0.12139230109347676,0.9806998699903489,0.12197708369867577,0.9903776681423188,0.12316863328308636
2,8388608,0.9518064549192786,7.199471037834883,0.03461607892495522,2.000371750909835e-06,0.002046380192041397,0.0,0.9835652351379395,0.122329909903244,0.9922814697027206,0.1234029913988175,1.0093446719646453,0.1255028553581894
2,8519680,0.9523122552782297,7.443291809409857,0.029816695354384137,1.3158054542827813e-05,0.013472992926836014,0.0,0.980919486284256,0.12200412720222253,0.9875631302595138,0.12282213829508692,1.0113230323791504,0.1257462477149316
2,8650752,1.008751287125051,7.474182855337858,0.04661485210090177,7.809421731508337e-06,0.007987065240740776,0.0,1.0652464747428894,0.13237437924946294,1.0774646639823913,0.1338745860582624,1.1175600671768189,0.13879334418005485
2,8781824,0.9655185947194695,7.224479041993618,0.025989502317543156,6.745183782186359e-06,0.006907068192958832,0.0,1.0038016319274903,0.12482082968469599,1.010328447818756,0.12562388854380724,1.025421417951584,0.12748029417904294
2,8912896,0.959061196539551,7.5353193283081055,0.036868359132313344,4.540250301943161e-06,0.0046492163091897964,0.0,0.9913561522960662,0.1232890864738716,1.0049324393272399,0.1249599758724389,1.0217135810852052,0.12702431977395245
2,9043968,0.9329988309182227,7.282040864229202,0.0126972067960196,2.7033745482185623e-06,0.0027658306062221527,0.0,0.9689043760299683,0.12052432400404633,0.980162861943245,0.12191095587960987,0.9907409286499024,0.1232133517404066
2,9175040,0.9165918952785432,7.188772741705179,0.00681099016310327,7.495735644624801e-06,0.007671952247619629,0.0,0.9539398193359375,0.11868051298679694,0.9642655283212661,0.11995285121919674,0.9881047618389129,0.1228888203550671
2,9306112,0.9148230128921568,7.197292041033506,0.005886055399059842,8.992224707071728e-07,0.0009199045598506927,0.0,0.9552314281463623,0.11883968698764713,0.9648892492055893,0.1200296937954044,0.9817612946033478,0.12210778562061253
2,9437184,0.9230034640058875,7.212155055254698,0.007405543824461347,6.952527712655865e-06,0.007118934765458107,0.0,0.9593745470046997,0.1193502312856507,0.9690164238214493,0.12053812650232554,0.9846432936191559,0.12246264843425037
2,9568256,0.9303198428824544,7.373435337096453,0.004986556177755119,5.126924861542648e-06,0.005246944725513458,0.0,0.9575591504573822,0.11912653308450172,0.9640947848558425,0.1199318153289417,0.9763266891241074,0.12143853348099509
2,9699328,1.0769370701164007,7.518403340131044,0.04267699115234791,5.325917300069705e-06,0.0054537393152713776,0.0,1.1206719279289246,0.13917481295788026,1.1342583119869232,0.14083982042111964,1.1577754640579223,0.14371995335184362
2,9830400,1.044378555379808,7.520009223371744,0.04874331346991312,8.276282727592843e-06,0.008467942476272583,0.0,1.077187144756317,0.13384051772328864,1.089930909872055,0.1354046182314883,1.1056195104122162,0.13732922461887553
2,9961472,1.0293517969548702,7.37696947529912,0.04133363879100216,7.728161108389031e-06,0.007907936349511147,0.0,1.065117609500885,0.13235855332329027,1.0811648786067962,0.1343287951359906,1.1046705090999602,0.1372128347487631
2,10092544,1.0130260358564556,7.58059111610055,0.04681114575214451,8.896416716197564e-06,0.009103463962674141,0.0,1.0426042437553407,0.1295926605244695,1.0506901025772095,0.13058628789050286,1.0774942564964294,0.13387821882459128
2,10223616,0.9788052150979638,7.277764331549406,0.046825122290556465,7.12046221451601e-06,0.00728512741625309,0.0,1.005405354499817,0.1250181667680501,1.0148551762104034,0.12618076020706415,1.038831443786621,0.1291289523946657
2,10354688,0.9527132557705045,7.519086476415396,0.034146492004765605,5.465661104153696e-06,0.005596069619059563,0.0,0.983202862739563,0.12228529095129814,0.9904409795999527,0.12317642714928834,1.0014308094978333,0.12452908334520507
2,10485760,0.9311875370331109,7.404039103537798,0.03016483638543832,9.878747505354113e-06,0.010113323107361794,0.0,0.9701126277446747,0.12067315885794883,0.9785426914691925,0.12171143957574992,0.9875749123096467,0.12282358883415401
2,10616832,0.9037216319702566,7.14677844569087,0.03237359294644193,2.8405351031324244e-06,0.002907644957304001,0.0,0.9348538637161254,0.1163277101860627,0.9432388931512833,0.11736152901706443,0.952127736210823,0.11845718700983121
2,10747904,0.9336012993007898,7.155255250632763,0.04321318009897368,9.046912964549847e-06,0.009264038875699043,0.0,1.0042744755744935,0.12487901383408495,1.0251026332378388,0.12744109347099175,1.0695234382152559,0.1328995943227882
2,10878976,0.9008236285299063,6.901462245732546,0.025680170202349473,7.669095793971792e-07,0.0007853154093027115,0.0,0.955989521741867,0.11893310932745838,0.9775842696428299,0.12159340984560907,1.0175636720657348,0.1265139175006511
2,11010048,0.8955280412919819,7.163296345621347,0.028504821881483622,1.3948128980700858e-06,0.00142747163772583,0.0,0.936125534772873,0.11648451511406899,0.9539885193109512,0.11868651473655323,0.9757388299703599,0.12136613410903618
2,11141120,0.8780386159196496,7.014887902885675,0.010819995542988181,2.3118103342767427e-07,0.00023649819195270538,0.0,0.9114853620529175,0.1134452044178682,0.9194203734397888,0.11442420509398876,0.9559605538845063,0.11892953956284957
2,11272192,0.8614671682007611,7.112935367971659,0.0199278657519244,3.568406100384891e-06,0.0036540478467941284,0.0,0.9056443274021149,0.11272441214059925,0.9147614240646362,0.11384942307931767,0.9268111872673035,0.11533586429355025
2,11403264,0.8681289390660822,7.073625274002552,0.03238359328497609,4.735196853289381e-06,0.004848841577768326,0.0,0.905293083190918,0.11268106429812885,0.9123327553272247,0.11354976409604411,0.9399716764688493,0.11695873286729497
2,11534336,0.8749171756207943,7.136793915182352,0.03907657705167367,9.9279266692065e-06,0.010157668963074684,0.0,0.9133427917957306,0.11367438899797255,0.919670307636261,0.1144550377129272,0.9293815386295319,0.11565287248773437
2,11665408,0.8805496478453279,7.124678570777178,0.038480119742871466,6.475402187788859e-06,0.006630811840295792,0.0,0.9074678182601928,0.11294944637180415,0.9145238697528839,0.11382011357947341,0.9334820604324341,0.11615855183160151
2,11796480,1.0000390531495214,7.425224229693413,0.03714692855055546,3.1488580134464428e-06,0.0032244306057691574,0.0,1.0603361248970031,0.13177129208627658,1.0827450156211853,0.13452274307087708,1.1474558258056642,0.14245640958417138
2,11927552,0.9925644979812205,7.232518393546343,0.03388499169705028,0.0,0.0,0.0,1.0301684260368347,0.1280639828814949,1.0370328664779662,0.12890787256576153,1.0582081067562104,0.13150989943915126
2,12058624,0.9551541665568948,7.353912565857172,0.02102964417667863,3.3288379199802876e-06,0.0034087300300598145,0.0,0.9959902465343475,0.1238595025584126,1.0115406513214111,0.12577301986405942,1.0528341352939605,0.130849712540144
2,12189696,0.9537441749125719,7.19656490534544,0.021209378534877033,9.407413074313808e-06,0.009632609784603119,0.0,0.9920402944087983,0.12337330346280506,1.004980170726776,0.12496584912730291,1.0175527930259705,0.12651257938637817
2,12320768,0.9276335551403463,7.071820750832558,0.023724695761302428,1.0538478818489239e-06,0.001079140231013298,0.0,0.956765204668045,0.11902869707806585,0.9719315528869629,0.12089720744861587,0.9890556424856186,0.12300588374067267
2,12451840,0.9080973630771041,7.241348806768656,0.038203498696816496,1.6369631339330226e-07,0.00016762502491474152,0.0,0.9476197183132171,0.1179015548651483,0.9616547048091888,0.11963118148934604,0.976411167383194,0.12144893752157615
2,12582912,0.9062183541245759,7.041721131652594,0.021718839604545792,2.0707851575707537e-06,0.002120422199368477,0.0,0.9397646009922027,0.11693320243754446,0.9488242655992508,0.1180500276212082,0.9716509658098221,0.12086264655475665
2,12713984,0.9071805574931204,7.182068947702646,0.013904838899918559,1.306200647377409e-05,0.013375494629144669,0.0,0.9431103289127349,0.1173456798084691,0.9574852734804153,0.11911742950209758,0.9674439239501953,0.12034441537406737
2,12845056,0.9437525477260351,7.0846132934093475,0.042144454478147964,0.0,0.0,0.0,0.9875977575778961,0.12282640141227907,0.9993994563817977,0.12427909395550607,1.0335671627521514,0.12848183463843865
2,12976128,0.9268063441850245,7.094085149466991,0.005895624573895475,1.0337826097384095e-06,0.0010585933923721313,0.0,0.9634570240974426,0.11985324114823293,0.9839969664812088,0.12238306838393687,1.0038347601890565,0.12482490619700326
2,13107200,0.9232841585762799,7.051553439348936,0.031072344970198174,0.0,0.0,0.0,0.9577202141284943,0.1191463802863324,0.9719809859991073,0.12090329626795682,0.9829371196031571,0.1222525696564829
2,13238272,0.9243158944882452,7.053454913198948,0.029968390742396878,2.905710061895661e-06,0.002975447103381157,0.0,0.9623145520687103,0.11971248115902444,0.9714936733245849,0.12084327215980362,0.9856777906417847,0.12259001923739099
2,13369344,0.9116313834674656,7.150622431188822,0.014454336031462844,4.17956653109286e-06,0.0042798761278390884,0.0,0.9438993871212006,0.11744295279108075,0.9512623935937882,0.11835053563889097,0.9740903025865556,0.12116309840828943
2,13500416,0.9171838108450174,7.047680895775557,0.007541168632315021,0.0,0.0,0.0,0.957489413022995,0.11911793960291206,0.9700141668319702,0.12066103044946308,0.9813264614343643,0.12205424155640654
2,13631488,0.9166193143464625,7.241971705108881,0.01921477455857712,5.408961442299187e-06,0.005538776516914368,0.0,0.9509605526924133,0.11831333384011833,0.9611412912607192,0.11956792278262762,0.9761912316083908,0.12142185096160163
2,13762560,0.9173615127801895,7.1564624682068825,0.027645488971757004,1.2876867110378498e-06,0.0013175476342439651,0.0,0.9458634436130524,0.11768506662543587,0.9597277760505676,0.11939375574158428,0.9719460290670395,0.12089899052251063
2,13893632,0.9687932007946074,7.215114399790764,0.02598806224773398,1.1392752185201971e-05,0.011661939322948456,0.0,1.0324265122413636,0.12834160442935416,1.0441741824150086,0.12978560220334656,1.0582834088802338,0.13151914940080167
2,14024704,0.945581017062068,7.307938005775213,0.0070470172972818546,9.16374105486284e-08,9.374506771564484e-05,0.0,0.9837512791156768,0.12235281732591585,0.9926552712917328,0.12344900478683396,1.010778274536133,0.1256792291327682
2,14155776,0.9624008634127676,7.415410108864307,0.03751981413415706,5.092204901302466e-06,0.005212815478444099,0.0,0.9979693055152893,0.12410308232600697,1.0078708589076995,0.12532152628316706,1.0174140048027038,0.126495508491701
2,14286848,0.9452473446726799,7.244469098746777,0.0402340290875145,9.430204954696819e-07,0.0009656529873609543,0.0,0.9756714761257171,0.12135783888304497,0.9859334111213685,0.12262149148098311,0.990590842962265,0.12319487580304256
2,14417920,0.9427246693521738,7.30013021081686,0.036033286737165326,0.0,0.0,0.0,0.9780818402767182,0.12165468614128083,0.9803904533386231,0.12193898189091046,1.0024223792552949,0.12465110558577641
2,14548992,0.9288989286869764,7.225066743791103,0.0023333961232765432,4.840195245492396e-06,0.004956141114234924,0.0,0.9612494945526123,0.1195812548066677,0.9672131180763245,0.12031598237990959,0.9799551272392273,0.12188537488708073
2,14680064,0.9351899968460202,7.563266698271036,0.04589500664224033,2.133834618689434e-05,0.021840348839759827,0.0,0.9723723590373993,0.12095150249541486,0.9792335867881775,0.12179652125879992,0.9912826627492904,0.12328003990224468
2,14811136,0.9424403146840632,7.251098915934563,0.03980980826236191,6.209587809280492e-06,0.006358617916703224,0.0,0.9724593698978424,0.12096221972574384,0.9839775741100312,0.12238068064326613,0.9940813171863556,0.12362454010281243
2,14942208,1.0472576930187643,7.679616153240204,0.05083798307896359,2.8428457881091163e-06,0.002911074087023735,0.0,1.094597589969635,0.1359772128479808,1.1192901849746704,0.13900543649978925,1.164261656999588,0.14451388789885167
2,15073280,1.0258748927153647,7.555015526711941,0.04576224159836784,1.1270930031059834e-05,0.011539600789546967,0.0,1.0609017372131349,0.131840765339992,1.0681092321872712,0.13272593675806288,1.0934969401359558,0.13584217294305212
2,15204352,1.0446559800766408,7.369263004511595,0.04406228669540724,2.445471181999892e-06,0.0015122126787900925,0.0,1.0834171772003174,0.13460524187517575,1.0942321419715881,0.1359323762024094,1.1016870212554932,0.13684690146049272
2,15335424,1.0298340925946832,7.333546590059996,0.029034000886667855,4.867391908192076e-06,0.004984209313988686,0.0,1.0673745155334473,0.13263571393889628,1.078641813993454,0.13401908979217603,1.0990176057815553,0.13651945837926904
2,15466496,1.011407870799303,7.583884980529547,0.02919131083172033,1.1865580177072843e-05,0.012146208435297012,0.0,1.0422967195510864,0.1295548653907661,1.0513491034507751,0.13066725740402352,1.0738396382331847,0.13342955202061635
2,15597568,0.9701398075558245,7.12882449477911,0.04688009111850988,3.2116361126099946e-06,0.0032866764813661575,0.0,1.011887526512146,0.12581569313422247,1.020628237724304,0.1268908385803753,1.0500687217712403,0.1305099390491684
2,15728640,0.9507590788416564,7.471848908811808,0.03579368601367605,6.5995532168017235e-06,0.00675257109105587,0.0,0.984464168548584,0.12244059353453807,0.995073863863945,0.1237467104233505,1.0126434338092805,0.1259086847278965
2,15859712,0.9198518400080502,7.270051524043083,0.011540769239388737,0.0,0.0,0.0,0.9524092733860016,0.11849188519215992,0.9631518721580505,0.11981564491474916,0.99565913438797,0.12381874828744466
2,15990784,0.9388112029992044,7.281777177006006,0.0354844690345999,9.029896318679675e-06,0.009246613830327988,0.0,0.986722606420517,0.12271865642216073,1.0103181183338166,0.12562261773465044,1.033905007839203,0.1285233679232638
2,16121856,0.9097801176831126,7.593720596283674,0.01695153392483917,6.08049975880931e-06,0.0062225982546806335,0.0,0.952578866481781,0.11851278663381426,0.959698486328125,0.11939014671484571,0.9683143943548203,0.12045164691633836
2,16252928,0.9180281991139054,7.540278185158968,0.0350779433729258,2.193949057982536e-05,0.022461561486124992,0.0,0.9541538417339325,0.1187068888878946,0.9597927331924438,0.11940175963211663,0.9836699426174165,0.12234280245425233
2,16384000,0.9121943893842399,7.330345343798399,0.04432802996234386,2.1611758711514995e-06,0.0022130440920591354,0.0,0.9459688901901245,0.11769806487598689,0.9541687279939651,0.11870872344910155,0.9662539798021317,0.12019782394475897
2,16515072,0.9178986959159374,7.512702889740467,0.025303003215867648,3.0941300792619586e-06,0.0031683892011642456,0.0,0.9475075006484985,0.11788772262326974,0.9584008276462554,0.11923024838894336,0.9711429631710052,0.12080007334355658
2,16646144,0.9206123272888362,7.087085176259279,0.006424917854928935,6.453664354921784e-06,0.006607357412576675,0.0,0.9524403929710388,0.11849572052237844,0.9588435053825378,0.11928479611588538,0.9762210941314697,0.12142552874143009
2,16777216,0.9346462883986533,7.1288726180791855,0.016753894161411154,0.0,0.0,0.0,0.9755700469017029,0.1213453469385386,0.9852222383022308,0.1225339305763482,1.017293232679367,0.12648065350897642
2,16908288,0.9559550560079515,7.482606582343578,0.03125834723232401,3.192536837559601e-06,0.0032645035535097122,0.0,0.9909328877925873,0.12323698228418745,1.003808444738388,0.1248216680178158,1.0170451271533967,0.1264501363275783
2,17039360,1.0897351186722517,7.536115299910307,0.050960783190021175,1.9327865743434813e-06,0.001977914944291115,0.0,1.1722456097602845,0.145490898389258,1.2054715871810913,0.14955375290585393,1.2330465948581697,0.15292178538108558
2,17170432,1.071274856571108,7.443506345152855,0.03685944350900172,8.330001946887933e-06,0.008529921993613243,0.0,1.1190425872802734,0.1389750846835789,1.133208829164505,0.14071123486693105,1.1404851913452148,0.14160265712706765
2,17301504,1.0626702993176877,7.406675674021244,0.05007945775832923,5.2093073463765904e-06,0.005334330722689629,0.0,1.1010320901870727,0.13676656729498182,1.1118127644062041,0.13808870040651278,1.1264366006851196,0.13988136862539635
2,17432576,1.039562442805618,7.305082637816668,0.04074661977153937,9.296770926425779e-07,0.0009518861770629883,0.0,1.0773218512535094,0.13385705436869766,1.0885918855667114,0.13524030524858843,1.1019826686382295,0.13688316512360377
2,17563648,1.0021859793923795,7.456012558192015,0.0500196644825337,3.5086903835690464e-06,0.003591533750295639,0.0,1.0339455127716064,0.1285283474027179,1.0468761920928955,0.1301176496615153,1.0616972851753235,0.1319384790282656
2,17694720,0.9720151145011187,7.146116629242897,0.04252605729288916,3.326349542476237e-07,0.00034061819314956665,0.0,1.0094360828399658,0.12551410172526944,1.0179428696632384,0.12656055825185875,1.0309529685974121,0.12816044113996372
2,17825792,0.9540524869225919,7.196240276098251,0.043547949977437383,4.734994604405074e-06,0.004843760281801224,0.0,0.9824650228023529,0.12219443911367489,1.0069805920124053,0.12521198915324616,1.023572814464569,0.12725296730971003
2,17956864,0.9510019104927778,7.507324941456318,0.04377312594533578,1.0447768090671161e-05,0.010685807093977928,0.0,0.9880359888076782,0.12288035354060378,0.9944455742835998,0.12366937611868223,1.0186473333835602,0.12664720477597746
2,18087936,0.9689775588922203,7.093471962958574,0.019780410805651627,1.718610292300582e-06,0.001759856939315796,0.0,1.0205629348754883,0.12688280714842648,1.0366087973117828,0.12885574442120173,1.0665454399585723,0.1325339012542177
2,18219008,0.9299646285362542,7.352735925465822,0.037142550900171045,9.879371646093205e-06,0.010116476565599442,0.0,0.9615117907524109,0.11961357286107077,0.9707082241773606,0.12074652361753957,0.9820849895477295,0.1221476439926612
2,18350080,0.9289032304659486,7.328911084681749,0.02501035703880916,3.945435310015455e-06,0.004040125757455826,0.0,0.9649331510066986,0.12003510245462512,0.9721076637506485,0.12091889949132684,0.9882197821140289,0.12290298073976924
2,18481152,0.9088727720081806,7.308369275182486,0.04159972494971953,2.0837251213379204e-06,0.0021337345242500305,0.0,0.9502388775348664,0.118224386251494,0.9567885726690293,0.11903157669295239,0.9746956723928452,0.12123765805916986
2,18612224,0.9126439020037651,7.3059351444244385,0.03635287376755514,8.921895414459868e-06,0.009127099066972733,0.0,0.9495481312274933,0.11813924891482985,0.9585707813501357,0.11925119054428945,0.9655310916900635,0.12010876745600818
2,18743296,0.9102921979501843,7.273552805185318,0.015255071433102785,8.660718833652936e-06,0.00886770524084568,0.0,0.9397942125797272,0.11693685327311654,0.9514781981706619,0.1183771332833059,0.9658664149045945,0.12015007797337662
2,18874368,0.9211297738365829,7.435557551681995,0.010917062593307492,6.283694773401294e-06,0.006010513752698898,0.0,0.953778874874115,0.11866067824584792,0.9675190448760985,0.12035366948438275,0.9786685049533844,0.12172693326161532
2,19005440,0.9325191550888121,7.442521929740906,0.03754265608131391,9.233236596628558e-06,0.009447997435927391,0.0,0.963141280412674,0.11981433995297741,0.9729274958372116,0.12101987886590759,0.9897886544466019,0.12309612286862603
2,19136512,1.0837385174818337,7.603803802281618,0.04729610590493394,2.64519906068017e-06,0.0027053002268075943,0.0,1.1380422949790954,0.14130340506072891,1.1664099991321564,0.14477681213751925,1.198555808067322,0.14870850651985013
2,19267584,1.048394639045,7.736979950219393,0.04536969262699131,6.3695626941751016e-06,0.006522392854094505,0.0,1.0902825117111206,0.13544776240302747,1.1057074785232544,0.13734001323916356,1.1351246976852418,0.14094596882630706
2,19398656,1.0310175404883921,7.498881917446852,0.04462526635188624,1.891756255645305e-06,0.0019371584057807922,0.0,1.0737135410308838,0.1334140704583513,1.0827251374721527,0.13452030326672082,1.1030031538009644,0.13700833347878838
2,19529728,1.0071261208504438,7.238475862890482,0.04416731148103281,5.303417765389895e-06,0.004191769286990166,0.0,1.0406059145927429,0.1293470564906367,1.0508993685245513,0.13061199997535122,1.0594826447963714,0.1316664580440532
2,19660800,0.9956178278662264,7.727612812072039,0.05250317345780786,7.3162497358225664e-06,0.007490970194339752,0.0,1.0293531179428101,0.1279637394824651,1.0332458436489105,0.12844233257187998,1.0548816621303558,0.1311012628358008
2,19791872,0.9712113244459033,7.6386980302631855,0.04580276781553039,7.255263142269541e-06,0.007426682859659195,0.0,1.0061282753944396,0.1251071185094106,1.0177858352661133,0.12654124331801375,1.024733978509903,0.12739575978968465
2,19922944,0.9604486105963588,7.645825777202845,0.04631727980085998,6.6158909248770215e-06,0.0067734494805336,0.0,0.9932278692722321,0.12351948813690972,1.010887622833252,0.12569268174858172,1.0231160032749176,0.12719679016395324
2,20054016,0.9447990893386304,7.577471554279327,0.04077984629293496,0.0,0.0,0.0,0.9838714182376862,0.12236760987547157,0.9917709469795227,0.12334014736264498,1.0089279341697692,0.12545158330156503
2,20185088,0.9564790292643011,7.533075623214245,0.0432833155678054,8.48574427436688e-06,0.008684931322932243,0.0,1.009050440788269,0.12546665559724857,1.0178968548774718,0.12655489853017765,1.0371015965938568,0.1289163210577906
2,20316160,0.9326967177912593,7.349912215024233,0.0473825680965092,2.7062510525865946e-06,0.0027685407549142838,0.0,0.9650109469890594,0.12004468682652725,0.9739960134029388,0.12115148527025665,0.9872754800319672,0.12278672427070614
2,20447232,0.9106214349158108,7.301204431802034,0.041591682225771365,3.1929339456837624e-06,0.0032695643603801727,0.0,0.9486635148525238,0.11803021375483325,0.9561524003744125,0.11895318111641817,0.9727966237068176,0.12100375940875918
2,20578304,0.9242674317210913,7.554783370345831,0.016629224872303894,6.921653721292387e-06,0.007084343582391739,0.0,0.9560858964920044,0.11894498575058576,0.965507510304451,0.12010586230525355,0.9770691174268723,0.1215299673848953
2,20709376,0.9281337368302047,7.509090695530176,0.015688401235479432,5.1877577789127827e-08,5.3122639656066895e-05,0.0,0.9613797068595886,0.11959729856457813,0.970767605304718,0.12075383803185535,0.9939593243598939,0.12360952402365433
2,20840448,0.9286955539137125,7.546498589217663,0.011294352028471621,1.501007886872685e-06,0.0015361960977315903,0.0,0.9602661490440368,0.1194600925281093,0.9655744165182114,0.12011410492992991,0.9980426681041717,0.12411211140191414
2,20971520,0.9352587633766234,7.161940548568964,0.00586693119089432,6.302234965005482e-07,0.000643458217382431,0.0,0.9761060535907745,0.12141136067110847,0.9801870226860047,0.12191393108589077,0.9868746221065521,0.1227373721722369
2,21102592,0.9496912867762148,7.263334907591343,0.015122135441288265,1.9795934349531308e-06,0.002027103677392006,0.0,0.9837216734886169,0.12234917202119666,1.0014673829078675,0.12453358412366144,1.015977293252945,0.12631878915841566
2,21233664,1.1062547052279115,7.3565344996750355,0.040203304819442565,5.043125383963343e-07,0.000515911728143692,0.0,1.1601820230484008,0.14401454691802318,1.1737826466560364,0.14567895581905788,1.2741993761062624,0.1579415948571914
2,21364736,1.0960987210273743,7.385089434683323,0.034716180306531896,1.0145389524041093e-05,0.010382067412137985,0.0,1.1338720560073852,0.1407924958166067,1.1438086390495301,0.14200973418385754,1.1672171938419342,0.14487559514992987
2,21495808,1.0890418086200953,7.4702898152172565,0.04519986436662293,8.473036132272682e-06,0.008670689538121223,0.0,1.1428509831428528,0.14189243930477713,1.1613377094268797,0.1441560086269711,1.1889659833908082,0.14753607893514697
2,21626880,1.0671397307887673,7.750913385301828,0.048520061680392246,6.718290251228609e-06,0.006872557103633881,0.0,1.1064499616622925,0.13743107185505865,1.1181767225265502,0.13886894041519593,1.149301097393036,0.1426823801502819
2,21757952,1.034655102994293,7.638789314776659,0.050180028105387464,9.338142888282164e-06,0.009556308388710022,0.0,1.071960973739624,0.13319889257333495,1.0781530618667603,0.13395909260190253,1.1160727202892304,0.13861100257154524
2,21889024,1.0002904646098614,7.441096965223551,0.049234099249588326,4.3868843135896896e-07,0.00044877827167510986,0.0,1.0444518327713013,0.12981972374084827,1.0537115991115569,0.13095751601646977,1.0956004881858825,0.13610025510320556
2,22020096,0.9746206444688141,7.490228902548552,0.028174871299597726,0.0,0.0,0.0,1.0190063953399657,0.12669136737203535,1.0296105325222016,0.1279953892881478,1.0371260631084442,0.12891932854352461
3,131072,1.024702764581889,6.609100766479969,0.06358227975215414,5.756792234024033e-07,0.000589495524764061,0.0,1.2883663177490234,0.15966780268443026,1.3329831182956695,0.1650978295919696,1.4254587602615358,0.1763202881279733
3,262144,0.8736227042973042,7.085786297917366,0.023206966719499178,2.956724301839131e-06,0.0030192118138074875,0.0,0.936263483762741,0.11650152473107322,0.9576934665441513,0.11914308430009668,0.9718284410238266,0.12088450683304508
3,393216,0.8974614413455129,7.244148146361113,0.02728240003443716,3.93666050513275e-06,0.004031140357255936,0.0,1.0179059386253357,0.12655601581267528,1.0280240178108215,0.1278003189483039,1.0739139163494111,0.13343867147304866
3,524288,0.8761554514057934,7.33831424638629,0.010888266196616314,1.625144568606629e-05,0.016637137159705162,0.0,0.9240530431270599,0.11499566899076785,0.9331923335790634,0.11612282447829148,0.9561075526475906,0.11894765447050815
3,655360,0.8648093626834452,7.043013293296099,0.028150908705356414,0.0,0.0,0.0,0.9120829403400421,0.11351893973857896,0.9198920100927352,0.11448238739668626,0.9379992783069611,0.11671554872890688
3,786432,0.8701546187512577,7.486034192144871,0.04208746120821161,7.460403026016138e-06,0.007636548951268196,0.0,0.9165974974632263,0.11407595150405547,0.929273071885109,0.11563949547450236,0.9507428967952728,0.11828650761125958
3,917504,0.9092699638567865,7.151803109794855,0.026189662687556847,2.515007508918643e-06,0.0025753676891326904,0.0,0.9407856881618499,0.11705909124086888,0.9495040893554687,0.11813382051319832,0.9577756118774414,0.11915320669698293
3,1048576,0.9081427934579551,7.298739526420832,0.028970719617518625,4.74302737529797e-06,0.004854261875152588,0.0,0.9403605580329895,0.11700667783454466,0.9562715172767638,0.11896786001728632,0.9730792355537414,0.1210385684936679
3,1179648,0.9082467029802501,7.097667578607798,0.04719997215397598,4.7017128963489085e-06,0.004814554005861282,0.0,0.941585373878479,0.1171576810567263,0.9520246177911758,0.11844447805903435,0.9671117126941681,0.12030349018031172
3,1310720,1.017323596868664,7.4249865449965,0.050078354033303185,4.958581484970637e-06,0.005077587440609932,0.0,1.0721348404884339,0.13322024026334778,1.0838602125644683,0.1346596174943333,1.107859652042389,0.1376039508086344
3,1441792,0.9864429854787886,7.375662874430418,0.046268435885394865,6.757563824066892e-06,0.006919745355844498,0.0,1.0229040026664733,0.12717071874537544,1.0366828322410584,0.12886484511883745,1.0524401986598968,0.13080131325458533
3,1572864,0.9806980290450156,7.508556537330151,0.04863889530679444,4.493567125507525e-06,0.004597818478941917,0.0,1.0147538542747498,0.12616829659590656,1.0272029042243958,0.12769935482394734,1.0485824382305147,0.1303273136350851
3,1703936,0.9661461375653744,7.372387811541557,0.021301636212115227,4.334441427999991e-06,0.004436546936631203,0.0,1.005806803703308,0.1250675633001539,1.0113721787929535,0.1257522938733695,1.019039568901062,0.12669544750765827
3,1835008,0.9689432554878294,7.393846344202757,0.025719503529671783,1.3794506230624393e-06,0.0014125574380159378,0.0,0.9998792290687561,0.124338138822504,1.0122499525547028,0.12586027900348262,1.022556219100952,0.12712794862476473
3,1966080,0.9758830931968987,7.325393736362457,0.04873257329018088,2.6500803755880042e-06,0.0027103684842586517,0.0,1.0098103523254394,0.125560148120188,1.0237748265266418,0.12727780983194936,1.0316516053676605,0.128246335377445
3,2097152,0.9794838796369731,7.408145420253277,0.04701918217324419,9.181747373077087e-06,0.009402109310030937,0.0,1.0109275102615356,0.12569758890310068,1.0184860408306122,0.12662736653798623,1.0318307781219482,0.12826836354892568
3,2228224,0.9924988830462098,7.646352242678404,0.03904755096129975,8.629009244032204e-06,0.008836105465888977,0.0,1.0284193754196167,0.12784893117423635,1.0394944310188294,0.12921044307157503,1.050384010076523,0.13054867860597819
3,2359296,1.0751059651374817,7.797660883516073,0.03192367845394983,9.724807227939891e-06,0.009503265842795372,0.0,1.1406070709228515,0.14161758656137646,1.1563467979431152,0.14354505431361853,1.1947882318496705,0.14824794189771562
3,2490368,1.0401434968225658,8.015030357986689,0.04033441313208641,8.41109681459784e-06,0.008611747995018959,0.0,1.082421350479126,0.13448301685738606,1.0990253567695616,0.13652040919520347,1.1084491097927094,0.13767623713282529
3,2621440,1.0166269824840128,7.599971484392881,0.04518899490221884,3.677779261579417e-06,0.0037652887403964996,0.0,1.0589574813842773,0.1316019500928738,1.0700783371925353,0.1329677309675632,1.0821457028388977,0.13444918390503746
3,2752512,0.9779252070002258,7.6452302895486355,0.045596813472002395,7.773358902340988e-06,0.007955994457006454,0.0,1.0159695982933044,0.12631784263636225,1.0328843772411347,0.12839789442151517,1.0581670343875886,0.13150485418224256
3,2883584,0.9320959430187941,7.409773129969835,0.0398487672750889,2.139164280379191e-06,0.0021905042231082916,0.0,0.9603188216686249,0.11946658264158483,0.9644266873598099,0.11997270619267297,0.9780595576763154,0.12165194203772889
3,3014656,0.8971340856514871,7.264452368021011,0.03209397136879488,1.2454335774236824e-05,0.01274622231721878,0.0,0.926655375957489,0.11531664691895527,0.9435375481843948,0.11739834653570913,0.9629729187488556,0.11979359680667834
3,3145728,0.8806161256507039,7.054475247859955,0.028510535988971242,8.505869345754036e-06,0.008708400651812553,0.0,0.9074029564857483,0.11294144207755741,0.916601425409317,0.11407643610783591,0.9384875923395157,0.11677575604555313
3,3276800,0.8639411362819374,7.041890405118465,0.018493293421670387,1.466313551645726e-05,0.015015050768852234,0.0,0.907208240032196,0.11291741292458424,0.9166840732097625,0.11408663262941987,0.9242013841867447,0.11501396637636674
3,3407872,0.9589237021282315,7.327864058315754,0.04697851058153901,4.277136270047777e-06,0.004377426579594612,0.0,1.0140523433685302,0.12608200264795943,1.025466799736023,0.12748587470936124,1.0333032715320587,0.12844939262418342
3,3538944,0.9346075034700334,7.392453148961067,0.031671988055222755,3.4480053727747872e-06,0.003530757501721382,0.0,0.9711486756801605,0.12080077698705383,0.9907510370016098,0.12321459610164553,1.0131187427043915,0.1259671560185065
3,3670016,0.9219122086651623,7.3796147629618645,0.013334224774098402,1.4982924767537042e-05,0.015342514961957932,0.0,0.9543779015541076,0.11873450161112431,0.9589821964502334,0.11930188578698675,0.9764916855096817,0.12145885382153576
3,3801088,0.904029677156359,7.064566634595394,0.025824259715818698,7.62939453125e-06,0.0078125,0.0,0.9323896050453186,0.11602383530864913,0.9431275874376296,0.11734780741728779,0.9589851504564285,0.11930224978222115
3,3932160,0.8896239046007395,7.2144726030528545,0.024932402536705922,1.3046506069258612e-05,0.013357797637581825,0.0,0.9229109585285187,0.11485479397057974,0.9326097190380096,0.11605097908717776,0.9510772907733918,0.11832772181228624
3,4063232,0.8923140456900001,7.161937989294529,0.04246597762721649,0.0,0.0,0.0,0.9255903482437133,0.11518528677175066,0.9397871494293213,0.11693598245211678,0.9628114467859268,0.11977370241375529
3,4194304,0.9085273984819651,7.28773083910346,0.04408479909034213,3.0916194191377144e-06,0.0031627267599105835,0.0,0.9479717493057251,0.11794494682603629,0.9560248613357544,0.11893746428921359,0.9690070754289627,0.12053697493146598
3,4325376,0.9157466096803546,7.349253915250301,0.045140864785935264,1.1823806858046737e-06,0.0012105591595172882,0.0,0.9491767108440399,0.11809346909964691,0.9606522142887115,0.1195076617311015,0.9663546150922775,0.12021022159602457
3,4456448,1.0401157913729548,7.147939573973417,0.048338025553675834,1.689732016529888e-06,0.0017302855849266052,0.0,1.0941524028778076,0.13592259297592557,1.1094941318035125,0.13780438656288152,1.1382410299777985,0.1413277508410251
3,4587520,0.9971249117515981,7.197388228029013,0.04508389090824494,5.161953595234081e-06,0.005285840481519699,0.0,1.0367226362228394,0.12886973798956958,1.0485911130905152,0.13032837957439591,1.0584690737724305,0.13154195600535146
3,4718592,0.9712583865039051,7.512865159660578,0.03423161878936298,1.051405615726253e-05,0.010764097794890404,0.0,1.0062524795532226,0.12512240099737992,1.014884251356125,0.12618433673334128,1.0316093707084655,0.12824114287135702
3,4849664,0.9361440385691822,7.081679508090019,0.04471986075168388,2.337663318030536e-06,0.002393767237663269,0.0,0.9692912220954895,0.12057197706328315,0.976781016588211,0.12149448651414652,0.9854024511575699,0.12255611889483142
3,4980736,0.8941857819445431,7.141521744430065,0.025420047327315842,7.525435648858547e-06,0.007706046104431152,0.0,0.9287470519542694,0.11557462176469269,0.9418841511011123,0.11719451542425419,0.9756850278377533,0.12135950789847016
3,5111808,0.8812081012874842,7.103927493095398,0.03147903977651367,2.7517507987795398e-06,0.0028177928179502487,0.0,0.9107776820659638,0.11335788200717611,0.9248505026102066,0.11509403209738145,0.9439197403192521,0.11744546184901883
3,5242880,0.8731622281484306,7.032222282141447,0.034205295319225115,0.0,0.0,0.0,0.9034334421157837,0.11245155464427148,0.9192872643470764,0.11440778427412202,0.9346587467193603,0.11630365053693081
3,5373952,0.8732112403959036,7.124579630792141,0.032336616770408,6.157089273983729e-07,0.0006298702210187912,0.0,0.9033460319042206,0.11244076652118462,0.9080417573451995,0.11302027292434236,0.9248596012592316,0.11509515436255069
3,5505024,0.9479913590475917,7.282707076519728,0.03600355187973037,2.054548531305045e-06,0.002103857696056366,0.0,0.9886029243469239,0.12295014981393848,1.0110099852085113,0.12570773537150104,1.0388518130779267,0.12913145609983112
3,5636096,0.9255136344581842,7.30054147541523,0.03831118386597154,2.192467945860699e-06,0.0022450871765613556,0.0,0.9669889628887176,0.12028836849538238,0.9717633992433548,0.12087649541007495,0.9932938778400421,0.1235276133124874
3,5767168,0.9292378714308143,7.428079277276993,0.03877036059930106,4.838631866732612e-06,0.004954759031534195,0.0,0.9628135025501251,0.1197739556978401,0.9695117473602295,0.12059914189252585,0.986219630241394,0.12265673076645833
3,5898240,0.9116886463016272,7.136922422796488,0.04437483978108503,8.077822712948546e-07,0.0008271690458059311,0.0,0.9414095282554626,0.1171360020034431,0.9516298800706864,0.11839582778627733,0.9646428680419922,0.11999933974335786
3,6029312,0.9037853619083762,7.186678100377321,0.042546113683783915,0.0,0.0,0.0,0.9437880694866181,0.11742922998772332,0.9599265605211258,0.11941824952191205,0.9737445271015167,0.12112051076913
3,6160384,0.8909265156835318,6.944435406476259,0.029299613344846875,1.1573029041755944e-06,0.0011850781738758087,0.0,0.9267786383628845,0.11533184980077626,0.942316085100174,0.1172477652845163,0.9490632349252701,0.11807948240422439
3,6291456,0.883339480496943,7.073831174522638,0.02032079583432278,4.40144503954798e-07,0.00045070797204971313,0.0,0.9166708707809448,0.11408500380546616,0.9236499547958374,0.11494594896652788,0.9314252465963364,0.11590491155739358
3,6422528,0.8941106251440942,7.137490436434746,0.010749915332326054,2.428325728942582e-06,0.0024855341762304306,0.0,0.929811829328537,0.11570593907112547,0.937864238023758,0.11669889860931293,0.947736257314682,0.11791591971782989
3,6553600,0.9817863022908568,7.256975997239351,0.035040838641634764,6.121194360275695e-06,0.006267329677939415,0.0,1.0318010807037354,0.12826471244552096,1.0464769840240478,0.13006859318857988,1.0799348771572113,0.1341778161406959
3,6684672,0.9689708915539086,7.365538414567709,0.036081796868529636,3.162211100971035e-06,0.0032371096312999725,0.0,0.9962569773197174,0.1238923322754939,1.0032971620559692,0.12475875293240812,1.0183722734451295,0.12661337361485403
3,6815744,0.9528635898604989,7.324373427778482,0.045017895028649946,8.476565085402399e-07,0.0008671525865793228,0.0,0.9882609963417053,0.12290805469666743,0.9975873053073883,0.124056067447057,1.0075769901275635,0.1252853694381808
3,6946816,0.9378647720441222,7.31652844324708,0.03849371745582175,6.401824066415429e-06,0.006555467844009399,0.0,0.9678281784057617,0.12039175127334634,0.9774424880743027,0.1215759491412225,0.9910564982891082,0.12325219890273331
3,7077888,0.922252407297492,7.315143410116434,0.033275420214522455,1.009884783798043e-06,0.0010334737598896027,0.0,0.9568391740322113,0.11903781224037568,0.9706125110387802,0.12073473389206657,0.9800997966527939,0.12190318987260018
3,7208960,0.9057764057070017,7.1339997090399265,0.04146864326958166,3.6471174951202556e-06,0.003734420984983444,0.0,0.9409251868724823,0.11707628960368677,0.9506759911775589,0.11827826141628672,0.9629376244544983,0.11978924832895776
3,7340032,0.9156653103418648,7.095986839383841,0.04461623138922732,6.371155905071646e-07,0.0006524063646793365,0.0,0.9450093626976013,0.11757978379217726,0.9540718495845795,0.11869678427918995,0.9632407486438751,0.11982659497439418
3,7471104,0.9046225417405367,7.08383871614933,0.03085325727261079,1.0565490811131895e-06,0.001081906259059906,0.0,0.9363603711128234,0.11651347125625744,0.9463813245296478,0.11774890468681476,0.9530385667085648,0.11856944169894179
3,7602176,0.9699657112360001,7.390811663120985,0.044014105575115536,4.37035259892582e-06,0.0044687651097774506,0.0,1.0169728755950929,0.12644124928216494,1.0250895380973815,0.12743948316325104,1.0557559180259706,0.13120866499492956
3,7733248,0.9575236402451992,7.225892912596464,0.007474556183524328,2.5789540814002976e-06,0.0026408489793539047,0.0,0.9891017854213715,0.12301156433320348,0.9985376566648483,0.12417303141499936,1.0097851312160493,0.12555704518274058
3,7864320,0.937901739962399,7.02496075630188,0.029926741988901995,6.8304434535093606e-06,0.006994374096393585,0.0,0.9752352893352508,0.12130411818371933,0.983310317993164,0.1222985219796644,0.9924473810195923,0.12342341444277816
3,7995392,0.9395135212689638,7.265617270022631,0.02241586824220576,7.184464266174473e-06,0.00735689140856266,0.0,0.972689974308014,0.12099062340657918,0.9903279095888138,0.12316250781704885,1.0052765953540803,0.12500232339876516
3,8126464,0.9453458287753165,7.351307347416878,0.03338539451624456,1.3667413440998644e-06,0.001399543136358261,0.0,0.9807497024536133,0.1219832200734503,0.9890436559915542,0.12300440809877,1.0097525882720948,0.12555304144089763
4,131072,0.970721191726625,6.389019520953298,0.04501310480918619,2.4788860173430294e-06,0.002538379281759262,0.0,1.1802444934844971,0.14646945153007707,1.1966072022914886,0.14847030866171185,1.4182230257987982,0.1754438006080441
4,262144,0.8886268101632595,7.132446400821209,0.011413959181027167,1.2206219253130257e-06,0.0012499168515205383,0.0,0.9412624597549438,0.11711787063981172,0.9529539644718169,0.11855901508109024,0.9715708750486374,0.12085278144119282
4,393216,0.9356165742501616,7.345591031014919,0.03440801111401015,1.0012445272877812e-07,0.0001025274395942688,0.0,1.0451612949371338,0.12990691092259854,1.0664384007453918,0.13252075635037763,1.11039506316185,0.13791486267639885
4,524288,0.9174673613160849,7.290446884930134,0.03996941212926686,3.840070348815061e-06,0.003930535167455673,0.0,0.96302130818367,0.11979955868010195,0.9725786685943604,0.12097691384109455,1.0007429921627045,0.12444443856253917
4,655360,0.905102742370218,6.922122567892075,0.018388395358215348,0.0,0.0,0.0,0.9486466109752655,0.11802813020592318,0.9650022000074386,0.12004360920997836,0.9767144763469696,0.12148629175002656
4,786432,0.9011289002373815,7.407850585877895,0.02420953109049151,6.950771549441015e-06,0.007117468863725662,0.0,0.943357628583908,0.11737616649194349,0.96777323782444,0.12038498323487712,0.9950036299228668,0.12373806561004708
4,917504,0.9356250916607678,7.256697915494442,0.04126150023239461,3.6905457818647847e-06,0.0037791188806295395,0.0,0.9728028178215027,0.12100452233631476,0.9750898450613021,0.1212862051308814,0.987138580083847,0.12276986973964998
4,1048576,0.9384630331769586,7.308533392846584,0.03892313459800789,2.2188123693922535e-06,0.0022720638662576675,0.0,0.975908362865448,0.12138701352031678,0.9892053663730621,0.12302431601049157,1.009774662256241,0.12555575719238599
4,1179648,0.9463788187131286,7.254154734313488,0.04218243146624445,8.582076588936616e-06,0.008781664073467255,0.0,0.9760094285011292,0.12139946055785855,0.9805489331483841,0.12195849726316577,1.0034946060180665,0.12478304920720396
4,1310720,1.0278976503759623,7.33631007745862,0.02630546140608203,1.7102065612562e-06,0.0017512515187263489,0.0,1.0925621271133423,0.1357274757694158,1.1084851562976836,0.13768065753666048,1.1291750979423523,0.1402169667473776
4,1441792,1.000288728158921,7.437145233154297,0.012175516541901743,5.504991577254259e-06,0.005633451044559479,0.0,1.0420806527137756,0.1295283102639242,1.053427505493164,0.13092261317298237,1.087129865884781,0.13506089088759166
4,1572864,0.9910661112517118,7.570493061095476,0.04430111361762101,1.0744051962774392e-05,0.011001216247677803,0.0,1.0207743525505066,0.12690880881244548,1.0379034638404847,0.12901488736878997,1.0446099388599395,0.12983915387865985
4,1703936,0.9832415329292417,7.647502012550831,0.03749663214676957,8.767978329160542e-06,0.008978171274065971,0.0,1.017354965209961,0.12648824662323332,1.0270994544029235,0.12768663444640782,1.0435951936244965,0.12971444701908696
4,1835008,0.957926366943866,7.771887581795454,0.03874592818874589,1.81038840310066e-05,0.018527498468756676,0.0,0.9968442261219025,0.12396461098531297,1.0067034244537354,0.12517788624107085,1.0204567754268647,0.12686975083126084
4,1966080,0.9460798976942897,7.540723592042923,0.04260815259465289,3.6659894249169156e-06,0.0037539731711149216,0.0,0.982133287191391,0.12215359111834445,0.9948357582092285,0.12371740287995503,1.0021518915891647,0.12461781983846265
4,2097152,0.9404010754078627,7.408513881266117,0.04448437835344521,0.0,0.0,0.0,0.9775879263877869,0.12159386018060125,1.0037812083959579,0.12481831651789266,1.0190432620048524,0.12669590173551448
4,2228224,0.9353381432592869,7.257078118622303,0.03758300391427838,2.7997521101497114e-07,0.00028669461607933044,0.0,0.9673616826534271,0.12033428408474633,0.9772594332695007,0.12155340543794257,1.0009794414043427,0.12447353689172647
4,2359296,0.9975826893933117,7.3367800787091255,0.04721856560718152,8.179682481568307e-06,0.008371233940124512,0.0,1.0694710254669189,0.13289315843986738,1.0825549483299255,0.13449941452588043,1.1123077809810638,0.1381493970573937
4,2490368,1.0011968929320574,7.623232211917639,0.026366098063135723,3.797735189436935e-06,0.0038888808339834213,0.0,1.0404314637184142,0.12932561490567673,1.0517163753509522,0.13071238227388027,1.074398295879364,0.13349814033333396
4,2621440,0.9796563093550503,7.539518807083368,0.041382388994861685,6.94781010679435e-06,0.0071092285215854645,0.0,1.0155298352241515,0.12626374899545145,1.0234872102737427,0.1272424400485046,1.042531669139862,0.12958374104164783
4,2752512,0.9713667095638812,7.392989620566368,0.046775530121522024,1.0237173739824357e-06,0.0010478831827640533,0.0,1.003183627128601,0.12474478193454597,1.0185238718986511,0.1266320195934698,1.0239150989055634,0.12729505979554556
4,2883584,0.9536739946343005,7.415304936468601,0.04422099162184168,5.976437023491599e-06,0.005058463662862778,0.0,0.9931955814361573,0.12351551373261649,1.000647908449173,0.12443273714431102,1.0173910808563233,0.1264926888484652
4,3014656,0.9522627112455666,7.387700542807579,0.043961519068943744,5.1067654567305e-06,0.005229327827692032,0.0,0.9817991018295288,0.12211244105650954,0.9901327043771744,0.12313847722694415,1.0007324349880218,0.12444313935209328
4,3145728,0.9386044349521399,7.373397998511791,0.0425930242636241,9.960200486602844e-07,0.001019451767206192,0.0,0.9753594934940338,0.12131941522155953,0.9876041233539581,0.1228271851296896,0.9960414153337479,0.12386580052965113
4,3276800,0.932237799745053,7.505421940237284,0.029648586187022374,1.0157576326719209e-05,0.010396968573331833,0.0,0.9715184450149537,0.12084632340203494,0.9784836381673813,0.12170416725603905,0.988172383904457,0.12289714545391339
4,3407872,0.9646211876533926,7.31473682820797,0.025986158699197404,0.0,0.0,0.0,1.0118003606796264,0.12580496986536693,1.0174029529094695,0.12649414911013412,1.0286069226264953,0.12787199131540228
4,3538944,0.938455346506089,7.4539373852312565,0.009578686654549529,2.0213132359003794e-06,0.002069685608148575,0.0,0.9800807714462281,0.12190084706134341,0.9910554707050323,0.1232520724059889,1.0001125586032868,0.12436685400164627
4,3670016,0.9267336926423013,7.490866992622614,0.021576555187493796,3.7340292067256087e-06,0.0038234051316976547,0.0,0.9576184868812561,0.11913384487465573,0.9660900205373764,0.12017762508743934,0.9807297384738922,0.12198076170800465
4,3801088,0.9138372377492487,7.014479547739029,0.01605628779611834,9.086811587621924e-06,0.00929931178689003,0.0,0.9479932367801667,0.1179475953954423,0.9589891642332077,0.1193027443632646,0.976279821395874,0.12143276140751769
4,3932160,0.9171772296540439,7.223173353821039,0.018734221045178856,2.664874045876786e-07,0.0002728831022977829,0.0,0.9436757206916809,0.11741538002147234,0.9540722399950028,0.11869683239293471,0.9715430980920792,0.12084936003186453
4,4063232,0.9249362507835031,7.0282676592469215,0.013394114300808724,0.0,0.0,0.0,0.9538369119167328,0.11866783072223619,0.9683048814535141,0.12045047505586637,0.9796717512607575,0.12185047896989842
4,4194304,0.9384829187765718,7.3335748501122,0.016047435985456104,2.11718725040555e-06,0.002167999744415283,0.0,0.9768779695034027,0.121506426721804,0.9881550848484039,0.122895015731328,1.002838772535324,0.12470234567874328
4,4325376,0.9468525596894324,7.556093093007803,0.032887278246562346,8.59211831993889e-06,0.008798329159617424,0.0,0.9865461587905884,0.12269693256938963,0.9966753989458084,0.12394383183459001,1.0048257744312286,0.12494685093505553
4,4456448,1.0247237533330917,7.407281629741192,0.048815970581927104,3.088796518113668e-06,0.0031618978828191757,0.0,1.0852418184280395,0.13482918266311383,1.0943788766860962,0.1359503790834653,1.130979713201523,0.14043810163463455
4,4587520,1.0050802202895284,7.263794951140881,0.040377349688696995,2.7363948902348056e-06,0.002802068367600441,0.0,1.0511048674583434,0.13063724904386498,1.0617947697639465,0.13195045245902493,1.0823586368560791,0.13447531942371937
4,4718592,1.001520092599094,7.432530760765076,0.04113230292205117,0.0,0.0,0.0,1.0415247201919555,0.1294599839843078,1.0477217257022857,0.1302215505092139,1.0789040195941926,0.13405127666270844
4,4849664,0.9905529906973243,7.215296894311905,0.022373066262844077,1.3496992323780432e-06,0.0013820920139551163,0.0,1.0307316303253173,0.12813322819733575,1.0400675594806672,0.1292808874053808,1.0504044938087465,0.1305511954337426
4,4980736,0.9856127412058413,7.416337296366692,0.04829299916218588,5.78240951654152e-06,0.005916217342019081,0.0,1.0259856224060058,0.12754967298525188,1.0317144989967346,0.1282540677708801,1.059960482120514,0.13172515177107402
4,5111808,0.9739697016775608,7.5918280854821205,0.03545744112318516,1.3095129247631121e-05,0.013404155150055885,0.0,1.011586320400238,0.12577863819082613,1.0218773424625396,0.1270444596038811,1.0485752665996553,0.13032643240758057
4,5242880,0.9636980658397079,7.307546842843294,0.03672309742592006,1.189354770758655e-05,0.012168655171990395,0.0,0.9942393839359284,0.12364399643168378,1.0016837239265441,0.12456020726767303,1.0184121477603914,0.1266182779982905
5,131072,1.0426434269174933,6.683142127469182,0.05292987280336092,1.2760883691953495e-06,0.001306714490056038,0.0,1.2573671817779541,0.15588937765378086,1.335551780462265,0.16541014394898657,1.4251561808586122,0.176283641313715
5,262144,0.921966562513262,7.566283468157053,0.015466396879219246,2.0599558411049657e-05,0.021070992574095726,0.0,0.9780105292797089,0.12164590418125187,0.9917960941791534,0.12334324294150911,1.033732308149338,0.12850213699034208
5,393216,0.9563989923335612,7.331079039722681,0.027734249688819546,1.3949664889878477e-06,0.0014270506799221039,0.0,1.0415012001991273,0.12945709325815824,1.0586243271827698,0.13156102683368376,1.0919322395324709,0.13565018946554375
5,524288,0.9357289890758693,7.4515420608222485,0.04285912249724788,6.052263756828324e-07,0.0006189756095409393,0.0,0.9913093864917755,0.1232833296003768,1.0063397109508514,0.12513313419978989,1.021639778614044,0.1270152433064209
5,655360,0.9329986805096269,7.480667285621166,0.029940367446215532,4.1037165203761106e-06,0.004201943054795265,0.0,0.9948548436164856,0.1237197520400235,0.9993347704410553,0.12427113309157867,1.0502025437355043,0.1305263818377198
5,786432,0.9273504330776632,7.153181284666061,0.03157517872455173,2.4379751266678795e-06,0.0024964865297079086,0.0,0.9669489979743957,0.12028344516113343,0.974996742606163,0.1212747385039421,0.9869005340337753,0.12274056236821451
5,917504,0.9221497760154307,7.152635827660561,0.027678549322217805,5.030567081121262e-06,0.005146544426679611,0.0,0.9506875395774841,0.11827968477113515,0.9552540928125381,0.11884248005870846,0.9686304539442062,0.1204905809819743
5,1048576,0.9189305952750146,7.267579957842827,0.01393346321469835,2.1127732452441705e-06,0.00216086208820343,0.0,0.9499080836772918,0.11818361475845562,0.9599671870470047,0.11942325541418075,0.9840401375293731,0.12238838393652718
5,1179648,0.9283736827783287,7.320375952869654,0.008115993022101975,2.2354403146351842e-06,0.002289069816470146,0.0,0.9589545965194702,0.1192984848977614,0.9696882843971252,0.1206208880165518,0.9801296001672745,0.12190685994877115
5,1310720,1.0242090141400695,7.463641244918108,0.05028239044622751,1.5850104318815283e-05,0.01502683013677597,0.0,1.082730495929718,0.1345209609532192,1.0934373259544372,0.13583485867123501,1.1382373011112215,0.141327294042503
5,1441792,0.9895047191530466,7.4885669238865376,0.03966015641844933,7.21526146207907e-06,0.007388079538941383,0.0,1.0286874055862427,0.12788188717305404,1.0416658282279967,0.1294773268298588,1.0516823649406433,0.13070820360684254
5,1572864,0.9720044261775911,7.4656813107430935,0.031431035690275166,1.3008269888814539e-05,0.011440459638834,0.0,1.005478286743164,0.12502714080104504,1.014445024728775,0.12613030722818763,1.0432325983047486,0.12966988496341147
5,1703936,0.9676066157408059,7.48914872854948,0.035604948170657735,1.2297385183046572e-05,0.01259252242743969,0.0,1.0005516171455384,0.12442088707948207,1.0054639339447022,0.12502537474582565,1.018392815589905,0.12661590021837688
5,1835008,0.9396984316408634,7.268870905041695,0.04481768237383221,1.790465830708854e-06,0.0018334370106458664,0.0,0.9737194895744323,0.12111742699019801,0.9835093587636947,0.12232302987158183,0.9941117382049561,0.12362828461272146
5,1966080,0.9240103024058044,7.233868293464184,0.031763632090587635,0.0,0.0,0.0,0.9623703360557556,0.11971935422108282,0.9703613311052323,0.12070379396043918,0.9795108485221863,0.12183066470523474
5,2097152,0.9191424860619009,7.248393457382917,0.016370068638934754,0.0,0.0,0.0,0.9488716065883637,0.11805586277389812,0.9547910243272781,0.118785413626052,0.9700782835483551,0.12066892834628873
5,2228224,0.9105796772055328,7.387611459940672,0.04374718277085776,6.352828997080451e-06,0.006505182012915611,0.0,0.9456837892532348,0.11766292079349028,0.9607136219739913,0.11951522805612713,0.9857920283079147,0.1226040843211118
5,2359296,0.9599456605501473,7.385631423443556,0.03853994317705656,1.7408019630238414e-06,0.0017825812101364136,0.0,1.004987645149231,0.12496676883949664,1.0187321722507476,0.126657639523581,1.0422284758090974,0.12954647809306996
5,2490368,0.9483535699546337,7.268928244709969,0.042868992942658224,2.9804232326569036e-06,0.0030519533902406693,0.0,0.9823217451572418,0.12217679678785665,0.9951657474040985,0.12375801997036162,1.0175123965740205,0.12650761064704708
