attempt,collected_frames,var_decomp/shaping,var_decomp/joint_ang_from_flat_penalty,var_decomp/joint_angle_var_penalty,var_decomp/roll_penalty,var_decomp/roll_rate_penalty,var_decomp/pitch_penalty,var_decomp/pitch_rate_penalty,var_decomp/shock_penalty,var_decomp/clearance,var_decomp/action_bonus,var_decomp/flipper_action_bonus,var_decomp/terminal_bonus
0,131072,1.9576410055160522,0.032209888100624084,0.03535326197743416,0.014521470293402672,0.033348198980093,0.07452590018510818,0.018921980634331703,0.00013254114310257137,0.004250495694577694,2.4126760959625244,-0.0022856665309518576,0.0016876087756827474
0,262144,1.6272257566452026,0.03292341157793999,0.03703473508358002,0.08142353594303131,-0.006259414367377758,0.12734441459178925,-0.010549815371632576,,0.004757162183523178,2.212827444076538,-0.006510826759040356,5.489513397216797
0,393216,2.4164223670959473,0.04418174549937248,0.04606938362121582,0.06022200733423233,0.013560395687818527,0.12656739354133606,-0.0067278235219419,,0.009769262745976448,3.0294525623321533,-0.0332634337246418,-0.006826890166848898
0,524288,1.4777040481567383,0.030049681663513184,0.02859380841255188,0.032553739845752716,0.02271323837339878,0.06949816644191742,0.016480980440974236,,0.0030332449823617935,1.6919169425964355,-0.002407894004136324,2.235698699951172
0,655360,2.8399558067321777,0.05534592643380165,0.05444827675819397,0.05289502069354057,0.013290200382471085,0.1341431885957718,-0.00918204803019762,,0.009062174707651138,3.484459638595581,-0.053180668503046036,-0.0303793977946043
0,786432,1.826352596282959,0.028997959569096565,0.028915859758853912,0.0027110702358186245,0.018602874130010605,0.07011567056179047,0.0024855458177626133,,0.0030297308694571257,2.515721559524536,-0.03596864640712738,1.1794832944869995
0,917504,1.9501363039016724,0.02244448848068714,0.02391808293759823,0.015525739639997482,0.017346173524856567,0.06415758281946182,-0.003690229030326009,,0.0023753561545163393,2.718439817428589,-0.02721739560365677,1.4253042936325073
0,1048576,2.43100643157959,0.03849272429943085,0.04175618663430214,0.009494098834693432,0.024904128164052963,0.07562363147735596,-0.0027857436798512936,-0.00018823226855602115,0.0037991940043866634,3.085928201675415,-0.04666789248585701,0.09817159920930862
0,1179648,2.1217141151428223,0.035778310149908066,0.03541070967912674,0.042461950331926346,0.04335664585232735,0.07333987951278687,0.016269376501441002,,0.010029046796262264,2.656277894973755,-0.017377734184265137,1.300031304359436
0,1310720,1.9501863718032837,0.03818591684103012,0.04883865639567375,0.08504843711853027,0.010950153693556786,0.09422852098941803,-0.007730587851256132,5.150112883711699e-06,0.013464091345667839,2.3907101154327393,-0.02163045108318329,0.1543150395154953
0,1441792,1.782882571220398,0.04432123899459839,0.0442337840795517,0.05945175513625145,0.020534159615635872,0.07207102328538895,-0.005321337841451168,5.232523108134046e-05,0.012297085486352444,2.37558913230896,-0.044239576905965805,1.1643670797348022
0,1572864,2.4077703952789307,0.060265298932790756,0.07475654035806656,0.14550472795963287,0.015398929826915264,0.09927115589380264,-0.011663297191262245,0.0004260798159521073,0.019056085497140884,3.0785467624664307,-0.0608912855386734,0.18363751471042633
0,1703936,2.165355920791626,0.06143384426832199,0.07520116865634918,0.14134937524795532,0.045668113976716995,0.13652659952640533,0.002330214250832796,0.0005440898239612579,0.016157714650034904,2.763547897338867,-0.08063919097185135,0.903717041015625
0,1835008,2.6466617584228516,0.07261446118354797,0.0854344516992569,0.13696791231632233,0.0073366910219192505,0.08171344548463821,-0.016644196584820747,0.0003878175048157573,0.016622299328446388,3.2319421768188477,-0.05519934371113777,0.4780274033546448
0,1966080,1.9810749292373657,0.04896240681409836,0.06162026524543762,0.13381730020046234,0.05093580111861229,0.06964413821697235,0.008963118307292461,0.00023910815070848912,0.011613140814006329,2.8094968795776367,-0.039698414504528046,1.2009838819503784
0,2097152,2.052755117416382,0.036996617913246155,0.018545344471931458,0.050608567893505096,-0.021120404824614525,0.1015196442604065,-0.00722349900752306,,0.010417467914521694,2.9982752799987793,-0.02986748144030571,1.4862724542617798
0,2228224,2.3024508953094482,0.04603026062250137,0.029604287818074226,0.031033417209982872,0.02212660014629364,0.05922934412956238,0.0010028666583821177,-0.001226620632223785,0.0058776987716555595,3.0050442218780518,-0.0701323002576828,0.8211430907249451
0,2359296,2.640751838684082,0.0425613634288311,0.040549688041210175,0.06193840131163597,0.019016722217202187,0.07580874115228653,-0.016301866620779037,,0.005014917813241482,3.4078948497772217,-0.0844104140996933,0.04834117367863655
0,2490368,2.087822675704956,0.022893346846103668,0.02321958914399147,0.0346834734082222,0.03842003270983696,0.06630048155784607,0.017650842666625977,0.0003772103227674961,0.008722171187400818,2.8449223041534424,-0.10227274149656296,1.3951282501220703
0,2621440,2.52152419090271,0.038113538175821304,0.030705951154232025,0.030249731615185738,0.03587975353002548,0.08320540189743042,0.00962642952799797,,0.009112830273807049,3.156616449356079,-0.1268758773803711,0.5976160764694214
0,2752512,2.439162492752075,0.03974221646785736,0.029031934216618538,0.03191513195633888,0.024668939411640167,0.04145016893744469,-0.002024827292189002,-3.731194374267943e-05,0.008184333331882954,3.3331408500671387,-0.11248735338449478,1.2711421251296997
0,2883584,2.4931440353393555,0.04207666218280792,0.023373937234282494,0.0654587671160698,0.03574765846133232,0.08119677752256393,-0.011401861906051636,,0.011609659530222416,3.2581124305725098,-0.07634605467319489,1.1792285442352295
0,3014656,2.064781665802002,0.026318946853280067,0.02174472250044346,0.05545445531606674,0.04301914572715759,0.02819088101387024,0.004325164947658777,-1.467669426347129e-05,0.00840122252702713,2.6513566970825195,-0.10903017222881317,1.3990601301193237
0,3145728,2.1664836406707764,0.028568968176841736,0.02504463866353035,0.0446053072810173,0.02162018045783043,0.04345570504665375,-0.01254335232079029,0.00022144915419630706,0.009367509745061398,2.769322395324707,-0.09362994879484177,1.807074785232544
0,3276800,2.1545913219451904,0.04300648346543312,0.03588937595486641,0.05469807609915733,0.044700223952531815,0.03894510492682457,0.007335824891924858,-0.0004927963018417358,0.008491776883602142,2.9026689529418945,-0.07471582293510437,1.491694450378418
0,3407872,2.152056932449341,0.03781988099217415,0.055547840893268585,0.10282297432422638,0.009479451924562454,0.08273115754127502,-0.008169437758624554,2.3332357159233652e-05,0.013047386892139912,2.645437717437744,-0.10727141797542572,0.19326813519001007
0,3538944,2.0841612815856934,0.037847306579351425,0.0422566793859005,0.02463548444211483,0.04329230636358261,0.10483910888433456,0.007596328854560852,0.00032457668567076325,0.01902060955762863,2.2735350131988525,-0.10104480385780334,1.3605051040649414
0,3670016,2.572471857070923,0.05498881638050079,0.07290921360254288,0.10000450164079666,0.028942648321390152,0.1034913882613182,-0.006381631828844547,0.00013204729475546628,0.013683534227311611,3.1933231353759766,-0.11783979088068008,0.24315336346626282
0,3801088,2.2305760383605957,0.047829464077949524,0.05869061499834061,0.05105091631412506,0.059679415076971054,0.07732873409986496,0.01001643668860197,3.076942448387854e-05,0.007759374100714922,2.7536637783050537,-0.13984377682209015,1.6971900463104248
0,3932160,2.94758677482605,0.07125627994537354,0.09228439629077911,0.12462425976991653,0.047838758677244186,0.0821903720498085,0.00047362613258883357,0.00031549649429507554,0.021363617852330208,3.4943888187408447,-0.14174877107143402,0.7328069806098938
0,4063232,2.248847484588623,0.041148871183395386,0.0551721453666687,0.07258880138397217,0.06034257262945175,0.026158664375543594,0.012363728135824203,0.001237237942405045,0.008218523114919662,2.6209964752197266,-0.11164717376232147,2.0103631019592285
0,4194304,2.145925998687744,0.0342525951564312,0.029101623222231865,0.0371512696146965,0.004211374092847109,0.07992230355739594,-0.011996940709650517,,0.004238864406943321,2.7647807598114014,-0.0516534224152565,2.2553839683532715
0,4325376,2.745903968811035,0.04950924217700958,0.02022363618016243,0.05068187043070793,0.024421045556664467,0.08453897386789322,-0.0033265026286244392,,0.012286941520869732,3.440253734588623,-0.10254308581352234,0.8326335549354553
0,4456448,2.7064085006713867,0.04785145819187164,0.03197670355439186,0.03306882828474045,0.02923443913459778,0.06760186702013016,0.001963335322216153,,-0.0002601047162897885,3.3478498458862305,-0.0940060019493103,0.5430741310119629
0,4587520,2.109506130218506,0.025931743904948235,0.02554636262357235,0.03079564869403839,0.03531220927834511,0.07407815754413605,0.008088383823633194,4.0215520130004734e-05,0.005664673633873463,2.624819755554199,-0.09456919878721237,1.7677277326583862
0,4718592,2.7802393436431885,0.05271381139755249,0.0341041162610054,0.05098957195878029,0.02335732989013195,0.031295400112867355,-0.012114492245018482,4.3074291170341894e-05,0.011661387979984283,3.4660539627075195,-0.1457829773426056,0.5502398610115051
0,4849664,2.2217137813568115,0.047376278787851334,0.017283311113715172,0.025059470906853676,0.01934906281530857,0.053220175206661224,0.01062659453600645,,0.005053936969488859,2.576615333557129,-0.07323718070983887,2.183687686920166
0,4980736,2.74167799949646,0.06028948351740837,0.012349152937531471,0.01460227370262146,-0.01423834078013897,0.011574877426028252,-0.021734878420829773,0.00033112603705376387,0.01062190905213356,3.550800323486328,-0.151634082198143,1.0328898429870605
0,5111808,1.906071662902832,0.02115120179951191,0.009804952889680862,-0.022266104817390442,-0.002733287401497364,0.02503298781812191,-0.010163789615035057,0.0025734277442097664,-0.004430193454027176,2.3450112342834473,-0.05181474983692169,2.5484423637390137
0,5242880,1.5673376321792603,0.02425823174417019,0.015403334982693195,0.045733217149972916,0.0306075606495142,0.024909732863307,-0.005492594558745623,8.891982724890113e-05,0.01927325502038002,2.9140303134918213,0.012640913017094135,2.2928123474121094
0,5373952,2.1520450115203857,0.0363149456679821,0.03227107226848602,0.07064172625541687,0.05496743321418762,0.073802649974823,-0.006651960778981447,0.0011701054172590375,0.019994931295514107,2.966275930404663,-0.09246013313531876,1.827430248260498
0,5505024,2.632880687713623,0.03714700788259506,0.02688574604690075,0.07837279140949249,0.03215508535504341,0.05926751345396042,-0.017501424998044968,0.0009158981265500188,0.009211811237037182,3.1421539783477783,-0.1269880086183548,0.30023008584976196
0,5636096,1.3041471242904663,0.024940280243754387,0.02884894795715809,0.05964566394686699,0.03143966197967529,0.06330228596925735,0.009123917669057846,-8.349158451892436e-05,0.010810826905071735,2.5262880325317383,-0.10618007928133011,2.234999418258667
0,5767168,2.538163661956787,0.05111146718263626,0.038538217544555664,0.05554667487740517,0.028780337423086166,0.06297153234481812,-0.005085853394120932,-0.00011300068581476808,0.00581187941133976,3.238543748855591,-0.15952257812023163,0.779988706111908
0,5898240,2.4412896633148193,0.03739214316010475,0.05588056519627571,0.09073913842439651,0.041409626603126526,0.1268644779920578,0.0060989148914813995,0.0006326102302409708,0.007641754578799009,2.96272873878479,-0.18454977869987488,2.0335769653320312
0,6029312,2.078274726867676,0.03188091889023781,0.04278874769806862,0.11828316748142242,0.07160735875368118,0.06463338434696198,0.008006365038454533,0.0033515947870910168,0.010120593011379242,2.491245985031128,-0.13008955121040344,2.552704334259033
0,6160384,1.716287612915039,0.01747211627662182,0.014530468732118607,0.0014507881132885814,0.04500507190823555,0.04304755851626396,-0.009715178050100803,-0.001240116311237216,0.003661645343527198,2.4158387184143066,-0.07070689648389816,2.57814359664917
0,6291456,1.413398027420044,0.017926910892128944,0.004554630257189274,0.051469091325998306,0.021364981308579445,0.060845568776130676,0.006567253731191158,-0.00025163075770251453,0.006468780804425478,2.1124165058135986,-0.08830448240041733,3.542079448699951
0,6422528,2.0781335830688477,0.03130412846803665,0.022719690576195717,-0.03754034265875816,-0.02567117102444172,0.0645209401845932,-0.03649023175239563,,-0.0012679379433393478,2.7906556129455566,-0.11631304770708084,2.6199984550476074
0,6553600,2.80403470993042,0.03887029364705086,0.01892774924635887,0.054951123893260956,0.021383412182331085,0.06617482751607895,-0.00697238277643919,7.768926479911897e-06,0.0004570626188069582,3.39742112159729,-0.165880024433136,0.629189133644104
0,6684672,2.1387555599212646,0.035123810172080994,0.0302392840385437,0.032255955040454865,0.030627578496932983,0.07280424237251282,0.019385654479265213,,0.003940310329198837,2.7325196266174316,-0.1156616359949112,2.0431365966796875
0,6815744,2.6420817375183105,0.0472787581384182,0.03732045739889145,0.026339048519730568,0.04175536707043648,0.07334108650684357,0.0008706183289177716,0.0005873587215319276,0.010014043189585209,3.265122413635254,-0.1581229269504547,0.9315176010131836
0,6946816,1.921764612197876,0.04195273295044899,0.022622594609856606,0.03796659782528877,0.023282386362552643,0.051872674375772476,0.001917401677928865,0.0005631633684970438,-0.0009276989148929715,2.6587166786193848,-0.059754252433776855,2.6268117427825928
0,7077888,1.9029475450515747,0.049805786460638046,0.027023687958717346,0.026448503136634827,0.0001665584131842479,0.08816508948802948,0.014292587526142597,0.00024566275533288717,0.0016411342658102512,2.542663335800171,-0.10234859585762024,2.5976719856262207
0,7208960,1.6213160753250122,0.013962926343083382,-0.012532936409115791,-0.002183603122830391,0.01242925226688385,-0.006011142861098051,-0.010604796931147575,0.0005347811384126544,0.0018636428285390139,2.503376007080078,-0.03965790569782257,2.8486289978027344
0,7340032,1.4293243885040283,0.012083380483090878,0.0018768133595585823,-0.001875234884209931,0.000291060539893806,0.012751385569572449,-0.010772091336548328,5.282722122501582e-05,0.00414184108376503,2.1814587116241455,-0.033513832837343216,3.6948156356811523
0,7471104,1.049117088317871,0.014598975889384747,-0.002016233280301094,0.017707373946905136,0.02231217920780182,0.03654639050364494,0.013536320999264717,,0.00563878333196044,2.023339033126831,-0.01667507365345955,4.074769973754883
0,7602176,2.834709644317627,0.04755254089832306,0.03510378673672676,0.03974389657378197,0.040308330208063126,0.05024184286594391,-0.005708958022296429,-0.0003802974824793637,0.01761789619922638,3.5170443058013916,-0.15038307011127472,0.6126494407653809
0,7733248,1.8764363527297974,0.027001870796084404,0.026873061433434486,0.03136515989899635,0.013507112860679626,0.01359983067959547,0.010963899083435535,,-0.0035221304278820753,2.685805320739746,-0.07929420471191406,2.536062240600586
0,7864320,2.5221846103668213,0.05199247971177101,0.037472695112228394,0.03625725582242012,0.04691622406244278,0.0733703151345253,0.01984572410583496,-6.060799933038652e-05,0.02137885056436062,3.198444128036499,-0.18140819668769836,1.1508989334106445
0,7995392,2.318525791168213,0.036995626986026764,0.030031589791178703,0.013702133670449257,0.06261724978685379,0.026647696271538734,-0.008683532476425171,0.0011477225925773382,0.0107151223346591,3.0999398231506348,-0.12634019553661346,2.1874983310699463
0,8126464,2.1935369968414307,0.04302265867590904,0.028996139764785767,0.000579952378757298,0.05980772152543068,0.06371192634105682,-0.0040111420676112175,0.0005091843195259571,-0.0043323347344994545,2.545311450958252,-0.09658215939998627,3.0633583068847656
0,8257536,1.599907398223877,0.011225410737097263,0.01655418798327446,0.0059225596487522125,0.03025995008647442,0.0532042570412159,0.0019915683660656214,0.00025264843134209514,0.010924218222498894,2.617526054382324,-0.07519329339265823,3.038689613342285
0,8388608,1.4168758392333984,0.01975523680448532,0.01499461941421032,0.045408427715301514,0.047324057668447495,0.051890209317207336,-0.006909666117280722,0.000802118331193924,0.005403891671448946,2.4893510341644287,-0.09019123017787933,3.5382063388824463
0,8519680,1.663304090499878,0.04584125056862831,0.038154419511556625,-0.012852457351982594,0.017623193562030792,0.07078666985034943,-0.008755626156926155,-0.001819075085222721,0.007628604769706726,2.163954734802246,-0.06249444931745529,3.391416549682617
0,8650752,2.8052453994750977,0.04329497739672661,0.01705828495323658,0.06662388890981674,0.037254538387060165,0.026256218552589417,-0.008795090951025486,0.00026707793585956097,0.019660163670778275,3.6021358966827393,-0.1765948385000229,0.5385697484016418
0,8781824,1.7541413307189941,0.032024405896663666,0.030008934438228607,0.09089148789644241,0.05309446156024933,0.08072706311941147,0.013280898332595825,0.0010671834461390972,0.023660199716687202,2.6485025882720947,-0.08497928082942963,2.2055413722991943
0,8912896,2.3201701641082764,0.04543905705213547,0.02396077662706375,0.029841285198926926,0.01218145526945591,0.06949768215417862,-0.028666971251368523,-0.00037510122638195753,0.006951957941055298,3.2670609951019287,-0.13888823986053467,1.6967955827713013
0,9043968,2.28134822845459,0.04778102785348892,0.033886849880218506,0.04607897251844406,0.026647351682186127,0.005051440093666315,-0.018836896866559982,-0.0005775018944405019,-0.001532145426608622,2.9947242736816406,-0.08829853683710098,2.607097864151001
0,9175040,1.8931258916854858,0.05432281270623207,0.01741749979555607,0.030213136225938797,0.02884826250374317,0.04737262800335884,-0.019996576011180878,-0.00011349074338795617,0.011915785260498524,3.0196173191070557,-0.12204010039567947,3.156778335571289
0,9306112,0.9873759150505066,0.039069246500730515,0.02396952547132969,-0.04360947012901306,0.005361753981560469,0.02039862796664238,-0.01956324465572834,3.5714328987523913e-06,0.0037239769008010626,2.1892669200897217,-0.10766305774450302,4.645748138427734
0,9437184,0.713560163974762,0.009006993845105171,0.011417901143431664,0.021273192018270493,-0.021927308291196823,0.026527589187026024,-0.018956348299980164,0.0017589296912774444,-0.00778831634670496,1.550673246383667,-0.039376892149448395,5.467289924621582
0,9568256,1.7206164598464966,0.014199729077517986,0.028572404757142067,-0.0311003178358078,0.01154716033488512,0.011443153023719788,-0.0118266511708498,-0.00234331376850605,0.01174203772097826,2.3247179985046387,-0.010463780723512173,3.959310531616211
0,9699328,3.0383450984954834,0.03785087913274765,0.036498550325632095,0.08049052953720093,0.04334067180752754,0.0989745631814003,-0.008511955849826336,-4.1603641875553876e-05,0.016912750899791718,3.769495964050293,-0.2527381479740143,0.8383620977401733
0,9830400,2.543973684310913,0.03264991566538811,0.04156674072146416,0.056595928966999054,0.03309065103530884,0.06441351026296616,0.020943759009242058,0.0006254942272789776,0.008917251601815224,3.017218589782715,-0.1966109722852707,2.002903938293457
0,9961472,2.307497978210449,0.04108818247914314,0.03079363703727722,0.04676273465156555,0.03792319819331169,0.11007912456989288,0.01823272742331028,0.0006287622381933033,0.013985177502036095,3.0147194862365723,-0.167118638753891,2.073432445526123
0,10092544,2.184824228286743,0.037651557475328445,0.031248128041625023,0.002797643654048443,0.02372075617313385,0.04990869387984276,-0.01141231320798397,0.0004358187725301832,0.00115787738468498,3.0973165035247803,-0.1981711983680725,2.693551540374756
0,10223616,2.346926212310791,0.021213779225945473,0.031656552106142044,0.01886647380888462,0.047422364354133606,0.051332250237464905,-0.012518865056335926,-0.0006988473469391465,0.01686513051390648,3.3866653442382812,-0.09394015371799469,1.9512367248535156
0,10354688,1.8061327934265137,0.027098309248685837,0.04879729449748993,0.031176714226603508,0.01492385659366846,0.05191497132182121,-0.016307201236486435,,0.006361411418765783,2.759049654006958,-0.05932240188121796,2.5185728073120117
0,10485760,1.1010181903839111,0.014716479927301407,0.008303817361593246,-0.0032006017863750458,-0.00493727158755064,-0.02728782594203949,-0.019284280017018318,3.9311868022195995e-05,-0.00026848306879401207,1.6185574531555176,0.02821335941553116,4.959213733673096
0,10616832,0.5466892123222351,-0.0008216561982408166,0.004686704836785793,0.032579269260168076,0.030809786170721054,0.05327807366847992,-0.0017805971438065171,0.00022248632740229368,0.008260664530098438,0.8857437968254089,-0.014464042149484158,5.995265007019043
0,10747904,2.6652870178222656,0.04325788840651512,0.04010900855064392,0.07779006659984589,0.028796760365366936,0.08628222346305847,-0.015259228646755219,-2.002576593440608e-06,0.021055271849036217,3.3799476623535156,-0.1701352745294571,0.37832918763160706
0,10878976,2.1295909881591797,0.02484733797609806,0.017356164753437042,0.021061360836029053,0.011377653107047081,0.026082158088684082,-0.0074782706797122955,-0.00034274105564691126,0.020529745146632195,3.099393844604492,-0.1544196903705597,1.689444661140442
0,11010048,2.790222644805908,0.04238739609718323,0.03283964470028877,0.06336774677038193,0.0245219673961401,0.047392621636390686,-0.016166873276233673,6.596685852855444e-05,0.014176762662827969,3.612658977508545,-0.21138587594032288,0.41722020506858826
0,11141120,2.49135684967041,0.04404094070196152,0.027548572048544884,0.02753366343677044,0.009369990788400173,0.0687115415930748,-0.01283770240843296,0.0026778532192111015,0.012032642960548401,3.039294481277466,-0.22636164724826813,1.5732381343841553
0,11272192,2.6105270385742188,0.043027982115745544,0.04301789030432701,0.07817253470420837,0.025766627863049507,0.049087002873420715,0.005538672208786011,-5.3900173952570185e-05,0.013562836684286594,3.3993265628814697,-0.1941499263048172,0.9697518348693848
0,11403264,2.0083625316619873,0.042991697788238525,0.04593411833047867,0.05922030285000801,0.040804557502269745,0.02223396673798561,-0.0019950761925429106,0.0001575709757162258,0.030050761997699738,2.9488275051116943,-0.17363274097442627,1.4327621459960938
0,11534336,1.7231510877609253,0.024818643927574158,0.017629258334636688,0.00012206870451336727,0.008817959576845169,0.041830915957689285,-0.010862225666642189,0.0030146376229822636,0.01677706651389599,2.8196985721588135,-0.13723596930503845,2.3706016540527344
0,11665408,2.18914794921875,0.02084256149828434,0.00651045236736536,0.00689271092414856,-0.019820550456643105,0.0994848757982254,-0.02414950355887413,-0.00040985550731420517,0.0014796167379245162,3.034780263900757,-0.14349600672721863,1.5048378705978394
0,11796480,2.866624593734741,0.03956112265586853,0.017824696376919746,0.03212318569421768,0.013779425993561745,0.056640878319740295,-0.03572743758559227,-0.0002061130217043683,0.0036754871252924204,3.952885389328003,-0.16530287265777588,0.8635890483856201
0,11927552,2.307224988937378,0.028636518865823746,0.01019524410367012,0.010300802066922188,0.016184626147150993,0.06606358289718628,-0.018702451139688492,,0.0035184300504624844,3.1012120246887207,-0.08422107994556427,1.795981764793396
0,12058624,2.620906352996826,0.03578682616353035,0.02752007357776165,0.03712814301252365,0.04465543478727341,0.07288821786642075,-0.020627371966838837,,0.01603144034743309,3.469280242919922,-0.12373761832714081,1.0860600471496582
0,12189696,2.524280071258545,0.02050575613975525,0.018744302913546562,-0.00965159758925438,0.02505490370094776,0.03591940551996231,-0.028399178758263588,-0.00021464753081090748,0.0022283485159277916,3.2793638706207275,-0.11800187081098557,2.0024101734161377
0,12320768,1.7920905351638794,0.015196701511740685,0.006186272948980331,0.051245786249637604,0.03699442371726036,0.1107703447341919,0.0061059799045324326,-0.00019149805302731693,0.010074065066874027,2.6062214374542236,-0.15652044117450714,3.6776227951049805
0,12451840,1.3375762701034546,0.02852810174226761,0.008474165573716164,0.034038424491882324,0.06014116853475571,-0.02557593770325184,0.01379270851612091,0.0032121101394295692,0.025018537417054176,3.0082831382751465,-0.053912896662950516,3.160924196243286
0,12582912,1.0844454765319824,0.011254353448748589,0.013607037253677845,0.026125410571694374,0.011714132502675056,0.053292881697416306,-0.00825368519872427,0.0012716776691377163,0.005141598638147116,2.4453306198120117,-0.0542125403881073,4.057201385498047
0,12713984,1.9093152284622192,0.025088513270020485,0.027571624144911766,0.0750790536403656,0.03995269909501076,0.03393212705850601,0.0013361091259866953,-0.0010315935360267758,0.02154586650431156,2.9189772605895996,-0.0652620792388916,2.8697445392608643
0,12845056,2.2813782691955566,0.041655536741018295,0.024166645482182503,0.06432303041219711,0.043095964938402176,0.05519135296344757,-0.00504502234980464,-0.00037954997969791293,0.02593059465289116,2.7434253692626953,-0.1894257515668869,0.004867037292569876
0,12976128,1.8117327690124512,0.027393970638513565,0.03530679643154144,0.06980111449956894,0.04337547346949577,0.10814300924539566,0.01150142028927803,-0.0011059279786422849,0.0072261374443769455,2.2289609909057617,-0.17290098965168,1.7260479927062988
0,13107200,2.649732828140259,0.048246655613183975,0.028890570625662804,0.044639553874731064,0.040079519152641296,0.05684557929635048,-0.011960110627114773,8.162142330547795e-05,0.028787050396203995,3.183871030807495,-0.21687079966068268,0.09118608385324478
0,13238272,2.3416948318481445,0.04206676408648491,0.02522203139960766,0.07999005168676376,0.057905957102775574,0.04923832789063454,-0.0037821561563760042,-0.00012305777636356652,0.022748596966266632,2.713010549545288,-0.23051977157592773,1.555356740951538
0,13369344,3.525658130645752,0.040086571127176285,0.02265748754143715,0.06277043372392654,0.062144935131073,0.06593833863735199,-0.009377040900290012,0.000149147366755642,0.03091188706457615,3.8308119773864746,-0.1675829142332077,0.8200865387916565
0,13500416,2.291658878326416,0.007931618951261044,0.04476779326796532,0.07233374565839767,0.06917871534824371,0.09522858262062073,0.008572944439947605,-0.0014067786978557706,0.01864706724882126,2.6478490829467773,-0.13909094035625458,2.935102701187134
0,13631488,1.2440108060836792,-0.0013042740756645799,0.011543329805135727,0.031058762222528458,0.03846991807222366,0.07975311577320099,0.01793729141354561,0.0034054985735565424,0.009289208799600601,2.0910232067108154,-0.08562487363815308,4.148603916168213
0,13762560,2.418715238571167,0.04970019310712814,-0.004668775945901871,0.032725777477025986,0.005035822279751301,0.02436380833387375,-0.030011706054210663,8.598267595516518e-05,0.019615286961197853,3.471980571746826,-0.16499526798725128,2.0877082347869873
0,13893632,2.945965528488159,0.050371795892715454,0.016596224159002304,0.030224649235606194,0.013421313837170601,0.07818576693534851,-0.027386385947465897,4.17460614698939e-06,-0.006556315813213587,3.7742769718170166,-0.1919032484292984,0.0718274861574173
0,14024704,2.4405956268310547,0.04837958142161369,0.013015303760766983,0.024310020729899406,0.03406452015042305,0.05443769693374634,-0.011288382112979889,1.072227064469189e-06,0.004423050209879875,3.0660831928253174,-0.1327897161245346,1.3879953622817993
0,14155776,2.5217549800872803,0.049755461513996124,0.020619520917534828,0.029647333547472954,0.0355934277176857,0.05975981429219246,-0.02235211245715618,0.00022418513253796846,0.007918763905763626,3.576003074645996,-0.17386430501937866,0.6817530989646912
0,14286848,2.459588050842285,0.05044100061058998,0.015580750070512295,0.019358355551958084,0.010820978321135044,0.05455761030316353,-0.02146262302994728,0.001017749309539795,0.004609412048012018,3.3492953777313232,-0.184321328997612,1.5601202249526978
0,14417920,2.520500898361206,0.052266575396060944,0.017133992165327072,0.029642000794410706,0.00781327486038208,0.10028978437185287,-0.014255207031965256,6.269110599532723e-05,0.0017558253603056073,3.3395133018493652,-0.14512105286121368,1.5131968259811401
0,14548992,2.338740587234497,0.04734713211655617,-0.004143089987337589,0.017770063132047653,0.020993979647755623,0.019082732498645782,-0.024995094165205956,,0.005108566023409367,3.4828081130981445,-0.15299475193023682,1.559308648109436
0,14680064,1.2205637693405151,0.02690219320356846,0.015359621495008469,0.0232334453612566,0.019927559420466423,0.011375811882317066,-0.008206215687096119,-0.002098458120599389,0.02332334592938423,2.3177051544189453,-0.056025199592113495,3.9647727012634277
0,14811136,1.7323325872421265,-0.009574650786817074,0.012437062337994576,0.093391053378582,0.006951907649636269,0.0060990857891738415,-0.021076764911413193,-0.0015134270070120692,0.02253647707402706,2.711247444152832,-0.14303849637508392,2.2936573028564453
0,14942208,2.7853124141693115,0.0481424443423748,0.03129947930574417,0.05007835850119591,0.031713105738162994,0.10329168289899826,-0.018132738769054413,-7.503604865632951e-05,0.01456811185926199,3.635483741760254,-0.24490544199943542,0.6300323009490967
0,15073280,1.7602059841156006,0.013293774798512459,0.015515612438321114,0.012632470577955246,0.0580139122903347,0.040738560259342194,0.00158665981143713,0.000494802778121084,0.0026124625001102686,2.97731351852417,-0.2004449963569641,2.040179967880249
0,15204352,2.4034900665283203,0.0335712768137455,0.011389395222067833,0.016402091830968857,0.05952374264597893,0.05883302912116051,0.0010570521699264646,0.0007666557212360203,0.011009837500751019,3.2996771335601807,-0.20323151350021362,1.587271809577942
0,15335424,1.9005353450775146,0.02150643989443779,-0.0019261251436546445,-0.012289546430110931,0.030923917889595032,0.06740999966859818,-0.013547535985708237,-0.0033228849060833454,0.008722086437046528,2.9768216609954834,-0.1932123601436615,3.1291344165802
0,15466496,2.0443460941314697,0.0216473788022995,-0.00923723541200161,0.03640059009194374,0.03252124413847923,0.06267271190881729,-0.01377607136964798,0.0010325167095288634,0.018873395398259163,2.971489429473877,-0.07128022611141205,2.524258613586426
0,15597568,0.9613701105117798,0.004840036388486624,0.002092609414830804,-0.005903337150812149,0.005393643863499165,0.05784811079502106,-0.025778204202651978,-0.006001350004225969,0.004809137433767319,2.1490120887756348,-0.06804031133651733,4.37977409362793
0,15728640,0.6744647026062012,0.02886846661567688,0.010466122068464756,-0.011265594512224197,-0.01043615024536848,0.05878019332885742,-0.008948388509452343,0.003024632576853037,0.0010181573452427983,1.3996105194091797,-0.10187765210866928,5.479700088500977
0,15859712,1.2187544107437134,0.0395386628806591,0.00022954269661568105,-0.008524926379323006,-0.02763456478714943,0.08178233355283737,-0.0011088585015386343,0.001485759043134749,-0.000839907443150878,1.8155173063278198,-0.11270926147699356,4.8342061042785645
0,15990784,2.844130277633667,0.029180873185396194,0.0306480061262846,0.039559848606586456,0.03301101177930832,0.041390735656023026,-0.02026706375181675,-0.0011360334465280175,-0.008415861055254936,4.042513847351074,-0.24141694605350494,1.2110081911087036
0,16121856,1.7159063816070557,0.05875568091869354,0.015408216044306755,0.047470930963754654,0.019659340381622314,0.03809246048331261,-0.01007797196507454,-2.540951027185656e-05,0.022052837535738945,2.8297767639160156,-0.02287176437675953,3.2543625831604004
0,16252928,2.232215642929077,0.03924104571342468,-0.0005863482365384698,0.021242130547761917,0.0016009729588404298,0.014863608404994011,-0.016458485275506973,0.000977385207079351,0.0106480298563838,3.283468723297119,-0.17344340682029724,2.169877052307129
0,16384000,1.8360412120819092,0.029410135000944138,0.008247241377830505,0.0012923696776852012,0.012887303717434406,0.07453921437263489,0.0017930209869518876,,-0.003894547699019313,2.526167154312134,-0.09903467446565628,3.19771146774292
0,16515072,1.437645435333252,0.03643638268113136,0.01739761047065258,-0.00026099765091203153,0.018655477091670036,-0.015850575640797615,-0.02078986167907715,-0.005452802870422602,-0.004671217408031225,2.5024092197418213,-0.036645494401454926,3.983537435531616
0,16646144,1.1682876348495483,0.03864317759871483,0.01426748652011156,0.03733030706644058,0.007348309736698866,0.028151102364063263,0.005013523623347282,,0.005680934991687536,1.9516751766204834,-0.043967124074697495,4.629095554351807
0,16777216,1.2106350660324097,0.008004112169146538,-0.0004642881394829601,-0.00469549372792244,-0.025361010804772377,-0.008577375672757626,-0.036510154604911804,-0.0003968676901422441,-0.005780428647994995,1.7920656204223633,-0.11800950020551682,4.967442989349365
0,16908288,0.7767407298088074,-0.0059827337972819805,0.00244103348813951,0.023201797157526016,-0.012330596335232258,-0.022838730365037918,-0.033029016107320786,0.0028577265329658985,0.00535435788333416,1.755568504333496,-0.02174413949251175,4.941818714141846
0,17039360,2.9400782585144043,0.045504067093133926,0.035248544067144394,0.05366501957178116,0.026990128681063652,0.06521259993314743,-0.0275536198168993,0.0008836513152346015,0.019689645618200302,4.045689582824707,-0.2345239818096161,1.3142766952514648
0,17170432,1.9546700716018677,0.028112230822443962,0.027568047866225243,0.04369674623012543,0.011853881180286407,0.11484423279762268,-0.012019705027341843,0.004367820452898741,0.011648965068161488,2.1062610149383545,-0.1524229645729065,3.9344332218170166
0,17301504,2.6068713665008545,0.04384678602218628,0.012379624880850315,0.03622715547680855,0.04044035077095032,0.031806837767362595,-0.017881225794553757,-0.00010935236787190661,0.014219980686903,3.6298940181732178,-0.19745102524757385,1.8740955591201782
0,17432576,1.5106353759765625,0.02625761367380619,0.0012316033244132996,0.019642727449536324,0.04570656642317772,0.0006579227629117668,-0.009047357365489006,0.0019190594321116805,0.00809585489332676,2.4792683124542236,-0.10743562132120132,4.2433366775512695
0,17563648,0.9744826555252075,0.014766721054911613,0.0009128968231379986,0.01879698596894741,0.06298024207353592,0.037440333515405655,0.00915446039289236,0.0010060089407488704,0.0007049712585285306,1.9321208000183105,-0.016518449410796165,5.4233245849609375
0,17694720,0.958522617816925,0.015955351293087006,0.006144009996205568,-0.026325497776269913,0.050904057919979095,0.03351917862892151,-0.010693945921957493,0.0034248721785843372,0.006548826117068529,2.236748695373535,-0.1105286180973053,4.4956841468811035
0,17825792,0.8986765146255493,0.01531896460801363,0.0031688492745161057,0.02860201708972454,-0.025124648585915565,-0.004602089989930391,-0.018410181626677513,0.0021255374886095524,-0.0036778333596885204,2.381380796432495,-0.05313355103135109,4.88046932220459
0,17956864,1.0615479946136475,-0.007848937064409256,-0.004814907442778349,0.029658816754817963,0.01548703107982874,-0.047348055988550186,-0.019882654771208763,-4.9488022341392934e-05,0.00043988815741613507,1.5415946245193481,0.020393773913383484,5.397645473480225
0,18087936,2.7595794200897217,0.03479933738708496,0.031950101256370544,0.02761438488960266,0.05222949758172035,0.11908305436372757,-0.013497347943484783,4.937643461744301e-05,0.013735348358750343,4.193360328674316,-0.18565484881401062,1.569373369216919
0,18219008,1.861607313156128,0.02635103277862072,0.019150272011756897,0.060574550181627274,-0.004860639106482267,0.03706205636262894,-0.032793089747428894,-0.001209332374855876,0.0221699345856905,2.9258885383605957,-0.14538586139678955,3.62119722366333
0,18350080,1.2379070520401,0.017754795029759407,0.0039063142612576485,0.034681856632232666,0.03399059548974037,-0.0018279155483469367,0.001196779659949243,-0.0007405036594718695,0.006751495413482189,2.1845383644104004,0.011522023007273674,4.476224422454834
0,18481152,1.0960181951522827,-0.001334677217528224,-0.00015045684995129704,0.01710970140993595,-0.006155688315629959,-0.007389696780592203,-0.03904688358306885,0.001685110735706985,-0.001453018863685429,2.006909132003784,-0.05778861045837402,5.133013725280762
0,18612224,1.2402379512786865,-0.0025704309809952974,0.004753869492560625,0.018142785876989365,0.02925824001431465,-0.00822688639163971,-0.01272688526660204,0.004930147435516119,-0.0034197072964161634,2.257578134536743,-0.012627274729311466,4.748167991638184
0,18743296,0.6521937847137451,0.0011366157559677958,0.00675845006480813,0.00435233861207962,0.02712281420826912,0.01247999258339405,-0.01937800645828247,-0.000686127576045692,0.0024407252203673124,2.1131744384765625,-0.06332288682460785,5.435848236083984
0,18874368,0.45144981145858765,-0.003513273084536195,-0.002619102131575346,-8.519171387888491e-06,0.02409808523952961,-0.06155833229422569,-0.0257254671305418,0.0011764575028792024,-0.0035926776472479105,1.1031867265701294,0.05894474312663078,6.623421669006348
0,19005440,0.5801157355308533,0.00460388557985425,0.0008340037893503904,0.005722446367144585,0.010235297493636608,-0.03442283719778061,-0.029793590307235718,,-0.00027475898968987167,1.9355472326278687,-0.05250617861747742,5.6781907081604
0,19136512,2.8745789527893066,0.04785193130373955,0.03147295489907265,0.04151003062725067,0.040573835372924805,0.06845726817846298,-0.02041185460984707,0.0003626349789556116,0.026961132884025574,3.766476631164551,-0.2023497223854065,0.35495221614837646
0,19267584,2.356964349746704,0.025477344170212746,0.030130581930279732,0.028078142553567886,0.04660452529788017,0.1305917352437973,0.007333911489695311,1.226719450642122e-05,0.0020079994574189186,2.8822555541992188,-0.09516556560993195,1.406715989112854
0,19398656,2.865013837814331,0.04799139127135277,0.019340552389621735,0.05004752799868584,0.037708036601543427,0.10736405104398727,-0.014044524170458317,3.468958311714232e-05,0.021844131872057915,3.56894588470459,-0.19633840024471283,0.5312379002571106
0,19529728,2.3164079189300537,0.03872675448656082,0.008331917226314545,0.03182918205857277,0.04158809781074524,0.04395245760679245,-0.023938659578561783,0.0010507471160963178,0.023017356172204018,3.4906198978424072,-0.10828682035207748,1.7320417165756226
0,19660800,1.85401451587677,0.020209917798638344,-0.00609416700899601,0.016189849004149437,0.05543351545929909,0.054574307054281235,-0.016480879858136177,0.00029826007084921,0.006682529114186764,2.750248908996582,-0.03926588222384453,3.629307985305786
0,19791872,1.9713504314422607,-0.0160452239215374,0.0033424757421016693,0.011846774257719517,0.05875198170542717,0.06985573470592499,0.0019698108080774546,0.002690743189305067,0.014598331414163113,2.8387608528137207,-0.12393710017204285,3.1689233779907227
0,19922944,1.1847511529922485,-0.011395539157092571,0.0060404581017792225,0.01826467551290989,0.043512389063835144,0.008109469898045063,0.015257149003446102,-0.000897453457582742,-0.002686554566025734,1.8123973608016968,-0.03971296548843384,4.810556411743164
0,20054016,0.4528740346431732,0.0062303864397108555,0.004770812578499317,0.021317653357982635,0.016887180507183075,-0.0022512509021908045,-0.0050887116231024265,0.00047820809413678944,0.0022864853963255882,1.071157693862915,-0.03901936486363411,6.377528667449951
0,20185088,2.8143720626831055,0.042237307876348495,0.044600531458854675,0.04692357778549194,0.023098645731806755,0.08957865834236145,-0.03298744186758995,,0.01285842526704073,4.614179611206055,-0.24245662987232208,1.5195003747940063
0,20316160,2.461418628692627,0.04749885946512222,0.020372599363327026,0.06281930953264236,-0.0022499156184494495,0.10966622829437256,-0.02992989495396614,,0.011853405274450779,3.3182921409606934,-0.15094879269599915,3.2343533039093018
0,20447232,1.9293644428253174,0.02554749883711338,0.021473731845617294,0.05501558259129524,0.045197442173957825,0.05845091864466667,0.0052605546079576015,-0.0003680644149426371,0.007804289925843477,2.930291175842285,-0.17259344458580017,3.3040945529937744
0,20578304,1.9345682859420776,0.023128796368837357,0.009428173303604126,0.04636259004473686,0.015767473727464676,0.07036913186311722,-0.03361226245760918,-0.0005105251912027597,0.004514227155596018,2.3211510181427,-0.10789237916469574,3.5387163162231445
0,20709376,1.4818167686462402,0.018786953762173653,-0.02090698480606079,0.020778583362698555,-0.005477519705891609,0.003219714155420661,-0.010626484639942646,7.490886491723359e-05,0.005118108354508877,2.617371082305908,-0.053735289722681046,3.8407680988311768
0,20840448,0.8354889750480652,0.012160799466073513,-0.00925757922232151,-0.015542239882051945,0.013439862057566643,0.004060970153659582,-0.008476675488054752,0.0012068651849403977,-0.010437334887683392,1.6463464498519897,-0.0501176156103611,5.636012554168701
0,20971520,0.7044097185134888,0.013059360906481743,0.004824192728847265,0.03502576798200607,0.044396232813596725,0.02760899066925049,0.030115021392703056,-0.00038751045940443873,-0.006240460556000471,1.7817127704620361,0.014578432776033878,5.302178859710693
0,21102592,1.036673903465271,0.007337434682995081,0.008056879043579102,0.01564956270158291,-0.01591125875711441,-0.06971704959869385,-0.01721443049609661,-0.0036340816877782345,-0.007874919101595879,2.180837392807007,0.023802142590284348,5.057392120361328
0,21233664,2.845407724380493,0.030177542939782143,0.020668644458055496,0.061479873955249786,0.04897577315568924,0.0997089222073555,-0.014218593016266823,-0.0004059416532982141,0.00952635146677494,3.8216686248779297,-0.2038164585828781,0.48877638578414917
0,21364736,2.00879168510437,0.018068905919790268,0.019080162048339844,0.048299528658390045,0.05626280978322029,0.08881451189517975,0.011500166729092598,-0.0009986750083044171,-0.011728075332939625,2.5722875595092773,-0.15650920569896698,1.907875657081604
0,21495808,2.434263229370117,0.02746875211596489,0.007140067405998707,0.03536951169371605,0.03312935680150986,0.04066343978047371,-0.0006219121278263628,4.424132202984765e-05,0.017072264105081558,3.0979082584381104,-0.1787509173154831,1.450226902961731
0,21626880,1.5868558883666992,0.012950540520250797,0.01122125145047903,0.029798025265336037,0.046490900218486786,0.014080596156418324,0.006313761696219444,0.0010206690058112144,0.004093560390174389,2.0534939765930176,-0.1243777945637703,4.127262115478516
0,21757952,2.799609661102295,0.013870538212358952,-0.0029806692618876696,0.024973781779408455,0.03840772807598114,-0.022572800517082214,-0.018683206290006638,-0.0028111194260418415,0.012632066383957863,2.687345266342163,-0.10897298157215118,2.66147780418396
0,21889024,1.3698348999023438,-0.010121006518602371,0.017737101763486862,0.04111725836992264,0.08043491095304489,0.015031535178422928,-0.0028788584750145674,0.0003202231018804014,0.0013910469133406878,2.2152938842773438,-0.1769563853740692,4.3690032958984375
0,22020096,0.9164679646492004,0.015021171420812607,-0.0007098127971403301,-0.0010971954325214028,-0.032392628490924835,0.029047707095742226,-0.03803108632564545,-0.000320566090522334,0.009059067815542221,2.45449161529541,-0.08576799184083939,4.634829521179199
0,22151168,1.0262380838394165,0.01697448641061783,-0.001934122759848833,0.02083914913237095,0.011127534322440624,-0.0519535131752491,-0.04907449334859848,0.00033355323830619454,0.0005894888308830559,2.2615063190460205,-0.01608375832438469,4.457118034362793
0,22282240,2.7566614151000977,0.03757614269852638,0.016519125550985336,0.036295581609010696,0.04144466668367386,0.09816986322402954,-0.0029918355867266655,0.0005945751327089965,0.0058030979707837105,4.237277030944824,-0.1768159717321396,1.653513789176941
0,22413312,1.7638119459152222,0.011462879367172718,0.003079514019191265,0.044935546815395355,0.03168259188532829,0.04994960501790047,-0.002272105310112238,,-0.00884175207465887,2.5590217113494873,-0.1304650604724884,3.710763692855835
0,22544384,1.7829478979110718,0.030924757942557335,0.012655864469707012,0.009044944308698177,0.027818599715828896,0.0068706064485013485,-0.01420908235013485,-0.00010322644811822101,-0.008303356356918812,2.949730157852173,-0.0899711325764656,3.5224127769470215
0,22675456,1.0930575132369995,0.024956483393907547,0.011456881649792194,0.04441035911440849,0.014796009287238121,0.014871446415781975,-0.018868323415517807,-0.0004294256214052439,0.010429785586893559,2.5721595287323,-0.179363414645195,4.675971508026123
0,22806528,1.7907657623291016,0.013981308788061142,-0.02242201380431652,0.0274944007396698,-0.005724101327359676,-0.016781385987997055,-0.012061030603945255,-0.0005031248438172042,-0.005308510735630989,2.367269992828369,-0.07646872103214264,4.570277214050293
0,22937600,1.2533087730407715,0.002985226921737194,-0.009759504348039627,0.0001365612115478143,0.020696120336651802,-0.04924326390028,-0.011710907332599163,-0.00038252558442763984,0.005849369335919619,2.24594783782959,-0.0592113621532917,4.673698425292969
0,23068672,0.6908992528915405,0.007421792019158602,-0.007218753919005394,-0.021716956049203873,0.012088406831026077,-0.025331242009997368,0.004337644204497337,-3.5591972846305e-05,-0.002757326001301408,1.5947339534759521,-0.05028095468878746,6.12841796875
0,23199744,0.9520916938781738,-0.0027310552541166544,0.008728965185582638,-0.012683662585914135,0.07924657315015793,-0.021787770092487335,0.024861808866262436,0.005514875520020723,-0.0012130052782595158,1.8778023719787598,-0.009244214743375778,5.361871719360352
0,23330816,2.889866828918457,0.04444514960050583,0.018444202840328217,0.034961774945259094,0.016606606543064117,0.07867277413606644,-0.017488490790128708,-0.00024233997100964189,0.019028935581445694,4.109689235687256,-0.21903923153877258,1.4561734199523926
0,23461888,1.6202898025512695,0.022461337968707085,0.010837709531188011,0.06835875660181046,0.017616286873817444,0.10287439078092575,0.007532252464443445,-0.0015433628577739,0.01050442736595869,2.619295835494995,-0.09191321581602097,3.533217668533325
0,23592960,1.9857094287872314,0.03236139938235283,0.013262600637972355,-0.0034329071640968323,0.05511124059557915,0.07572668790817261,-0.0020425121765583754,-0.0006055676494725049,0.002456173999235034,3.4479029178619385,-0.17392022907733917,2.519486665725708
0,23724032,1.3723385334014893,0.01389588788151741,0.008516334928572178,-0.025121629238128662,0.04357222840189934,0.04557834193110466,-0.008884911425411701,0.0007654461078345776,0.0030411523766815662,2.8014321327209473,0.023273875936865807,4.053591728210449
0,23855104,1.0404465198516846,-0.002217665081843734,-0.0020674627739936113,0.016687240451574326,0.02999303676187992,-0.03771115094423294,-0.02218938060104847,-0.0005600736476480961,0.004227721132338047,1.2569907903671265,-0.0408083014190197,6.169841289520264
0,23986176,0.8537842631340027,-0.015879211947321892,0.001762181636877358,0.020117783918976784,0.06635362654924393,-0.014217736199498177,-0.00459499005228281,4.29416868428234e-05,0.00026748262462206185,1.866866111755371,-0.13579173386096954,5.750194072723389
0,24117248,0.8118455410003662,0.020403292030096054,0.01197120826691389,0.022604839876294136,0.014585381373763084,-0.01944798231124878,-0.04342759773135185,0.0036272555589675903,0.0018575601279735565,2.164903163909912,-0.08339199423789978,5.5336785316467285
0,24248320,0.22920596599578857,-0.00035795109579339623,-0.0015706164995208383,2.632134965097066e-05,0.002581221517175436,-0.015218989923596382,0.003949530888348818,-0.0004604116838891059,-0.00036218675086274743,0.7726983428001404,0.07041822373867035,7.2810282707214355
0,24379392,2.7012152671813965,0.046623338013887405,0.021729473024606705,0.0256203506141901,0.0515921451151371,0.12605686485767365,-0.007826129905879498,0.0019457472953945398,0.015256336890161037,4.0018310546875,-0.17691807448863983,1.9108577966690063
0,24510464,2.0625932216644287,0.012865721248090267,0.025412455201148987,0.053494375199079514,0.045272164046764374,-0.0025212636683136225,-0.010408294387161732,-0.00034129671985283494,0.009340181946754456,2.8972222805023193,-0.10602786391973495,3.450700044631958
0,24641536,1.8928906917572021,0.028956403955817223,0.02105097286403179,0.01765022799372673,0.03266854211688042,0.032369501888751984,-0.009676577523350716,-0.0006503667100332677,0.006803497672080994,2.579051971435547,-0.15264280140399933,3.8021862506866455
0,24772608,1.6404229402542114,0.02147783152759075,-0.0034686033613979816,0.0008895325008779764,0.04674474522471428,0.07751711457967758,-0.019618012011051178,-0.0023838842753320932,0.009266268461942673,2.3536946773529053,-0.1002606675028801,4.273990631103516
0,24903680,1.5633530616760254,0.027530062943696976,0.013371389359235764,0.049459975212812424,0.03509191796183586,0.005373191088438034,-0.02709941379725933,0.0002641257888171822,0.023696329444646835,2.4672467708587646,0.005818651057779789,4.101308822631836
0,25034752,1.0007328987121582,0.0033208855893462896,0.005016477778553963,0.05157220736145973,0.054555416107177734,-0.001566437422297895,-0.003529368666931987,,-0.0024133622646331787,1.9031113386154175,-0.0256612878292799,5.0708465576171875
0,25165824,0.5918059945106506,-0.0004978080978617072,0.0025370181538164616,-0.01407559122890234,0.017802882939577103,-0.005052853375673294,0.014055066742002964,-0.000412904133554548,0.001281303120777011,1.3833632469177246,0.1609468013048172,5.956109523773193
0,25296896,1.0597158670425415,0.008005580864846706,0.009483379311859608,-0.0020093657076358795,0.030683480203151703,0.017504967749118805,0.0005602952442131937,-0.00046810798812657595,0.004859394393861294,2.189861536026001,-0.010635112412273884,5.106860637664795
0,25427968,3.155759334564209,0.03174760192632675,0.026820000261068344,0.016588006168603897,0.027637241408228874,0.09934155642986298,-0.013041017577052116,-0.001693781465291977,0.0032704707700759172,4.323083877563477,-0.2191402018070221,1.630670189857483
0,25559040,2.071136951446533,0.025730980560183525,0.026545781642198563,0.016289955005049706,0.014594764448702335,0.040030162781476974,-0.010996675118803978,0.0007198072271421552,0.0039225672371685505,3.424189805984497,-0.10494299978017807,2.9654054641723633
0,25690112,1.7143882513046265,0.026125771924853325,0.012259888462722301,0.03573634847998619,0.05157206952571869,0.01965710148215294,-0.00012043835886288434,0.001830747234635055,0.00499341357499361,3.310870409011841,-0.10939948260784149,3.010953187942505
0,25821184,1.0272603034973145,0.0028902306221425533,-0.005052546039223671,0.026412630453705788,-0.002048886613920331,-0.018752174451947212,-0.035090867429971695,0.00117116782348603,0.006730526685714722,2.115731954574585,-0.13365131616592407,5.157330513000488
0,25952256,1.5712264776229858,0.009353570640087128,-0.005603855941444635,0.007084679789841175,-0.013338949531316757,-0.021306980401277542,-0.04101505130529404,-0.0007101040682755411,0.008147510699927807,2.554344654083252,-0.007157748565077782,4.580840110778809
0,26083328,0.6409693360328674,0.0017659540753811598,0.003721010871231556,-0.019755547866225243,0.02185993269085884,0.0035218060947954655,-0.01279496680945158,-0.00015812304627615958,-0.0003835131647065282,1.433083176612854,-0.09953196346759796,6.28526496887207
1,262144,1.855204701423645,0.09533849358558655,0.02126697450876236,0.023726705461740494,0.04332326352596283,0.15758712589740753,0.031101984903216362,-0.0013909778790548444,0.013491579331457615,3.1611738204956055,-0.1630987972021103,5.34981632232666
1,393216,3.4767873287200928,0.05538046732544899,0.01541268639266491,0.03188048675656319,0.025573991239070892,0.10037140548229218,-0.029084278270602226,5.726753443013877e-05,0.012880043126642704,4.564509868621826,-0.17171044647693634,-0.03996092453598976
1,524288,1.8204320669174194,0.027137024328112602,0.0194895900785923,0.05118707939982414,0.05352499336004257,0.08715479075908661,0.034196849912405014,-1.3699094779440202e-05,0.0012943712063133717,2.6014564037323,-0.21575050055980682,3.8394320011138916
1,655360,2.9574437141418457,0.06261085718870163,0.014125518500804901,0.028239142149686813,0.02715594694018364,0.10864672809839249,-0.024159599095582962,0.00012609618715941906,0.017621537670493126,4.18369722366333,-0.1283728927373886,1.3768730163574219
1,786432,1.8457199335098267,0.022804725915193558,-0.0008559284033253789,0.035781264305114746,0.03896915167570114,0.06029888242483139,0.01662975177168846,0.0003774057549890131,0.001352630089968443,3.1265079975128174,-0.21761959791183472,2.6583170890808105
1,917504,1.444075107574463,0.009249015711247921,-0.0016023694770410657,0.022958004847168922,0.02975352108478546,0.029727444052696228,-0.007041724398732185,-0.0017522963462397456,0.006722998805344105,2.3823671340942383,-0.08099690824747086,4.461880683898926
1,1048576,2.2247674465179443,0.0302053764462471,0.006442584563046694,0.027630450204014778,0.059027738869190216,0.06979252398014069,-0.0069268872030079365,,-0.001508086919784546,3.563673257827759,-0.09426502138376236,2.5302045345306396
1,1179648,1.1959025859832764,0.014162613078951836,0.009099694900214672,0.04352079704403877,0.09748128056526184,0.06237652525305748,-0.006972618866711855,0.0009911403758451343,0.026071472093462944,2.4619405269622803,-0.09579278528690338,4.213446140289307
1,1310720,2.566006898880005,0.041465114802122116,0.029381074011325836,0.055134110152721405,0.015183850191533566,0.10263299196958542,-0.013969602063298225,-0.00011446967982919887,0.021263454109430313,3.6085011959075928,-0.08890505880117416,-0.018827253952622414
1,1441792,1.8291422128677368,0.024353306740522385,0.03324718773365021,-0.002359551377594471,0.002714909613132477,0.07196369022130966,-0.005751885008066893,0.00027120273443870246,-0.006016863044351339,2.7353403568267822,-0.1474875807762146,1.194343090057373
1,1572864,2.4493682384490967,0.04115584120154381,0.013902883976697922,0.03376572206616402,0.01569243147969246,0.0996892899274826,-0.019158972427248955,0.000370492140064016,0.022812163457274437,3.7014381885528564,-0.10136651992797852,0.3332233130931854
1,1703936,2.255300521850586,0.026065314188599586,0.012212609872221947,0.04765027016401291,0.006071247160434723,0.07609771192073822,-0.02372332476079464,0.0011411209125071764,0.0197567380964756,3.0229740142822266,-0.10303208976984024,1.8216333389282227
1,1835008,2.5563809871673584,0.04456783086061478,0.023144792765378952,0.061438579112291336,0.0486837737262249,-0.015610294416546822,-0.03963221237063408,-0.0007544505060650408,0.023502269759774208,3.51810622215271,-0.07110247761011124,1.6355669498443604
1,1966080,1.5405139923095703,0.014913873746991158,0.018865574151277542,0.0627681091427803,0.04756917059421539,0.03938407823443413,0.0008997772820293903,-0.0027986380737274885,0.018011590465903282,2.530740737915039,-0.18103839457035065,3.43511962890625
1,2097152,0.7153205275535583,-0.0018096137791872025,0.02069375105202198,0.03491892293095589,0.0480213388800621,0.08560597896575928,-0.0142848901450634,-0.0029952176846563816,-0.00345292198471725,1.9139816761016846,-0.10740465670824051,4.562856197357178
1,2228224,0.9935451149940491,0.03971365839242935,2.7001797207049094e-05,-0.023635774850845337,0.008215699344873428,0.021966537460684776,-0.0006505560013465583,-0.002066354500129819,0.0009890998480841517,2.111720561981201,-0.09793990105390549,4.0531392097473145
1,2359296,2.979264736175537,0.05678782984614372,0.015883656218647957,0.04457492753863335,0.042321451008319855,0.10563590377569199,-0.021561745554208755,0.0008575981482863426,0.010274697095155716,3.862659454345703,-0.1819821000099182,1.1979261636734009
1,2490368,1.451796054840088,0.02847103774547577,0.014692739583551884,0.039519935846328735,0.04830094799399376,0.10759703814983368,0.005769434850662947,-0.0008167756604962051,0.011668913066387177,1.983669638633728,-0.03233184665441513,4.610719680786133
1,2621440,1.9298720359802246,0.02548244781792164,0.013398422859609127,-0.0285103190690279,0.00206788070499897,0.03842617943882942,-0.047753509134054184,-0.004544497933238745,0.012684425339102745,2.818512201309204,-0.06136779487133026,3.006929636001587
1,2752512,0.3434791564941406,0.021392367780208588,0.010998248122632504,0.022132979705929756,0.03231208771467209,0.009876794181764126,0.01698199287056923,0.0019254253711551428,-0.0032522932160645723,1.9051865339279175,-0.15322019159793854,5.39860200881958
1,2883584,1.2370728254318237,0.013047615997493267,-0.006414595991373062,0.022161219269037247,0.017460180446505547,0.00550011545419693,-0.011692164465785027,-0.0011171274818480015,-0.021529247984290123,2.342376947402954,-0.035948656499385834,4.351461410522461
1,3014656,1.0268828868865967,0.0047387476079165936,-0.0005217853467911482,0.004735514521598816,0.038266804069280624,-0.08356776088476181,-0.013128780759871006,-0.00019685993902385235,0.01408293005079031,2.381455183029175,-0.023515863344073296,4.474899768829346
1,3145728,0.6333039402961731,-0.00855562649667263,-0.00878732930868864,-0.0027585295028984547,0.0018277250928804278,-0.05039979889988899,-0.0038846598472446203,-0.00690512964501977,-0.0006083429325371981,1.5591140985488892,0.013137212954461575,5.67811393737793
1,3276800,0.7559247612953186,0.007597712799906731,-0.002348924521356821,-0.0014673417899757624,-0.02404005452990532,-0.03968435525894165,-0.024191472679376602,0.0006895304541103542,0.00010920014028670266,1.6860125064849854,0.14106933772563934,5.355636119842529
1,3407872,2.8264331817626953,0.05035233125090599,0.014397801831364632,0.05337658151984215,0.02263212390244007,0.1358727216720581,-0.03503299131989479,-0.0003751827753148973,0.011831165291368961,4.3762006759643555,-0.23987798392772675,1.3730442523956299
1,3538944,1.3732260465621948,0.02830597758293152,0.012087021954357624,0.06480831652879715,0.04228943958878517,0.07944316416978836,-0.015190701000392437,0.0005427912692539394,0.0014999891864135861,2.40282940864563,-0.1192927286028862,4.811679840087891
1,3670016,1.9194154739379883,0.034179117530584335,0.011908821761608124,0.057821307331323624,0.06001390889286995,0.01830616593360901,0.008934171870350838,0.0002925747830886394,0.0021921514999121428,3.0305898189544678,-0.10935172438621521,2.970778703689575
1,3801088,1.22107994556427,0.010744561441242695,0.005541545804589987,0.017665063962340355,0.01931426115334034,-0.036657556891441345,-0.003751196200028062,-0.00012958332081325352,0.010474037379026413,2.7330992221832275,-0.1276852786540985,4.4192585945129395
1,3932160,1.469630241394043,0.024577222764492035,-0.006008803844451904,0.04182792454957962,-0.002132803900167346,-0.02494477666914463,-0.039467114955186844,-0.00019518942281138152,0.016174690797924995,2.358689308166504,-0.04705481976270676,4.781519889831543
1,4063232,0.7548015713691711,0.016599534079432487,0.014975053258240223,0.03591189160943031,0.01673705503344536,-0.024131227284669876,0.0124453604221344,0.00011706379882525653,0.0028289800975471735,1.633470058441162,-0.08123382180929184,5.747100830078125
1,4194304,0.7229106426239014,0.0015314850024878979,0.005691612605005503,0.004353213589638472,-0.026910221204161644,-0.008168714120984077,-0.045652929693460464,0.0014790063723921776,0.0008046797593124211,1.9517788887023926,0.02260453999042511,5.668737888336182
1,4325376,0.7791418433189392,0.0013377602444961667,0.007266321685165167,-0.010610219091176987,0.002012750832363963,-0.028558023273944855,0.01010415330529213,-0.0005153892561793327,-0.00419038999825716,1.586246371269226,0.027087565511465073,5.916989326477051
1,4456448,2.708556652069092,0.04582669213414192,0.0025159793440252542,0.016994120553135872,0.04829718545079231,0.09867853671312332,-0.01674005389213562,-0.004386772867292166,0.005163072142750025,3.9004483222961426,-0.15483924746513367,1.9102566242218018
1,4587520,2.043933629989624,0.02983636036515236,0.03516383469104767,0.0525856614112854,0.04346933215856552,0.08377208560705185,0.0005658019799739122,-0.0005076430388726294,0.021126488223671913,2.715442180633545,-0.1277085393667221,3.5692081451416016
1,4718592,1.9478298425674438,0.018806373700499535,0.0035988036543130875,0.053470008075237274,0.030832963064312935,0.03182987496256828,-0.019781621173024178,-1.198182326334063e-05,0.010964336805045605,2.832050323486328,-0.07669425010681152,3.3536713123321533
1,4849664,1.143604040145874,0.018499158322811127,0.018438661471009254,0.013076478615403175,0.0058195688761770725,-0.03328904137015343,-0.020911289379000664,-0.00013744030729867518,0.008862663060426712,2.339655637741089,-0.013470161706209183,4.885714530944824
1,4980736,0.7461047172546387,0.0274506788700819,0.01351652666926384,0.013208561576902866,0.04434589296579361,0.03390587493777275,0.0011789698619395494,-0.00028771269717253745,0.014482302591204643,1.1098765134811401,0.008579530753195286,6.334558010101318
1,5111808,0.6824507117271423,0.007435924373567104,0.0028584199026226997,-0.012641028501093388,-0.007305878214538097,-0.013416117057204247,-0.009035683237016201,-0.0015211066929623485,-0.006228986661881208,1.3480587005615234,-0.016341855749487877,6.2303876876831055
1,5242880,0.5265840291976929,-0.004972180351614952,-0.0009270881419070065,0.00677771819755435,0.011821701191365719,-0.02438562735915184,-0.00699874060228467,0.000356700416887179,-0.0031377573031932116,1.477265477180481,0.06568974256515503,6.346170425415039
1,5373952,1.007208228111267,0.0011185987386852503,-0.00037951607373543084,0.008801103569567204,-0.009650596417486668,-0.04544871672987938,-0.045604195445775986,-0.0004350627714302391,-0.006587364710867405,1.9981220960617065,0.03917945921421051,5.501091003417969
1,5505024,3.0989222526550293,0.03192775696516037,0.009054944850504398,0.04883334040641785,0.029569920152425766,0.11228173971176147,-0.02514803223311901,-0.0006293535116128623,-0.00499173067510128,4.265458583831787,-0.16923809051513672,1.4954898357391357
1,5636096,1.8938130140304565,0.0288858525454998,0.00857448484748602,0.07314491271972656,0.0064941528253257275,0.12884341180324554,0.00018385420844424516,,0.0008996293763630092,2.654448986053467,-0.079056516289711,3.52057147026062
1,5767168,2.3873074054718018,0.031001443043351173,0.005415807943791151,0.025979848578572273,-0.0064628333784639835,0.0994938313961029,-0.04391107335686684,0.0004750734369736165,-0.004019555635750294,3.6350951194763184,-0.07906214892864227,1.9395365715026855
1,5898240,1.693812370300293,0.005542051512748003,0.011775853112339973,0.03366749733686447,0.035405196249485016,0.02253866009414196,-0.030223069712519646,-0.0015972082037478685,-0.005296459887176752,2.653726100921631,0.02063373476266861,3.570143461227417
1,6029312,2.173887252807617,0.043799061328172684,-0.004377527162432671,0.04203108325600624,-0.0007717349217273295,0.01764361374080181,-0.05686943233013153,0.0005794474272988737,0.013507096096873283,3.7662999629974365,-0.0510079562664032,2.6543827056884766
1,6160384,1.3166460990905762,0.013686323538422585,0.007987075485289097,0.007229757960885763,0.015308217145502567,-0.03924747556447983,-0.054958898574113846,0.0012634199811145663,-0.0034524216316640377,2.4321796894073486,0.004967048764228821,4.419807434082031
1,6291456,1.026780128479004,0.01201994251459837,0.005518651567399502,0.006493460386991501,-0.017190074548125267,-0.042833659797906876,-0.015571525320410728,0.0004777591675519943,-0.0031827236525714397,2.3750956058502197,0.0012503270991146564,4.973274230957031
1,6422528,0.8382174968719482,-0.0016531453002244234,-0.0015183606883510947,0.006029851268976927,-0.0024291102308779955,0.06440053880214691,-0.03912189230322838,-0.0025009792298078537,-0.00409653689712286,2.633822202682495,-0.07126019895076752,4.4767584800720215
1,6553600,2.794489622116089,0.03048662468791008,0.022589830681681633,0.06163792312145233,0.04757995903491974,0.08196916431188583,-0.022782431915402412,-0.0010720224818214774,0.009096898138523102,3.654794216156006,-0.1347685158252716,1.1327235698699951
1,6684672,1.9960119724273682,0.01777183823287487,0.02708873152732849,0.05552123859524727,0.0447918102145195,0.04960867017507553,0.00026066601276397705,0.0038829518016427755,-0.0010817113798111677,2.5732014179229736,-0.11875509470701218,2.715878486633301
1,6815744,2.0329062938690186,0.030395371839404106,0.022667931392788887,-0.018115762621164322,0.011677607893943787,0.030118077993392944,-0.02372463047504425,0.0003559887991286814,0.005345548968762159,3.0130372047424316,-0.09386076778173447,2.529186964035034
1,6946816,1.4728257656097412,0.02892400696873665,0.01777554675936699,-0.007453950121998787,0.013637464493513107,0.04601401835680008,-0.026192419230937958,0.0008591872174292803,-0.003856058232486248,2.4491145610809326,-0.06031714007258415,4.08834171295166
1,7077888,1.6695780754089355,0.011531446129083633,0.0017848217394202948,-0.005019179079681635,0.04969676211476326,0.00513434549793601,-0.030338747426867485,-1.9241966583649628e-05,0.001172595308162272,2.5841076374053955,-0.039884425699710846,4.133782863616943
1,7208960,0.9193434715270996,0.0007476767059415579,0.013474714010953903,-0.00799007061868906,0.0270451121032238,-0.034036774188280106,-0.034330952912569046,-0.0001296111586270854,-0.00021930018556304276,1.941197156906128,-0.002060330007225275,5.551242351531982
1,7340032,0.7866902351379395,0.00425484636798501,-0.006440992001444101,0.010570582933723927,0.05956893041729927,-0.0032891917508095503,0.011513272300362587,0.0008139092824421823,0.0013770463410764933,2.110374927520752,0.08022185415029526,5.155949592590332
1,7471104,0.7568765878677368,-0.003471909323707223,-0.00047843874199315906,0.02664097584784031,0.0459795705974102,-0.03970181196928024,-0.011704131960868835,0.0003114574938081205,0.0029528525192290545,2.0447020530700684,0.036779697984457016,5.286811828613281
1,7602176,2.617954969406128,0.04345051199197769,0.020142197608947754,0.08626246452331543,0.03224991261959076,0.14704038202762604,-0.010098827071487904,-0.0007206898299045861,0.017383800819516182,4.317325115203857,-0.24245838820934296,1.9890896081924438
1,7733248,1.4845153093338013,0.03837180882692337,0.03001616895198822,0.03147781267762184,-0.02385849505662918,0.07744044810533524,-0.016827452927827835,-0.002007043221965432,0.015683652833104134,3.015756130218506,-0.16884325444698334,4.526179790496826
1,7864320,1.8652257919311523,0.018064605072140694,0.0023732634726911783,0.03720485791563988,0.035623595118522644,0.08277998864650726,0.002530888421460986,-0.00016776077973190695,0.019713865593075752,2.702669382095337,-0.09596321731805801,3.816251516342163
1,7995392,0.6237940788269043,0.002385425614193082,0.0022751563228666782,0.005425581708550453,0.015025581233203411,0.0011095706140622497,0.007360619027167559,-0.00298619968816638,-0.004705406725406647,1.3755022287368774,-0.030260056257247925,6.556766033172607
1,8126464,0.41816282272338867,0.005149439442902803,0.0014548255130648613,-0.004595226142555475,-0.0011283557396382093,-0.017554664984345436,0.022970980033278465,,-0.003427499672397971,1.2897597551345825,0.018178768455982208,6.8375020027160645
1,8257536,0.4287858009338379,0.0010499171912670135,0.005213409196585417,-0.005309897009283304,0.02672014944255352,0.0011234849225729704,-0.008495287038385868,0.006668575573712587,0.0011256152065470815,1.1073625087738037,0.09478572010993958,6.8023810386657715
1,8388608,0.8658962249755859,-0.005917563568800688,0.007069258484989405,0.028048492968082428,0.029049720615148544,0.030407167971134186,0.018825925886631012,0.001620837370865047,-0.00489288242533803,1.6133345365524292,-0.04944106191396713,5.814881324768066
1,8519680,0.48407217860221863,0.0007725661271251738,0.0014712716219946742,-0.014834665693342686,0.040304940193891525,-0.04582832753658295,-0.02008700929582119,0.0010816697031259537,-0.003056352026760578,1.0936048030853271,-0.06406500190496445,6.902388095855713
1,8650752,2.8908987045288086,0.03148810565471649,0.030310874804854393,0.020072225481271744,0.015900278463959694,0.11041825264692307,-0.016324728727340698,0.0003173579170834273,0.022307291626930237,4.2143473625183105,-0.16732248663902283,1.7379651069641113
1,8781824,1.8060755729675293,0.015697333961725235,0.03892432525753975,0.024884453043341637,0.036844246089458466,0.05960273742675781,-0.008317925967276096,-0.0014627141645178199,-0.00763710355386138,2.806957483291626,-0.07366210967302322,4.10288143157959
1,8912896,1.3263806104660034,0.009815841913223267,0.012582466937601566,0.024663835763931274,0.04021522402763367,0.004391161724925041,-0.013288420625030994,0.00015703373355790973,0.012509126216173172,2.441251754760742,-0.05051496997475624,4.769506454467773
1,9043968,1.062429666519165,0.008137181401252747,0.007277929689735174,-0.004901668522506952,0.019270820543169975,0.0023692958056926727,-0.022277439013123512,2.6058676667162217e-05,0.0018729738658294082,2.4214181900024414,-0.024343349039554596,4.936239719390869
1,9175040,0.9265767931938171,-0.010449524968862534,-0.002488481579348445,0.0010537232737988234,-0.013955436646938324,0.028796250000596046,-0.0377095565199852,-0.0010451831622049212,0.00290247262455523,1.6500049829483032,-0.07217945903539658,6.092139720916748
1,9306112,0.4505199193954468,-0.002278777537867427,0.0019301021238788962,0.030317265540361404,-0.01574181392788887,-0.00960354320704937,-0.021381564438343048,-0.001182383974082768,-0.0007032971479929984,1.4262659549713135,0.004664981737732887,6.73493766784668
1,9437184,0.6705707907676697,0.004153622779995203,0.007192684803158045,0.012889031320810318,0.003101492067798972,-2.3932851036079228e-05,0.0011287404922768474,-0.0009692054009065032,8.805637480691075e-05,1.8824940919876099,0.04563862830400467,5.839227199554443
1,9568256,0.5598858594894409,0.005357519257813692,-0.0008288500248454511,0.026275087147951126,0.028454827144742012,0.005371584556996822,0.020596440881490707,-0.0025309890042990446,9.132605919148773e-05,1.5286133289337158,-0.015989933162927628,6.433703422546387
1,9699328,2.7486495971679688,0.04868035763502121,0.021330328658223152,0.03443536162376404,0.054417841136455536,0.07525022327899933,-0.004144914448261261,0.0013377266004681587,0.01958518661558628,3.9873147010803223,-0.13908088207244873,1.8783390522003174
1,9830400,1.9950227737426758,0.015347487293183804,0.043220680207014084,-0.008591394871473312,0.06663183122873306,0.052054211497306824,-0.010276210494339466,0.0015402596909552813,0.0049122413620352745,2.929629325866699,-0.1316351741552353,2.9879329204559326
1,9961472,1.9484695196151733,0.044701751321554184,0.019577786326408386,0.024219704791903496,0.04884694144129753,0.06671719998121262,-0.021621981635689735,-0.0021349885500967503,0.013529257848858833,3.5055084228515625,-0.14057490229606628,2.7886269092559814
1,10092544,1.277583122253418,0.017891913652420044,0.006532699801027775,-0.010814252309501171,0.02636983059346676,0.03725646436214447,-0.010144898667931557,-0.0011534071527421474,0.009077757596969604,2.1287319660186768,-0.06728765368461609,5.342358112335205
1,10223616,0.9486364722251892,0.017995592206716537,0.002215846674516797,0.0002255870058434084,0.06423348933458328,0.08259134739637375,-0.003079560585319996,-0.0006779464893043041,0.016873890534043312,1.6821595430374146,0.008116772398352623,5.682164669036865
1,10354688,1.18299400806427,-0.012384224683046341,0.03068404458463192,0.042663704603910446,0.052632544189691544,0.13086120784282684,-0.0283268503844738,4.6302943701448385e-06,0.01645071431994438,3.0203609466552734,-0.14268004894256592,4.327281951904297
1,10485760,1.2378863096237183,0.010004146955907345,0.009551025927066803,0.015736058354377747,0.01963379979133606,-0.03965708613395691,0.005669591017067432,0.0008255266002379358,0.006989383138716221,2.210706949234009,-0.045562490820884705,5.142712116241455
1,10616832,1.0241883993148804,0.0015623869840055704,0.0016928579425439239,0.021284176036715508,0.011745568364858627,0.014169203117489815,-0.007739654276520014,-0.001883107703179121,-0.009552111849188805,1.463496208190918,-0.031651463359594345,6.153646945953369
2,131072,3.1744132041931152,0.03713103383779526,0.02082887664437294,0.04259767755866051,0.06085068732500076,0.11352518200874329,0.005175629630684853,6.538838351843879e-05,0.014417433179914951,4.148678302764893,-0.2203681468963623,0.08225531131029129
2,262144,1.8756157159805298,0.09257345646619797,0.033647142350673676,0.07309892773628235,0.04775002598762512,0.14891879260540009,0.008673680946230888,-0.001110383658669889,0.018758757039904594,3.2462286949157715,-0.21187077462673187,4.854212284088135
2,393216,3.4601988792419434,0.08127636462450027,0.033871155232191086,0.06300799548625946,0.04998791962862015,0.1485903114080429,-0.015126029029488564,5.2124596550129354e-05,0.020582471042871475,4.518561363220215,-0.17995233833789825,0.3341673016548157
2,524288,2.172973155975342,0.02453671768307686,0.028213845565915108,0.08056669682264328,0.07414735108613968,0.08910156041383743,-0.0015231494326144457,-0.0019901825580745935,0.0203984547406435,3.180593729019165,-0.11082395911216736,3.1325459480285645
2,655360,3.040447235107422,0.0570845790207386,0.00793337170034647,0.03336528316140175,0.03535464033484459,0.08017296344041824,-0.019629839807748795,0.0003561893536243588,0.024624275043606758,3.7003347873687744,-0.11892417818307877,1.8873642683029175
2,786432,1.4125709533691406,0.02960316650569439,0.008661828003823757,0.033840253949165344,0.0491926372051239,0.037593942135572433,0.01164383813738823,0.0022770597133785486,0.008062921464443207,2.4060659408569336,-0.0775299221277237,4.396423816680908
2,917504,1.3510282039642334,0.00818515196442604,0.005594214890152216,0.031867992132902145,0.04485884681344032,0.004815883003175259,-0.034364715218544006,-0.0006077584694139659,0.006627439055591822,2.6828463077545166,-0.008482109755277634,4.565615653991699
2,1048576,2.396470785140991,0.015333427116274834,0.00962040200829506,0.03513540327548981,0.04793638363480568,0.15761668980121613,-0.03584836423397064,0.002568857977166772,0.029328662902116776,3.0533180236816406,-0.07950306683778763,3.2915780544281006
2,1179648,1.2081753015518188,0.0026582444552332163,0.009396308101713657,0.007059173658490181,0.026862898841500282,-0.003212041687220335,0.002185265766456723,-0.0011878355871886015,0.008170794695615768,2.3927271366119385,-0.09684626758098602,4.927235126495361
2,1310720,2.844883441925049,0.05125945806503296,0.04094604030251503,0.07961135357618332,0.024435611441731453,0.10073594748973846,-0.008103698492050171,-0.00215986673720181,0.02529529482126236,3.412548065185547,-0.10798043757677078,0.7334797978401184
2,1441792,2.107621192932129,0.004781993106007576,0.006008089520037174,0.02750537171959877,0.009590696543455124,0.10901158303022385,0.012644446454942226,0.0006613443838432431,0.01651080697774887,2.365875005722046,-0.10844717174768448,2.318969488143921
2,1572864,2.056992530822754,0.03336707502603531,0.022452259436249733,0.014787144027650356,0.019826050847768784,0.05392034724354744,-0.014663848094642162,8.728034299565479e-05,0.008867595344781876,3.072408437728882,-0.1023915484547615,2.697256088256836
2,1703936,1.6574358940124512,0.005880631972104311,-0.001083914190530777,0.019161252304911613,0.037698935717344284,0.03926633298397064,-0.025383176282048225,0.0026859191711992025,0.01082663144916296,2.775773048400879,-0.08771339058876038,4.2581281661987305
2,1835008,0.9745327830314636,0.0009856150718405843,0.006652708165347576,0.04270847886800766,0.02535850740969181,-0.03363742306828499,-0.014556015841662884,0.0004088204586878419,0.00105255504604429,1.9696342945098877,-0.029642341658473015,5.719308853149414
2,1966080,1.4888629913330078,-0.010522477328777313,-0.011772885918617249,0.029092898592352867,0.034633196890354156,-0.0017319881590083241,-0.022753631696105003,-0.0007073573651723564,-0.0007387870573438704,2.8058366775512695,-0.14927442371845245,4.415105819702148
2,2097152,0.7486688494682312,0.018125029280781746,0.015755176544189453,-0.0065785241313278675,0.00257804524153471,-0.028543371707201004,-0.0015454201493412256,-3.840165300061926e-05,0.008754764683544636,1.8938653469085693,-0.011046374216675758,5.982557773590088
2,2228224,0.554696798324585,0.006380051374435425,-0.0008618779247626662,0.030167946591973305,0.0206249188631773,0.02107936330139637,-0.0024418949615210295,-0.00021316029597073793,-0.0008366669062525034,2.0441510677337646,-0.014627056196331978,5.9655327796936035
2,2359296,2.9095394611358643,0.0422947071492672,0.03194662928581238,0.04506329074501991,0.05230375751852989,0.10494136810302734,-0.015312488190829754,0.0008874245686456561,0.017296887934207916,3.6594717502593994,-0.15172116458415985,0.25249189138412476
2,2490368,1.9087380170822144,0.04177906736731529,0.019427882507443428,-0.027633173391222954,0.05181719735264778,0.1950628161430359,0.010119162499904633,0.0002893718774430454,0.021871795877814293,2.3343265056610107,-0.10906123369932175,2.631251811981201
2,2621440,2.608992576599121,0.03645242005586624,0.019076231867074966,0.04876505210995674,0.03615579009056091,0.07773251831531525,-0.014431465417146683,0.001000970951281488,0.013946312479674816,3.0957701206207275,-0.08068722486495972,1.5359899997711182
2,2752512,1.1377688646316528,0.016004690900444984,0.007545022293925285,0.03243306279182434,0.04193537309765816,0.06827453523874283,0.02631279081106186,0.0026587576139718294,0.00898456946015358,1.8571546077728271,-0.13397331535816193,4.796579837799072
2,2883584,1.310893177986145,0.027930762618780136,0.03835182636976242,0.03380856290459633,0.07870984077453613,0.056258246302604675,-0.020000169053673744,,0.008194265887141228,2.2875804901123047,-0.08497131615877151,4.620802402496338
2,3014656,0.7934967875480652,0.00844049546867609,0.0025452261324971914,0.012627610005438328,0.04684736952185631,0.007662608288228512,-0.015192599967122078,-0.0008948150207288563,0.0047525973059237,1.6952646970748901,-0.01848713308572769,6.138209819793701
2,3145728,0.6786130666732788,0.0023870093282312155,0.009446986950933933,0.03401302546262741,0.04233682528138161,-0.050847377628088,-0.013398095034062862,,0.003649267368018627,2.137566328048706,-0.02931777760386467,5.768970012664795
2,3276800,0.9669957160949707,0.005447282921522856,0.006201476790010929,0.04210430383682251,0.011941038072109222,-0.04287324100732803,-0.012005455791950226,-0.004663459490984678,0.005404208321124315,1.7313753366470337,-0.03517640754580498,5.834390163421631
2,3407872,2.9890427589416504,0.05844467878341675,0.026271529495716095,0.057102005928754807,0.007162366062402725,0.0903676301240921,-0.01779324933886528,-0.00010657022357918322,0.03413957357406616,4.32226037979126,-0.18265756964683533,1.453352689743042
2,3538944,2.2988173961639404,0.023975566029548645,0.02620537392795086,0.051245249807834625,0.019946902990341187,0.08938929438591003,-0.006509620230644941,-0.0003260226221755147,0.01124372985213995,2.714855194091797,-0.1169470027089119,2.9691457748413086
2,3670016,2.0422019958496094,0.03652415797114372,0.015757950022816658,0.0318765752017498,0.05400002375245094,0.08555998653173447,-0.0022691672202199697,,0.018345776945352554,2.643223524093628,-0.0794791504740715,3.284238576889038
2,3801088,1.9172676801681519,0.03390470892190933,0.0046451156958937645,0.02381773851811886,0.07109109312295914,0.11284919083118439,0.0030643614009022713,-0.00029689999064430594,0.014800997450947762,2.6881189346313477,-0.09095566719770432,3.7691802978515625
2,3932160,1.26328444480896,0.011316189542412758,-1.5330759197240695e-05,0.017237262800335884,0.06776034832000732,0.07371938973665237,-0.0015162976924329996,-0.0027861478738486767,0.018727952614426613,2.1022207736968994,0.03755806386470795,5.204250812530518
2,4063232,0.8815725445747375,0.010276202112436295,-0.005364128388464451,0.029161877930164337,0.0398523211479187,0.11877171695232391,0.0023212097585201263,0.0028000972233712673,0.00845167227089405,1.2783268690109253,-0.0016111258883029222,6.127237796783447
2,4194304,0.70815509557724,0.0037989667616784573,0.0032767653465270996,0.009931983426213264,0.018550697714090347,0.01794455014169216,-0.0020333873108029366,,-0.0005852987524122,1.8538072109222412,-0.034131407737731934,5.943188667297363
2,4325376,0.6533029675483704,0.007410185877233744,0.0020236847922205925,-0.01752573251724243,0.01224756333976984,-0.019354233518242836,-0.034015197306871414,0.0010814570123329759,-0.009572126902639866,1.5601911544799805,0.06313443928956985,6.553406715393066
2,4456448,3.1149611473083496,0.026221029460430145,0.027424491941928864,0.025771422311663628,0.040352337062358856,0.12078392505645752,-0.023188801482319832,-0.0010353848338127136,0.0017487754812464118,4.432256698608398,-0.1969071924686432,1.3958572149276733
2,4587520,2.135181188583374,0.022729242220520973,0.02092219516634941,0.005760618485510349,0.062266089022159576,0.10925279557704926,0.009208835661411285,0.001148538663983345,0.005133771803230047,3.425161361694336,-0.03745780885219574,3.2257630825042725
2,4718592,1.9439259767532349,0.025779619812965393,0.023039979860186577,0.023286757990717888,0.058476176112890244,0.06685632467269897,-0.016662277281284332,0.00018322916002944112,0.0038093747571110725,3.1048061847686768,-0.09703319519758224,2.8530490398406982
2,4849664,1.6459412574768066,0.022564705461263657,0.01671121083199978,0.027012784034013748,0.02558249607682228,0.09198890626430511,0.01422000303864479,0.00011227151844650507,0.009020430967211723,2.3798446655273438,-0.11672856658697128,3.8425469398498535
2,4980736,1.6283725500106812,0.01929541490972042,0.028424009680747986,0.016412194818258286,0.023290028795599937,0.13394664227962494,-0.009455524384975433,0.00014209747314453125,0.002351576928049326,2.6713645458221436,-0.05800618603825569,4.254786491394043
2,5111808,1.5000522136688232,-0.009640228003263474,0.012072141282260418,-0.01563725247979164,0.007269062101840973,0.0038862270303070545,-0.020377809181809425,-5.611341111944057e-05,0.003927594982087612,2.850825786590576,-0.07884472608566284,4.148008823394775
2,5242880,0.9454660415649414,-0.0022211377508938313,-0.003413102589547634,-0.010809113271534443,0.028440533205866814,0.03447948023676872,0.007652055472135544,,0.004722990095615387,1.6855247020721436,0.061510104686021805,5.6678466796875
2,5373952,0.6639873385429382,-0.0008526211604475975,0.007115081883966923,0.003750021103769541,0.03227859362959862,-0.018673690035939217,-0.041218895465135574,0.0005175011465325952,-0.00024979503359645605,1.8868463039398193,-0.027832839637994766,5.759113788604736
2,5505024,2.5371384620666504,0.03475441038608551,0.034721024334430695,0.07430235296487808,0.030058719217777252,0.1709308624267578,-0.021663948893547058,-5.9840538597200066e-05,0.008907987736165524,3.774717330932617,-0.14098340272903442,1.5135037899017334
2,5636096,0.899779200553894,0.025064142420887947,0.005606679245829582,0.002686465624719858,0.04297174885869026,0.005825030151754618,0.009239614941179752,0.0015395001973956823,-0.0029526446014642715,1.9397222995758057,-0.051274579018354416,4.914614200592041
2,5767168,1.2681447267532349,0.022943537682294846,0.0195251926779747,0.025905756279826164,0.01256491057574749,0.01073892880231142,-0.013215123675763607,0.0017098234966397285,0.0017200094880536199,2.5744171142578125,-0.11907242983579636,3.748692274093628
2,5898240,0.9832072257995605,0.02871605195105076,0.025010589510202408,0.01165000256150961,0.010436003096401691,0.015598529018461704,-0.006738077849149704,0.001169553492218256,0.010128090158104897,2.13814115524292,-0.05131814628839493,5.017237663269043
2,6029312,0.7000056505203247,-0.006793709471821785,0.012979662977159023,-0.01072486862540245,0.019242042675614357,0.021960876882076263,-0.006663122680038214,-0.00011813796299975365,0.01219350378960371,1.6142725944519043,0.010334226302802563,6.005770683288574
2,6160384,0.6926401257514954,0.017253799363970757,0.018692294135689735,0.024482568725943565,0.007973060011863708,0.0066045490093529224,-0.03191128745675087,0.00011271807306911796,0.004315005149692297,1.900224208831787,-0.07634076476097107,5.659111022949219
2,6291456,0.9221593737602234,0.0015176197048276663,-0.01244582049548626,0.030620258301496506,0.02621687576174736,-0.04484129697084427,-0.019521864131093025,,-0.002723218873143196,2.695629119873047,-0.0022428135853260756,4.613208293914795
2,6422528,0.862824559211731,0.005437478888779879,-0.014125881716609001,-0.020890118554234505,0.001500107697211206,-0.04589945077896118,-0.005496979225426912,0.001593154389411211,-0.002966333879157901,2.6002862453460693,-0.06404329091310501,4.572709560394287
2,6553600,2.4570820331573486,0.02305469661951065,0.029558734968304634,0.07962799817323685,0.03367271274328232,0.16629447042942047,0.0009412772487848997,-0.0005975073436275125,0.013710987754166126,3.994947671890259,-0.11596032977104187,2.931990623474121
2,6684672,1.8333796262741089,0.014119165018200874,0.009937076829373837,0.0032428859267383814,0.0023203943856060505,0.0490880087018013,-0.03851741552352905,0.0025766438338905573,0.010141081176698208,3.2703335285186768,-0.154806986451149,3.939427137374878
2,6815744,0.950127363204956,0.017773902043700218,0.011657393537461758,0.00490359915420413,0.020394127815961838,0.02268795110285282,0.003960194997489452,1.1607941814872902e-05,0.010610481724143028,2.3567612171173096,-0.04680069535970688,5.206643581390381
2,6946816,1.0412445068359375,-0.004206240177154541,-0.004065931309014559,0.0031859129667282104,0.036417074501514435,0.012796198949217796,-0.01747061312198639,0.0015943452017381787,0.0030456192325800657,1.811671495437622,-0.043698303401470184,5.693803787231445
2,7077888,0.814350962638855,-0.003349348669871688,0.004351486451923847,-0.003154408186674118,0.042568519711494446,-0.013964704237878323,0.03759538009762764,-0.0004650998453143984,0.0010377750732004642,1.5902893543243408,0.014748569577932358,5.978509426116943
2,7208960,0.8730600476264954,0.007597810588777065,0.008127226494252682,0.0026275007985532284,0.03342827409505844,-0.019511619582772255,-0.008234765380620956,0.00380150880664587,-0.0001950979931280017,1.7327414751052856,0.00534686166793108,5.759632587432861
2,7340032,0.5876946449279785,-0.006521466188132763,0.012024781666696072,0.017109673470258713,0.008408945985138416,-0.03255515173077583,-0.013826759532094002,0.0017858297796919942,0.008961860090494156,1.893311858177185,0.053226906806230545,5.783181190490723
2,7471104,1.0026328563690186,0.016735389828681946,0.004472742322832346,0.020607782527804375,0.005696594249457121,-0.020647821947932243,-0.016786890104413033,0.0002707878011278808,-0.004441317170858383,2.2338433265686035,0.056906454265117645,5.2873640060424805
2,7602176,2.7246246337890625,0.03379583731293678,0.02442876622080803,0.054814938455820084,0.01355682872235775,0.15336892008781433,-0.028601741418242455,0.00022562360391020775,0.008990800008177757,4.403382301330566,-0.09016340970993042,1.7260355949401855
2,7733248,1.7172858715057373,0.0321720652282238,0.0006042870809324086,-0.005103562958538532,0.022535789757966995,0.005084536504000425,0.0003154118312522769,-0.0009656750480644405,0.014105457812547684,2.5801870822906494,-0.07413432747125626,4.482463359832764
2,7864320,0.7838545441627502,0.005956302862614393,-0.0011972739594057202,0.01321074366569519,0.01977074332535267,-0.008362630382180214,0.018224237486720085,-0.00011053743946831673,0.004471528343856335,1.76311457157135,-0.06607221066951752,5.703987121582031
2,7995392,0.7390786409378052,0.017004603520035744,0.009296536445617676,0.026916751638054848,0.044441934674978256,0.04035630077123642,-0.003998533822596073,0.0006396343815140426,-0.0010552826570346951,1.7317414283752441,-0.09897155314683914,6.161410331726074
2,8126464,0.6748615503311157,0.013311016373336315,-0.007190459407866001,0.02194753661751747,0.02300446480512619,0.04679352417588234,-0.019985809922218323,-0.002363041043281555,0.019116753712296486,1.6738054752349854,-0.08682846277952194,6.324397563934326
2,8257536,0.6572287082672119,0.011463210918009281,0.0058193630538880825,-0.010940429754555225,0.0525059849023819,-0.07553257048130035,0.020350031554698944,6.30124777671881e-05,0.011750743724405766,2.35154390335083,-0.022624243050813675,5.637661457061768
2,8388608,0.21000796556472778,0.009014148265123367,0.004236784763634205,0.012685404159128666,0.014007930643856525,0.011273502372205257,-0.03415100648999214,1.2532181244750973e-05,-0.003075347049161792,0.991132915019989,0.014521797187626362,7.451920032501221
2,8519680,0.9750182032585144,0.012097674421966076,0.005992290563881397,0.0019049441907554865,0.007419522386044264,0.013378184288740158,0.0022430226672440767,-0.004425660707056522,0.00047147678560577333,2.3621509075164795,-0.02727617137134075,5.361623764038086
2,8650752,3.238278865814209,0.04379156604409218,0.043989989906549454,0.04590297490358353,0.027872303500771523,0.10786191374063492,-0.032487161457538605,0.00020081436377950013,0.01716587319970131,4.784236907958984,-0.14142850041389465,1.30235755443573
2,8781824,1.7267117500305176,0.009480414912104607,0.0322733111679554,0.014504321850836277,0.018802011385560036,0.04170972853899002,-0.015416791662573814,-0.0015421833377331495,0.01708643138408661,2.5743119716644287,-0.14738811552524567,4.07597017288208
2,8912896,1.5704703330993652,0.02157915197312832,0.01831100508570671,-0.0012794432695955038,0.030605964362621307,0.05709739401936531,0.015390640124678612,-0.0008035225910134614,-0.0022723821457475424,2.0439107418060303,-0.042340826243162155,4.616860866546631
2,9043968,0.9165906310081482,0.019673889502882957,0.0190234687179327,0.011974991299211979,0.038448017090559006,0.018427740782499313,0.019366148859262466,0.0008283972274512053,0.009538913145661354,2.3099241256713867,-0.12153385579586029,5.413832187652588
2,9175040,0.6293811798095703,0.011015594936907291,0.012878616340458393,0.003501076251268387,0.05151776969432831,0.05735154449939728,0.004931834526360035,0.0007977884961292148,-0.004680407699197531,0.928045392036438,-0.005772670265287161,7.057814598083496
2,9306112,1.155018925666809,0.0006306050927378237,0.02192404866218567,0.05067818611860275,0.026388823986053467,-0.00817959476262331,0.0006495616980828345,0.0003924936172552407,0.0039185225032269955,3.1018943786621094,-0.1381790190935135,4.7652130126953125
2,9437184,0.7424299120903015,0.009943870827555656,-0.001911151921376586,0.008320145308971405,0.025541819632053375,-0.022582370787858963,-0.021982131525874138,0.00023175431124400347,0.013920057564973831,1.9455727338790894,-0.03410976007580757,6.020038604736328
2,9568256,0.5187349915504456,0.004218285903334618,0.0007218917598947883,0.013805504888296127,0.015206336975097656,-0.005804901011288166,-0.024780096486210823,0.001091581303626299,0.003218806814402342,1.5210849046707153,0.07552988082170486,6.562159538269043
2,9699328,2.7853660583496094,0.03858876973390579,0.03613493591547012,0.07467903196811676,0.03753644600510597,0.11116078495979309,-0.031512707471847534,0.0005886558210477233,0.010180811397731304,4.276309967041016,-0.09750011563301086,1.3205533027648926
2,9830400,2.1121912002563477,-0.0013008288806304336,0.016397764906287193,0.045908328145742416,0.04954386129975319,-0.010128781199455261,0.0004574603808578104,-0.0013672104105353355,-0.00433354964479804,2.5837044715881348,-0.060159265995025635,3.5510644912719727
2,9961472,1.4788658618927002,0.028067070990800858,0.011806785129010677,-0.011798306368291378,-0.0026453882455825806,-0.010783974081277847,-0.03210541978478432,-0.001557505107484758,0.004357576835900545,2.66530179977417,0.014817759394645691,3.672525405883789
2,10092544,1.4347014427185059,0.017207661643624306,0.026813577860593796,0.005612469278275967,0.022810859605669975,0.04233171418309212,-0.026899605989456177,0.003199606901034713,0.018980002030730247,2.8929238319396973,-0.07642310857772827,4.408430099487305
2,10223616,0.8378793597221375,0.004626093432307243,0.005313283298164606,-0.010058903135359287,-0.020970558747649193,-0.007354297209531069,0.005897743161767721,-0.0011395270703360438,0.0021441227290779352,1.4955048561096191,0.06079437583684921,5.913061618804932
2,10354688,0.6136718988418579,0.0047815111465752125,0.0031488314270973206,-0.0016135855112224817,0.020514927804470062,0.0017868602881208062,-0.0025067857932299376,-0.002696974901482463,-0.002711897250264883,1.4979684352874756,-0.028687525540590286,6.381626129150391
2,10485760,0.35063284635543823,0.008405234664678574,-0.0012158178724348545,0.020718082785606384,0.023615797981619835,-0.02978132851421833,-0.0025886797811836004,0.0013042157515883446,-0.0013351223897188902,1.2251394987106323,-0.055487487465143204,7.327730178833008
2,10616832,0.804120659828186,0.0008883802802301943,5.681156108039431e-05,0.012289127334952354,-0.008278634399175644,-0.027970949187874794,0.011619205586612225,0.0022223994601517916,-0.003432822646573186,1.2384181022644043,0.10396129637956619,6.510862827301025
2,10747904,2.8889358043670654,0.04180773347616196,0.02822105772793293,0.08528510481119156,0.03174193948507309,0.06107264384627342,-0.01420160848647356,6.349627074087039e-05,0.016396047547459602,3.7748420238494873,-0.10968282073736191,0.8417193293571472
2,10878976,2.4581291675567627,0.03330399468541145,-0.0025116961915045977,0.004692921414971352,0.014059539884328842,0.04930497333407402,-0.0077277361415326595,-0.00017407133418601006,0.011336686089634895,3.2977850437164307,-0.14356251060962677,1.659818172454834
2,11010048,2.5701375007629395,0.036979082971811295,0.007049620617181063,0.005347419064491987,0.028666645288467407,0.07659024745225906,-0.00952508021146059,1.9298759070807137e-05,0.0024116532877087593,3.618220806121826,-0.10675755143165588,1.2831296920776367
2,11141120,2.1670007705688477,0.05501462519168854,0.023610258474946022,0.02824440784752369,0.056830670684576035,0.15599042177200317,0.002638694830238819,2.368198465774185e-06,0.01679505780339241,3.153111457824707,-0.04204212874174118,2.727442502975464
2,11272192,2.1344170570373535,0.042464740574359894,-0.0014001806266605854,0.022228674963116646,0.05128771439194679,0.04029575362801552,0.0024409128818660975,-0.0020943719428032637,0.006369059905409813,3.2698163986206055,-0.10664881765842438,3.0856990814208984
2,11403264,1.9675968885421753,0.03190106898546219,0.015070775523781776,-0.005854845978319645,0.008343692868947983,0.06805392354726791,-0.021984145045280457,-0.0004780026210937649,-0.005492984317243099,3.049241781234741,-0.11870218068361282,3.158690929412842
2,11534336,1.0616339445114136,0.01321166381239891,0.005567191634327173,-0.02151641435921192,0.019925784319639206,0.060399625450372696,0.007236984092742205,-0.000640607438981533,-0.011005057953298092,2.023322820663452,-0.013343332335352898,5.119528770446777
2,11665408,1.0870081186294556,0.0016259686090052128,0.018022693693637848,0.0187818706035614,0.0015535536222159863,-0.023072106763720512,-0.02003234252333641,-0.0011403510579839349,0.012610242702066898,2.648296356201172,-0.07397736608982086,4.697453498840332
2,11796480,2.926344633102417,0.04141509532928467,0.03368896618485451,0.05165393650531769,0.04093858227133751,0.11395079642534256,-0.03663203492760658,0.0005092024803161621,0.011889801360666752,4.276411056518555,-0.15099233388900757,1.488661766052246
2,11927552,2.152695894241333,0.01588561199605465,0.006167077925056219,-0.0004279445856809616,0.0455353744328022,0.0017439312068745494,0.0007078389753587544,,0.020081166177988052,3.260936737060547,-0.15816165506839752,2.999533176422119
2,12058624,1.9236726760864258,0.018397308886051178,0.01943776197731495,0.052350569516420364,0.04532456025481224,0.08133295923471451,0.0014720967737957835,0.000958742864895612,0.022512611001729965,2.761927604675293,-0.11583852767944336,3.4414923191070557
2,12189696,1.470394492149353,0.01220728736370802,0.0037841328885406256,0.03490136191248894,0.02961302176117897,0.06388857215642929,0.0026341862976551056,0.001210134825669229,0.007587759755551815,2.580152988433838,-0.06744541227817535,4.073694229125977
2,12320768,1.5828937292099,0.014755579642951488,0.0020532640628516674,0.015045370906591415,0.01700909622013569,-0.01614733412861824,-0.027532679960131645,-0.0008650078088976443,0.013244496658444405,2.2687995433807373,-0.11340803653001785,4.789360046386719
2,12451840,1.448850393295288,0.01934976875782013,-0.008220275864005089,-0.003157248953357339,0.041134871542453766,-0.0418316014111042,-0.013718116097152233,-0.0001064032330759801,0.005694733466953039,2.2812769412994385,-0.09450846910476685,4.586954593658447
2,12582912,1.1261872053146362,0.009445583447813988,0.001780454651452601,0.00016806241183076054,0.027392173185944557,0.018492719158530235,0.009946473874151707,0.00028261897386983037,-0.0008732842397876084,2.0265610218048096,-0.011610530316829681,5.288972854614258
2,12713984,1.0060855150222778,0.017966175451874733,-0.007517631631344557,0.0012109794188290834,-0.011132452636957169,-0.010002795606851578,-0.028012722730636597,0.006494892295449972,0.004640858620405197,1.6694880723953247,-0.08016583323478699,5.8691725730896
2,12845056,2.3283309936523438,0.012581760995090008,0.03716122359037399,0.010699684731662273,0.022062966600060463,0.07380254566669464,-0.016426384449005127,,0.005388481542468071,4.355820655822754,-0.2302415817975998,3.1468515396118164
2,12976128,1.9698809385299683,0.011436131782829762,0.017426153644919395,-0.008959650993347168,-0.00361481006257236,0.013787837699055672,-0.005424956325441599,-0.0008009244338609278,0.006990575231611729,2.609769105911255,-0.04680976644158363,4.975262641906738
2,13107200,1.1045286655426025,0.01744389906525612,0.008189193904399872,0.0327126570045948,0.023451197892427444,-0.009351794607937336,-0.01946987956762314,,-0.004738779738545418,2.5221197605133057,-0.0481245256960392,4.985899925231934
2,13238272,1.1428157091140747,0.01684299297630787,0.01026112586259842,0.01672978140413761,0.006410268135368824,0.006314140744507313,-0.013592683710157871,-0.00014210803783498704,-0.0002451937471050769,2.1056275367736816,0.04539451375603676,5.2476348876953125
2,13369344,0.9069383144378662,0.007607529871165752,0.01006654929369688,-0.011877312324941158,0.01786884479224682,-0.014125335961580276,-0.018245387822389603,0.0008623768808320165,-0.0036181488540023565,1.6788921356201172,0.060095418244600296,5.837716579437256
2,13500416,1.0472745895385742,0.0027496616821736097,-0.003300657030194998,0.0010218480601906776,0.02713620290160179,0.024947039783000946,-0.00441946042701602,,0.006860589608550072,1.7351915836334229,-0.04518987983465195,5.7448625564575195
2,13631488,0.6611447334289551,0.0059391590766608715,0.005075936671346426,0.00168787338770926,0.005074342247098684,-0.025558846071362495,-0.015391969121992588,0.00012733406038023531,0.000800442008767277,1.3594245910644531,0.05805026367306709,6.454556941986084
2,13762560,0.4491977095603943,0.008714062161743641,0.008199467323720455,0.0032842897344380617,-0.046954959630966187,-0.033923398703336716,-0.009097501635551453,7.412590093736071e-06,-0.0010764168109744787,0.8481540083885193,-0.04587139934301376,7.497903347015381
2,13893632,2.4478344917297363,0.029818641021847725,0.027037307620048523,0.061704762279987335,0.026679150760173798,0.0952996164560318,-0.03988754004240036,0.0033790827728807926,0.011839618906378746,4.559582233428955,-0.13559162616729736,3.0780510902404785
2,14024704,1.2426726818084717,0.008492233231663704,0.016428450122475624,0.0054783448576927185,0.030929137021303177,0.042268406599760056,-0.004957531113177538,5.465747381094843e-05,-0.0056238905526697636,2.004009246826172,-0.03667088598012924,5.876410484313965
2,14155776,1.1676197052001953,0.0259912870824337,0.018493961542844772,-0.002028220798820257,0.04055844619870186,0.05129207670688629,-0.0263363104313612,0.0024094199761748314,-0.003728908486664295,2.2285780906677246,-0.08376840502023697,5.122167110443115
2,14286848,0.5750729441642761,0.010438269004225731,0.0007154661579988897,0.011138787493109703,-0.007782903034240007,-0.025102514773607254,-0.02222887985408306,-0.0008489451138302684,0.0025997215416282415,1.3774669170379639,-0.05297505110502243,6.7319135665893555
2,14417920,1.273651123046875,0.012281221337616444,0.005190473049879074,-0.009705787524580956,0.06596364825963974,0.01816386543214321,0.02777322567999363,,0.00023533919011242688,1.4765230417251587,0.021663576364517212,5.6479105949401855
2,14548992,0.4341939091682434,0.003290388733148575,0.00900761317461729,0.0034384229220449924,0.012108340859413147,-0.04332264885306358,0.007890320383012295,-0.003592676017433405,0.0031018315348774195,1.4160182476043701,-0.05488710105419159,6.607724666595459
2,14680064,0.7397615909576416,0.007901493459939957,-0.0023497212678194046,0.0038526179268956184,-0.022820040583610535,-0.03796156868338585,-0.03246094286441803,-0.005008673761039972,-0.002430463209748268,1.9438750743865967,-0.10189671069383621,6.520813941955566
2,14811136,0.5979894995689392,0.0008992521907202899,0.0015557592269033194,-0.01147516630589962,0.022105546668171883,0.020131569355726242,0.006155685056000948,0.002721623284742236,-0.0018620078917592764,1.5215578079223633,0.03353546932339668,6.6517767906188965
2,14942208,2.9259371757507324,0.036409977823495865,0.029656054452061653,0.07992643862962723,0.0476224422454834,0.14072950184345245,-0.0275032427161932,-0.00014470488531515002,0.01082206703722477,4.815248489379883,-0.13951639831066132,1.0975337028503418
2,15073280,2.1802940368652344,0.014000866562128067,0.030935756862163544,0.06521961092948914,0.03580952435731888,0.05026824027299881,-0.013535762205719948,-0.00081322540063411,0.01070483773946762,3.674319267272949,-0.13539744913578033,3.2042500972747803
2,15204352,1.2883377075195312,0.005431486293673515,0.008972075767815113,0.0068252370692789555,0.015820447355508804,0.03785489872097969,-0.014208601787686348,0.000574636971578002,-0.008354823105037212,2.385561227798462,-0.04744074493646622,4.316963195800781
2,15335424,1.4610416889190674,0.020975565537810326,0.011910635977983475,0.01027547288686037,0.00863223522901535,0.050464827567338943,-0.04581506922841072,-0.0004904844681732357,0.002088621724396944,2.3856213092803955,-0.008769212290644646,4.109910011291504
2,15466496,1.591566562652588,-7.78609755798243e-05,0.02683434821665287,0.016163542866706848,0.05806731432676315,0.031343307346105576,0.005233787465840578,-0.0029361010529100895,-0.004059654660522938,2.0480425357818604,-0.04408605024218559,4.600312232971191
2,15597568,1.4557901620864868,-6.0485777794383466e-05,0.009043432772159576,-0.021905062720179558,0.016181234270334244,0.04572688043117523,-0.02262430638074875,-0.0011464684503152966,0.010720355436205864,2.4411914348602295,-0.02748708613216877,4.584194660186768
2,15728640,1.1365339756011963,0.005915788002312183,-0.0025933056604117155,0.00931769423186779,0.006866049021482468,-0.05209050700068474,-0.038027990609407425,-0.0024665561504662037,-0.0002096804673783481,2.4878532886505127,-0.03484949469566345,4.952544212341309
2,15859712,0.5850132703781128,0.00900376494973898,-0.014915764331817627,0.0006924818153493106,0.002254257909953594,-0.0455443374812603,-0.009764895774424076,,0.0008042962290346622,1.702054738998413,-0.05950038880109787,6.234494209289551
2,15990784,2.8758533000946045,0.024298513308167458,0.012100639753043652,0.05105985701084137,0.010499524883925915,0.13582706451416016,-0.018533239141106606,0.002415769500657916,0.0006387568428181112,4.568709373474121,-0.1808902472257614,2.7129969596862793
2,16121856,1.236372470855713,0.023987459018826485,0.022776301950216293,0.010840577073395252,-0.03537600487470627,-0.045619312673807144,-0.01776106283068657,0.001105821575038135,-0.004248664714396,2.086057662963867,-0.107766292989254,6.327325344085693
2,16252928,1.0671147108078003,0.017269035801291466,0.008561656810343266,0.011055073700845242,-0.004894483834505081,-0.0057525900192558765,-0.0011082027340307832,0.0043717329390347,-0.00183407764416188,1.7753082513809204,-0.06104684993624687,5.803779602050781
2,16384000,1.4126291275024414,0.017260849475860596,0.022353829815983772,0.03266241028904915,0.027908405289053917,-0.036319274455308914,-0.012456762604415417,0.00039067905163392425,0.002782917581498623,2.4751265048980713,-0.03214751183986664,4.884376049041748
2,16515072,0.4535213112831116,0.0093157347291708,-0.0023244374897331,-0.0035528833977878094,-0.006313635036349297,0.003674690378829837,-0.024695640429854393,-0.00016861074254848063,-0.0019248597091063857,1.3524656295776367,0.0009969209786504507,6.923051357269287
2,16646144,0.6052573919296265,0.006656420882791281,0.006817487068474293,0.009292079135775566,0.0134148383513093,-0.027094034478068352,0.048635710030794144,-0.003498932346701622,0.001751963165588677,1.0486822128295898,-0.025060193613171577,6.7704877853393555
2,16777216,0.46158555150032043,0.010101272724568844,-0.000785430776886642,-0.011869102716445923,-0.021667253226041794,0.009455527178943157,-0.025502225384116173,,-0.0021431331988424063,1.367960810661316,-0.005136837251484394,6.9735798835754395
2,16908288,0.2942294478416443,-0.0008021834073588252,-0.00342512596398592,0.008637890219688416,-0.008006880059838295,-0.00611333642154932,0.005526538472622633,-0.0008109456393867731,-0.0025540159549564123,1.106814980506897,0.025877343490719795,7.312252044677734
2,17039360,2.9084248542785645,0.04252256080508232,0.03492758423089981,0.043444301933050156,0.014663289301097393,0.10876452177762985,-0.025577569380402565,-0.00014091191405896097,0.023618582636117935,3.9773480892181396,-0.12222205102443695,0.2579188048839569
2,17170432,2.080955743789673,0.019990714266896248,0.03805528208613396,0.03493480384349823,0.06543205678462982,0.0836406871676445,0.012676038779318333,0.0004427678941283375,0.009591102600097656,2.5243935585021973,-0.06549961119890213,2.1566660404205322
2,17301504,2.627981185913086,0.047127723693847656,0.024500157684087753,0.02152898721396923,0.05493191257119179,0.08362212777137756,-0.0002834406914189458,-0.00016448504175059497,0.023266689851880074,3.1437935829162598,-0.10717251896858215,1.3079122304916382
2,17432576,1.9692672491073608,0.03502961993217468,0.022319968789815903,0.01324537955224514,0.040597546845674515,0.10478489100933075,-0.007466097828000784,0.00031447241781279445,0.015764225274324417,3.106370210647583,-0.15855015814304352,2.7901339530944824
2,17563648,2.321601152420044,0.016647865995764732,0.03217459097504616,0.07603302597999573,0.04894353449344635,0.06658702343702316,-0.04629075527191162,0.0006933102267794311,0.03415706381201744,3.6957058906555176,-0.09321323037147522,3.0124168395996094
2,17694720,1.5163627862930298,-0.00571929756551981,0.015962820500135422,0.029868319630622864,0.05246594548225403,0.039669036865234375,-0.02858295477926731,9.711696475278586e-05,-0.0037478962913155556,2.3981740474700928,-0.04795205220580101,5.028457164764404
2,17825792,0.9346117973327637,0.009225202724337578,0.005435424391180277,0.011542546562850475,0.04806361719965935,0.04936656728386879,0.017051909118890762,0.00195994321256876,0.012495717033743858,1.9830530881881714,-0.08531799167394638,5.495484828948975
2,17956864,1.10102117061615,0.03077002987265587,0.0032490771263837814,0.019217655062675476,0.0065096234902739525,-0.044143106788396835,0.0029525202699005604,6.357910751830786e-05,0.007314556278288364,1.9412448406219482,-0.027549060061573982,5.5177202224731445
2,18087936,2.9199905395507812,0.038969531655311584,0.025278039276599884,0.03804972022771835,0.05394371226429939,0.1048789992928505,-0.013744540512561798,-8.214205445256084e-05,-0.007834545336663723,4.074321746826172,-0.16788041591644287,2.263608932495117
2,18219008,2.2358884811401367,0.03336990624666214,0.01636420004069805,0.031370457261800766,0.02056426741182804,0.09527023881673813,0.014427796006202698,-0.004082267172634602,-0.005736415274441242,2.79762864112854,-0.044258493930101395,3.5516631603240967
2,18350080,1.9970970153808594,0.03815754875540733,0.014456554315984249,0.05975523591041565,-0.0025478177703917027,0.031062070280313492,-0.01095780823379755,-0.001715796417556703,0.02251625433564186,2.54522442817688,-0.07558585703372955,3.6689188480377197
2,18481152,1.511924386024475,0.014139732345938683,0.0020138612017035484,-0.0036713560111820698,0.01636682078242302,-0.018988460302352905,-0.02014409936964512,0.00018141641339752823,0.016865624114871025,2.3690810203552246,-0.10245231539011002,5.012876033782959
2,18612224,0.9168738722801208,0.01388053223490715,0.011532530188560486,-0.0021400609984993935,0.020921392366290092,0.04624319076538086,-0.008689511567354202,0.004537292756140232,-0.003605986712500453,2.0602452754974365,-0.016140306368470192,5.6000800132751465
2,18743296,1.0152034759521484,0.000861697772052139,0.0018968689255416393,0.025061411783099174,0.01635010726749897,0.03199689835309982,-0.025018727406859398,-0.00379639002494514,0.0008548126206733286,2.0486841201782227,-0.119686558842659,5.56715726852417
2,18874368,0.4934302866458893,-0.00023410383437294513,0.004562636371701956,-0.005259530618786812,0.025965845212340355,0.0048080445267260075,-0.013469753786921501,-0.0012924391776323318,-0.0008348883129656315,1.0972537994384766,0.00432754447683692,7.001685619354248
2,19005440,0.8466615676879883,0.005773370154201984,0.003945902455598116,-0.03536543995141983,0.03319140151143074,-0.059594444930553436,-0.017456071451306343,-0.0009617313626222312,0.005693584214895964,2.186784029006958,0.11912599951028824,5.5441741943359375
2,19136512,2.6959993839263916,0.03469378501176834,0.03131557255983353,0.05902014672756195,0.03832613304257393,0.14074286818504333,-0.017736459150910378,0.0001894772722152993,0.01919654570519924,3.792487144470215,-0.1231243908405304,1.6971442699432373
2,19267584,1.9056851863861084,0.022450661286711693,0.03550754114985466,-0.005813944153487682,0.04163506627082825,0.057708725333213806,-0.0038322987966239452,0.0010953424498438835,-0.006543852388858795,2.3533968925476074,-0.07297692447900772,3.7440381050109863
2,19398656,1.8437167406082153,0.021627219393849373,0.017843907698988914,0.019705623388290405,0.06655291467905045,0.09188815206289291,0.01787058636546135,9.424643212696537e-05,0.0018285787664353848,2.5026979446411133,-0.056131456047296524,3.3139820098876953
2,19529728,1.2841894626617432,0.04048794507980347,0.026953337714076042,0.04262256249785423,0.053408510982990265,0.06871654093265533,-0.022883938625454903,-0.0011608687927946448,-0.0009796206140890718,2.4703609943389893,-0.07411297410726547,3.9514224529266357
2,19660800,0.5438470840454102,0.003594949608668685,0.006967015098780394,0.0012067684438079596,0.03870626911520958,0.037584852427244186,0.014524866826832294,-0.00018658397311810404,-0.0016557130729779601,1.723264217376709,0.041489049792289734,6.425291061401367
2,19791872,0.8335728049278259,-0.006352508906275034,0.0031035137362778187,0.049322087317705154,0.030994921922683716,0.08925794810056686,0.0030345721170306206,-0.00014986039604991674,0.0025231074541807175,1.594704031944275,-0.005414357874542475,5.85295295715332
2,19922944,0.3331943452358246,0.017110802233219147,0.0038224104791879654,0.011335816234350204,0.004469975363463163,-0.02016889490187168,-0.018113913014531136,0.00335129676386714,-0.0009756354847922921,1.0898855924606323,0.18793977797031403,6.989465236663818
2,20054016,0.5067179203033447,0.004421456251293421,-0.004261878319084644,0.016352882608771324,0.036725375801324844,-0.004156916402280331,-0.00788914691656828,,0.001355383894406259,1.5367974042892456,-0.04314276576042175,6.51744270324707
2,20185088,2.63244891166687,0.016555102542042732,0.0017383677186444402,0.0950269103050232,0.03903239592909813,0.12299267947673798,-0.019560320302844048,0.0005552819930016994,0.005306562874466181,4.120235443115234,-0.16272027790546417,3.1476523876190186
2,20316160,0.5982776880264282,0.002674959832802415,-0.000815071165561676,-0.0019141965312883258,0.048137117177248,0.03761676698923111,-0.022111624479293823,-0.0013130763545632362,-0.00017468578880652785,1.2604435682296753,0.04928586259484291,7.020569801330566
2,20447232,1.2665941715240479,0.017624495550990105,-0.004317362792789936,0.015349073335528374,-0.027908984571695328,0.010349184274673462,-0.039033833891153336,0.0005290053086355329,0.0027418124955147505,2.1008822917938232,-0.022450659424066544,5.300925254821777
2,20578304,0.8149979114532471,0.009301370941102505,0.011103629134595394,0.02951892279088497,0.06503820419311523,-0.044280413538217545,0.01867753267288208,0.002400296740233898,-0.002425398677587509,2.030090570449829,-0.03311372175812721,5.737616062164307
2,20709376,0.547976016998291,0.011629711836576462,-0.002251910511404276,0.007851364091038704,0.010088039562106133,-0.0035181089770048857,0.015007128939032555,6.0986076277913526e-06,-0.004834693856537342,1.5182666778564453,-0.045318346470594406,6.75357723236084
2,20840448,0.791375458240509,0.011500130407512188,0.004059177357703447,0.014986998401582241,0.024513015523552895,-0.010751659981906414,-0.0014595678076148033,2.7939358915318735e-05,-0.0013277437537908554,1.5616323947906494,-0.027111634612083435,6.402557849884033
2,20971520,0.34831318259239197,0.0002051585033768788,0.00118632975500077,-0.0013821712927892804,0.0030228879768401384,-0.03805585578083992,-0.017056172713637352,0.0003650787111837417,0.00432794913649559,1.4377214908599854,0.0008170182700268924,6.941797733306885
2,21102592,0.4129202663898468,-0.00010188524174736813,0.009206471964716911,0.01456296257674694,-0.011538864113390446,0.024709291756153107,-0.004483907949179411,0.0011539508122950792,0.008588406257331371,1.3282195329666138,0.021950628608465195,6.760852336883545
2,21233664,2.5820581912994385,0.043369077146053314,0.04494438320398331,0.047042809426784515,0.055046070367097855,0.08672905713319778,-0.01055491529405117,-1.643175164645072e-05,0.02167227305471897,3.517827033996582,-0.11357595771551132,0.3725898563861847
2,21364736,1.8763097524642944,0.01405082643032074,0.014813165180385113,0.02992098778486252,0.0688071921467781,0.1449422985315323,0.010479243472218513,-0.0023901595268398523,0.01610526815056801,2.5449206829071045,-0.11455988883972168,2.0184741020202637
2,21495808,2.5973336696624756,0.05130486935377121,0.042427342385053635,0.028239388018846512,0.05386634171009064,0.09562928974628448,-0.010020660236477852,0.0007365750498138368,0.032542500644922256,3.7099387645721436,-0.19118565320968628,0.5036690831184387
2,21626880,2.4773590564727783,0.0343584269285202,0.04591525346040726,0.04824024438858032,0.034548044204711914,0.09164898097515106,-0.016884978860616684,0.0002199103619204834,0.026509754359722137,3.293064832687378,-0.14395074546337128,2.105118751525879
2,21757952,2.594273090362549,0.024955978617072105,0.018344324082136154,0.0419868640601635,0.07089292258024216,-0.015141891315579414,-0.027063841000199318,0.0005720757180824876,0.007593701593577862,3.536133050918579,-0.10837071388959885,2.928662061691284
2,21889024,1.0767393112182617,0.005249521695077419,0.024804113432765007,-0.0017023129621520638,0.03529732674360275,0.006131206173449755,-0.03974137455224991,6.912594835739583e-05,0.004102574661374092,2.212458372116089,0.08603356778621674,5.520627498626709
2,22020096,1.1922597885131836,0.0043680137023329735,0.007696597371250391,0.02719157189130783,0.04554302245378494,0.014817899093031883,-0.014926989562809467,,0.006161227822303772,2.078352212905884,-0.047458797693252563,5.162116050720215
3,131072,3.237591028213501,0.0376146025955677,0.029122838750481606,0.04880790412425995,0.05725354328751564,0.127846360206604,-0.00022834583069197834,2.4164975911844522e-05,0.014888212084770203,4.111166954040527,-0.2526057958602905,0.09808283299207687
3,262144,1.9510363340377808,0.09458043426275253,0.024742215871810913,0.043346159160137177,0.0456424355506897,0.09463094919919968,0.02784421108663082,0.00042332077282480896,0.019178759306669235,2.9626314640045166,-0.16008725762367249,5.317116737365723
3,393216,3.4522953033447266,0.07740335911512375,0.029597144573926926,0.036824144423007965,0.028385618701577187,0.10727157443761826,-0.01307760551571846,0.0002799313224386424,0.02531740628182888,4.538574695587158,-0.22723907232284546,0.3780561685562134
3,524288,2.33439040184021,0.03261273354291916,0.028644809499382973,0.028895528987050056,0.05099211260676384,0.11273859441280365,0.02805490419268608,-0.0016766585176810622,0.013742802664637566,3.0170319080352783,-0.20042532682418823,3.0131003856658936
3,655360,2.8688747882843018,0.05514312908053398,0.02457365207374096,0.06523506343364716,0.03368295356631279,0.11738958954811096,-0.02316979318857193,,0.005771873984485865,3.508626937866211,-0.21173237264156342,1.807336688041687
3,786432,2.2202415466308594,0.03901103883981705,0.025639450177550316,0.049228329211473465,0.01626885123550892,0.0508851483464241,-0.0060160793364048,0.0009281890233978629,0.008449181914329529,3.3708765506744385,-0.19450195133686066,2.7998859882354736
3,917504,1.4976061582565308,0.021586943417787552,0.014148748479783535,0.018335608765482903,0.031126704066991806,0.056373029947280884,-0.03056337498128414,-1.3370428860071115e-05,0.006070430856198072,2.27481746673584,-0.1121426671743393,4.689347743988037
3,1048576,2.1048848628997803,0.020823180675506592,0.03102298080921173,0.049444153904914856,0.009317316114902496,0.0020937523804605007,-0.025454875081777573,0.00016554260218981653,0.0031035332940518856,2.9376113414764404,-0.0989404246211052,3.617783308029175
3,1179648,1.047892451286316,0.005107065662741661,-0.003304056590422988,0.0052268835715949535,0.014093035832047462,0.0308795478194952,-0.008540704846382141,-0.0009139672620221972,-0.008892378769814968,1.7293208837509155,0.09615153074264526,5.619481563568115
3,1310720,2.419243574142456,0.01520530879497528,0.012088083662092686,0.03172832727432251,0.028292033821344376,0.12446678429841995,0.00972907803952694,0.0005198682192713022,0.012008986435830593,4.079775810241699,-0.21158547699451447,3.2105743885040283
3,1441792,1.2211730480194092,0.011879144236445427,-0.01504979282617569,0.02143348567187786,-0.003062743227928877,0.0448736809194088,0.010509242303669453,2.467120430083014e-05,-0.010214777663350105,2.1452138423919678,-0.0792834535241127,5.250069618225098
3,1572864,1.4625166654586792,0.01790568046271801,0.011066487990319729,0.0008777319453656673,0.03898840397596359,0.012362140230834484,0.015288607217371464,0.0017542514251545072,0.0168963260948658,2.1478641033172607,-0.06763714551925659,5.04515266418457
3,1703936,0.4234318137168884,0.0013877837918698788,0.0033461092971265316,0.0013047046959400177,0.0391155444085598,0.013759621419012547,-0.002406254643574357,-0.00021176009613554925,0.0024733778554946184,1.3821215629577637,-0.014827688224613667,6.856994152069092
3,1835008,1.0744951963424683,0.00881380494683981,0.0096583878621459,-0.014225578866899014,0.029291566461324692,-0.044876158237457275,-0.033127933740615845,0.00015220759087242186,0.005824274383485317,1.780108094215393,-0.0011304384097456932,6.034235954284668
3,1966080,0.02388051524758339,-0.006781825330108404,-0.005587492138147354,0.0014038995141163468,-0.018956327810883522,-0.027252541854977608,-0.03367216885089874,0.000831305980682373,-0.006247773300856352,0.5600666999816895,0.09359179437160492,8.149977684020996
3,2097152,0.38244855403900146,0.0020651144441217184,0.0006637420156039298,-0.014329662546515465,0.005879088304936886,0.015329699963331223,0.015575490891933441,-0.002880598185583949,0.0030023055151104927,0.9030651450157166,0.09002014249563217,7.110630035400391
3,2228224,0.7277342677116394,0.00703973276540637,0.0025239894166588783,0.03393559902906418,-0.022306984290480614,0.0018567274091765285,-0.03474169969558716,0.002261080779135227,0.0006622813525609672,1.4692208766937256,-0.02656577341258526,6.465651512145996
3,2359296,3.1268723011016846,0.019534775987267494,0.010711903683841228,0.05669674277305603,0.03413455933332443,0.12172608822584152,-0.032912105321884155,0.00011221173190278932,-0.002606014721095562,4.042326927185059,-0.0998251736164093,1.9000922441482544
3,2490368,1.3232831954956055,0.02071201056241989,0.031705427914857864,-0.006489919498562813,-0.022505786269903183,-0.010844352655112743,-0.01231951080262661,-0.0030083090532571077,0.00016773621609900147,2.275169849395752,-0.08361887186765671,4.4127888679504395
3,2621440,1.3214665651321411,0.015122555196285248,-0.01307588443160057,0.011393909342586994,0.03639204427599907,0.06532791256904602,0.013860002160072327,-0.000481817580293864,0.00849271658807993,2.2487235069274902,-0.13343530893325806,3.7150726318359375
3,2752512,1.3080065250396729,0.013695082627236843,0.019404567778110504,0.04486234113574028,0.021236909553408623,-0.010379830375313759,-0.03706357255578041,0.0006838999688625336,0.008782741613686085,2.087902307510376,-0.04361464083194733,5.126582145690918
3,2883584,1.3036470413208008,0.007852026261389256,0.03243827074766159,-0.011551393195986748,0.039198022335767746,0.032273534685373306,-0.0028213979676365852,0.00015067010826896876,0.012250126339495182,1.7966145277023315,-0.003468891140073538,5.471108436584473
3,3014656,0.9728543758392334,-0.0029911117162555456,0.0029673464596271515,0.039060529321432114,0.012538520619273186,-0.02722088247537613,-0.022439640015363693,0.005213657394051552,-0.004969270899891853,1.9755455255508423,-0.05993076041340828,5.3963518142700195
3,3145728,0.4835691750049591,0.005563682876527309,0.0007480274653062224,-0.0029219421558082104,0.029571179300546646,0.025820806622505188,-0.008437851443886757,0.0011856708442792296,-0.004714559763669968,1.2448922395706177,0.08656430244445801,6.636298656463623
3,3276800,0.7355448007583618,0.0016718636034056544,-0.0007283989107236266,0.014913883991539478,-0.016797127202153206,-0.05929119139909744,-0.04440196231007576,0.0034841522574424744,-0.007527167908847332,1.7355047464370728,-0.050213076174259186,6.173592567443848
3,3407872,2.5984561443328857,0.024274535477161407,0.01829049177467823,0.01897633634507656,0.05728831887245178,0.15324202179908752,0.001898874994367361,0.0008211212116293609,0.009907337836921215,4.756068229675293,-0.222191721200943,2.3949949741363525
3,3538944,1.0908147096633911,0.008610648103058338,-0.003083593677729368,-0.027120405808091164,-0.005285280290991068,-0.004811332561075687,-0.018252728506922722,0.0016817647265270352,-0.013075142167508602,2.0048375129699707,-0.019738806411623955,6.2674641609191895
3,3670016,1.6518458127975464,0.019988588988780975,-0.005361497867852449,0.015949828550219536,0.027360185980796814,-0.025524204596877098,-0.014039126224815845,-0.007204409223049879,0.006703550461679697,2.6931374073028564,-0.11576972901821136,4.402056694030762
3,3801088,0.7560991048812866,0.010570870712399483,0.00898379273712635,0.016303548589348793,0.029475180432200432,0.036756712943315506,-0.003375672036781907,-0.0007559757796116173,-0.0020484428387135267,1.7502638101577759,-0.09232594817876816,6.045759201049805
3,3932160,1.3941700458526611,0.013787099160254002,0.009060584008693695,0.04178551584482193,0.0008577542030252516,0.051063910126686096,-0.031992871314287186,-0.0006869154749438167,0.016693001613020897,2.551448106765747,-0.08228994160890579,4.345254421234131
3,4063232,0.8975148797035217,0.006236839573830366,-0.0016806977801024914,0.01774430088698864,0.010089477524161339,0.05123141035437584,-0.02777092717587948,,0.002990167820826173,1.5212993621826172,-0.06093846634030342,6.058879375457764
3,4194304,0.6739781498908997,0.008003965020179749,0.004647409543395042,0.018578412011265755,0.03005952574312687,0.0436626560986042,0.021364573389291763,0.00011328421533107758,0.0034411258529871702,1.5974767208099365,-0.04132131487131119,6.192523002624512
3,4325376,0.8261156678199768,0.009831645525991917,0.006011948920786381,0.03480060026049614,0.01214488223195076,0.046470191329717636,0.021408796310424805,0.0008599247667007148,0.01571352779865265,1.5859694480895996,-0.004960797261446714,6.016269207000732
3,4456448,3.0205631256103516,0.0442139208316803,0.0321437306702137,0.03058737888932228,0.03348841145634651,0.13422057032585144,-0.01089860126376152,0.00034412535023875535,0.026797983795404434,4.002864360809326,-0.17858396470546722,1.4150573015213013
3,4587520,2.065009593963623,0.009908031672239304,0.008628138341009617,0.010846531949937344,0.01608741283416748,0.024142127484083176,-0.01684868335723877,-0.000724549638107419,-0.012483214028179646,2.5657105445861816,-0.07357696443796158,3.0268261432647705
3,4718592,1.5213356018066406,0.024454619735479355,0.008890246972441673,0.033361393958330154,0.01369690615683794,0.05331793054938316,-0.01394586730748415,0.004011205397546291,0.009430641308426857,2.1695210933685303,-0.09238811582326889,3.5621917247772217
3,4849664,1.6677087545394897,0.010507779195904732,-0.003802346996963024,-0.012492570094764233,0.011234210804104805,0.00584764126688242,-0.01143698301166296,-0.0020541877020150423,0.004828263074159622,2.5180857181549072,-0.05630040168762207,4.439141750335693
3,4980736,1.4686310291290283,0.010087713599205017,0.019722994416952133,0.0064110965467989445,0.046829067170619965,-0.007519295904785395,-0.03396747261285782,0.0016003998462110758,0.009487583301961422,2.197150707244873,0.032996442168951035,5.007115840911865
3,5111808,0.9251717329025269,-0.006632747128605843,0.003601545700803399,0.0011357443872839212,0.03185804933309555,-0.05356777831912041,0.007179414853453636,-1.1452435501269065e-05,0.0007668451289646327,1.8956329822540283,-0.026349348947405815,5.5022053718566895
3,5242880,0.8994557857513428,0.004235385917127132,-0.0080973906442523,0.022576365619897842,-0.015741128474473953,-0.05771975964307785,-0.02864641509950161,,-0.006493373308330774,1.7487847805023193,-0.051273882389068604,6.043882846832275
3,5373952,0.8392682671546936,0.02495889738202095,0.011883324012160301,-0.0019725696183741093,0.029911614954471588,-0.008870914578437805,-0.005102246534079313,7.3277437877550256e-06,-0.0019608428701758385,1.7246614694595337,-0.020682884380221367,5.994339466094971
3,5505024,2.6436970233917236,0.02329883724451065,0.011381593532860279,0.057106196880340576,0.030616937205195427,0.10188251733779907,-0.029384978115558624,0.00024980714078992605,0.013548779301345348,4.066080093383789,-0.22432753443717957,3.0386505126953125
3,5636096,1.145276665687561,0.0054512834176421165,0.004543171264231205,0.008159138262271881,0.04689793288707733,0.0708065927028656,-0.014493904076516628,-0.0002448246523272246,0.008901090361177921,2.2241523265838623,-0.05448232218623161,5.379288673400879
3,5767168,1.4411027431488037,0.022927191108465195,0.009574943222105503,0.0044845216907560825,0.021768741309642792,0.029320616275072098,-0.03300296142697334,0.0010778899304568768,0.01131448708474636,3.2229878902435303,-0.06318356096744537,4.01268196105957
3,5898240,0.38322389125823975,0.005280894227325916,-0.0019574074540287256,-0.011824549175798893,0.00856784451752901,-0.0006008778582327068,0.007734621874988079,-0.000308401562506333,-0.002131557557731867,1.0510016679763794,0.012917464599013329,7.157879829406738
3,6029312,1.2976540327072144,0.009859899990260601,0.024232113733887672,-0.03769981488585472,-0.00044737389544025064,-0.025299429893493652,-0.02170456387102604,,0.004928162787109613,2.245243549346924,-0.06983600556850433,5.118424892425537
3,6160384,1.050958275794983,0.01248650997877121,0.009986430406570435,0.017689967527985573,0.017284484580159187,-0.0388476625084877,-0.023527348414063454,5.868594962521456e-05,0.0007319295546039939,1.6331628561019897,-0.07739698141813278,6.160691738128662
3,6291456,0.7681959867477417,-0.006781802047044039,-0.00024010942433960736,-0.006867573130875826,0.017440984025597572,-0.03554747998714447,-0.025201886892318726,0.00024023540026973933,-0.00041880784556269646,1.8679571151733398,0.03724240884184837,5.928588390350342
3,6422528,0.6719239950180054,0.0012556513538584113,0.001639069407247007,-0.0059659467078745365,0.007586861494928598,-0.02681126818060875,-0.003928689751774073,-0.0010921742068603635,-0.003850805340334773,2.0889031887054443,-0.05514785647392273,5.934952735900879
3,6553600,2.7268974781036377,0.028629843145608902,0.0231501255184412,0.024644065648317337,0.027064219117164612,0.07557158172130585,-0.030431004241108894,-0.0016432281117886305,0.003727697068825364,4.139838218688965,-0.17078308761119843,2.5401878356933594
3,6684672,1.7196850776672363,0.01985710673034191,-0.01014744397252798,0.01380421593785286,0.021499762311577797,0.05775931850075722,-0.011932775378227234,0.000442213611677289,-0.0016595416236668825,2.4250149726867676,-0.0640665739774704,4.328849792480469
3,6815744,1.3851213455200195,0.03248492628335953,0.014931873418390751,0.020315485075116158,0.029980143532156944,0.025610527023673058,-0.04001482576131821,-0.0005433341721072793,0.0061273640021681786,2.328312873840332,-0.06666892766952515,4.957555770874023
3,6946816,0.7372546195983887,0.001765267108567059,0.0004867838288191706,-0.014573570340871811,0.011611774563789368,-0.007401569746434689,0.02090526930987835,0.0017149504274129868,0.0036635957658290863,1.4075273275375366,-0.12021137028932571,6.620043754577637
3,7077888,0.9666866064071655,0.0030002363491803408,-0.0017133032670244575,0.001035343506373465,0.027098551392555237,0.018023526296019554,-0.013639958575367928,0.0003927767975255847,0.003041566116735339,1.1153743267059326,0.06369250267744064,6.488659381866455
3,7208960,0.5977218151092529,-0.001188291353173554,-0.0018942371243610978,0.0049652596935629845,-0.011815131641924381,-0.009364173747599125,-0.017767004668712616,-0.0011816134210675955,0.006938911508768797,1.3656896352767944,0.014500150457024574,6.740585803985596
3,7340032,0.5312927961349487,-0.0016371301608160138,0.0036381310783326626,-0.006411870010197163,0.016504276543855667,-0.01166688371449709,-0.03902855142951012,-0.00012416949903126806,0.0022171803284436464,1.4020172357559204,-0.06924270838499069,6.884399890899658
3,7471104,0.6037249565124512,0.010557093657553196,0.008445486426353455,-0.0263682771474123,-0.017107373103499413,-0.02011844888329506,-0.016524000093340874,-0.000592803698964417,0.0050421301275491714,0.8381764888763428,0.06247406825423241,7.29513692855835
3,7602176,2.2200586795806885,0.025280550122261047,0.015337245538830757,0.022861329838633537,0.01321684755384922,0.14191670715808868,-0.01308375597000122,0.001216749893501401,0.015351220034062862,4.292849063873291,-0.17972120642662048,2.8945999145507812
3,7733248,1.139636754989624,0.013734503649175167,0.004725468810647726,0.01767042651772499,0.046758364886045456,0.05461245775222778,-0.0033693567384034395,0.0009853080846369267,0.009758265689015388,2.015517234802246,-0.02870168164372444,5.645857334136963
3,7864320,1.6405469179153442,0.02524244226515293,0.01874128170311451,0.012911522760987282,-0.016339553520083427,0.036490462720394135,-0.046318043023347855,-1.823896491259802e-05,0.012383868917822838,3.107724189758301,-0.10523917526006699,3.963627338409424
3,7995392,0.7127891778945923,0.007765958551317453,0.007734362035989761,0.006111292168498039,0.03179085999727249,-0.00643563037738204,0.013686297461390495,-0.003920120187103748,0.003396884072571993,1.3276914358139038,0.022173048928380013,6.514889240264893
3,8126464,0.45859774947166443,0.006760670803487301,0.004432951100170612,0.01546691358089447,-0.021893423050642014,-0.027044206857681274,-0.005993805825710297,0.0009520220919512212,-0.000338910729624331,1.3736375570297241,0.016164390370249748,6.7316203117370605
4,131072,3.325956344604492,0.041330043226480484,0.0317859873175621,0.035520970821380615,0.060470033437013626,0.12484166771173477,0.012926819734275341,0.00011270226241322234,0.013213654980063438,4.218638896942139,-0.22698597609996796,0.042276568710803986
4,262144,1.5498690605163574,0.09946594387292862,0.027391215786337852,0.05629808455705643,0.052619632333517075,0.11715403944253922,0.034625474363565445,-0.00042354362085461617,0.035007260739803314,2.788698673248291,-0.10868864506483078,5.3038530349731445
4,393216,3.4744746685028076,0.08353184163570404,0.044533874839544296,0.041161924600601196,0.043348122388124466,0.14219994843006134,-0.01186767965555191,1.036931553244358e-05,0.03503119572997093,4.366408348083496,-0.18351022899150848,0.4520692229270935
4,524288,2.130859613418579,0.016840316355228424,0.015668092295527458,0.026788612827658653,0.05706509202718735,0.13567379117012024,0.03607628867030144,2.3877497369539924e-05,0.008436248637735844,2.603407859802246,-0.13559313118457794,3.7837352752685547
4,655360,3.0103235244750977,0.06280586123466492,0.04416771978139877,0.04058440029621124,0.032488077878952026,0.11657583713531494,-0.013234912417829037,,0.043637700378894806,3.3630716800689697,-0.18862561881542206,2.0809686183929443
4,786432,1.35018789768219,0.018342159688472748,-0.005977792199701071,-0.008388355374336243,0.013471628539264202,-0.017840804532170296,0.01357096154242754,-0.001683413633145392,0.010570443235337734,2.1321141719818115,-0.13098907470703125,5.218142509460449
4,917504,1.0585519075393677,0.0023803701624274254,-0.007273576222360134,0.029747487977147102,0.02524007484316826,0.04526830092072487,-0.0057916175574064255,0.0012206054525449872,0.004833549726754427,1.9091821908950806,-0.001028877217322588,5.704244136810303
4,1048576,1.1747668981552124,0.012580051086843014,0.017584946006536484,-0.0063793230801820755,0.012080684304237366,-0.022561412304639816,-0.017653556540608406,-0.0001026135214488022,-0.003067371202632785,1.8835444450378418,-0.03219376876950264,5.680325508117676
4,1179648,0.498933345079422,0.0011504051508381963,-0.002292236313223839,0.0060044145211577415,0.031743552535772324,0.004875863436609507,-0.002958219265565276,-0.0016727964393794537,-0.0007355330162681639,1.2462055683135986,0.07122878730297089,7.001935005187988
4,1310720,2.995009183883667,0.03738152235746384,0.02894751913845539,0.017760323360562325,0.00401409063488245,0.17115622758865356,-0.030439572408795357,-0.0003357539535500109,-0.011979927308857441,4.236244201660156,-0.15683625638484955,2.637418031692505
4,1441792,1.4190411567687988,0.021136878058314323,0.03140521049499512,0.03525703027844429,0.0033481756690889597,0.04152929037809372,-0.02514009177684784,0.0010665083536878228,0.014046341180801392,2.5717852115631104,-0.08504637330770493,4.919142723083496
4,1572864,1.1205393075942993,0.014479059725999832,0.007253796327859163,0.006134060211479664,0.05601555109024048,0.0036766326520591974,-0.003319300478324294,-0.0018725348636507988,0.003552757203578949,2.073263645172119,0.02116231620311737,5.293013095855713
4,1703936,0.6988270878791809,0.009418483823537827,0.006865298375487328,-0.008620921522378922,0.009157921187579632,0.030201183632016182,-0.0033769309520721436,0.0009802189888432622,0.011695078574120998,1.666203260421753,0.021029546856880188,6.237860202789307
4,1835008,0.32480117678642273,0.0022151321172714233,-0.002575262915343046,0.004383197519928217,0.014600335620343685,0.042756497859954834,0.027830539271235466,0.008212493732571602,0.0012175317388027906,1.1516555547714233,0.0035044613759964705,7.068336486816406
4,1966080,0.3488977253437042,-0.0010572810424491763,0.009471621364355087,0.0047906129620969296,-0.0004484288801904768,0.0045915027149021626,-0.002740756841376424,0.002068121451884508,-0.004817378707230091,1.3987319469451904,0.07079396396875381,6.84035062789917
4,2097152,0.27959975600242615,0.0021864804439246655,-0.0013508517295122147,0.0042706700041890144,0.005223599262535572,-0.011863414198160172,0.001862414414063096,,-0.0008357194601558149,1.2345020771026611,-0.1067783385515213,7.232443809509277
4,2228224,0.4262758195400238,0.001705286675132811,0.004792384337633848,0.018185285851359367,0.054084934294223785,-0.04471249505877495,-0.014063051901757717,-1.2101810398235102e-06,0.003637840738520026,1.248137354850769,0.06795519590377808,6.95298433303833
4,2359296,2.9867045879364014,0.040109291672706604,0.035336319357156754,0.03497680649161339,0.019871246069669724,0.17293502390384674,-0.02845379337668419,0.0011626101331785321,0.022578105330467224,4.545112133026123,-0.16697293519973755,2.021986961364746
4,2490368,1.5357182025909424,0.018436089158058167,0.0029767551459372044,0.026938822120428085,0.02544196881353855,-0.017906084656715393,0.01218267623335123,0.0007891128188930452,0.008608832024037838,2.3263046741485596,-0.08366364240646362,4.854450702667236
4,2621440,1.0852744579315186,0.0214777160435915,0.017382871359586716,0.021226515993475914,0.023578332737088203,0.05641807243227959,-0.013470190577208996,0.0011203329777345061,0.005513090640306473,2.1048574447631836,-0.027218598872423172,5.279252052307129
4,2752512,1.1945868730545044,0.018817292526364326,0.004063054919242859,0.023903697729110718,0.013395668938755989,0.023855824023485184,-0.0008338597835972905,-1.5687795894336887e-05,-0.003431885503232479,2.0416061878204346,-0.15081429481506348,5.566938400268555
4,2883584,0.5101797580718994,0.0026698296424001455,0.0025609692092984915,-0.0032010453287512064,0.008981676772236824,-0.007323419209569693,-0.004972764756530523,0.0015220596687868237,-0.005870279856026173,1.36505126953125,-0.10752645134925842,7.094987392425537
4,3014656,0.7125775218009949,-0.015188968740403652,0.00397721491754055,-0.011248169466853142,0.018346602097153664,0.03777652233839035,-0.015309203416109085,-0.00034059639438055456,-0.006122869439423084,1.0288636684417725,0.08125431835651398,6.652994155883789
4,3145728,0.5162762403488159,0.006403782404959202,0.0012418597470968962,0.004114747978746891,0.009268105030059814,0.0031423543114215136,-0.0012232739245519042,-0.0005411162273958325,0.006871077697724104,1.1940782070159912,-0.03931983932852745,7.12663459777832
4,3276800,0.7047766447067261,-0.0009738728986121714,0.0019822120666503906,0.015267245471477509,0.0005519608384929597,-0.0019622512627393007,-0.03222791850566864,0.002755629364401102,0.0030072249937802553,1.6134428977966309,-0.018253006041049957,6.523986339569092
4,3407872,2.421431064605713,0.029980923980474472,0.04330190271139145,0.051742564886808395,0.05614691227674484,0.1068911999464035,-0.011740178801119328,,-0.0010710743954405189,3.959590435028076,-0.1856914460659027,3.149740695953369
4,3538944,0.7580854296684265,0.003398569067940116,0.0018856084207072854,-0.00783273484557867,-0.007459025830030441,0.02683210000395775,-0.012658110819756985,-0.0007594306953251362,0.0017073155613616109,1.509507656097412,-0.010129757225513458,7.030721187591553
4,3670016,1.5027742385864258,0.02326861582696438,0.008481252007186413,-0.02716381847858429,0.04429662227630615,0.02297835797071457,-0.022460153326392174,0.0013891913695260882,0.014811364002525806,2.059933662414551,-0.02387881651520729,5.289575099945068
4,3801088,1.1204216480255127,0.01598789542913437,0.01327886525541544,-0.0032893673051148653,-0.009746315889060497,0.0269485991448164,-0.037423521280288696,0.002903786487877369,0.0018529380904510617,1.8478816747665405,-0.07550320029258728,5.796849250793457
4,3932160,0.9799506068229675,-0.0007449344848282635,0.006450594402849674,0.02641243487596512,0.03878169134259224,0.07530826330184937,-0.02460714802145958,-0.0003065164783038199,0.006962411105632782,1.6766999959945679,-0.024342428892850876,5.9607038497924805
4,4063232,0.6464791297912598,-0.0028577204793691635,0.004892140626907349,-0.030709346756339073,0.028521329164505005,0.022405559197068214,0.001218810211867094,,-0.008172416128218174,1.113109827041626,0.039685048162937164,7.004573345184326
4,4194304,0.3013004958629608,-0.0002628953952807933,0.0011256556026637554,-0.00361839821562171,0.021406400948762894,-0.005879842676222324,-0.008328977972269058,-0.0007901419885456562,-0.0033543515019118786,1.0878876447677612,0.033510468900203705,7.508740425109863
4,4325376,0.1628248691558838,-0.0023806446697562933,-0.00017165596364066005,0.007114939857274294,-0.009555523283779621,-0.004635315854102373,0.005717313848435879,0.003908361308276653,0.0018665321404114366,1.12213933467865,-0.00893760472536087,7.432831287384033
4,4456448,2.9766621589660645,0.02859475277364254,0.011985438875854015,0.042605239897966385,0.017868811264634132,0.13531653583049774,-0.026273401454091072,-0.0009315661736764014,0.007104370277374983,4.423934459686279,-0.13405326008796692,1.8170123100280762
4,4587520,1.1991461515426636,0.010952324606478214,0.0206727534532547,0.025419775396585464,0.0342656634747982,0.078292116522789,-0.002249927958473563,0.000355532334651798,0.001686252187937498,1.7935818433761597,-0.06953931599855423,5.405921459197998
4,4718592,1.1619126796722412,0.004781647119671106,-0.002775491215288639,0.0135454460978508,0.03340349346399307,0.002081524347886443,0.017944617196917534,,0.0035169334150850773,2.212625741958618,-0.03610335662961006,4.5939788818359375
4,4849664,0.9980201721191406,-0.0014387811534106731,0.005870446562767029,0.004032347351312637,0.010496723465621471,0.03333598002791405,-0.008729386143386364,-0.0003705460112541914,0.0016745663015171885,1.69840407371521,-0.02232404053211212,6.094890117645264
4,4980736,0.530289351940155,0.0027160889003425837,-0.0054967631585896015,0.01096261665225029,0.030286962166428566,0.00748730031773448,0.01969611458480358,-0.0011746471282094717,-0.0003600213094614446,1.2444171905517578,-0.09767331928014755,7.244487762451172
4,5111808,0.3786020576953888,-0.002886913949623704,0.002289168071001768,-0.006396052893251181,-0.0035294033586978912,-0.02674885280430317,-0.02672584541141987,-0.001136672799475491,0.007034759037196636,1.178071141242981,-0.08623852580785751,7.372697830200195
4,5242880,1.2195807695388794,-0.006953076925128698,-0.017104800790548325,0.016579043120145798,0.022227898240089417,-0.03483280539512634,-0.023214228451251984,0.0008375762263312936,-0.009520201943814754,1.6816507577896118,0.024038752540946007,5.9371018409729
5,131072,3.249640941619873,0.038326796144247055,0.024793362244963646,0.0366969108581543,0.06459812819957733,0.11868644505739212,0.005227325949817896,5.612799941445701e-05,0.016100551933050156,4.2412614822387695,-0.18816925585269928,0.08460211753845215
5,262144,1.639251947402954,0.09167055785655975,0.02616223506629467,0.04364962875843048,0.03445391356945038,0.0774785503745079,0.02343357540667057,0.0029499672818928957,0.020218398422002792,2.6646828651428223,-0.13785211741924286,5.485267639160156
5,393216,3.5725486278533936,0.09630510210990906,0.038410864770412445,0.03826737031340599,0.04528292641043663,0.13975034654140472,-0.015600716695189476,0.00022277091920841485,0.029469145461916924,4.6726484298706055,-0.16052405536174774,0.26285216212272644
5,524288,2.313431978225708,0.018781065940856934,0.013652188703417778,0.05871715024113655,0.04127082973718643,0.09193921834230423,-0.0033535133115947247,4.656788587453775e-05,0.015989720821380615,2.8716044425964355,-0.08343439549207687,3.375066041946411
5,655360,2.836078405380249,0.060386285185813904,0.030339377000927925,0.017448758706450462,0.030538765713572502,0.013666613958775997,-0.011191668920218945,-0.00020560967095661908,0.008506751619279385,3.635011672973633,-0.1382102072238922,2.969416379928589
5,786432,1.3715870380401611,0.02796233259141445,0.014653005637228489,0.07767456769943237,0.06450241059064865,0.1496928185224533,0.045555051416158676,2.2118552806205116e-05,0.02039722353219986,2.327563524246216,-0.05101102963089943,4.755697727203369
5,917504,0.821969211101532,0.0011447069700807333,0.0053138090297579765,0.03211921080946922,0.008170340210199356,0.0562891960144043,-0.02837713249027729,-0.004182991571724415,0.01779569499194622,2.272333860397339,-0.06978758424520493,5.884485244750977
5,1048576,1.1516475677490234,0.023038722574710846,0.0040795947425067425,0.05294502153992653,0.05903218686580658,0.0268910750746727,-0.007028583437204361,0.0012046719202771783,0.01740037091076374,2.197634220123291,-0.05642670765519142,5.631219387054443
5,1179648,0.5506501793861389,0.006069243419915438,0.0009546293294988573,0.004271249752491713,0.013629653491079807,0.01443199161440134,0.005770128685981035,0.0006757979863323271,0.003264600643888116,1.3558876514434814,0.011623327620327473,6.955718040466309
5,1310720,2.9643232822418213,0.04264558479189873,0.014376315288245678,0.05503421649336815,0.028505098074674606,0.10993752628564835,-0.01697562262415886,-0.003124779788777232,0.031817466020584106,4.2545061111450195,-0.09575013816356659,0.6412259936332703
5,1441792,2.061999797821045,0.014003003016114235,0.0024685910902917385,0.009586485102772713,0.023916801437735558,0.0341355986893177,-0.0067230272106826305,0.0014340694760903716,-0.0059178671799600124,2.6627156734466553,-0.08834385126829147,2.580064535140991
5,1572864,1.9481201171875,0.04170866310596466,0.02763758972287178,0.054294586181640625,0.03663073107600212,0.047899987548589706,0.009284269995987415,-0.005496211815625429,0.012508891522884369,2.5129246711730957,-0.04215265065431595,3.172668933868408
5,1703936,1.5085197687149048,0.020413054153323174,0.008772247470915318,0.009095407091081142,0.03168748319149017,0.05491580441594124,-0.008714891038835049,0.0025346328038722277,0.011607252061367035,1.9956121444702148,-0.06839420646429062,4.719362258911133
5,1835008,1.085802435874939,-0.0033931275829672813,-0.006009253207594156,-0.0056929816491901875,0.029047617688775063,0.026860130950808525,0.004967545159161091,0.0007051779539324343,0.008064289577305317,1.563091516494751,-0.03846520185470581,6.189947128295898
5,1966080,1.3399291038513184,-0.007871308363974094,0.00684061786159873,7.837732846383005e-05,0.02945193648338318,0.031325533986091614,-0.014528048224747181,,0.022501826286315918,2.3424713611602783,0.034454721957445145,5.284298419952393
5,2097152,0.6465795636177063,-0.0016901501221582294,0.005253232084214687,0.01489719096571207,0.004873672965914011,-0.0010850694961845875,-0.02834283374249935,,-1.8816066585713997e-05,1.3596185445785522,-0.059229154139757156,6.757347106933594
5,2228224,0.6184961199760437,0.0017256052233278751,-0.00436451705172658,-0.006349151022732258,-0.0020407624542713165,0.026216480880975723,-0.0029810878913849592,-0.0011055335635319352,-0.0020591553766280413,1.2901759147644043,-0.0734403133392334,6.916457176208496
5,2359296,2.8473496437072754,0.054595984518527985,0.037332724779844284,-0.004763639997690916,0.03760967776179314,0.11470481753349304,-0.024137454107403755,-4.068481575814076e-05,0.009904167614877224,4.897141933441162,-0.1821557581424713,2.425075054168701
5,2490368,1.4298919439315796,-0.0003743745619431138,-0.0019598337821662426,-0.03981173411011696,0.028882091864943504,0.0416271835565567,-0.0003607907274272293,-0.001051666447892785,-0.008413678966462612,1.933107852935791,0.0780014842748642,5.712149143218994
