attempt,collected_frames,shock/accel_magnitude,shock/accel_magnitude_max,shock/accel_magnitude_min,shock/shock_normalised,shock/shock_normalised_max,shock/shock_normalised_min,shock/accel_p90,shock/shock_p90_normalised,shock/accel_p95,shock/shock_p95_normalised,shock/accel_p99,shock/shock_p99_normalised
0,131072,1.1780830593779683,8.79555319622159,0.07167461681819987,0.00017940662928594975,0.12379027716815472,0.0,1.504373347759247,0.18586103766261952,1.5711370825767517,0.19390555141333565,1.811197086572648,0.22260915873099907
0,262144,0.9519949569366872,8.88145711645484,0.03845983842256828,5.198770656988927e-05,0.05321623757481575,0.0,1.0395760655403137,0.12922047700903327,1.0610402643680572,0.13185778021085404,1.076315838098526,0.13373355382774488
0,393216,1.0343986884690821,9.34909937903285,0.03839096400042763,9.015378526555651e-05,0.08221714571118355,0.0,1.2111645221710206,0.15024937937586524,1.2353785634040833,0.1532064520952574,1.393327896595002,0.17242605727560045
0,524288,0.9853644426912069,9.589899450540543,0.03733651420043316,0.00010526012758305114,0.10226279310882092,0.0,1.0665032267570496,0.1325287172860028,1.088465017080307,0.13522473670652713,1.10313645362854,0.13702468314380312
0,655360,0.9964208845049143,9.27179441973567,0.04120070458156988,7.881986081770265e-05,0.07170999422669411,0.0,1.079491424560547,0.13412338213398778,1.1130761981010437,0.13824361476720282,1.1919837307929995,0.14790506593386565
0,786432,1.0057809348218143,9.112411558628082,0.03708023492072243,7.876373319959384e-05,0.07055297866463661,0.0,1.0823237419128418,0.1344710364316275,1.0960328161716462,0.13615329469475723,1.1179825794696807,0.13884514044886198
0,917504,0.9964658138342202,9.545016769319773,0.03888918200391345,8.947959315719345e-05,0.08532679080963135,0.0,1.0473908305168151,0.13018088979273035,1.063581395149231,0.13216988581283795,1.0889509582519532,0.13528436813950528
0,1048576,1.0191163611598313,9.661890897899866,0.038040917133912444,0.00011547769830144716,0.10765890218317509,0.0,1.0596788287162782,0.13169055582429645,1.0786001622676848,0.13401397683682426,1.1786226582527164,0.1462710654527819
0,1179648,1.0005502491258085,9.354151129722595,0.03793882289028261,9.598373009112038e-05,0.09479843452572823,0.0,1.0383010387420655,0.12906375672172898,1.0467469334602355,0.1301017658523611,1.0583881962299346,0.131532021230236
0,1310720,0.8022447996772826,9.445355996489525,0.020951641043211566,0.000161477823859002,0.11493716388940811,0.0,1.010711097717285,0.12567096465617822,1.2602911889553066,0.15624597599756895,1.7247259247303013,0.21231151981950758
0,1441792,0.9431689106859267,9.85159321501851,0.03262729285052046,0.00014255406176744145,0.1406335663050413,0.0,1.0507777094841004,0.1305970519958226,1.0622645974159242,0.13200815795171228,1.0899249088764191,0.1354038818600487
0,1572864,1.0005440604873002,9.367310248315334,0.03602067840984091,8.862348380489493e-05,0.08856183290481567,0.0,1.0993995904922484,0.13656631625463422,1.1342630505561828,0.14084040099303197,1.2157613039016726,0.15081095707553538
0,1703936,1.0091729606501758,9.403032552450895,0.03884705325617688,0.00010496539867865806,0.09658234938979149,0.0,1.0619819045066834,0.13197343695737085,1.074160599708557,0.13346895771655842,1.0991053152084351,0.13653021770528362
0,1835008,0.9821355897001922,9.30466466024518,0.03696247894549742,0.00010664634214663238,0.10059439763426781,0.0,1.0304795384407044,0.12810223394610776,1.0497711420059204,0.13047337497973688,1.0874284052848817,0.13509752740420677
0,1966080,1.0105101144872606,9.535830594599247,0.03722769278829219,8.288155589752932e-05,0.07056918926537037,0.0,1.0754944920539855,0.13363272037526364,1.0848460793495178,0.13478061421746612,1.10456969499588,0.13720047022232817
0,2097152,1.0055393697693944,9.296528443694115,0.036602846910682274,7.244081422186355e-05,0.06133701652288437,0.0,1.054573941230774,0.1310634586534336,1.0695084512233735,0.13289775403644222,1.107868709564209,0.13760506156083974
0,2228224,0.9995720651932061,9.85548359900713,0.03480632324863109,0.00012192166190061471,0.12048479169607162,0.0,1.0374301075935364,0.12895670226126188,1.0495181024074554,0.13044228334780272,1.067808576822281,0.13268901670295952
0,2359296,0.5284563978202641,6.6764723509550095,0.02025817761750659,4.991453863567585e-06,0.003747284412384033,0.0,0.6193096876144409,0.07725943699796134,0.6746000558137892,0.0841257036988523,0.8959698498249059,0.1115303066947213
0,2490368,0.8763635428622365,8.847569219768047,0.030501731835101964,5.8919078838926e-05,0.058294638991355896,0.0,0.9593577325344086,0.1193481594155128,0.972368437051773,0.12095101941915432,0.9990548545122148,0.12423668380441177
0,2621440,0.9688540510833263,9.343106556683779,0.03255860040371772,9.133740081779251e-05,0.08210581913590431,0.0,1.018846082687378,0.12667164988174395,1.033313024044037,0.12845059157435568,1.091629445552826,0.1356130364903676
0,2752512,0.989023975096643,9.552845168858767,0.0356660930920043,0.00011312759863812971,0.10105128213763237,0.0,1.0436477661132812,0.12972090800265645,1.0585895657539368,0.13155675686031,1.1386405766010286,0.14137669627869687
0,2883584,0.9911908525973558,9.27378036081791,0.035781873692030786,9.22001212302348e-05,0.09106433019042015,0.0,1.0395158290863038,0.1292130731731027,1.0519417345523834,0.13074007076887795,1.0804616022109985,0.13424247082706153
0,3014656,0.9748974526301026,9.211620792746544,0.03624691887671361,8.991513368528103e-05,0.08361100777983665,0.0,1.017508363723755,0.12650711460853792,1.0280876398086547,0.1278081417984449,1.0509120583534242,0.13061355914337924
0,3145728,0.9921874301508069,9.788801468908787,0.034084536317095626,0.00010765196360296159,0.10906906984746456,0.0,1.0398237347602843,0.1292509185942743,1.0553472936153412,0.13115846595232794,1.0728016042709352,0.1333021056421797
0,3276800,0.9784749690443277,9.784217074513435,0.03535627215751447,0.00015478324225171036,0.1487017497420311,0.0,1.0126564621925354,0.12591028745810973,1.0358195960521699,0.1287587309986329,1.0712624704837799,0.13311312776992112
0,3407872,0.6440212815068662,7.941735703498125,0.02269817168053123,2.1399796537480142e-05,0.021903036162257195,0.0,0.7451035141944885,0.09286955668145191,0.7578332692384719,0.0944468177730673,0.9064366871118548,0.11282219746838407
0,3538944,0.9141213507391512,9.122034091502428,0.031219482676533516,8.807525387055648e-05,0.08913614973425865,0.0,0.9687201976776123,0.12050163607148989,0.9816169053316116,0.12209000603358722,0.9978413558006287,0.12408733490881074
0,3670016,0.9795684786513448,9.300690088421106,0.034825505630578846,8.550075531843504e-05,0.08011803776025772,0.0,1.0283004760742187,0.1278343116596985,1.039207124710083,0.12917512920364072,1.0985292553901675,0.13645955178879698
0,3801088,0.9821324022486806,9.341403100639582,0.03478757404081989,7.816669005933363e-05,0.06915541552007198,0.0,1.029555368423462,0.1279886067377547,1.0460932374000549,0.13002143608684258,1.0649654316902162,0.13233986429622902
0,3932160,0.9793276260606945,9.318766333162785,0.03418823155516293,8.692084847439219e-05,0.08009354583919048,0.0,1.0114624619483947,0.12576340078887838,1.0352307617664338,0.12868634629857034,1.055847259759903,0.13121988613071678
0,4063232,0.9762350977398455,9.123637534677982,0.03413813233419205,6.453314836107893e-05,0.0654289573431015,0.0,1.0100238561630248,0.12558641526649805,1.0203561723232268,0.126857377836177,1.0435431349277497,0.1297080491679916
0,4194304,0.9876786759123206,9.417713653296232,0.038286751303530764,9.550040971717522e-05,0.08911936357617378,0.0,1.0281471729278564,0.12781546187278203,1.0380808889865876,0.1290366962979752,1.0584946107864381,0.1315450928965025
0,4325376,1.000043524429202,9.8156219124794,0.037866707283683354,0.0001369250148854917,0.12436035461723804,0.0,1.0339133381843566,0.12852439201592403,1.048655068874359,0.13033623824917528,1.0760779356956482,0.13370434776179319
0,4456448,0.6386916746851057,7.130413293838501,0.023579739332490135,0.0,0.0,0.0,0.7720401525497437,0.09620654015626218,0.8386071294546124,0.10444361272422742,0.9977148222923281,0.12407176172980794
0,4587520,0.8895627213642001,9.17183806374669,0.03068410591731663,7.249648928109309e-05,0.07421302795410156,0.0,0.9612792372703552,0.11958491948085115,0.983595734834671,0.12233366531158785,1.0463664197921754,0.1300550064486563
0,4718592,0.9776987112127244,9.418117709457874,0.033923021706868894,0.00010333234519066536,0.09543454647064209,0.0,1.0397502303123474,0.1292418840213787,1.0575884163379667,0.13143377704345616,1.1047005903720857,0.13721652411200025
0,4849664,0.9891188070178032,9.342480540275574,0.034073946611897554,9.938684922872199e-05,0.0903330035507679,0.0,1.0454142808914184,0.12993800037143588,1.0647167921066285,0.13230932855191901,1.0947716259956362,0.13599856505159846
0,4980736,0.9857649365440011,9.375075370073318,0.0359437316255935,8.68306114796269e-05,0.07867500185966492,0.0,1.0345882773399353,0.1286073648860402,1.0555461287498473,0.13118289270575967,1.1057227194309236,0.1373418824173509
0,5111808,0.9938059099949896,9.683197896927595,0.037654472445865395,0.00011960488509998868,0.10233569703996181,0.0,1.0354630947113037,0.12871490687563347,1.0543382525444032,0.13103450352747892,1.0732486569881439,0.13335699383771438
0,5242880,0.9740653689950705,9.468632951378822,0.03565362315202947,0.00011377304201687366,0.10674106888473034,0.0,1.0130986213684081,0.1259646807607011,1.0205507814884185,0.12688131243230183,1.0294429934024811,0.12797478993836697
0,5373952,0.9678904735483229,9.434700608253479,0.033123669509222964,0.00010726732438115505,0.09547523222863674,0.0,1.0096747636795045,0.1255434667042694,1.0145371913909913,0.12614164476123824,1.02320476770401,0.12720770618696098
0,5505024,0.7583860512822866,7.8616206385195255,0.022603517540119356,1.8349819583818316e-06,0.0018790215253829956,0.0,0.9205590724945069,0.11456467657811986,0.9821625351905823,0.12215719256363311,1.1328960466384892,0.14067291096349055
0,5636096,0.9343685265630484,8.724779099225998,0.029877286275223014,5.315661633176205e-05,0.0492571908980608,0.0,1.0178158283233643,0.12654493241474296,1.039449518918991,0.12920492278293016,1.0687434434890748,0.13280381580407563
0,5767168,0.9857348599471152,9.140051357448101,0.034671417488425504,5.5896752201078925e-05,0.05651581287384033,0.0,1.0561229467391968,0.13125375347997448,1.0829870045185088,0.1345524441721464,1.1216812717914582,0.13929853494059263
0,5898240,0.9699464603327215,9.197933934628963,0.03351435359218158,6.941306628505117e-05,0.06934834457933903,0.0,1.0413191318511963,0.12943471606233548,1.0542511582374572,0.1310238036504512,1.0775311839580537,0.13388275202138855
0,6029312,0.9597411919385195,9.047521568834782,0.032575304689089535,5.5082133712858194e-05,0.05639239773154259,0.0,1.0150193333625794,0.12620095309355928,1.0305849492549897,0.12811519404968164,1.0512585020065308,0.13065612557238415
0,6160384,0.9853384750895202,9.120626632124186,0.032327232733223354,5.9212409382780606e-05,0.057131486013531685,0.0,1.0249547839164734,0.1274229124198989,1.0356033623218537,0.12873214980210368,1.0626076102256774,0.13205028714020584
0,6291456,0.9587626759894192,9.267287570983171,0.03554004964826163,7.787323070829189e-05,0.07713011652231216,0.0,0.9938018262386322,0.12359013751923631,0.9981844305992126,0.12412955871499332,1.013917374610901,0.126065399712189
0,6422528,0.9704340021125972,9.09704140946269,0.03584438440884696,6.720538891613614e-05,0.06464268267154694,0.0,1.0094769239425658,0.12551912643460694,1.0199189901351928,0.1268036091253546,1.03500261425972,0.12865830002766088
0,6553600,0.7413552571088076,8.143295723944902,0.023587543473695405,1.6893140866613976e-05,0.01571393571794033,0.0,0.8754149436950683,0.10899218201757188,0.9329011023044586,0.11608691130605764,1.2540043377876289,0.15547921056966807
0,6684672,0.8717091642320156,8.803701352328062,0.030485747160128085,5.598791472039011e-05,0.053574830293655396,0.0,0.9405015885829925,0.11702406526898046,0.9667882859706879,0.12026364676264412,1.0297909772396088,0.12801757528961022
0,6815744,0.973381832242012,9.57402292266488,0.03367230138974264,0.00011698174944285711,0.10434981063008308,0.0,1.070518136024475,0.1330217334483801,1.0960472762584685,0.13615506869804395,1.1953232634067539,0.1483133503649363
0,6946816,0.9618745488114655,8.978569865226746,0.032728015721659176,4.3410643172592245e-05,0.0413818284869194,0.0,1.0153596997261047,0.12624282105087903,1.0337794065475463,0.12850792706993852,1.0457380890846253,0.12997779279378774
0,7077888,0.9221126451157033,8.759915638715029,0.033468010638898704,4.258672652213136e-05,0.03956442326307297,0.0,0.9625113785266877,0.11973673180292188,0.9696557790040969,0.12061688395720105,1.022231088280678,0.12708796389150678
0,7208960,0.9687944236211479,9.536296375095844,0.03424568748596357,0.00011344661250234367,0.10612513870000839,0.0,1.0212345004081727,0.12696540049769212,1.037161010503769,0.12892362436146287,1.0594652259349824,0.131664318432561
0,7340032,0.9755342612043023,9.722698390483856,0.03314537153346464,9.412957611232287e-05,0.0955019760876894,0.0,1.0116491198539734,0.12578636392690834,1.020230919122696,0.12684197311476475,1.0416965854167939,0.12948110702343363
0,7471104,0.9826002703048289,9.326731957495213,0.038411296573030995,9.4666923317277e-05,0.09161705151200294,0.0,1.0234749555587768,0.1272409330102977,1.0339320242404937,0.128526689189004,1.0523786640167236,0.1307937530159824
0,7602176,0.7473707352764904,8.993900302797556,0.02530084184036241,4.6418717090546124e-05,0.04647468775510788,0.0,0.8417162954807281,0.10482800332526598,0.8756808459758758,0.10902502484220356,1.1310421174764642,0.1404457483117747
0,7733248,0.9015660360455513,9.24620321393013,0.02967948753212113,0.00010184838083659997,0.09986739791929722,0.0,0.982365483045578,0.12218218240994116,1.012208878993988,0.12585522613493616,1.0352033364772797,0.12868297490688962
0,7864320,0.9680797001346946,9.641810089349747,0.03203551208935096,0.00012203597077586892,0.11776288412511349,0.0,1.015985631942749,0.12631981486253419,1.0357939720153808,0.12875558109474228,1.0688257503509522,0.13281392269374237
0,7995392,0.962393497582525,9.535312049090862,0.035994052843307145,0.00010424668789710267,0.10672072879970074,0.0,1.007544481754303,0.12528136967263737,1.0344779193401337,0.12859379827515216,1.0782120561599733,0.13396633454954232
0,8126464,0.9371796431951225,9.195021744817495,0.03290415563242277,9.276528075474744e-05,0.08424797840416431,0.0,0.982108199596405,0.12215050196085575,1.0018586933612823,0.12458173905164216,1.0259904909133912,0.12755027164795973
0,8257536,0.976717266254127,9.423245001584291,0.0333341111545451,7.896853526290215e-05,0.07871225662529469,0.0,1.0179561734199525,0.12656219458436357,1.0305595397949219,0.12811206999818303,1.0494945931434632,0.13043939469051846
0,8388608,0.9477249863557518,9.33239284530282,0.035636432312458055,8.425148951118899e-05,0.08164268918335438,0.0,0.9811507582664489,0.12203260578890851,1.0063322573900222,0.12513221709334177,1.0285122299194336,0.1278603482523677
0,8519680,0.9283000724390149,9.392315704375505,0.030734416606719606,9.993614824566066e-05,0.09779724106192589,0.0,0.965152907371521,0.12006217611804071,0.9739360332489013,0.12114409779049806,0.9940197062492371,0.12361695642865378
0,8650752,0.6900215628556907,7.564120475202799,0.024814098731440026,0.0,0.0,0.0,0.8183406949043274,0.10193728509385269,0.8500199764966965,0.10585444534856236,1.0912963342666635,0.13557216312568166
0,8781824,0.8127424172125757,8.812657974660397,0.028971961797651602,9.644343393233612e-05,0.0845304224640131,0.0,0.8909707605838776,0.11091315057270368,0.9098868072032928,0.1132479522308989,0.934234026670456,0.11625127833153659
0,8912896,0.9126282166689634,9.043485134840012,0.030184369526978116,8.426338308709092e-05,0.07676280103623867,0.0,0.9604845404624939,0.11948700179247895,0.9980480551719666,0.12411277441265778,1.058175346851349,0.13150587527109625
0,9043968,0.9364675176329911,9.179979156702757,0.03258526614445145,6.292360517079487e-05,0.06053963489830494,0.0,0.9980838835239411,0.12411718396679783,1.0107506692409516,0.12567583297352924,1.0441068542003633,0.12977732792958063
0,9175040,0.970598179847002,9.470520801842213,0.03210774360195501,0.00011641798278105853,0.10884797759354115,0.0,1.038642156124115,0.1291056858953561,1.055277818441391,0.13114993093957295,1.0724681615829468,0.13326116571544322
0,9306112,0.9707128270529211,9.169791907072067,0.034262207336723804,5.9478767980181146e-05,0.0577305406332016,0.0,1.0169192671775817,0.1264346553567206,1.03422035574913,0.1285621350908901,1.0529073750972748,0.1308587107565189
0,9437184,1.0130290598608553,9.599917884916067,0.03897721321845893,0.00010787824634306276,0.09768995083868504,0.0,1.065779936313629,0.13243989288810742,1.0766433715820312,0.13377376306473976,1.1197966182231904,0.1390675169142115
0,9568256,0.9843548117205501,9.704485062509775,0.035657859036291484,0.0001412491442351893,0.13285787031054497,0.0,1.02963547706604,0.1279984562721581,1.0452776968479156,0.12992121558740588,1.071595286130905,0.13315399235007397
0,9699328,0.7188660460524261,8.375948414206505,0.020011214404803468,4.2002599457191536e-05,0.03634986840188503,0.0,0.8520168721675873,0.10610125383815627,0.8850031077861785,0.11017630970052572,1.1992104637622845,0.14878852785775276
0,9830400,0.9107739143073559,9.069776475429535,0.03004607510229107,0.00010016114265454235,0.08567260392010212,0.0,0.9797761857509613,0.12186333943631755,0.9934111475944519,0.12354204832720694,1.0213443100452424,0.1269789054094479
0,9961472,0.9991277433000505,9.34932479634881,0.038916664983844385,0.00010744548199426163,0.09570049867033958,0.0,1.0666253805160522,0.13254371828906675,1.0866630136966704,0.13500359841985188,1.1787025690078738,0.146280840569325
0,10092544,0.9659773763269186,9.237918462604284,0.037072773771797074,9.41178016873323e-05,0.09632237814366817,0.0,1.028727924823761,0.12788686924419457,1.0359161257743836,0.12877059715197303,1.0804917919635773,0.13424617653791038
0,10223616,0.901543558575213,8.892499163746834,0.030413016233069357,5.0314344896218444e-05,0.047694550827145576,0.0,0.9424608051776886,0.117265606572303,0.959536561369896,0.11937019455679332,1.0537042999267583,0.1309566192657725
0,10354688,0.9035154753364623,9.281371500343084,0.029388897892204113,7.76287727077829e-05,0.07447785884141922,0.0,0.9586024641990661,0.11925509457894568,0.9728534281253814,0.12101075598942157,0.9925260531902313,0.12343309864737062
0,10485760,0.8771195830777287,8.714449763298035,0.030123240681859897,6.540825609135936e-05,0.06503855437040329,0.0,0.9182230353355407,0.1142764948807562,0.9349957734346389,0.11634520882206245,0.9456311017274857,0.11765642602720949
0,10616832,0.9168442590162158,8.941125568002462,0.0321365522868291,6.704956047087762e-05,0.0651235431432724,0.0,0.9640734076499939,0.11992918161262178,0.9861104249954223,0.12264328545786074,0.9986210030317306,0.12418328905849241
0,10747904,0.6244121664203703,8.309158988296986,0.019757091722567566,9.841918421216178e-05,0.07319587469100952,0.0,0.7488638639450073,0.09333552601339945,0.8203982412815093,0.10219179916305876,1.126795593500139,0.13992536440862557
0,10878976,0.8315446125343442,8.561699774116278,0.02849119927486754,6.160033444757573e-05,0.06307334266602993,0.0,0.9151183903217316,0.11389346527689237,0.9422813832759857,0.11724348718523103,0.9595117455720902,0.11936713678172817
0,11010048,0.9157118485309184,9.396434001624584,0.03196566920087207,0.00010906079285177839,0.10724896378815174,0.0,0.9884712338447571,0.12293393730973068,1.009169065952301,0.12548125029268697,1.0907927691936494,0.13551037389323195
0,11141120,0.9321569381281734,9.004815187305212,0.03209799568867311,4.205037795124156e-05,0.04302186705172062,0.0,0.988643354177475,0.12295512714376344,1.0096335470676423,0.12553839582721915,1.0304503226280213,0.1280986418974437
0,11272192,0.898743623867631,9.746898993849754,0.03065136731675011,0.0001335163117914817,0.12784794345498085,0.0,0.9547290444374085,0.1187777754496222,0.9699163228273392,0.12064897799598717,1.0084139114618302,0.12538834117097064
0,11403264,0.8707444281317294,9.032016556710005,0.030498068113956833,7.265330152961269e-05,0.07304428890347481,0.0,0.911805945634842,0.11348476145435815,0.9265519231557846,0.11530388726321772,0.9436412537097931,0.11741113104341383
0,11534336,0.8657181221060455,9.466412406414747,0.030860683582432102,9.111566180308728e-05,0.09324832633137703,0.0,0.9029402434825897,0.11239068397700525,0.9109969228506088,0.11338493486543966,0.9338932037353516,0.11620925100699564
0,11665408,0.8376209205016494,9.023070145398378,0.02844143512265873,6.860961593702086e-05,0.07021641731262207,0.0,0.8735632240772248,0.10876346093990175,0.8944997131824493,0.11134882177723826,0.9445209115743638,0.11751957107451716
0,11796480,0.8756812145002186,8.490357343107462,0.03458775258332025,4.965594598616008e-05,0.041307155042886734,0.0,1.0068960189819336,0.12520158325310637,1.0630412876605986,0.13210355116896588,1.4675993847846998,0.18141932023556295
0,11927552,0.9534781202673912,8.927196361124516,0.040460203137627104,7.720420308032772e-05,0.06951835937798023,0.0,1.021610951423645,0.12701169803917023,1.0410320162773132,0.12939942771999768,1.078560631275177,0.13400912420537048
0,12058624,0.975041578989476,9.013914551585913,0.0362733096080774,6.535230886584031e-05,0.059275705367326736,0.0,1.0489582896232605,0.13037349678707422,1.0771510064601897,0.1338360813530366,1.1864473557472233,0.1472280890219908
0,12189696,0.9468763861805201,9.58330362290144,0.03408131109790702,0.00012567468601787368,0.11856226250529289,0.0,1.0132719159126282,0.12598599881030625,1.0287080705165863,0.1278844280447995,1.0644270014762878,0.1322737386781645
0,12320768,0.9222531742416322,8.996688693761826,0.0319458983358345,6.615810239907205e-05,0.06429535523056984,0.0,0.9838798105716705,0.12236864320891216,1.0023837625980376,0.12464635350347075,1.0962236356735233,0.13617670488665712
0,12451840,0.9375297366641462,9.057655040174723,0.033142784603114706,8.001323475070876e-05,0.08046718314290047,0.0,0.9929310500621795,0.12348295164193668,1.0077330529689787,0.12530457104286352,1.0295668351650238,0.1279900166004848
0,12582912,0.8475281456485391,9.031859558075666,0.030047818865568843,6.459847332962454e-05,0.06613696552813053,0.0,0.9105724394321442,0.11333255627552319,0.9336653113365172,0.11618114906329713,0.971141784787178,0.1207999281950447
0,12713984,0.8616672735661268,9.119388196617365,0.03006698216267978,7.206916787083628e-05,0.06790092028677464,0.0,0.903064388036728,0.11240600600048256,0.9280865520238877,0.11549316132419007,0.9520442318916321,0.11844689542488118
0,12845056,0.947674305178225,8.759128779172897,0.02552672904494102,4.837555070480448e-05,0.0435018464922905,0.0,1.071799910068512,0.13317911675926508,1.1470311999320983,0.14240440811741295,1.2516608476638795,0.15519334267065665
0,12976128,0.9040969992056489,8.808502100408077,0.03329232170653995,5.749473427840712e-05,0.05466199666261673,0.0,0.962542200088501,0.11974052926074852,0.9881061494350433,0.12288899118520358,1.0289217853546142,0.12791070541181115
0,13107200,1.0100535554811358,8.986110165715218,0.035616481934994226,3.928190199076198e-05,0.04022466763854027,0.0,1.0673246145248414,0.13262958604151964,1.0911853194236756,0.13555854129866685,1.124088008403778,0.13959352708176542
0,13238272,0.9279697951860726,9.306209795176983,0.03477210631899652,9.809812395644713e-05,0.08670489676296711,0.0,0.9854868233203888,0.12256650699299665,0.9919657617807388,0.12336412868113289,1.0047367119789123,0.12493589191548127
0,13369344,0.8789598550647497,9.139084555208683,0.03208824243483832,6.842645279903081e-05,0.064597612246871,0.0,0.9096217393875122,0.11321524357131763,0.9298034548759461,0.11570490627893082,0.9938596862554552,0.12359725954195966
0,13500416,0.8468162603676319,8.37532614544034,0.02792006831805338,3.1316602758124645e-05,0.032044919207692146,0.0,0.8843130826950073,0.11009110276584444,0.8898190289735795,0.11077095288779493,0.9015229249000549,0.11221575355970193
0,13631488,0.8497423068620265,8.987263809889555,0.03310707317723427,6.196434014782426e-05,0.0633718203753233,0.0,0.8943445742130279,0.1113296698021875,0.9034847468137741,0.11245788663120715,0.9175071686506272,0.11418817921565028
0,13762560,0.8422979884780943,9.56106824055314,0.031310764425143134,0.00014160345668301488,0.1280724536627531,0.0,0.8789191961288452,0.10942498937464107,0.8951502621173858,0.1114291314329865,0.9345675820112229,0.11629240907638927
0,13893632,0.7981504397466779,8.358428090810776,0.021701766760088503,1.0007357559516095e-05,0.010141300037503242,0.0,0.8848572492599487,0.11015829866735416,0.918041369318962,0.11425408312025587,1.140696173906327,0.14162850104102942
0,14024704,0.8448337567970157,8.752016257494688,0.0269372317889065,6.250208532776469e-05,0.05963813327252865,0.0,0.9227141678333283,0.11483051956370316,0.9520735710859298,0.11845051137020657,0.9702380222082139,0.1206886048872251
0,14155776,0.8642562860623002,9.61270984634757,0.030194913203558826,0.00010361903312094967,0.09866935573518276,0.0,0.9077818036079407,0.11298819365693524,0.9310218244791031,0.11585516094599257,1.014198908209801,0.12610003197483044
0,14286848,0.8578216792084277,8.843062300235033,0.029151380360417534,6.426952379001705e-05,0.060032906010746956,0.0,0.9255413293838501,0.11517924070563668,0.9493254780769348,0.11811180562375556,0.9963877415657043,0.1239084268810291
0,14417920,0.9288075100630522,9.365991372615099,0.03140977400835254,7.607180930335744e-05,0.06828800402581692,0.0,0.995968496799469,0.12385682554896627,1.0036512851715087,0.12480232910161049,1.0354517459869386,0.12871351178737056
0,14548992,0.9852871894836426,9.368198681622744,0.034769909136230126,8.99387418940023e-05,0.08579904772341251,0.0,1.0286150217056274,0.12787298714641016,1.045668262243271,0.12996921188769384,1.0616036784648895,0.1319269818571327
0,14680064,0.9121276773512363,8.920919496566057,0.03422547135551213,5.397267710804954e-05,0.05302112549543381,0.0,0.9619772970676422,0.119670928227682,0.9743555039167404,0.12119576178245861,0.9873173213005066,0.12279187557306326
0,14811136,0.8948204619809985,9.02856669947505,0.030600554553529946,9.838729761213472e-05,0.09554334729909897,0.0,0.9627907454967499,0.11977115187373122,0.9872330486774443,0.12278150031295065,1.0091033101081848,0.12547316022402222
0,14942208,0.6267106921877712,8.377608265727758,0.020833434729865985,0.0001280944034078857,0.09108620323240757,0.0,0.7695098638534545,0.09589317199288128,0.8486260771751404,0.10568215711620321,1.0458014893531806,0.1299855839320183
0,15073280,0.8399486956186593,8.951436266303062,0.029175111407312215,4.59413216304938e-05,0.044525980949401855,0.0,0.949976921081543,0.11819209924069951,0.9631655395030975,0.11981732880684559,0.9824793392419815,0.12219620194753711
0,15204352,0.8015597807243466,9.132809702306986,0.029930994325695792,7.357169877764136e-05,0.07378003187477589,0.0,0.8517209470272065,0.10606467947335285,0.87124685049057,0.10847733042861374,0.9677580612897877,0.12038311366094345
0,15335424,0.8829251220449805,8.708479523658752,0.030672289511130657,4.6604952444795344e-05,0.04200705327093601,0.0,0.9586347937583923,0.11925907829896643,0.9809974223375321,0.12201372418763734,1.0093864214420318,0.1255079918401698
0,15466496,0.8760669524781406,9.630236607044935,0.03366451542387949,0.00011789164227593574,0.10346084646880627,0.0,0.9337464451789856,0.11619115388813883,0.9586547076702118,0.11926153213344692,0.9778905147314072,0.12163112432854373
0,15597568,0.9507079008035362,9.396639134734869,0.03216733419321827,0.00011072350225305172,0.10890255682170391,0.0,1.050312077999115,0.13053984032784482,1.067523318529129,0.13265398704615894,1.094100012779236,0.1359161651959473
0,15728640,0.9439337300136685,9.727269817143679,0.03680067990353564,0.00012025885297362038,0.10760743543505669,0.0,1.0073601007461548,0.1252586837233256,1.0598071932792663,0.13170632309261188,1.1031909799575805,0.13703137095700302
0,15859712,0.9208437320776284,9.055541757494211,0.03249597591639031,8.956006229254854e-05,0.08033627085387707,0.0,0.9667583644390106,0.12025996066520506,0.9778243869543075,0.12162298063608867,1.0106003654003144,0.1256573416949447
0,15990784,0.7395445425063372,8.283954311162233,0.021156788352527656,0.00011438618639658671,0.05641615763306618,0.0,0.9772538661956787,0.12155271983550664,1.0717768549919122,0.13317628598866005,1.490436010360719,0.1841785093753534
0,16121856,0.815872744191438,8.728216018527746,0.02650207207989297,0.00010402599900771747,0.09318479336798191,0.0,0.9389606416225433,0.11683408045649513,0.9963467478752136,0.12390338134005896,1.0220166265964508,0.12706158907185805
0,16252928,0.9194635143503547,9.25164981558919,0.03223670290026348,8.58282056697135e-05,0.07155674882233143,0.0,1.012846267223358,0.12593363688531034,1.0573153734207152,0.13140023612486385,1.2614670801162726,0.15638937074824444
0,16384000,0.8568712063133717,8.798781920224428,0.02993629712727852,8.26588949180973e-05,0.084331214427948,0.0,0.9447363317012787,0.11754612661446862,0.9655714392662048,0.1201137381426629,0.9896028012037278,0.12307324316911061
0,16515072,0.8141469340771437,8.741713516414165,0.029905372688517673,8.234709594034939e-05,0.07616533525288105,0.0,0.8831458210945129,0.10994696116019154,0.9035378545522689,0.1124644411384148,1.0231949192285543,0.12720649504809756
0,16646144,0.9217639290727675,8.556587371975183,0.03247987046415801,3.5011800719075836e-05,0.03197954036295414,0.0,1.0177907705307008,0.1265418503476845,1.0439220488071441,0.12975461625247497,1.0583612751960754,0.13152871431853908
0,16777216,0.8694908036850393,9.017554622143507,0.03183376583183417,6.516123113442518e-05,0.06201457977294922,0.0,0.9666600227355957,0.12024784571721514,0.9799458593130111,0.12188423360673317,1.0455629694461823,0.12995627259161346
0,16908288,0.8223265549167991,9.191574979573488,0.027868232056789566,0.0001133678478879574,0.09901583194732666,0.0,0.8789371371269226,0.1094272051460532,0.9096110433340072,0.11321392370176864,0.9325699818134309,0.11604607882805285
0,17039360,0.938055532053113,9.451416030526161,0.025908613981300732,0.00010522290540393442,0.08946179784834385,0.0,1.06001558303833,0.13173191986910582,1.1433146893978114,0.14194923511779534,1.4305157017707837,0.1769326856719735
0,17170432,0.8242018138989806,8.757614076137543,0.0309592295307084,5.9207298932051344e-05,0.05689228139817715,0.0,0.9377004027366638,0.11667869805173092,0.9597036868333816,0.1193907875119482,0.9969589924812317,0.12397873630005307
0,17301504,0.8175515471957624,8.76091480255127,0.029056377934466582,2.7292667255096603e-05,0.02794022113084793,0.0,0.8856961607933045,0.11026188890372457,0.9180703282356262,0.11425765572966529,1.034174432754517,0.12855648959058197
0,17432576,0.8398106941021979,8.3659029006958,0.029048028038232587,4.521246637523291e-05,0.0462830550968647,0.0,0.9235020875930786,0.1149277097406769,0.93187255859375,0.11596007405372744,0.958844490647316,0.11928491752158132
0,17563648,0.8882061075419188,8.839759450405836,0.029238781473850395,6.212112960390925e-05,0.06106027029454708,0.0,0.9468962907791137,0.11781238249847448,0.9575275242328644,0.11912263590608796,1.0510718297958377,0.13063318981183047
0,17694720,0.86106115905568,9.171597357839346,0.03159392261659377,5.4315895525292035e-05,0.054092103615403175,0.0,0.9188341081142426,0.1143518808110251,0.9437482059001921,0.11742431574952827,0.9777406120300293,0.12161266365881396
0,17825792,0.8842180804349482,9.103839419782162,0.030147896948619746,6.156859464567788e-05,0.058396583423018456,0.0,0.9515059292316437,0.11838055108960144,0.9649126470088958,0.12003257638291398,0.9917950350046157,0.12334311255891595
0,17956864,0.886771640740335,9.902018815279007,0.03133505673031323,0.00014217478692302166,0.13367700763046741,0.0,0.9338312566280365,0.11620161218299363,0.9502079218626022,0.11822057087416615,1.040128284096718,0.1292883511095908
0,18087936,0.5904367153998464,7.757270656526089,0.020457842121686554,4.902791545191576e-05,0.03416711464524269,0.0,0.734038507938385,0.09149818474121951,0.7992775112390518,0.09957857984939888,1.0407701027393348,0.1293672365833587
0,18219008,0.7689522514119744,8.34745292365551,0.02512725100677926,3.804009159580346e-05,0.03793869912624359,0.0,0.8759080946445464,0.10905309319118883,0.9120722889900207,0.11351762547702182,0.9422978663444519,0.11724551924619342
0,18350080,0.7992059192620218,9.06877801567316,0.02535388353135204,8.460899304907343e-05,0.08340894989669323,0.0,0.8463888108730316,0.10540561408709537,0.8712023466825485,0.10847183291067464,0.9895070588588717,0.12306145663508339
0,18481152,0.9675383241847157,10.089662592858076,0.03168405307951616,0.00016842584221876677,0.15000373870134354,0.0,1.0748900294303894,0.13355851108748729,1.0894720554351807,0.1353483125928585,1.1101640963554382,0.13788654085112295
0,18612224,0.9913648222573102,9.30679228156805,0.03645115544804867,6.493733701518067e-05,0.05866634659469128,0.0,1.0406271696090699,0.12934966891547073,1.0536195516586304,0.13094620739305785,1.067793310880661,0.13268714205701926
0,18743296,0.9305140222422779,8.84763465076685,0.03351281893264968,4.5001882881479105e-05,0.04089563898742199,0.0,0.9890072703361511,0.12299992870409326,0.9992440521717071,0.12425996841602305,1.010925648212433,0.12569735982447616
0,18874368,0.9185988232493401,9.702388759702444,0.03447628922003787,0.0001476070665376028,0.13766180351376534,0.0,0.966175252199173,0.12018812516021371,0.9769916236400604,0.12152042371868887,0.9911926805973053,0.12326896306112345
0,19005440,0.9794652475975454,9.373135387897491,0.03737278576227254,6.249093178212206e-05,0.06271474994719028,0.0,1.0132089376449585,0.12597825147176178,1.0317421853542328,0.12825747163707812,1.0753964078426363,0.13362067877396755
0,19136512,0.8888351200148463,9.573192171752453,0.034076928975991905,0.00014522414653583837,0.10011955536901951,0.0,1.0796006441116333,0.13413678895839576,1.1480195581912993,0.14252544540319811,1.5216678273677835,0.18794732783386947
0,19267584,1.0024194400757551,9.217550665140152,0.03642621080507524,5.715406314266147e-05,0.05624564550817013,0.0,1.122890591621399,0.1394467635793284,1.1360476732254028,0.14105904697750993,1.1715503466129304,0.14540582905206634
0,19398656,1.1767335617914796,9.319329399615526,0.04065969731163932,7.232740790641401e-05,0.06636940687894821,0.0,1.2921409130096435,0.1601275638212234,1.309661078453064,0.16226067908218145,1.382895998954773,0.17116055476190195
0,19529728,0.9083789978176355,10.244507681578398,0.033733390366251115,0.00017707657562482382,0.16410653106868267,0.0,1.013958990573883,0.12607051903157096,1.0443031430244445,0.1298014507149272,1.0860679185390472,0.13493056656529068
0,19660800,0.7609233898110688,8.574343953281641,0.0263447806428303,6.68572266135925e-05,0.06115083768963814,0.0,0.8006493747234344,0.09974835947758387,0.8137868195772171,0.10137393308403575,0.8921869999170307,0.1110633077256975
0,19791872,0.7961626318283379,8.700329210609198,0.027501809756358853,6.562450244018692e-05,0.06001938320696354,0.0,0.8715920627117157,0.10851997397829916,0.8864903301000595,0.11035995208591576,0.9191361689567566,0.11438914452366777
0,19922944,1.1234369669109583,9.574095863848925,0.037665724325052,9.205093158470845e-05,0.0839866828173399,0.0,1.2174616813659669,0.15101866343613968,1.2252787888050078,0.15197337543782075,1.254119484424591,0.15549325592660135
0,20054016,0.9915144676342607,9.627109345048666,0.04015225918919896,0.00010071803103439692,0.09120732545852661,0.0,1.0840627789497375,0.13468447906030057,1.1599166452884673,0.14398206254099244,1.2199735510349274,0.15132547167425447
0,20185088,0.7044334197416902,8.870866794139147,0.0264229069580324,0.00023595404945808696,0.1251725386828184,0.0,0.9418459355831146,0.11718980409100599,0.9763867050409317,0.12144592482964245,1.3985319399833698,0.17305715181297066
0,20316160,1.0059233247302473,8.906696934252977,0.04326094524003565,7.935560165606148e-05,0.07933920063078403,0.0,1.0759076118469237,0.1336834378279752,1.0984208941459657,0.13644625883587813,1.138471269607544,0.14135595584265448
0,20447232,1.0316876536235213,9.480798695236444,0.03849424955842551,0.00010707750340088751,0.09693669341504574,0.0,1.1589769482612609,0.14386703355562447,1.1936264276504516,0.14810590500288767,1.2739539253711702,0.15791167873321288
0,20578304,0.9724952471442521,9.48710398748517,0.03628742914952454,9.484853602614862e-05,0.08714975230395794,0.0,1.0321566343307496,0.12830842521091346,1.0527246057987212,0.13083625574480506,1.1331242358684543,0.14070087005422716
0,20709376,0.8595073390752077,9.094028852880001,0.02960006407374749,6.958018559544143e-05,0.06722759269177914,0.0,0.9075351536273957,0.11295775590528434,0.9393986850976942,0.11688808812257223,0.9933228975534442,0.12353118542332764
0,20840448,0.8158200532197952,8.772242467850447,0.029015866937697865,4.975904352022553e-05,0.050286293029785156,0.0,0.8783463954925537,0.10935424606802191,0.9028109788894653,0.11237472997728637,0.9241820621490479,0.11501158307049497
0,20971520,0.9928455795161426,9.40852327272296,0.03328800150484312,0.00010466376079421025,0.09556917287409306,0.0,1.077353596687317,0.13386095144516497,1.0893066585063935,0.13532801666168792,1.105732377767563,0.13734306693633447
0,21102592,1.0865648603066802,10.239494539797306,0.04016750683877035,0.00014141688487256943,0.13024501502513885,0.0,1.128607726097107,0.14014743894831505,1.1410350501537323,0.14167001064864548,1.1630747532844543,0.14436862027219988
0,21233664,0.7812579283490777,9.162017941474915,0.02052965192706324,0.00011512059361962201,0.06869585998356342,0.0,0.9502084374427795,0.11822063442096242,1.0457006931304929,0.12997319726869438,1.3713131642341623,0.16975476927599642
0,21364736,0.7736281980760396,9.045182898640633,0.02563569619815098,0.00015615143138347776,0.12635000981390476,0.0,0.8973811864852905,0.11170452589381852,0.9344387233257293,0.11627651954533058,0.9603172260522842,0.11946638603616977
0,21495808,0.8722921591252089,9.910783793777227,0.03152074084209744,0.00018213797437738322,0.15944685600697994,0.0,0.9682033658027649,0.12043796968306397,1.0173718690872193,0.12649032580110897,1.0967719197273258,0.1362439688365622
0,21626880,0.8527356483973563,8.77932583913207,0.0324612389485992,6.41574664541622e-05,0.06531878933310509,0.0,0.9231624722480773,0.11488581833919409,0.9635076135396956,0.11985947398539176,1.0069924765825273,0.1252134514333907
0,21757952,0.8482338860630989,8.964116547256708,0.03136437742432463,7.913279273452645e-05,0.07017475925385952,0.0,0.9006493806838989,0.11210793421156295,0.9168211579322815,0.11410354515394361,1.0724227523803715,0.13325559036103685
0,21889024,0.9318166947923601,9.104181744158268,0.035200618254748406,0.00010267879247294331,0.09515813179314137,0.0,1.0012370347976685,0.12450523705572714,1.0152776837348938,0.12623273242758892,1.0881864964962007,0.1351905580916244
0,22020096,0.8798671229742467,9.033306878060102,0.03479912369948579,9.376297020935453e-05,0.08379612863063812,0.0,0.926216596364975,0.11526252848514251,0.976700010895729,0.12148451025503326,1.0152028000354767,0.1262235211104641
0,22151168,0.8329596016556025,8.874038882553577,0.03240786601236323,8.344055822817609e-05,0.07813031785190105,0.0,0.8777945518493653,0.10928608999111633,0.8986030429601669,0.11185534960329058,1.0150173509120946,0.12620070923397297
0,22282240,1.6753330323845148,10.60390541702509,0.041805165046753245,0.000275205762591213,0.1777790505439043,0.0,2.0436336994171143,0.250038812608397,2.0829147577285765,0.25463628496145563,2.2019141793251036,0.26849321988174024
1,22151168,1.4518272196874022,9.07584472373128,0.0785358318244107,0.0001790505411918275,0.10908399894833565,0.0,1.8014148831367491,0.2214466618858466,1.8470520615577697,0.2268646579419915,1.920859264135361,0.23559719832852388
1,22282240,0.773319655098021,9.822179052978754,0.025138907752989326,0.000336929378363493,0.20185590721666813,0.0,0.949131292104721,0.118087870930079,0.9812179058790207,0.12204087423709176,1.2157648408412938,0.15081138913746428
1,22413312,0.9478126224130392,9.200365379452705,0.030352949710504618,9.263546587590099e-05,0.09303958527743816,0.0,1.074426519870758,0.13350160545549894,1.1019568860530853,0.1368800026851058,1.1275509130954742,0.14001792957443038
1,22544384,0.8443088438361883,9.582885630428791,0.03002073098468827,0.00016806280518721906,0.12300121039152145,0.0,0.8986083686351776,0.1118560069835155,0.9256712645292282,0.11519526709968986,1.091244689226151,0.1355658261433348
1,22675456,0.9385788757354021,9.030691672116518,0.032234281330602244,8.173194956384577e-05,0.06802673451602459,0.0,1.0092559576034545,0.12549194071496927,1.0356787085533141,0.12874141199040445,1.05739133477211,0.13140956733834952
1,22806528,0.9016591408289969,9.611325550824404,0.033351278987538535,0.00010159188232705674,0.08997582457959652,0.0,0.9422796249389649,0.11724327041436822,0.952412661910057,0.11849230281064771,1.034738083481789,0.12862578088794918
1,22937600,0.8645666791126132,9.285403493791819,0.03211523165737162,0.00011745679694286082,0.09743850491940975,0.0,0.9144916236400604,0.11381613503216781,0.9260605156421661,0.11524327755184172,0.9846935570240022,0.12246883712942913
1,23068672,0.918627985753119,9.06825216114521,0.03245152766612591,6.197162975318804e-05,0.05587144382297993,0.0,0.9694800853729248,0.12059524170434988,0.9839201837778091,0.12237361428763283,1.011540423631668,0.12577299185306523
1,23199744,0.8499009222723544,9.257252033799887,0.027674566001223866,8.05640134302621e-05,0.07975862920284271,0.0,0.920971828699112,0.11461559362117613,0.9503317117691039,0.11823582832200041,1.0099344521760942,0.12557541601207056
1,23330816,0.8072591298259795,9.43527353182435,0.02485610304393049,0.0003356915694894269,0.15759933553636074,0.0,0.9910406649112701,0.12325024979584032,1.0779701948165892,0.1339366443464285,1.2955290555953984,0.16054019428511968
1,23461888,0.9685494950972497,9.441627863794565,0.03234185318251548,0.00012411669536049885,0.1101832240819931,0.0,1.0503004908561706,0.1305384166162633,1.0773772299289703,0.1338638526644429,1.125972354412079,0.13982447285607247
1,23592960,0.9102230085991323,9.694219544529915,0.03214166270845453,0.0001264827405975666,0.10820093378424644,0.0,0.9856751680374145,0.12258969633849648,0.9967747598886489,0.12395606113485602,1.134978090524674,0.14092800694278873
1,23724032,0.8284875205717981,9.381046123802662,0.02750312697753543,9.61397529408714e-05,0.08595490641891956,0.0,0.886069369316101,0.11030797256307645,0.9026103556156159,0.11234996868412273,0.952523406147957,0.11850595145596432
1,23855104,0.7682428383268416,8.823711838573217,0.028680636823992245,4.288948002795223e-05,0.043918827548623085,0.0,0.8139573633670807,0.101395031934296,0.8273043692111969,0.10304597435969187,0.9572165125608445,0.11908431093444061
1,23986176,0.8690395578742027,9.684316202998161,0.03028635878672503,0.00010685307059077331,0.10240889526903629,0.0,0.9246337294578553,0.11506729430934426,0.9369448512792588,0.11658553884525835,0.9724607712030411,0.12096239232592754
1,24117248,0.7894772826693952,9.61584260314703,0.028798410102353955,0.00011311881348774477,0.10250801593065262,0.0,0.8364268779754639,0.1041740465235319,0.8638487040996551,0.10756335275821804,0.9141561299562454,0.11377474137700938
1,24248320,1.0832587787881494,10.812641467899084,0.03174818029947346,0.0002675701734915492,0.2375869434326887,0.0,1.1602423191070557,0.14402192759838162,1.1730985343456268,0.14559525554731634,1.2033588707447052,0.14929555987263177
1,24379392,0.7551726847887039,8.865157324820757,0.02263712207422941,0.00013442145609587897,0.07430345192551613,0.0,0.9474430441856384,0.11787977753094947,1.0102756857872006,0.12561739736657063,1.3436015629768379,0.1663886727921169
1,24510464,0.781877564266324,8.817381031811237,0.026743501155578997,0.00013191366701903462,0.11539381369948387,0.0,0.9085659980773926,0.11308496548264224,0.9321739673614502,0.11599724336666228,0.9514008182287216,0.11836759632169369
1,24641536,0.9994529960677028,8.990511171519756,0.034357328797341324,5.604108991974499e-05,0.05469016544520855,0.0,1.1393330693244934,0.14146152669222367,1.1626406192779541,0.1443154841489689,1.252428402900696,0.15528697486234155
1,24772608,0.9336003037169576,9.156862538307905,0.03311578176726471,6.90820743329823e-05,0.0622427724301815,0.0,1.0074562311172486,0.12527051146936907,1.022194516658783,0.12708346627129274,1.0781281208992006,0.133956030925507
1,24903680,0.9199524316936731,8.544183231890202,0.032137120859260904,3.6481937058852054e-05,0.032330237329006195,0.0,0.9796057939529419,0.12184235671122612,0.9975295513868331,0.12404895930406123,1.1152384853363042,0.13850872524502145
1,25034752,0.8836348047479987,9.676350425928831,0.0315872056507942,0.00011480428594268233,0.10767894797027111,0.0,0.9547393083572387,0.1187790403387805,0.9742424517869949,0.12118183781193581,0.9997844678163529,0.12432647677457598
1,25165824,0.8464040826074779,9.125495847314596,0.02997876802328392,8.29795390018262e-05,0.07718568481504917,0.0,0.901359885931015,0.11219563027354074,0.9177349537611007,0.11421628100352832,0.9530900716781616,0.1185757893036008
1,25296896,0.8820940447039902,9.468332078307867,0.029956025566207245,0.00012997798035030428,0.13161392509937286,0.0,0.9251573860645295,0.11513188421534837,0.9423701196908951,0.11725442675113129,0.9846901869773865,0.12246842219183529
1,25427968,0.9071949245408177,9.503030065447092,0.027756676281569526,0.00013119735376676545,0.08338543213903904,0.0,1.0809406518936158,0.1343012724428907,1.1565785884857176,0.14357343100260844,1.3636931443214422,0.16882956542983307
1,25559040,1.1268911240622401,9.1504585146904,0.040584234629932325,5.2594107955883374e-05,0.053313037380576134,0.0,1.180710768699646,0.14652648505224497,1.1982253968715668,0.14866811822057446,1.2217230808734894,0.15153914793176826
1,25690112,0.9043154297396541,9.154258955270052,0.028592291586392093,6.922744842086104e-05,0.059345854446291924,0.0,0.9985595583915711,0.12417572691724232,1.0448480665683746,0.12986841792836445,1.1710539793968202,0.1453450944297099
1,25821184,0.8785616382956505,9.32822272926569,0.028442862332667573,9.757849056768464e-05,0.09757430292665958,0.0,0.9285578310489655,0.11555128502735923,0.9421930223703384,0.11723259388443519,0.9664004826545716,0.12021587218628071
1,25952256,0.9537634802982211,9.28979391604662,0.03277422766041127,9.55090681600268e-05,0.09150421991944313,0.0,1.00665123462677,0.1251714647310389,1.0235852599143982,0.12725449779899534,1.09650829911232,0.13621162779404083
1,26083328,0.8449356420896947,9.188273951411247,0.03023618249790161,7.409700771177086e-05,0.07273404486477375,0.0,0.9222403824329376,0.11477207691091817,0.948367002606392,0.1179936659080798,0.9902277231216431,0.12315017445573684
1,26214400,0.868477726355195,9.391018081456423,0.029820371864843764,0.00010737677700944914,0.08884731493890285,0.0,0.9049218356609344,0.11263524733460217,0.9215679705142974,0.11468913180027762,0.9613062554597855,0.11958824845630422
1,26345472,0.7996004112064838,9.324843883514404,0.026812149913894245,0.00011396440104682881,0.10131336376070976,0.0,0.8449572741985321,0.10522865677501114,0.8690495103597641,0.10820588693501554,0.9238840019702913,0.11497481822062428
1,26476544,0.7991188424639404,9.297926004976034,0.025186071667121723,0.0002616625733935507,0.12250644341111183,0.0,0.9691299617290496,0.12055211251157272,0.9905027896165848,0.12318403616808982,1.2468752253055573,0.1546094934411706
1,26607616,0.7006809744052589,8.69514274969697,0.023646180728974286,7.889895131185654e-05,0.07661317102611065,0.0,0.8198224663734436,0.10212057838981026,0.8328051000833512,0.10372621624381106,0.8640786129236222,0.10759175877135663
1,26738688,0.799344933591783,9.166096679866314,0.02641968806165096,0.00012137329053985013,0.10144371911883354,0.0,0.8915220379829407,0.1109812120192799,0.9167320311069488,0.11409254933646329,0.9898470145463945,0.12310330733583763
1,26869760,0.9062395640648901,9.94346733763814,0.03158265838283114,0.00016442035052932624,0.14651643484830856,0.0,1.0016462683677674,0.12455559796166038,1.0216534674167632,0.12701692680143206,1.0403554153442383,0.12931626783713623
1,27000832,1.2490598075091839,10.436125297099352,0.04090899245420587,0.00017219889809894084,0.166764410212636,0.0,1.3488812565803527,0.16703029277766057,1.3709559261798858,0.1697114009924059,1.4390178072452546,0.17796198493411364
1,27131904,0.9388574282638729,9.995942663401365,0.037212484941846924,0.00015294961065137613,0.13453503884375095,0.0,1.1123083591461183,0.13814946794872118,1.179060047864914,0.1463245689702528,1.2477663373947143,0.1547182179258786
1,27262976,0.9452154873870313,9.943040911108255,0.02851099231338594,0.000153225848407601,0.12660091184079647,0.0,1.0039051651954651,0.12483356968847281,1.0205411374568938,0.126880126335428,1.0588434457778932,0.13158794248967776
1,27394048,0.9270742479711771,10.145137019455433,0.03226143287611194,0.00013714075794268865,0.13060991652309895,0.0,1.0072473883628845,0.12524481570441215,1.031111443042755,0.12817992502636377,1.118026317358017,0.13885050228360485
1,27525120,0.8593240049667656,9.92023105546832,0.02940882214170415,0.00022469775467470754,0.16053983941674232,0.0,0.9556983232498169,0.1188972242390256,1.017973071336746,0.12656427298957618,1.1656430912017826,0.14468295667387276
1,27656192,0.9198200413957238,9.27622289955616,0.03215955635823775,9.319991659140214e-05,0.08098907768726349,0.0,1.0436798214912415,0.12972484749631374,1.0641334116458894,0.13223768186785922,1.0931314611434937,0.13579733081810286
1,27787264,0.9481253363192081,10.014794874936342,0.03511300901300274,0.00019353062634763774,0.1659320406615734,0.0,1.0049007534980774,0.12495607698862421,1.0287926614284515,0.12789482896523197,1.0829858732223512,0.13455230532029816
1,27918336,0.8603675719350576,10.353828512132168,0.029170057307055686,0.0002012703007494565,0.16954917646944523,0.0,0.9178135871887207,0.11422598194592992,0.9533172339200972,0.11860378524574822,0.9719885611534119,0.12090422932080935
1,28049408,0.9509373605251312,9.794780101627111,0.030208645584934857,9.587857357473695e-05,0.08874795399606228,0.0,1.0099606275558473,0.12557863633766542,1.025739198923111,0.12751937106130917,1.0629639494419099,0.13209405258652307
1,28180480,0.8090389152057469,9.647030364722013,0.028034226461386424,0.00011160850874603057,0.10744640976190567,0.0,0.8657797396183013,0.10780193326909893,0.8811164170503616,0.10969634518446192,0.9086116498708725,0.11309059897760476
1,28311552,0.828354544006288,9.295995872467756,0.029410096336505376,7.242896026582457e-05,0.06710408627986908,0.0,0.8761996686458587,0.10908910635241043,0.8902357667684555,0.11082240563298984,0.921973820924759,0.11473919551116474
1,28442624,0.9233399713411927,9.977889474481344,0.03168749791075243,0.00012303771609367686,0.11552264541387558,0.0,0.9611249327659607,0.11956590720391835,0.9817401230335234,0.12210517863287929,1.021719665527344,0.12702506805745317
1,28573696,0.7910748794674873,9.184356726706028,0.027427058015746297,0.00020288121049816255,0.12823455594480038,0.0,0.9219035565853119,0.11473052808948214,0.978756234049797,0.12173773689409817,1.0941902363300324,0.13592723478307156
1,28704768,0.7959447861649096,9.223965156823397,0.026736937561508967,0.0001286775491280423,0.10206562280654907,0.0,0.953575849533081,0.11863565733652526,0.9682536959648133,0.12044416969183125,1.0065575885772706,0.1251599423625347
1,28835840,0.866448562592268,9.094356395304203,0.03170334171591094,7.484471609586762e-05,0.06432545743882656,0.0,0.9383704483509063,0.11676131270266099,0.9584489852190018,0.11923618250616097,1.074238102436066,0.1334784729663565
1,28966912,0.8179807993583381,9.462197221815586,0.027831489025629708,7.40895211492898e-05,0.07376246526837349,0.0,0.9049903392791748,0.11264370164313031,0.9394325524568558,0.11689226369992523,0.9697659796476364,0.1206304586092577
1,29097984,0.9733711215667427,9.260905593633652,0.03261619043769315,7.768683462927584e-05,0.07650979794561863,0.0,1.0796678185462951,0.13414503467244332,1.0901746869087219,0.13543453154910123,1.1890818953514104,0.1475502525194945
1,29229056,0.960114095825702,10.416479267179966,0.034337500193942105,0.00019811993729490496,0.18386116437613964,0.0,1.0397996664047242,0.12924796030882058,1.0599393367767334,0.13172255446516745,1.1274666976928711,0.14000760901448128
1,29360128,0.8754893494769931,10.218157295137644,0.03182041406762437,0.00017633407605899265,0.1625913791358471,0.0,0.9292100369930267,0.1156317214726148,0.9482936203479766,0.11798462082409755,0.9837434083223343,0.12235184820506206
1,29491200,0.926595417317003,9.87621159479022,0.03337120542710181,0.00011328032269375399,0.10038692504167557,0.0,0.9744723916053772,0.12121015810621838,0.9861422121524811,0.12264719908526533,1.0180475747585298,0.12657343672722354
1,29622272,1.0836724541150033,10.3930355720222,0.0384037068906764,0.00020973841492377687,0.15033793076872826,0.0,1.279989945888519,0.15864727916524823,1.3682556867599487,0.16938357382188984,1.5467270040512087,0.19096728769925497
1,29753344,1.1750626740977168,9.981170542538166,0.0461831678476301,0.00011278228703304194,0.09491868689656258,0.0,1.2595869183540345,0.1561600901438862,1.3396350681781768,0.16590654785318226,1.3892276608943939,0.17192872178820062
1,29884416,1.198278802447021,11.268235228955746,0.04095085394146736,0.00028482831839937717,0.24607032537460327,0.0,1.2675947308540345,0.15713650396632395,1.28722682595253,0.15952899430197798,1.3626824748516084,0.1687068300712724
1,30015488,1.1335939979180694,10.35908842086792,0.0398992674308829,0.00018386354713584296,0.17503082193434238,0.0,1.1942126989364623,0.14817758062666098,1.2068128526210784,0.14971765707725404,1.2199255537986755,0.1513196094028797
1,30146560,0.9126864597201347,10.52032558247447,0.030410594074055552,0.000209251491185114,0.18089727126061916,0.0,1.0380700945854187,0.12903536946407823,1.098133373260498,0.13641098767018534,1.1544549870491028,0.14331344273274516
1,30277632,0.7945228149183095,10.271347112953663,0.026190702705207514,0.00017286799976545808,0.15998446196317673,0.0,0.8360076665878295,0.10412221348957806,0.8478555917739868,0.1055869211388143,0.86377780854702,0.10755459333737338
1,30408704,0.7703763544559479,10.123557358980179,0.026347133880335605,0.00017780217581275792,0.16857110522687435,0.0,0.8194053113460541,0.10206897753017619,0.8430575430393218,0.10499381399827201,0.8569415390491486,0.10670986745543964
1,30539776,0.8267748230136931,10.159326322376728,0.029687615795410238,0.00018403075068817998,0.16933834925293922,0.0,0.867195188999176,0.10797680494186901,0.8883018404245376,0.11058362741278671,0.9240156376361848,0.11499105513322228
1,30670848,0.7765046539716423,8.846650145947933,0.023709602741291746,0.0001600086579855997,0.0871624294668436,0.0,0.9967621922492981,0.12395451431752336,1.094891607761383,0.13601328535030244,1.2834089088439942,0.15906386479695112
1,30801920,0.9103602995164692,9.36928429082036,0.02983474510619999,0.00016175801283679903,0.1339762955904007,0.0,0.9912547647953034,0.12327660565554721,1.0133594155311583,0.12599676264338533,1.0301310300827027,0.12805938504797543
1,30932992,0.8424000591039658,10.736569982022047,0.028249432527445606,0.0003353227139860637,0.2510343212634325,0.0,0.9171931445598602,0.11414943784834719,0.9346710711717605,0.11630517025481013,1.089644197225571,0.13536943606838592
1,31064064,0.7228690627962351,9.6592503413558,0.02427965211245464,0.00014250073431298915,0.1295324470847845,0.0,0.8107950866222382,0.10100379558298234,0.8244807928800583,0.10269676239061076,0.8509261590242386,0.10596644758063678
1,31195136,1.056946418248117,9.62184639275074,0.034329899317526724,9.930563510351931e-05,0.09266943857073784,0.0,1.1812512040138246,0.1465925884180863,1.2139022052288055,0.1505838471907892,1.2585025751590728,0.15602784979186124
1,31326208,0.9688007705844939,10.090786401182413,0.03419590640987735,0.00012002948824374471,0.11280861310660839,0.0,1.099821436405182,0.13661806317386005,1.131930011510849,0.14055454415511748,1.1645923089981078,0.14455435597898347
1,31457280,0.873102608602494,9.691602058708668,0.027129294532642234,8.736767267691903e-05,0.08327339589595795,0.0,0.9117267608642579,0.11347499082257495,0.9204366713762283,0.11454957722720027,0.9393780559301377,0.1168855447074495
1,31588352,0.7977714496664703,9.644593983888626,0.025636438567744335,0.0001231466649187496,0.12016690522432327,0.0,0.8448758721351624,0.10521859417766133,0.8676886618137358,0.10803776946320909,0.9510396206378939,0.11832307897232575
1,31719424,0.8136586262844503,10.006233152002096,0.02506884375907248,0.00014650346020061988,0.13309097103774548,0.0,0.8933594107627869,0.11120804900498249,0.9188035815954209,0.11434811489146979,1.0009867799282075,0.124474439994531
1,31850496,0.9611742231063545,10.231563370674849,0.03291323217126774,0.0001329468341282336,0.1274164356291294,0.0,1.0083852767944337,0.12538481811109015,1.019091749191284,0.12670186534059935,1.0524073803424836,0.1307972811487519
1,31981568,0.9580777236260474,10.142546657472849,0.035123083034704905,0.00013033835784881376,0.12213354930281639,0.0,1.0117643356323243,0.12580053800250313,1.0341247737407684,0.1285503847968854,1.0758818888664246,0.13368027991681952
1,32112640,0.9657235955819488,9.71543737873435,0.037444007544763735,0.00011723032730515115,0.1090944018214941,0.0,1.0261245012283324,0.1275667503741873,1.0420840322971343,0.1295287256241664,1.057325279712677,0.1314014530308789
1,32243712,0.8416039487347007,10.626096621155739,0.03104633253042266,0.00022120182055118676,0.20228144340217113,0.0,0.8986118197441101,0.11185643297467807,0.9132255911827087,0.11365992820360149,0.940282723903656,0.11699708175658197
1,32374784,0.8871316188015044,10.108648404479027,0.027697813737177057,0.00013156931356661516,0.13172021135687828,0.0,0.9263319611549378,0.11527675747608579,0.9375193774700165,0.1166563778923786,0.950543361902237,0.1182619146560715
1,32505856,0.7601426979526877,9.802451025694609,0.022171397824422456,0.0001350038655800745,0.1226036362349987,0.0,0.7932521283626557,0.09883281958084278,0.8019376009702682,0.0999077830075934,0.8355054932832718,0.1040601219556907
1,32636928,0.8628024733625352,9.781116485595703,0.029274176096805604,0.00010856812423298834,0.10033504292368889,0.0,0.9110406935214996,0.11339033585569736,0.9273110449314117,0.11539751489627825,0.972072982788086,0.12091462775421014
1,32768000,0.823320765979588,9.75551063939929,0.02810907340972335,0.00029959442326799035,0.20188063010573387,0.0,0.9505249619483948,0.11825964682866874,0.9912255823612213,0.12327301328579598,1.1437099099159245,0.1419976419018647
1,32899072,0.9179245755076408,9.6262230835855,0.028538163507619174,0.00011836107660201378,0.10892818681895733,0.0,1.0112220168113708,0.12573382040799785,1.0409365713596344,0.1293876968559189,1.0691402983665466,0.13285254743375985
1,33030144,1.0201270412653685,9.677511017769575,0.031313798299379414,0.00011276237273705192,0.1039223913103342,0.0,1.0707619667053223,0.13305167284576247,1.0989166378974915,0.13650707259682715,1.1843186140060424,0.14696775396658768
1,33161216,0.9301678412593901,9.575456012040377,0.031261597272532526,9.622543984733056e-05,0.0978161133825779,0.0,0.9776489615440369,0.1216013767670514,0.9909773528575897,0.12324245600022898,1.0198055469989777,0.12678965671696596
1,33292288,0.8135902034118772,9.468954667448997,0.024524533586372854,8.279811135025739e-05,0.08137989975512028,0.0,0.8551134645938874,0.1064839546782832,0.8633136600255966,0.10749724557261398,0.8981173527240754,0.1117953975131376
1,33423360,0.7616032166406512,8.03693002462387,0.023042626611641026,1.700354306422014e-05,0.01741069369018078,0.0,0.8090844631195069,0.10079214449998686,0.8276480704545974,0.10308848062912057,0.8523112243413925,0.10613763351002414
1,33554432,0.827320309355855,9.621698934584856,0.024984561539895367,0.00010553789252298884,0.09640563651919365,0.0,0.8697233378887177,0.10828912842739458,0.8918296128511429,0.1110191851723612,0.9242248433828354,0.11501685998449829
1,33685504,0.7539258725009859,9.21686577051878,0.02422302358172601,0.00010919771739281714,0.09877711534500122,0.0,0.7877071022987365,0.09814641483711761,0.8103704124689102,0.10095125258547588,0.8339735400676728,0.10387069762755985
1,33816576,1.1885668244212866,9.654474548995495,0.03875691733628628,8.706403787073214e-05,0.086955601349473,0.0,1.27043377161026,0.15748260208927323,1.2850771367549896,0.15926711049676823,1.383983762264252,0.1712925387226707
1,33947648,0.8331666737794876,9.56375341489911,0.02710713932174258,0.00011420154078223277,0.11246507056057453,0.0,0.9152261078357696,0.11390675528556748,0.9399157881736755,0.11695184238917844,1.0160957765579226,0.1263333632228545
1,34078720,0.7215268588624895,10.041309460997581,0.026121533515834017,0.00018776985109525413,0.17141847871243954,0.0,0.7505201637744904,0.09354075591207733,0.764538300037384,0.0952774044022402,0.8196520829200746,0.1020995025201803
1,34209792,0.917963104788214,10.370679561048746,0.027825122477224795,0.00022941075894777896,0.19429090432822704,0.0,0.9951756179332734,0.12375923488913632,0.9997520714998245,0.12432248982703054,1.0144004511833191,0.12612482417040827
1,34340864,0.9157424317672849,9.935534309595823,0.0266614651591226,0.00012810524458473083,0.12218546308577061,0.0,0.9617217540740967,0.1196394426912295,0.9716982185840607,0.12086846686511898,1.0100964438915252,0.12559534561615204
1,34471936,0.932659886777401,10.40852401778102,0.030578333553421544,0.0001752766693243757,0.15278062224388123,0.0,0.9841681241989135,0.122404142601658,1.0006265342235565,0.12443010673372856,1.0298019373416902,0.12801892284968064
1,34603008,0.804090459831059,9.581608448177576,0.02592967231248622,0.00013220077988762569,0.11707859113812447,0.0,0.8469024956226349,0.10546911084920119,0.8732166707515716,0.10872065401619158,0.9209768515825272,0.11461621323352289
1,34734080,0.8478882471099496,10.843587409704924,0.029423622363538016,0.0002574566042312654,0.21700387448072433,0.0,0.8869067311286927,0.11041136798398132,0.9050760746002197,0.1126542825628003,0.9336786752939225,0.11618279700921663
1,34865152,0.7039754646830261,9.070617988705635,0.021535688425501576,0.00033061966132663656,0.14937576837837696,0.0,0.8800091743469238,0.10955960324262493,0.9651170700788495,0.12005776102807308,1.1812675762176519,0.14659459096438598
1,34996224,0.8528104317374527,9.670219417661428,0.026697112172769266,0.00011448381883383263,0.09292770363390446,0.0,0.9837458550930023,0.12235214947287232,1.0118315637111663,0.12580880851155563,1.0420854115486147,0.12952889513801558
1,35127296,0.8749799649231136,9.550254311412573,0.026899698604211153,0.00010553269385127351,0.08483616635203362,0.0,0.9495372712612152,0.11813791036523891,0.9793333292007445,0.12180880408945494,1.0599083995819094,0.131718754412135
1,35258368,0.8271192274987698,10.017209969460964,0.02786844731599558,0.00020667266949203622,0.17533873580396175,0.0,0.928776741027832,0.11557828332586784,0.9366937339305877,0.11655457571764516,0.9640324687957764,0.11992413785573564
1,35389440,0.7681864984333515,10.027253847569227,0.02749645819858415,0.00014526817767546163,0.1401826459914446,0.0,0.8177471876144409,0.10186386703489014,0.832987105846405,0.10374872213316721,0.9262525713443758,0.11526696561229177
1,35520512,1.1010398385114968,9.355714969336987,0.04020926692101057,6.714074879710097e-05,0.06628265418112278,0.0,1.2456772565841674,0.15446332351277325,1.2669134497642518,0.1570534454827719,1.2785170698165893,0.1584677982606395
1,35651584,0.9038329347968102,10.910540480166674,0.035074719693511724,0.00027130194666824536,0.2309785895049572,0.0,1.0866052508354187,0.13499650965331922,1.220505106449127,0.15139039391075926,1.2913598859310151,0.1600324372230557
1,35782656,0.8100798111408949,9.845478307455778,0.026241914223646745,0.0001301046631851932,0.11665746755897999,0.0,0.8625337481498718,0.10740088212792864,0.8812582492828369,0.10971386084093959,0.8967005717754364,0.1116205098372256
1,35913728,0.880494027864188,9.422556590288877,0.03606491280515911,9.319714990851935e-05,0.09499950706958771,0.0,0.9449426114559174,0.11757155523343021,0.9536082178354263,0.1186396464267716,1.0265708911418916,0.12762164069434
1,36044800,0.8988058478571475,10.010115217417479,0.03388741637900239,0.00015363390411948785,0.12623396143317223,0.0,0.9943589270114899,0.12365871084454705,1.0056435883045196,0.12504748044883862,1.0251161789894103,0.12744275918961656
1,36175872,0.863794316072017,9.000981524586678,0.024191212021833053,7.358702055171307e-05,0.07534633204340935,0.0,0.9112007260322571,0.11341008267513275,0.916700828075409,0.1140886997274686,0.9525588464736939,0.11851031928040023
1,36306944,0.7563256211578846,10.74291804805398,0.02530568651491194,0.00027262543198958156,0.22382214479148388,0.0,0.8199428081512451,0.10213546421444564,0.8484815180301666,0.10566428900650782,0.8753093492984771,0.10897913949761873
1,36438016,0.7782364534214139,10.400087870657444,0.026257482863002224,0.0002375989188294625,0.21803211979568005,0.0,0.8185801029205322,0.10196690003815223,0.8252497851848603,0.10279187170535042,0.8378383040428162,0.1043485569323841
1,36569088,0.971295059658587,9.574107214808464,0.03398206361089251,8.980566235550214e-05,0.08779450319707394,0.0,1.057065486907959,0.1313695395030432,1.070917695760727,0.1330707943241396,1.102487643957138,0.13694510378783975
1,36700160,0.8904706588946283,11.202764201909304,0.0293255297046926,0.0003234843311474833,0.278128769248724,0.0,1.0683079481124877,0.13275033859146435,1.1403022170066832,0.1415802438716205,1.1786730778217316,0.14627723305097273
1,36831232,0.9175919182598591,9.964910827577114,0.030725849595910404,0.00012064660222677048,0.1134038046002388,0.0,0.9565757036209106,0.11900534498368187,0.9710553973913193,0.12078928733401595,0.9799582362174988,0.12188575773595645
1,36962304,0.6826416114345193,8.960915848612785,0.020685715911895386,0.0002137543178832857,0.12390015088021755,0.0,0.842699658870697,0.1049495714204256,0.8966162323951721,0.11161009875194106,1.037633590102196,0.12898171450782958
1,37093376,0.7134523126296699,9.478120863437653,0.024363770886338898,0.00016519339465048688,0.14178084768354893,0.0,0.8650669872760772,0.10771387376553765,0.8975535571575164,0.11172580332360704,0.9316816091537475,0.1159365262644605
1,37224448,0.7162063452415168,9.354336742311716,0.02383395093420404,0.0001244250943273073,0.10517535917460918,0.0,0.8105639338493347,0.10097519617374551,0.8404268115758895,0.10466858639778076,0.9177358770370484,0.11421639490746216
1,37355520,0.8647757726721466,9.886869583278894,0.02837320981780067,0.0001931364240590483,0.15209191851317883,0.0,0.9657951414585113,0.12014129739651835,0.992262852191925,0.12340069964843581,1.0374783039093018,0.12896262660905622
1,37486592,0.9276920799165964,9.14864744991064,0.03757066622347338,5.0538954383227974e-05,0.04809420369565487,0.0,0.9821578741073609,0.12215661862249627,1.0076437413692474,0.1252935823653334,1.0467111229896546,0.13009736530908023
1,37617664,0.9042161046527326,10.193894486874342,0.03138341585145099,0.0001570843978697667,0.14693522453308105,0.0,0.963871282339096,0.11990427926956904,0.9776819735765457,0.1216054422508932,1.0072775614261629,0.12524852817273913
1,37748736,0.8474364052526653,9.063697461038828,0.025613394547690405,8.579766654293053e-05,0.07582374662160873,0.0,0.8933234810829163,0.11120361333661077,0.9222134739160537,0.1147687576520171,0.9618949204683305,0.11966077860602065
1,37879808,0.8894308414310217,10.342988207936287,0.03191476673964644,0.00018798587916535325,0.17566539905965328,0.0,0.9529913246631623,0.11856361945948168,0.9825108259916304,0.12220007901970753,1.0142536866664886,0.12610677039557494
1,38010880,0.6734853750094771,10.000619433820248,0.020316998699854594,0.0003753471883101156,0.21192887797951698,0.0,0.8033897697925567,0.10008748898466568,0.8728561013936995,0.10867611537760746,1.0293695700168612,0.12796576231642875
1,38141952,0.9165866998955607,9.714320927858353,0.026949998715281254,0.00015507467469433323,0.13048383593559265,0.0,1.0385042667388915,0.12908873698181655,1.0547269642353059,0.13108225791029593,1.0820068752765657,0.13443214411098614
1,38273024,1.0800056727603078,10.099214967340231,0.038095086434623227,0.00016959152526396792,0.1567882914096117,0.0,1.1623762726783753,0.1442831288617148,1.1755648732185364,0.1458969991780532,1.2224484288692474,0.15162773309215094
1,38404096,0.9084980064071715,9.99089965224266,0.0319923401439155,0.0001466383782826597,0.14059861935675144,0.0,0.9573264181613922,0.11909785428993169,0.9741448581218719,0.12116981773185942,1.017065920829773,0.12645269397586767
1,38535168,0.878571804612875,10.004155553877354,0.034889214162831195,0.00014717505291628186,0.14151319861412048,0.0,0.9264447033405304,0.11529066295162393,0.9382158935070037,0.11674225668890736,0.9717727285623551,0.12087764453580485
1,38666240,0.8228523628786206,11.531127978116274,0.02803418445182615,0.0003223028379579773,0.29036612063646317,0.0,0.878791618347168,0.1094092330737444,0.9096439987421034,0.1132179903255841,0.9208927273750306,0.11460583583624273
1,38797312,0.7567445458844304,10.185870695859194,0.020278623334888835,0.00020954675892426167,0.1913202553987503,0.0,0.7990873277187347,0.0995550425835876,0.8175304591655731,0.10183705700830403,0.8262425327301025,0.10291465238943154
1,38928384,0.8219793508760631,10.820034671574831,0.022349313907398027,0.00027284239149594214,0.24790428951382637,0.0,0.864717823266983,0.10767073444888431,0.879867324233055,0.1095420847781634,0.9122968101501465,0.11354532887925872
1,39059456,0.5861039434093982,9.476017639040947,0.008263862752755813,0.00023634260105609428,0.1568838618695736,0.0,0.7107481062412262,0.08861049663497256,0.775207608938217,0.09659879261532112,1.003178156614304,0.12474410876121378
1,39190528,0.9145166822709143,10.867182228714228,0.03135581523019937,0.00032102566729008686,0.2441063355654478,0.0,1.0454899668693542,0.1299473013730852,1.0524943888187408,0.13080797112622466,1.0925870895385743,0.13573053858921136
1,39321600,0.8083471446298063,10.614385411143303,0.028052862035110593,0.00025394004092049727,0.22827603295445442,0.0,0.8826088845729828,0.10988065493932431,0.8942876935005187,0.11132264783210966,0.9972029912471776,0.12400876722742593
1,39452672,0.9192021801136434,9.036155760288239,0.03228107575705508,5.671428516507149e-05,0.05523208528757095,0.0,1.0025989532470703,0.12467283432637633,1.0183701395988463,0.12661311116000662,1.0630446231365205,0.13210396082736464
1,39583744,0.92731205932796,11.390039958059788,0.03495872070925543,0.0003437921823206125,0.2901387121528387,0.0,0.979584813117981,0.12183977304006066,0.9946065723896027,0.12368919304217418,1.015867328643799,0.12630526288919985
1,39714816,0.8855738062411547,10.341712024062872,0.031212535275699338,0.00019372743554413319,0.18432778678834438,0.0,0.9286423861980438,0.11556171328466247,0.9436321258544922,0.11741000579021255,0.9574594885110855,0.11911425211245508
1,39845888,0.9369926904328167,10.564938571304083,0.03795064711448504,0.00020554984439513646,0.19556685164570808,0.0,0.9788531482219696,0.12174967161358663,1.000641131401062,0.12443190312976715,1.0310533905029298,0.12817278767832674
1,39976960,0.9755132077261806,9.972415994852781,0.039259829580259975,0.0001011419026326621,0.09702290408313274,0.0,1.029840624332428,0.12802367946619309,1.0397101402282714,0.1292369564630904,1.0827329528331757,0.1345212625086576
1,40108032,0.8661224208772182,10.03640527650714,0.03346067427264643,0.00016566725753364153,0.14044124260544777,0.0,0.9350096762180328,0.11634692314576967,0.95115707218647,0.11833755484538644,1.0234727263450623,0.12724065887001612
1,40239104,1.1378686651587486,9.410149801522493,0.0403883930084703,3.438832891333732e-05,0.03499623388051987,0.0,1.2208839416503907,0.15143666266125222,1.2351295888423919,0.15317606062826372,1.2544770538806915,0.1555368711343501
1,40370176,1.0337266051210463,10.324005786329508,0.03634011711619678,0.00016189133930311073,0.1489865668118,0.0,1.094553327560425,0.1359717823431439,1.1078393101692199,0.1376014562198984,1.1701164901256562,0.14523038189813664
1,40501248,0.7817997024394572,8.578130420297384,0.025576447193088825,3.848855703836307e-05,0.03887313790619373,0.0,0.8393328428268433,0.10453333649276209,0.8570492118597031,0.10672317327891778,0.8830896836519241,0.10994002880054077
1,40632320,0.9073033863678575,10.10766127333045,0.0310428237717133,0.00015591187911923043,0.14251710288226604,0.0,0.9458758950233459,0.11768660149528776,0.963163536787033,0.11981708206125208,0.9714802658557892,0.12084162069968962
1,40763392,0.8583136452361941,10.269267283380032,0.02950520262675127,0.00017316260709776543,0.15275505743920803,0.0,0.8978956580162049,0.11176803193828277,0.9049760818481445,0.11264194207725953,0.9178101909160614,0.11422556295096742
1,40894464,0.9156461572274566,9.881206203252077,0.03919553744708537,0.00011012236973328982,0.10831508412957191,0.0,0.9602668583393097,0.11946017992474878,0.9737601608037949,0.12112243631280917,0.9874219703674316,0.12280475945043579
1,41025536,1.047761411871761,9.39655563607812,0.041672412859043106,5.292910100251902e-05,0.052765507251024246,0.0,1.0892444372177124,0.1353203814301014,1.0971012115478516,0.1362843660309625,1.1406306731700897,0.14162047767159414
1,41156608,0.9858718472532928,9.662228796631098,0.028773371144779958,0.00012195532076475502,0.11523676477372646,0.0,1.0530200958251954,0.13087255954322474,1.07948881983757,0.1341230624006735,1.2823541748523717,0.15893535612312193
1,41287680,0.8381910468451679,11.073065251111984,0.028010568483296083,0.0003287087811258971,0.26928045600652695,0.0,0.9607591390609741,0.11952083641805467,1.0633462429046627,0.13214100515082872,1.1543013083934783,0.14329462739479415
1,41418752,0.7859942601062357,10.084689494222403,0.02350098987153615,0.00016384283117076848,0.15930520184338093,0.0,0.8437603056430817,0.10508069014164079,0.8624045938253403,0.1073849240332696,0.8779764467477799,0.10930855524102623
1,41549824,1.0665315459482372,10.845497228205204,0.03904087394766975,0.00023576242034550887,0.21251255832612514,0.0,1.140269362926483,0.14157621942911858,1.155217570066452,0.1434068065221199,1.1997809982299805,0.14885826511274458
1,41680896,0.9394855727441609,11.016174454241991,0.03187346033155336,0.00024168440609173558,0.2302436027675867,0.0,1.0238457322120667,0.12728652945196073,1.0942157864570616,0.13593036953889026,1.1309025359153748,0.14042864473065886
1,41811968,0.8456543711945415,10.538624566048384,0.02919586858843104,0.00020041259267600253,0.18787779845297337,0.0,0.8770682573318481,0.10919638659439301,0.8896184593439102,0.11074618924410307,0.898937059044838,0.11189657903604244
1,41943040,0.8756755366921425,11.109850339591503,0.03205221617827192,0.00028472237499954645,0.252850066870451,0.0,0.9098129391670227,0.11323883713744087,0.9257094144821167,0.11519997256022219,0.9394093638658524,0.1168894047306186
1,42074112,0.8169012810103595,10.521471910178661,0.026744421087641967,0.0002107820018864004,0.19478845968842506,0.0,0.8502208113670349,0.10587926834293726,0.8618077456951141,0.10731117774721666,0.8887253224849702,0.11063591503278203
1,42205184,0.8292331071570516,10.500116251409054,0.028112231811974198,0.00024793437478365377,0.20725849270820618,0.0,0.9296440958976745,0.11568525304113919,0.9994019687175748,0.12427940314699581,1.06175399184227,0.13194544396309804
1,42336256,0.8545097028836608,10.056310947984457,0.027105461766041117,0.0002210765378549695,0.1788178738206625,0.0,0.970728474855423,0.12074901804537563,0.9827763259410858,0.12223277079662154,1.014698909521103,0.12616153782518325
1,42467328,0.892353655770421,10.093722652643919,0.03148763525678078,0.00016532894733245485,0.14713603258132935,0.0,0.9576396882534027,0.11913645743180123,0.9789312213659286,0.1217592860855512,1.07655002951622,0.13376230408805867
1,42598400,1.1166971251368523,9.928462896496058,0.042657184618292376,0.00010499596646695863,0.10632826760411263,0.0,1.1801582336425782,0.14645890035295994,1.1852578580379487,0.14708262158541352,1.213542573451996,0.15053991227487828
1,42729472,0.7676568124443293,8.106543947011232,0.023484698231186485,2.3571252313558944e-05,0.02408740669488907,0.0,0.8479848861694336,0.10560290272956818,0.9011127918958663,0.11216513221159352,1.0387002360820774,0.1291128248717981
1,42860544,0.7489804280921817,9.817540496587753,0.024221291896537878,0.00011065791477449238,0.11259255185723305,0.0,0.7846048653125762,0.09776235598817973,0.8040642499923706,0.10017095372900253,0.8340896153450013,0.1038850504718054
1,42991616,0.7735543292947114,8.761628612875938,0.020575073511281516,3.348408245074097e-05,0.034287700429558754,0.0,0.811514937877655,0.10109285821090364,0.8306315869092941,0.10345744266757073,0.8615906065702439,0.10728434784179286
1,43122688,0.8210005392320454,8.766794126480818,0.02916740548243979,3.539364843163639e-05,0.036243095993995667,0.0,0.859997010231018,0.10708743686685751,0.8713393688201904,0.10848875911874956,0.8938242638111115,0.1112654366470438
1,43253760,0.7044782470911741,9.693990394473076,0.02687897918804083,0.00013406926700554322,0.12389017269015312,0.0,0.7776796340942382,0.09690490320358136,0.80623300075531,0.10043932006483502,0.895269247889519,0.11144381995752739
1,43384832,0.7891744016669691,9.571359138935804,0.03001959912944585,0.00013236441373010166,0.11987877264618874,0.0,0.867595511674881,0.10802626158928752,0.8742217689752578,0.10884480454236489,0.89181431889534,0.11101729699023188
1,43515904,0.8246866026893258,10.825304672122002,0.025513855813187547,0.00028496810773503967,0.23561056703329086,0.0,0.8926738619804382,0.11112341439329088,0.90847148001194,0.11307330179847952,0.9549542570114138,0.11880552976168435
1,43646976,0.9062156565487385,9.71468660607934,0.030649870433990145,0.00010300506619387306,0.10165775567293167,0.0,0.9676574051380158,0.1203707139629937,0.9742594957351685,0.12118393701853769,1.0028838300704956,0.12470789028235951
1,43778048,0.7776794456876814,11.023420047014952,0.02493062661960721,0.00029337638557080936,0.2578080054372549,0.0,0.8402006268501282,0.10464062297052812,0.8602189183235168,0.10711485719950242,0.8969968980550767,0.11165708897466753
1,43909120,0.7230822541750968,10.10974008589983,0.024681562037585536,0.0001420583201934278,0.13315618969500065,0.0,0.76440589427948,0.09526100390049685,0.7765287160873413,0.09676238743747478,0.7954275512695312,0.09910208402966814
1,44040192,0.7777325678616762,10.919392876327038,0.023801444469427224,0.00026159026128880214,0.23393909446895123,0.0,0.8265951871871948,0.10295826710949063,0.8365965604782104,0.10419502661078006,0.863127574324608,0.10747425359533924
1,44171264,1.0208500130102038,9.640003580600023,0.032999694123645895,7.846282603907184e-05,0.07851467095315456,0.0,1.0684693813323975,0.1327701620806574,1.0832702219486237,0.13458720525151624,1.0932186579704284,0.1358080294069739
1,44302336,0.5800723219290376,9.0936915948987,0.019609743871114915,0.000346860333593213,0.17233001999557018,0.0,0.7436891913414001,0.09269428822244108,0.7757540643215178,0.09666646169740711,0.9735487443208697,0.12109639687110962
1,44433408,0.7816690038889647,10.283533919602633,0.027719205398170743,0.0002545858240097232,0.19367078691720963,0.0,0.9214402973651886,0.11467338254795689,0.9518111467361449,0.11841816844470587,0.9762992912530899,0.12143515925135229
1,44564480,0.8845323948189616,8.810571718961,0.025945522651454667,3.4828550269594416e-05,0.035656798630952835,0.0,0.946366012096405,0.11774701717022062,0.9717434853315352,0.12087404254094669,1.0699144566059116,0.13294760802407457
1,44695552,0.919986067339778,9.46218391880393,0.02269511811209668,9.384536679135635e-05,0.0850968211889267,0.0,0.9898008823394775,0.12309762819432146,1.0032337009906769,0.12475094376094198,1.0367996430397033,0.12887920396946861
1,44826624,0.8405572455376387,9.956956934183836,0.0254782917763805,0.00015790599718457088,0.14965258352458477,0.0,0.8995814204216004,0.11197611499756288,0.9184701532125473,0.11430698111508963,0.9587630110979082,0.11927487748616694
1,44957696,0.7866954277269542,9.328772936016321,0.025455417755438248,9.992003651859704e-05,0.09168299846351147,0.0,0.8321734488010406,0.10364810869611518,0.8460081696510314,0.10535856233024621,0.8838778936862945,0.11003736313208967
1,45088768,0.7750897356308997,10.62204246968031,0.023068026392138563,0.0002617981681396486,0.2344666775316,0.0,0.8143750846385955,0.10144670999801741,0.8304820984601974,0.10343895658082447,0.83975736618042,0.1045858217633413
1,45219840,0.7809014478698373,8.870266489684582,0.024713337268622126,5.769726703874767e-05,0.056160274893045425,0.0,0.8263090133666993,0.10292287444638415,0.8443154394626617,0.10514931514849835,0.893563638329506,0.11123326166307335
1,45350912,0.7078997152857482,9.358292441815138,0.015320324560889276,0.00020662459860432136,0.13343623466789722,0.0,0.8317339777946472,0.10359376466175352,0.901185742020607,0.11217413624463246,1.0888839161396027,0.1352761412405561
1,45481984,0.7901147897355258,7.800930757075548,0.019385989302463713,9.1386118583614e-06,0.009357938542962074,0.0,0.9026624500751496,0.11235639829147015,0.9389368295669556,0.11683114457844801,0.969482878446579,0.12059558576100904
1,45613056,0.8409541905857623,9.941694106906652,0.025032275374542223,0.00019003542001883034,0.16616432182490826,0.0,0.9094891607761383,0.11319888363316744,0.9260465413331985,0.1152415539619962,1.0420592033863072,0.1295256740805597
1,45744128,0.743286850862205,9.218093752861023,0.020870777649179217,7.861044286983088e-05,0.07106185890734196,0.0,0.8043537437915802,0.10020677721847537,0.8133242815732955,0.10131670966726625,0.8398330855369569,0.10459518314451377
1,45875200,0.727271631360054,9.84641046077013,0.018113846383130294,0.00017766829478205182,0.15003937296569347,0.0,0.7819216847419739,0.09743015309161751,0.8072915434837341,0.1005703013344692,0.8266848373413086,0.1029693545749717
1,46006272,0.7399877994321287,10.480210550129414,0.024888534855563194,0.000221884543861961,0.20008794218301773,0.0,0.7831379473209381,0.09758074049018983,0.8118901252746582,0.10113927712449411,0.8245143395662308,0.10270091149905558
1,46137344,0.7947433236986399,8.598478268831968,0.020054482785781147,2.2643889678874984e-05,0.02069971151649952,0.0,0.8431198179721833,0.10500151254605772,0.8519531905651092,0.10609338324296358,0.8695618307590485,0.10826917673245329
1,46268416,0.8567516789771616,11.284981787204742,0.027430756934336387,0.0003467345104581909,0.28298692032694817,0.0,0.9251638233661652,0.11513267821189288,0.9467446386814117,0.1177936890563076,0.9581567108631134,0.11920016747262929
1,46399488,0.8832374610938132,10.078503780066967,0.02495619101682678,0.00019780162620008923,0.16323651187121868,0.0,0.9607569754123687,0.11952056982549752,1.0040091753005982,0.12484636832669604,1.104103639125824,0.13714330940941388
1,46530560,0.7940729912370443,9.43876450508833,0.02329066781203437,0.00011811113654403016,0.11553055047988892,0.0,0.8597278833389282,0.10705418166950764,0.8900942623615264,0.1108049347855431,0.8995295667648315,0.11196971455768012
1,46661632,0.7661814922466874,8.172015149146318,0.02604741413233569,2.9204213205957785e-05,0.029905114322900772,0.0,0.8055840194225311,0.10035901511418266,0.8284110605716705,0.10318283990634014,0.8644182986021043,0.10763372776480384
1,46792704,0.718169623054564,7.9621557630598545,0.022818149764134432,2.987508196383715e-08,3.059208393096924e-05,0.0,0.7693468451499939,0.09587298199531902,0.77901531457901,0.09707029273825163,0.8124782997369767,0.10121204632519665
1,46923776,0.7062649456784129,9.022504065185785,0.024304263049998553,9.537540972814895e-05,0.09619756042957306,0.0,0.7394213259220124,0.09216536275011689,0.7463329344987869,0.0930219066129101,0.7649729597568512,0.09533124337004528
1,47054848,0.802000914234668,8.468196652829647,0.028533671102195513,3.351266605022829e-05,0.03431697003543377,0.0,0.8357961475849152,0.10409606018841955,0.8508477509021759,0.1059567566098174,0.8745364779233933,0.10888367694227163
1,47185920,0.6934456420131028,9.717419672757387,0.023526231934738462,0.00011923832755655894,0.11000779457390308,0.0,0.7440255761146546,0.09273597486963214,0.7902787387371063,0.09846476285587635,0.8298190546035767,0.1033569621854673
1,47316992,0.9201571838930249,9.48830384761095,0.033512946723931236,9.68367385212332e-05,0.09656961262226105,0.0,0.9728415012359619,0.12100928695955848,0.982028141617775,0.12214064401706382,0.9912150549888611,0.12327171736109488
1,47448064,0.7005028766579926,8.334798626601696,0.011297098629256652,5.865736056875903e-05,0.0454823262989521,0.0,0.8453577399253845,0.1052781604319244,0.9101360827684402,0.11327871194502381,1.0706186425685889,0.13303407444060156
1,47579136,0.8359844773076475,8.72649059817195,0.030065928047406487,4.413922033563722e-05,0.04519856162369251,0.0,0.9136956334114075,0.11371792406009429,0.9342216491699219,0.11624975205294463,0.9487730491161347,0.1180437147739386
1,47710208,0.8469186355359852,11.256433207541704,0.030065552975429455,0.00035393387224758044,0.2895334642380476,0.0,0.9016774892807007,0.1122348307743326,0.9264206439256668,0.11528769549826534,0.9898337441682817,0.12310167367635749
1,47841280,0.814804669469595,8.358326848596334,0.019797199209278915,3.4400592994643375e-05,0.035226207226514816,0.0,0.87670117020607,0.10915104761304528,0.8925336241722107,0.11110610109783936,0.9198663771152497,0.11447922526726129
1,47972352,0.8806438804604113,9.984404474496841,0.022618064973357832,0.0001680789573583752,0.13633180037140846,0.0,0.9248724997043609,0.11509674530985392,0.9347670614719391,0.1163170067195034,0.9625571477413177,0.11974237092739193
1,48103424,1.1714235940016806,9.837872996926308,0.03772578031203011,0.00013606680113298353,0.1152797993272543,0.0,1.3234171986579895,0.1639344531595437,1.343888908624649,0.1664235963869889,1.3621181845664978,0.16863830057362428
1,48234496,1.0283609982579947,9.683610435575247,0.03427831867156783,9.080452400667127e-05,0.08901488967239857,0.0,1.1561092138290405,0.1435159681083804,1.1934758245944976,0.14808749251107312,1.3235393500328065,0.16394931169948657
1,48365568,0.8241337006911635,10.552945479750633,0.026981598774000304,0.0002158465067623183,0.19420740567147732,0.0,0.9351470172405243,0.1163638583483304,0.978236186504364,0.12167369383724957,1.0545797276496887,0.1310641695311099
1,48496640,0.7419966184534132,10.53608351200819,0.0246098271527444,0.00038979649616521783,0.24921088479459286,0.0,0.8633261680603027,0.10749879100937143,0.9075518786907196,0.11295981986237669,1.033770543932915,0.12850683753792502
1,48627712,0.7572652022354305,9.712799783796072,0.025412318835151382,0.00014773143266211264,0.1442232895642519,0.0,0.8585751414299011,0.10691173812349475,0.8698152154684067,0.10830047843502899,0.9207000607252122,0.11458206876187726
1,48758784,0.9556432426907122,9.071123447269201,0.02954340687574586,4.306439768697601e-05,0.03955760411918163,0.0,1.0149623036384583,0.12619393790850775,1.035480546951294,0.1287170522624721,1.1266824364662171,0.1399114966911572
1,48889856,0.8503293409012258,11.014471031725407,0.02366335267061004,0.0002768040922092041,0.25023308768868446,0.0,0.9082524359226227,0.11304627127912026,0.9282728046178816,0.11551613229142599,0.9637521255016327,0.11988959877893945
1,49020928,0.8940726537257433,10.724357519298792,0.029653799236257328,0.00020876348207821138,0.19980008341372013,0.0,0.9323980510234833,0.11602487684381813,0.9396351456642151,0.1169172417527331,0.962755053639412,0.11976675438975048
1,49152000,0.8284846493043005,10.67959265038371,0.02873156699388346,0.000249706050453824,0.23185458220541477,0.0,0.8687675774097443,0.10817105781044734,0.8773061335086823,0.1092257664710885,0.904813381433487,0.1126218625265003
1,49283072,0.849766481667757,8.472945999354124,0.035124933456245344,4.551564961730037e-05,0.04106105677783489,0.0,0.8892179965972901,0.11069674507206617,0.901960951089859,0.11226981702742367,0.9275194561481476,0.11542321930534216
1,49414144,0.8718853429891169,10.370669018477201,0.033386643997801,0.00014023659787198994,0.13185361959040165,0.0,0.926646602153778,0.11531556477753213,0.9325662285089492,0.11604561598304186,0.9514844906330109,0.11837790881887833
1,49545216,0.7019915310665965,8.252082906663418,0.020078264886251418,3.797375211433973e-05,0.03707339055836201,0.0,0.7895573437213897,0.098375461954747,0.8258723914623258,0.10286887455348159,0.933294791579247,0.11613545901002786
1,49676288,0.816968793515116,10.502836722880602,0.02709461440463201,0.00024216265228460543,0.21512548439204693,0.0,0.9130121111869812,0.11363358785653221,0.930749586224556,0.11582158779379093,0.9662525987625122,0.12019765380887737
1,49807360,0.830341964494437,8.902400154620409,0.029236234553536633,5.111225073051173e-05,0.05105285719037056,0.0,0.8757177770137787,0.1090295863472508,0.8894946843385696,0.11073090710045008,0.9718504405021671,0.12088721658196366
1,49938432,0.8903287230059505,10.22205550596118,0.030584465777792502,0.00015732416613900568,0.1488659530878067,0.0,0.9656766414642334,0.1201266986738525,0.9890185475349426,0.12300131702713357,1.0263589704036713,0.12759558196560583
1,50069504,0.9484828151762486,9.86076733469963,0.033640577414189465,9.915914233715739e-05,0.0951324999332428,0.0,1.010244107246399,0.125613512334652,1.025048977136612,0.12743449538284946,1.046681033372879,0.13009366776473996
1,50200576,0.8370821685530245,9.349597964435816,0.02913356665885658,8.665374480187893e-05,0.0837077647447586,0.0,0.8926627814769745,0.111122046433477,0.8990503489971161,0.11191056294718438,0.9243662852048875,0.11503430628719813
1,50331648,0.8634635875932872,10.301238983869553,0.029812367629347136,0.00016105685244838241,0.15992663986980915,0.0,0.9029861986637115,0.11239635580967211,0.9109425812959671,0.11337822949379794,0.928662348985672,0.11556417530825103
1,50462720,0.818867598194629,8.514503512531519,0.029758786182355834,1.3854210919816978e-05,0.014186711981892586,0.0,0.8516955733299255,0.1060615434409995,0.8570378720760345,0.10672177195053112,0.8907493817806245,0.11088581855611501
1,50593792,0.7636265163309872,7.966755338013172,0.018103618360328255,1.1667845683405176e-05,0.0119478739798069,0.0,0.8446802616119384,0.10519441349940561,0.864987164735794,0.10770401170282207,0.9769263005256656,0.12151237890145339
1,50724864,0.7858255347236991,8.472838036715984,0.026010288376710378,2.585102993180044e-05,0.026303065940737724,0.0,0.8657845318317413,0.1078025253342978,0.8800336599349976,0.10956262720161747,0.9157307410240174,0.11396901555055416
1,50855936,0.9018932222388685,9.791031576693058,0.03153242002008483,0.00013694616245629732,0.12857365608215332,0.0,0.9538165926933289,0.11866532658560613,0.9723630726337432,0.12095035867645576,1.0417349910736087,0.12948582724203272
1,50987008,0.8324421546421945,10.411130502820015,0.02750393136375351,0.0001859630865510553,0.16592061333358288,0.0,0.8766374886035919,0.10914318224333952,0.8817745506763458,0.10977762121511758,0.9059280318021774,0.11275942442899001
1,51118080,0.9859855794347823,9.461305279284716,0.03572168355822214,7.570997877337504e-05,0.06585092470049858,0.0,1.0662036657333374,0.13249192965651435,1.0789837837219238,0.13406106799796058,1.0878078615665436,0.13514409344269462
1,51249152,1.146393314935267,10.262929454445839,0.03853856036585057,0.0001071805709216278,0.094486303627491,0.0,1.1965676546096802,0.14846547416876943,1.2176288306713103,0.1510390805206967,1.2481283664703369,0.15476238798189645
1,51380224,0.9566813511773944,9.640928316861391,0.03345450090273516,8.796812037914492e-05,0.0851969476789236,0.0,1.1205846428871156,0.1391641136462629,1.1500099897384644,0.14276918661873528,1.1962112963199616,0.14842191095052915
1,51511296,0.7687857379205525,8.494750514626503,0.02532326052460121,2.184621371270623e-05,0.022362885996699333,0.0,0.8682277083396912,0.10810436331443385,0.8809337973594665,0.10967379235604979,0.9188015174865724,0.11434786025151089
1,51642368,0.7226641126908362,9.300524108111858,0.012728676812912454,0.00027996730932500213,0.19654181972146034,0.0,0.8708916783332825,0.1084334561262339,0.9230916678905486,0.1148770846017606,1.1327912807464604,0.1406600743531392
1,51773440,0.8703194605186582,9.905548315495253,0.030539324761775788,0.00016661070185364224,0.15561277978122234,0.0,0.9721302390098572,0.12092168013759808,0.98681700527668,0.1227302785580544,1.0077121043205262,0.1253019935759192
1,51904512,0.8332646638154984,9.59392212331295,0.027918074330955278,0.00011394417015253566,0.09726161137223244,0.0,0.9009395778179169,0.11214375280108646,0.9213371694087982,0.11466066105098394,1.003077201843262,0.1247316857660965
1,52035584,0.8201551595702767,10.861400820314884,0.028859087648015702,0.00024164358364942018,0.2131375279277563,0.0,0.880289888381958,0.1095942711766329,0.9136938750743866,0.11371770711026152,0.9310576468706131,0.11585957863974894
1,52166656,0.7211563172750175,9.802152838557959,0.022552077021828154,0.00014846818521618843,0.14432946406304836,0.0,0.7668054938316345,0.09555822339957332,0.7855117917060851,0.09787463705132682,0.8246096271276474,0.10271269679939254
1,52297728,0.7931078700348735,10.596511866897345,0.0244532068782064,0.00027397010853746906,0.2265351191163063,0.0,0.8521579205989838,0.10611868637830058,0.8678603082895279,0.10805897478789173,0.892387598156929,0.1110880731378372
1,52428800,0.8838558350689709,9.638429570943117,0.029044133127172245,0.00010897823449340649,0.09647936746478081,0.0,0.9306508541107178,0.11580941181912996,0.9393813729286193,0.11688595366754018,0.9601753914356231,0.11944890970888355
1,52559872,0.9946541865356266,9.566711463034153,0.03413915385681321,9.083426084544044e-05,0.0887274518609047,0.0,1.05282381772995,0.13084844492614023,1.068886399269104,0.13282137007365002,1.0870551252365113,0.13505171871715582
1,52690944,0.8900980707257986,8.718648325651884,0.027993481693556532,3.465358167886734e-05,0.032334646210074425,0.0,1.0174368858337401,0.12649832285431484,1.0634710431098937,0.13215633274901117,1.1688071584701538,0.14507016366497005
1,52822016,0.9341110158711672,9.514884430915117,0.0316622936661588,8.311432975460775e-05,0.07578302919864655,0.0,1.0501379251480103,0.1305184421203729,1.0784354209899902,0.13399375396024382,1.1157465088367462,0.13857100935195144
1,52953088,0.8148027351126075,8.131479132920504,0.027920946000449476,4.217637979309075e-06,0.004318861290812492,0.0,0.8707412123680115,0.10841486898653163,0.8814621329307556,0.10973903945474284,0.9706633347272875,0.12074099424200258
1,53084160,0.9311756426468492,8.885241895914078,0.02614795821500593,3.3787882784963585e-05,0.03459879197180271,0.0,1.00348619222641,0.1247820138593041,1.0137880265712738,0.12604948813252714,1.032585917711258,0.12836120185572875
1,53215232,0.8479419494979084,8.99555565789342,0.027038596588681685,6.974744792387355e-05,0.07142138667404652,0.0,0.9058289229869843,0.11274719332721106,0.9452753454446793,0.11761257185575302,0.9770771026611329,0.12153095079678589
1,53346304,0.7020625909790397,7.8556072153151035,0.014947621701139724,1.493314812250901e-05,0.015291543677449226,0.0,0.7374916791915893,0.09192620050862388,0.7451945275068282,0.09288083521264245,0.7729079180955887,0.09631400575558602
1,53477376,0.6840849961154163,9.484973665326834,0.02204290714507806,0.00012001680352113908,0.11980698443949223,0.0,0.7271735429763794,0.09064718162738994,0.7346323370933533,0.09157179144942451,0.7469629794359207,0.09309998017965326
1,53608448,0.83019083365798,9.077933579683304,0.025348695238790242,2.28714598051738e-05,0.02342037484049797,0.0,0.868245768547058,0.10810659445711313,0.8844505608081817,0.11010807921765542,0.9136668586730957,0.1137143737298767
1,53739520,0.7297653411515057,8.1118452437222,0.013163668756533298,8.96651908988133e-06,0.006299639120697975,0.0,0.8052876770496368,0.10032234527379003,0.8390131533145904,0.10449381180328743,1.0196657305955892,0.1267724605828089
1,53870592,0.797607344109565,9.688602522015572,0.026052698434796184,0.00010837093759619165,0.09603270515799522,0.0,0.9019872009754181,0.11227305690355083,0.9396257936954497,0.11691608873623749,0.978640593290329,0.12172349599971954
1,54001664,0.8206373234279454,8.38749461248517,0.02671713419840671,4.1425998006161535e-05,0.04241456463932991,0.0,0.8932862937450409,0.11119902240046309,0.9084700256586075,0.11307312232865163,0.9538282066583635,0.11866675788829117
1,54132736,0.8118800492957234,10.778663884848356,0.026838955554921995,0.00025048639508895576,0.20834346115589142,0.0,0.883084523677826,0.10993939159968669,0.9108620464801788,0.11336829203606857,0.9369085508584977,0.11658106296556281
1,54263808,0.7298090271651745,8.085556466132402,0.024843438901370973,2.050332295766566e-05,0.020995402708649635,0.0,0.7769337654113769,0.0968125442996497,0.7926549434661865,0.09875890008081822,0.8449552452564241,0.10522840596556815
1,54394880,0.6528232260607183,7.947364207357168,0.018886342782934662,1.691061152087059e-05,0.017316466197371483,0.0,0.6907286405563354,0.08612716660526187,0.7044033288955689,0.08782357158553333,0.7387237548828126,0.09207890636127636
1,54525952,0.780644454061985,8.506719090044498,0.02162916832276096,1.838691059674602e-05,0.018828196451067924,0.0,0.8591711997985839,0.10698539320541278,0.8823243468999863,0.10984551702277767,0.89944431245327,0.11195919136265409
1,54657024,0.798820280469954,8.623180273920298,0.028437595687137218,4.850813093071338e-05,0.0496723260730505,0.0,0.8929816544055938,0.11116141319045125,0.931220746040344,0.11587969231942252,1.0125601148605348,0.12589843495274233
1,54788096,0.6602295450866222,7.719039265066385,0.0212533657104359,1.6133972167153843e-05,0.015496471896767616,0.0,0.8026651501655578,0.0999978180787422,0.87240554690361,0.10862046088488442,1.0508699786663056,0.1306083889133538
1,54919168,0.6897324449382722,8.707511220127344,0.023014735470496817,0.0001159000166808255,0.08840196020901203,0.0,0.8300126791000366,0.10338090663449928,0.8595171183347701,0.10702813790715826,0.8885798263549806,0.1106179505950271
1,55050240,0.7705090856179595,7.886371314525604,0.02417931846139254,1.741159758239519e-05,0.017829475924372673,0.0,0.8633894205093384,0.10750660619077412,0.8819586277008057,0.109800353493821,0.9725928622484209,0.12097866208122698
1,55181312,0.7890883386135101,8.749543406069279,0.027024788076232653,4.678369623434264e-05,0.04379856400191784,0.0,0.8856912672519683,0.11026128464778306,0.9035513281822204,0.11246610403961288,0.9653328073024752,0.12008433939404073
1,55312384,0.7898757536895573,8.514842178672552,0.024613797533675097,4.9866383051266894e-05,0.049311231821775436,0.0,0.8489960730075836,0.10572788982429171,0.8696850210428237,0.10828439498468367,0.9293615615367892,0.11565040875109767
1,55443456,0.6579055595211685,9.19417204707861,0.024745299393543974,0.00012151306509622373,0.11493992805480957,0.0,0.7101178586483001,0.08853233371421809,0.7258774161338806,0.09048649468354064,0.7739184170961381,0.09643914488502703
1,55574528,0.7836280688643456,8.940472435206175,0.017924013129231753,6.36464301351225e-05,0.05056377127766609,0.0,0.8301684856414795,0.1034001742634032,0.8383787512779236,0.10441537677497204,0.8479291141033173,0.10559600896230092
1,55705600,0.6960576898418367,8.262191619724035,0.021583448417004547,3.252755595894996e-05,0.03238610737025738,0.0,0.7519343733787537,0.09371598244397061,0.7674032032489776,0.0956322543095256,0.8609263712167741,0.10720227335460808
1,55836672,0.7146940175443888,8.255764529109001,0.024550224632548634,7.981072667462286e-05,0.05981131084263325,0.0,0.8320999324321746,0.10363901786400298,0.8626458019018173,0.10741472725929713,1.1101111865043647,0.13788005285870053
1,55967744,0.7339129843749106,7.592153899371624,0.0242438930690696,1.0674604709492996e-05,0.010930795222520828,0.0,0.8330871105194092,0.1037610881475004,0.8449842512607575,0.10523199156674301,0.8795089215040207,0.10949782180011702
1,56098816,0.8615375580266118,8.663764897733927,0.025932392727554543,3.409915188967716e-05,0.03399571590125561,0.0,0.941345602273941,0.1171281208881707,0.9637931108474731,0.11989464830612806,1.0123480927944184,0.12587235218719628
1,56229888,0.8286306532099843,8.268343530595303,0.029382925768004498,1.690448698354885e-05,0.017310194671154022,0.0,0.9086259543895722,0.11309236417365942,0.9280910134315491,0.11549371156145649,0.9496605670452118,0.11815310721235162
1,56360960,0.7238992019556463,8.105490054935217,0.02425888604921056,7.901047865743749e-06,0.008090673014521599,0.0,0.781276935338974,0.0973503238358977,0.8060895711183548,0.10042157219405268,0.8464412963390351,0.10541210187441474
1,56492032,0.7215859261341393,9.972209993749857,0.023380044327495852,0.00017597949772607535,0.15909666754305363,0.0,0.7665273010730743,0.09552376672553664,0.7807066738605499,0.09727971621334253,0.8043016016483308,0.1002003248938581
1,56623104,0.8554989243857563,8.653601858764887,0.024739885036979103,7.453507168975193e-05,0.06867949292063713,0.0,0.9104788959026336,0.11332101350631252,0.9232628524303437,0.11489820023249564,0.9611559730768204,0.11956973177194219
1,56754176,0.719216494821012,9.027494136244059,0.023844254606956383,3.607316284615081e-05,0.03672950156033039,0.0,0.7765209913253784,0.09676143088296918,0.8117802977561951,0.1011256890961365,0.9247609555721283,0.11508298697802233
1,56885248,0.7334440583363175,7.900810033082962,0.024848312823451124,1.6882680938579142e-05,0.01728786528110504,0.0,0.8583775758743286,0.10688732463934003,0.9217220246791837,0.11470813523311696,1.1153962826728823,0.13852807144806767
1,57016320,0.6472400156781077,7.263194549828768,0.016386648730986053,1.0038618711405434e-05,0.008999381214380264,0.0,0.7809739589691161,0.09731281056799945,0.8000933051109314,0.09967954189216943,0.8197606265544891,0.10211292901934166
1,57147392,0.7311371597461402,8.375967517495155,0.0184511775687497,3.6129076761426404e-05,0.036343052983284,0.0,0.8174322783946991,0.1018249116732386,0.8344742596149444,0.10393261187784297,0.9251088404655456,0.11512589644741
1,57278464,0.8186867027543485,9.292552776634693,0.023056485479173716,7.782564716762863e-05,0.0711081475019455,0.0,0.9243770778179168,0.11503563751143542,0.9611963599920272,0.11957470795727354,0.969772390127182,0.12063124825869642
1,57409536,0.682608843781054,8.921000640839338,0.018299749744983274,7.701186405029148e-05,0.06792544201016426,0.0,0.747689962387085,0.09319006463591095,0.7606806010007858,0.09479954752479669,0.8569173240661625,0.10670687504858845
1,57540608,0.8560156072489917,8.172990765422583,0.026818640202691313,1.038585469359532e-05,0.010635115206241608,0.0,0.9125644505023957,0.11357835247728154,0.9293598264455795,0.11565019476555038,0.9420596247911454,0.11721614832327742
1,57671680,0.6029408904723823,7.519410289824009,0.015966570981163386,3.201716026524082e-06,0.00327855721116066,0.0,0.660515284538269,0.082377310115618,0.710346037149429,0.08856063239824508,0.7914862895011903,0.09861424103130689
1,57802752,0.6504499572329223,8.103888805955648,0.020543584400002146,1.3806269635097124e-05,0.013581089675426483,0.0,0.7014219284057617,0.08745375887277729,0.7358083873987197,0.09171756306872347,0.7811702710390092,0.0973371171395978
1,57933824,0.6643164535053074,7.052600739523768,0.022373768068064237,5.53870813746471e-06,0.005671637132763863,0.0,0.8194136321544647,0.10207000679526623,0.8462053060531616,0.10538293077996919,1.0834741902351381,0.13461223937347477
1,58064896,0.8351740594953299,8.191944636404514,0.03079415801767027,1.7602125808480196e-05,0.01802457682788372,0.0,0.965054976940155,0.12005011125388032,1.0124714076519012,0.12588752229219846,1.0442900109291078,0.129799836859543
1,58195968,0.6829045759513974,7.462881870567799,0.021244910261884797,1.2525561032816768e-08,1.282617449760437e-05,0.0,0.7439258635044098,0.09272361796963957,0.7630578517913819,0.09509402503893716,0.9024772298336036,0.11233353797843426
1,58327040,0.6390626234933734,9.955517880618572,0.023245492637215648,0.00018701804333431937,0.1671795602887869,0.0,0.7157363951206207,0.08922910259223626,0.726385647058487,0.09054950302481912,0.8094778293371203,0.100840815507236
1,58458112,0.5980961564928293,8.265614308416843,0.021476720467035193,3.613802982727066e-05,0.03512740507721901,0.0,0.660534530878067,0.0823796995818602,0.67533800303936,0.08421729357212038,0.7450528150796892,0.09286327394683203
1,58589184,0.8762943376787007,8.557628843933344,0.023677438399317907,1.6721445717848837e-05,0.01712276041507721,0.0,0.9382301867008209,0.11674401898796316,0.9526971071958542,0.11852735910704593,0.9794625401496888,0.12182471578269682
1,58720256,0.7648081197403371,8.575559787452221,0.027535578858078225,2.729110019572545e-05,0.02794608660042286,0.0,0.8254381716251373,0.10281517113861471,0.8612444847822188,0.10724158039955345,0.9072333335876466,0.1129205096239918
1,58851328,0.7092963298782706,8.896060433238745,0.01822708907093329,7.406451004499104e-05,0.07139844819903374,0.0,0.744321322441101,0.09277262510891315,0.7601094454526901,0.09472879422113012,0.7950396633148193,0.09905407399644117
1,58982400,0.756640175357461,8.294472478330135,0.024329674830369186,2.4031909561017528e-05,0.02438443899154663,0.0,0.8766777753829956,0.10914815809983613,0.9199399650096892,0.11448830319380177,1.0601614362001426,0.13174983509211802
1,59113472,0.7012353749014437,9.183974292129278,0.021186733625654597,0.00012095150123059284,0.12232644855976105,0.0,0.8188075602054596,0.1019950365009441,0.8305122077465057,0.10344267997043177,0.8604436951875688,0.10714263184913908
1,59244544,0.7317978907376528,8.45190779864788,0.02567747084685834,5.067045094619971e-05,0.04978099465370178,0.0,0.7870030462741852,0.09805925482813116,0.7976981043815613,0.0993831078056786,0.8935054272413256,0.11122607530078366
1,59375616,0.788375579752028,7.945281643420458,0.022278728687524563,8.845967386150733e-06,0.00905827060341835,0.0,0.8712749183177948,0.10848079762026952,0.8845180928707123,0.11011641837466013,0.9184046018123628,0.11429889424502093
1,59506688,0.7595312534831464,9.222716309130192,0.024071045154414605,5.140773828316014e-05,0.05125517025589943,0.0,0.8099077761173248,0.10089401205729209,0.8245371073484421,0.10270372745317591,0.86475925385952,0.10767585323205675
1,59637760,0.7931918753311038,9.794900596141815,0.025019993889145553,8.606136361777317e-05,0.08445760607719421,0.0,0.8698853373527526,0.10830914085495702,0.8785862803459167,0.10938387299912145,0.8910913574695587,0.11092803971477339
1,59768832,0.7652098066173494,9.246798060834408,0.027937143391682184,6.109742753324099e-05,0.058357007801532745,0.0,0.8187609076499939,0.10198926559382215,0.8353087037801742,0.10403578957263648,0.8630141007900238,0.1074602332197041
1,59899904,0.6631363546475768,7.695198055356741,0.014833937027106003,9.881912774289958e-06,0.010119078680872917,0.0,0.7106797516345977,0.08860201939123535,0.7360182255506514,0.09174357212740025,0.7902728378772735,0.09846403239967705
1,60030976,0.680249618832022,9.65796534717083,0.012369295394364599,9.650013998907525e-05,0.07359687052667141,0.0,0.8247661471366883,0.1027320553528499,0.8589292168617247,0.10695549145483674,1.0693444001674657,0.13287760977944307
1,60162048,0.7710953787900507,9.889698173850775,0.026618638115905924,9.674350803834386e-05,0.09343779273331165,0.0,0.8835585951805115,0.10999793391284118,0.9122450113296509,0.11353893749930477,0.9582794779539109,0.1192152952865182
1,60293120,0.7801852426491678,8.974487166851759,0.024162221227015834,4.786995305039454e-05,0.04228462465107441,0.0,0.8561873257160186,0.10661666337942632,0.8711370080709457,0.1084637616749684,1.0041930180788046,0.12486899042322341
1,60424192,0.7895095124840736,8.12648643925786,0.027410892344050808,8.87456008058507e-06,0.009087549522519112,0.0,0.8410840272903443,0.10474983764633627,0.8616877049207687,0.10729634542056754,0.9147682058811188,0.11385025981832086
1,60555264,0.7405963060446084,8.78665779531002,0.02571897139569046,3.7029374652775005e-05,0.037918079644441605,0.0,0.8074933648109436,0.10059527377466759,0.8336585402488708,0.10383174731235423,0.8872667193412783,0.11045581772748658
1,60686336,0.8229619306512177,9.395348574966192,0.026627529710822273,7.282665137609001e-05,0.0611250177025795,0.0,0.8704792439937592,0.1083825077148286,0.8951498717069626,0.11142908323762235,0.9196606189012528,0.11445384248613522
1,60817408,0.8872419008985162,9.944911941885948,0.025105507020271034,0.00010559470138105098,0.10085283778607845,0.0,0.9342521369457245,0.11625351152176067,0.9480637967586517,0.11795629268311925,0.9664510941505432,0.12022210718977888
