attempt,collected_frames,state/lin_velocity,state/lin_velocity_max,state/lin_velocity_min,state/ang_velocity,state/ang_velocity_max,state/ang_velocity_min,state/roll,state/roll_max,state/roll_min,state/pitch,state/pitch_max,state/pitch_min,state/success_lin_velocity,state/lin_vel_mean,state/lin_vel_max,state/lin_vel_min,state/ang_vel_mean,state/ang_vel_max,state/ang_vel_min,state/roll_deg_mean,state/roll_deg_max,state/roll_deg_min,state/pitch_deg_mean,state/pitch_deg_max,state/pitch_deg_min,state/dist_to_goal,state/clearance_mean,state/clearance_min,state/clearance_max,state/pct_healthy,state/roll_rate_mean,state/pitch_rate_mean,state/yaw_rate_mean,state/yaw_rate_max,state/vel_fwd_mean,state/vel_lat_abs_mean,state/v_toward_mean,state/approach_frac,state/heading_err_deg_mean,state/heading_err_deg_max,state/assist_w_mean
0,131072,0.36494200793094933,1.133383429609239,0.02387038522488183,0.23899198768776841,2.1441325205378234,0.008194508765882347,0.00013503016440452598,0.035016255999835266,-0.03150704859081088,-0.06537668162411592,0.7152292195369228,-0.9786492621497018,0.08203082298859954,0.3649553970899433,1.133383429609239,0.02387038522488183,0.23914028544095345,2.150794347282499,0.008194508765882347,0.07941424623641069,3.737487153382972,5.43156239158904e-05,12.217522258979443,58.18563391972566,0.00041457153400337177,4.341430995613337,0.08115694484968117,-0.05216962774284184,0.31112840841524303,1.0,,,,,,,,,,,
0,262144,0.22559285059105605,1.1625271034426987,0.0026239588100906985,0.20790268015116453,2.1717038126662374,0.008091899750979792,0.000103896420107219,0.037339942195103504,-0.038529650948476046,-0.1359895876958035,0.8494496042840183,-1.3279463266953826,0.45703205093741417,0.22561114351265132,1.1625271034426987,0.0026239588100906985,0.20819523162208498,2.173686981201172,0.008091899750979792,0.06731837941333652,2.950600327923894,4.6511398187121245e-05,15.947749570012093,77.97648519277573,0.0006056978383046641,3.9239072781056166,0.09453219635179266,-0.06916974042542279,0.33824042743071914,1.0,,,,,,,,,,,
0,393216,0.275911670178175,1.2071404526941478,0.0031577822237522923,0.21985793800558895,2.3587162625044584,0.007740940727671841,9.232902877265303e-05,0.03602289789705537,-0.03788775203429395,-0.11116510530700907,0.8505475828424096,-1.3248834135010839,0.40582285122945905,0.2759234315017238,1.2071404526941478,0.0031577822237522923,0.22012604086194187,2.3616427909582853,0.007740940727671841,0.07251589567749761,2.722227352671325,5.031833901303351e-05,14.411627858877182,77.79453647136688,0.0005082883360181256,4.150735253468156,0.08695409866049886,-0.06965627777390182,0.3477110411040485,1.0,,,,,,,,,,,
0,524288,0.2508273076964542,1.2269119820557535,0.002740604732935026,0.21081754099577665,2.218472210690379,0.007802227994034183,0.00011381632845708367,0.035582419848651625,-0.036442658201849554,-0.11211293272208422,0.8599118324927986,-1.3382552145048976,0.46997346519492567,0.25082827382721007,1.2269119820557535,0.002740604732935026,0.21107439592014998,2.218472210690379,0.007802227994034183,0.06926708592800424,2.640778816305101,4.1917555993364886e-05,14.673105858266354,78.25762194395065,0.0004750523458305622,3.9424536041915417,0.08908751100534573,-0.0692622794304043,0.35147345229052007,1.0,,,,,,,,,,,
0,655360,0.25811787496786565,1.1942882225848734,0.002814259699334798,0.21191708836704493,2.293673892505467,0.007734060332950321,8.133072044813616e-05,0.03775491178384982,-0.04317128667025827,-0.1041805932763964,0.880485622677952,-1.3043993022292852,0.48533942154608667,0.25812644592951983,1.1942882225848734,0.002814259699334798,0.21211838303133845,2.2942249281331897,0.007734060332950321,0.06849054555641487,3.006594709120691,4.4558092221258505e-05,14.157039165496826,76.22224396467209,0.00042949930405100645,4.01802521944046,0.087850947806146,-0.06929536862298846,0.34988162014633417,1.0,,,,,,,,,,,
0,786432,0.25654798396863043,1.1820245110429823,0.0028591204779786494,0.21348448644857854,2.2648983243852854,0.007130136245905305,6.382091939727275e-05,0.039397994078171905,-0.06371708825463429,-0.11661474930588156,0.849186294246465,-1.324067261070013,0.5012468749191612,0.2565476577728987,1.1820245110429823,0.0028591204779786494,0.21367679489776492,2.26656970474869,0.007130136245905305,0.07166587340179831,3.9910422251559794,4.4368953659182364e-05,14.590850211679935,77.28013730049133,0.00051875803443302,3.9542900808155537,0.0906405940768309,-0.06939805508591235,0.362641220446676,1.0,,,,,,,,,,,
0,917504,0.24420460010878742,1.2393621364608407,0.0028783488896806375,0.21235634689219296,2.366194478236139,0.007423232199471386,5.131338301467281e-05,0.03365955809567822,-0.042529766134975944,-0.11020165914669633,0.8579429257661104,-1.336042359471321,0.4975602386984974,0.24423081323038787,1.2412966308183968,0.0028783488896806375,0.2126435689860955,2.3671462796628475,0.007423232199471386,0.06933499046135694,2.8163348976522684,4.0662635709010075e-05,14.913948751986027,78.47329556941986,0.0005498206354488389,3.9831540267914534,0.09275030886055902,-0.06943047395907342,0.34658076148480177,1.0,,,,,,,,,,,
0,1048576,0.26113757165148854,1.2607526052743196,0.003012515245927716,0.21524027036502957,2.4257878893986344,0.007958970332765603,9.538137685183301e-05,0.038380596561182756,-0.0394565396127291,-0.0905412781285122,0.8624041443690658,-1.325794885866344,0.5067274020984769,0.26114810758735985,1.2607526052743196,0.003012515245927716,0.21548929228447378,2.4263106090947986,0.007958970332765603,0.07316724557313137,4.10199224576354,5.2883251075552806e-05,14.403280049562454,77.58217811584473,0.00048350856436663037,4.015138015151024,0.09138057107338682,-0.06931358575820923,0.33962175995111465,1.0,,,,,,,,,,,
0,1179648,0.21834996858611705,1.1504540900637705,0.00788192157643304,0.1749356176579992,2.292541714583834,0.007191158280717597,0.00039917297556977854,0.05038597048454297,-0.029748202315774203,-0.2600784626557925,0.8197626002424901,-1.1846365267293975,0.2266034028927485,0.2584114767378196,1.2104721227660775,0.0029668405168195022,0.2132933639222756,2.3874328350648284,0.007544921235421498,0.06720266307820566,2.4325468679890037,4.7146806072873026e-05,13.986251890659332,77.6327753663063,0.00031500359418923374,3.981005121022463,0.09019471250940114,-0.069387765834108,0.3435835586860776,1.0,,,,,,,,,,,
0,1310720,0.23160346050281078,1.2011959617957473,0.001952494832494267,0.1783128100214526,2.3960960395634174,0.007139947503674193,0.00035212421141750383,0.07289184781257063,-0.0397946855155169,-0.28120957291685045,0.8543243408203125,-1.2760232733562589,0.31034055911004543,0.21965058426742992,1.156676321077239,0.007310410564969061,0.17551263033535824,2.309235480916967,0.007186222302207389,0.07193620346068595,3.530346888201648,4.6337463751864933e-05,24.51268908765352,70.6172409573884,0.02434121847170137,4.159132533403764,0.1127174266185615,-0.033341004098036205,0.3642104132078498,1.0,,,,,,,,,,,
0,1441792,0.2164816992590204,1.2468015807680786,0.0024090210313261196,0.20174614002462476,2.2557184863835573,0.007248893731230055,0.00017214042457425194,0.055338344362098724,-0.04098572763177799,-0.2023590385215357,0.8662001644261181,-1.2555443458259106,0.34347869642078876,0.21648246957920492,1.2468015807680786,0.0024090210313261196,0.20180698344483972,2.2557184863835573,0.007248893731230055,0.07499189404188655,3.466287337243557,4.843434011458925e-05,19.522888273000717,72.99610316753387,0.0007390405442464498,4.0523265935480595,0.09787015500478446,-0.06311522563919425,0.355021856026724,1.0,,,,,,,,,,,
0,1572864,0.2529170683119446,1.2130342535674572,0.002860816906377295,0.212700106902048,2.271991601213813,0.008044512800552184,0.00010746140387496439,0.04940705168701243,-0.04745537131384481,-0.14023083599749953,0.8641229197382927,-1.3191639734432101,0.4251939198002219,0.25293009309098125,1.2130342535674572,0.002860816906377295,0.21290809172205627,2.2816373305395246,0.008044512800552184,0.07258589586126618,3.584564622491598,5.2508069189105555e-05,15.414350062608719,77.05885517597198,0.0005274506136263568,4.109029665589333,0.0924654685659334,-0.06943729845806956,0.34682318451814353,1.0,,,,,,,,,,,
0,1703936,0.25764292816165835,1.2308978149667382,0.0029395188068974676,0.21457922318950295,2.3519631568342447,0.00778038884709531,8.498442126708694e-05,0.03856013034237549,-0.04541271358175436,-0.10891030018683523,0.8844567616470158,-1.3149040853604674,0.46936254552565515,0.2576517943525687,1.2308978149667382,0.0029395188068974676,0.21484808949753642,2.3567574191838503,0.00778038884709531,0.07129374184296466,3.0995513726957142,4.067832342613542e-05,14.621632128953934,77.43070435523987,0.0004628533668906698,3.979678237810731,0.09305532794678584,-0.06915764161385596,0.35193121596239507,1.0,,,,,,,,,,,
0,1835008,0.2543717799708247,1.1843509497120976,0.0027657951659421087,0.21131594630423933,2.369038451462984,0.0075075387221659184,0.00010825789381030404,0.034714476016233675,-0.0401395553999464,-0.11160195927368477,0.859418879263103,-1.3409505169838667,0.4666001165751368,0.2543804160086438,1.1843509497120976,0.0027657951659421087,0.21164067578502,2.369608194567263,0.0075075387221659184,0.07156523346202448,2.6441447101533413,5.3289605639328386e-05,14.648470401763916,79.04252994060516,0.00041140776880865815,3.997844884172082,0.08726453100098297,-0.06889418140053749,0.3602412408217788,1.0,,,,,,,,,,,
0,1966080,0.2603135663084686,1.2403736575506628,0.002778115699584305,0.21530830848496407,2.401887619867921,0.007666479278668703,0.0001249135019740777,0.0510197578187217,-0.03735012186371023,-0.09279063815483823,0.8780925245955586,-1.3076230948790908,0.5286687335465103,0.26031396351754665,1.2403736575506628,0.002778115699584305,0.21547106723301113,2.4031328968703747,0.007666479278668703,0.07162689496180974,3.5056341011077166,4.734269004025293e-05,14.568520374596119,76.32973819971085,0.0003978237684449937,3.9566861372441053,0.0843055306468159,-0.06899059587158263,0.3379832261707634,1.0,,,,,,,,,,,
0,2097152,0.25514098664280027,1.2254254636354744,0.0028056748519702523,0.21279673522803932,2.406366040930152,0.0074500358086879714,6.068553101723495e-05,0.02923335738159949,-0.05195684097270714,-0.08297306863823906,0.8847634359262884,-1.331923664547503,0.5402076730970293,0.25514445931185037,1.2254254636354744,0.0028056748519702523,0.213111583259888,2.4081392223015428,0.0074500358086879714,0.07116812310414389,3.095428154338151,4.340572972150181e-05,14.621486194431782,78.6085194349289,0.0004820301610060085,4.002877928316593,0.08890859939856455,-0.0692566626239568,0.3339623399078846,1.0,,,,,,,,,,,
0,2228224,0.23278133418411018,0.8409941582381726,0.021920959617588474,0.13793308564772208,1.7503707830111186,0.00608883167275053,-2.0898610107404164e-06,0.01572951724413239,-0.019616110794304406,-0.11496675413780091,0.5055121943131962,-1.1798003336745508,0.23296492765347163,0.2562369833467528,1.3085533315315843,0.0028411622911335144,0.21349389932584018,2.4258275236934423,0.0072581110853207065,0.0737499252136331,4.0257586357183754,4.4070737787171854e-05,14.572965167462826,76.91800707578659,0.0004620270533486348,3.9789524488151073,0.08785360411275178,-0.06934358086436987,0.36539198318496346,1.0,,,,,,,,,,,
0,2359296,0.22617180389352143,0.8857695572078228,0.0019169286746318903,0.13608652458060533,1.889903980307281,0.006075009725464042,2.002099922937539e-05,0.012342946793069132,-0.023078102109138854,-0.11409699136856943,0.5435493160039186,-1.2711064964532852,0.36284732865169644,0.23220476832420353,0.845309859343681,0.01999286024959266,0.1383280284556908,1.7821568531174976,0.006087499436867495,0.03829130948120055,1.2581361458210432,2.968742317682671e-05,13.503723084547905,72.15019854727055,0.00010210923729496864,4.189498406397291,0.023474373864492994,-0.06509183692824409,0.2339227597442377,1.0,,,,,,,,,,,
0,2490368,0.23219926306046546,1.140520617365837,0.0024108264808546664,0.19964274705853313,2.1860346435569227,0.007414242565573659,5.499619665982891e-05,0.03698666267155204,-0.04273460216791136,-0.12211846164427698,0.7982204356230795,-1.3236825615167618,0.4030012378934771,0.232210363028571,1.140520617365837,0.0024108264808546664,0.19985824136529118,2.186266507487744,0.007414242565573659,0.06678336212644354,4.240414126776159,4.0073241994953435e-05,15.570219479501247,77.52512061595917,0.00036467517597316146,4.081941906362772,0.05672923174279276,-0.06881507928483188,0.31565348128788173,1.0,,,,,,,,,,,
0,2621440,0.25241796229965985,1.208052379079163,0.002697947566048242,0.21012544492259622,2.3903959412127733,0.007368837138528761,2.0000664404662416e-06,0.030852456264256034,-0.06551313791715074,-0.10909686790546402,0.8714721570722759,-1.3171214293688536,0.4647810501046479,0.2524248423287645,1.208052379079163,0.002697947566048242,0.2104109467472881,2.3913255659863353,0.007368837138528761,0.0719743199297227,3.935343125835061,4.499435804605767e-05,14.244155824184418,77.90546637773514,0.0003836281733259339,4.035252584144473,0.07895670383004472,-0.06941352738067508,0.3451517585199326,1.0,,,,,,,,,,,
0,2752512,0.2549712425097823,1.2046049875207245,0.002951007071260392,0.21212208538781852,2.330639452673495,0.007537510336987907,0.00011195007773068255,0.03737998873111792,-0.03319713885139208,-0.11112546612275764,0.8732523885555565,-1.33177294395864,0.4913753177970648,0.25496541743632406,1.2046049875207245,0.002951007071260392,0.2122659762389958,2.3313097078353167,0.007537510336987907,0.06692169324378483,2.530380977317691,4.437420920333501e-05,14.358603678643703,77.65118849277496,0.0003900746652085729,3.9712321497499943,0.08722952619427815,-0.0694192131049931,0.33593992539681494,1.0,,,,,,,,,,,
0,2883584,0.25482731917873025,1.2008756673894823,0.0030385887253032706,0.2128388115670532,2.3764467891305685,0.007633234994500526,0.00012439399812080865,0.045310771609365474,-0.03840552856127033,-0.11028908402658999,0.86548628564924,-1.328252600505948,0.5029120338149369,0.25482954480685294,1.2008756673894823,0.0030385887253032706,0.21313630393706262,2.3764467891305685,0.007633234994500526,0.07138977354043163,3.0811774507164955,4.094384513664284e-05,14.234329491853714,78.1495167016983,0.0003946224800994713,4.01759447902441,0.0855605635442771,-0.0694176615215838,0.3484116946347058,1.0,,,,,,,,,,,
0,3014656,0.2559871944831684,1.1826077778823674,0.0027532227136362053,0.20994784054346383,2.3656493443995714,0.007827727703443088,7.073645467703393e-05,0.03888074975111522,-0.04556863108155085,-0.10780471586622298,0.9780858149752021,-1.318809456191957,0.5286062497179955,0.2559898318722844,1.1826077778823674,0.0027532227136362053,0.21017953660339117,2.3656493443995714,0.007827727703443088,0.06998001327156089,3.322245593648404,4.325097245394538e-05,13.926351197063923,77.61364507675171,0.00039775014588983026,3.9868321120738983,0.08046701777493581,-0.06944280536845326,0.3370506663341075,1.0,,,,,,,,,,,
0,3145728,0.25201475410722196,1.2763427491299808,0.0028436962156774825,0.21188641898334026,2.3894658517092466,0.007267498226610769,0.0001650902930308007,0.08424413314787671,-0.045265524327987805,-0.1114946897723712,0.8693762104958296,-1.3385100672021508,0.4948596223257482,0.25202731986064464,1.2763427491299808,0.0028436962156774825,0.2121657335665077,2.3903281334787607,0.007267498226610769,0.0772702774265781,5.406179076060653,3.917120181384792e-05,14.572026535868645,78.39383178949356,0.0004310119709423077,3.979930130764842,0.08412522490834817,-0.06913010054267943,0.3462867666967213,1.0,,,,,,,,,,,
0,3276800,0.2571924659237266,0.8922413925329844,0.02182128613256888,0.15566582612072427,1.8355128744989633,0.005783458151757561,9.511558316333435e-05,0.03382514685887145,-0.02130197563834372,-0.11447381589316971,0.4873368379981548,-1.1716691202371052,0.3182835263510545,0.24775922147091478,1.253388261422515,0.0027347713410108554,0.21027136826887727,2.44369800016284,0.007620261215379287,0.07154689778690226,4.884983284398913,4.482854063092567e-05,14.374820001423359,78.14607006311417,0.00037583813594466164,3.9914444368332624,0.08588683453854173,-0.06941833277232945,0.35530009493231773,1.0,,,,,,,,,,,
0,3407872,0.24452992214355618,0.9378147115930915,0.0020705938629816956,0.15386160439811647,2.0910627357661724,0.005689609151886543,8.836672539835888e-05,0.021614022763969842,-0.01673152997318539,-0.12249091290868819,0.5212577704805881,-1.2817269135266542,0.4075765972957015,0.2560177303469145,0.8975191778806318,0.01991760494995807,0.1560072752994945,1.8778265876897486,0.005774412465023006,0.0462387897788143,2.7712830435905427,3.083019557052607e-05,10.855363544952601,71.54553337961278,0.00010657132575225089,4.076333971088191,0.018069019536257207,-0.0661061718521348,0.30323953346450283,1.0,,,,,,,,,,,
0,3538944,0.24740557419136167,1.175890046171844,0.002410862801298208,0.2031051425728947,2.2823945805430412,0.00746978519782715,8.949091985499535e-05,0.035136308273649774,-0.03203314371057786,-0.10956806456670165,0.8153869165107608,-1.284207851625979,0.4901714969892055,0.2474287860095501,1.1762301973067224,0.002410862801298208,0.20329768536612391,2.2887230226770043,0.00746978519782715,0.06509598492993973,2.4274872755631804,3.6692061614829186e-05,13.280435979366302,75.3391837477684,0.0003142332609389342,4.0098881628364325,0.05217928964702878,-0.06968562700785697,0.3392268705647439,1.0,,,,,,,,,,,
0,3670016,0.25379448442254215,1.197995351627469,0.0027849482544297643,0.21020885312464088,2.4083999982103705,0.007729222956186277,0.00010985280811581788,0.03466424641374033,-0.033224089347640984,-0.11661111644934863,0.8770254412665963,-1.315708820708096,0.500253644073382,0.2537944830255583,1.197995351627469,0.0027849482544297643,0.21047101565636694,2.4083999982103705,0.007729222956186277,0.0669839826587122,2.3850590526126325,4.794649742509427e-05,14.713811241090298,77.42998433113098,0.0004076244369417559,4.022321369498968,0.07779007346834987,-0.06942816753871739,0.33375751273706555,1.0,,,,,,,,,,,
0,3801088,0.25337848509661853,1.213916287291795,0.0027216198182031803,0.2109583931742236,2.2783410865813494,0.007519035792938666,8.530413862217756e-05,0.03623824295937084,-0.03931947748060338,-0.11720740230521187,0.8750180215574801,-1.3455116972327232,0.5067936670966446,0.25337619858328253,1.213916287291795,0.0027216198182031803,0.2112000553170219,2.279899966903031,0.007519035792938666,0.06861401253263466,2.773132983595133,4.805359711398949e-05,14.849837005138397,78.65643244981766,0.0003114840227197435,4.001524429768324,0.08372660900931805,-0.06925923866219819,0.34099678019993007,1.0,,,,,,,,,,,
0,3932160,0.25388341245707124,1.1571941780857742,0.0028228872126874194,0.21029020508285612,2.3316115736961365,0.007797844569722656,0.0001080802974691153,0.043024019796575885,-0.03456169713899726,-0.1130453571677208,0.8837863015942276,-1.3318999903276563,0.49251774651929736,0.2538795225555077,1.1571941780857742,0.0028228872126874194,0.21055484237149358,2.3319896729663014,0.007797844569722656,0.06722004149924032,2.878586416132748,4.1054957216069e-05,14.567235723137856,78.37871885299683,0.0004216410402353432,4.00815268792212,0.08295874408213422,-0.06908913818188012,0.3380470536649227,1.0,,,,,,,,,,,
0,4063232,0.25232476089149714,1.1920296167954803,0.0025353338330660335,0.21089210466016084,2.2843035385012627,0.006817479363689927,0.00015100952101572418,0.04953820606897352,-0.03758637015562272,-0.11728294449858367,0.8809474278241396,-1.3170911502093077,0.503837899537757,0.25233448995277286,1.1920296167954803,0.0025353338330660335,0.21117211191449314,2.2843035385012627,0.006817479363689927,0.06952893506968394,3.5089261159300804,4.70620052218651e-05,14.899559013545513,77.54662418365479,0.00036651543141319465,3.9934983532875776,0.08147433935664594,-0.06960808369331062,0.3299329213332385,1.0,,,,,,,,,,,
0,4194304,0.2591131115332246,1.226243338547647,0.0027492902031553967,0.2109325003111735,2.404519846662879,0.007339898946156609,0.00010356530617894322,0.03418221601168625,-0.036319127153547015,-0.10480473091593012,0.8747883746400476,-1.3244028156623244,0.5021014821249992,0.2591284003574401,1.2295601814985275,0.0027492902031553967,0.21122507739346474,2.406149284914136,0.007339898946156609,0.06862408402957954,2.533853647299111,3.977534245019898e-05,14.038860730826855,78.04106467962265,0.00035613138563039826,3.9625489115715027,0.08338108827592805,-0.06935687898658216,0.33762407721951604,1.0,,,,,,,,,,,
0,4325376,0.23485730675980449,0.9078027197966974,0.021679836406528923,0.1590479936885337,1.9220845957348744,0.006424041245821475,0.00012966077046826284,0.03631494111929593,-0.019608834946945233,-0.12121156396496871,0.5061165473442331,-1.0783292998177543,0.2688088685025771,0.26041748409625143,1.2403846490196884,0.002881624626752455,0.21446381695568562,2.4673016890883446,0.007365424992713088,0.07850714039523154,3.8474041568115354,4.2430539360704955e-05,13.84482740610838,78.45287680625916,0.0003481964864304743,3.9727595895528793,0.08284019865095615,-0.06924200570210814,0.34168116468936205,1.0,,,,,,,,,,,
0,4456448,0.2328893553931266,0.9306911476887763,0.0020708917627416668,0.15705765434540808,2.0842014676891267,0.006097353098084568,8.237908926034265e-05,0.020159929954388645,-0.021048814811365446,-0.12801272817887366,0.5399092016741633,-1.1455079931765795,0.3390793767757714,0.23471563409295787,0.9202734760446362,0.019789817645681957,0.15905167876058315,1.9715712374098688,0.006392553231581773,0.04325380682466967,4.00777233820633,3.2123889333179755e-05,9.224168317399482,64.37900351690331,0.00012177870636767462,4.084125814667667,0.01772088844432823,-0.06589295685919652,0.34639432244227236,1.0,,,,,,,,,,,
0,4587520,0.23806631821207702,1.151812406256795,0.0025618962672524503,0.20946287899278104,2.2987062176689506,0.007649869717170077,6.402231938196223e-05,0.045694900072703604,-0.030763749782636296,-0.1739046427537687,0.6791454995982349,-1.2846169183030725,0.41897461633197963,0.23812464892398566,1.151812406256795,0.0025618962672524503,0.20998050610069185,2.3090610671788454,0.007649869717170077,0.06333003434701823,2.98089966038242,3.8697603019333116e-05,14.14140373468399,76.21601635217667,0.0004461708306031653,4.027959702536464,0.05553026680718176,-0.06941846292465925,0.34021326154470444,1.0,,,,,,,,,,,
0,4718592,0.25951956398785114,1.2021574857644737,0.00271930221333605,0.21372996701393276,2.339130634441972,0.007542965682659997,6.19532908912035e-05,0.03797785426286282,-0.037572052322502714,-0.1385475811548531,0.8012381196022034,-1.3383536646142602,0.44469972187653184,0.25951490574516356,1.2021574857644737,0.00271930221333605,0.21404502633959055,2.341139255091548,0.007542965682659997,0.0670223571069073,2.8671090425923467,4.5159979340736456e-05,14.777636140584946,78.69830012321472,0.00040612946747842216,4.038075001910329,0.07532378390897065,-0.06955057033337653,0.33757741702720523,1.0,,,,,,,,,,,
0,4849664,0.25370950321666896,1.1781271765939891,0.0027506049996190995,0.21245759481098503,2.3535415874794126,0.007672347270272439,0.00010401155523798167,0.04640800513152499,-0.05072997196111828,-0.1420057867653668,0.8422436621040106,-1.3388279471546412,0.49631416890770197,0.2537059201858938,1.1781271765939891,0.0027506049996190995,0.21278618334326893,2.3546396028250456,0.007672347270272439,0.0708383989694994,3.6614629668183625,4.815971636253774e-05,14.913488395512104,79.0265993475914,0.00040883263461921615,3.9893638733774424,0.08138359966687858,-0.06939831306226552,0.32985898526385427,1.0,,,,,,,,,,,
0,4980736,0.24986616300884634,1.2140719005838037,0.002668094759883388,0.21127430710475892,2.3318815985694528,0.007216427480670973,0.0001476063963679053,0.04719025391386822,-0.03503828506654827,-0.13964929681969807,0.865373307839036,-1.3043069038540125,0.48509049299173057,0.24986890784930438,1.2140719005838037,0.002668094759883388,0.21145234361756593,2.3371783355250955,0.007216427480670973,0.07008632810902782,3.1031606420874596,4.304184726186544e-05,15.146658673882484,76.24496519565582,0.00042000540547437737,4.029211526736617,0.08157524274429306,-0.06948505458422005,0.3285347558557987,1.0,,,,,,,,,,,
0,5111808,0.25847525731660426,1.2355122035369277,0.002676357432392251,0.2130657008383423,2.443898346275091,0.007592578147523454,9.201868801156365e-05,0.04179193601885345,-0.03671333342936123,-0.13889206293970346,0.7965507544577122,-1.3260054290294647,0.5145193398930132,0.25848969153594226,1.24057696480304,0.002676357432392251,0.21337319782469422,2.4593651462346315,0.007592578147523454,0.0701136747666169,2.8290212526917458,3.9425648300284166e-05,14.906670078635216,77.86160808801651,0.0004004079250750081,4.001670150086284,0.08286143303848803,-0.06933643389493227,0.3483828098978847,1.0,,,,,,,,,,,
0,5242880,0.24851551465690136,1.194084085058421,0.002429994856356643,0.2098074685782194,2.3255934519693255,0.007480641617803485,3.836396729006708e-05,0.02895116352738114,-0.03828865254035918,-0.1424105113837868,0.8360433769412339,-1.3300597900524735,0.5163234842475504,0.24852549645584077,1.194084085058421,0.002429994856356643,0.21003525773994625,2.3255934519693255,0.007480641617803485,0.06648282587411813,2.468536231201142,4.3571786065399465e-05,14.928659833967686,77.90396845340729,0.0004272011133039655,3.9936178624629974,0.08084495418006554,-0.06943910010159016,0.3420793628320098,1.0,,,,,,,,,,,
0,5373952,0.22978914654503266,0.9862687597423792,0.019416862336741662,0.1636039775920411,2.0076460066189368,0.006393041093639719,0.00029265855594625616,0.04775560266081205,-0.024433403668129662,-0.27847461961323766,0.4699570533621591,-1.1426837542091866,0.2568539654711882,0.2461431686533615,1.1872133063152432,0.0024503973154423875,0.21053998975548893,2.4361048443242908,0.007285540160410164,0.06554165101260878,2.3172439858317375,4.817864120365556e-05,14.906160570681095,78.08652091026306,0.0004018608736071627,3.99867582693696,0.07702044286997989,-0.0694432957097888,0.32782725151628256,1.0,,,,,,,,,,,
0,5505024,0.23655173426959664,1.0101558407768607,0.001961944994945952,0.16376150317955762,2.0588327404111624,0.0061925261179567315,0.0002252678237937289,0.04022811933828052,-0.019640949860331602,-0.2748560628388077,0.5410076936241239,-1.1904534995555878,0.3149276834446937,0.23053421737087598,1.0102404716189008,0.01773446066524328,0.1639773514211537,2.0810874913067345,0.0063737143489955754,0.06502080437129767,7.862050093480397,3.657596595478658e-05,16.748543178365306,68.55093492506947,0.0003253954164189994,4.096222544290933,0.06634151593186606,-0.06576660416840789,0.40328177383326624,1.0,,,,,,,,,,,
0,5636096,0.2251225261716172,1.1313814404420555,0.002429652020055073,0.20269929501228034,2.225995169952512,0.007104425983925466,0.00012575541481396613,0.04306690161320148,-0.03694667455420131,-0.23879897803999484,0.7320636492222548,-1.2910547498613596,0.36694416915997863,0.22513997531495988,1.1373380976729095,0.002429652020055073,0.20284442300908267,2.240617336705327,0.007104425983925466,0.0645631330262404,4.302087572403252,4.333676517154217e-05,17.32577520608902,75.48445349931717,0.000510244213138833,4.000289587303996,0.07575253015966155,-0.06928101275116205,0.3558384105563164,1.0,,,,,,,,,,,
0,5767168,0.25596970436163247,1.190100535750389,0.0027298873203562835,0.21248176146764308,2.3498365646228194,0.007352302876824979,0.00014167030434641958,0.04269875562749803,-0.04209740499209147,-0.17605329654179513,0.8146937959827483,-1.3378041870892048,0.42374151409603655,0.2559792916290462,1.190100535750389,0.0027298873203562835,0.21275768871419132,2.36130981054157,0.007352302876824979,0.07211509998887777,4.442999365739524,3.999711507762793e-05,15.30002386868,78.52836400270462,0.0003353535593433321,4.072497630491853,0.07952782220672816,-0.06930913683027029,0.3411229003686458,1.0,,,,,,,,,,,
0,5898240,0.2463022832525894,1.1651000357232988,0.0026703461057877576,0.2112513401079923,2.351261484436691,0.007513241828746686,0.00010159162177103553,0.03308101275615627,-0.03133375517063541,-0.16128432017285377,0.8353169024921954,-1.3256120346486568,0.4951430398505181,0.2463141871849075,1.1651000357232988,0.0026703461057877576,0.2115329799707979,2.3695852952077985,0.007513241828746686,0.06778434207080863,4.874171847011894,4.2099730306749406e-05,15.27525506913662,78.12443393468857,0.00029605005396726725,4.006038796156645,0.07716137100942433,-0.06985183130018413,0.33263231930322945,1.0,,,,,,,,,,,
0,6029312,0.24857190286275,1.1800550823099911,0.00264943174624932,0.20792564935982227,2.347290032543242,0.006973669801482174,7.848321708792128e-05,0.03208562616055133,-0.03386795889673522,-0.15483862103428692,0.8378910082392395,-1.3316411161795259,0.47184713860042393,0.2485812302911654,1.1857810360379517,0.00264943174624932,0.20816237851977348,2.3635992147028446,0.006973669801482174,0.06554643323761411,2.3927366212010384,4.524303741304525e-05,15.069555751979351,78.03832757472992,0.0003777521733834277,4.008705470710993,0.07621719333110377,-0.06952859973534942,0.3429436970036477,1.0,,,,,,,,,,,
0,6160384,0.2538482730742544,1.1778572667390108,0.0026016096649073006,0.2111604668898508,2.3617089707404375,0.007301333774194063,6.112086089160584e-05,0.026586220323224552,-0.035930911246396136,-0.1469697408610955,0.7980069085024297,-1.338020040653646,0.510101689491421,0.2538510581944138,1.1778572667390108,0.0026016096649073006,0.21137907612137496,2.3617089707404375,0.007301333774194063,0.06580928288167343,2.264820619020611,4.9219550994572536e-05,15.099997147917747,77.99792242050171,0.0003790084497090618,4.016035556793213,0.08210148953367025,-0.06955952919088304,0.33729372499510646,1.0,,,,,,,,,,,
0,6291456,0.24321741436142474,1.1763914749026299,0.0029053198752535536,0.20814915909431875,2.2915636049583554,0.007396117412554304,6.094068001960551e-05,0.03784469628590159,-0.034506041345593985,-0.15986167849041522,0.8477110313251615,-1.3313153311610222,0.5087081589736044,0.24322073289658874,1.1763914749026299,0.0029053198752535536,0.20839646318927407,2.2915636049583554,0.007396117412554304,0.06684181734453887,2.5757985995151103,4.031596531672843e-05,15.279120720922947,78.1736153960228,0.0004431739803649748,4.000187898054719,0.0854912101640366,-0.06932410877197981,0.34724136535078287,1.0,,,,,,,,,,,
0,6422528,0.2095925737855335,0.9517661865303914,0.016542992597884828,0.18283920392394065,2.028683195312818,0.007346023922873428,0.00017091410540231777,0.04146362962123627,-0.016255059608229202,-0.3525566057406589,0.4876550307109574,-1.1939670869300607,0.21243159085512162,0.24432906112633646,1.1583932293578982,0.0025577162712124846,0.21111482114065439,2.3464022669941187,0.007185109999227279,0.06923824243131094,2.845174601301551,3.914174058117226e-05,15.872625157237053,78.3922266960144,0.0005119389812264785,4.007592549547553,0.08657068473985419,-0.06938365777023137,0.3392425903584808,1.0,,,,,,,,,,,
0,6553600,0.22451714950148016,0.9833707450889051,0.0019116495482194296,0.18755963945295662,2.144434191286564,0.007707426339948142,0.0001429128165000293,0.0374570921776467,-0.014977658689531381,-0.3540569558972493,0.5474920109845698,-1.2691835882142186,0.2459831612650305,0.21105610245434814,0.9548124090420553,0.015132742665386958,0.183541808210044,2.044423196240362,0.007380857890784244,0.05056011621035209,2.4138202116942504,4.22548797320415e-05,21.409694174276552,71.10904945988005,0.002255443023099911,4.235699635851814,0.07298052295418639,-0.06164516270699271,0.27110626406025096,1.0,,,,,,,,,,,
0,6684672,0.20695981371682137,1.0720396554097533,0.0023093453398814745,0.19666374824009836,2.1411079824902117,0.00725817924922012,0.0001347944706600046,0.047825106274103746,-0.03298604496376356,-0.3017120154108852,0.7245052186772227,-1.300251922570169,0.3185313323047012,0.20696859678719193,1.0720396554097533,0.0023093453398814745,0.19685656216461211,2.1501105683855712,0.00725817924922012,0.061672005598666146,3.06121727777645,4.279862714118288e-05,19.823366731405258,76.14219057559967,0.0005964801135189823,4.131939766928554,0.07298067602096125,-0.06791379349306226,0.31015249411575496,1.0,,,,,,,,,,,
0,6815744,0.24832972697913647,1.1843060846440494,0.002415768813534669,0.21184218244161457,2.361505371518433,0.007626616323705093,0.0001139875790414635,0.03417450623237528,-0.032711721236410085,-0.2185642304830253,0.794738388620317,-1.3417662931606174,0.43143268348649144,0.2483350622933358,1.1894394815899432,0.002415768813534669,0.21204977738671005,2.37236210424453,0.007626616323705093,0.06828791298903525,3.7610132386907935,4.145032915303659e-05,16.879616655409336,78.1180065870285,0.0005402520571369251,4.1527603808790445,0.07635197023046203,-0.06934126024134457,0.329513899050653,1.0,,,,,,,,,,,
0,6946816,0.24670758482534438,1.130952559877187,0.002482907093508402,0.2103449987480417,2.3975919717922807,0.007551824651272909,3.202381346056882e-05,0.02953401596096228,-0.06997273182059871,-0.19259292969945818,0.7908873921260238,-1.2970865331590176,0.4752390752546489,0.2467287858016789,1.130952559877187,0.002482907093508402,0.21060803718864918,2.427991702221334,0.007551824651272909,0.07037578168092296,6.874267479404807,4.103759400278517e-05,15.804614685475826,76.58702474832535,0.0004543561160801346,4.047821519896388,0.08192859380505979,-0.069429513765499,0.35464538633823395,1.0,,,,,,,,,,,
0,7077888,0.23636561911553144,1.1381831062026322,0.002453037577424766,0.2031649787677452,2.4025247879326344,0.00704595250363127,4.601989995300926e-05,0.030375085465493612,-0.06842962425434962,-0.18985916546080261,0.7558827232569456,-1.328209781087935,0.46372846490703523,0.23636853345669806,1.1381831062026322,0.002453037577424766,0.20336809020955116,2.4025247879326344,0.00704595250363127,0.06524642786826007,4.150342199020088,3.905248372326753e-05,15.39402024447918,77.78175383806229,0.00035225464095844927,4.032034374773502,0.07432721997611225,-0.07008934975601733,0.3331894017755985,1.0,,,,,,,,,,,
0,7208960,0.24941224802751094,1.2093915063887835,0.0027694630462065106,0.21360916376579553,2.3818935211747885,0.007817790176886774,8.833335984093083e-05,0.03551434732071357,-0.04065703530795872,-0.19301482907030731,0.8544619367457926,-1.326907374896109,0.5146547830663621,0.2494130952982232,1.2093915063887835,0.0027694630462065106,0.21383229445200413,2.385932771489024,0.007817790176886774,0.06875742966076359,2.6955704605206847,4.2808664263649376e-05,16.03708555549383,77.98438930511475,0.00041304398244257357,4.031415058299899,0.07721608009887859,-0.06961178104393184,0.34282144671306014,1.0,,,,,,,,,,,
0,7340032,0.24369316932279617,1.189632408786565,0.0025697918547393783,0.2124876689631492,2.3816559808328748,0.007105938049335236,0.00013978636252431897,0.04570532885554712,-0.033992236603808124,-0.1930583055363968,0.8634785828180611,-1.334322078153491,0.5081822604406625,0.2436850133817643,1.189632408786565,0.0025697918547393783,0.2126752525800839,2.3816559808328748,0.007105938049335236,0.06870114884804934,3.0451266043819487,4.6795488250039874e-05,16.43136638402939,77.79882365465164,0.0005144289111100875,3.996920444071293,0.0874469589907676,-0.06933825369924307,0.34275753516703844,1.0,,,,,,,,,,,
0,7471104,0.23814157721896967,1.03738849217693,0.017564282596385965,0.20004973771050572,2.27678971114258,0.007655947472909853,4.3514903794452666e-05,0.02695666766773987,-0.02272481243824586,-0.2834554516194354,0.5630841353548552,-1.2553744760104746,0.2981750664114952,0.24608771421480924,1.1778191081248224,0.0026448336930116056,0.2114446641644463,2.3458275282755494,0.007312278382414661,0.06736877435469069,2.842422866728157,4.108399243962779e-05,15.494208127260208,77.64121562242508,0.00038605462703955595,3.997548772022128,0.08995910995872691,-0.06940541369840503,0.336700277402997,1.0,,,,,,,,,,,
0,7602176,0.22775688604451716,1.090212205890566,0.002118143366487857,0.1965338025474921,2.4655843200162053,0.007453993030139827,4.494339522054247e-05,0.01852379197225673,-0.01675571124360431,-0.2803676468320191,0.5735572394914925,-1.3474491145461798,0.3728055548854172,0.23716731799250268,1.0435085439358849,0.0160754980922994,0.2001213425130819,2.302964478843363,0.007636481984450092,0.04424306987406103,2.162254642535293,4.0789044290683146e-05,17.1044042650512,74.62129425571625,0.0013592905049574556,4.198796816080449,0.06836895013578444,-0.06548380726073162,0.29488963603479673,1.0,,,,,,,,,,,
0,7733248,0.2242705727694556,1.1206985325552523,0.0022748111500732193,0.20375411002896726,2.3810504972934723,0.007459438494151982,2.4890729815041368e-05,0.027741067111492157,-0.04126534542592708,-0.2600661145988852,0.624685802962631,-1.30862389318645,0.39045574120245874,0.22430206509307027,1.120963781606406,0.0022748111500732193,0.20404621656052768,2.3891983460634947,0.007459438494151982,0.057527412835042924,3.0049280850216746,3.6622492683768826e-05,17.431875355541706,77.01806044578552,0.00047781950910996684,4.1250963639467955,0.07411409250926226,-0.06928043742664158,0.32294146134518087,1.0,,,,,,,,,,,
0,7864320,0.237787508754991,1.2049423847347498,0.0025388949190983112,0.208477578824386,2.3303085500374436,0.008026734935810964,0.00011432169107905565,0.038853819271025714,-0.03153676798683591,-0.2225266763707623,0.7358300848864019,-1.317857007496059,0.4650377498473972,0.23779421497602016,1.2049423847347498,0.0025388949190983112,0.2087163036921993,2.3352317893877625,0.008026734935810964,0.06460303798667155,2.6020885473117232,4.2367254579955826e-05,16.902380526065826,77.28689217567444,0.0005078248163385979,4.096221985295415,0.0835032993927598,-0.06967762461863458,0.3406690200790763,1.0,,,,,,,,,,,
0,7995392,0.24287514248862863,1.1620054906234145,0.0025880655150558596,0.21058774238917977,2.449617490172386,0.007181210120506876,4.953982423039349e-05,0.03894156163732987,-0.052966018178267404,-0.20574302063323557,0.7134400187060237,-1.330404200591147,0.44825931545346975,0.24287698627449572,1.1620054906234145,0.0025880655150558596,0.2107984940521419,2.4500656723976135,0.007181210120506876,0.06455794497742318,3.5118788527324796,4.156903808993917e-05,15.828388527035713,78.00777381658554,0.0003730669556776256,4.030018722638488,0.08322192629566416,-0.06930217449553311,0.3553784694522619,1.0,,,,,,,,,,,
0,8126464,0.23265289945993572,1.13246547896415,0.00262377192166241,0.20739231258630753,2.208202143199742,0.007492983845622803,8.812543327607614e-05,0.0357436775957467,-0.041915333953511436,-0.22775877639651299,0.7986253355629742,-1.3523493809625506,0.4652992079500109,0.23264702537562698,1.13246547896415,0.00262377192166241,0.20766844763420522,2.208202143199742,0.007492983845622803,0.0650054985890165,2.9236214039847255,3.948090877514687e-05,16.91804863512516,79.32206720113754,0.0004483122775766901,4.069937476888299,0.08208851888775826,-0.06933077494613826,0.34442735160700977,1.0,,,,,,,,,,,
0,8257536,0.24019505002070218,1.1939504533074796,0.0026048520630865823,0.20861458440776914,2.4152269922196865,0.007315665463011101,7.432343337754332e-05,0.03639913673396222,-0.03277012185571948,-0.1897891138214618,0.8505716840736568,-1.3010071981698275,0.47394261811859906,0.24021260137669742,1.194594373460859,0.0026048520630865823,0.20884987898170948,2.425792512483895,0.007315665463011101,0.0658015331136994,2.536040861159563,4.250626005031233e-05,16.027684539556503,76.48133856058121,0.0004723494871585743,4.050509477034211,0.08614094159565866,-0.06932241469621658,0.347218319773674,1.0,,,,,,,,,,,
0,8388608,0.2383750204462558,1.149130653589964,0.002467402801357821,0.21147917001508176,2.3655487010255456,0.00747018592483073,5.083759227275664e-05,0.03212286938651232,-0.03613943712844048,-0.22101091139484197,0.7582226837985218,-1.3289171066135168,0.490941024152562,0.23840087943244725,1.1520446129143238,0.002467402801357821,0.21180635248310864,2.3781153159216046,0.00747018592483073,0.06347179631120525,2.5759375328198075,4.17790569056109e-05,16.79876322299242,78.16328328847885,0.0003897761392757104,4.041396014392376,0.08776382281212136,-0.0694449960719794,0.3443260707426816,1.0,,,,,,,,,,,
0,8519680,0.23559231476858258,0.9354871821403503,0.017024297002329453,0.18979858733403185,2.4354327450941007,0.0075608825449792975,3.6688213359402274e-05,0.01344133078494148,-0.014271324915219642,-0.17006796909037802,0.5424201930184305,-1.2689194979625367,0.2832030491779248,0.22413646068889648,1.1277069505304098,0.0024198713726946153,0.2079624346224591,2.2895488291978836,0.0075494842194530065,0.06325991501216777,2.2743958993814886,3.6977465344367744e-05,19.240082770586014,78.28780508041382,0.0005372311637259486,4.060812786221504,0.08787984767695889,-0.06921892333775759,0.3394242050126195,1.0,,,,,,,,,,,
0,8650752,0.23585286003071815,0.9601645502261817,0.0021115440251833206,0.19190486532170326,2.6274534799158573,0.007466213614861772,4.456411890529921e-05,0.013556667490774998,-0.013303335190357757,-0.17623747722245753,0.5757577805779874,-1.3695497624576092,0.36693517421372235,0.2356333512117166,0.9378657236425991,0.015586923221399705,0.19013229939043072,2.45909924784967,0.007551757828823392,0.03339978301384296,1.057430398184806,3.2592358758723496e-05,11.154139654660396,74.09143648453686,0.00020880320055959877,4.071110963282815,0.013552339468782499,-0.06620276752994003,0.2549509940422084,1.0,,,,,,,,,,,
0,8781824,0.2201901157386601,1.0813391371630132,0.002281390412008477,0.21152604196686298,2.3302389848977327,0.007288786753633758,9.810687621181202e-05,0.034188253403044655,-0.03395153400924755,-0.3155474952654913,0.6064513586461544,-1.3584149880334735,0.3757899682968855,0.22022574150469154,1.0813391371630132,0.002281390412008477,0.21200950257480145,2.3349111042916775,0.007288786753633758,0.05730714224046096,2.5513404072262347,3.673679859339529e-05,19.52599496394396,80.28549879789352,0.00044116213707745544,4.073195828124881,0.05659283444401808,-0.0692045739851892,0.29447025316767395,1.0,,,,,,,,,,,
0,8912896,0.22682354680728167,1.1219984260387719,0.0023996339764380537,0.2097320220200345,2.3563092863187194,0.007264811367349466,0.0001331988003006046,0.06389318124274723,-0.035179602054995485,-0.3002474878448993,0.7374188425019383,-1.3514843322336674,0.41119896550662816,0.22683121135924011,1.1219984260387719,0.0023996339764380537,0.2100315900752321,2.356880479492247,0.007264811367349466,0.06669204673380591,4.1070690508931875,4.093489029388664e-05,19.969995826482773,79.25900667905807,0.0004720495484358267,4.088259315118194,0.07161579895182513,-0.06935838051140308,0.3359298307914287,1.0,,,,,,,,,,,
0,9043968,0.238489686162211,1.164788095280528,0.0023024245153919765,0.20718783768825233,2.4276926703751087,0.006828501124800823,3.8520612838155444e-05,0.0298484158993233,-0.03905495599974529,-0.22599409520626068,0.7594723724760115,-1.3269567601382732,0.44578969897702336,0.23849070514552295,1.164788095280528,0.0023024245153919765,0.2074338251259178,2.4276926703751087,0.006828501124800823,0.06259534007404,2.5358894295059144,3.9841548199193166e-05,16.812586411833763,77.74341940879822,0.0004140663180843551,4.082806805148721,0.07671533396933228,-0.06941447337158024,0.3410448299255222,1.0,,,,,,,,,,,
0,9175040,0.2400935764890164,1.1848181877285242,0.0027123927452521457,0.2122701033949852,2.235435539856553,0.007490728062293783,0.00010597383409560734,0.03609343197604176,-0.03654594529507449,-0.20996396918781102,0.7121512438170612,-1.304332728497684,0.4979834652040154,0.24009859201032668,1.1848181877285242,0.0027123927452521457,0.2124587025027722,2.238194798119366,0.007490728062293783,0.06681956982356496,2.600060566328466,3.762680348751157e-05,16.327583506703377,76.10821014642715,0.0005005035410903247,4.051050400361419,0.0931025127065368,-0.06948519754223526,0.3510223808698356,1.0,,,,,,,,,,,
0,9306112,0.24398080969695002,1.1579208024777472,0.00272868059096254,0.20424949715379626,2.386792102828622,0.007626347926816379,0.00011471466251578022,0.04030154683277942,-0.02835234790109098,-0.18746673373971134,0.7835919810459018,-1.337581911124289,0.4861070935148746,0.24398127710446715,1.1579208024777472,0.00272868059096254,0.2044165515108034,2.3980057537555695,0.007626347926816379,0.06098835542798042,2.679704010486603,4.452561561674173e-05,15.111283630132675,77.92893582582474,0.00032760749979132697,4.035430980846286,0.08669654827099293,-0.06935696094296873,0.3324555358849466,1.0,,,,,,,,,,,
0,9437184,0.24656103481538594,1.1879087472334504,0.0028407488166521944,0.21482834755443037,2.480546295642853,0.007380833652860019,0.00010127427970019198,0.03829954972025007,-0.03609766469890019,-0.15490000473801047,0.8546150363981724,-1.280935880728066,0.4919283150229603,0.24658135417848825,1.19389932975173,0.0028407488166521944,0.21499300352297723,2.484849067404866,0.007380833652860019,0.07207767156069167,3.912588738836348,4.491540706796915e-05,14.401186421513557,74.95379960536957,0.00036045837348508414,4.008865064010024,0.088140721374657,-0.06955423671752214,0.35631682979874313,1.0,,,,,,,,,,,
0,9568256,0.2275339832653602,0.9762082415322463,0.01620573685925289,0.20393636886651317,2.2861653249214093,0.007226006661755188,0.00010532941979915241,0.03658535514672015,-0.02556807225536128,-0.4056816786445173,0.45971502472981834,-1.2767203229344157,0.23422366902232172,0.24419337208382785,1.1916116015054286,0.0026735256651591044,0.21614696749020368,2.437068769708276,0.00813198459945852,0.067187287932029,2.613387012388557,4.355994138688368e-05,16.556881234049797,78.19326603412628,0.0005299443629347422,4.018769463524222,0.09521707944804803,-0.06949453987181187,0.3450406270567328,1.0,,,,,,,,,,,
0,9699328,0.22923558007460088,1.0149266440421343,0.001884312523088738,0.2053988843690604,2.4395302245393395,0.006684862605652597,7.879203907634746e-05,0.03013945575366961,-0.023141445257351734,-0.4024217203259468,0.5068850442767143,-1.3391128964722157,0.3222272410057485,0.22768869644861264,0.9799401357500668,0.014825358609984057,0.20438255548634263,2.3014107848102427,0.007173848198516384,0.04969517144911743,2.524515837860148,3.531764757814312e-05,24.68205068130411,75.47060026122954,0.016807630999887645,4.162356180239873,0.06886604421370394,-0.06555473342178816,0.2787112445761281,1.0,,,,,,,,,,,
0,9830400,0.21532009437214583,1.1225979872979224,0.0023353011811195756,0.205043283989653,2.1860642060637474,0.007256523963405925,6.785400475450842e-05,0.029290287631738465,-0.030261322142905556,-0.34267073846422136,0.6808643862605095,-1.3388010123744607,0.3825742029584944,0.21531641075853258,1.1225979872979224,0.0023353011811195756,0.20529482909478247,2.1886053513735533,0.007256523963405925,0.061788584222085774,2.1301903231069446,3.83119117026709e-05,21.91439837217331,78.64989042282104,0.0008501130474716234,4.117964051663876,0.09024908719584346,-0.06927957641892135,0.3302783172111958,1.0,,,,,,,,,,,
0,9961472,0.23066117183770984,1.201783100143075,0.0028627860392589355,0.20899910246953368,2.3429198721423745,0.008145716373292089,8.733808295247059e-05,0.03150520572671667,-0.03342308123683324,-0.25968379143159837,0.7027529226616025,-1.2913749031722546,0.46291591809131205,0.23065973061602563,1.201783100143075,0.0028627860392589355,0.20914124068804085,2.3429198721423745,0.008145716373292089,0.0678090980509296,2.304219612851739,4.074188594638262e-05,17.578648909926414,75.34225258231163,0.0008700199855553592,4.14790627732873,0.11776156473206356,-0.069052510894835,0.34917797334492207,1.0,,,,,,,,,,,
0,10092544,0.23256178142037243,1.140136039815843,0.0027346878523530904,0.2122836485505104,2.3204602478072047,0.007659493933260819,0.00010759403707538695,0.028815458688768558,-0.034010794093774166,-0.2720565370982513,0.6873203637078404,-1.325750813819468,0.44574470235966146,0.23256237071473151,1.140136039815843,0.0027346878523530904,0.2124600262613967,2.3204602478072047,0.007659493933260819,0.06461515417322516,2.3015513429418206,4.53963592615958e-05,17.999637126922607,77.32373428344727,0.0005179314729062412,4.099790943786502,0.10667939006816596,-0.06893866742029786,0.32850268902257085,1.0,,,,,,,,,,,
0,10223616,0.22177376761101186,1.1182903312146664,0.0024183351306419354,0.21082389447838068,2.2744929613545537,0.007612599382810004,6.864880701584752e-05,0.03403677241294645,-0.03486100157897454,-0.3198939571157098,0.5952249523252249,-1.3303205193951726,0.42753899027593434,0.2217793547315523,1.1182903312146664,0.0024183351306419354,0.21115770854521543,2.2796626407653093,0.007612599382810004,0.059849923563888296,2.5138327945023775,5.2011507432281334e-05,20.264475345611572,78.51075273752213,0.0005349412968449485,4.122548131272197,0.08889720874140039,-0.06924878899008036,0.3236191759351641,1.0,,,,,,,,,,,
0,10354688,0.22106394602451473,1.1421395461075008,0.0022772111688027508,0.21640185406431556,2.425470425747335,0.007345846634962072,7.595493526935115e-05,0.04593655564531218,-0.039133122911152896,-0.3977660844102502,0.5780669362284243,-1.3462888142094016,0.4018899679649621,0.2210951060988009,1.1421395461075008,0.0022772111688027508,0.21704769250936806,2.4271136187016964,0.007345846634962072,0.06199223271687515,3.3408431098796427,4.534697815383737e-05,24.324937775731087,80.4714897274971,0.0006155659705626704,4.137035075575113,0.08298063819529489,-0.0691604211460799,0.32652261457405984,1.0,,,,,,,,,,,
0,10485760,0.21811817481648177,1.117886146530509,0.002191795950238884,0.20228202652651817,2.2794756991788745,0.007171949197527283,9.146981906660301e-05,0.042752465429657605,-0.035665781862917356,-0.3657226318027824,0.6212712028063834,-1.3419068129733205,0.4222688991576433,0.21812355716247112,1.117886146530509,0.002191795950238884,0.20264620031230152,2.2794756991788745,0.007171949197527283,0.06254893285222352,2.9263885924592614,4.0152801217274714e-05,22.71393831074238,79.19361311197281,0.0004493406811040962,4.097024457529187,0.07123074610717595,-0.06941044027917087,0.3207111903466284,1.0,,,,,,,,,,,
0,10616832,0.21811793151622016,0.9689644158631563,0.018852217528407586,0.1583447909851869,1.946872980594635,0.006487713810007942,0.0003599276038755761,0.05510424968611914,-0.04381019095802913,-0.3884480154567912,0.5075173639829154,-1.2269162055041427,0.23812709550062816,0.22652418911457062,1.1655208435840905,0.00240218765679856,0.21299544197972864,2.4497154532000422,0.007327561908823554,0.06789330489118584,4.214139962568879,3.860427276625167e-05,19.006040439009666,78.4111333489418,0.0004566569290727074,4.077466314658523,0.0789636832778342,-0.0694396672770381,0.335965171456337,1.0,,,,,,,,,,,
0,10747904,0.2266516595846042,0.9864167817868292,0.0016815870098980668,0.15823711513075978,2.0696885362267494,0.006406539357158181,0.0001890101664514532,0.051339065365027636,-0.03758996260876302,-0.37817194359377027,0.5474689295515418,-1.2948864484205842,0.2932368298061192,0.21902113812358445,0.9856730906225472,0.017197216996503055,0.15889918625758714,2.028967596096806,0.006479889766359772,0.06932899783504286,7.174737589545996,3.7599318487859184e-05,23.776741547611014,73.8116786871386,0.0008078312861897016,4.144532303135079,0.06416844542336658,-0.06613216154187558,0.33177597846566553,1.0,,,,,,,,,,,
0,10878976,0.21698048687539995,1.0694983564317226,0.002191315315826614,0.20119663467630744,2.2900476874783635,0.006999035044827906,0.00014529249769879016,0.053064950145198964,-0.0274465844486258,-0.33676855405792594,0.5989808975718915,-1.3076871745288372,0.3918851148337126,0.21700389520265162,1.075962733477354,0.002191315315826614,0.2014094035839662,2.300479338504374,0.006999035044827906,0.06009559764061123,3.1043725637719035,3.2598369421599216e-05,21.598906949162483,76.85624104738235,0.00033071012983809656,4.040043793618679,0.05657170360791497,-0.06950226868502796,0.31777925370261073,1.0,,,,,,,,,,,
0,11010048,0.23088322987314314,1.1751070339232683,0.0023557567835439386,0.211187933688052,2.3505555046722293,0.007831504296518688,6.46566158375439e-05,0.0458929133892525,-0.033878389112942386,-0.3384171384386718,0.6539853517897427,-1.3223122004419565,0.3777721980586648,0.23088600556366146,1.1751070339232683,0.0023557567835439386,0.2114125631051138,2.3505555046722293,0.007831504296518688,0.06656273160479032,2.9986574156209826,4.178435791289681e-05,21.662656605243683,77.63862895965576,0.00043049911510117944,4.080996818840504,0.0767500669171568,-0.069473160430789,0.32743016770109534,1.0,,,,,,,,,,,
0,11141120,0.23538218217436224,1.0983290346339345,0.0023695584554843663,0.2227951013483107,2.463338672183454,0.007708935915616166,1.052959472858106e-05,0.02713401769142365,-0.04115743999136612,-0.38028177386149764,0.6618637093342841,-1.348093444481492,0.4110863807145506,0.235386167652905,1.0983290346339345,0.0023695584554843663,0.22319254139438272,2.4679907206445932,0.007708935915616166,0.06432446380495094,2.472346141934395,4.008990199100282e-05,23.329039752483368,79.50898373126984,0.0007066769267431994,4.064568322151899,0.08907879190519452,-0.06912598665803671,0.3240249454975128,1.0,,,,,,,,,,,
0,11272192,0.21706290205474943,1.201602900866419,0.002215761310480957,0.20629740925505757,2.3834677897393703,0.006976279144510045,6.529846374281334e-05,0.02831781707209302,-0.02953222595533589,-0.3796666862908751,0.6013460690155625,-1.347911394201219,0.449703280813992,0.21709194860886782,1.2073490894399583,0.002215761310480957,0.2067683064378798,2.387936320155859,0.006976279144510045,0.061690614063991234,2.071507578715682,4.1451161296196526e-05,23.288094207644463,79.56754916906357,0.0006512596617151978,4.114360421895981,0.08781123958760872,-0.06925387983210385,0.3433957463130355,1.0,,,,,,,,,,,
0,11403264,0.2302832657005638,1.1406384063884616,0.0022848915598387975,0.19846147787757218,2.2987155336886644,0.007285847070306772,5.056541230352707e-05,0.026751982637506444,-0.034904448373708874,-0.3045048634521663,0.6172673995606601,-1.348155016079545,0.46935882791876793,0.23028583847917616,1.1406384063884616,0.0022848915598387975,0.19891674222890288,2.30006561614573,0.007285847070306772,0.05556693801190704,2.34621363831684,4.3474879196925276e-05,19.823775082826614,80.05854088068008,0.00030366131388781525,4.141876623034477,0.07332480972399935,-0.06925215385854244,0.3222381789237261,1.0,,,,,,,,,,,
0,11534336,0.2162508077453822,1.1506146318279207,0.0022469667928817216,0.21315229451283813,2.4073980106040835,0.007243037878197356,4.2904461752257816e-05,0.0317257223323395,-0.02920567279215902,-0.3587648149114102,0.7764466782100499,-1.3377579422667623,0.4457156292628497,0.2162620504386723,1.1506146318279207,0.0022469667928817216,0.21346795291174203,2.408030771650374,0.007243037878197356,0.059078324877191335,2.24062887346372,3.508225293680223e-05,22.71610362827778,78.83711260557175,0.0005654933749568158,4.067294701933861,0.07600875297794119,-0.06928404862992465,0.32389987632632256,1.0,,,,,,,,,,,
0,11665408,0.2160376297061642,0.9947532199074824,0.019067874770359292,0.17503767265627782,1.8941045794139306,0.008360671615519094,0.00010407773488414781,0.01820241916269879,-0.0171951607663262,-0.27582074300502424,0.37233826075300386,-0.9121122167261395,0.2764067310094833,0.21136104315519333,1.0904284338466823,0.001993271663423002,0.20163907448295504,2.284483140334487,0.007090810245244938,0.058489822782576084,2.3494304725900292,4.1419738665067485e-05,22.988971024751663,78.50640666484833,0.00039091473177910174,4.070817144587636,0.06834185213665478,-0.06925831083208323,0.3269104433711618,1.0,,,,,,,,,,,
0,11796480,0.23415317328181118,1.031318411231041,0.0029510251090414386,0.1818385107908398,2.0688397716730833,0.0076358622554835165,0.00010053669115706043,0.01854607336281333,-0.01787702315414208,-0.27506887377239764,0.4204359711147845,-0.9362048557959497,0.30799234681762755,0.21778593842972474,0.998987404046109,0.01751444347770215,0.17570017420698003,1.9151387406086706,0.008290810472383135,0.05315190735090726,1.5367130796756057,5.7407654843087336e-05,16.694654524820038,52.46715636206342,0.3644775777895804,4.3255194195781845,0.14127021003626297,-0.055070380220212135,0.31329992554902314,1.0,,,,,,,,,,,
0,11927552,0.20490123750641942,1.1025809310376644,0.002879659336485929,0.1980401154141873,2.296489211730659,0.008304422014589363,0.00014026711256320823,0.028155893749499228,-0.027959414437646046,-0.2945251817582175,0.7160303206183016,-1.0772530524991453,0.3767390886787325,0.20491013675928116,1.1025809310376644,0.002879659336485929,0.19807933759875596,2.296489211730659,0.008304422014589363,0.057844286115141585,2.015528570394963,4.9722559809797784e-05,18.212325617671013,62.36498382687569,0.0007799777070900404,4.231060953810811,0.12267499574227259,-0.06690983846783638,0.341793057275936,1.0,,,,,,,,,,,
0,12058624,0.23133719409815967,1.1062946459278464,0.0025017746238518157,0.20492532337084413,2.2678812509402633,0.0074159456189590856,7.673874754132726e-05,0.02606904457206838,-0.034915902811917476,-0.27041402645409107,0.7414609943516552,-1.3129803761839867,0.41135879699140787,0.23133274575229734,1.1062946459278464,0.0025017746238518157,0.20504743338096887,2.2678812509402633,0.0074159456189590856,0.06376034129061736,2.2309275059960783,5.232577190061871e-05,18.4106090888381,76.71438533067703,0.0006606999955387494,4.214430715888739,0.10423939587781206,-0.06919888313859701,0.3267570938915014,1.0,,,,,,,,,,,
0,12189696,0.2344201476080343,1.196699342224747,0.002414176367665277,0.21973421971779317,2.405713230371475,0.00793957025916825,8.221021346699331e-05,0.038870092714205384,-0.03321727038564859,-0.3162068605888635,0.7633312558755279,-1.322942093014717,0.43824722873978317,0.2344369551865384,1.2014512387104332,0.002414176367665277,0.22013747261371464,2.409820396453142,0.00793957025916825,0.06245007028337568,2.7909133210778236,4.62663438805834e-05,20.729597434401512,78.43361347913742,0.0006924913888397555,4.122852416709065,0.0964498381363228,-0.0691425793338567,0.3332136196549982,1.0,,,,,,,,,,,
0,12320768,0.21310983679722995,1.147957632318139,0.0024541660504837637,0.20758740021847188,2.188901108689606,0.007983385409715993,5.038292697356894e-05,0.03203809519618517,-0.047809778989176266,-0.39694172656163573,0.654367539100349,-1.3350223451852798,0.38630289281718433,0.21311474847607315,1.147957632318139,0.0024541660504837637,0.20792797929607332,2.1955134738236666,0.007983385409715993,0.06815461901715025,3.025060562416911,4.8137028722305963e-05,24.41924273967743,78.55451828241348,0.0008926645564173441,4.11941821873188,0.09842347778612748,-0.06925316411070526,0.3239761171862483,1.0,,,,,,,,,,,
0,12451840,0.2194762610597536,1.1480660792440176,0.0024216743336182844,0.21606229583267123,2.381617769598961,0.007865228974878846,9.393102045063273e-05,0.030949772670282982,-0.03222206918144366,-0.3825219818390906,0.9244836461730301,-1.3238373761996627,0.4300451432354748,0.219481538166292,1.1480660792440176,0.0024216743336182844,0.2162727756658569,2.381617769598961,0.007865228974878846,0.06795863268780522,2.3048026375472546,4.151644590016934e-05,23.835540041327477,77.85135531425476,0.0007179581312897199,4.130910927429795,0.10399500041967258,-0.0669401497580111,0.34988226275891066,1.0,,,,,,,,,,,
0,12582912,0.2098394458880648,1.0850317273288965,0.00212899451685189,0.2017054435564205,2.3641413878649473,0.007491085853871482,4.142397153561461e-05,0.028267171190236695,-0.032138008522451855,-0.3473374315071851,0.8380396454595029,-1.3558425670489669,0.39401025348342955,0.2098485471215099,1.0850317273288965,0.00212899451685189,0.2021370738511905,2.3641413878649473,0.007491085853871482,0.054959805245744064,2.3410163084045053,3.984134772627712e-05,22.40926133096218,79.85863852500916,0.00046630587981866256,4.094108782708645,0.07898853023652919,-0.06897374079562724,0.33022847352549434,1.0,,,,,,,,,,,
0,12713984,0.2577595231247445,0.9998968840638796,0.01654917066412357,0.19335770792017382,2.40472455188632,0.007491198418962692,0.00012755404887277184,0.024760829260679504,-0.021943882846389897,-0.19574209074885102,0.6228116950552793,-1.260871533115375,0.298106100037694,0.22561670269351453,1.1135387257672846,0.00223834600774353,0.21851259854156524,2.5013607311993837,0.0075220401313345064,0.056824956205673516,2.770966866519302,3.816756873176175e-05,25.35472372174263,80.51088273525238,0.0006131032657279434,4.112566839903593,0.07379541758564301,-0.06932807248085737,0.296697189565748,1.0,,,,,,,,,,,
0,12845056,0.24872821592725813,1.0400649118237197,0.002292108860501685,0.18734637752640992,2.629230215214193,0.007601644294481957,0.00012914361680316233,0.023470739513868466,-0.02457371084165061,-0.19670063420198858,0.6588912671431899,-1.3677038569003344,0.38197463494725525,0.25697761446417094,1.0093304683645088,0.015174996032449171,0.19341474636850586,2.444443914859769,0.00750184380455491,0.05280497109276209,2.462368221832888,4.484398706007882e-05,14.047188579500371,75.24731009404725,0.00025153281573155533,4.275828368872045,0.06346778612052993,-0.06606513584952757,0.3194930840687579,1.0,,,,,,,,,,,
0,12976128,0.22201737808063626,1.0880053844302893,0.0024213698188759736,0.20890874101314694,2.2277079354971647,0.007386942310859013,0.0001876969893430669,0.04708814696641639,-0.032269810246361885,-0.29757210228126496,0.6569143673405051,-1.2752274638041854,0.4460249913390726,0.2220298514002934,1.0880053844302893,0.0024213698188759736,0.20905568823218346,2.240923071280122,0.007386942310859013,0.06403676999616437,3.2210521288216114,4.644129925182594e-05,19.33373099565506,74.51790726184845,0.0006569016769706337,4.206558251753449,0.08246755687287077,-0.06929738284088671,0.3137120211031288,1.0,,,,,,,,,,,
0,13107200,0.23030515492428094,1.160020124167204,0.002768302652384591,0.2106209498597309,2.2784285629168153,0.008357222803169861,0.00012256148995959393,0.043132287602929864,-0.039349021593807265,-0.25376013631466776,0.6877604853361845,-1.2328673489391804,0.44564445316791534,0.2303075552918017,1.160020124167204,0.002768302652384591,0.21064305177424103,2.2784285629168153,0.008357222803169861,0.07326877082232386,2.9301202427595854,4.0597912239925815e-05,18.187354400753975,71.11386770009995,0.0006632218471542828,4.127608580514789,0.08616021665511653,-0.06942153233103454,0.3324764589779079,1.0,,,,,,,,,,,
0,13238272,0.24825183057691902,1.1768529992550611,0.0026390471605282073,0.20502362539991736,2.371587841771543,0.006789829200897657,7.049464334585309e-05,0.028655932379479054,-0.03611644618649734,-0.2091468961443752,0.7781877159141004,-1.2693101689219475,0.5048738315235823,0.24825542129110545,1.1768529992550611,0.0026390471605282073,0.2051651783986017,2.371587841771543,0.006789829200897657,0.06178003046079539,2.489982422441244,3.843087951038715e-05,16.333591990172863,74.20036739110947,0.0003360734801827192,4.08888159878552,0.08005992346443236,-0.06953372131101787,0.3338222987949848,1.0,,,,,,,,,,,
0,13369344,0.2224060472799465,1.1006167461164296,0.0023626847039395216,0.21835498651489615,2.415731241926551,0.007341591187469021,4.5654448964427274e-05,0.03508842457085848,-0.04506510237843031,-0.3169075013138354,0.7373298238962889,-1.3494477607309818,0.4324137850198895,0.22241205186583102,1.1006167461164296,0.0023626847039395216,0.21865976601839066,2.416759280487895,0.007341591187469021,0.06205216536181979,3.1440884242765605,4.112035595421615e-05,21.307992696762085,79.08992552757263,0.0005524313289306804,4.052097572013736,0.07982672075740993,-0.0692657083272934,0.30928941536694765,1.0,,,,,,,,,,,
0,13500416,0.2130614910274744,1.0828557973727584,0.0022476204933354893,0.20845213311258703,2.288824863731861,0.0074336706647955,5.911817559223209e-05,0.031611801401595585,-0.03128572400601115,-0.3453428908251226,0.6148983640596271,-1.3404232943430543,0.37331418483518064,0.21307565737515688,1.0828557973727584,0.0022476204933354893,0.20875374518800527,2.2905021337792277,0.0074336706647955,0.05757053475826979,2.3574567241594195,3.523714759479102e-05,22.27747729420662,78.93665581941605,0.0004206885057871368,4.083595545962453,0.0672517871716991,-0.06930366507731378,0.31027578166686,1.0,,,,,,,,,,,
0,13631488,0.21154603839386255,1.1159086031839252,0.0022422473937240284,0.22002000093925744,2.452764956280589,0.007827795270713978,5.7280097106371386e-05,0.028753698628861457,-0.030423301985138096,-0.4013485652394593,0.5909531260840595,-1.333526223897934,0.41147127421572804,0.21155361039564013,1.1159086031839252,0.0022422473937240284,0.22023711074143648,2.4627381172031164,0.007827795270713978,0.056414491788018495,2.305912531912327,3.755012578166017e-05,24.978809386491776,78.16495168209076,0.0006358800246282215,4.0855273976922035,0.07316585187800229,-0.06930335261859,0.30397974606603384,1.0,,,,,,,,,,,
0,13762560,0.26408034992714724,0.9640708110481501,0.017280222096451324,0.21189520903242132,2.5564768298715355,0.007365236994470858,3.424890418841642e-06,0.028605122901353752,-0.03543947894611241,-0.2246034501530812,0.5472060002699921,-1.1247563266883178,0.31460834287106987,0.20356717566028237,1.1460212618112564,0.002214568665635852,0.21456989203579724,2.5072608031332493,0.007700793171352416,0.056251052767038345,2.7047128872945905,3.7208779401165515e-05,27.533456712961197,78.68153917789459,0.0007430531799457185,4.091052513569593,0.0785900535993278,-0.06925887241959572,0.3050075883511454,1.0,,,,,,,,,,,
0,13893632,0.25299372512381524,1.014660021290183,0.001997755155343839,0.21029432280920446,2.7088981699198484,0.007364332041106536,-8.14194646636679e-06,0.02076326759561198,-0.028588018292794004,-0.23329673486296088,0.5849035233259201,-1.1989402584731579,0.4088308026548475,0.2630292165306318,0.9735599012304861,0.015807213234657832,0.2118000485457435,2.581812800076532,0.0073651497700502,0.04678770263766287,3.16835245465669,3.229750028090137e-05,14.855157464619232,65.36408233031047,0.00533544570079443,3.9585787890905357,0.013269694785623256,-0.06690460228058229,0.3189389840980251,1.0,,,,,,,,,,,
0,14024704,0.2279977803118527,1.0788223538547754,0.0022337285190587863,0.2102739370893687,2.3618197720497847,0.007212531484128704,-2.6723989066113063e-06,0.027025644514651503,-0.0510295432395651,-0.344479659688659,0.5667534000240266,-1.2694520447403193,0.43476485670544207,0.22801027551759034,1.0788223538547754,0.0022337285190587863,0.21040345390792936,2.3618197720497847,0.007212531484128704,0.05695108755026013,3.124043091200292,3.853136900189291e-05,21.208485804498196,74.54164433479309,0.000754607048193634,3.9511112552136183,0.05101976986043155,-0.06926681683398783,0.31968731875531375,1.0,,,,,,,,,,,
0,14155776,0.21543155901599675,1.1488896976225078,0.0022600031611546,0.21834331762511283,2.548515393398702,0.008410450062001473,2.9086678220213713e-05,0.030253459088271484,-0.03407835682446603,-0.468978364020586,0.5705162244848907,-1.335163931362331,0.40981904650107026,0.2154494262067601,1.1488896976225078,0.0022600031611546,0.21872032165993005,2.548515393398702,0.008410450062001473,0.058555820054607466,2.4777004290372133,4.5715657493672346e-05,27.89558744430542,78.98378670215607,0.0012771492267589224,4.079421551898122,0.07982072897721082,-0.06888553034514189,0.3021625049877912,1.0,,,,,,,,,,,
0,14286848,0.20370111847296357,1.1144943879917264,0.002142011556543366,0.20635485847014934,2.298122337087989,0.007489779707611888,7.997580489416123e-05,0.036213376668456476,-0.030934475907997694,-0.4826131919398904,0.6262732520699501,-1.3539142608642578,0.3393196640536189,0.2037128647789359,1.1144943879917264,0.002142011556543366,0.20667795836925507,2.298122337087989,0.007489779707611888,0.06259682169184089,2.4468626170419157,4.270642556680748e-05,28.703916519880295,79.55427867174149,0.0008546405107767718,4.1341072134673595,0.0883232292253524,-0.06595030263997614,0.31826733867637813,1.0,,,,,,,,,,,
0,14417920,0.21576352033298463,1.1605745553970337,0.0023740617662042496,0.2058465606532991,2.2679493278265,0.007771732587571023,7.335629231874918e-05,0.046394624761887826,-0.04596043947094586,-0.4274368747137487,0.5638146414421499,-1.318544752895832,0.4269150556065142,0.21577021293342113,1.1605745553970337,0.0023740617662042496,0.2060378708411008,2.2679568016901612,0.007771732587571023,0.07095243988442235,3.5598699348047376,5.0065821627087725e-05,25.548168033361435,77.01801544427872,0.0010778665429675982,4.145123830065131,0.10703803563956171,-0.0639542369171977,0.3250971017405391,1.0,,,,,,,,,,,
0,14548992,0.22743718384299427,1.1487580579705536,0.0025411463309410465,0.21758946718182415,2.3980895867571235,0.007595869783472153,2.9149391224336796e-05,0.03031989638111554,-0.09070276915008435,-0.36609742417931557,0.5993027952499688,-1.287805269472301,0.46032603085041046,0.22745666012633592,1.1598953674547374,0.0025411463309410465,0.21771305275615305,2.4039009222760797,0.007595869783472153,0.06665632384829223,5.696410438045859,4.315035636665021e-05,22.304907977581024,75.12853473424911,0.0006812859060119081,4.123416183516383,0.09254984726430848,-0.06812060857191682,0.3542055282741785,1.0,,,,,,,,,,,
0,14680064,0.21551897469908,1.0781440250575542,0.0024210405183566763,0.20764733979012817,2.1500198896974325,0.007709382559824007,-7.30100600669914e-05,0.028027883839968126,-0.15313657134538516,-0.3377757826820016,0.6109976973384619,-1.2912155156955123,0.4669486479833722,0.21552301908377558,1.0781440250575542,0.0024210405183566763,0.20774607814382762,2.1518146647140384,0.007709382559824007,0.07079143528244458,8.876896033063531,4.144204967748699e-05,21.349554106593132,75.20131242275238,0.0004694773497373461,4.055784652009606,0.08139913744525984,-0.06954643852077425,0.32287546596489847,1.0,,,,,,,,,,,
0,14811136,0.2364948379310469,0.9374775552004575,0.020286168881005626,0.18019249779172242,2.220227369864782,0.006811399005334048,-5.617417862077664e-05,0.0756666759578123,-0.057700864741345864,-0.2458993855060544,0.42797306333299884,-1.1878069588795188,0.254381665935119,0.23755514330696315,1.0928475768305361,0.002504826660015169,0.21284926123917103,2.428823540918529,0.0072246170921062,0.06247077832813375,3.012255824636668,3.122230084184885e-05,19.218840286135674,77.52506428956985,0.0003128282528752635,4.0344022288918495,0.06495865830220282,-0.06962396344169974,0.30288210115395486,1.0,,,,,,,,,,,
0,14942208,0.23869203112553805,0.9691957072354853,0.0019509424173520529,0.17659346875734627,2.181972679682076,0.00656275805158657,-0.00013310172669633857,0.02842524395964574,-0.06907190586207435,-0.24285703257191926,0.4294393127784133,-1.2761472184211016,0.3412358998320997,0.23671968371596142,0.9405347264809422,0.018518918137520945,0.17990108524134987,2.218202399561204,0.006787433612201761,0.06416156867319853,5.0734538024639235,3.5742552714290587e-05,17.236160759290915,69.21555529546599,0.00016128487255051292,4.10685734702162,0.03823657229787134,-0.06606530855937176,0.2406139236437269,1.0,,,,,,,,,,,
0,15073280,0.22016889962833375,1.0666385628283024,0.0021266469752845296,0.22336432407610118,2.4083772459998727,0.007016820171884319,5.388792728022729e-05,0.029633674072101712,-0.02964487524877768,-0.44476399081759155,0.5043010301887989,-1.3692350005730987,0.33529130718670785,0.22018893714994192,1.0666385628283024,0.0021266469752845296,0.2241829945705831,2.4188828812912107,0.007016820171884319,0.05669954957556911,2.232060075737536,4.5961955879247895e-05,26.49966073036194,81.58937084674835,0.0011202040962956517,4.158491915091872,0.07383856261731125,-0.06899618962779641,0.2792457059258595,1.0,,,,,,,,,,,
0,15204352,0.1949271863559261,1.1152045633643866,0.002057313488876389,0.20557156880386174,2.3869346510618925,0.007531041806942085,6.694988801481117e-05,0.032004346838220954,-0.02740906153121614,-0.5107344293501228,0.5657513355836272,-1.3280937923118472,0.33977283211424947,0.19494022976141423,1.1152045633643866,0.002057313488876389,0.20589924382511526,2.3875005049631,0.007531041806942085,0.05240167444571853,2.324414656497538,4.2241706575948945e-05,30.08193774521351,78.44018721580505,0.001195238406076271,4.131494214758277,0.08312838996062055,-0.06551551166921854,0.30814465042203665,1.0,,,,,,,,,,,
0,15335424,0.22105289599858224,1.0933703458867967,0.002323561098819482,0.20838770840782672,2.32133221719414,0.00749213959716144,6.477128692949918e-05,0.03455584908806486,-0.04709078124869848,-0.3511577930767089,0.724732153583318,-1.3237006859853864,0.33675159397535026,0.22105869743973017,1.0933703458867967,0.002323561098819482,0.20853410847485065,2.3221062580123544,0.00749213959716144,0.06206212216056883,3.190816419199109,3.6132544496414454e-05,23.107465639710426,76.89151227474213,0.00046992576667559405,4.111347323283553,0.06631100625963882,-0.06933833262883127,0.30384676810353994,1.0,,,,,,,,,,,
0,15466496,0.22849255346227437,1.1544158314354718,0.002461634980818417,0.22638147918041795,2.525579994544387,0.007945301998006471,5.572560465338938e-05,0.048300262809789274,-0.05646080384758534,-0.4314345514867455,0.7170584416016936,-1.3491986086592078,0.3725605842191726,0.22849189210683107,1.1544158314354718,0.002461634980818417,0.22666303114965558,2.525579994544387,0.007945301998006471,0.0647854360868223,3.784138851799071,3.846484506642156e-05,26.55816677212715,78.95874071121216,0.0009460738482411912,4.062310103327036,0.08174823137233034,-0.06917884317226708,0.3240428790450096,1.0,,,,,,,,,,,
0,15597568,0.2190070531796664,1.185559868812561,0.0024616237665213703,0.20888839464168996,2.196227116510272,0.0070532163090319955,5.638146864406224e-05,0.0410423496432486,-0.038998154715955025,-0.37833099253475666,0.5943284863606095,-1.278487198986113,0.43619171995669603,0.21901737980078906,1.185559868812561,0.0024616237665213703,0.20897414698265493,2.197669617831707,0.0070532163090319955,0.07087665586732328,2.9482682812958956,4.7604804482404006e-05,23.231042683124542,74.12886357307434,0.001064171555519522,3.9953015223145485,0.09685388393700123,-0.06910689198412001,0.3456055868882686,1.0,,,,,,,,,,,
0,15728640,0.23644451645668596,1.1586623908951879,0.002666749100171728,0.2217575527029112,2.513006309978664,0.008298940415443212,3.7189361041356506e-05,0.03753009920910699,-0.043793762641143985,-0.3705836059525609,0.6907831775024533,-1.3331130342558026,0.4289474580436945,0.2364546681055799,1.1609713966026902,0.002666749100171728,0.2220692632254213,2.5214047515764832,0.008298940415443212,0.06360742647666484,3.1761023327708244,4.058474649148991e-05,23.033562317490578,78.8560420870781,0.0008548466760771589,4.085094062611461,0.10513106104917824,-0.06878591165877879,0.3231249158270657,1.0,,,,,,,,,,,
0,15859712,0.19992457141478856,0.9110547269632419,0.021745628979867128,0.18657433789223432,2.0863403427104155,0.008270210498243008,0.0004703775489383588,0.09719260612638511,-0.10662996400380508,-0.6459793105262845,-0.042100962903110335,-1.1522138075548476,0.14356372609734536,0.22117797750979662,1.108100083656609,0.002391043290685957,0.20364491792861372,2.206717386841774,0.0072630293061592965,0.06558945871074684,2.7144551165401936,4.4248478195174634e-05,23.594621017575264,76.77426534891129,0.0006819211808091197,4.01424309797585,0.08213430450996384,-0.06883143610320985,0.3145003484096378,1.0,,,,,,,,,,,
0,15990784,0.22999755339697003,0.9722713748924434,0.0018189116063922484,0.19831018411787227,2.3183916825801134,0.007511288690693618,0.00013365595950176612,0.12255222542444244,-0.1337724291952327,-0.6231306819245219,0.007778773642897363,-1.1933513479307294,0.16430355329066515,0.20282319486590036,0.9169551267636469,0.019824981522182806,0.1877057785224394,2.1087067369147237,0.008197061408358729,0.1608943664896616,6.438992154310424,4.560193685583274e-05,36.92887598138263,66.2506178020926,4.260598325138093,4.118023236831987,0.08217358690321323,-0.045401499932070814,0.27484704935586596,1.0,,,,,,,,,,,
0,16121856,0.18151206336915493,1.0745318280532956,0.002137473214588681,0.19716413295827806,2.064699999988079,0.007520283211306378,0.00021889527262619612,0.05254715872433735,-0.03998461881201365,-0.5681673465296626,0.8184756870614365,-1.3119694869965315,0.24326107557862997,0.18152744544204324,1.0777380261570215,0.002137473214588681,0.1973013007082045,2.072711044922471,0.007520283211306378,0.0792443486279808,3.2947491104714572,3.87894452038573e-05,33.05026425421238,77.25637412071228,0.003911904582263759,4.06219119951129,0.09316475852392614,-0.06151275243610144,0.3327979992609471,1.0,,,,,,,,,,,
0,16252928,0.2235041398089379,1.124440147075802,0.0024246531656899606,0.22213510517030954,2.328565496020019,0.007701655288883558,7.367419532222641e-05,0.043452384357806295,-0.034970957538462244,-0.426002946915105,0.5971047817729414,-1.3170837573707104,0.3533342320006341,0.22350261511746794,1.124440147075802,0.0024246531656899606,0.2222410263493657,2.328565496020019,0.007701655288883558,0.06455434949020855,2.9410127107985318,4.495060399467565e-05,25.344708904623985,76.71693789958954,0.0015758991676690925,4.202558118849993,0.08790688827866688,-0.06607206957414746,0.3132477286271751,1.0,,,,,,,,,,,
0,16384000,0.20995165104977787,1.0480211833491921,0.002330102013729629,0.20799877413082868,2.1647490854375064,0.00732550168504531,1.8347252488837285e-05,0.030791978919296525,-0.04458881796745118,-0.39468187652528286,0.5659863497130573,-1.3039313228800893,0.36276798276230693,0.20995815517380834,1.0480211833491921,0.002330102013729629,0.20812405517790467,2.16848475812003,0.00732550168504531,0.0592834209674038,2.9068428417667747,3.6962406291696226e-05,23.929920256137848,76.06245332956314,0.0007359881093674803,4.073533860966563,0.0716795205080416,-0.06924215634353459,0.3167374760378152,1.0,,,,,,,,,,,
0,16515072,0.22381547815166414,1.0597187508828938,0.002293148165108505,0.20853032602462918,2.3399491123855114,0.0072906927025542245,-1.034702994573422e-05,0.029084659123327583,-0.04976351951336255,-0.35480493411887437,0.5925282593816519,-1.3622199390083551,0.3462528451345861,0.22382329206448048,1.0597187508828938,0.002293148165108505,0.20895092468708754,2.341019102372229,0.0072906927025542245,0.05516772883129306,3.3177140913903713,3.587191798137823e-05,22.132167175412178,80.04355388879776,0.0003444210332005926,4.128626210615039,0.05553876282647252,-0.06934657623060048,0.30037432187236845,1.0,,,,,,,,,,,
0,16646144,0.2613103067269549,1.0699493610300124,0.0025778769595490303,0.21017636626493186,2.423731123097241,0.006948785172880889,-3.181495634407838e-05,0.03039573418936925,-0.05125082584709162,-0.2530364255653694,0.5938540673814714,-1.3194938339293003,0.4633117669727653,0.2613131075631827,1.0699493610300124,0.0025778769595490303,0.2103353487327695,2.423731123097241,0.006948785172880889,0.06396019572275691,3.117210955824703,3.310512744247873e-05,17.028470814228058,76.9547535777092,0.00029091299516625924,3.974563755095005,0.052533495327224955,-0.06960192020051181,0.3072647226508707,1.0,,,,,,,,,,,
0,16777216,0.24512904521543533,1.0854399167001247,0.002348367074091584,0.21376828965730965,2.347962916828692,0.007336741640756372,5.399811627881945e-05,0.0338093197424314,-0.031634710569051094,-0.31327426084317267,0.7405075477436185,-1.3328731143847108,0.5178499610628933,0.24513216072227806,1.0854399167001247,0.002348367074091584,0.2140447172569111,2.350074709393084,0.007336741640756372,0.0586910177662503,2.398055784404278,3.719569312909954e-05,20.193308420479298,78.40585029125214,0.00036763873849210427,3.929071554914117,0.057187338097719476,-0.06958840973675251,0.28251058980822563,1.0,,,,,,,,,,,
0,16908288,0.25478154575452205,0.9712275674194097,0.019032479886130507,0.20421016269363462,2.191034621347984,0.0073824623941861015,1.225918122618926e-05,0.029732915067288555,-0.03610776600849931,-0.29759096412890357,0.48415866246956285,-0.9353408744795888,0.29827430933713917,0.20891007932368666,1.0709101068787277,0.00204792710997026,0.20632599596865475,2.183175679296255,0.007120116279111244,0.05934807253652252,2.8374364841729403,3.738221945148723e-05,25.703251287341118,79.78389900922775,0.0005982388425067597,4.031365046277642,0.06359022672404535,-0.06937168794684112,0.28903388464823365,1.0,,,,,,,,,,,
0,17039360,0.26165707304608077,1.0227409731596708,0.002555944746291061,0.20645715459249914,2.365213969256729,0.007532044056461018,-5.259808364144192e-05,0.025389687660208438,-0.04261795416823588,-0.29195822787005454,0.5180720631033182,-0.9739344315603375,0.35435820603743196,0.25544456882312533,0.9761927149606398,0.017444380113615862,0.2044266677960888,2.207822992230754,0.007396879903802961,0.07592193923009762,2.360383197777422,3.975289042641599e-05,18.744597555111522,53.80424411173529,0.0026040505971782917,3.981301831552781,0.04135747832784896,-0.0660915078303541,0.31183313778096655,1.0,,,,,,,,,,,
0,17170432,0.210904955631122,1.0610233517363667,0.002303623816032996,0.2174800670472905,2.2237151442095637,0.0072068977906383225,-0.00010892943579055014,0.028241465326573234,-0.13413233106257394,-0.3938925184775144,0.5650587156414986,-1.3075107685290277,0.39494888111948967,0.2109104220289737,1.0610233517363667,0.002303623816032996,0.21762113692238927,2.225703865289688,0.0072068977906383225,0.06465474760625511,7.695642126724124,3.697324906282162e-05,24.124130979180336,76.39042204618454,0.0006011302865687185,3.9525788109749556,0.057108109176624566,-0.06959242024458945,0.2831736193038523,1.0,,,,,,,,,,,
0,17301504,0.1994223336223513,1.0832570493221283,0.0020906024601572426,0.21836143778637052,2.4275212921202183,0.0075449808355188,4.946119666726645e-05,0.03229832793294918,-0.042799086921149865,-0.4728914247825742,0.5811910056509078,-1.3290271842852235,0.3046214373316616,0.19943505490664393,1.0832570493221283,0.0020906024601572426,0.2186067346483469,2.4287204146385193,0.0075449808355188,0.05973321685451083,2.912445992231369,3.945678336131353e-05,28.253314197063446,78.03186559677124,0.0011291045443471148,4.107443813234568,0.07593159363023005,-0.06916963146068156,0.3056998699903488,1.0,,,,,,,,,,,
0,17432576,0.21217410324607044,1.035652756690979,0.002225239796871392,0.2140039959922433,2.360815749503672,0.007250938463585044,2.978875741987963e-05,0.03510604591429001,-0.03198472541407682,-0.34486059774644673,0.5984796821139753,-1.31126609724015,0.35297698550857604,0.212180656963028,1.035652756690979,0.002225239796871392,0.21415897528640926,2.360815749503672,0.007250938463585044,0.05900152534013614,2.3629245460033417,3.362498795889124e-05,21.7533448189497,76.36540859937668,0.0004254309691127389,4.089815458282828,0.05548614382860251,-0.06952006393112242,0.29836768633686006,1.0,,,,,,,,,,,
0,17563648,0.24340824992395937,1.0849599912762642,0.0025016040578975662,0.21070096548646688,2.4718349389731884,0.007341502104281972,1.8033156834462716e-07,0.030579679194488563,-0.03556614990520757,-0.22715348261408508,0.6658178344368935,-1.2693393174558878,0.44967806059867144,0.24340885784476995,1.0849599912762642,0.0025016040578975662,0.21077992825303227,2.4718349389731884,0.007341502104281972,0.06011130387196317,2.415292731951922,3.8022178348029456e-05,16.230250999331474,73.78091090917587,0.0003445673610553701,4.016109382733703,0.04038049469818361,-0.07021747203543782,0.28174325777217746,1.0,,,,,,,,,,,
0,17694720,0.2275256480788812,1.140956743620336,0.0022980361736699706,0.22945280862040818,2.5449923258274794,0.00770778511196113,-1.0113059489835763e-05,0.03195953095564619,-0.04778784514928702,-0.39593348652124405,0.7007238385267556,-1.3353531304746866,0.4405154366977513,0.22752775077242404,1.140956743620336,0.0022980361736699706,0.22970923280809075,2.5461682667955756,0.00770778511196113,0.061150837515015155,2.998706651851535,3.0427220014034306e-05,24.457458809018135,78.28030323982239,0.0008469732999349944,3.989472661167383,0.06863266488653608,-0.06916498485952616,0.28387414407916367,1.0,,,,,,,,,,,
0,17825792,0.19404347077943385,1.1411835779435933,0.0021760479144177225,0.2087711023632437,2.2321918606758118,0.007602710394621681,4.940427151467475e-05,0.035687919982592575,-0.048629911689204164,-0.45219790865667164,0.6915873107500374,-1.3135991925373673,0.40319018182344735,0.19405245676171035,1.1411835779435933,0.0021760479144177225,0.20893093384802341,2.2321918606758118,0.007602710394621681,0.07342696006526239,3.18029997125268,3.7120170728321966e-05,28.48543857038021,76.76385498046875,0.001749998723198587,4.032811960205436,0.09273014165228233,-0.06922374479472637,0.3124513062648475,1.0,,,,,,,,,,,
0,17956864,0.23373566100373866,0.8888963330537081,0.020402135726314254,0.18138044256096086,2.214427891969681,0.006935013956438828,-0.00010123360783078775,0.04717491503353813,-0.08969875755671335,-0.303689833708501,0.46881141103590684,-1.1874349954197048,0.2147355585296949,0.21742255834396929,1.1841301275417209,0.002136258805194302,0.20773401588667184,2.5192944779992104,0.007538924774962652,0.059434928494738415,2.080607418436557,4.4412379969438476e-05,23.772189393639565,78.05769866704941,0.0008550110784071308,4.132211070507765,0.09534304734552279,-0.06916553201153874,0.3514720525126904,1.0,,,,,,,,,,,
0,18087936,0.2350066596409306,0.9224005583673716,0.002042434562554263,0.180073321913369,2.38616896327585,0.006650649196217273,-0.00014391554975645704,0.04574751698237378,-0.06400268108700402,-0.3031906265532598,0.4979134139139205,-1.28488137293607,0.2790790740400553,0.2338602697779705,0.892125655975507,0.018632525975590397,0.1812670808453786,2.230981248240155,0.006907605304851208,0.054246505379469234,5.281902697677892,3.4535495275865364e-05,20.58468914000985,68.88150316583419,0.00015635879109875237,4.077594090118466,0.04496117389512126,-0.06593285348401012,0.23678279349423317,1.0,,,,,,,,,,,
0,18219008,0.22523490979801863,1.0212965914979577,0.002004288167881896,0.2168760244967416,2.4635905139148235,0.006222252297902742,6.648040318424364e-05,0.03338132473436417,-0.029084203491947846,-0.3386157751083374,0.5919146589003503,-1.3311235420405865,0.36131957615725696,0.22524230321869254,1.0212965914979577,0.002004288167881896,0.217197019723244,2.4723637895658612,0.006222252297902742,0.053990078129572794,2.251763129606843,3.7125343846519665e-05,22.001718446612358,78.36065858602524,0.0003322454222782767,4.042313681915402,0.05077951593557373,-0.06966009363532066,0.27165458409581333,1.0,,,,,,,,,,,
0,18350080,0.21761203953064978,1.0921389902941883,0.0020179264658963803,0.2117358223767951,2.278734130784869,0.00644777854813583,6.103106521293533e-05,0.03207967170601478,-0.029472020112734754,-0.37545059714466333,0.5870493012480438,-1.337265208363533,0.3651406979188323,0.21762531017884612,1.0921389902941883,0.0020179264658963803,0.21207340573891997,2.281034115701914,0.00644777854813583,0.054823646059958264,2.2172034168615937,3.613082323676575e-05,23.16091838479042,78.90188348293304,0.0004948413529746176,4.070746770128608,0.05552260568947531,-0.06953024049289525,0.2702368344180286,1.0,,,,,,,,,,,
0,18481152,0.21306052652653307,1.2450715526938438,0.0023204616841212555,0.20970218919683248,2.256160262040794,0.007742982940726506,0.00011619665602324858,0.04666756125516258,-0.04309176956303418,-0.39959756867028773,0.6888040001504123,-1.2754170102998614,0.3653151895850897,0.21306383330374956,1.2450715526938438,0.0023204616841212555,0.2097833778243512,2.256160262040794,0.007742982940726506,0.08116829177015461,3.1081000519916415,4.303717577114341e-05,25.353212982416153,74.09981393814087,0.002277105995239559,4.0282740034163,0.09810992926941253,-0.069055519066751,0.3379586973460391,1.0,,,,,,,,,,,
0,18612224,0.23118691227864474,1.1474958322942257,0.002770759670966072,0.2272062641568482,2.4641602523624897,0.008388149414713553,0.00011936685807434344,0.04484164377208799,-0.040259845489345025,-0.3543263981118798,0.6517271185293794,-1.2523205550387502,0.42722515715286136,0.23119088786188513,1.1474958322942257,0.002770759670966072,0.22726371220778674,2.4641602523624897,0.008388149414713553,0.07271462032804266,3.1113676661625504,4.595739185120351e-05,22.14060117304325,72.81371456384659,0.0012806967329588304,4.092454785481095,0.09411239356268197,-0.06940595177002251,0.3112237381283194,1.0,,,,,,,,,,,
0,18743296,0.24054632580373436,1.1023340900428593,0.002500772026451159,0.20519233564846218,2.2889750506728888,0.007559656787634594,0.00010476561810435214,0.023952338298840914,-0.024394032661803067,-0.32294919714331627,0.6289303954690695,-1.2392274532467127,0.4843071580398828,0.24054500390775502,1.1023340900428593,0.002500772026451159,0.2052151634125039,2.2889750506728888,0.007559656787634594,0.059678257966879755,1.6644793008454144,4.1218965523115436e-05,20.85530488193035,71.55262568593025,0.0004741412212654339,3.9960177652537823,0.06688175842282362,-0.06941169500350952,0.32757931901142,1.0,,,,,,,,,,,
0,18874368,0.22694544191472232,1.1949018621817231,0.0024800079950182408,0.21378414356149733,2.388284164480865,0.007969736070663203,0.00011822170668551735,0.028975967994483653,-0.02599117415957153,-0.37433427735231817,0.586630626115948,-1.2405988806858659,0.46431603911332786,0.22694746125489473,1.1949018621817231,0.0024800079950182408,0.21380007988773286,2.388284164480865,0.007969736070663203,0.06140304196742363,1.9867515275254846,4.351759368936836e-05,23.140856221318245,71.33551561832428,0.001122831882526043,3.9921893645077944,0.08709557598922402,-0.0691786534152925,0.33138500270433724,1.0,,,,,,,,,,,
0,19005440,0.2297673511505127,1.0909662102907896,0.018442455145511003,0.21491080834530293,2.3689759360750515,0.009447426932820236,9.768615486886272e-05,0.023079555598524166,-0.017940527948230738,-0.3544282507953782,0.27813683129363803,-0.874163366695963,0.2998732609053453,0.23285401612520218,1.1473026680760086,0.0029257824799060472,0.2153924147132784,2.471184122376144,0.008298857180534469,0.06086878350470215,1.718846176750958,3.874140268278481e-05,20.2678305208683,71.43531927466393,0.0007581996338359431,3.990263920277357,0.07815942179877311,-0.06929674418643117,0.3187319291755557,1.0,,,,,,,,,,,
0,19136512,0.24114603083580732,1.1167833535000682,0.0027646443163575896,0.21887014410458505,2.5364076532423496,0.008338962326888577,7.726723420375947e-05,0.018178059468482388,-0.015708453822298907,-0.3533952988218516,0.33761886903084815,-0.9048681077547371,0.30461110128089786,0.23091270498011307,1.1079373694731887,0.016931340848725128,0.21541540773798634,2.4324322897626693,0.009340586970802726,0.047937438950217494,3.9913894581799227,3.862266533164206e-05,20.64788204054797,51.50185919869467,0.30721852248418263,4.166387630334819,0.13787082688316563,-0.06103005610316633,0.35861906366624746,1.0,,,,,,,,,,,
0,19267584,0.23467791581060737,1.119789264164865,0.0030167010086188384,0.21624730224721134,2.343055734410882,0.007610247758748301,-1.0439392017502769e-06,0.034103549653082155,-0.05385316874162527,-0.2677698959596455,0.5980443155858666,-1.2558228773996234,0.42281823023222387,0.23468937899451703,1.1225811932235956,0.0030167010086188384,0.21632292261347175,2.3526310082525015,0.007610247758748301,0.0673052805068437,3.287124047987163,3.3188593883792805e-05,17.36596144735813,72.62612318992615,0.0005008030577688949,4.022792913019657,0.08780189702520147,-0.06946853990666568,0.32074120710603893,1.0,,,,,,,,,,,
0,19398656,0.2713862946256995,1.2032754477113485,0.0032520790352918993,0.22779416770208627,2.407807622104883,0.008164246211890713,-1.414482582617893e-06,0.06940602415124886,-0.0586976377380779,-0.16830381657928228,0.7431394071318209,-1.264106790535152,0.4718640751671046,0.2713941072579473,1.2073103529401124,0.0032520790352918993,0.22783245018217713,2.4200845332816243,0.008164246211890713,0.09346510114846751,4.917298565618694,3.8197714177790054e-05,15.731058672070503,72.69222137331963,0.0006198287387064738,4.030776079744101,0.07682531003956683,-0.0694489770103246,0.3334553330205381,1.0,,,,,,,,,,,
0,19529728,0.25260840135160834,1.1627328493632376,0.0025253291705666925,0.21634595119394362,2.4104415252804756,0.007266806323059427,6.136240626597456e-05,0.044716400814650115,-0.0572879702449427,-0.27179275057278574,0.6754261911846697,-1.3101882645860314,0.49837190052494407,0.25261527521070093,1.1627328493632376,0.0025253291705666925,0.21651915356051177,2.4104415252804756,0.007266806323059427,0.06467029664781876,3.9218884175643325,3.770773793843052e-05,18.266118332743645,76.48678159713745,0.00034458178521923344,3.9463465698063374,0.06695110132568516,-0.06938598142005503,0.30605484545230865,1.0,,,,,,,,,,,
0,19660800,0.2067266438389197,1.0259735798463225,0.002087367976173482,0.20085372950416058,2.2604309525340796,0.006464311933086719,8.538840584115803e-05,0.08133763223304413,-0.03721136715466855,-0.37124693067744374,0.575709174387157,-1.314300679601729,0.37865690025500953,0.20673683029599488,1.0259735798463225,0.002087367976173482,0.2010385988978669,2.2604309525340796,0.006464311933086719,0.058166524686384946,4.803279297426343,3.507135408170603e-05,22.90286584198475,77.05905818939209,0.0003458792700117286,4.0007040947675705,0.05327373728505336,-0.06955495779402554,0.27561530470848083,1.0,,,,,,,,,,,
0,19791872,0.21140439109876752,1.0723527548834682,0.0020946762481344194,0.20132771239150316,2.1993141705170274,0.006928005966983619,4.862083339718382e-06,0.021301045817381237,-0.02525699231046019,-0.37908868910744786,0.5374857969582081,-1.3069530483335257,0.38521341513842344,0.21141878108028322,1.0723527548834682,0.0020946762481344194,0.20153706625569612,2.2034390829503536,0.006928005966983619,0.05776661683921702,2.978905552998185,3.825034016502471e-05,23.181859239935875,76.68598639965057,0.000569753070600143,4.090228574350476,0.06663885453599505,-0.06953205820173025,0.2999996280996129,1.0,,,,,,,,,,,
0,19922944,0.2478542091557756,1.1680659619159997,0.0030149805029395793,0.21402464294806123,2.1045627957209945,0.007986445169990475,7.854090205228204e-05,0.04204342781304149,-0.040487557140295394,-0.23378115717787296,0.5881992313079536,-1.2414977177977562,0.4693024354055524,0.24786660866811872,1.1712894556112587,0.0030149805029395793,0.21409230667632073,2.1045627957209945,0.007986445169990475,0.08096688604564406,3.0702188005670905,4.4759467970223454e-05,16.96511670947075,72.1166410446167,0.0011942795696455732,3.9872604832053185,0.10871338046854362,-0.06931645865552127,0.35231659607961774,1.0,,,,,,,,,,,
0,20054016,0.20512967562923828,1.093145906701684,0.02028739205511859,0.176903768821309,2.1672928193956613,0.007821897961111973,0.0003248931484858985,0.058185212542739465,-0.016222437358471023,-0.3673744579942286,1.2169564897525076,-0.9589000980972682,0.2256394675374031,0.23218182986602187,1.1948223165236413,0.002993114635501115,0.22064623341429979,2.523310844786465,0.007954179690386809,0.06709907890763134,3.9366727331653237,4.451496417567924e-05,17.180677987635136,72.49163520336151,0.0007954340581441954,4.086672127246857,0.1131285895826295,-0.06940473360009491,0.33596793143078685,1.0,,,,,,,,,,,
0,20185088,0.2235261417226866,1.1090738670900464,0.0022238374672269856,0.18470702168997377,2.279049364849925,0.007160921531067288,0.00021015976477656295,0.05053515393228736,-0.012101287094992585,-0.3618521032622084,1.3070306545123458,-0.9909610860049725,0.23486028122715652,0.20695077791159233,1.0989278866628927,0.01854632655267121,0.17775561753099403,2.1818127395832034,0.0077581893895414,0.05695353248381022,5.148477052430993,4.076290113581999e-05,21.89331799909102,72.63058585499648,0.28422755099230274,4.1905404823013095,0.15195884927824552,-0.05164801385478083,0.354850713859301,1.0,,,,,,,,,,,
0,20316160,0.2274844532366842,1.0851666517555714,0.0032804989632495563,0.20411994052119553,2.330534027889371,0.008525838940840913,0.00014645700196780354,0.03343372621748131,-0.02318542110879207,-0.26540905016008765,0.5915828188881278,-1.0866577294655144,0.419177619041875,0.227486606920138,1.0851666517555714,0.0032804989632495563,0.20413461478892714,2.330534027889371,0.008525838940840913,0.059764386038295925,2.1249553742818534,5.1950751950968765e-05,16.768335320055485,64.37109807133675,0.0005776772601251423,4.0809621419757605,0.10855651693418622,-0.06683304789476097,0.31851323531009257,1.0,,,,,,,,,,,
0,20447232,0.25429654959589243,1.1670565055683255,0.0030260456896940013,0.21556749963201582,2.3691303385421634,0.007883044793743466,1.9641622785115942e-05,0.03474272453604499,-0.05172504985239357,-0.22187968343496323,0.753095593303442,-1.2871795929968357,0.44123684661462903,0.25429309194441885,1.1670565055683255,0.0030260456896940013,0.21568430098704994,2.3691303385421634,0.007883044793743466,0.07623675843933597,3.5066637424752116,4.681373223058838e-05,16.97326384484768,75.0978187918663,0.0008717999945986321,4.136549431830645,0.10543713206425309,-0.06927736918441951,0.33168488647788763,1.0,,,,,,,,,,,
0,20578304,0.2352321605430916,1.1524058165960014,0.0027621896033451776,0.22628855728544295,2.5814760187640786,0.007779302244671271,6.186358513815549e-05,0.028128472091339063,-0.033979953281232156,-0.31421538710128516,0.8455850291065872,-1.3153012730181217,0.4541857575532049,0.23523558245506138,1.1524058165960014,0.0027621896033451776,0.22643708728719503,2.5814760187640786,0.007779302244671271,0.060362116259057075,2.392253595869988,4.503116742782254e-05,20.038115978240967,76.82674616575241,0.0011141400942378255,4.032705128192902,0.09823005757061765,-0.06960488366894424,0.28949610609561205,1.0,,,,,,,,,,,
0,20709376,0.21449540846515447,1.1027746396139264,0.002324062362731638,0.22234432434197515,2.4816924538463354,0.00730381257199042,4.865086631200555e-05,0.022803865918831434,-0.027451495723653352,-0.4227780429646373,0.7609364641830325,-1.3617263995110989,0.3958983067423105,0.2144973111571744,1.1027746396139264,0.002324062362731638,0.22282447991892695,2.4816924538463354,0.00730381257199042,0.05078695414704271,1.9991599272470921,4.0289800793180675e-05,24.854035258293152,80.53827565908432,0.0009764111923686869,4.135747553780675,0.07751194480806589,-0.06927940133027732,0.29158108471892774,1.0,,,,,,,,,,,
0,20840448,0.2094910218147561,1.045365215279162,0.0021770003081655886,0.20004065381363034,2.223548064008355,0.006436506341742643,6.140386718023194e-05,0.026904737802396994,-0.03654987323534442,-0.39939436479471624,0.5274226313922554,-1.32267074752599,0.37680029263719916,0.20949849882163107,1.045365215279162,0.0021770003081655886,0.20020412746816874,2.223846660926938,0.006436506341742643,0.0558964982337784,2.3784732767380774,3.488158568915045e-05,23.890546187758446,77.02954041957855,0.0003779584262737501,4.076534442603588,0.061268913676030934,-0.06933084735646844,0.30135247646830976,1.0,,,,,,,,,,,
0,20971520,0.2505898316157982,1.1629743236117065,0.002707294365791313,0.24486631515901536,2.242846740409732,0.0072273328396477154,3.298562783626835e-05,0.042631062962755095,-0.04945639088691678,-0.15619892039103433,0.7896200595423579,-1.2387557439506054,0.49152565049007535,0.2505932373460382,1.1629743236117065,0.002707294365791313,0.2449135259957984,2.243321225978434,0.0072273328396477154,0.07780094121699221,3.4232657635584474,3.597498801344301e-05,16.270335897803307,71.45105454325676,0.0006276819950237211,3.9648859929293394,0.07048178504919633,-0.06973093841224909,0.33492478053085506,1.0,,,,,,,,,,,
0,21102592,0.21658522698407373,0.9725602248311043,0.018630851214693392,0.21261268249402443,2.3408564214656753,0.007808431211257509,0.0004986173528125922,0.06165939122467534,-0.02142725634024828,-0.5504479041441421,0.19676790982128267,-1.2241589594446123,0.2254548860838016,0.28563088551163673,1.273002122528851,0.0032087647637126793,0.23462252516765147,2.4361228942871094,0.007864564842748223,0.07593765266938135,3.702186624519527,3.8798523842142885e-05,13.973097890615463,70.46056672930717,0.0005327209245327147,3.9044313225895166,0.0841151078348048,-0.069289161125198,0.33419394632801414,1.0,,,,,,,,,,,
0,21233664,0.2343848265009001,1.0337812616489828,0.0019422687248606962,0.2219888416584581,2.498556911945343,0.007091882790518866,0.00045399482064567565,0.06718770004226826,-0.017870169762318255,-0.5403924824204296,0.2061346453265287,-1.293282556347549,0.2580287547316402,0.21830220842532005,0.9784610476569239,0.01702231314338422,0.2135519240590104,2.3560564687408236,0.007739366303234507,0.07518752554574622,3.600652916309233,4.028076467924593e-05,31.640706422793432,70.93702366199142,0.3826890581119511,4.092631274138588,0.09149048972993837,-0.06356920456760619,0.2564932382048433,1.0,,,,,,,,,,,
0,21364736,0.19319337932392955,1.0380475902929902,0.001978552851369386,0.20583089638967067,2.1436686208471656,0.007538632738942397,0.00015491018997570993,0.050180212820123415,-0.04209038896806305,-0.48330317344516516,0.3511486961506307,-1.315525520592928,0.30161676020361483,0.19320739072281867,1.0380475902929902,0.001978552851369386,0.20598236320074648,2.14384132809937,0.007538632738942397,0.06311602788628079,3.391346851363778,3.6444220491649304e-05,28.043348282575607,76.68013769388199,0.0007675309167285427,4.031525287777185,0.07206177356420085,-0.06937274057418108,0.27269424754194915,1.0,,,,,,,,,,,
0,21495808,0.21668632538057864,1.1668761991895735,0.002411901317373122,0.217413927661255,2.4440277414396405,0.007858305265472154,5.160833370432272e-05,0.03352859216829529,-0.03618534912675386,-0.4073840547353029,0.5378285667393357,-1.313900487497449,0.30945398728363216,0.21668766078073531,1.1668761991895735,0.002411901317373122,0.21751486626453698,2.4449068577960134,0.007858305265472154,0.05849976491299458,2.629556101746857,3.997949690448532e-05,23.991565093398094,76.43582761287689,0.0015155274834626198,4.127551075071096,0.08272442681482062,-0.06914610229432583,0.3265321864746511,1.0,,,,,,,,,,,
0,21626880,0.21253784408327192,1.0552030033431947,0.0023067691872711293,0.20519576349761337,2.2320759845897555,0.008145328619320935,4.775816667457189e-05,0.02542024097783724,-0.027352741446520668,-0.38826123997569084,0.5964623114559799,-1.2890268648043275,0.37202541111037135,0.21254172292537987,1.0552030033431947,0.0023067691872711293,0.20529336447361857,2.2320759845897555,0.008145328619320935,0.05545171059202403,1.9225059626623988,3.9249401261320926e-05,23.459044575691223,75.20491176843643,0.0005038709151188314,4.057123530656099,0.0835337620228529,-0.06930098310112953,0.3208138814661652,1.0,,,,,,,,,,,
0,21757952,0.2027472184272483,1.094843699131161,0.002376021228542413,0.21371622604783624,2.4118905067443848,0.00819677292565757,9.616638720899573e-05,0.02241963874985231,-0.026646121361409314,-0.5129573291633278,0.3900353490607813,-1.269548162817955,0.3402035047765821,0.20274470548611134,1.094843699131161,0.002376021228542413,0.2137372778961435,2.4118905067443848,0.00819677292565757,0.06213576995651238,1.772191888652742,4.752292028287197e-05,29.797173872590065,73.22942411899567,0.001587009647742832,4.078205656260252,0.08877684210892767,-0.06915956200100482,0.3235363832209259,1.0,,,,,,,,,,,
0,21889024,0.21146925259381533,1.1021706210449338,0.002487500776624074,0.22310644469689578,2.226873858831823,0.008389343634917168,8.080904977880721e-05,0.03466906581161311,-0.04051390053064097,-0.46284822071902454,0.4090589330298826,-1.2228970946744084,0.40381744713522494,0.21147937420755625,1.106879009399563,0.002487500776624074,0.22315401502419263,2.235450497828424,0.008389343634917168,0.0717670512967743,2.737425218336284,5.548866176185996e-05,27.087729781866074,70.64489713311195,0.0008574438162938236,4.08408341743052,0.08239152934402227,-0.0691267962101847,0.31725451769307256,1.0,,,,,,,,,,,
0,22020096,0.21579352172557265,1.088821689132601,0.002581309467132087,0.20560213970020413,2.387721619568765,0.008269302366443299,5.153612551822562e-05,0.026920653726847377,-0.030757970082049724,-0.3698366195894778,0.5177599368616939,-1.1992446929216385,0.39262891956605017,0.2158177923411131,1.0940019157715142,0.002581309467132087,0.20568274008110166,2.3954628175124526,0.008269302366443299,0.06028828729176894,2.079360032454133,3.679274176304759e-05,22.229659155011177,69.6574432849884,0.00037657938487889453,4.015936464071274,0.07150026224553585,-0.06938240211457014,0.3529689353890717,1.0,,,,,,,,,,,
0,22151168,0.2853226392467817,1.234166790470481,0.014802360101214919,0.20277663518985112,2.108020113110542,0.008055605651413014,-0.00034225192788217855,0.15182184059594875,-0.1690170612365667,-0.1767201703248429,0.3776142528221438,-0.9522190918899529,0.3634415332476298,0.21592661703471094,1.0740265222266316,0.0024728052599130024,0.21316909976303577,2.4174202205613256,0.007979439114933484,0.0606074940005783,4.623319989535958,3.478918776822493e-05,23.69261358678341,74.35362169146538,0.00026696716179586133,4.018892884254456,0.06476575825945474,-0.06941260141320527,0.32713098055683076,1.0,,,,,,,,,,,
0,22282240,0.2901658454211429,1.2694684285670519,0.003510099928462296,0.20175798935815692,2.2569653848186135,0.00759681131785328,7.461287611931766e-05,0.1720139081007801,-0.1800155778764747,-0.16731460246955976,0.3918133315164596,-0.9728418122977018,0.44614796433597803,0.2858052479035883,1.2432613185416144,0.013713949482154427,0.20271325436791024,2.139299329145845,0.008011384510828942,0.4232477010325921,11.789127178153539,7.579846995030733e-05,11.993055034424627,54.92215678308451,0.0010825537629497476,4.179433216172528,0.10238250696391947,-0.06087494482207729,0.3698205056948116,1.0,,,,,,,,,,,
1,22151168,0.23201180841152869,0.9852894678960245,0.018636611006651642,0.20590944654618698,2.206246819694837,0.006397660226951605,-1.5822230196818054e-05,0.042999192433878,-0.031144762571784668,-0.3328884777364086,0.3880766540536812,-1.1594011423696065,0.25821818093458815,0.3621177227469161,1.1286451905034482,0.021312144154308044,0.2550152136827819,1.847606894094497,0.008431707380623266,0.12323401863250183,4.2178719465155154,6.828285577142879e-05,12.93414054493769,53.73912789468886,0.0008583185630897106,4.4249533005058765,0.09955436629525138,-0.05058103334158659,0.31646501063369215,1.0,0.07792642131971661,0.21247698547085747,0.0366922219254775,0.6586192536633462,0.3137726141139865,0.017525320581626147,0.3136465618154034,0.594401543494314,0.5499803940183483,9.40058868797496,0.0
1,22282240,0.2422782932408154,1.0512783317826688,0.0022278498163359473,0.2037178500322625,2.311333722434938,0.006751922616331285,-0.00011440104920978911,0.04313304292736575,-0.06176127685466781,-0.3134419358102605,0.41260780254378915,-1.2256138399243355,0.35603430261835456,0.23300639056342554,0.9916498403188335,0.017055043663006756,0.20572463027482113,2.2168971144829888,0.006431805999421936,0.06407480351016745,2.774901206863214,3.816587153942595e-05,20.384399217070943,67.13656543740015,0.00021537306269377984,4.085634521332132,0.053800044382322915,-0.0662788952734456,0.2362371438059462,1.0,0.06470483189998531,0.16455502197685012,0.0364414823005896,0.7869137621720332,0.202312853431374,0.012465641285076805,0.20229480985316436,0.5346636733107538,0.25470004845635,6.111183225255774,0.0
1,22413312,0.2078061557840556,1.1248847250826657,0.0023146733697103627,0.20890274737030268,2.08942302595824,0.007204665376320918,-8.290001287747373e-05,0.043531823765079025,-0.16104388456733432,-0.36634997837245464,0.6274540014564991,-1.3333857487887144,0.3671046958770603,0.20780639827717096,1.1248847250826657,0.0023146733697103627,0.20903993910178542,2.08942302595824,0.007204665376320918,0.08276076515903696,9.570503500290215,4.544264277406285e-05,22.835292398929596,77.54763406515121,0.0014691613225323863,4.051005978137255,0.0854540255968459,-0.06929573602974415,0.31236337835434824,1.0,0.06744172039907426,0.16759545379318297,0.037495519121875986,0.6211245752638206,0.1694840007694438,0.013590602335170843,0.16946274222573265,0.4525455317925662,0.2849410482449457,11.713428694754839,0.0
1,22544384,0.20807852211873978,1.1288119391538203,0.002274061564776275,0.21123559353873134,2.354512329213321,0.007364577355929214,-5.1900519904668485e-05,0.03807276657607872,-0.1305687236454105,-0.4318236717954278,0.6901676813140512,-1.3276349231600761,0.360316916834563,0.2080912705278024,1.1288119391538203,0.002274061564776275,0.21143616340123117,2.3572238571941853,0.007364577355929214,0.06534667912637815,8.058495092205703,3.8035416547010925e-05,25.934728249907494,77.70681875944138,0.0007263223139091224,4.141708439216018,0.08846033771988004,-0.06905637215822935,0.31856121798045933,1.0,0.06926756771281362,0.16800208820495754,0.04034414523630403,0.6493312998209149,0.16878939542220905,0.013739930953306612,0.1686566501739435,0.4359208745881915,0.33267875690944493,29.647455293685198,0.0
1,22675456,0.22377321810927242,1.2068943683989346,0.0023627025173027505,0.23396592144854367,2.2291294196620584,0.00861963810530142,7.790800999440961e-05,0.042558416214887984,-0.04261535316618392,-0.23614580230787396,0.7862511251587421,-1.2053233399055898,0.3356416339520365,0.2237954040756449,1.2190607371740043,0.0023627025173027505,0.2340486558387056,2.2318706205114722,0.00861963810530142,0.07700919031049125,3.7082448480650783,4.1723015431358035e-05,18.577057868242264,70.17163720726967,0.0007378409977540912,4.088449835777283,0.07773340278072283,-0.06934791710227728,0.364905689842999,1.0,0.07006162777543068,0.19378210825379938,0.03706026860163547,0.6146144124213606,0.18729692045599222,0.013981114767375402,0.1871353047899902,0.46896578348241746,0.33230995456688106,16.356764521449804,0.0
1,22806528,0.22997025202494115,1.169488803949207,0.00269139831789289,0.23564922658260912,2.58424174413085,0.008525567504875653,0.0001371833798202715,0.0538046183573897,-0.03428198154142592,-0.3881107857450843,0.7806529025547206,-1.2949592201039195,0.42725207144394517,0.2299716693814844,1.169488803949207,0.00269139831789289,0.23573903716169298,2.58424174413085,0.008525567504875653,0.061911920143757015,3.5597842619754374,4.2761509537525555e-05,24.580099508166313,75.13025242090225,0.0013165430607564588,4.085638850927353,0.09138353017624468,-0.06917306571267545,0.3335375771857798,1.0,0.06982366787269711,0.1949782157316804,0.041029332467587665,0.6130735806655139,0.1872855112887919,0.014594819229387213,0.18725413992069662,0.4766715243458748,0.3231465050484985,8.40829648077488,0.0
1,22937600,0.20984907064121217,1.0889771203510463,0.0024320114969214046,0.20907643251121044,2.34246832318604,0.007445339000696549,4.72558535626888e-05,0.029871533399273176,-0.026579629600746557,-0.46222779084928334,0.617110206047073,-1.2890821481123567,0.3720175209455192,0.20985748968087137,1.0889771203510463,0.0024320114969214046,0.20917886483948678,2.345102441497147,0.007445339000696549,0.05882380952243693,2.0866703800857067,3.5025018477963243e-05,27.22432731091976,74.77966517210007,0.001171721109507473,4.030970172956586,0.08676932635717094,-0.06920182006433606,0.3006621322128922,1.0,0.06773716540192254,0.16655875032301992,0.04022928100312129,0.6235210713930428,0.1705791155109182,0.01401262752187904,0.17053766490425915,0.46139282057993114,0.34803595393896103,10.874687261879444,0.0
1,23068672,0.21309944207314402,1.076395209878683,0.0024944602587311238,0.21574992430396378,2.289176655933261,0.00756982381335547,-1.2772014770234819e-06,0.02328316696366528,-0.042889779710094444,-0.3861514029558748,0.46186679787933826,-1.326337268576026,0.41419744258746505,0.21309510979335755,1.076395209878683,0.0024944602587311238,0.21582943759858608,2.289176655933261,0.00756982381335547,0.06363724180846475,2.586792110465467,3.7581252357199446e-05,23.113120660185814,76.94246315956116,0.0005042338644649647,3.9958521369844675,0.07984626782126725,-0.0694701368920505,0.31934297643601894,1.0,0.06812922531389631,0.17478621285408735,0.03855312880477868,0.6165625334251672,0.17388764128554612,0.01354447678750148,0.17386340536177158,0.4370219651609659,0.3238604497164488,7.627777401357889,0.0
1,23199744,0.2224703334271908,0.9480969028174877,0.01925723806015109,0.19989185555527605,1.9418404500683148,0.00684389325149823,-1.5118930312780776e-05,0.04290635387878865,-0.05229883791476217,-0.2948868257489327,0.2837354214708709,-1.077142779667823,0.2268745250503222,0.23078010673634708,1.0702867796644568,0.002272492381507618,0.20740589778870344,2.444308741018176,0.006533293968459475,0.05750734466710128,2.5650446149520576,3.3514452615554524e-05,16.75403417646885,73.84099823236465,0.0002574637197856333,4.011293737217784,0.045408186299027875,-0.06957412348128855,0.27752333134412766,1.0,0.06882096151821315,0.16548718442209065,0.03547185118077323,0.5914206521119922,0.19742429885081947,0.013037492775765713,0.1974021189380437,0.5243761786259711,0.2952721305191517,7.948248848319054,0.0
1,23330816,0.2384447285439819,1.0176422912627459,0.0022649154998362064,0.20004465547390282,2.189247179310769,0.006931117784915841,-5.049113536870209e-05,0.019152258180838544,-0.07082028771401383,-0.27905356243718415,0.311752607463859,-1.1252277055755258,0.2999135870486498,0.22401125523744217,0.954800072788115,0.017619423837470137,0.1999110150184617,1.9659483372177704,0.006852300435442096,0.05817026626851679,3.4649490997761894,3.258445223927012e-05,17.567333778543173,62.12781119861651,0.000245098067864921,4.107772450310638,0.045510455041313624,-0.06625841555735433,0.23533164931977368,1.0,0.06475335348072092,0.15982674676027284,0.035665445669318535,0.6810256571407958,0.19195094827775766,0.012344596486016884,0.19192746962162566,0.5151516382683472,0.30698817365814046,6.8751652199573,0.0
1,23461888,0.24079325736965984,1.208000601734966,0.002797009405639983,0.22959766222629696,2.312469352968037,0.007471008543689095,3.042207237058392e-05,0.03029892995255068,-0.030114694414805854,-0.14392766229866538,0.7814595424570143,-1.191752909682691,0.40744698070921004,0.2407932651694864,1.208000601734966,0.002797009405639983,0.22960330336354673,2.312469352968037,0.007471008543689095,0.06385647016577423,2.1846917388029397,3.7382388334172845e-05,16.709857754409313,68.4449699819088,0.0007450781057780631,3.9456139858812094,0.06508738288539462,-0.06983486260287464,0.3013801439665258,1.0,0.06906761531718075,0.18925985624082386,0.036226646188879386,0.6126175501849502,0.2023915769532323,0.014146762965538073,0.20236064190976322,0.5329526166897267,0.3530394936678931,12.070211440324783,0.0
1,23592960,0.26622406602837145,1.164711578283459,0.0027800021116490825,0.21525833592750132,2.4993038130924106,0.0071955866796997725,-7.343261657233313e-05,0.032701739692129195,-0.08178111613960937,-0.20365656334615778,0.8623535949736834,-1.242774304933846,0.511937036877498,0.26622047915589064,1.164711578283459,0.0027800021116490825,0.21529939863830805,2.4993038130924106,0.0071955866796997725,0.06412003375589848,5.068749646190554,3.480790667015343e-05,16.162270188331604,71.7284768819809,0.00030484663906138465,4.055024249479175,0.059183123463299125,-0.06940582511015236,0.32382336957380176,1.0,0.07130969339050353,0.1729267816990614,0.035652414022479206,0.5919233325403184,0.2338492259150371,0.01391238462383626,0.23381166660692543,0.5619956278242171,0.34576368890702724,11.164686281234026,0.0
1,23724032,0.19520062010269612,1.0993651687167585,0.002037583605897453,0.21974683762528002,2.533286082558334,0.007275930588093615,3.5567351201137853e-05,0.028006237946101464,-0.04402379928797018,-0.4577416027896106,0.6748784896917641,-1.3039523605257273,0.39168591727502644,0.19519939669407904,1.0993651687167585,0.002037583605897453,0.21979906677734107,2.533286082558334,0.007275930588093615,0.05783890275051817,2.833736304193735,3.7030351352995705e-05,27.07164904475212,75.51795434951782,0.002096305766549733,3.9633243437856436,0.08115270888083614,-0.06938179698772728,0.3138153273612261,1.0,0.06559835595544428,0.17956422991119325,0.04103021454648115,0.6861987437587231,0.15443161688745022,0.01385002957249526,0.15440541110001504,0.4520031977444887,0.31667220080271363,9.37465237826109,0.0
1,23855104,0.20066800259519368,1.0668956092558801,0.0022908098571861046,0.19577487267088145,2.3650427809916437,0.007577289160508371,3.324219736811074e-05,0.030398680770304054,-0.03984983323607594,-0.4509118590503931,0.4836403678636998,-1.3045554803684354,0.3383594290353358,0.2006741202203557,1.0668956092558801,0.0022908098571861046,0.19584158330690116,2.3650427809916437,0.007577289160508371,0.05733874993165955,2.838252758141607,3.4569472071789564e-05,26.742087081074715,75.24336278438568,0.0005804036708640936,4.081848096102476,0.07299062534002587,-0.06933306413702667,0.28391756140626967,1.0,0.0671439259313047,0.15276687615551054,0.03876043201307766,0.569888414349407,0.16777209186693653,0.012970586700248532,0.16774456202983856,0.4746313588693738,0.3015106014208868,8.84384110569954,0.0
1,23986176,0.22297407092992216,1.1030475771985948,0.0024437811289317324,0.21567819197662175,2.472038310021162,0.0071068383517740585,7.378032421456737e-05,0.029928880569059402,-0.02824083381710807,-0.36668529361486435,0.47954473504796624,-1.2802033396437764,0.4198204269632697,0.22297667292878032,1.1030475771985948,0.0024437811289317324,0.2157390316715464,2.472038310021162,0.0071068383517740585,0.05705962487263605,2.0169913452118635,3.697821775389132e-05,22.069173365831375,73.98490059375763,0.0003508872869519841,4.055391477420926,0.06016957084648311,-0.06945110764354467,0.2941347981104627,1.0,0.06760907132411376,0.17513172596227378,0.03811781533295289,0.6318151308223605,0.18462729477323592,0.01349601786932908,0.18460382090415806,0.4823743859305978,0.29729115264490247,7.224342431873083,0.0
1,24117248,0.20098495960701257,1.102345911320299,0.00216184535611319,0.21034929470624775,2.417994956485927,0.007307432154902926,3.7364440674522714e-05,0.0332657483741059,-0.03520841460704105,-0.3579393047839403,0.5025844557676464,-1.2955200169235468,0.423120359191671,0.20098659442737699,1.102345911320299,0.00216184535611319,0.21041970059741288,2.417994956485927,0.007307432154902926,0.0539066145720426,2.6004096060059965,3.6251879122733977e-05,21.754760533571243,75.0638410449028,0.0004162266694507366,3.997018650174141,0.05382261559134349,-0.06951129296794534,0.2832765373168513,1.0,0.06649580650264397,0.17019368126057088,0.0375620232662186,0.5912344288080931,0.16693208541255444,0.013088236526527908,0.1669100655708462,0.4861209816299379,0.2880063222255558,7.74646208435297,0.0
1,24248320,0.19819327533555528,0.9674639460692803,0.018330569127325967,0.18369808490698536,2.121595872193575,0.007075619431949841,0.0005375185579940005,0.057389847626424545,-0.020864570821528712,-0.6086248153362248,0.1480126280712441,-1.08433959233041,0.19064872850974401,0.22647673403844237,1.3531323345378041,0.002945475382148288,0.21141490736044943,2.3006037957966328,0.007948189602757338,0.07611147139687091,3.1769764558412135,4.0021488351360546e-05,16.242193311452866,69.91045048832893,0.0006285075674377083,4.042750712484121,0.11381608407828026,-0.06957219331525266,0.35567167727276683,1.0,0.06925048161065206,0.16825711459387094,0.04024163066060282,0.696559731150046,0.1854911947157234,0.015591133145790081,0.18535288784187287,0.46977506717666984,0.44169501354917884,19.91364498436451,0.0
1,24379392,0.23102926381397992,1.0270077171735466,0.00201708729650818,0.1969116146210581,2.3520470885559916,0.007008899700394977,0.0005283656607844023,0.07958811867865734,-0.020258803677279502,-0.5807753966655582,0.1548274854721967,-1.1362333288416266,0.24948139628395438,0.20135853220484254,0.9732031047299324,0.01675818533640377,0.18497168817501292,2.143808037626097,0.007069188614450578,0.08303463869449032,3.50456953279012,4.3707128002893346e-05,34.80242117087172,62.4147158999989,0.7905129975865163,4.157734869833452,0.10697437059316582,-0.06067926243665707,0.2597539261409856,1.0,0.0660231346152274,0.1377071357270456,0.044039022608755536,0.6055992026140083,0.16100230507260885,0.01450255281938498,0.1608546937981351,0.431049883780799,0.5102451843916472,23.015594797455762,0.0
1,24510464,0.19793052377644926,1.0362195884808898,0.002124246736684654,0.20201003085821867,2.3017804585397243,0.006864408756882767,0.00015281455176008318,0.03828374009754043,-0.031182792270556092,-0.44575838395394385,0.48111357996822335,-1.3038731077685952,0.3421432841569185,0.19793769996613264,1.0362195884808898,0.002124246736684654,0.20211374363861978,2.3017804585397243,0.006864408756882767,0.05996806354960427,2.5576568809337914,3.69901714178944e-05,26.169703409075737,75.56031292676926,0.0004980840478356896,4.046854928135872,0.07007139694178477,-0.06930168787948787,0.2636483402457088,1.0,0.06524078053189442,0.16168016230221838,0.038603187655098736,0.6008330879267305,0.1617290989961475,0.01314905856270343,0.16168264555744827,0.46387676801532507,0.37797584058716893,12.295048397034407,0.0
1,24641536,0.25913778075482696,1.0852106995880604,0.0026666332478271215,0.21966142836026847,2.204942535609007,0.0076446699058578815,3.4732331499753855e-07,0.03370582424395252,-0.03783058332919609,-0.22270796296652406,0.6444742721505463,-1.1399559336714447,0.37000558502040803,0.25914030778221786,1.0852106995880604,0.0026666332478271215,0.21969577460549772,2.204942535609007,0.0076446699058578815,0.07466250652214512,2.615352876484394,4.006689636737448e-05,15.503059193491936,65.80228507518768,0.00043349974061612784,4.086202433332801,0.06764401993132196,-0.06973054236732423,0.3038301939377561,1.0,0.07130363563192077,0.1767433452187106,0.035904674892663024,0.6665328473318368,0.22690326266456395,0.014629901335865725,0.22687868680804968,0.5779066607356071,0.3243058221414685,7.099748494103551,0.0
1,24772608,0.24344993906561285,1.1145841646939516,0.002531986415533538,0.20055914425756782,2.101511930115521,0.007247284249388031,-1.2279703106798934e-05,0.029771427718515042,-0.04352602980361553,-0.22815550141967833,0.621747232042253,-1.257357245311141,0.46498887590132654,0.24344993906561285,1.1145841646939516,0.002531986415533538,0.20055914425756782,2.101511930115521,0.007247284249388031,0.06747899638139643,2.7677347185090184,3.6357111033835654e-05,16.306271590292454,72.04126432538033,0.00043044816428228216,3.9583086855709553,0.07990357355447486,-0.06935422052629292,0.32389390049502254,1.0,0.07142235420178622,0.15582917327992618,0.03691395706846379,0.6208974425680935,0.20766645413823426,0.014235622104024515,0.20763816277030855,0.5024404895957559,0.32439217367209494,7.553247986361384,0.0
1,24903680,0.23113181837834418,1.059727709274739,0.0025566436615918064,0.22096045629587024,2.177328823134303,0.0075953646369271155,2.2826180881452274e-05,0.03227521607914241,-0.028848096037108917,-0.26075333484914154,0.642670288681984,-1.2908100206404924,0.4480423452332616,0.23113219742663205,1.059727709274739,0.0025566436615918064,0.22100394789595157,2.1780012119561434,0.0075953646369271155,0.06341820512898266,2.1525326520204544,3.8199416698248e-05,17.789507016539574,74.43681716918945,0.0003280209045737337,4.009275250136852,0.06735518117784522,-0.06964938412420452,0.32095548836514354,1.0,0.06929876064532436,0.18018988915719092,0.036505160242086276,0.6474258508533239,0.1949687983142212,0.013693285734916572,0.19494356389623135,0.4764395134989172,0.31470828130841255,6.9307908453047276,0.0
1,25034752,0.22803086007479578,1.122565355617553,0.00242207123164917,0.2173180739628151,2.4937518471851945,0.0077442171932489146,6.793981913588709e-05,0.023498110269429162,-0.023187307477201102,-0.3967779928352684,0.5072946504224092,-1.2395125646144152,0.4390114233829081,0.22803846700116992,1.122565355617553,0.00242207123164917,0.21737281943205744,2.4937518471851945,0.0077442171932489146,0.05729877797421068,1.6975228460505605,4.38922636019079e-05,23.828285917639732,71.73071646690369,0.0005568568205840396,3.9973512943834066,0.07656887068878859,-0.06934348377399147,0.3267722958698869,1.0,0.06944963469868526,0.17466178664471954,0.039311912551056594,0.6902684129308909,0.1897209060844034,0.014093499077716842,0.18969457282219082,0.4871074026450515,0.30885990627575666,7.566127683967352,0.0
1,25165824,0.20838169299531728,1.0594034329988062,0.0023414475003846746,0.20705719979014248,2.4007080225273967,0.0074682592735371145,3.7319852307149404e-05,0.023595780920004472,-0.03281510156375589,-0.3737045954912901,0.48246249137446284,-1.2557060327380896,0.42787389550358057,0.2083825666923076,1.0594034329988062,0.0023414475003846746,0.20708160696085542,2.4007080225273967,0.0074682592735371145,0.06267695978749543,2.042723764665425,3.30778633983661e-05,22.44201846420765,72.43618446588516,0.00034156014853170547,3.9299651738256216,0.06138178252149373,-0.06975448969751596,0.2845970921916887,1.0,0.0685673252446577,0.16458523576147854,0.03833266088622622,0.6468683914281428,0.17264523811172694,0.013141468320100103,0.17261827399488539,0.46665073675103486,0.3228369993157685,8.41610063239932,0.0
1,25296896,0.2347814784012735,1.0222895671178898,0.01902004642820733,0.232678277346616,2.411675585259994,0.008464083602763519,-8.874890638802906e-06,0.02441528603929328,-0.031063076504360652,-0.38411187237021904,0.21612740158528748,-0.9025160474884131,0.2711367442707221,0.23174131789710373,1.0969138420186937,0.002284352608057816,0.2153519537532702,2.3199128322303295,0.007275596986801247,0.0667585245682858,3.628146378323436,4.25793708315747e-05,20.28116638958454,72.87661164999008,0.0005146341650146269,3.9782509077340364,0.06414532492635772,-0.06966767529956996,0.2878456194885075,1.0,0.06871955041424371,0.17402916308492422,0.03655101897311397,0.6291538567747921,0.19922082812990993,0.013681461838132236,0.19918697944376618,0.5291421692818403,0.3233879890758544,9.464955158531666,0.0
1,25427968,0.24505746457725763,1.077419492881745,0.002424755845368054,0.23627524578478187,2.613237197510898,0.008380049097468145,-3.280910236469481e-05,0.020867914285190636,-0.027477938660013024,-0.38250453176442534,0.2440432272851467,-0.9539108057506382,0.3483087685890496,0.23577193490016352,1.0276032949023577,0.017420500347933663,0.23302497309969222,2.4311032105371893,0.008455983891409747,0.054640805221117854,2.017800192929333,3.7543741963063264e-05,22.2312950315543,51.99424450298637,0.18328114556929717,4.10162988664156,0.07053814340538503,-0.06461731595806329,0.2564779518127262,1.0,0.06706492784881897,0.19237318730363287,0.04232709694314322,0.6481974986774555,0.18825336886536195,0.015354660689600754,0.18821305675566735,0.49658097048480826,0.3764928275584636,7.6485874462839085,0.0
1,25559040,0.25529918156098574,1.1190453562885523,0.0030089155943642254,0.21864995220676064,2.190295657142997,0.007846521200008283,2.6261503744962056e-05,0.033660716471786145,-0.04340910404425813,-0.19005041010677814,0.6559934836113825,-1.1248928764835,0.41869430406950414,0.2553239215631038,1.1191476136446,0.0030089155943642254,0.21873426879756153,2.2221243381500244,0.007846521200008283,0.08103765785926953,6.956365831196308,4.0445342825101704e-05,16.368345096707344,64.98847815394402,0.000533791099051939,3.9354768320918083,0.07141097757266834,-0.07017890806309879,0.3291658990783617,1.0,0.07311481470242143,0.1748568913899362,0.03787870836094953,0.637532512890175,0.2106501479865983,0.014899034184054472,0.21062340505886823,0.48389337002299726,0.3758787945844233,15.772929344326258,0.0
1,25690112,0.27939144743140787,1.099911391735077,0.0024921181802710635,0.2072055310709402,2.4227393995970488,0.006872366198876989,0.0001401900903283959,0.08936075360543327,-0.026893335925706197,-0.1454217653372325,0.6498027509078383,-1.1562297344207764,0.4975560191087425,0.27940897177904844,1.1018623942509294,0.0024921181802710635,0.20728744135703892,2.442478435114026,0.006872366198876989,0.06439530447823927,6.593277693260461,4.1084825779691414e-05,12.563939057290554,67.10508853197098,0.00019290418981476876,3.9929260928183794,0.05240951196174137,-0.06970969890244305,0.31813623232301325,1.0,0.07222652103519067,0.16337153839413077,0.03399521092069335,0.6353404032997787,0.24926584539934993,0.013461964597809128,0.24896086286753416,0.5843873266130686,0.38937908643856645,52.67293751984835,0.0
1,25821184,0.23752355528995395,1.0638373238034546,0.002403224157319528,0.22109586303122342,2.5960849206894636,0.007257760013999359,2.5803645108624096e-05,0.10269927578337956,-0.0968924559711013,-0.2714463189477101,0.5698025280144066,-1.2473482070490718,0.48629977321252227,0.23752933251671493,1.0638373238034546,0.002403224157319528,0.22114349831826985,2.606782330200076,0.007257760013999359,0.0760249386948999,8.657668508589268,3.0171791533972758e-05,17.27772157639265,72.1142168045044,0.00016975568650678952,3.90120261721313,0.04746287828311324,-0.06978964083828032,0.25962283997796476,1.0,0.06611714928294532,0.18197626271285117,0.035443425382254645,0.6673036203719676,0.20387588057201356,0.013061796911642887,0.20381668233312666,0.5332016989123076,0.3381004312541336,17.884961009025574,0.0
1,25952256,0.21968947781715542,1.1363175292499363,0.002397876928853293,0.22296455095056444,2.176102905534208,0.007877869015828765,2.5784814230433994e-05,0.03795895408256911,-0.04055628709465964,-0.36787171522155404,0.5839165528304875,-1.267290722578764,0.3907649009488523,0.21969150728546083,1.1363175292499363,0.002397876928853293,0.2229790836572647,2.176102905534208,0.007877869015828765,0.07687876472482458,2.88033395819366,4.1179223179810265e-05,22.685728132724762,72.99578532576561,0.0007450797429435774,4.025814389809966,0.07893975917249918,-0.06940176873467863,0.2994856104487553,1.0,0.06719677653745748,0.18276761041488498,0.037709592666942626,0.6067556217312813,0.18242109415587038,0.014039973997569177,0.1823976223822683,0.44726380449719727,0.3056085503194481,8.248144771903753,0.0
1,26083328,0.22837303893174976,1.0844385400414467,0.0023745254411551286,0.2085540760308504,2.4272707728669047,0.007589881739477278,8.871468085480672e-06,0.023698885190242436,-0.03197199876740342,-0.3211468991357833,0.5838114884682,-1.2945657465606928,0.4738281276077032,0.22837250703014433,1.0844385400414467,0.0023745254411551286,0.20864580001216382,2.4272707728669047,0.007589881739477278,0.058319575153291225,2.0402911794371903,3.845171625593835e-05,20.504847705364227,75.05901712179184,0.0002414270455406431,4.032186878845096,0.06250499712768942,-0.06956691690720618,0.27629267517477274,1.0,0.06822961382567883,0.1671779623720795,0.036157606838969514,0.5650134643074125,0.19475300644990057,0.013226944545749575,0.19472252135165036,0.49889013124629855,0.31022236216813326,9.258372070267797,0.0
1,26214400,0.20672510680742562,1.1470043896697462,0.002303208062585327,0.22690096544101834,2.700214176438749,0.007427549505337083,4.302362600583365e-05,0.028825646706536645,-0.033991564698226284,-0.4955353974364698,0.7925908099859953,-1.2719512870535254,0.4276363083627075,0.2067272897111252,1.1470043896697462,0.002303208062585327,0.2269378388300538,2.700214176438749,0.007427549505337083,0.057922709587728605,2.4336127168498933,4.459914650767338e-05,28.96852397918701,73.4355279803276,0.0013948402005610205,4.002789236605167,0.0857130442163907,-0.06942364946007729,0.28550172317773104,1.0,0.06636170778074302,0.18713993369601667,0.04183017599279992,0.6103461503516883,0.162229640991427,0.014175008829624858,0.1622061658417806,0.43322275998070836,0.30744213820435107,7.733960323035717,0.0
1,26345472,0.2356899859569967,0.9953395705918471,0.017557016909510517,0.20387247460583846,2.130961072742939,0.006436825275595765,-5.695394020032533e-05,0.0304970792371023,-0.056951197230761565,-0.33633914381066154,0.3496523099820479,-1.1040313976788214,0.2512543828288714,0.20422040193807334,1.0631368467584252,0.002144892242995411,0.20089449302759022,2.3642895705997944,0.00682413261262127,0.051673396897967905,1.7201046654954553,4.0306721993399464e-05,23.531655848026276,73.01595348119736,0.000357936832594663,4.0195778124034405,0.06119413411943242,-0.06960050156340003,0.2694532126188278,1.0,0.06533332308754325,0.1601935843937099,0.03772012080298737,0.6530640681739897,0.16827089816797525,0.013149142483598553,0.16824621567502618,0.48092694533988833,0.3105373461730778,7.812705218791962,0.0
1,26476544,0.24430585000663996,1.0236893654800951,0.0021103011177956432,0.2002898477949202,2.1730369785800576,0.0064119223552552285,-4.534806383560408e-05,0.026793246033776086,-0.04635199345648289,-0.32379512570332736,0.40090882615186274,-1.1655469937250018,0.32783499360084534,0.23652058429679418,0.9980720809425216,0.01606817683320065,0.20352968835013818,2.135514878903527,0.0064344249941171595,0.05880375855626168,3.4211579940775523,3.650344776403433e-05,20.37763109560691,63.64071001483307,0.00029555861358435164,4.072301320821406,0.0562003537329748,-0.06633632028677378,0.24906096633254404,1.0,0.06293427776292819,0.16397385797407255,0.03573739872642243,0.6544040686462119,0.20516903571930367,0.012602179402033854,0.20515226434175687,0.5765737035278097,0.2787033606612359,5.451465269303824,0.0
1,26607616,0.22132543823681772,1.0260233646258712,0.0019964439400155243,0.19224363332614303,2.451979578472674,0.0067857277836083085,7.411688116576443e-07,0.026677657460822957,-0.026661016469006427,-0.32936905743554235,0.661571606528014,-1.31724501401186,0.37878448236733675,0.22132621984928846,1.0260233646258712,0.0019964439400155243,0.19236981845460832,2.451979578472674,0.0067857277836083085,0.05076280055800453,1.9958685557357967,3.407870255356382e-05,20.810366451740265,76.636863052845,0.00019047593035770305,4.003759540617466,0.04624959526699968,-0.06966067780740559,0.2520614012610167,1.0,0.0637545116187539,0.15207729529356584,0.03375206154305488,0.5673590844962746,0.19693628628738225,0.011918671974854078,0.19691564003005624,0.6076433826237917,0.2621737534645945,7.38680143840611,0.0
1,26738688,0.2184277791529894,1.0463801440782845,0.00216507144341449,0.20866569865029305,2.3785851737484336,0.007100072759385512,4.821281876843386e-05,0.022562504218512913,-0.023761178774293512,-0.3552089794538915,0.6947524347342551,-1.2090740012936294,0.3757517908234149,0.2184267594711855,1.0463801440782845,0.00216507144341449,0.20871121832169592,2.3785851737484336,0.007100072759385512,0.05315004268777557,1.7195462207309902,4.512463815720125e-05,21.766367867588997,70.0575093626976,0.0004055324569549601,4.094629900529981,0.06237892620265484,-0.06934409472160041,0.2801057379692793,1.0,0.06561808023252524,0.1676322097191587,0.0368837708956562,0.6113033592700958,0.1836025099037215,0.013380134842009284,0.18358296866063029,0.5365179353393614,0.28021187882404774,6.680450001731515,0.0
1,26869760,0.23637544026132673,1.120779340621084,0.002402960048584646,0.21030257467646152,2.4468099353834987,0.007766539887597901,-7.184849287966699e-06,0.032910029163758736,-0.0412680558001739,-0.3349586531985551,0.8137458548881114,-1.171520721167326,0.3843024910893291,0.23637724376749247,1.120779340621084,0.002402960048584646,0.2103183512808755,2.4468099353834987,0.007766539887597901,0.0631344594003167,2.683891433291137,4.4953786265899964e-05,20.48424929380417,67.430174857378,0.0004613847587933151,3.9734696820378304,0.060860557889100164,-0.06953599909320474,0.29620759817771614,1.0,0.07030191482044756,0.16645956877619028,0.03844671047409065,0.6236685493495315,0.19943331449758261,0.014151905976177659,0.1994028575718403,0.5279251330066472,0.3185723365750164,8.62420885823667,0.0
1,27000832,0.2682813119608909,1.2107841474935412,0.0033442189780998888,0.21161451353691518,2.1843655770644546,0.00838095882863854,7.278871024141154e-06,0.05320773617859231,-0.06190862428047694,-0.13632387027610093,0.7776860874146223,-0.999595177359879,0.4696234781295061,0.2683417131192982,1.2252774043008685,0.0033442189780998888,0.21177633525803685,2.2498836321756244,0.00838095882863854,0.09290064356173389,7.382509739138186,4.5424528709869794e-05,14.048972398042679,59.34428721666336,0.0008570942836314543,3.9681067019701004,0.1136790536402259,-0.06961390655487776,0.3699602335691452,1.0,0.07420460984576494,0.16579668852500618,0.039007073355605826,0.6473453131038696,0.21960641094483435,0.01607991976197809,0.21956887014675885,0.4983763212803751,0.3872656838502735,13.288224931806326,0.0
1,27131904,0.24663236481137574,1.1260357997380197,0.003049796851883002,0.19962963729631156,2.376063051633537,0.007252185301695135,9.58836998421475e-06,0.03108668513596058,-0.043662916868925095,-0.09759185506845824,0.7690593372099102,-1.037322536110878,0.5063404443208128,0.24666050029918551,1.1284434613771737,0.003049796851883002,0.1996906551066786,2.3781868070364,0.007252185301695135,0.060474441037513316,2.7830015560612082,3.838208679543542e-05,10.954429171979427,61.48988330364227,0.0003735448136836794,3.9709088653326035,0.08902275748550892,-0.0694516587536782,0.35790541348978877,1.0,0.07539782230742276,0.15232763439416885,0.03702253455412574,0.6379042570479214,0.2084407425718382,0.014006739314936567,0.20776997553184628,0.46071991906501353,0.5407416061498225,94.25589070096612,0.0
1,27262976,0.2334855425870046,1.2608531806617975,0.002457009485397066,0.2158656818792224,2.305529355071485,0.007392259621155972,4.979924497661159e-06,0.023909096365969162,-0.03427362511138199,-0.10319649541634135,0.8302816525101662,-1.122772834263742,0.4785245257662609,0.23348635877482593,1.2608531806617975,0.002457009485397066,0.21587464795447886,2.305529355071485,0.007392259621155972,0.06324398386641406,2.1040036948397756,4.10917650393583e-05,16.08325693756342,64.44885590672493,0.000606884618718162,3.972967028617859,0.06571659640758298,-0.06975624850019813,0.31302630342543125,1.0,0.06866460482706316,0.17467618873342872,0.03564400810864754,0.5866231818217784,0.19651489006355405,0.014108865012531169,0.19649122969713062,0.521867000265047,0.3509440366178751,6.612721208482981,0.0
1,27394048,0.25982475363959867,1.0347723875691495,0.01779453584108827,0.21300414888809127,2.3653160614768662,0.007864127060456668,3.2575155723861824e-05,0.03259226765435111,-0.05411250242643291,-0.17891983928028746,0.3374067814416291,-0.7699434379772963,0.32384889682133994,0.25347237405367196,1.162920840550214,0.002703159979546399,0.22963959933258593,2.5870107915252447,0.007668683176234481,0.06282808099058457,2.147108909673989,3.6555209432825864e-05,15.304674297571182,65.91923975944519,0.00035558373648836294,3.977407770231366,0.05642700335010886,-0.06961805233731866,0.30972569226287305,1.0,0.07237086148234084,0.18730301421601325,0.03575510164955631,0.619306689593941,0.21932871569879353,0.014159595957607962,0.21927908656653017,0.5457022851333022,0.3822506843134761,11.752177469432354,0.0
1,27525120,0.25638349866494536,1.0727402418851852,0.0027999658664157323,0.21187539771199226,2.516926688142121,0.0077804349557482055,0.00010435320326962483,0.05611401310306974,-0.04939696716610342,-0.18508266075514257,0.3680453177075833,-0.8202314763329923,0.4164608041755855,0.2594930664131261,1.0384319397923818,0.016349276084493325,0.2128953535940094,2.3799291339265296,0.007856060351569105,0.06886997651897865,3.3896216868888587,3.921490751276304e-05,11.937368605560792,44.39244747837355,0.00022407051603395376,4.030443239463381,0.04566113796616001,-0.06656508504536497,0.2753726108874901,1.0,0.07036345942697701,0.17031845160905856,0.034370718238782696,0.6458166952704988,0.22871930960072093,0.012768047020724324,0.22868614745360002,0.5485711732138712,0.3278884627822652,9.563120988040534,0.0
1,27656192,0.21553650067653507,1.1135746068321168,0.0023465559770556865,0.22316079994197935,2.442598022520542,0.007937038283671427,0.0001252015051136368,0.02984617219044594,-0.025147293777990853,-0.42660708993207663,0.2987946618231945,-1.11094489088282,0.4283093789126724,0.21553788823075593,1.1135746068321168,0.0023465559770556865,0.22317142959218472,2.44286294747144,0.007937038283671427,0.06288720056181774,1.972927360329777,4.737842469326736e-05,24.694231912493706,63.78062045574188,0.0019196560270380303,3.9944065418094397,0.08815809499355964,-0.06930960435420275,0.2911564037203789,1.0,0.06705444850376807,0.18250656337477267,0.040689181245397776,0.6156517507042736,0.16878120292676613,0.014317394881800283,0.16875719494419172,0.4256396528799087,0.31728972727432847,7.280405059456825,0.0
1,27787264,0.24389598751440644,1.1402345914393663,0.0027859917399837286,0.24420829175505787,2.5612989300861955,0.008016136372134497,8.583413475093948e-05,0.03506269566423725,-0.03435522763902554,-0.3270496758632362,0.47889202227815986,-1.2160230288282037,0.43776692636311054,0.24389897368382663,1.1402345914393663,0.0027859917399837286,0.24423776904586703,2.5612989300861955,0.008016136372134497,0.06677779788151383,2.681938555557281,4.943039688876105e-05,19.743640050292015,70.06487256288528,0.0010862955981139066,3.9978230241686106,0.0675203554565087,-0.0701267879921943,0.27922252228017896,1.0,0.07081522548105568,0.203982783597894,0.03849922327208333,0.5689119601156563,0.20372654485981911,0.014441411520238034,0.2036955727962777,0.5110860557761043,0.3509896928444505,8.272599993273616,0.0
1,27918336,0.2403198544634506,1.1254555601626635,0.0022220892637960787,0.20957606204319745,2.5951721584424376,0.0072522822138125775,9.579026527362089e-05,0.05575468213646673,-0.025335793048725463,-0.3018807773478329,0.5473519740626216,-1.186997998971492,0.4296037210151553,0.24032268801238388,1.1254555601626635,0.0022220892637960787,0.20960077305790037,2.5951721584424376,0.0072522822138125775,0.05691056925570592,3.350564209744334,3.38772060060194e-05,18.550484120845795,68.40391662716866,0.00032403335002362255,3.9824621938169003,0.0559469489089679,-0.06963052251376212,0.27142783952876925,1.0,0.06804047082550824,0.1676061392063275,0.03653098377981223,0.796911544399336,0.206512663513422,0.01372185146465199,0.20647778804413974,0.5372087273281068,0.36223489861004055,10.495679084211588,0.0
1,28049408,0.2090862668119371,1.1037362404167652,0.002226061890269193,0.24360004684422165,2.4375276966020465,0.007793335463247786,8.015097332148002e-05,0.03613428450626088,-0.03227337304997491,-0.47853288892656565,0.6051179391797632,-1.2617445150390267,0.43585127289406955,0.20908732851967216,1.1037362404167652,0.002226061890269193,0.24362178391311318,2.4375276966020465,0.007793335463247786,0.06986702061840333,2.5352861513383687,5.016663474222138e-05,28.001648381352425,73.00750988721848,0.0016747869188371567,4.013396322727203,0.08639410792966373,-0.06926121120341122,0.28103276586625725,1.0,0.06493881501955912,0.20680543582420796,0.04027944715926424,0.6187787603121251,0.16521329246461391,0.014094900478085037,0.16519205959048122,0.43242368241772056,0.33262194716371596,10.353030890226364,0.0
1,28180480,0.20121891179587692,1.0833936631679535,0.0020709419047761912,0.19760840409435332,2.180670304223895,0.006727693602442741,4.517333849207716e-06,0.02681034416309558,-0.041264253566623665,-0.45997224980965257,0.5126761714927852,-1.2649892708286643,0.4035785023588687,0.20121904369443655,1.0833936631679535,0.0020709419047761912,0.19764781859703362,2.180670304223895,0.006727693602442741,0.05988441841327585,2.557414006907493,4.514963133739336e-05,27.137281909585,73.02785956859589,0.00046526274732627826,4.050289807841182,0.07207044726237655,-0.06922451360151172,0.2859981225337833,1.0,0.06783695230842568,0.1539707659976557,0.03886626590974629,0.6041624681092799,0.16679112403653562,0.013353829643165227,0.1667564691742882,0.4621610378380865,0.32057731319218874,10.274740412831306,0.0
1,28311552,0.22697305912151933,1.0646935058757663,0.0024332977004632994,0.21027158456854522,2.4274522606283426,0.006919599093635043,8.909583568694757e-07,0.033159644561237656,-0.04102037043776363,-0.26525334152393043,0.5987590549048036,-1.238191146403551,0.4562436626292765,0.22697333875112236,1.0646935058757663,0.0024332977004632994,0.2102966932579875,2.4274522606283426,0.006919599093635043,0.05943539721192792,2.7913984674960375,3.062328096059552e-05,17.59976341575384,71.50436398386955,0.00025253361110699757,3.9971743673086166,0.043923156743403524,-0.06985684810206294,0.28925917111337185,1.0,0.06788146772305481,0.1691977872978896,0.03628115443279967,0.6403600363992155,0.1961576488101855,0.012943925852596294,0.196133752935566,0.5441597001627088,0.3058954020962119,7.877219470217824,0.0
1,28442624,0.24065718706697226,0.9572433802733818,0.016932379136029945,0.18907179604594906,2.2453455124422907,0.0069455061992872895,-2.7565389589578142e-05,0.06810720313810938,-0.051370122360628254,-0.22499577374038532,0.35263503923255485,-0.7386380533572325,0.2318164359778166,0.23280528117902577,1.2150061926804483,0.0025567098637111485,0.230368641205132,2.554295082576573,0.008033699001316563,0.06453570912708528,1.9811227917671204,3.511012150436699e-05,20.455849945545197,66.66930204629898,0.0012113962965045744,3.9672882836312056,0.0845638450991828,-0.06958667980507016,0.3296182407066226,1.0,0.06757667599595152,0.18988255388103426,0.03912685895920731,0.5779986300040036,0.19141624390613288,0.014682644898130093,0.191387296654284,0.5095949159003794,0.3469581932295114,7.854917697608471,0.0
1,28573696,0.24250298086553812,1.0282390331849456,0.0024129636144607503,0.18811503611505032,2.374514289200306,0.007335756527027115,-5.054937729553899e-05,0.026296406220353674,-0.04233611210656818,-0.2226618683198467,0.40711304917931557,-0.7804480204358697,0.298591845901683,0.2408350949029786,0.964086334770882,0.015532917399011229,0.1889795782212841,2.2577955150213764,0.006983120688707996,0.06117476700701335,4.730685747124771,3.7044139869912974e-05,14.09738830755835,42.55191206237503,0.00021125183957977785,4.099229115678604,0.039383468967045414,-0.06634624329317047,0.21498033205742936,1.0,0.06630856445597777,0.1461598867415843,0.033397769988500456,0.6749259478311582,0.21321445033627462,0.012611435637395571,0.2131953652308558,0.5731272540358175,0.3113790039107742,6.63710378470595,0.0
1,28704768,0.20345813676249236,1.0924988314509392,0.0021536562967412465,0.22343329235445708,2.500650441274047,0.007411587266688002,3.1240902844231755e-05,0.021110089161084034,-0.0252052087962511,-0.49071877752430737,0.3938194888178259,-1.2789194849319756,0.3416309419553727,0.2034656802425161,1.0924988314509392,0.0021536562967412465,0.2235416304320097,2.502547509968281,0.007411587266688002,0.0497428989619948,1.7072236137464643,2.933016042347414e-05,28.291871778666973,74.52001851797104,0.0038473404775061226,4.060199677944183,0.07973025023238733,-0.06922733597457409,0.2751765954308212,1.0,0.06371322457562201,0.18537856894545257,0.0403017686039675,0.5745353284291923,0.16281942487694323,0.013796245169942267,0.1627948858658783,0.5017874063923955,0.3080093926982954,6.940449271351099,0.0
1,28835840,0.20388013205956668,1.099923807196319,0.002238401420640912,0.22088918182998896,2.4631780544295907,0.007695135260291863,6.397714523842524e-05,0.025796407753659878,-0.021145396913198056,-0.5015107546932995,0.4869477094616741,-1.2524132933467627,0.36689009238034487,0.20388121099676937,1.099923807196319,0.002238401420640912,0.22090271371416748,2.4631780544295907,0.007695135260291863,0.05773617691011168,1.7254703831858933,5.152462605950703e-05,29.096605852246284,71.95520097017288,0.003777084253400176,4.078227384015918,0.08702064212411642,-0.06832868070341647,0.2898051992524415,1.0,0.06569906428921968,0.180861828266643,0.042516588466241956,0.6251980727538466,0.1589097731630318,0.01433776593330549,0.15888415632070974,0.43354142643511295,0.33041166770271957,7.884940732270479,0.0
1,28966912,0.20770667237229645,1.1078062397427857,0.0021756644255219726,0.21527820930350572,2.6223457735031843,0.007789038441842422,6.44078451017549e-05,0.02302255564427469,-0.023745686379697872,-0.48569653858430684,0.32990966335637495,-1.2615109477192163,0.34075813833624125,0.20770901523064822,1.1078062397427857,0.0021756644255219726,0.21529276994988322,2.6223457735031843,0.007789038441842422,0.053502115624723956,1.7768391408026218,4.4253861442022924e-05,28.000957623124123,72.6008123755455,0.001943755492583854,4.075880564749241,0.08163010946009308,-0.06522829504683614,0.27979127189610153,1.0,0.06642005022149533,0.17432799038942903,0.04130658114445396,0.5834956848993897,0.165511007537134,0.014163755913614295,0.16547865461325273,0.4662081403657794,0.34729191311635077,9.444176081568003,0.0
1,29097984,0.25027910014614463,1.1197130880318582,0.002936007058906398,0.21730926039163023,2.172622909769416,0.007179376872045395,5.507349912292625e-05,0.030757315078517422,-0.034687232800934,-0.18391235781018622,0.5781726322602481,-1.0912639060989022,0.44879068434238434,0.2502783666132018,1.1197130880318582,0.002936007058906398,0.217309100786224,2.172622909769416,0.007179376872045395,0.0686588185490109,2.3601428153924644,3.997279444400981e-05,15.002050645649433,62.618998646736145,0.0004600135877197431,4.0004859790205956,0.06670507980743423,-0.07010882813483477,0.327872505877167,1.0,0.06888343341415748,0.17638675007037818,0.0352139324095333,0.6217010405380279,0.2142581565422006,0.01400184604426613,0.2141912171500735,0.5441378001123667,0.4129287281539291,13.707480311393738,0.0
1,29229056,0.27939852757845074,1.1974522625096142,0.002884891572421111,0.21989163453690708,2.5085184145718813,0.007734619450275204,2.2542293542926473e-05,0.04142721907555824,-0.04383397529454669,-0.15754495712462813,0.7663481775671244,-1.0767608019523323,0.5209273227956146,0.2794001459842548,1.1974522625096142,0.002884891572421111,0.21990555571392179,2.5085184145718813,0.007734619450275204,0.06478793598944321,3.0677099782042205,3.4268079407900887e-05,13.775182493031025,62.02022805809975,0.0003337807606551557,3.965555291622877,0.0682922578707803,-0.06936857290565968,0.30403407267294824,1.0,0.07208540569990873,0.17759455693885684,0.034877204001531936,0.6277576456777751,0.24383804120589048,0.014444528140302282,0.24376851588021964,0.5571369891986251,0.4043518870603293,15.521769046783447,0.0
1,29360128,0.226365057984367,1.1142556788399816,0.0025549617894284893,0.20688569208141416,2.370260253548622,0.007299500952285598,3.1330470505963604e-05,0.02607067428471055,-0.030036886550078634,-0.2988351252861321,0.6703063710592687,-1.1296994732692838,0.4749365346506238,0.22636784764472395,1.1142556788399816,0.0025549617894284893,0.20690189232118428,2.371404904872179,0.007299500952285598,0.05848445885931142,2.0189582062885165,4.020487151984442e-05,18.752104312181473,64.83285194635391,0.0003409375631573397,3.886115273460746,0.05499637109460309,-0.06973545392975211,0.29957022215239704,1.0,0.06940464617218822,0.16388538654427975,0.0377954407595098,0.5877236262895167,0.19202641490846872,0.013625595514895394,0.19199594296514988,0.5283501928206533,0.3447757011745125,7.825847186148167,0.0
1,29491200,0.26405181287477414,1.2905587382862964,0.007775732119953319,0.21239748861019808,2.1437812667091687,0.007924170204617742,-0.00014197974537201693,0.05001439600625114,-0.0633041459240485,-0.07385001630687232,0.6500898062663812,-0.9148604973594774,0.3701085373386741,0.22627948771696538,1.214197039604187,0.002536939361561963,0.2061175515409559,2.4399491026997566,0.007882061569034704,0.06469019860378467,2.1376720597036183,4.620059349610961e-05,21.758341297507286,61.37980628013611,0.001078002140431522,3.9736751187592745,0.09873551313648932,-0.06791018275544047,0.3328197291120887,1.0,0.07065392745425925,0.16003015381284058,0.041464053734671324,0.6007729971315712,0.18769959243945777,0.014989308539952617,0.187671780702658,0.5102027996908873,0.3263787720352411,7.293227210640907,0.0
1,29622272,0.26372314582113177,1.3686098554171622,0.0034742763036774704,0.2131581319263205,2.3175646699965,0.007816564149834448,-0.00017496023268392946,0.04837310679431539,-0.0678798021399416,-0.0739319026870362,0.6856500497087836,-0.9519607122056186,0.44703359552659094,0.2640242133379342,1.299688207299774,0.007361133968986971,0.21247702075662203,2.1632705535515244,0.007913798536686823,0.12433989287188546,4.021963315334238,6.865477499853388e-05,19.025744645620684,52.79529441105965,0.01933430328745021,4.080417462142117,0.12803733081408972,-0.045728666303926205,0.3347629050062184,1.0,0.07684962119463921,0.16236267846459188,0.04406884655353602,0.7325961495222277,0.21429238981337298,0.016997567979346803,0.21404382366973188,0.5002718966858215,0.909992841094822,25.02797306073179,0.0
1,29753344,0.294305112445727,1.3174543855711818,0.0038228301318667945,0.24145574448630214,2.3969762166962028,0.008195368431188399,-6.661902276050569e-06,0.043435149993456434,-0.05192455889482517,0.06026995927277312,0.8250376335345209,-0.7927272068336606,0.5370960724540055,0.29430843284353614,1.3174543855711818,0.0038228301318667945,0.24145570013206452,2.3969762166962028,0.008195368431188399,0.09099415258970112,3.3063372168689966,5.2502424371575485e-05,13.224402725696564,49.85862949490547,0.0007484216914175335,3.889995690435171,0.08752323174849153,-0.06321108294650912,0.2883739557582885,1.0,0.0766758390236646,0.19753924815449864,0.03808070041122846,0.6272899268660694,0.2534640441881493,0.015840753629163373,0.25296435062773526,0.548522911965847,0.838776275049895,62.887843646109104,0.0
1,29884416,0.33919966616667807,1.3512703562155366,0.0034727307574939914,0.25107792601920664,2.4416670398786664,0.007823491507679137,-2.2251550149121613e-05,0.04413418551848736,-0.08811241525108926,0.038833658041767194,0.7845971407368779,-0.9948964887298644,0.5427051093429327,0.33920452650636435,1.3512703562155366,0.0034727307574939914,0.251088451128453,2.4416670398786664,0.007823491507679137,0.0809322371496819,6.317085662856698,4.6310762440771036e-05,12.625403434038162,57.457957834005356,0.0003921084578659695,3.911094071343541,0.0673652155965101,-0.06857440830208361,0.3033634063322097,1.0,0.0743070004391484,0.21127687790431082,0.03438528841070365,0.625749173341319,0.3013913494069129,0.015428594684635755,0.3010348279494792,0.6435256251133978,0.605105702765286,55.64369589835405,0.0
1,30015488,0.29354471806436777,1.377839729655534,0.0030692535774505814,0.2461716972757131,2.3291943510994315,0.00818776940650423,3.8302449695493124e-05,0.04162571392953396,-0.047976867579563987,-0.07513954023306724,0.7527064639143646,-1.0132354605011642,0.5635291626676917,0.29354471806436777,1.377839729655534,0.0030692535774505814,0.2461716972757131,2.3291943510994315,0.00818776940650423,0.0721098450012505,3.474465362727642,4.43154236582366e-05,16.614471077919006,58.05411630868912,0.000626816529512908,3.819802125915885,0.07212594157317653,-0.06958376173861325,0.2954877046868205,1.0,0.07214829605072737,0.20612834952771664,0.03700349054997787,0.6212410109583288,0.2514733241405338,0.015255458340106998,0.2514088227180764,0.5716664544306695,0.5156345085706562,15.005672607570887,0.0
1,30146560,0.2799656724091619,1.1740727513097227,0.0027061555192631204,0.21173840551637113,2.357975068502128,0.007599871882121079,0.00010403051569696231,0.09911738845403306,-0.031660531501984224,-0.14912234141957015,0.6048971216659993,-1.2272294806316495,0.5444244197569788,0.279969641007483,1.1740727513097227,0.0027061555192631204,0.2118090137373656,2.3616886073723435,0.007599871882121079,0.06603571001323871,5.742814768105745,3.50200515961685e-05,12.305445298552513,70.86871042847633,0.00021536271265532037,3.9204581193625927,0.04381939451559447,-0.06957926345057786,0.2622109855292365,1.0,0.07208174682455137,0.16895323898643255,0.0339881696854718,0.6172481246758252,0.24841439863666892,0.013705917437619064,0.24830657767597586,0.5774937511887401,0.4499729566741735,20.986367240548134,0.0
1,30277632,0.21854433987755328,1.1432421621866524,0.0022905786968294706,0.20750489132478833,2.491077546030283,0.007178004623710876,5.805056336072312e-05,0.035882920754374936,-0.025602081324905157,-0.37392275081947446,0.4625238277949393,-1.3623819714412093,0.4664245303720236,0.21857098140753806,1.1432421621866524,0.0022905786968294706,0.2079597554402426,2.491931593976915,0.007178004623710876,0.049272795557044446,2.744482703972608,3.868558031368263e-05,22.387749530375004,80.37792992591858,0.0004602230259411755,3.9842275250703096,0.06483987276442349,-0.0694639622233808,0.2731430025305599,1.0,0.06665777918533422,0.16673283674754202,0.03750807671167422,0.6061299107968807,0.18410851061344147,0.01349395552824717,0.18409267999231815,0.54052295954898,0.3067933500278741,6.54878893494606,0.0
1,30408704,0.2198999816318974,1.0835061948746443,0.0021326738249172195,0.20367856277152896,2.52473805565387,0.006880582694066106,1.6182392746699747e-05,0.02705203348887153,-0.0349086998430721,-0.31334951682947576,0.4768333430401981,-1.3406207067891955,0.4313250379636884,0.21994288044515997,1.0835061948746443,0.0021326738249172195,0.20416009228210896,2.52473805565387,0.006880582694066106,0.0470792542619165,2.7146890913136303,3.212561129739555e-05,18.721315138041973,79.59005665779114,0.000286229360562551,4.075464241206646,0.03853139895363711,-0.0694852638989687,0.27095001051202416,1.0,0.06801253149751574,0.16237865085713565,0.03567301679868251,0.6639023672323674,0.18877496069762856,0.012683867826126516,0.1887440454447642,0.5502113876864314,0.2898718388751149,10.562224995344877,0.0
1,30539776,0.20134415940692027,0.944767619545261,0.01799059909973342,0.20119234406699738,2.0566607028245927,0.007311838761306717,0.0005051317758562845,0.05991094370139763,-0.0215813198130733,-0.5232137637747776,0.046855551340905396,-1.0104288149149214,0.15754045551021895,0.22429733397439122,1.121976968832314,0.0022270663400831836,0.21194436796940863,2.299073605798185,0.0070672948932042345,0.05543472268618643,2.247831094544381,3.334058465132017e-05,18.87283682823181,73.52856576442719,0.0003150732524788147,3.9995202012360096,0.05117535052704625,-0.0699989025015384,0.26042526331730187,1.0,0.06788560748100281,0.17115448717959225,0.036140064417850226,0.6029902356676757,0.19015179679263383,0.013313618968822993,0.19012939382810146,0.5271899797953665,0.3103815084323287,6.520886607468128,0.0
1,30670848,0.2298800318967551,1.0088080200366676,0.0021059112600596563,0.20402578706853092,2.266145197208971,0.007616936239628558,0.0003852290840313799,0.05512607077253051,-0.01861601982091088,-0.5020798658952117,0.08421363070647203,-1.042054575867951,0.20929029677063227,0.20409460494810916,0.9509401882673243,0.01645954485012631,0.20146544700690422,2.0768519793917615,0.007341245747169063,0.07603802257575128,3.443342647753678,4.3175944118965454e-05,29.91539456358415,58.068612621457554,0.7334615997811486,4.162950327058873,0.09289632308964318,-0.06225268383431865,0.24717304154287978,1.0,0.06517603110903537,0.15753243137038794,0.04266600849258388,0.6041051723534264,0.1605232795419912,0.014467353584014821,0.16043557750386556,0.42987688410892544,0.4210692923235516,15.534819456602795,0.0
1,30801920,0.2558366028824821,1.115419098176062,0.002828993176763106,0.22753753699362278,2.288876329548657,0.008156525669619441,5.890894607318842e-05,0.031107796799915377,-0.024548180736019276,-0.22539155901176855,0.4274135648156516,-1.0195600525476038,0.332178124692291,0.2558366028824821,1.115419098176062,0.002828993176763106,0.22753753699362278,2.288876329548657,0.008156525669619441,0.0574209769256413,2.04548031790182,3.1408632374385625e-05,14.971060328185558,58.416488230228424,0.0005547498612585855,3.9221613816916943,0.04426978541596327,-0.06991045037284493,0.26992428326047957,1.0,0.07057197333779186,0.186625185306184,0.03599987999768928,0.5929273578803986,0.22266754182055593,0.013845023124304134,0.22263057774398476,0.5750833635684103,0.34804414107929915,8.367566298693419,0.0
1,30932992,0.2732134077232331,1.1594737553969026,0.0026244073123962153,0.2011802919441834,2.477306794375181,0.0067338428702896636,5.850036188803642e-07,0.027766830469772685,-0.03400608606898459,-0.18531617923872545,0.46702742925845087,-1.207821598276496,0.49489091290161014,0.27321568178012967,1.1594737553969026,0.0026244073123962153,0.20120121771469712,2.477306794375181,0.0067338428702896636,0.05028878239681944,2.1953575224615633,2.9526792138773184e-05,12.173789732158184,69.5944753587246,0.00017720516065697356,4.034984495490789,0.03147393593098968,-0.06959927314892411,0.2617108627455309,1.0,0.07094088505255058,0.15829634142573923,0.03352782268484589,0.6853953248355538,0.24623556551523507,0.013319220874109305,0.24620295478962362,0.6242539589293301,0.3392296105157584,8.337267115712166,0.0
1,31064064,0.22135836503002793,1.0763114737346768,0.0020955155516730883,0.18712289328686893,2.221420420333743,0.007122017279471038,-5.513050228689309e-05,0.023527960012870608,-0.05661491373030003,-0.2650586487725377,0.47039364906959236,-1.3429532442241907,0.42398613854311407,0.2213938480708748,1.0763114737346768,0.0020955155516730883,0.18760643084533513,2.228677657432854,0.007122017279471038,0.05271109004388563,4.66473469696939,2.8246223244022227e-05,16.651434019207954,79.484159886837,0.00019369140500291593,4.01756720431149,0.03542944935907144,-0.06981855374760926,0.25348396820481867,1.0,0.06690357596380636,0.14488908869680017,0.03350797020539176,0.6341201129835099,0.19595654215663671,0.01220550083235139,0.1959367711097002,0.592765010194853,0.31062855408526957,7.430795021355152,0.0
1,31195136,0.29673464444931597,1.1847500074654818,0.0031009403048756212,0.25071242603007704,2.3582564601674676,0.007616268541823956,-5.17956494618943e-05,0.03516176222910872,-0.04961027958779596,-0.04677844939214992,0.6195349972695112,-0.9705455480143428,0.50511429971084,0.2967394576407969,1.1847500074654818,0.0031009403048756212,0.25075201073195785,2.3582564601674676,0.007616268541823956,0.0715979995438829,3.207911309786141,3.624334955265596e-05,11.344724468886852,56.453853756189346,0.00026416505930804135,3.9588631615042686,0.04420184486662038,-0.06960583804175258,0.27498409524559975,1.0,0.0720351084601134,0.21141967468429357,0.03259617736330256,0.6041537499986589,0.26783919311128557,0.013922051592089701,0.2677991274977103,0.6572012845426798,0.3736927497666329,9.679546067491174,0.0
1,31326208,0.27086126420181245,1.227208856958896,0.002838594352851942,0.2379583613947034,2.7885935697704554,0.007688041415349289,7.138913203164066e-05,0.03821234074712265,-0.02829476494298433,-0.31327395194239216,0.6025250076781958,-1.1619530436582863,0.5128028024919331,0.2708599966717884,1.227208856958896,0.002838594352851942,0.23797287710476667,2.7885935697704554,0.007688041415349289,0.058552234346279874,2.407228186260909,4.3272751900746975e-05,20.419002547860146,66.85236185789108,0.0005900817011124104,3.855911185964942,0.07445948451641016,-0.0691549344919622,0.2848795752506703,1.0,0.0697670016088523,0.19776809960603714,0.039670415862929076,0.6514392711687833,0.22798609314486384,0.014902222545060795,0.22792367381043732,0.5443074917420745,0.4133365722373128,13.83466873317957,0.0
1,31457280,0.183698418433778,1.1220535980537534,0.002117954780260334,0.2124895922606811,2.6720346454530954,0.007988492865479202,9.031729005926081e-05,0.02819736800302053,-0.038098603836260736,-0.5064486057963222,0.2447162204189226,-1.2436915412545204,0.4133146754465997,0.18370011600200087,1.1220535980537534,0.002117954780260334,0.2124958069762215,2.6720346454530954,0.007988492865479202,0.06629550395882688,2.5712662925943732,4.329405787958929e-05,29.139482110738754,71.83826875686646,0.002633350388435929,3.890285821631551,0.08290144451893866,-0.0693808407522738,0.2851257612928748,1.0,0.06444159231614321,0.17113430087920278,0.042532443709205836,0.6043356885202229,0.13530326884938404,0.013865592038200703,0.1352739121648483,0.3887097667902708,0.3609872800298035,9.488945219665766,0.0
1,31588352,0.28765005024770895,1.002291946063439,0.019430657464157168,0.20026376012091834,2.492072405219078,0.007090294759260965,-5.827266357243843e-05,0.01748855093004143,-0.040016282520761406,-0.11537377989620533,0.4331106582513894,-0.6179021795619822,0.41742928584416705,0.24077500985004008,1.0981038147583604,0.002119257731237667,0.19773658574558794,2.5036185970529914,0.006043082328005767,0.05800748913316056,2.6185633512213826,3.2135188006821025e-05,14.82896962761879,71.90629571676254,0.00022568991851024123,4.0371683947741985,0.0363284179038601,-0.06993902660906315,0.24884665256831795,1.0,0.06674772797850892,0.1561174150556326,0.03382828467874788,0.5806295545771718,0.21277270978316665,0.012744983774609864,0.21274807734880596,0.5636735537555069,0.3263569378759712,7.421551529318094,0.0
1,31719424,0.2752998450305313,1.0610012053512037,0.002578757794822195,0.19745666976086795,2.6575008844956756,0.0067727821797234355,-0.00011363110579054592,0.01467836676602019,-0.04999632475664839,-0.11853057594271377,0.46210045483894646,-0.6480260663665831,0.5207821587100625,0.2864596690219569,1.0079506698502116,0.017806377977956207,0.19999319719464845,2.5080173188842925,0.007059691137136867,0.04377499426341986,2.4029014526883206,3.21500588214449e-05,8.657799644952538,35.59788050643359,0.0001652452107747938,4.005037091403122,0.018186950515707602,-0.06680897899331098,0.22314193729221463,1.0,0.06945372763207654,0.15744804669485754,0.031769291311221935,0.5883851128192731,0.26335409389113085,0.012498790324253243,0.26333020408693925,0.6396365003907177,0.30914675959397153,6.365209052047456,0.0
1,31850496,0.25878530519548804,1.1975637590512633,0.0031014253904686484,0.2264700346859172,2.8161712856963277,0.008415334315941436,6.558643001142173e-05,0.040607374838145915,-0.02922170925012324,-0.278000527061522,0.463759311940521,-0.9707876374013722,0.5243536168709397,0.25878530519548804,1.1975637590512633,0.0031014253904686484,0.2264700346859172,2.8161712856963277,0.008415334315941436,0.056679655448533595,2.616798410192132,3.898102210675436e-05,17.279822431504726,55.62203508615494,0.001012928661901391,3.925455978140235,0.074270098542911,-0.06911952723748982,0.30168620275799185,1.0,0.06977037945762277,0.18437894084490836,0.03840598469832912,0.5321591114625335,0.21902306040283293,0.01487324643676402,0.21899180801119655,0.5712534314952791,0.33589102257974446,8.354541659355164,0.0
1,31981568,0.24830743297934532,1.1849148171022534,0.002774976873297419,0.22635745233856142,2.8449683785438538,0.007777343694215233,6.16043377235087e-05,0.02973886894324096,-0.023881945438915864,-0.4123574330005795,0.2751711894525215,-1.1663605691865087,0.5116310389712453,0.24830761784687638,1.1849148171022534,0.002774976873297419,0.22636430873535573,2.8449683785438538,0.007777343694215233,0.05703940492821857,1.878659684676677,4.417947669721478e-05,24.242294773459435,67.00301060080528,0.002073959340627596,3.9517430402338505,0.09170834836550057,-0.0685523902066052,0.286432683467865,1.0,0.06851733423536643,0.18453150405548513,0.04237127382657491,0.5873588200192899,0.19795616960618645,0.015203463677607942,0.1979211235884577,0.46731682610698044,0.3565386573318392,10.139786172658205,0.0
1,32112640,0.28275704162660986,1.106995209120214,0.0028786498116915027,0.22408861888106912,2.2852757293730974,0.007574692137495731,-9.786020488178337e-05,0.031762149461428635,-0.07193540498701623,-0.13774750637821853,0.5886627750005573,-0.8924997262656689,0.5171339695807546,0.2827658305177465,1.1112458747811615,0.0028786498116915027,0.22410812019370496,2.2914120759814978,0.007574692137495731,0.06626475282246247,4.228239236865193,3.385131821598275e-05,12.701843991875648,51.683729112148285,0.0003008071382719635,3.8965756855905056,0.046467776148347184,-0.07032974669709802,0.31734890898223966,1.0,0.0727116284542717,0.1818136143265292,0.03406170387461316,0.5655872374773026,0.2501954804174602,0.01388859062717529,0.2501549927983433,0.5842291852459311,0.3710439885035157,9.04398975148797,0.0
1,32243712,0.2783769393572584,1.166924609337002,0.0024684867848918657,0.20291882916353643,2.3954471573233604,0.007078750240907539,-5.067130511093865e-05,0.025107537272560876,-0.035098727741569746,-0.13147967822442297,0.5352386301383376,-1.1114771142601967,0.5370253026485443,0.2783794702263549,1.166924609337002,0.0024684867848918657,0.20293475361540914,2.3954471573233604,0.007078750240907539,0.05666577216470614,2.190842625219375,3.459305980046956e-05,11.054492354393005,64.06205350160599,0.00013902524239917113,3.9472990669310093,0.03719335267669521,-0.06989343883469701,0.3296686224639416,1.0,0.06959888807614334,0.16100835520774126,0.031955071943229996,0.5958723544608802,0.25178391532972455,0.01294426374079194,0.2517549507319927,0.6067292541265488,0.3225405828561634,7.412490248680115,0.0
1,32374784,0.22097863408271223,1.1520616570487618,0.0025674267503745796,0.23142384679522365,2.678596823476255,0.0077636861551582115,6.466269122284984e-05,0.02742869433859596,-0.028509283481980674,-0.32501033297739923,0.41222132835537195,-1.197578595019877,0.4881505686789751,0.2209823636803776,1.1520616570487618,0.0025674267503745796,0.2314623158890754,2.6805542670190334,0.0077636861551582115,0.055625747569138184,3.3987419470213354,3.2799994507032304e-05,19.146067529916763,69.43250185251236,0.00043701548509389454,3.9403237029910088,0.05842653530999087,-0.06964785745367408,0.28635128610767424,1.0,0.06564062918187119,0.19390667288098484,0.03704019091674127,0.6325705640483648,0.18145896366331726,0.013735706677834969,0.18143518862780184,0.4868562198244035,0.31459932564757764,9.234744630753994,0.0
1,32505856,0.22373634274117649,1.1058748476207256,0.002005644656037475,0.1859345354605466,2.3078315695747733,0.006246150173865317,-9.950965722538285e-06,0.026074348854308482,-0.03601127462752629,-0.2857004990801215,0.5003662640228868,-1.2217479394748807,0.4525511364918202,0.2237374250544235,1.1058748476207256,0.002005644656037475,0.1859691145364195,2.3078315695747733,0.006246150173865317,0.052328910474898294,2.3352492321282625,3.2235711520112176e-05,17.757253006100655,70.49570223689079,0.0002242667956533495,4.004813613370061,0.04910589105566032,-0.06983816670253873,0.2568399024894461,1.0,0.06641859951196238,0.14287638431414962,0.03419574582949281,0.6080095098586753,0.1963189411908388,0.013058279859251343,0.19629829050973058,0.5660350481048226,0.2989951332565397,7.081297285854816,0.0
1,32636928,0.2514053736627102,0.9914579512923956,0.016417054597441166,0.20309123896683257,2.2943698195864757,0.00721953718859974,-0.0001422387805685806,0.027388393501217558,-0.06880986017005247,-0.1994839605958623,0.39160417332925135,-0.7270907459724791,0.3055991110702356,0.21055987279396504,1.1519960667937994,0.0023482016224534163,0.2287482466781512,2.7805240862071514,0.007842853958209162,0.054402403213316575,1.9015034385956824,3.8397272081436284e-05,27.293609082698822,70.00966253876686,0.0010048370883772861,4.004485571756959,0.08186074855620973,-0.06959770573303103,0.33764116815291345,1.0,0.06489596419851296,0.189743701252155,0.04094290846842341,0.6117080703843385,0.16561776935122907,0.014164853717375081,0.165594962076284,0.4557517720386386,0.3159282726701349,8.846822947263718,0.0
1,32768000,0.24669264466501772,1.0561737166717649,0.0025734908826962055,0.2010882148751989,2.464181987568736,0.0071046595276129665,1.871578047030198e-05,0.06500065613363404,-0.059684841995476745,-0.20336204417981207,0.4290935436729342,-0.769001776818186,0.3735411139205098,0.25095127473574086,0.9976956154253468,0.01508273520324888,0.2028980599660202,2.3107372574642837,0.0072084646429624605,0.06232154761133884,4.086295653687206,4.0226217157245633e-05,12.68576180696535,41.918166111930304,0.00017309433023535528,4.078311192702098,0.03603235077282013,-0.0658187101404351,0.2096038478572505,1.0,0.06883695536764362,0.159213152823476,0.032284923359970505,0.6076365169362131,0.22231100565832423,0.011972763482165657,0.22226304052599583,0.5720535635678883,0.29099459696493774,11.280302913388216,0.0
1,32899072,0.2529312709812075,1.0839258856140077,0.0031731623571431555,0.22604632005095482,2.4191586319357157,0.007393513386887207,-2.0780486885030314e-05,0.035870337993401336,-0.05189396793139167,-0.20837251213379204,0.5218912507407367,-1.0491073122248054,0.44959984393790364,0.2529312709812075,1.0839258856140077,0.0031731623571431555,0.22604632005095482,2.4191586319357157,0.007393513386887207,0.06238032737746835,3.4746750444173813,3.529450785144661e-05,14.420948088169098,60.10942193865776,0.0003413011393895715,3.9746183399111032,0.04678695528127719,-0.0690783029422164,0.28351346496492624,1.0,0.06978799612261355,0.18505123618524522,0.03294886552612297,0.572029025410302,0.22251237055752426,0.013302285064128228,0.22248293552547693,0.586254202760756,0.3306599367642775,7.327045550569892,0.0
1,33030144,0.28689632029272616,1.1972483624704182,0.0029741973576165037,0.2389579083537683,2.2316372701898217,0.007675794709030015,3.3750396212894884e-05,0.03729702585405903,-0.03806440254265908,-0.05151255631062668,0.5885109142400324,-1.0676216529682279,0.5141390666831285,0.28689632029272616,1.1972483624704182,0.0029741973576165037,0.2389579083537683,2.2316372701898217,0.007675794709030015,0.06797507154988125,2.6283701192587614,3.722391378180312e-05,11.191898934543133,61.17021554708481,0.0003227175470307819,3.9950117580592632,0.04854060724028386,-0.06837931927293539,0.3208672869950533,1.0,0.07252141577191651,0.1985745819984004,0.032481374335475266,0.5310499866027385,0.25634038366843015,0.014010714301548433,0.256285140523687,0.60218271240592,0.39562534517608583,13.253900926560163,0.0
1,33161216,0.27729970146901906,1.1433899966068566,0.0026444898892350466,0.2245737808989361,2.2270467784255743,0.007310259324185608,1.1580728312310384e-05,0.02999126615759451,-0.04570477180823218,-0.04384797524835449,0.5596955220680684,-0.8447455284185708,0.5528415523003787,0.27729970146901906,1.1433899966068566,0.0026444898892350466,0.2245737808989361,2.2270467784255743,0.007310259324185608,0.06359358609188348,2.768491679802537,3.545707567820244e-05,10.375025518238544,48.400354117155075,0.00028441500970588507,3.9367090053856373,0.04776656287140213,-0.06844162475317717,0.27703030640259385,1.0,0.0712371704285033,0.1836069953860715,0.031076734070666134,0.5383114344440401,0.2509102812036872,0.01322266388888238,0.25085621466860175,0.602789013646543,0.3965427272487432,12.059512384235859,0.0
1,33292288,0.24358953651972115,1.0814079688861966,0.002240747409132382,0.19728809245862067,2.2767653753980994,0.006388365176462685,1.0519534798802965e-05,0.02684874604892684,-0.048187251304625534,-0.22385521663818508,0.5240030393470079,-1.2322780676186085,0.46042818017303944,0.24358685547485948,1.0814079688861966,0.002240747409132382,0.19731322210282087,2.2767653753980994,0.006388365176462685,0.05585839875857346,2.9141239151358604,3.324526749143297e-05,15.406500920653343,71.13763198256493,0.00024358600587426338,3.939839882776141,0.05229594957199879,-0.06994125922210515,0.26547633099835366,1.0,0.06916958952206187,0.1542526326375082,0.0334229630389018,0.6196235606912524,0.21569527219980955,0.013172760416637175,0.21539491473231465,0.5742975622415543,0.40221707453019917,49.39286345243454,0.0
1,33423360,0.22421844257041812,1.0841796495951712,0.0019152419104102592,0.1852367646060884,2.150941079482436,0.006218432875357394,3.7961325329405327e-05,0.034683010322623886,-0.025473460264038295,-0.2848152187652886,0.6209461237303913,-1.3071932764723897,0.461497635114938,0.22422268975060433,1.0841796495951712,0.0019152419104102592,0.185393308987841,2.150941079482436,0.006218432875357394,0.05619787730393,2.393504172563553,3.570315729284346e-05,20.066954880952835,76.1147358417511,0.0002631954814145132,3.946975316852331,0.056664964358787984,-0.06980098015628755,0.2619794546626508,1.0,0.06727596945711412,0.14160473295487463,0.034133565830416046,0.5804573011118919,0.19835598394274712,0.013030232854362112,0.19833347550593317,0.5754113448783755,0.30617379187606275,7.348932323977351,0.0
1,33554432,0.24422190303448588,1.0708245150744915,0.0022743217970173646,0.20632153074257076,2.2660545902326703,0.00685553800803973,8.164432647106423e-05,0.08816143474541605,-0.04115713281498756,-0.21684707619715482,0.5254032246302813,-1.2010300364345312,0.48835627478547394,0.24422071012668312,1.0708245150744915,0.0022743217970173646,0.20633568079210818,2.2660545902326703,0.00685553800803973,0.06219083099858835,5.0564227141439915,3.182784115357551e-05,15.768736265599728,69.17463839054108,0.00021042975230844974,3.972899343818426,0.046013313927687705,-0.07006672373972833,0.2588458181126043,1.0,0.06805393472313881,0.16472858376801014,0.03388860805716831,0.6115198070183396,0.21383634104859084,0.013186272160965018,0.21381462935823947,0.5725379092618823,0.29525764752179384,6.950633645057678,0.0
1,33685504,0.3328655869017044,1.0929518683254718,0.008035074705500543,0.312091687557598,2.2227532880504928,0.008448921698873164,-2.1457680378489386e-05,0.0350113175654163,-0.04202620657927279,-0.03502236618890796,0.4378007399861235,-0.5462092101706608,0.4338255015015602,0.22674463037401438,1.08508809376508,0.0022165031991789874,0.19744061154779047,2.3383167488500476,0.006600149712994607,0.05289821926271543,2.5042400527745485,3.3284862250626546e-05,16.829685762524605,71.56970459222794,0.0002095197817051364,3.9475012943148613,0.045988178899278864,-0.070037258323282,0.24839990155305713,1.0,0.06691793602658436,0.1557116333860904,0.03287355779320933,0.6132333967834711,0.2013382219010964,0.012845078737882432,0.20131565374322236,0.5859318990260363,0.2881119998637587,7.312841106206179,0.0
1,33816576,0.3147097195032984,1.1277551297098398,0.003546008176954274,0.30451581557281315,2.2480764128267765,0.00847040960979939,-8.92284438691604e-06,0.03102348620450357,-0.030757852116948925,-0.04287955354084261,0.4575759214349091,-0.5658019501715899,0.5427097503561527,0.33111562377896653,1.0963063995432423,0.0076023935943153615,0.311361483028944,2.2251940711614595,0.00845099282281786,0.07195371746489532,2.728683493579794,3.8779483058884894e-05,7.634831676878181,32.05605188307229,0.002849589832204596,3.968496486544609,0.036744164359399555,-0.0656457569405257,0.2513937873496528,1.0,0.07079604549644829,0.2796847670597125,0.02868106063169214,0.5927289119074458,0.2994958261499204,0.0131656961867597,0.2993957137195281,0.6210887891700468,0.4978987724598811,16.403908586051,0.0
1,33947648,0.26395245164167136,1.1052457746118307,0.0025726497501636914,0.20493379014078528,2.3839520355686545,0.006629250498008332,-1.757023770920796e-05,0.02425134045552113,-0.02686392475879984,-0.14126975601539016,0.5304010296240449,-1.0332517684437335,0.5192005783319473,0.263954344089143,1.1052457746118307,0.0025726497501636914,0.2049338723300025,2.3839520355686545,0.006629250498008332,0.056158939347369596,1.7938221818767488,2.951712663257222e-05,12.502821505069733,59.20649141073227,0.00024275593994449451,3.936199737712741,0.04458858871657867,-0.06964868935756385,0.25994830823037773,1.0,0.06920981590519659,0.1638193081598729,0.032558881168370135,0.732559330528602,0.23408767336513847,0.012989167393243406,0.2338622014503926,0.573466572444886,0.45223849965259433,66.64668119698763,0.0
1,34078720,0.2068998102331534,1.0859321197494864,0.0021461573153374047,0.18447504960931838,2.250487444922328,0.007038382113023545,7.2859941830927255e-06,0.025828200836258475,-0.02869071395980427,-0.2783122443361208,0.4336340008303523,-1.2872731508687139,0.47397195524536073,0.20691046712454408,1.0859321197494864,0.0021461573153374047,0.1845853258855641,2.250582900829613,0.007038382113023545,0.04752857418498024,1.9459865912795067,3.914414756511775e-05,17.835658192634583,74.6257386803627,0.00022369172080516364,3.9771083928644657,0.04597994271898642,-0.06960822199471295,0.30448293243534863,1.0,0.06649034458678216,0.14156347600510344,0.03376248940185178,0.586323945550248,0.18035708426032215,0.012648393691051751,0.18026270507834852,0.5670283720828593,0.3470787121914327,65.6764908246696,0.0
1,34209792,0.2221593225840479,1.2726268987171352,0.002250945290143136,0.21848327806219459,2.540647645480931,0.007510117371566594,6.854009730972166e-05,0.054381869806093164,-0.03725345210477826,-0.4615969117730856,0.3967898057308048,-1.2507052784785628,0.4263274800032377,0.22216579411178827,1.2726268987171352,0.002250945290143136,0.2185298977419734,2.540647645480931,0.007510117371566594,0.07251565685146488,3.4983606203459203,4.51067347950751e-05,26.803594708442688,72.31849145889282,0.001216032200684225,4.081128211691976,0.0903202076733578,-0.06843241211026907,0.29208206257317215,1.0,0.06465392195968889,0.17840845102909952,0.040176428854465485,0.6501888455823064,0.17936547717545182,0.01461139478487894,0.1793372582178563,0.49414144875481725,0.3279118603095412,8.835890769958496,0.0
1,34340864,0.26021629059687257,1.1519188918173313,0.002382790676733748,0.20996867399662733,2.2467664247378707,0.007178974554335582,6.11126337304313e-05,0.04112860462919343,-0.03767343376966892,-0.26688186556566507,0.45818660338409245,-1.0831643766723573,0.5045863955747336,0.2602166722062975,1.1519188918173313,0.002382790676733748,0.20997643459122628,2.2467664247378707,0.007178974554335582,0.06041463845758699,2.807240355759859,3.592472976254868e-05,16.971282057464123,62.170821726322174,0.0003909407964091116,3.9460398089140654,0.05513495361083187,-0.07043784740380943,0.29145735257770866,1.0,0.07041916233720258,0.1663551573874429,0.03634968711412512,0.5638307649642229,0.22705782449338585,0.014197945820342284,0.22701565129682422,0.5652117589488626,0.39321546512655914,16.530725553631783,0.0
1,34471936,0.26363739708904177,1.1645642542280257,0.0027978666958006215,0.22913992637768388,2.5840048966929317,0.007504780795898114,3.2564510043187056e-05,0.03270259614509996,-0.02854841837688582,-0.25738769001327455,0.39127694605849683,-1.0997080393135548,0.5003913461696357,0.2636381866177544,1.1645642542280257,0.0027978666958006215,0.22915314533747733,2.5840048966929317,0.007504780795898114,0.05383385680033825,2.2254395484924316,3.380225440430262e-05,15.792193919420242,63.325686156749725,0.0005144580482010497,3.960286432877183,0.05322397965937853,-0.06975921872071922,0.2816516328603029,1.0,0.0711435460834764,0.18694545538164675,0.037837457726709545,0.6088633169420063,0.22197490104008466,0.014804249512962997,0.22193900297861546,0.5343821423593909,0.3699067060369998,12.467845749109983,0.0
1,34603008,0.2310155879240483,1.1015741252340376,0.0022844387956411083,0.20108539680950344,2.4544863207265735,0.006818732592819288,-2.4208726472352282e-06,0.04060650581959635,-0.028626237479329575,-0.1996279623126611,0.5451647217851132,-1.20643325522542,0.5025634323246777,0.23101507418323308,1.1015741252340376,0.0022844387956411083,0.20110049343202263,2.4544863207265735,0.006818732592819288,0.054487740009790286,2.5676174592226744,3.387951111233356e-05,14.096505172550678,69.3471143245697,0.0002534023456242096,3.929199194535613,0.037662475457182154,-0.0699055539444089,0.24814894306473434,1.0,0.06774606311228126,0.15903853194322437,0.034091978071955964,0.6406132476404309,0.20042103494051844,0.012790281281922944,0.20038327621296048,0.5590796491596848,0.3380683029536158,9.824147205799818,0.0
1,34734080,0.23272738796348375,0.9354700024922689,0.02073909814160288,0.1724280697821329,1.9442384657015404,0.0056728609996207525,-3.835099358108588e-05,0.04835323313289943,-0.06406059324532787,-0.2649133689837557,0.3396292937086158,-0.8076435852073579,0.22160733391841253,0.23194893822073936,1.1831856397911906,0.0024674486180629174,0.22585114592220634,2.430023429915309,0.007895371029007947,0.054302764765452594,1.6213061013258994,2.93880986861339e-05,17.316906958818436,62.917140662670135,0.00041323072031218544,4.00689129345119,0.05506506410893053,-0.06956691015511751,0.2601381529821083,1.0,0.06747941000503488,0.18569768918678164,0.03649010194931179,0.6058595546055585,0.19491368264425546,0.013920675446570385,0.1948927672347054,0.5318587014917284,0.31633668579161167,6.4943417608737946,0.0
1,34865152,0.23848487925715744,1.001667148899287,0.0019008894505532226,0.1718908908078447,2.0744104869663715,0.005637701375690085,6.316627380087425e-05,0.0885401692794403,-0.05686709984729532,-0.25808997568674386,0.36497006588615477,-0.8384775575250387,0.2790387775748968,0.2332823268833559,0.9418504503387285,0.01892336718342942,0.17237629349545452,1.9567851665463434,0.005669472120205748,0.057587018110284424,4.187586821842916,3.4428007799504684e-05,16.724342279841686,46.450653879561024,0.00016368025869336063,4.092336271721196,0.04490242345465126,-0.06599748942507319,0.20864210303603525,1.0,0.06078637362715889,0.1318407744626481,0.0327539329447907,0.553836241274713,0.20669736542335027,0.011739573586614331,0.20667751619581087,0.6148332018988678,0.32584409430308875,5.8588314910744685,0.0
1,34996224,0.22916806011926383,1.078664781525731,0.0021473810724046416,0.21318330243229866,2.5990790044888854,0.007129496348170505,4.6824394427602556e-05,0.058907900100166444,-0.04179337160894647,-0.33643840975128114,0.33937863539904356,-1.0175502337515354,0.36167514068074524,0.22916806011926383,1.078664781525731,0.0021473810724046416,0.21318330243229866,2.5990790044888854,0.007129496348170505,0.05876290818559937,4.2133849849924445,4.093018538231519e-05,19.733251973986626,58.30133453011513,0.0007277658691364763,3.980144988745451,0.06129321045591496,-0.06994962436147034,0.2813758502015844,1.0,0.06660138824372552,0.17199649394024163,0.036796059968764894,0.5603730001021177,0.19247393624391407,0.014108713447058108,0.1924513695994392,0.5357229351066053,0.33668703492730856,7.002627968788147,0.0
1,35127296,0.22134756098967046,1.1355086313560605,0.0021686061338641593,0.20423837064299732,2.7059083925560117,0.007015392019638966,-1.08464704879907e-05,0.019530725374352187,-0.05398644769593375,-0.3610482937656343,0.3429955495521426,-1.0996439456939697,0.4001434752717614,0.22134914610069245,1.1355086313560605,0.0021686061338641593,0.20424224762246013,2.7059083925560117,0.007015392019638966,0.05377258255612105,3.2238108087331057,3.7483312675057334e-05,21.004857778549194,63.144058644771576,0.0005462125292332587,4.012024164199829,0.0628707795694936,-0.07003592676483095,0.28240616526454687,1.0,0.06831791251897812,0.16052441450301558,0.038324856373947114,0.5847122359555215,0.18163835688028485,0.014191058231517673,0.1816134878899902,0.49302125559188426,0.32089493004605174,7.8199542835354805,0.0
1,35258368,0.21830439975019544,1.1302359141409397,0.0024530551304451365,0.2120958724990487,2.6169487172737718,0.0076232729052208015,6.0854324196668586e-05,0.028193330545036588,-0.024023119811317883,-0.3731463763397187,0.3717082308139652,-1.1650501117110252,0.3826147720683366,0.21830699930433184,1.1302359141409397,0.0024530551304451365,0.21211447450332344,2.6169487172737718,0.0076232729052208015,0.05217328213620931,1.8980974885635078,3.3309082193865025e-05,21.85678669810295,67.05076777935028,0.0005430068131815347,4.033814541995525,0.0658870187762659,-0.06971761118620634,0.27946807409171015,1.0,0.06599053778336383,0.1711808027466759,0.038954601710429415,0.609976502135396,0.17811178183183074,0.013976894500956405,0.1780881149461493,0.49444904481060803,0.31812502490356565,8.160491781309247,0.0
1,35389440,0.21597545698750764,1.0840920428745449,0.0023566849727103545,0.19414330332074314,2.3496652580797672,0.007036889761366183,-2.658623870921417e-05,0.020546542458760086,-0.03543305202765623,-0.2941604536026716,0.4658759254962206,-1.2508401237428188,0.3965775740798563,0.21597849507816136,1.0840920428745449,0.0023566849727103545,0.19417896773666143,2.3496652580797672,0.007036889761366183,0.052962308342102915,2.12254204088822,2.905915612929494e-05,17.840439930558205,72.14309722185135,0.0003114589902395437,4.0413617845624685,0.049244128458667547,-0.06990138161927462,0.2705819905968383,1.0,0.0663223383598961,0.1515256263082847,0.03518285040627234,0.5841370834968984,0.1842678947141394,0.013002626532397699,0.1842486813548021,0.5195332786533982,0.30940852011553943,6.651970067992806,0.0
1,35520512,0.31324460182804614,1.2067387853749096,0.0033725387916092586,0.2322729347506538,2.1493299333378673,0.007985240033121954,3.319271052504291e-05,0.03053513956547249,-0.036848512827418745,0.04347268092533341,0.6345526585355401,-0.7457961481995881,0.5393821883480996,0.31324460182804614,1.2067387853749096,0.0033725387916092586,0.2322729347506538,2.1493299333378673,0.007985240033121954,0.06217402935726568,2.5050675086677074,3.754841044045776e-05,12.026625141501427,45.39819172024727,0.0004356596177412797,3.874522041529417,0.06424645200604573,-0.07003812282346189,0.31573848228435963,1.0,0.07171819068025798,0.19210478838067502,0.03301257074053865,0.5825347686186433,0.27985965739935637,0.014673776480776723,0.27983059047255665,0.6663143094629049,0.3457224222365767,7.074383832514286,0.0
1,35651584,0.30142377025913447,1.1927968179807067,0.0028842669250934705,0.20872809423599392,2.545192782767117,0.007102249739546096,2.4478614683687283e-05,0.09423523917212151,-0.04733027618203778,-0.07399764520596364,0.5119407805614173,-1.0851727742701769,0.5417823237366974,0.3014227502280846,1.1927968179807067,0.0028842669250934705,0.20874467166140676,2.545192782767117,0.007102249739546096,0.0663100777019281,6.300162781961262,4.197957719276335e-05,10.529195003211498,62.628257393836975,0.00015363796783240957,3.813039554283023,0.048510517401155084,-0.06992504326626658,0.32521297759376466,1.0,0.07157019682927057,0.16631818970199674,0.03243681829189882,0.6519014097284526,0.2734589143656194,0.01314526660280535,0.2734233532100916,0.6282745730131865,0.3736700539011508,9.497029645368457,0.0
1,35782656,0.32617968225230776,1.1081824650367103,0.021279975163561175,0.2040768360843261,2.093005099122723,0.00820749920666761,-0.00014769497606096138,0.02170529138258037,-0.04201614763480999,0.004092082490978631,0.5022952557408522,-0.5160067465962492,0.4061316692580779,0.21040693577378988,1.1220745695754886,0.002120685092677377,0.20399616635404527,2.6673481818288565,0.0069117339935473865,0.048871300532482564,1.6862309316638857,3.642297148548357e-05,19.960120491683483,72.38722264766693,0.0003394246272838686,3.869818424805999,0.05861779351835139,-0.06978283217176795,0.28090077417436987,1.0,0.06596738679218106,0.16214675921946764,0.03710090849199332,0.6416793640237302,0.17440638120751828,0.013405314246483613,0.17438553064130247,0.5165671524591744,0.31284666270948946,6.742504078894854,0.0
1,35913728,0.30660282052122056,1.1518442393280566,0.003715946849752072,0.2030113567598164,2.257260898128152,0.008050940285102115,-0.00014900651920868313,0.02975079209136311,-0.04158640222158283,0.004753984671879152,0.5464938541408628,-0.548228305997327,0.5493084080517292,0.32429275582039574,1.1123908288238278,0.01958705677186873,0.20397413928196373,2.10883698336421,0.008192409190131178,0.053493439989214964,2.6082076580622737,3.822083766826386e-05,6.210424724490808,31.085646500505216,0.00015195158928426887,3.9486718075462135,0.03952393972270011,-0.06533885619277696,0.23499189018754355,1.0,0.07001904498488384,0.16370128290110594,0.029580155899467688,0.5673136451023529,0.2971934964431517,0.012482189033348787,0.29716300866734907,0.6424555594034224,0.31342447608574686,7.393386087425233,0.0
1,36044800,0.2700172484619543,1.105529212858528,0.002815016663589631,0.21349939226638526,2.5760540487244725,0.007389350600533362,6.361123307030425e-05,0.05038586899172515,-0.03329879711236572,-0.2252132229059498,0.4689141302369535,-1.1605355134233832,0.5203358172439039,0.2700180736137554,1.105529212858528,0.002815016663589631,0.21350867138244212,2.5760540487244725,0.007389350600533362,0.05248876730911434,3.2224679184146225,3.471943222282947e-05,15.071872226893902,66.66317337751389,0.0001744897992210781,3.9155027829110622,0.05287285678787157,-0.06907417881302536,0.28144721419084817,1.0,0.06893833068897948,0.17243964434601367,0.0351826676633209,0.6158621988724917,0.23594319121912122,0.013295336117153056,0.23592168558388948,0.5776510238647461,0.29338779323734343,6.229346359148622,0.0
1,36175872,0.2310476090060547,1.0861790352500975,0.0021793838318444614,0.20576005894690752,2.1818721210584044,0.0063996380131357,3.77371498787582e-05,0.02687363165023271,-0.02519924113585148,-0.23493414849508554,0.4944012798368931,-1.295730902813375,0.4713345349300653,0.23104532074648887,1.0861790352500975,0.0021793838318444614,0.20576761558186263,2.1818721210584044,0.0063996380131357,0.054974727652734146,1.8730681436136365,3.4991808342099695e-05,16.910240881145,74.60598814487457,0.00034345381426703625,3.89608290232718,0.0496620400226675,-0.07138719223439693,0.26436785352416337,1.0,0.06659939882229082,0.1657149486709386,0.03437069804931525,0.5756793669424951,0.19949764816556126,0.01324259087414248,0.19947630492970347,0.5491516042966396,0.30660818610340357,6.714107561856508,0.0
1,36306944,0.24883429694455117,1.1630873885005713,0.0021176949667278677,0.1858912514289841,2.352431094273925,0.006115605735431018,4.0013440020914004e-05,0.033252131659537554,-0.03131245257827686,-0.25737691950052977,0.4913245376665145,-1.2649663807824254,0.5039997030980885,0.2488359921844676,1.1630873885005713,0.0021176949667278677,0.18593037547543645,2.35264574829489,0.006115605735431018,0.047681247466243804,2.362413492053747,3.362265680806331e-05,16.423427022993565,73.06333351135254,0.0001638790502074272,4.015748763456941,0.037258692405885085,-0.06965689617209136,0.25618780055083334,1.0,0.06719439962762408,0.1425936981686391,0.03382799601240549,0.6012474903836846,0.224011184531264,0.013041890582826454,0.22398924047593027,0.6199647048488259,0.2952758769970387,6.977554947137833,0.0
1,36438016,0.21310291369445622,1.1197233530692756,0.0020997793176320556,0.19802399480249733,2.2852604798972607,0.006243053655452968,-2.5841767289591644e-05,0.028482047986472026,-0.03151361251366325,-0.24973738379776478,0.4137954921461642,-1.0418789368122816,0.47554601076990366,0.21310291369445622,1.1197233530692756,0.0020997793176320556,0.19802399480249733,2.2852604798972607,0.006243053655452968,0.05816089882864617,1.9366885107010603,3.5628124724240706e-05,15.529402695596218,59.6952665746212,0.00020705882099658623,3.996203050017357,0.04288596875267103,-0.06977444584481418,0.24838700029067695,1.0,0.06633692703326233,0.15517178550362587,0.03477685112738982,0.6351552754640579,0.18176207633223385,0.01278467276279116,0.18174163869116455,0.5318545468617231,0.30612928653135896,6.743199268355966,0.0
1,36569088,0.28242069215048105,1.2349509671330452,0.0030621166288256063,0.20721198618412018,2.127154973335564,0.00801559581032052,4.517783482071991e-05,0.034158070528064854,-0.028520344159915112,0.08157059651148302,0.6829529465176165,-0.7196137153077871,0.513550135307014,0.28242069215048105,1.2349509671330452,0.0030621166288256063,0.20721198618412018,2.127154973335564,0.00801559581032052,0.0568016201723367,2.3486565523780882,3.90074964662368e-05,13.268673367798328,45.5799814760685,0.00047672426709510773,3.957755032926798,0.07841594517230988,-0.06985782785341144,0.31810991442762315,1.0,0.07010902534238994,0.16516268474515527,0.034624047329998575,0.5543406368233263,0.24688115576282144,0.014542432865709998,0.24684986646752805,0.630865762475878,0.335646468680352,8.854210391640663,0.0
1,36700160,0.2923030940582976,1.2084513860754669,0.0027164218049620104,0.19777154631447047,2.401524342596531,0.007480377950741968,-4.495195555698217e-05,0.061266296324902214,-0.11443859984865412,-0.06257468967214663,0.5374275986105204,-1.0712220433633775,0.5747847082093358,0.29230526147875935,1.2084513860754669,0.0027164218049620104,0.19782336801290512,2.403200457803905,0.007480377950741968,0.06521477646310814,6.6445306818932295,3.905825726196327e-05,11.979066848754883,63.2903568148613,0.000190816174210795,3.8695158883929253,0.06385552781284787,-0.06945748650468886,0.28270490153227,1.0,0.07174858957296237,0.15487665426917374,0.03232025628676638,0.6333424495533109,0.26286502985749394,0.01359652687824564,0.2628228871617466,0.6013624500483274,0.35453144996427,10.003361646085978,0.0
1,36831232,0.2335722753840188,0.955259366457661,0.019688687423949885,0.16420647310093045,1.8905317272121707,0.0058823238880904676,-5.832593166966641e-05,0.027353522808407436,-0.038874963138029364,-0.18253976812114464,0.34972240214061456,-0.7118043216596319,0.21925695578257243,0.27399303403217345,1.1192432991228998,0.0026278918858224642,0.2235279440646991,2.3195913173258305,0.007572271648314199,0.05554798478260636,2.289158370345831,3.3158863180601794e-05,9.685788236558437,51.662751883268356,0.00020750857649520782,3.8012692276388407,0.03475353751855437,-0.07092984835617244,0.2711111354874447,1.0,0.06949278479442,0.1839371508685872,0.03269171099236701,0.6554312941152602,0.24518295575398952,0.013273809694510419,0.24514913524035364,0.6234364989213645,0.338884215336293,9.044854631647468,0.0
1,36962304,0.23374747054185718,1.0105965668335557,0.0018719124809649657,0.1625983837293461,1.9186096927151084,0.00553464181120944,-0.0002333470110897906,0.014972241628129268,-0.06963850755710155,-0.18342603195924312,0.3915575612336397,-0.8870008047670126,0.29211370553821325,0.2335891616642924,0.9605930725179882,0.017971407911373027,0.1640514765349946,1.8932380371401647,0.005848812362607959,0.04847374426745193,2.7678273048094777,3.5199878739734074e-05,12.153270061231634,41.822296180919444,0.0002564250340626007,4.125136975423399,0.0283648406615809,-0.06626162173069385,0.21805134004946933,1.0,0.06592102215417761,0.11950188826388085,0.031420078059849164,0.6204113912072975,0.21099964404445007,0.011704204032647828,0.21098732517706792,0.6098248270531017,0.22923398203586778,4.68912481953648,0.0
1,37093376,0.20876387099269778,1.0575872585177422,0.001966352147519501,0.1965689875651151,2.1847065975889564,0.006316839385362982,-2.564928096582264e-05,0.030831639847747283,-0.03920464600378182,-0.34113332151900977,0.4304489470086992,-1.2267591254785657,0.3709137523546815,0.20876688475254923,1.0575872585177422,0.001966352147519501,0.1966096677351743,2.1862359326332808,0.006316839385362982,0.0516427076945547,2.594382888171822,3.768801512338271e-05,20.67768034338951,70.88865441083908,0.000479594632428082,4.0644377414137125,0.049654167727567255,-0.06935483287088573,0.2581573255592957,1.0,0.06711507556610741,0.15345709607936442,0.03595956553181168,0.6517156253103167,0.1802757169934921,0.012980273699213285,0.18025943805696443,0.5708412060048431,0.24632896191906184,5.154359905049205,0.0
1,37224448,0.2186079842504114,1.0785288093611598,0.0021214804457940772,0.18270109419245273,2.2299914890900254,0.006678916977762128,-9.651711511793337e-06,0.02685012469009962,-0.030829437891952693,-0.2601529359817505,0.5106646409258246,-1.1378864054568112,0.34181063948199153,0.2186079842504114,1.0785288093611598,0.0021214804457940772,0.18270109419245273,2.2299914890900254,0.006678916977762128,0.05126764756278135,2.0415582680143416,3.091563006374365e-05,17.282118543982506,65.19608944654465,0.00025378068273518295,4.033156393095851,0.041562849713955075,-0.0700072175823152,0.24475138692650944,1.0,0.06594570784363896,0.1398095010081306,0.03367088046798017,0.6017454015091062,0.1944761489285156,0.012404790722939651,0.19445314863696694,0.5923987689893693,0.2700371036771685,8.65164827927947,0.0
1,37355520,0.2682320849271491,1.1200395356863737,0.002432188187867723,0.2059059296734631,2.1790170883759856,0.006278334222770354,-1.037665224146167e-05,0.028509074996691197,-0.031058121647220105,-0.12796870770398527,0.5315032885409892,-0.8841800661757588,0.4309149426408112,0.2682320849271491,1.1200395356863737,0.002432188187867723,0.2059059296734631,2.1790170883759856,0.006278334222770354,0.05721128897857852,2.1307458858937025,3.202573993332791e-05,11.3008476421237,50.65978667140007,0.0001972818773745555,3.953652998432517,0.033227204214199446,-0.07063255226239562,0.2537555512972176,1.0,0.06943944803788327,0.1641764099476859,0.03228875593049452,0.5732940286397934,0.24130241526290774,0.012851319734181743,0.2412782369647175,0.6279096957296133,0.3121177904540673,6.579205090180039,0.0
1,37486592,0.28063953248783946,1.1158839277923107,0.003115290051937336,0.19693816744256765,2.1218918468803167,0.0077708337321382714,4.6612495122388964e-05,0.03003193578479113,-0.035464414839225356,-0.051333018695004284,0.5022612388711423,-0.6848223460838199,0.5092592963483185,0.28063953248783946,1.1158839277923107,0.003115290051937336,0.19693816744256765,2.1218918468803167,0.0077708337321382714,0.05628169869305566,2.3303936533629894,3.7898372426429724e-05,8.079237006604671,39.29818335175514,0.0002612454294772526,3.8854797706007957,0.07079986986354925,-0.06947499397210777,0.32118383306078613,1.0,0.07225542719243094,0.15273412549868226,0.03344904624100309,0.5981433759443462,0.2518112027319148,0.01371225512411911,0.25177729362621903,0.6080259291920811,0.33165381546132267,9.336440954357386,0.0
1,37617664,0.2500721114920452,1.1575504844076931,0.002767953654029043,0.20886142295785248,2.485025499947369,0.007819270715117455,5.671095078696453e-05,0.0250012851684005,-0.025786897305806633,-0.21682223991956562,0.40874157287180424,-0.9619839736260474,0.5018528865184635,0.25007895252201706,1.1575504844076931,0.002767953654029043,0.2088773960713297,2.485025499947369,0.007819270715117455,0.05369928295840509,1.709328992292285,4.395042527360893e-05,14.684959433972836,55.41292482614517,0.000476966050008798,3.9666300173848867,0.08046261104755104,-0.07001140364445746,0.29345975490286946,1.0,0.0706126190489158,0.16557413956616074,0.03809129606815986,0.6066194258164614,0.2091257981956005,0.014322623006592039,0.20909740624483675,0.48312839632853866,0.338925575139001,8.136412855237722,0.0
1,37748736,0.20717947569210082,1.079258339945227,0.0020450154243008,0.19728383456822485,2.212533843703568,0.006847169386674068,2.5671129281867877e-05,0.02234983804373769,-0.04192496581526939,-0.39141655643470585,0.4057169547304511,-1.2502281186170876,0.44048899901099503,0.2071814191294834,1.079258339945227,0.0020450154243008,0.19732726970687509,2.212533843703568,0.006847169386674068,0.06210933919646777,2.531336969230324,3.879588398181255e-05,23.435148119926453,72.09184774756432,0.0011964709011831332,3.9846733137965202,0.08283504593418911,-0.0699223920237273,0.31802867026999593,1.0,0.06637295332620852,0.1537607287755236,0.0396899928455241,0.6222977684810758,0.16747391282115132,0.014340898858790752,0.16744226205628365,0.4617854517418891,0.33608290716074407,9.520943388342857,0.0
1,37879808,0.24424863611037534,1.0104101915905872,0.01964682909946229,0.16189148344720405,1.993916634420554,0.006223295578868904,-0.00011271693968315806,0.029593271691749884,-0.05873688526820236,-0.1440070792596786,0.3294079911419734,-0.7326707954788192,0.29429636443654694,0.2807549441931769,1.1734228511340916,0.002634242271824405,0.19617302005644888,2.4507498051971197,0.006787554194488621,0.053710090927779675,2.626882002223283,3.01156474069586e-05,12.108008284121752,54.26328867673874,0.00024171282290641471,3.9319919403642416,0.04765660467091948,-0.07003518519923091,0.3098469926044345,1.0,0.07084901770576835,0.15193345001898706,0.034559245279524475,0.571350016631186,0.25133423623628914,0.013206032461312134,0.2512804160360247,0.605599163332954,0.3558590500615537,13.264241829514503,0.0
1,38010880,0.24151612631976604,1.0970416809432209,0.001871813192906302,0.16176271729636937,2.220389813184738,0.006428497970773606,-4.572071046382575e-05,0.016368943706766004,-0.049154938431456685,-0.14424172410508618,0.3701156130991876,-0.7959797140210867,0.38815247640013695,0.24398526167272624,1.0187602146607206,0.017933574554252076,0.16187907225194287,2.0157453745424028,0.006243074122666948,0.051275244392931504,3.3944964066613466,3.5176904638483484e-05,9.837512464530441,42.33989353224927,0.0001721777582012156,4.100112267825977,0.034850438315855624,-0.06641273110745902,0.26144035064043053,1.0,0.0674973643757964,0.11554968732700918,0.03416994753565796,0.5874668834730983,0.2228522284113499,0.012175808226933748,0.22282682259914927,0.6282073902751667,0.32516706273161683,7.188901553839355,0.0
1,38141952,0.26389844878576696,1.0952421259135008,0.0024862222717274562,0.20578967814799398,2.2523871762678027,0.007261592832946917,-5.79248891661166e-05,0.030381833679712145,-0.03965423634508625,-0.11762547481339425,0.5045535531826317,-0.7960840361192822,0.4702206519432366,0.26389844878576696,1.0952421259135008,0.0024862222717274562,0.20578967814799398,2.2523871762678027,0.007261592832946917,0.057295660983072594,2.5956390290521085,4.1911851401899014e-05,10.43923207372427,45.61225602030754,0.00026096319982649163,4.005549414083362,0.03826383041450754,-0.06988870911300182,0.2504612939665094,1.0,0.06986759445862845,0.16357839351985604,0.03326525322336238,0.5922788018360734,0.23093594866804779,0.013256374884804245,0.23090973030775785,0.5732570898253471,0.32149122084956616,7.079787934198976,0.0
1,38273024,0.2730430298252031,1.2506364975124598,0.0033118209248641506,0.20194458158221096,2.0781834982335567,0.007704869001827319,3.400908854445106e-05,0.03773321025801124,-0.03604051595175406,-0.04415218894428108,0.5352290077134967,-0.7165862126275897,0.4981040908023715,0.2730430298252031,1.2506364975124598,0.0033118209248641506,0.20194458158221096,2.0781834982335567,0.007704869001827319,0.0682597076811362,2.7152259061113,4.4207419110431356e-05,8.956877082586288,41.23770087957382,0.00037526764234385723,3.9918246436864138,0.0941355699324049,-0.06940755154937506,0.3412201980827376,1.0,0.07113089022459462,0.15907247515860945,0.03382672692532651,0.596571835456416,0.23645134968683124,0.014435713383136317,0.23617030878085643,0.54203603672795,0.35398795851506293,51.67662265151739,0.0
1,38404096,0.26542141241952777,1.112518975045532,0.002667623773959349,0.19683880684897304,2.2758236723020673,0.007510118126447196,1.9110540357303307e-05,0.03173945705930237,-0.028964535536943004,-0.027838837973831687,0.44831749191507697,-0.801170720718801,0.5285729977767915,0.2654234594665468,1.112518975045532,0.002667623773959349,0.19683789170812815,2.2758236723020673,0.007510118126447196,0.05652666260721162,2.2088667382486165,4.725490960710843e-05,8.140992224216461,45.903701573610306,0.0002422221947950831,3.9566456507891417,0.06721049509360455,-0.0700935481581837,0.28973213769495487,1.0,0.07244369195541367,0.15257517853751779,0.03318345146544743,0.637758262688294,0.23364142316859215,0.013347176849492826,0.2335920244222507,0.5264015661086887,0.333944589830935,11.157073091715574,0.0
1,38535168,0.2998625566251576,1.1403926461935043,0.003128115053186775,0.19469213346019387,2.367782407440245,0.007346714116465591,-7.0668771659399e-05,0.01711505502316868,-0.03315166768152267,-0.03927265286620241,0.47573038074187934,-0.645894339773804,0.5387994209304452,0.2998625566251576,1.1403926461935043,0.003128115053186775,0.19469213346019387,2.367782407440245,0.007346714116465591,0.048452048358740285,1.9880431559868157,3.322168728492336e-05,6.559078324586153,37.00865750014782,0.00013954865476950573,3.9244820326566696,0.041726035153260455,-0.07002376578748226,0.29400006507057697,1.0,0.07062763243447989,0.15187475236598402,0.03119992469146382,0.5673150904476643,0.27386342850513756,0.01247942656482337,0.27381357143167406,0.6419590511359274,0.3657399541698396,11.156587153673172,0.0
1,38666240,0.27428235206753016,1.1834570108912885,0.002396823945446158,0.19600568222813308,2.569051029160619,0.0066920648196173715,7.338069540674397e-06,0.02079162069276208,-0.028282652761845384,-0.19243744283448905,0.41331917559728026,-0.9540367624722421,0.5426315169315785,0.27428856887854636,1.1835459903813899,0.002396823945446158,0.19601513433735818,2.569051029160619,0.0066920648196173715,0.04777414372074418,1.7895811861380935,3.553945053877405e-05,12.640476912260056,54.88813874125481,0.00018634023327201987,3.8432043995708227,0.040767284110188484,-0.06951293931342661,0.2740786976646632,1.0,0.06789920484879985,0.15408906538505107,0.03266486764186993,0.5839356139767915,0.24739368609152734,0.012883419716672506,0.24735586682800204,0.6385339982807636,0.36134732235223055,9.365027531981468,0.0
1,38797312,0.20494744717143476,1.0988002703525126,0.0018522165339618368,0.17229115520603955,2.220359606668353,0.006303234405550029,1.5545008469786126e-05,0.021270124445436522,-0.024412549504631897,-0.297480673994869,0.3493071966804564,-1.0726379458792508,0.4542477638460696,0.20494744717143476,1.0988002703525126,0.0018522165339618368,0.17229115520603955,2.220359606668353,0.006303234405550029,0.05008340434869751,1.6971145239658654,3.831455420622021e-05,17.98863483965397,61.45762771368027,0.0002515981363777446,3.9439466279000044,0.05065303671290167,-0.06978902220726013,0.25693636713549495,1.0,0.06545351096428931,0.12831386795733124,0.03435670204635244,0.6059140337165445,0.1762165433028713,0.012877845438197255,0.17619887180626392,0.5317295140121132,0.31832884927280247,6.283558771014214,0.0
1,38928384,0.23952719480420154,0.982185518691937,0.020201720980833972,0.13488640140742064,1.8172091652452946,0.004527513985037028,-0.00010095176182337204,0.028925533766159785,-0.07396446387089478,-0.18808021569787114,0.3228129081743343,-0.7869121217965342,0.24536643624305726,0.24222689226735383,1.1520402519963682,0.0020621088424377376,0.190855399123393,2.4968391386792064,0.006597355230951507,0.05655716671026312,2.98407076112926,3.7508933891872154e-05,14.191082015633583,62.94649112224579,0.00019075242894750488,4.023646425455809,0.044661947031272575,-0.071401197463274,0.26851965801324695,1.0,0.06804187115631066,0.1467501687584445,0.03395451663527638,0.5690048502292484,0.21312152035534382,0.013216694271250162,0.2130944087402895,0.5735737492796034,0.35073447600007057,7.840523840859532,0.0
1,39059456,0.2299397907918319,1.0713197351433337,0.000995635908168424,0.13245900347828865,2.052694904152304,0.004589543803376728,-4.720204781705206e-05,0.04116295592393726,-0.09086937925894745,-0.19369595812167972,0.3552275395486504,-0.8433278221637011,0.3672235393896699,0.23860310767047915,0.990776768470385,0.018350532058167415,0.13465243534196214,1.8399065858628376,0.004533492762708324,0.06458471556045452,4.345591233656124,3.7331118293758875e-05,12.665223176912292,45.409983012699016,0.00013962138093165377,4.090165351169655,0.041246797004543666,-0.06738202314240387,0.328126095224127,1.0,0.061832418216459725,0.0893104626609192,0.03152808822629726,0.55249413010294,0.22150924454544144,0.011675080869708726,0.2214762318419315,0.6431097085980406,0.3911819845460445,7.325277661814926,0.0
1,39190528,0.2994736721739173,1.1489725904539227,0.002883067961420238,0.21908745740074664,2.459361701272428,0.007227700069051934,-3.535562002809911e-05,0.03251786198961781,-0.04471408320387127,-0.12252575636375695,0.429328826488927,-0.8596967849880457,0.4491792069748044,0.2994736721739173,1.1489725904539227,0.002883067961420238,0.21908745740074664,2.459361701272428,0.007227700069051934,0.05658796604257077,2.659722013399005,3.733760623425564e-05,9.002178587019444,49.25699809193611,0.00014454555103571298,3.9122620448470116,0.030302511251647957,-0.0698548371437937,0.2694656102685258,1.0,0.06970680187805556,0.1788645125925541,0.03113913265406154,0.6121819175314158,0.2713941091205925,0.012671555065026041,0.27122630598023534,0.6380635965615511,0.4375792872160673,28.408167615532875,0.0
1,39321600,0.24781514098867774,1.1230833600275218,0.002303124850641325,0.19453145284205675,2.3622338604182005,0.006667916615697322,6.090888216192525e-05,0.02908692647179123,-0.02483729909727117,-0.32087703980505466,0.38084636942949146,-1.2083871071226895,0.4713322853203863,0.24781646928749979,1.1230833600275218,0.002303124850641325,0.1945564589696005,2.3622338604182005,0.006667916615697322,0.05355504580074921,2.015842707362026,4.097027933158692e-05,19.222337529063225,69.64953130483627,0.0001774201957489563,3.956159081310034,0.05189504087320529,-0.06957648904062808,0.31206582055892795,1.0,0.06897161324741319,0.15061792358756065,0.03580475253693294,0.6203705214429647,0.21881155925802886,0.013045035280811135,0.21877924376167357,0.5822212933562696,0.35671025491319597,7.6785604022443295,0.0
1,39452672,0.26672218390740454,1.0488179912790656,0.0029314011230781034,0.2010497956071049,2.219223879277706,0.007563545721495757,-1.5633121030589336e-05,0.032683952362276614,-0.03904303448507562,-0.10692510159242374,0.6125703889410943,-0.8731783786788583,0.47836055932566524,0.26672218390740454,1.0488179912790656,0.0029314011230781034,0.2010497956071049,2.219223879277706,0.007563545721495757,0.06664090239792131,2.6984214717522264,4.113442607911466e-05,11.687837604433298,50.02943640947342,0.00022891862998619672,3.839894574135542,0.04854107214487158,-0.07069345307536423,0.3327685740077868,1.0,0.07234008831437677,0.156507637235336,0.03379276611667592,0.6035425795707852,0.23418995551764965,0.013577075602370314,0.23415989871136844,0.5674745608121157,0.35451394179835916,8.482028514146805,0.0
1,39583744,0.3185949483886361,1.207097643520683,0.0030395160117677733,0.2042467591818422,2.36574056558311,0.006698088159282634,-4.549053970492878e-05,0.026037120282126125,-0.07248123105091508,-0.06760652502816811,0.47150979237630963,-0.7051427154801786,0.5523124083410949,0.3185949483886361,1.207097643520683,0.0030395160117677733,0.2042467591818422,2.36574056558311,0.006698088159282634,0.056973156897583976,4.218748049810529,3.5178842620497974e-05,7.309794709086418,40.48450943827629,0.00012716584897098926,3.881012285128236,0.04013828650931828,-0.06990184378810227,0.2940870840102434,1.0,0.07279518304858357,0.16108011140022427,0.030746109288884327,0.639068695018068,0.29265362466685474,0.013254948695248459,0.2926098594907671,0.6537759811617434,0.3892401691991836,9.487494722008705,0.0
1,39714816,0.2862736894749105,1.119859802071005,0.0025266170071063243,0.19855007284786552,2.5131121454760432,0.006714751713388978,-4.467848152955867e-05,0.024524508880858775,-0.0395141981789493,-0.1164978370652534,0.4074415829963982,-0.8218534919433296,0.5486890848260373,0.2862736894749105,1.119859802071005,0.0025266170071063243,0.19855007284786552,2.5131121454760432,0.006714751713388978,0.050460901838960126,2.5018288735300303,3.640063420840001e-05,8.289418954402208,47.08873701095581,0.0001886870351892611,3.879187511280179,0.03575066747725941,-0.06966067012399435,0.27941553527489305,1.0,0.0716336058685556,0.1546790129505098,0.03215109510347247,0.6639764308929443,0.25904833362437785,0.013142970739863813,0.2589891703100875,0.6208817721344531,0.4130713124759495,12.327646672725677,0.0
1,39845888,0.2820673771202564,1.1433810931630433,0.0031153389700193657,0.2075964210089296,2.527451941743493,0.007795327312123845,8.160706279625174e-06,0.03761189066426596,-0.02819157889462076,-0.1169151221984066,0.3962254240177572,-0.7442021840251982,0.5416221795603633,0.2820673771202564,1.1433810931630433,0.0031153389700193657,0.2075964210089296,2.527451941743493,0.007795327312123845,0.055355385469738394,2.4555551866069436,3.4642556478045594e-05,8.419061560183764,42.63964480161667,0.000175877596188867,3.919897846877575,0.05190116984886117,-0.06954624084755778,0.3131153240101412,1.0,0.07233347347937524,0.1642705479171127,0.03301520064997021,0.6321041288319975,0.2485096383607015,0.013137117341102567,0.2484562568133697,0.5549604161642492,0.37833510735072196,13.341688364744186,0.0
1,39976960,0.29030775563170513,1.0549303328742583,0.016505355994595447,0.20588161382513742,2.266144742618004,0.007700467259467891,-5.431427960540229e-05,0.039570808658609166,-0.03864333795713416,-0.08632275688276878,0.38150707384639343,-0.580087135732368,0.3945386954645316,0.2337111282395199,1.1789384572766721,0.0032501322612006334,0.22416773333679885,2.7989491960033774,0.00885417718473036,0.05576217925408855,1.5391308413818479,4.26137274853744e-05,16.181239560246468,49.23759871721268,0.0006763937683373911,3.9095753021538258,0.09510171227157116,-0.06951918639242649,0.31917518307454884,1.0,0.07310983224306256,0.17987059499137104,0.04120859917020425,0.6242964854463935,0.18673410650808364,0.014745584048796445,0.1866998311597854,0.4153699700254947,0.37284530978649855,9.093147616833448,0.0
1,40108032,0.27579475892707705,1.1060399832203984,0.0030378509759430017,0.20583871053531766,2.396370722912252,0.007460919288860168,-2.702046673519476e-05,0.026983765957993455,-0.029407126596197486,-0.09041214629542083,0.4135085802990943,-0.6106591038405895,0.5211088999640197,0.28890891257583734,1.0598565642329225,0.015207283221713283,0.2058774785682873,2.2786966443331127,0.007677378298445459,0.05264743703139766,2.9769891397999486,3.7698499280869995e-05,7.173737102038093,33.46440889214514,0.0001740476400233604,4.005902562155781,0.02478102962705163,-0.06548299696520869,0.22963730694658785,1.0,0.07296589294768287,0.16106712189222494,0.031465038815681565,0.6201739373044616,0.2623073402455593,0.012656055218666366,0.2622770863102682,0.6268703766077398,0.2911985049428171,7.848095445893705,0.0
1,40239104,0.27273913903627545,1.0889459108002484,0.0037282899020283367,0.2102952116401866,2.172579244710505,0.007894309756920848,-2.408743802106983e-05,0.03500883004744537,-0.034900244463642593,-0.011952177550142551,0.5270382717717439,-0.8372582141309977,0.530772433616221,0.2728277960559353,1.1111510815098882,0.0037282899020283367,0.21057494590058923,2.279199951328337,0.007894309756920848,0.08045966175268404,10.834505877457559,3.72468296271633e-05,10.61076656728983,51.203604370355606,0.0006405625850467445,3.9729744605720043,0.10434389146394096,-0.06912369024939835,0.3793578020995483,1.0,0.07751043257303536,0.1630528256064281,0.036428956387680955,0.6373795811086893,0.22541690431535244,0.015458536756341346,0.22543059661984444,0.4782549499068409,0.3397350686136633,16.490989102050662,0.0
1,40370176,0.27587595395743847,1.1493646604940295,0.0031523522557108663,0.22975100472103804,2.3332654824480414,0.00840105575753114,1.7622252407534233e-05,0.030054852046305314,-0.03651085801539011,-0.14053042073101096,0.4748822303954512,-0.9453234900720417,0.5294273314066231,0.2758860185276717,1.150853231549263,0.0031523522557108663,0.22979383228812367,2.3498179903253913,0.00840105575753114,0.06799928151303902,3.802145470865071,4.477118824652848e-05,11.831568226218224,54.744263023138046,0.00031502787589166026,3.8970910347998142,0.08467726377421059,-0.06927828770130873,0.3337977877818048,1.0,0.07363264844752848,0.18742768047377467,0.03603579796617851,0.5692638463806361,0.23646518879104406,0.01443475721316645,0.2364362176740542,0.5124377442989498,0.3402498553041369,10.322643302381039,0.0
1,40501248,0.2699783354764804,1.0669769798405468,0.002115617139679671,0.17524265288375318,2.148888916708529,0.006087547449624253,2.9254271211698324e-05,0.021797304580104537,-0.023107283446734073,-0.1759933567373082,0.5875326779205352,-1.2436160370707512,0.5316074176225811,0.2699770452454686,1.0669769798405468,0.002115617139679671,0.17527053772937506,2.148888916708529,0.006087547449624253,0.05384275451069698,1.5956244356930256,3.759080612453225e-05,13.748321831226349,71.69471797347069,0.00018493926606000244,3.931219283491373,0.052031496103154495,-0.0698596031870693,0.3005620292387903,1.0,0.06940009980462492,0.12964116799412295,0.032939737633569166,0.5342505169101059,0.24608628277201205,0.013294601420057006,0.2460349230095744,0.6369201210327446,0.35604439908638597,12.757817301899195,0.0
1,40632320,0.24824438255745918,1.1372831449843943,0.0028842689589509973,0.22277209197636694,2.330463031306863,0.007626812972375774,4.79304039977535e-05,0.02848488880408695,-0.03182308484247187,-0.2299348001834005,0.4101104694418609,-1.0712561286054552,0.4995450854767114,0.24824438255745918,1.1372831449843943,0.0028842689589509973,0.22277209197636694,2.330463031306863,0.007626812972375774,0.06176518546999432,2.158485563006252,3.2582863602970136e-05,14.478750959038734,61.37845581769943,0.00027572000763598226,3.9198692217469215,0.054729217634303495,-0.06990975863300264,0.2926810826174915,1.0,0.06899105862248689,0.18234640720766038,0.03562881876132451,0.5904941151384264,0.2121842736378312,0.013711186984437518,0.212155144312419,0.5103018335066736,0.35348659264855087,7.4155797977000475,0.0
1,40763392,0.2657584777334705,1.1246090419590473,0.002824567472544004,0.19471942307427526,2.512150046415627,0.006834020936366869,-1.4309218876462637e-05,0.035026849691348616,-0.03949327646114398,-0.1778939652722329,0.48491296055726707,-1.0410119066946208,0.5004384850617498,0.26576038263738155,1.1246090419590473,0.002824567472544004,0.19473284797277302,2.512150046415627,0.006834020936366869,0.05673653935082257,2.784736543893814,3.384743786383204e-05,11.480524510145187,59.80754578113556,0.00019291714677560634,3.920031148940325,0.0395232247246895,-0.07012910698540509,0.283324736636132,1.0,0.06924518005689606,0.15148672461509705,0.03296431303897407,0.6506088662426919,0.2336500680539757,0.012924085596750956,0.23361776291858405,0.5700690853409469,0.3531326176598668,8.517799228429794,0.0
1,40894464,0.3005521926097572,1.1024536564946175,0.0031140896192027867,0.20620462205260992,2.3356440933421254,0.007163879850850208,-6.727640731440943e-05,0.023242515882884618,-0.03315114274300868,-0.031106501653084706,0.5037256423383951,-0.7434552777558565,0.5484794259537011,0.3005521926097572,1.1024536564946175,0.0031140896192027867,0.20620462205260992,2.3356440933421254,0.007163879850850208,0.05482106743147597,2.1316983005963266,4.4886195671223206e-05,8.417505040764809,42.59685015678406,0.00016295696587143027,3.85786834359169,0.04748955651302822,-0.06967986724339426,0.295460045337677,1.0,0.07267644669627771,0.16380924824625254,0.030119377275696024,0.573215234093368,0.2746785539202392,0.013191793776059058,0.2746292898664251,0.6410103505477309,0.35380736365914345,13.242877136915922,0.0
1,41025536,0.2732810497780641,1.0972375905513765,0.015664489634958347,0.21544430666292708,2.257517258922259,0.00718778124514453,3.780985590992714e-05,0.022062792343980012,-0.025529375105009723,-0.19337333266594214,0.35083186563036484,-0.876367344319539,0.3785506611814101,0.28748532361350954,1.1237664660438895,0.0036597472721950908,0.201639887643978,2.160000312142074,0.007762220958397847,0.062255936209112406,2.063190761487931,4.137202999854317e-05,9.803327221423388,37.22021064162254,0.0006521423869152443,3.8464205730706453,0.08758128352928907,-0.06864557089284062,0.3514100431930274,1.0,0.07520099706016481,0.15626921644434333,0.034426060621626675,0.5901967834215611,0.25041667360346764,0.015022680032416247,0.2503847456537187,0.5691641415469348,0.32699136435985565,7.651034964248538,0.0
1,41156608,0.2640166237251833,1.125447795726359,0.0024616068681098113,0.2120291362516582,2.32278024405241,0.0066625980762182735,8.185501258139993e-05,0.06425399579165969,-0.019865037909767125,-0.20161013852339238,0.3698945342330262,-0.8579631755128503,0.46773407864384353,0.272560922226992,1.1413786900959102,0.0143919226212862,0.21559833267883186,2.422721989452839,0.0071371611806697105,0.06265654029809949,13.51743709891249,3.988468242987774e-05,12.523268153613254,54.38605402001034,0.0003603104452239523,4.074798306068742,0.09661222070465018,-0.06588980465768332,0.37508000835147964,1.0,0.07211703816653196,0.17280221097900655,0.033897333033312764,0.557776366932744,0.23468828026811223,0.01381237231544219,0.23472895497927465,0.5119901853557451,0.3383341578497405,20.181938323686012,0.0
1,41287680,0.26032230840064585,1.1545216850936413,0.002266708476099666,0.19515331904403865,2.3381853802129626,0.007411234361370589,7.668158978901829e-05,0.09994850889779627,-0.03523356076766504,-0.25647129013668746,0.3801271303091198,-1.1632108623161912,0.5024276820477098,0.2603500474942848,1.1572704473510385,0.002266708476099666,0.19522459781728685,2.343692068941891,0.007411234361370589,0.057809153688140213,8.240616880357265,3.337144751425214e-05,15.63362392038107,67.39375829696655,0.00029330037136013343,3.9606841821223497,0.06008963301428594,-0.06955107511021197,0.2831855354597792,1.0,0.06872097792802379,0.15258207044098526,0.03483654250157997,0.5911626475863159,0.23081041872501373,0.013485064693668392,0.23079911107197404,0.6094198420178145,0.3163497098721564,11.193467563018203,0.0
1,41418752,0.23514389107003808,1.1103215515613556,0.0019537917423804174,0.19973374088294804,2.324123959057033,0.006912664699484594,2.0569602156683686e-05,0.0390192912745988,-0.03267756338027539,-0.20582563453353941,0.45302107417955995,-0.9826210490427911,0.480492735048756,0.23514645267277956,1.1103215515613556,0.0019537917423804174,0.19973236427176744,2.324123959057033,0.006912664699484594,0.0559906319831498,2.4617054909467697,3.271291184109293e-05,13.547565154731274,56.30003955960274,0.00023957241236605142,3.9465189557522535,0.04293192221666686,-0.07033563894219697,0.2862123412778601,1.0,0.0680605701636523,0.1571931061334908,0.032831687669386156,0.6170229287818074,0.2079335319576785,0.013101982571242843,0.20761253265663981,0.5763895674608648,0.3574332825373858,52.50925252214074,0.0
1,41549824,0.3243616468971595,1.1726732216775417,0.0034812455910469,0.2223119285190478,2.486640825867653,0.007931747577458736,4.9250032006398214e-05,0.04891889939608518,-0.030118860500806477,-0.11475244659231976,0.4484922874253243,-0.823182332329452,0.521076537668705,0.32439032511319965,1.1839936724863946,0.0034812455910469,0.2223825304536149,2.5129712084308267,0.007931747577458736,0.06698266003513709,5.707535805180669,3.607278836170735e-05,8.854511957615614,48.205074191093445,0.00013918766310183628,3.8925751503556967,0.048150069545954466,-0.06981163937598467,0.3656283663585782,1.0,0.07268550305161625,0.18175524252001196,0.03053941307007335,0.5542000199202448,0.2892795563675463,0.013627244188683107,0.28927501337602735,0.6249924744479358,0.3609509873203933,12.25182107836008,0.0
1,41680896,0.2892248035641387,1.1772446809336543,0.0029599154327115684,0.2453524572774768,2.549993329681456,0.008124442333610205,-5.0927136150846763e-05,0.034128864463127684,-0.032041268721513916,-0.16616124584106728,0.4803062155842781,-0.8226504111662507,0.5469724263530225,0.289231397327967,1.178132489323616,0.0029599154327115684,0.24538025492802262,2.5614945450797677,0.008124442333610205,0.06411643620231189,3.8051079497672617,3.8536564366697945e-05,11.62739185243845,47.50104287266731,0.00027478758250154556,3.8537573479115963,0.046366310329176486,-0.06966960174031556,0.25663233280647546,1.0,0.07098731707083061,0.20600210584234446,0.034061629194184206,0.7122088139876723,0.25351063476409763,0.013886817083403002,0.253482598811388,0.5956389047205448,0.35594516107812524,10.190890872851014,0.0
1,41811968,0.24659423856064677,1.1364271203055978,0.002953026700652117,0.21521806833334267,2.31260466016829,0.006815444218773337,-8.169988848294452e-05,0.03038982649013633,-0.04124116983439308,-0.18018940137699246,0.43019022536464036,-0.9091574251651764,0.5130088422447443,0.24659423856064677,1.1364271203055978,0.002953026700652117,0.21521806833334267,2.31260466016829,0.006815444218773337,0.06237493606749922,2.6154451458714902,3.433312656153653e-05,12.545013353228569,52.090883910655975,0.0002745441057596665,3.8876536078751087,0.04279704098007642,-0.07022859062999487,0.2464591102907434,1.0,0.0693960593198426,0.17293752718251199,0.03383638804371003,0.5862103493418545,0.2131846323609352,0.013246062735561281,0.21314956527203321,0.556260941317305,0.36060655303299427,9.076044298708439,0.0
1,41943040,0.269086885266006,1.1559473993256688,0.0029966905435685476,0.2069219935219735,2.454660778865218,0.00799580542889089,-4.059739390527284e-05,0.02851587486657081,-0.034651070323889144,-0.15242329775355756,0.41006902512162924,-0.8952385294251144,0.5163666014559567,0.269086885266006,1.1559473993256688,0.0029966905435685476,0.2069219935219735,2.454660778865218,0.00799580542889089,0.05916383504518308,2.199654260184616,3.058164269176267e-05,10.381452403962612,51.29339003562927,0.00015739858536933937,3.9475352503359318,0.033840754273114726,-0.06994455005042255,0.25681153987534344,1.0,0.07005565200233832,0.16451028501614928,0.032998304537613876,0.5787520792800933,0.23864212073385715,0.012777886098774616,0.2386056911200285,0.5819400190375745,0.34473384940065444,10.122497528791428,0.0
1,42074112,0.26261633245895305,1.0314353241274754,0.017747302173690208,0.1936876595392823,2.102685424660643,0.007010497483570362,-1.5273657844924555e-05,0.031859333845980775,-0.039845118151861245,-0.21079118900327104,0.33642336160516906,-1.0998980052743477,0.3127395338813464,0.2563417290803045,1.1294029052369297,0.0025537824026287126,0.19951447611674666,2.5162627939134836,0.007498932030102878,0.0612213411659468,4.09883685503155,3.98540595495378e-05,10.649083815515041,45.497681707143784,0.00015709146702791443,3.9014752693474293,0.03485418079071678,-0.07029552292078733,0.2497471022652462,1.0,0.06897956656757742,0.15688548132311553,0.033100073676905595,0.7777998069068417,0.22939940774813294,0.012796752183930948,0.22936505952384323,0.5746123739518225,0.3251276018563658,11.034229490906,0.0
1,42205184,0.25514188525266945,1.0970255974680185,0.002477676599255574,0.19233570562209934,2.2271892959252,0.006667288026619644,-4.374411119556498e-05,0.026589994376990944,-0.0271381454585935,-0.22054921369999647,0.3619396169669926,-1.1686801156029105,0.41433955263346434,0.26189697410417606,1.038207148908671,0.016275531033985668,0.19355974318347421,2.116072552547936,0.00697741705398475,0.057495770405091524,2.6756234062942172,4.160971886040696e-05,13.579002004010176,63.41747355324789,0.0001900619965249239,4.0426442939114855,0.04568811163629008,-0.06555330407727196,0.24469064121100917,1.0,0.06756221013934721,0.15047622793802926,0.032797776492935304,0.6289810187531164,0.23194969532988877,0.012407919580287984,0.23192076546039028,0.5645775959703577,0.31875270304932113,8.526522890159702,0.0
1,42336256,0.2692108212504536,1.1137164253741503,0.0028382024840993836,0.20936350745614618,2.356221705675125,0.007085571647621691,-2.8354909119343574e-05,0.05230349570774706,-0.03645146034978097,-0.12122854019980878,0.49133183248341084,-0.7751759197562933,0.4642203110270202,0.2692108212504536,1.1137164253741503,0.0028382024840993836,0.20936350745614618,2.356221705675125,0.007085571647621691,0.05935888708336279,3.3843359919264913,3.599107655738454e-05,9.428635075688362,44.41430899500847,0.00016912691880133224,3.947327459231019,0.03241228040133137,-0.07128592138178647,0.23943516332656145,1.0,0.06863964663352817,0.1683949721045792,0.031085783120943233,0.6149975835578516,0.24230283743236214,0.01269664688152261,0.24227350461296737,0.6097514051944017,0.32854091422632337,8.132798504084349,0.0
1,42467328,0.32949185161851346,1.1151741538196802,0.0028940871402483026,0.19415156973991543,2.333986531943083,0.006835142723957688,-8.773877570433797e-05,0.02337967242783634,-0.034153406842960976,-0.033644311217358336,0.4859127050731331,-0.607395654078573,0.558075753506273,0.32949185161851346,1.1151741538196802,0.0028940871402483026,0.19415156973991543,2.333986531943083,0.006835142723957688,0.05271042571985163,2.01160741597414,3.379068024494947e-05,5.429435774683952,34.95950147509575,0.00013890365146984607,3.8784860279411077,0.027113913543871604,-0.06961302948184311,0.2610388690372929,1.0,0.07234918622998521,0.15010629186872393,0.029620027911732905,0.629932862939313,0.3086189266759902,0.012962148852238897,0.3085522602777928,0.711813879199326,0.36764554562978446,15.799844603985548,0.0
1,42598400,0.3323658974841237,1.1596645377576351,0.003431959348517921,0.2697093108436093,2.249911868944764,0.007868534056342469,-4.385046894839206e-05,0.03697935349191539,-0.0414269110042369,0.0190760600635258,0.4873742153868079,-0.5632798317819834,0.5742924422957003,0.3323658974841237,1.1596645377576351,0.003431959348517921,0.2697093108436093,2.249911868944764,0.007868534056342469,0.07639272848609835,2.7261150339618325,4.554179899596278e-05,7.136770278215408,32.54342405498028,0.0002512767426967599,3.861996142193675,0.056147862604120746,-0.06810276419855654,0.2780986097641289,1.0,0.0751634839689359,0.23244862700812519,0.030279670856543817,0.6000731755048037,0.30165120773017406,0.014362157002324238,0.3015937670134008,0.6336108506657183,0.4055470514576882,11.193195253610611,0.0
1,42729472,0.2795437009772286,1.0582793857902288,0.0020711029944777692,0.17401581979356706,2.3492089053615928,0.006366605145558424,-5.4153424748903944e-06,0.03229310052120127,-0.03061688879824942,-0.05703135345447663,0.5569567629136145,-0.7972106556408107,0.5460199492517859,0.2795437009772286,1.0582793857902288,0.0020711029944777692,0.17401581979356706,2.3492089053615928,0.006366605145558424,0.05214031838113442,2.3209243780002,3.861704208385497e-05,9.292103387415409,45.6768064647913,0.00017738345730222704,3.8766691759228706,0.04586006040335633,-0.0697735408321023,0.25623248191550374,1.0,0.06938321335474029,0.12869419710477814,0.030996592933661304,0.5636712240520865,0.25855446932837367,0.012635420127480756,0.2585062978323549,0.654666053596884,0.3833838060963899,10.072418089956045,0.0
1,42860544,0.24104233481921256,1.1053711068816483,0.0022200159044132306,0.17827893479261547,2.605608643963933,0.006357570266118273,-4.874679585498143e-05,0.03248870474999421,-0.04575407897209516,-0.17468209093203768,0.5349523236509413,-0.9229250568896532,0.5150146663654596,0.24104233481921256,1.1053711068816483,0.0022200159044132306,0.17827893479261547,2.605608643963933,0.006357570266118273,0.05475054067210294,3.3455098858103156,3.588813121901957e-05,13.339929774403572,52.87971103191376,0.00015580015104799116,3.904712103307247,0.041566235915524885,-0.0698778722435236,0.2356602941872552,1.0,0.06684912130003795,0.1336446126224473,0.03186774165078532,0.593524751951918,0.21746382606215775,0.012894647137727588,0.21742889494635165,0.6045773806981742,0.31619586516171694,10.79376682266593,0.0
1,42991616,0.22793049039319158,1.041971696075052,0.0018716275449150999,0.18674889812245965,2.3153350157663226,0.006116844238022168,-5.140133323067175e-05,0.0239608062474872,-0.03678813541773707,-0.19020466576330364,0.5214260849170387,-0.9316767170093954,0.5164818412158638,0.22793049039319158,1.041971696075052,0.0018716275449150999,0.18674889812245965,2.3153350157663226,0.006116844238022168,0.055630074639339,2.335501739755273,3.099605620904278e-05,14.80812494456768,53.381144523620605,0.00023711185620367559,3.982217101380229,0.04920518078142777,-0.06994941574521363,0.22827029437758029,1.0,0.066505898401374,0.1430689588887617,0.03149391537590418,0.5581147307530046,0.2055144829209894,0.012794877002306748,0.20548885152675211,0.5951032005250454,0.28122891625389457,7.821999166160822,0.0
1,43122688,0.2808480615541339,1.0491161924352248,0.0181686984103726,0.17736590761691332,2.1390359690288703,0.006920641162990553,-0.00012370898382888147,0.020117345544761824,-0.05505890194530366,-0.10178684179102865,0.37765797938656764,-0.5791757506483797,0.34854246976474923,0.28234983375295997,1.054181205574423,0.0024824069621445233,0.18884337437339127,2.12476903013885,0.006112705478699354,0.057479456590954214,5.323356945067644,2.858710125386299e-05,8.167519252747297,38.850065886974335,0.00014161973127446714,3.9031387083232403,0.026780085216159932,-0.07166169257834554,0.24320490600075573,1.0,0.06856565247289836,0.14607469632755965,0.029630330012878403,0.5274040187941864,0.26083548821043223,0.012297731584112626,0.26079823332838714,0.6595597523264587,0.3538957245182246,9.321038533002138,0.0
1,43253760,0.2617231828626245,1.090516219381243,0.002523305884551519,0.17502140265423805,2.2646414693444967,0.006484649436970358,-0.00024588089326016416,0.01499971995872329,-0.09940561419352889,-0.10840600804658607,0.4064359806943685,-0.6092533455230296,0.49166462547145784,0.2790046997525426,1.0531065564782145,0.016660708769329603,0.1771399312349687,2.1511425232761594,0.0068786178640970405,0.04832853957329013,3.4764902871158196,3.419952364255283e-05,8.20154242262003,33.3567902301354,0.00014879298737492612,3.988043232675058,0.01582041534675227,-0.06639132018100066,0.2222230831407998,1.0,0.07200304453867118,0.1291537834121004,0.03132775153667408,0.6216730393402009,0.2621171419026263,0.012346144698641589,0.2620908292122634,0.6931684873998165,0.2868822224000581,7.1777859819177765,0.0
1,43384832,0.268655598978512,1.1039314889349043,0.0027938801888467424,0.18918425461743027,2.4117330284789205,0.006259631672946853,-0.00012453837546289037,0.02207983598600549,-0.05667282395006623,-0.09611695911735296,0.49163131159730256,-0.7943576429970562,0.4947006902657449,0.268655598978512,1.1039314889349043,0.0027938801888467424,0.18918425461743027,2.4117330284789205,0.006259631672946853,0.051323959429282695,3.345351340249181,3.270702391745817e-05,9.310570184141397,45.51334100961685,0.00015030053022901946,3.9241287149488926,0.022073510044720024,-0.06940079759806395,0.22972811292856932,1.0,0.07109055138425902,0.14403211267199367,0.030496346837026067,0.5814250514376909,0.24745904235169291,0.012363014087895863,0.2474319173488766,0.6506999875418842,0.3048551913816482,6.9246105924248695,0.0
1,43515904,0.2444723614025861,1.1498662773519754,0.0023704513901066093,0.22901112504769117,2.372178005054593,0.007073860275340849,-2.7312745533691896e-05,0.02298180860816501,-0.03395685649593361,-0.2473758589476347,0.42961022281087935,-0.9007967417128384,0.4884132477454841,0.24447186023462564,1.1498662773519754,0.0023704513901066093,0.22901443939190358,2.372178005054593,0.007073860275340849,0.05194059046334587,2.100066154729575,3.5620885910692124e-05,15.569309294223785,51.900208950042725,0.000646120825271268,3.9839157946407795,0.04650532883533742,-0.07009333139285445,0.24062737415079027,1.0,0.0711804658640176,0.18636596098076552,0.03750117414165288,0.6421105812769383,0.20970993558876216,0.01440891913807718,0.20966763386968523,0.5741408900357783,0.36194741097278893,9.640784289687872,0.0
1,43646976,0.28557918744627386,1.1106327516026795,0.003069447607231268,0.21688503574114293,2.4605126436799765,0.00673310820639017,-0.00011148556308882007,0.021143083351489622,-0.05105620387621457,-0.09637999915867113,0.5124636641703546,-0.7794183101505041,0.4971611578948796,0.28557918744627386,1.1106327516026795,0.003069447607231268,0.21688503574114293,2.4605126436799765,0.00673310820639017,0.052264733327319846,2.9828907107003033,3.5503674562897825e-05,8.479428745806217,44.65738025307655,0.00023996056219743878,3.879477135837078,0.019659229103126563,-0.06991762737743556,0.27668991731479764,1.0,0.07074620563071221,0.17556491389404982,0.031065772229339927,0.6271905956091359,0.25950606202241033,0.012959726576809771,0.2594449067255482,0.6497745211236179,0.40448949788697064,11.936583813279867,0.0
1,43778048,0.28080299182329327,1.17643630085513,0.002341611332667526,0.18872109684161842,2.477771912701428,0.0068994936063973,-1.9052886749193476e-05,0.02973027374537196,-0.05265299411985325,-0.13200691729434766,0.44681845395825803,-1.0121372365392745,0.5353758870624006,0.28080420347396284,1.17643630085513,0.002341611332667526,0.1887215303722769,2.477771912701428,0.0068994936063973,0.050832060776883736,3.2698246855288744,3.102090227249943e-05,9.901411671191454,58.098293483257294,0.00014786820715961824,3.9505496602505445,0.02165726992825512,-0.07084347540512681,0.24262803595047444,1.0,0.0696285804733634,0.1444588783197105,0.03152866424352396,0.6975013809278607,0.26002754748333246,0.01272762258304283,0.2599959544604644,0.6761961914598942,0.3304936031345278,8.098771629855037,0.0
1,43909120,0.2201167515013367,1.077404296491295,0.002063652950937467,0.20112564857117832,2.269967781379819,0.006314957471204252,-2.92800303007823e-05,0.03044234872504603,-0.05070805312425364,-0.28490287624299526,0.4008989273570478,-1.351642593741417,0.4836834908928722,0.22016879869624972,1.077404296491295,0.002063652950937467,0.20164042443502694,2.2740115970373154,0.006314957471204252,0.05077148901182227,3.2258976912125945,3.535292629669104e-05,17.676977075636387,80.20055264234543,0.00040621877906410475,3.9815127924084663,0.03708093328168616,-0.07045487314462662,0.2590607510646805,1.0,0.06993103976128623,0.15778526372741908,0.034234499937156215,0.6459339512512088,0.19500319776125252,0.013014004645810928,0.1949820020236075,0.5910566137172282,0.2790917180245742,6.250063892453909,0.0
1,44040192,0.21802540158387274,1.1326599600724876,0.0018654305499694601,0.20940591266844422,2.3238551449030638,0.006045351494321949,-2.9115810534108277e-05,0.018814615712472005,-0.0359876659931615,-0.24770233198069036,0.39884600695222616,-1.053821059409529,0.47802815050818026,0.218026869231835,1.1326599600724876,0.0018654305499694601,0.209416996804066,2.3238551449030638,0.006045351494321949,0.04994586473912932,2.1367999063804746,3.550950423969468e-05,15.432006619870663,60.65544492006302,0.00039091400304691604,4.072275996208191,0.039991649537114426,-0.0707711111754179,0.2429582343902439,1.0,0.06787022051867098,0.1681228372035548,0.03368708534981124,0.5958729712292552,0.18928084103390574,0.01301308927941136,0.18926154321525246,0.5656106527894735,0.2885085584130138,6.244230631738901,0.0
1,44171264,0.2265569550606112,0.9559458101044098,0.01983209003149265,0.15342677307625613,1.8880988908807437,0.0064529361261520535,-7.172543298414287e-05,0.023060294569683414,-0.0531977983758649,-0.3150763406322206,0.30953778955192923,-1.1427465630790783,0.18924065445860228,0.2344709326280281,1.234437690116465,0.002712651615638606,0.22005609120242298,2.2393829561769962,0.007653599001741895,0.06783146189991385,3.5493762232363224,4.846989627510512e-05,20.273738130927086,73.22629454731941,0.0013390655253733286,3.952673239633441,0.09950976131949574,-0.0691960253752768,0.3470332665601745,1.0,0.0704282263177447,0.176841207081452,0.03886044421233237,0.6145428766030818,0.19327569380402565,0.015002498003013898,0.19326703308615834,0.5064511524979025,0.33466983935795724,9.491124266758561,0.0
1,44302336,0.22798813693225384,1.0081608765758574,0.0017364214209010242,0.1514706170419231,1.9698910424485803,0.006119239666986687,-3.873913509266913e-05,0.048008487618062645,-0.05611581593984738,-0.3079335863003507,0.3358878733124584,-1.2228130977600813,0.29675545589998364,0.22669536286000028,0.9609785875956337,0.018087929201556108,0.15323993120432258,1.895982471754752,0.0064207726120156326,0.05014847131468445,3.159007052184049,3.432423803809416e-05,19.319043213567493,65.9615489659685,0.0001508759854601092,4.134950777852391,0.046195763327218684,-0.06620294353868587,0.23211147753993072,1.0,0.061488815346250246,0.11277491798489747,0.031044754039787924,0.6154937107755567,0.2080870002440839,0.010728731159547186,0.2080604606055576,0.6017687758991876,0.313859917408596,6.383359620650579,0.0
1,44433408,0.24292599479667842,1.1143850665539503,0.0021380701087281295,0.2033865093253553,2.279787569306791,0.006222889972377743,-0.00010585540465690713,0.028705523756798357,-0.04478383240348194,-0.22732447646558285,0.3868938013911247,-1.324527444317937,0.33100793114863336,0.2429861524142325,1.1143850665539503,0.0021380701087281295,0.203964579035528,2.287786423228681,0.006222889972377743,0.058969504229025915,2.891837775707245,3.363268691813914e-05,14.869463585317135,78.63574743270874,0.00016385930106677105,4.044405825436115,0.033999034960288554,-0.07031630864366889,0.255697762244381,1.0,0.06706981355091557,0.1634522089152597,0.03204635965812486,0.7250803696224466,0.21696604369208217,0.011953027409617789,0.21693016297649592,0.6125408820807934,0.318884284584783,10.29721973463893,0.0
1,44564480,0.24303661100566387,1.0386297781951725,0.002197746444380755,0.21392476873006672,2.3117325650528073,0.006682380389975151,7.1765350058150545e-06,0.027655026726279175,-0.04136858221681905,-0.26760740124154836,0.3629712394904345,-1.1578574292361736,0.4299611602909863,0.2430354153038934,1.0386297781951725,0.002197746444380755,0.21392360446043313,2.3117325650528073,0.006682380389975151,0.056071380677167326,2.6313878959044814,4.0658747845312426e-05,16.59627329558134,66.50533139705658,0.00034852848393640556,4.016081027686596,0.048893156825215556,-0.06976416381075978,0.279528284445405,1.0,0.06743359850952402,0.17421717871911824,0.03422319183300715,0.592922592535615,0.2094870280707255,0.013305312859301921,0.20946538355201483,0.5418585289735347,0.31138718710280955,6.5699586514383554,0.0
1,44695552,0.2675120325293392,1.0507235857658088,0.0023005945577665443,0.209490537061356,2.4370767269283533,0.006720494395153764,1.7504252141975485e-05,0.02286381589146913,-0.034458816808182746,-0.21425608592107892,0.3139306241646409,-0.9587044287472963,0.49087369767948985,0.2675120325293392,1.0507235857658088,0.0023005945577665443,0.209490537061356,2.4370767269283533,0.006720494395153764,0.0507745603681542,2.1072207372635603,3.568301077416791e-05,12.941708147525787,54.92971819639206,0.00017775640375772284,3.927819859236479,0.035086199903162196,-0.07054701447486877,0.27807756746187806,1.0,0.06809950861497782,0.16784316895063967,0.03404766852327157,0.6346756734419614,0.23505902767647058,0.013385521284362767,0.23503059893846512,0.5930887453723699,0.34977505868300796,7.194298468530178,0.0
1,44826624,0.2822654885239899,1.1301607540808618,0.0026759862157632597,0.19862399343401194,2.5615000212565064,0.006125763813543017,-3.4876375231363e-05,0.027821951342048123,-0.03158280778734479,-0.11995743040461093,0.5234579446259886,-0.7937166630290449,0.5078571289777756,0.2822654885239899,1.1301607540808618,0.0026759862157632597,0.19862399343401194,2.5615000212565064,0.006125763813543017,0.04814734763931483,2.169464628212154,2.8556845755096927e-05,9.355553776025772,45.47810211777687,0.00013462404740005596,3.904145523905754,0.016855932983162347,-0.07077252049930394,0.23457691224757582,1.0,0.06839805864728987,0.1560289692133665,0.03157710316008888,0.5554216897580773,0.2580041723558679,0.012598038389114663,0.2579632856650278,0.6547517329454422,0.3754018652252853,9.554357517510653,0.0
1,44957696,0.2687949262326583,1.0621182760223746,0.0022143831433822925,0.18671607074793428,2.1652368679642677,0.005715347363548062,-4.3092259442545355e-05,0.024033542977122124,-0.04168673288950231,-0.10590161610161886,0.452389718266204,-0.6699599684216082,0.534219462191686,0.2687949262326583,1.0621182760223746,0.0022143831433822925,0.18671607074793428,2.1652368679642677,0.005715347363548062,0.050282713666092604,2.464639190584421,2.9266219083501355e-05,8.766315523535013,38.385879039764404,0.00013271266807102222,3.8812292870134115,0.015557439961412456,-0.07130080554634333,0.24052456871140748,1.0,0.0664948831545189,0.14444531546905637,0.030773990132729523,0.4944306892575696,0.24708251876290888,0.012343137233983725,0.247043545008637,0.6650956147350371,0.34583057789132,9.662369783967733,0.0
1,45088768,0.26399390189908445,1.1461992552503943,0.0022505400659156294,0.19063744938466698,2.2332515455782413,0.00617799675274,-4.8699164754140156e-05,0.0228928976575844,-0.028988227059016936,-0.09505004197126254,0.4112494250293821,-0.6268264534883201,0.5143404158297926,0.26399390189908445,1.1461992552503943,0.0022505400659156294,0.19063744938466698,2.2332515455782413,0.00617799675274,0.04863008976099081,1.7882548104971647,3.0064160659315498e-05,8.185553103685379,35.93044592440128,0.00015236684591624083,3.904206620529294,0.016457874058687594,-0.07030324754305184,0.24557846155948937,1.0,0.0672972513420973,0.14859553601127118,0.030406611840589903,0.5714816522086039,0.24188209837302566,0.012407386660925113,0.24185128207318485,0.6482915063388646,0.32954548695124686,8.266065154224634,0.0
1,45219840,0.24209944933031996,0.9762181830902894,0.0205766559690043,0.16975759781586627,1.9361321766922872,0.00556069972536837,-2.5727960980492054e-05,0.030056482174016616,-0.050872566036268836,-0.29428424490869365,0.23828596252880135,-1.1390513572546963,0.23249345024426776,0.28705004905350506,1.0298832193948328,0.002226354599656588,0.18740173033438623,2.207910429686308,0.006161801695270697,0.04500016785459593,2.019498594570905,3.382745816171706e-05,7.098962500691414,37.398762837052345,0.00010720485735049579,3.9209705647081137,0.017391913883329835,-0.07036661100573838,0.267054584575817,1.0,0.06807312939781696,0.1452116247965023,0.02971434555365704,0.5718704643659294,0.26521501794923097,0.012227437298861332,0.26518179569393396,0.6638223244808614,0.3326315418817103,7.669736679643393,0.0
1,45350912,0.24396592832636088,1.029234993737191,0.0015517776409978978,0.1642484941985458,2.125182993710041,0.005797546064968628,-1.7797233899052856e-05,0.02221279473451432,-0.03172931149310898,-0.282599926693365,0.2513183798873797,-1.2075355192646384,0.31957837427034974,0.2423509473587016,1.004898652389466,0.018742932756666334,0.16940661103756402,2.022881170510348,0.005583528288221408,0.06506892037963641,6.115734137659219,3.7411892649818095e-05,17.934068358528528,66.54320039243875,0.00014387683754550477,4.088504838297166,0.06638341511419837,-0.06685993885509221,0.34921618626194906,1.0,0.06133237150105008,0.12879737116205675,0.03249812802700999,0.5949769852884922,0.21294392313224725,0.01206818769765872,0.2129277092606637,0.5693912083978754,0.3571672749772937,14.237245143144335,0.0
1,45481984,0.2534678387455642,0.9989495617337525,0.0016954158334101521,0.18464662809856236,2.179612592794001,0.006125785819676821,2.01872487792798e-05,0.024015719085582532,-0.02277156746276887,-0.1654624225338921,0.5060727900126949,-1.0231924024410546,0.4083139856811613,0.25349904887843877,1.013083724770695,0.0016954158334101521,0.18472001026384532,2.2108307126909494,0.006125785819676821,0.060230237897485495,2.9987594420090318,4.0267567895213574e-05,13.280392065644264,59.27080124616623,0.00017460570316707447,3.938108589500189,0.056049495964543894,-0.07077014888636768,0.3348157254513353,1.0,0.06575854987022467,0.1428218936198391,0.03126258071279153,0.5188313708640635,0.22566827666014433,0.012554104716400616,0.2256560844834894,0.5833076485432684,0.37135486118495464,8.539560096338391,0.0
1,45613056,0.2949563409201801,1.1196865770034492,0.002346557714872688,0.1975175440311432,2.2755262898281217,0.0065498135691086645,-6.760261251059774e-05,0.021884721270907903,-0.0297335165887489,-0.10000044840853661,0.435257455566898,-0.8757520993240178,0.47898438945412636,0.2949563409201801,1.1196865770034492,0.002346557714872688,0.1975175440311432,2.2755262898281217,0.0065498135691086645,0.051127949118381366,1.8325860290788114,2.9930524937382685e-05,8.849311146885157,50.17689976096153,0.00013968825287435926,3.942869856953621,0.03108262580644805,-0.0711057991720736,0.2702397546963766,1.0,0.0683937415597029,0.15626234316732734,0.030012261660885997,0.49613089696504176,0.27030035527423024,0.012631047422473785,0.27026800042949617,0.6585607640445232,0.3539467854425311,8.339951416477561,0.0
1,45744128,0.24606655060779303,1.08220585109666,0.002002282516059495,0.17580477858427912,2.408939030021429,0.0064414379226036544,-7.310828624440546e-05,0.021346399596950505,-0.05367985235352535,-0.13206858740886673,0.49467528075911105,-0.9190778397023678,0.511155447922647,0.24606655060779303,1.08220585109666,0.002002282516059495,0.17580477858427912,2.408939030021429,0.0064414379226036544,0.0516866487741936,3.1351689896546304,3.5641074538683704e-05,10.77493068575859,52.659282088279724,0.0001885192193826768,3.9362462386488914,0.030034449315280654,-0.07036309852264822,0.23789509304333478,1.0,0.06918006727937609,0.12927493266761303,0.03223423185409047,0.5551401524571702,0.22174176760017872,0.012608402874320745,0.22170743579044938,0.5946546152699739,0.35574007383547723,8.525727914646268,0.0
1,45875200,0.24637121229898185,1.102215064689517,0.0016913075589854998,0.17544954328332096,2.2553394017741084,0.005529674589524802,-6.568060225475847e-05,0.03378138600237435,-0.038256543411989696,-0.12112274701939896,0.43951833597384393,-0.6637511351145804,0.49712553969584405,0.24637121229898185,1.102215064689517,0.0016913075589854998,0.17544954328332096,2.2553394017741084,0.005529674589524802,0.049596369004575536,2.600814147852361,2.4619806952534337e-05,9.322191417217255,38.03013910353184,0.00014559249771062266,3.9428000897169113,0.017621251878154,-0.07062615384347737,0.2432017173850909,1.0,0.06611755900667049,0.13158310658764094,0.03168635768815875,0.5518760811537504,0.224163678009063,0.011876289812789764,0.22412922570947558,0.6361565738916397,0.3472390326205641,8.581094346940517,0.0
1,46006272,0.2400600251276046,1.1329524274915457,0.002161433054993722,0.1788665617350489,2.3839400317519903,0.0060863137632622966,2.7137866748461192e-05,0.020495940778346267,-0.022293302303296514,-0.20428619254380465,0.4262186912819743,-0.9976228373125196,0.48683557473123074,0.2400600251276046,1.1329524274915457,0.002161433054993722,0.1788665617350489,2.3839400317519903,0.0060863137632622966,0.042259409732650965,1.5188355017453432,3.4206281583681886e-05,12.815384231507778,57.15957874059677,0.00015138996149588468,3.979312814772129,0.022414617276808713,-0.06965656741522253,0.24724561371840537,1.0,0.06781342643080279,0.13409348379354924,0.03317753685405478,0.5990348927443847,0.21336816879920661,0.012156876146036666,0.21334155893418938,0.5952943721786141,0.33523809304460883,7.417319670319557,0.0
1,46137344,0.28239352523814887,1.0192320575006306,0.002185848612953123,0.19255547889042646,2.1885065035894513,0.006115672288615315,-1.5307080424520336e-05,0.029325059724214952,-0.027273991116089746,-0.09597386483801529,0.37808678625151515,-0.7548184548504651,0.5358969634398818,0.28239352523814887,1.0192320575006306,0.002185848612953123,0.19255547889042646,2.1885065035894513,0.006115672288615315,0.04859211144503206,2.1842707926407456,3.275413519104875e-05,8.680342972278595,43.24791210889816,0.00014177685680150098,3.904156729578972,0.03118440619437024,-0.07026796019636095,0.27687158749904484,1.0,0.0665195343317464,0.15256048738956451,0.02970164458383806,0.58519869716838,0.2576473468216136,0.012030940160911996,0.25760374986566603,0.6331424419768155,0.363391175866127,10.993415273725986,0.0
1,46268416,0.2970098124196132,1.000285183166464,0.021121592735394188,0.1885104080910484,2.2279033328220246,0.006511980492602258,4.0030779536550654e-05,0.02086047802930504,-0.03581177893036511,-0.16951477982147822,0.2740099552865528,-0.8432123683633592,0.36571292931834853,0.276727968477644,1.1718732817098498,0.0025177745364999282,0.21053774445317686,2.517271642573178,0.006773402442377119,0.049659393524052575,2.110857369378209,3.42261552828127e-05,12.890145149081945,54.28537967801094,0.00018328170986059433,3.920694924890995,0.03816782881040126,-0.07012776844203472,0.2796644411282614,1.0,0.06823213997995481,0.16841060295701027,0.03286476626817603,0.5537739399587736,0.24740084656514227,0.012963807421328966,0.2473487464012578,0.6272312188521028,0.3683560648933053,13.01429546624422,0.0
1,46399488,0.28308922168798745,1.0557985166087747,0.00252238957341433,0.18846778711304069,2.5145409386605024,0.006701496276491525,-7.427454507791253e-05,0.018841242668713676,-0.1115342470293399,-0.17390515352599323,0.29781966807786375,-0.8751272326335311,0.5069206245243549,0.29566806873463725,1.0056358659078917,0.01932889845472143,0.18850630004497537,2.2555310538666973,0.0065302470741819465,0.044124600508373725,2.708718175104965,3.1079160757891724e-05,10.426604806611046,48.48962414406902,0.00012270157871105246,4.074010127639196,0.03468665683137359,-0.06652907044234047,0.263790341195123,1.0,0.06470024417272309,0.1488132408584457,0.03221023802930231,0.6272917827086366,0.26204411223171703,0.01203511870278225,0.262002185817404,0.5689541077892105,0.3836675007569503,8.24175718092326,0.0
1,46530560,0.26606703002471477,1.1014643609523773,0.0022324785768432776,0.19168224232271314,2.3430748376995325,0.0060389837033199,-5.1754128072900585e-05,0.030900814599590376,-0.03880584221042227,-0.0991973687778227,0.4984676467720419,-0.8257923447526991,0.5106224534101784,0.26606703002471477,1.1014643609523773,0.0022324785768432776,0.19168224232271314,2.3430748376995325,0.0060389837033199,0.057722941593965515,2.5026298202574253,3.346640731449746e-05,9.097346857190132,47.31441676616669,0.00016291142870805686,3.9753788337111473,0.02748881712614093,-0.07167477323673666,0.23866509890649468,1.0,0.06505861377809197,0.1521779794129543,0.0302596708497731,0.532711970154196,0.23951049416791648,0.011894236165971961,0.23947800777386874,0.606522053014487,0.35859495610930026,8.010357277467847,0.0
1,46661632,0.2997535658068955,1.0693150842562318,0.0023989057604012487,0.18378969025798142,2.483738391660154,0.006560458274634584,-3.8604985450163554e-05,0.017581262647581752,-0.031833525812544394,-0.041826634493190795,0.5774730928242207,-0.7239957703277469,0.5284817491192371,0.2997535658068955,1.0693150842562318,0.0023989057604012487,0.18378969025798142,2.483738391660154,0.006560458274634584,0.04484054067870602,1.8547830288298428,3.0442142467501654e-05,7.701028544455767,41.57588350772858,0.0001383125059977175,3.8821824826300144,0.019249991470132954,-0.07061970699578524,0.25195597345009446,1.0,0.06975721614435315,0.13957887317519635,0.030119706309051253,0.5251999620813876,0.28195027774199843,0.012448177782061975,0.2819095707964152,0.7130049606785178,0.3631313021760434,9.18391179293394,0.0
1,46792704,0.2727834696415812,1.0649726474657655,0.00219925532292109,0.17575164197478443,2.5418935790657997,0.006234864373254823,4.323301002528979e-06,0.019407046122069005,-0.018158590180973988,-0.11602166810189374,0.6092575420625508,-0.8176379119977355,0.5290160628501326,0.2727834696415812,1.0649726474657655,0.00219925532292109,0.17575164197478443,2.5418935790657997,0.006234864373254823,0.04411430691834539,1.3211371176876128,3.247256639093976e-05,11.660075545310974,46.84720221161842,0.0001271708122780879,3.917009240016341,0.026674783119233325,-0.07012649974785745,0.22909699834417552,1.0,0.06635550351347774,0.13272616494214162,0.03020588021900039,0.47549341118428856,0.2533141612075269,0.01215962794231018,0.25328060728497803,0.6726350099779665,0.3400769846048206,8.798838660120964,0.0
1,46923776,0.20953636849299073,1.0615686271339655,0.0020406867133715423,0.18535062146838754,2.3933673668652773,0.0066128172961725795,3.722832103392193e-05,0.024370948267460335,-0.022340318937494885,-0.23847174865659326,0.4952656414825469,-0.9331966191530228,0.4756944631226361,0.20953636849299073,1.0615686271339655,0.0020406867133715423,0.18535062146838754,2.3933673668652773,0.0066128172961725795,0.05152011985774152,1.7014990015886724,3.6648203290301495e-05,15.820382349193096,53.468228220939636,0.00016234043133955822,3.938886383548379,0.03674804916954599,-0.0698696281760931,0.230548657476902,1.0,0.06362583005102351,0.1430875062942505,0.033341692193062045,0.550380190834403,0.18200604466255754,0.01211771706584841,0.18198355042841285,0.563393552787602,0.3121954593807459,8.355400128290057,0.0
1,47054848,0.27093870798125863,1.0612402013503015,0.002515635866984667,0.19563542841933668,2.51894873008132,0.006317127894362784,-5.034729223041268e-05,0.026217760969302617,-0.033048305806005374,-0.12200275855138898,0.553820034256205,-0.7411347306333482,0.5030141058377922,0.27093870798125863,1.0612402013503015,0.002515635866984667,0.19563542841933668,2.51894873008132,0.006317127894362784,0.057507519668433815,2.046788559295237,3.296201457279879e-05,9.833022080361843,42.46389275789261,0.0001232291105053296,4.004182375967503,0.028625079765333794,-0.07097734254784882,0.2350642551900819,1.0,0.06449106600484811,0.155340954544954,0.030354601782164536,0.5184659279184416,0.2459856322966516,0.011851679941173643,0.24595158686861396,0.6475101197138429,0.3604936117772013,8.062942069023848,0.0
1,47185920,0.23499671928584576,1.0942105962894857,0.002015018900351606,0.18300938105676323,2.5774872079491615,0.006222610505574266,-5.908657939812656e-06,0.048625193048792426,-0.06409335563512286,-0.21815426141256467,0.5174132366664708,-1.1480358429253101,0.5057517825625837,0.2349964837776497,1.0942105962894857,0.002015018900351606,0.18301528634037822,2.5774872079491615,0.006222610505574266,0.053461602627066895,4.74145188042894,3.094974136730322e-05,14.453979521989822,65.81463649868965,0.00012452422917519357,3.911518596112728,0.029540273812017404,-0.06946646305732429,0.24154406460002065,1.0,0.06551236539962701,0.1394692718749866,0.03352641542733181,0.5962187598925084,0.21073714992962778,0.012331013364018872,0.21070915216114372,0.6154524679295719,0.3334265442099422,7.243071932345629,0.0
1,47316992,0.244663593377918,0.9577913995583852,0.01666938372599058,0.17253669117266934,2.1148732623457906,0.005434872807560775,3.090464662022896e-05,0.03462161029116639,-0.031149718275264603,-0.15673185577658424,0.43806503035360944,-0.7449928950457737,0.2978958074500163,0.2949674933915958,1.08722026925534,0.0030532553821558395,0.21211529290303588,2.153479120694101,0.0075851831948057225,0.06542155836359598,2.865971033461392,3.813084388786664e-05,7.8522729352116585,41.62281447649002,0.00015771569994793566,3.77026548422873,0.056018195988144726,-0.06960759614594281,0.32913057634141296,1.0,0.07273305009584874,0.16966926795430481,0.03222197976720054,0.5592714033555239,0.2669887082884088,0.01346628036844777,0.26688862894661725,0.6250666198320687,0.4173128956463188,18.99789087101817,0.0
1,47448064,0.2442400048021227,1.0272798431105912,0.0012267063568742742,0.17163269000593573,2.4164802776649594,0.005039200486407935,-4.721531759344089e-06,0.02076677693548845,-0.03406389259907883,-0.1539458607439883,0.5005854468327016,-0.7804306871257722,0.39182837307453156,0.24462276556338353,0.9644890808646219,0.015180932895232382,0.1724495585300926,2.1439438180392045,0.00539673571636532,0.05234727007968082,2.738857917961698,3.729509395167653e-05,12.173518856165437,42.93446104956163,0.00013188636862951253,4.049475088536021,0.03577687504031315,-0.06697415737771845,0.20281475946217417,1.0,0.06291359830900174,0.13062180189067968,0.030699147238306343,0.5489845983459648,0.22161624534616628,0.011146012510780345,0.22159298584538412,0.6107936795037913,0.3053771522154201,6.125259614572019,0.0
1,47579136,0.2939197290688753,1.0292375129647553,0.003236057664935288,0.1872541398042813,2.1525713186711073,0.007259431293277885,-4.424735914909661e-05,0.027504636542289518,-0.032893524679820985,-0.06486509245587513,0.5873128802049905,-0.6676350464113057,0.5266038789413869,0.2939197290688753,1.0292375129647553,0.003236057664935288,0.1872541398042813,2.1525713186711073,0.007259431293277885,0.05571459364728071,2.1708722794428468,3.793060773715773e-05,9.499285519123077,38.82057401537895,0.00012151753529268672,3.865330385044217,0.03084213590773288,-0.07002961868420243,0.2637688630493358,1.0,0.0692223495861981,0.1438664656598121,0.030547424859832972,0.5670922830468044,0.2688372831325978,0.012360714448732324,0.26879509922582656,0.6658104085363448,0.36968847492244095,8.926507836207747,0.0
1,47710208,0.2861061349976808,1.1966141085140407,0.0031967362147042877,0.21298144210595638,2.4190156823024154,0.006939661224350857,-0.00020045630867571163,0.0218299000771367,-0.07571973407175392,-0.09300383724621497,0.4687803497072309,-0.744488435331732,0.5173296299763024,0.2861061349976808,1.1966141085140407,0.0031967362147042877,0.21298144210595638,2.4190156823024154,0.006939661224350857,0.06221474873018451,4.338421240448952,3.68137028642912e-05,8.882660079747438,42.65604576468468,0.0001454435157299816,3.910952590405941,0.02633755731221754,-0.06927316589280963,0.24347336869686842,1.0,0.07111757318489254,0.17023776506539434,0.03119686321588233,0.6613803268410265,0.2611854476854205,0.012755750780343078,0.26114388601854444,0.6386986710131168,0.3606925019994378,9.824818566441536,0.0
1,47841280,0.282522672903724,1.024209258146584,0.002194284434153815,0.1808950729900971,2.2777266120538116,0.006162203874737315,1.5727847895163904e-06,0.02130198769737035,-0.035859100076777395,-0.05993683071574196,0.6155304326675832,-0.6006545787677169,0.5227236596401781,0.282522672903724,1.024209258146584,0.002194284434153815,0.1808950729900971,2.2777266120538116,0.006162203874737315,0.05121234621037729,2.2389654479920864,3.405390190686086e-05,8.695209417492151,37.91540814936161,0.0001320096454975328,3.847703579813242,0.0238639616582077,-0.07366525288671255,0.26979031052906066,1.0,0.06712547939969227,0.13861899747280404,0.029815221554599702,0.5782254412770271,0.2580647028516978,0.01206525612360565,0.25802491849754006,0.6664912570267916,0.34062008280307055,9.643543934449553,0.0
1,47972352,0.2470648834714666,1.0825389767996967,0.002275700893733301,0.21246210800018162,2.2037698132917285,0.007163386834690755,5.6607778823547505e-05,0.026792432778165676,-0.022666716988169355,-0.22428602669970132,0.5059477821923792,-0.928545078728348,0.4957121298648417,0.2470648834714666,1.0825389767996967,0.002275700893733301,0.21246210800018162,2.2037698132917285,0.007163386834690755,0.048965226946165785,1.8077967511489987,3.7912562425912455e-05,15.01327595859766,53.39171186089516,0.0006684148057303219,3.950009647756815,0.04797670945117716,-0.0716164750047028,0.28771958593279123,1.0,0.07295203354442492,0.16846695763524622,0.035887512494809926,0.5892239812528715,0.21361412096302956,0.014560945593984798,0.21358473820146173,0.5480990537907928,0.33850030158646405,7.16417682915926,0.0
1,48103424,0.2971263591898605,1.141538632567972,0.003475947552033176,0.25223450211342424,2.081492274068296,0.008351196125659044,4.0336052656186894e-05,0.02876836961513618,-0.03129822968185181,0.08308797966310522,0.640323645202443,-0.5398169849067926,0.5471948034246452,0.2971263591898605,1.141538632567972,0.003475947552033176,0.25223450211342424,2.081492274068296,0.008351196125659044,0.07382057292852551,2.07648759521544,3.347345274107988e-05,12.443597450852394,39.87987458705902,0.0006815956576318172,3.8352658711373806,0.07994231916381977,-0.06988203199580312,0.3351524411700666,1.0,0.07060416880995035,0.2147669648984447,0.03283072466729209,0.537001897348091,0.2576323242392391,0.015145822573686019,0.257584719103761,0.59371775877662,0.40385317825712264,9.46388079971075,0.0
1,48234496,0.34591612429358065,1.1050709085538983,0.0032504449563930393,0.2338407008210197,2.3517892211675644,0.007536883432294417,3.109329709616304e-05,0.04036952630849555,-0.041861407429678366,0.02384392891508469,0.6378598515875638,-0.556391800288111,0.5832750014960766,0.34591612429358065,1.1050709085538983,0.0032504449563930393,0.2338407008210197,2.3517892211675644,0.007536883432294417,0.07659697765484452,2.757493128068745,3.9231884052248756e-05,10.789541855454445,36.98594090342522,0.0002715962679973316,3.8293292950838804,0.05886847496731207,-0.0704919749405235,0.3416119066532701,1.0,0.07755872886627913,0.19027462310623378,0.03175411971460562,0.5961612868122756,0.31926431506872177,0.015179407957475632,0.3191768950782716,0.6973537136800587,0.47327669407241046,14.11307130753994,0.0
1,48365568,0.2678733962774277,1.0319058709094922,0.01858309386310187,0.17917819707654417,2.0435015778740246,0.0066616614921804285,-5.7437870070960645e-05,0.024710491614290127,-0.0378396402525929,-0.16584222207112664,0.401169742665079,-0.8433849448413822,0.3222277889152368,0.23783797852229327,1.1891856067813933,0.0025729557414706505,0.2269558017142117,2.748660882934928,0.007099451036992832,0.056531832640757784,2.085944245569408,3.8091988032284974e-05,20.494389839470387,54.64621549844742,0.00045432557810443086,3.7998266369104385,0.06916003310470842,-0.06897657248191535,0.29330255230888724,1.0,0.0677267778373789,0.18543360498733819,0.039463974098907784,0.5793917013797909,0.19693882355932146,0.014572430562111549,0.19688155280891806,0.5382245860528201,0.4373313367832452,12.537138991057873,0.0
1,48496640,0.2611977366032079,1.119015489704907,0.002401774202780871,0.17791435727849603,2.160582222044468,0.006552882533469528,-4.639046465371166e-05,0.018653956318303244,-0.039548082888359204,-0.16878562432248145,0.4324795447755605,-0.9046808974817395,0.45447843917645514,0.26722995920039444,1.0403019787451948,0.017023448594637197,0.17905638119239495,2.0547864592398506,0.006651176773268534,0.049865284157602725,2.4911841266193844,3.663680438035436e-05,11.590810229916249,48.665827133148596,0.00017176715271970174,3.9913567552365454,0.034048382704073794,-0.06668641449636724,0.2190398376502366,1.0,0.06709577902556813,0.13446141592597208,0.0318704707224023,0.5755579743242587,0.24481618742694158,0.01240847420917981,0.24478868805769696,0.6386276746101408,0.30740286658955623,6.967602064496423,0.0
1,48627712,0.24312015739269555,1.0939730340614915,0.0023687650657393533,0.18816441448871046,2.3869633078575134,0.00710939306554792,-9.279748216073358e-05,0.027254068416368682,-0.08650694056996144,-0.16695658210664988,0.5014297119341791,-0.8469976205378771,0.45440996973775327,0.24312015739269555,1.0939730340614915,0.0023687650657393533,0.18816441448871046,2.3869633078575134,0.00710939306554792,0.06063158169854432,4.968770859763026,3.273248789342764e-05,12.166507445275784,48.529389411211014,0.0001484481361773149,3.9193403366953135,0.03274549629713874,-0.07025120477192104,0.24178666749503464,1.0,0.0661860044056084,0.14478033420164138,0.032843838998815045,0.5566477533429861,0.21544279484078288,0.012296246117330156,0.21541354898363352,0.5857235232833773,0.34394738101400435,7.860859043896198,0.0
1,48758784,0.26416017836891115,1.1068735904991627,0.003149193932358685,0.23892255977261811,2.086937081068754,0.00769495965596434,1.2749827654090495e-05,0.03519282930938061,-0.06817561614298029,-0.03527832385225338,0.5027729698922485,-0.7288104905746877,0.4813865621108562,0.26416017836891115,1.1068735904991627,0.003149193932358685,0.23892255977261811,2.086937081068754,0.00769495965596434,0.0754132806614507,4.015040758065879,5.0888895065881457e-05,11.778170235455036,41.75776541233063,0.0005498126120775382,3.955146109685302,0.05387282892479561,-0.0691537861712277,0.31814920518081635,1.0,0.07136443548370153,0.19781839509960264,0.03380576708877925,0.5633212465327233,0.2329382284078747,0.014344120907480828,0.2329099002527073,0.5970263164490461,0.35350803285837173,7.4818276315927505,0.0
1,48889856,0.2885305364616215,1.1840604832395911,0.002209399456887695,0.19498713209759444,2.264642964117229,0.006351150310365483,-0.00015192162762645012,0.032960514043224975,-0.07099211131571792,-0.038210546314076055,0.5269998358562589,-0.6596577540040016,0.5126041430048645,0.2885305364616215,1.1840604832395911,0.002209399456887695,0.19498713209759444,2.264642964117229,0.006351150310365483,0.06706704830867238,4.18350821454078,3.9787578749311825e-05,9.823237106204033,37.801408261060715,0.00025203219551173106,3.9141634721308947,0.03851031803060323,-0.07050470425747335,0.268399967928417,1.0,0.07201057497877628,0.15054770524147898,0.030991425752290525,0.5719696839805692,0.26368518313392997,0.013309021582244895,0.26363243989180773,0.6282743876799941,0.3866181413177401,13.609751909971237,0.0
1,49020928,0.25552726129535586,1.1251508686691523,0.0027032019261241658,0.2622576749417931,2.3334260545670986,0.007919166207557282,-0.0002093010757846514,0.08311205852078274,-0.10998102690791711,-0.1887877796543762,0.4251551339402795,-0.7811545408330858,0.4892294208984822,0.25552726129535586,1.1251508686691523,0.0027032019261241658,0.2622576749417931,2.3334260545670986,0.007919166207557282,0.07246643435792066,6.940043276175857,3.465179571482402e-05,13.099748343229294,44.75685876607895,0.0005153062079998882,3.9038400314748287,0.04102300431986805,-0.06971853948198259,0.26725088618695736,1.0,0.07050711748888716,0.2238205352332443,0.036402853060280904,0.7149025595281273,0.2181945777265355,0.014113925441051833,0.2181635267334059,0.5665440948214382,0.3689883651677519,9.042941063642502,0.0
1,49152000,0.2729476970853284,1.144813418854028,0.002718774911500077,0.20309959165751934,2.213990652002394,0.007118076261576789,6.564430300670665e-05,0.08334542441298254,-0.03462375309027266,-0.10822755441768095,0.39539322978816926,-0.853345894254744,0.5232932614162564,0.2729476970853284,1.144813418854028,0.002718774911500077,0.20309959165751934,2.213990652002394,0.007118076261576789,0.05779990024166182,4.904358305037022,2.8606958116128567e-05,9.253882624208927,48.893118888139725,0.00028858931326780635,3.8998041450977325,0.03405183192808181,-0.07108392845839262,0.255552084534429,1.0,0.07145195471821353,0.15903476567473263,0.031810698681510985,0.5578518575057387,0.2473836779827252,0.013429858401650563,0.24717836291529238,0.6348216952756047,0.4233020767569542,32.041529048234224,0.0
1,49283072,0.3251364182215184,1.1159757780842483,0.0036585099974217883,0.1890764293493703,2.224802641198039,0.006826432973866758,0.00010996027013732146,0.025186602571920957,-0.02534198333887616,0.032097754820824775,0.5783529318869114,-0.45327853923663497,0.5431969857309014,0.3251380438450724,1.1159757780842483,0.0036585099974217883,0.18907547928392887,2.224802641198039,0.006826432973866758,0.052985407412052155,1.8053217399865389,2.8216726361218747e-05,7.654404249042273,34.58095569908619,0.00011709392060477164,3.8823260944336653,0.03172141741379164,-0.06947195576503873,0.25974784733261913,1.0,0.07213945203693584,0.14497892535291612,0.02875974608468823,0.5474607385694981,0.3041609777137637,0.012762053083861247,0.30396290216594934,0.7068327073939145,0.4276605963241309,32.16991951689124,0.0
1,49414144,0.29264025431126356,0.9659274392326673,0.019829722230679178,0.1819956589024514,2.079551136319836,0.006088385775850232,3.9072977038472345e-05,0.04609741592580879,-0.03791962437055191,-0.08667901568282937,0.42731385939240374,-0.6436610207584454,0.3324733347197374,0.3173527510371059,1.1301145758479834,0.0031098593781280215,0.18630557088181376,2.3001837814226747,0.00710336369684228,0.06026974946144037,2.2822898905724287,5.044698334888409e-05,8.710097175091505,37.473992109298706,0.00013441556891602424,3.7957961298525333,0.08321996408631094,-0.0690544166136533,0.3750911527313292,1.0,0.07178940152516589,0.1418894415255636,0.031295199325541034,0.5737758164759725,0.28674517245963216,0.01346660097624408,0.28668229444883764,0.6465008906088769,0.4217565634753555,11.914236526936293,0.0
1,49545216,0.27043538622092456,1.000439387280494,0.0018827661508566962,0.18132593855261803,2.2173687294125557,0.00594119031234186,0.000271489902331723,0.27782318730896804,-0.05364437795651611,-0.09761157911270857,0.45927987596951425,-0.6718592215329409,0.4852286376990378,0.2905000260615923,0.9692538920565542,0.018099895138648098,0.1819311075434313,2.0928347597504597,0.006074198261295208,0.0565026595831585,4.337518987459052,3.050583485984185e-05,8.532329503741362,37.03809701926243,9.503943427785555e-05,3.937702568539654,0.029323334366611574,-0.06688945789832666,0.27611412358167303,1.0,0.06472901464720447,0.14104106154360146,0.029677599111322246,0.5325586142254073,0.270033242842968,0.011493148984168712,0.269979661409126,0.6583385417260319,0.40961243880418946,10.070596658512502,0.0
1,49676288,0.2654504585079849,1.1200221530161798,0.002500161940588441,0.1984894828638062,2.2041818341240287,0.006345929624330893,-5.484039790815132e-05,0.03624968687654473,-0.05520253490249161,-0.13695634104078636,0.5118924921844155,-0.7874832078814507,0.47167889727279544,0.2654504585079849,1.1200221530161798,0.002500161940588441,0.1984894828638062,2.2041818341240287,0.006345929624330893,0.0637595847947523,3.305757357738912,3.781610790761815e-05,10.496570412069559,45.119464695453644,0.00021145356738684618,3.882498351857066,0.03701671275484841,-0.06957876053638756,0.26124396291561425,1.0,0.07309173600515351,0.152109537855722,0.03140590520342812,0.5738023107405752,0.23853844916447997,0.013185851777961943,0.238487079157494,0.5857775043696165,0.3957060982938856,12.44839532673359,0.0
1,49807360,0.2606408315477893,1.0471224621869624,0.002628479468967271,0.2142876940779388,2.572688974440098,0.007227763522678288,-2.7642902239222167e-05,0.03058553194568958,-0.04040364587854128,-0.13482961378758773,0.5397907078731805,-0.785408977419138,0.5150317992083728,0.2606408315477893,1.0471224621869624,0.002628479468967271,0.2142876940779388,2.572688974440098,0.007227763522678288,0.05921096677775495,2.4782346561551094,4.0835022886431815e-05,11.20958299934864,45.00062018632889,0.0002101209407552318,3.92018374055624,0.035572285793023184,-0.06937994062900543,0.234487114707008,1.0,0.07102677202783525,0.1713395743863657,0.031059836052008905,0.6157986333128065,0.2338838247815147,0.012968234092113562,0.23384422133676708,0.5860815495252609,0.34482317697256804,9.771999809890985,0.0
1,49938432,0.29943672893568873,1.1041262787766755,0.0029281698234626674,0.2171818584902212,2.506777140311897,0.0070151915944052234,-9.639476658662716e-05,0.03639239544645534,-0.06177202631079126,-0.11075725633418187,0.4553379509598017,-0.7709346539340913,0.5088842737022787,0.29943672893568873,1.1041262787766755,0.0029281698234626674,0.2171818584902212,2.506777140311897,0.0070151915944052234,0.05962588754482567,3.5976135535165668,3.36236068787521e-05,8.43545975536108,44.171302407979965,0.00014169674499564522,3.877531649544835,0.025590525634470396,-0.07029098505154252,0.2605016303714365,1.0,0.07010832242667675,0.17590017803013325,0.03132200344407465,0.6900994686875492,0.27312878670636564,0.012906089294119738,0.2730898763984442,0.6520578926429152,0.34052503388375044,9.412524988874793,0.0
1,50069504,0.31658202270045877,1.1570178689435124,0.0031945494456522283,0.20203044801019132,2.176886895671487,0.007406294454995077,9.201656146018422e-05,0.040613288641907275,-0.03143464183085598,0.08461034632728115,0.6093343920074403,-0.5696932326536626,0.5472288751043379,0.31658202270045877,1.1570178689435124,0.0031945494456522283,0.20203044801019132,2.176886895671487,0.007406294454995077,0.06673237148788758,2.612849864177406,4.75753943733892e-05,9.496706448495388,36.25948153436184,0.00016798931671413442,3.9177759774029255,0.06656407300033607,-0.0694980479311198,0.3265223156195134,1.0,0.07331705407705158,0.15873192879371345,0.03109941747970879,0.5712959906086326,0.2860221618320793,0.01410349545039935,0.2859752424992621,0.6390680326148868,0.3752499776892364,10.071800842881203,0.0
1,50200576,0.2638459241716191,1.0882482738234103,0.0026067477881497325,0.20684646954759955,2.6942115714773536,0.007384586751413735,-4.589922473741126e-05,0.025450088651268743,-0.04164547620166559,-0.10088650137913646,0.577017406700179,-0.7771634352393448,0.5170157635584474,0.2638459241716191,1.0882482738234103,0.0026067477881497325,0.20684646954759955,2.6942115714773536,0.007384586751413735,0.0612028272007592,2.6009272634983063,4.251842492974944e-05,11.393180876970291,44.62871432304382,0.00018926247414130515,3.925973078235984,0.05035515219788067,-0.06968909897841513,0.27393687423318624,1.0,0.07181984029011801,0.16309944388922304,0.032327399399946444,0.6135233878158033,0.23493098106700927,0.013177104468923062,0.23488295963034034,0.5603380566462874,0.35334316710941494,12.07690305262804,0.0
1,50331648,0.26188874104991555,1.1169698489829898,0.0030811095546141587,0.2355599635047838,2.6115206805989146,0.007453401111888525,8.412225444942578e-05,0.06804953697428573,-0.034329560432524886,-0.15934593544807285,0.5304559080395848,-0.7837249874137342,0.5284896581433713,0.26189082069322467,1.1169698489829898,0.0030811095546141587,0.2355587746715173,2.6115206805989146,0.007453401111888525,0.07273896579863504,3.99238271266222,3.8946258971161996e-05,11.71628400683403,44.904134690761566,0.00017276150076117602,3.8777644876390696,0.037632318679243326,-0.06968864914961159,0.23924904433079064,1.0,0.06834982836153358,0.19610895705409348,0.03197238357097376,0.5650375038385391,0.23405480233486742,0.01284606165427249,0.23372171632945538,0.6020037038251758,0.39725019852630794,52.54502866603434,0.0
1,50462720,0.3030645004287362,0.9467544027914603,0.02021802073074165,0.1807962536532432,2.0537199257562557,0.005948294766167237,-7.822461201271835e-05,0.028551291097246575,-0.0633488302876746,-0.06344512501203933,0.4678563536102107,-0.5724699771764183,0.3552982722222805,0.27517103985883296,1.0223914203234017,0.0030969423039550747,0.20327735738828778,2.273233573883772,0.006845615612292022,0.06806930660968646,4.233923530206084,3.6501539157463014e-05,10.851013533771038,47.7283596098423,0.00015120815450203606,3.9083895180374384,0.03865147105534561,-0.06917352578602731,0.28441651829052716,1.0,0.06981919845566154,0.16044598375447094,0.030528065326507203,0.5425246264785528,0.24930126091931015,0.012724006948701572,0.24926192150451243,0.6051666848361492,0.3670416281092912,8.721292853355408,0.0
1,50593792,0.2850665405858308,0.9827964375726879,0.0017533944806018553,0.18105986982118338,2.172812688164413,0.006167193633245915,-4.020686213834779e-05,0.02635080795153044,-0.038052050935220905,-0.06717544444836676,0.5126516737509519,-0.6082132295705378,0.47199781564995646,0.30132975731134776,0.9502283338547112,0.018438297718679986,0.18082166244051454,2.0651987462293313,0.005969393452150724,0.06134217854481224,3.657174012839727,3.126641507554991e-05,8.252529125325438,33.26586036551856,8.934171883269532e-05,3.940050536609558,0.02379149381279176,-0.06730745838259358,0.22719409648912497,1.0,0.06351681774992675,0.1415090118955641,0.029056197849343563,0.5249321364000978,0.27909342388072644,0.011566926946117351,0.27904753704521673,0.6618263328066433,0.40015470356601907,8.613989111282919,0.0
1,50724864,0.2826813778374344,1.0562891131266952,0.002701520940036062,0.19024642813019454,2.579165414907038,0.007030192929050827,6.052193860739408e-05,0.025081891508307308,-0.022709383538312977,-0.06444796253344975,0.607919568894431,-0.8858215967193246,0.49779664585366845,0.2826813778374344,1.0562891131266952,0.002701520940036062,0.19024642813019454,2.579165414907038,0.007030192929050827,0.05429757569800131,1.6522237993776798,3.3709173132168146e-05,12.136726148426533,50.75383949279785,0.00012326808488261065,3.854595122858882,0.04179852556262631,-0.06999542331323028,0.22962477628607303,1.0,0.06915566048701294,0.14615384564967826,0.0311677556601353,0.5715895500034094,0.2580578267807141,0.012673698794969823,0.25801386462990195,0.6467144200578332,0.3772207072470337,9.427166614681482,0.0
1,50855936,0.30551344784907997,1.126361086498946,0.0030532552937074797,0.2299169123871252,2.3825632240623236,0.007309784034987388,3.0806624067736266e-05,0.03288923607033212,-0.02708716985944193,-0.038086781540187076,0.5101932946126908,-0.690027117729187,0.5501702430192381,0.30551344784907997,1.126361086498946,0.0030532552937074797,0.2299169123871252,2.3825632240623236,0.007309784034987388,0.06074022516258992,2.161301107611507,3.8003420016696765e-05,9.317825518548489,39.539700761437416,0.00013835555986752013,3.835141357034445,0.04337851918535307,-0.0711897446308285,0.24558847106527537,1.0,0.07121925667161122,0.18992116895969957,0.030272987118223682,0.510228076716885,0.2804162912070751,0.013265847359434702,0.28036018554121256,0.6625803555361927,0.4062794134952128,11.157270643860102,0.0
1,50987008,0.2816945780068636,1.1461435742676258,0.002976241710712202,0.1992247422458604,2.39910008944571,0.006898368418660539,-0.00011250894696956948,0.03631895718717715,-0.0689026438340079,-0.0936498076771386,0.4582452920731157,-0.9247575220651925,0.5213837574701756,0.28169763437472284,1.1461435742676258,0.002976241710712202,0.1992250292096287,2.39910008944571,0.006898368418660539,0.062310222099768,4.094925303012133,4.0477275338624e-05,9.875740893185139,52.98470366001129,0.00012074599635880645,3.8532400932163,0.040731828776188195,-0.06883739121258259,0.3009534403681755,1.0,0.07027178985299543,0.15634883800521493,0.03155827574664727,0.5946963778696954,0.25574557390064,0.01283090984361479,0.25541778723709285,0.6114544006995857,0.39948785840533674,49.971641052514315,0.0
1,51118080,0.2993688259739429,1.1241472610272467,0.003185703295002895,0.24062791001051664,2.117388633079827,0.007664662774004682,9.146022895833994e-05,0.05063234861881938,-0.03461110661737621,0.045683216749239364,0.5561244920827448,-0.5701498417183757,0.5326553706545383,0.2993688259739429,1.1241472610272467,0.003185703295002895,0.24062791001051664,2.117388633079827,0.007664662774004682,0.06957228324608877,3.2914242455735803,4.479299393800318e-05,10.4360661059618,37.2313669025898,0.00028367618501867753,3.823443938046694,0.08100432076025754,-0.06986828031949699,0.3551630596630275,1.0,0.07252846530172974,0.20137284940574318,0.032241681721643545,0.5714568868279457,0.2678033809643239,0.014729797207110096,0.26776463084388524,0.6313656042329967,0.3589576533995569,9.560507997870445,0.0
1,51249152,0.2986776530742645,1.2593240747228265,0.0033909000931089395,0.23457276227418333,2.232713487930596,0.007835678547053249,7.188110797073932e-05,0.03269914828706533,-0.04968125397863332,0.1473956573754549,0.5827541439794004,-0.5709480531513691,0.5410983155015856,0.2986796526238322,1.2593240747228265,0.0033909000931089395,0.23457625519949943,2.232713487930596,0.007835678547053249,0.08879781316500157,3.1200029719620943,5.182486775190398e-05,11.806218199431896,35.419438272714615,0.0006667295405122786,3.895213983952999,0.109474892844446,-0.06563421268947423,0.3585687761660665,1.0,0.0735107510117814,0.19348841987084597,0.03606428409693763,0.6947334713768214,0.2541441497160122,0.015607355388056021,0.25407885026652366,0.5451873331330717,0.4775603183079511,12.153969887644053,0.0
1,51380224,0.27695549093186855,1.1924814195372164,0.0029829532090843713,0.22381150850560516,2.3489198246970773,0.00787192581265117,0.00011863789465849095,0.03239221027615713,-0.03434545305208303,0.1104525655391626,0.5758658638224006,-0.684415471740067,0.5420719222165644,0.2769577137660235,1.1924814195372164,0.0029829532090843713,0.22381084016524255,2.3489198246970773,0.00787192581265117,0.07893542596139014,2.232364423573017,4.67640407638692e-05,10.144493192434311,39.632804453372955,0.0002135792047976981,3.916192300617695,0.08843107905704528,-0.0663348319940269,0.3246774103026837,1.0,0.07265742268646136,0.182914100587368,0.03339270452852361,0.6137396725825965,0.24458443094044924,0.01386343397462042,0.244172670179978,0.5580407392699271,0.5835170093923807,57.70696981996298,0.0
1,51511296,0.24190454702824354,0.991559614315629,0.01981858754651815,0.1665174246331056,1.97448106020689,0.005387203739859009,-0.00019319060579069477,0.02735933904904717,-0.0924505075501899,-0.19135331374003972,0.37977865672544187,-0.9598764024770935,0.2345695107181867,0.2664629912469536,1.0939856711775064,0.0025525488981656963,0.18880406371317804,2.8602569978684187,0.006803432341257576,0.058234184340108186,4.840735945850611,3.269622898727231e-05,14.574160903692245,66.93125602602959,0.00012531662162729162,3.8404918145388365,0.04341329797171056,-0.0693281281273812,0.2713481319369748,1.0,0.06526339557603933,0.14745802170364186,0.03208724071737379,0.6044126164633781,0.24099477310664952,0.012238287745276466,0.2409588258014992,0.6365518779493868,0.40680898004211485,9.076051607728004,0.0
1,51642368,0.24075499386526644,1.068293138872832,0.001384002271151985,0.1650474003981799,2.1381919756531715,0.005539091332593671,-0.00011034189980563269,0.023568055061332416,-0.07576516734843608,-0.1899854865623638,0.40872555202804506,-1.0226387353613973,0.36697658197954297,0.24179374672337828,0.9989556166825884,0.018041760050097316,0.1663757355502212,1.99026042555111,0.005401843507833434,0.058134918836091294,5.221393477948697,3.379623475502024e-05,12.97332293794109,55.356132151581434,0.0001499541689625431,4.11868055864989,0.03680336668616927,-0.06704937920243625,0.22046399870550776,1.0,0.062390818386843586,0.1252935320582151,0.03087179878016889,0.631395951653999,0.2156062166554382,0.011261305776501848,0.21557938409632588,0.6025213559932379,0.3659419521734298,6.518191388123725,0.0
1,51773440,0.2844085281249136,1.1181498100049794,0.0029323115425086144,0.21775737672578543,2.2880427511408925,0.006654702292507864,-0.0001231646674071385,0.023556047555757686,-0.05112257250584662,-0.0810821350896731,0.46272871107794344,-0.7954967156983912,0.43935734080150723,0.2844085281249136,1.1181498100049794,0.0029323115425086144,0.21775737672578543,2.2880427511408925,0.006654702292507864,0.06559498471324332,2.9307150561362505,3.73778329247898e-05,9.453307434916496,45.57860514521599,0.00013815777681824848,3.915356332436204,0.036446978119784035,-0.06922735529951751,0.29550550784915686,1.0,0.0686801781412214,0.17766756832133979,0.030404929246287793,0.6606331751681864,0.25929013546556234,0.01267369075503666,0.2592449977528304,0.6403217678889632,0.4211161460261792,9.473164100199938,0.0
1,51904512,0.29120768373832107,1.1226973524317145,0.0027952847326560004,0.19597726222127676,2.755683908239007,0.00668141437927261,4.195050355804142e-05,0.0467016726906877,-0.0320533877966227,-0.09562355111120269,0.5034884966444224,-0.8151069292798638,0.4911271766759455,0.29120768373832107,1.1226973524317145,0.0027952847326560004,0.19597726222127676,2.755683908239007,0.00668141437927261,0.06248456158209592,2.968866530805826,4.169400795095424e-05,8.828748662024736,46.70218747854233,0.00014186535979421322,3.948507996276021,0.03271993623638991,-0.06896435772068799,0.24573096632957458,1.0,0.06983459374168888,0.15225369291147217,0.031093676094315015,0.7422551778145134,0.2653941564494744,0.01272364374017343,0.2653538336744532,0.6266016783192754,0.37808833946473897,9.630942679941654,0.0
1,52035584,0.2658598821144551,1.1556347194127738,0.00272832003156509,0.19244604441337287,2.3628906421363354,0.006892723322380334,-7.675942710250183e-05,0.027220706127991434,-0.05741413343639579,-0.12582322588423267,0.410897288704291,-0.775309412740171,0.49709478998556733,0.2658598821144551,1.1556347194127738,0.00272832003156509,0.19244604441337287,2.3628906421363354,0.006892723322380334,0.06115469679934904,3.4833120591938496,4.044344235493158e-05,9.33767682313919,44.42195764183998,0.0001660566466115121,3.9012227077037096,0.03445204731542617,-0.07006663363426924,0.24349952675402164,1.0,0.07010354666272178,0.14801604021340609,0.03143890762294177,0.6494420533999801,0.2384416424902156,0.0130352696069167,0.2384131277212873,0.5998214734718204,0.3484878125600517,7.6646923534572124,0.0
1,52166656,0.24438757193274796,1.105564440600574,0.0021776902922283625,0.17530761379748583,2.165982767008245,0.006510462982987519,-5.477364388895012e-05,0.0222765514117782,-0.030981052361312322,-0.1344989215140231,0.44904376310296357,-1.1007030736654997,0.47482239129021764,0.24438757193274796,1.105564440600574,0.0021776902922283625,0.17530761379748583,2.165982767008245,0.006510462982987519,0.050899618363473564,1.8341753827407956,3.677121417777762e-05,11.496838793158531,63.06564137339592,0.00016160182281099722,3.959437906742096,0.03464994482055772,-0.06957957637496293,0.30051745055243373,1.0,0.0677294700872153,0.13085057243006304,0.03071279896539636,0.6194619201123714,0.2214643550105393,0.012316147360252216,0.22143340413458645,0.6113346046768129,0.33132083900272846,8.636866198852658,0.0
1,52297728,0.22426176932640374,1.1421327092684805,0.002484258149024754,0.1992402453906834,2.2683520345017314,0.007185892627603607,-6.469037001721745e-05,0.019803106577455765,-0.04612171719054459,-0.22115263435989618,0.3995577658060938,-1.0914316773414612,0.48385707475245,0.22426176932640374,1.1421327092684805,0.002484258149024754,0.1992402453906834,2.2683520345017314,0.007185892627603607,0.053461254661669955,2.759889731183648,3.208298849532998e-05,14.241636656224728,62.5344295501709,0.00023218900599886183,3.982960283756256,0.047115240449784324,-0.06958601460792124,0.2690058669541031,1.0,0.06847241125069559,0.1560573587194085,0.03334715902747121,0.6645697406493127,0.19251431652810425,0.012737852623104118,0.19248638744466007,0.5466954191215336,0.3319077386986464,6.997494053095579,0.0
1,52428800,0.22578340605832636,1.2279140362516046,0.002437331698502021,0.19833848427515477,2.0534627279266715,0.0076963988849456655,2.702963260503566e-05,0.026423574337968603,-0.030653023706690874,-0.13799025549087673,0.45778860873542726,-0.8575861728750169,0.4588513858616352,0.22579252102877945,1.2288522310554981,0.002437331698502021,0.19835790863726288,2.0604207618162036,0.0076963988849456655,0.06870485460967757,3.397712081670761,4.0697448804527525e-05,12.512438274919987,49.809496104717255,0.0006007872147275606,4.055290503427386,0.10167640045983717,-0.06926212273538113,0.3503484391840175,1.0,0.06982619583141059,0.15351267147343606,0.035057817251072265,0.5925209277775139,0.19193762564100325,0.014475022428086959,0.19190833542961627,0.4964173010084778,0.34568881103768945,9.454320695251226,0.0
1,52559872,0.26394714420040444,0.9784378517915806,0.02041946279669598,0.18801080733537673,2.0376102803399165,0.0069931601922265454,-0.00013553526818081232,0.034637899608060255,-0.1113312474489794,-0.14330628308185966,0.446673384810177,-0.903245153032185,0.25597947639723617,0.2743904973613098,1.1338828937150538,0.003392947414340597,0.2187115658307448,2.243149556219578,0.007429680697896401,0.08579160619410686,6.602070256136358,5.086070109350249e-05,9.327843751758337,42.87230497598648,0.0003909773116212989,3.989041931927204,0.08375324041116983,-0.06897044903598726,0.350111429579556,1.0,0.07575948303565383,0.17371705442201346,0.03350837001926266,0.6034876233898103,0.2372168363071978,0.014067817850445863,0.23717867280356586,0.5001145638525486,0.37613448360934854,8.561723224818707,0.0
1,52690944,0.2596708021592349,1.0045859753154218,0.0031072954454884893,0.1872813745867461,2.1576173352077603,0.00706146430093213,0.0001104736939794293,0.05166795279365033,-0.06656040507368743,-0.14630827627843246,0.4961886133532971,-0.9918593629263341,0.3596175443381071,0.2635353779397815,0.9809581528541195,0.018750820160435014,0.18794259071035915,2.0491772253874196,0.00699974372077648,0.08711602194978103,6.287831046203354,4.263063602347451e-05,12.923727352225434,52.36512038718168,0.0001864065572874883,4.065533370138651,0.05054700842521859,-0.0661936405462673,0.3293757289648056,1.0,0.06851430545302939,0.1430307342867221,0.03259931571314571,0.587937949545098,0.2272606031542801,0.012494444942658667,0.2272423502416855,0.5512903367719019,0.2701814747696002,6.60939912077219,0.0
1,52822016,0.3189579648897052,1.0866563003510237,0.0029406685414414824,0.20232975820545107,2.103802662342787,0.007588880466755654,2.824474307772107e-05,0.027776877395808697,-0.03498167192446999,0.026796782568453636,0.5483059268444777,-0.5948342296760529,0.49758801492862403,0.3189579648897052,1.0866563003510237,0.0029406685414414824,0.20232975820545107,2.103802662342787,0.007588880466755654,0.06703844942967407,2.1977757257409394,4.144738057054731e-05,8.262828189879656,35.05951377749443,0.00017487396421334012,3.882361015304923,0.06491671394906007,-0.07168565643951297,0.35662941727787256,1.0,0.07171800907235593,0.15968023659661412,0.030252578522777185,0.5618248487589881,0.2897288475651294,0.013745678435952868,0.28969960496760905,0.6702203927561641,0.3083481097128242,7.202973395586014,0.0
1,52953088,0.285500516416505,1.0006143851205707,0.002767042683217369,0.1926689516985789,2.1734648318961263,0.007332011964535923,7.090849308610814e-05,0.11806552053894848,-0.03663799558125902,-0.05860791749000782,0.5266589007806033,-0.7566548008471727,0.5254598113242537,0.285500516416505,1.0006143851205707,0.002767042683217369,0.1926689516985789,2.1734648318961263,0.007332011964535923,0.06917744383099489,7.074402414262295,3.371898936377349e-05,9.025334186851978,43.353127121925354,0.0001467583197114486,3.903596354648471,0.04273943629232235,-0.06960451300255954,0.3550214562565088,1.0,0.06778282503364608,0.15164212917443365,0.029637317988090217,0.5463401046581566,0.25988334766589105,0.012340199231402948,0.2598381080897525,0.6252581705339253,0.3707426218315959,21.247662119567394,0.0
1,53084160,0.2790807479759678,1.038208928424865,0.0029975033166920184,0.2192905416013673,2.0732368864119053,0.007723208616880584,-1.9798986897967552e-05,0.08322225651500048,-0.050203367398353294,-0.0404112811665982,0.5197848540265113,-0.7112460592761636,0.5264904168434441,0.2790807479759678,1.038208928424865,0.0029975033166920184,0.2192905416013673,2.0732368864119053,0.007723208616880584,0.0759727114927955,5.701733211986721,4.2143501607805334e-05,9.250165224075317,40.762613505125046,0.0002379333466784317,3.944635571911931,0.051870551746105775,-0.07113774353638291,0.34329718025401235,1.0,0.07287506034481339,0.17688399681355804,0.03214196725457441,0.5866942231077701,0.24943783169146627,0.014089801428781357,0.2493987117195502,0.5885386653244495,0.38262015022337437,15.510519731789827,0.0
1,53215232,0.25420767068862915,1.0369977965019643,0.0026889422133535845,0.18303632410243154,2.0754987047985196,0.0069345376341516385,3.728112281464746e-05,0.027290460755466484,-0.028801856988138752,-0.04005369741753384,0.5421526590362191,-1.149719836190343,0.5059650142211467,0.2542076298268512,1.0369977965019643,0.0026889422133535845,0.1830407064408064,2.0754987047985196,0.0069345376341516385,0.05440315720625222,1.9953037002123892,3.36241856796482e-05,10.25573144108057,65.99735024571419,0.00016726204077155415,3.9843549747020006,0.05457244024728425,-0.0696592575404793,0.3558501321822405,1.0,0.07189911976456642,0.13703994126990438,0.032922185375355184,0.5691692866384983,0.2231513693695888,0.01302849826606689,0.22309927316382527,0.5521257028449327,0.373416259419173,11.735831707715988,0.0
1,53346304,0.22303437278605998,0.9668721817433834,0.0016720809064736386,0.17043822864070535,1.9354276219382882,0.005894061626349867,5.145260858796519e-05,0.027112223542644642,-0.026852535378566245,-0.16107153240591288,0.49870795221067965,-1.2324796626344323,0.4682666128501296,0.22304726066067815,0.9668721817433834,0.0016720809064736386,0.17052961001172662,1.9425694020465016,0.005894061626349867,0.05013870479888283,2.035910603357479,2.806736319560521e-05,14.895482569932938,71.58923622965813,0.00017438465578223372,3.9999116510152817,0.05236167545081116,-0.07007449073716998,0.35447272565215826,1.0,0.06707020942121744,0.12637323088711128,0.03179773066949565,0.532139967661351,0.19798675179481506,0.01205985424167011,0.19796403881628066,0.5696334287058562,0.30572918034158647,7.071139212697744,0.0
1,53477376,0.23385920957662165,1.0601739608682692,0.002063649082174379,0.17880060826428235,2.145761426538229,0.006564365587109933,3.567339224019861e-06,0.0216758723690873,-0.030429920421738643,-0.24697248253505677,0.40431835199706256,-1.359013938345015,0.46365998266264796,0.23386691266205162,1.0601739608682692,0.002063649082174379,0.17899804178159684,2.156737449578941,0.006564365587109933,0.04662387413554825,2.0294156968593597,3.024646638172257e-05,17.031386867165565,79.14274173974991,0.00012017883744253055,4.059746138751507,0.04193161257717293,-0.06961447815410793,0.3108539874665439,1.0,0.06551943393424153,0.1372539513395168,0.03181311044318136,0.5740220560692251,0.20845593069680035,0.01142885804438265,0.20842947904020548,0.5987502536736429,0.29281990113668144,8.049747496843338,0.0
1,53608448,0.27757353699455656,0.9685702123244604,0.01885688385312581,0.18444610974440973,1.9726205886155368,0.005939014294563094,-3.676421786148391e-05,0.01853573160978461,-0.02900439636626591,-0.09497619006567674,0.41115395771358937,-0.664588764209766,0.2968181184927623,0.279929491924122,1.0125149954110384,0.002661711946302603,0.19141490734182298,2.1215974064543843,0.007385831610918103,0.05714477624860592,1.9486001133918762,3.014933886480442e-05,10.212298918515444,51.83721923828125,0.00013062781974215731,3.8845772780478,0.05935917733586393,-0.06989123811945319,0.3538781034294516,1.0,0.06489089070237242,0.1519189397804439,0.02999113801342901,0.5402342345332727,0.2522639501839876,0.012182260172266979,0.252232096507214,0.6417989586479962,0.35680009238421917,7.862235710024834,0.0
1,53739520,0.26006735174451023,0.9927355460822582,0.0014957324460738164,0.1827334149274975,2.017672452144325,0.005654392030919553,-4.4796574272254475e-05,0.023029907162708696,-0.03949249428114854,-0.10557299538049847,0.460356559837237,-0.7227262780070305,0.4424617374315858,0.2758861938379256,0.9708994011203926,0.017183519862084655,0.18428103072591215,1.9769629369074682,0.005911580823368536,0.054737642849234484,1.8229124073040144,4.236771586065889e-05,9.754499032866232,38.42696380363048,0.00012884307146311484,4.039144061056964,0.04494212357833503,-0.06675984324461007,0.2215026899252132,1.0,0.06678786538036383,0.14338307073676443,0.03008914483761617,0.5488790898325752,0.252054981298251,0.011857805773966485,0.2520183010857148,0.5833422048354006,0.3313308905260301,7.682712976158743,0.0
1,53870592,0.25051047664601356,1.1008155778981745,0.0027283072054160584,0.19693617499433458,2.317726586945355,0.0072286644908672315,-5.400069335337321e-05,0.0364939814680838,-0.04825241069192998,-0.1635979883139953,0.4834134348202497,-0.9806388504803181,0.42466653720475733,0.25051047664601356,1.1008155778981745,0.0027283072054160584,0.19693617499433458,2.317726586945355,0.0072286644908672315,0.05770236172247678,3.0085536474362016,3.751873685298168e-05,12.33581081032753,56.18646800518036,0.00011368618312368461,3.969860766083002,0.041830323927570134,-0.06930333096534014,0.22370744869112968,1.0,0.06514640431851149,0.1565846826415509,0.03146314101468306,0.695575725985691,0.219872446032241,0.011761693727748934,0.21984847786370665,0.5649828827008605,0.30861055152490735,7.5799415782094,0.0
1,54001664,0.24603757658042014,1.0000830576755106,0.0026153365542995743,0.19299921835772693,2.108745776116848,0.007222680704217055,-1.9774736159661188e-07,0.021985478600981878,-0.02878723222966073,-0.19983816042076796,0.49177900701761246,-1.2237335564568639,0.46882884250953794,0.24603652232326567,1.0000830576755106,0.0026153365542995743,0.19300189218483865,2.108745776116848,0.007222680704217055,0.05145320828887634,1.8720358721911907,3.8451145298101785e-05,14.707755021750927,70.2404034435749,0.00013512087242117943,4.007937150076032,0.04982628146535717,-0.06907077692449093,0.24852278735488653,1.0,0.06461332459002733,0.1530507132411003,0.03141835407586768,0.5672810426913202,0.21281850768718868,0.011679132730932906,0.212794775608927,0.5608562112320215,0.3023340394720435,7.124379813671112,0.0
1,54132736,0.24517937458585948,1.1519392603076994,0.0027090368969311385,0.20862978231161833,2.521544241346419,0.007196971141183894,-5.116030752816414e-05,0.031075760707608424,-0.04859380322886864,-0.19175096764229238,0.4934481349773705,-1.0000795400701463,0.48070928547531366,0.24517937458585948,1.1519392603076994,0.0027090368969311385,0.20862978231161833,2.521544241346419,0.007196971141183894,0.053946634114254266,2.801338701043278,3.7373907511982496e-05,13.145928502082825,57.30033737421036,0.0001623020046785939,4.014156308025122,0.04274222574895248,-0.06940672779455781,0.22573546040803194,1.0,0.06610885876580141,0.1686957562342286,0.03187416528817266,0.6431569865671918,0.21512285037897527,0.012127742120355833,0.21509731619153172,0.5669685446191579,0.30641209799796343,7.323506563901901,0.0
1,54263808,0.24122893600724638,0.9772716672159731,0.002486933726913776,0.181813103845343,1.9678285429254174,0.006710830449264904,6.469824072752317e-05,0.033346731375786476,-0.03095168473373633,-0.1301094942027703,0.47453149245120585,-0.880860572680831,0.4760048142634332,0.24122893600724638,0.9772716672159731,0.002486933726913776,0.181813103845343,1.9678285429254174,0.006710830449264904,0.05718075862387195,2.1939172851853073,4.144141346218433e-05,12.530091241002083,50.469593554735184,0.00012465255878968406,4.003332985565066,0.05383911743410863,-0.07023961842060089,0.29426894162315875,1.0,0.0648915451602079,0.14046216558199376,0.030856656550895423,0.5407205023802817,0.21607740223407745,0.011471637728391215,0.21605314174667,0.594646458979696,0.33059809636324644,7.663461871445179,0.0
1,54394880,0.22995221079327166,0.9903535759076476,0.0018440185049257707,0.16254661232233047,1.998892517760396,0.006356127472827211,1.785673938314858e-05,0.01782426752470201,-0.019962118301918963,-0.15155851875897497,0.48273556074127555,-1.0088316793553531,0.4462256492115557,0.22995221079327166,0.9903535759076476,0.0018440185049257707,0.16254661232233047,1.998892517760396,0.006356127472827211,0.04740667555597611,1.326485363766551,3.668055946426385e-05,12.99467384815216,57.8017980158329,0.00014420643285451007,4.00743199698627,0.049021264450857416,-0.06933406880125403,0.26676724979188293,1.0,0.06543288813554682,0.11809021222870797,0.031430866991286166,0.4938789058942348,0.20701005321461707,0.011860641003295314,0.2069830121472478,0.5797187299467623,0.3217821684665978,7.582205105572939,0.0
1,54525952,0.24644454312510788,1.0442002154886723,0.0018669476985451183,0.1705733941635117,1.9362946725450456,0.006007063190736517,2.646413523876845e-05,0.01954081374424277,-0.028067378982086666,-0.0979510729375761,0.4864632950630039,-0.8800692390650511,0.4878091849386692,0.24644454312510788,1.0442002154886723,0.0018669476985451183,0.1705733941635117,1.9362946725450456,0.006007063190736517,0.055982678051805124,1.686065586283803,4.70183516645406e-05,13.28884607553482,50.42425358295441,0.00017192412922462097,3.9817024897783995,0.059808383375639096,-0.06951524945907295,0.28379430202767253,1.0,0.06789534233394079,0.1260066881077364,0.03194119939871598,0.5942364982329309,0.22068578598555177,0.013098624607664533,0.22064845508430153,0.5900994352996349,0.36058882297948003,8.959860501810908,0.0
1,54657024,0.23363142875333626,0.9047958901276192,0.020058794283443905,0.17273398322674136,1.9832987309992314,0.006314127402583835,-3.2978612370963374e-05,0.01957725796761224,-0.04046432858890815,-0.2124934283607096,0.4719924333418021,-0.9346533731835855,0.20265396316846213,0.2536074083764106,1.0897214761935174,0.0027174008600923116,0.19228158029727638,1.953061900101602,0.007309294729566318,0.06449700347729959,2.3247441397979856,3.924855928127968e-05,12.748753271996975,45.28297275304794,0.0001335262861115183,3.9229347817599773,0.06635425507556647,-0.06921896641142666,0.3081143512390554,1.0,0.06710391893284395,0.14978574228007346,0.03242382286407519,0.5282356173265725,0.22407885768916458,0.01220162479148712,0.22403064870741218,0.581806774251163,0.3992895819246769,11.573382329195738,0.0
1,54788096,0.23261933831963688,0.954473742749542,0.0020583983916822035,0.17349148995708674,2.2682873345911503,0.006314561243925709,-4.470440690340638e-05,0.0295075848189299,-0.07093705119768856,-0.217021886841394,0.5012612179853022,-1.0129670412279665,0.2972178510390222,0.2335344907120768,0.9095841168863587,0.01832381636616567,0.17281082940444978,2.0108535115169475,0.0063141692186167876,0.04766826648075773,2.7007341337648323,3.2363256304423243e-05,15.499903950986104,54.13213511616979,0.00013723833391713226,4.10910649956709,0.04130445472307097,-0.06620936380721719,0.2097251740205719,1.0,0.05838882711053972,0.13503299065001578,0.030456474745864923,0.5679686368633825,0.20990761429497815,0.010808777807459953,0.2098895580821996,0.6236246049808092,0.28064716581524496,4.910350883301033,0.0
1,54919168,0.20780567859765142,0.9889248814433813,0.0019715502514827676,0.18583517603110522,1.9525194512680173,0.006385023631992226,-6.36008233172447e-05,0.020746652076923056,-0.03490070138650481,-0.2856855198042467,0.34969786007422954,-1.2362389964982867,0.3588064010255039,0.20780713553540409,0.9889248814433813,0.0019715502514827676,0.18583904253318906,1.9525194512680173,0.006385023631992226,0.04820501260110177,2.1346822888590395,3.0527504092381363e-05,17.334868870675564,70.94489207863808,0.00019834442933797103,4.07202766276896,0.042745492653921247,-0.0693794060498476,0.2551332415314391,1.0,0.06510507938219234,0.14447421568911523,0.032912941242102534,0.6267891323659569,0.18136187363415956,0.011786751012550667,0.1813443725113757,0.5707945697940886,0.2604540961328894,5.384531943127513,0.0
1,55050240,0.23964864644221961,0.9842867376282811,0.002166709032962899,0.1877874492201954,2.004135870374739,0.007088731122621539,3.784974587972556e-05,0.015500993384193862,-0.021938114041404333,-0.1461958463769406,0.44288040371611714,-0.8647265760228038,0.3725999272428453,0.23964864644221961,0.9842867376282811,0.002166709032962899,0.1877874492201954,2.004135870374739,0.007088731122621539,0.051521687826607376,1.3189246323890984,3.7867255756385276e-05,12.045776307582855,49.54518386721611,0.0001467201019794695,4.086032051593065,0.04424576344899833,-0.07018121611326933,0.24218542512971908,1.0,0.063482587429462,0.14833738998277113,0.03135738130367827,0.5471907631726936,0.21075991250108927,0.011568962916499004,0.2107392504112795,0.5779761280864477,0.2940675956197083,6.319455314427614,0.0
1,55181312,0.26450434955768287,0.9903680169954896,0.002820633970941344,0.19077510421629995,2.0537832863628864,0.006548947766987112,8.020462200164502e-05,0.02281386016693432,-0.02339074447081657,-0.08509750780649483,0.49540371261537075,-0.8021137407049537,0.4749724194407463,0.26450434955768287,0.9903680169954896,0.002820633970941344,0.19077510421629995,2.0537832863628864,0.006548947766987112,0.05778705814736895,1.5506001291796565,2.918502828674896e-05,10.346521362662315,45.95806911587715,0.00010868843546063545,3.9794609639793634,0.049605456966673955,-0.06998354732058942,0.29461579176131636,1.0,0.06458076045964845,0.1510247095138766,0.030575467157177627,0.5481672240421176,0.23736530798487365,0.011888913490111008,0.23733592429198325,0.5955370883457363,0.3488219501450658,7.4466051906347275,0.0
1,55312384,0.24766351678408682,0.9977920674718916,0.002605484106084077,0.17790803324896842,2.0277746841311455,0.006623934265917342,9.406398373812408e-05,0.02752533944294555,-0.027185385282791685,-0.12432211049599573,0.4944880283437669,-1.1965086325071752,0.45874283788725734,0.24766900658141822,0.9977920674718916,0.002605484106084077,0.17795563919935375,2.0281560653820634,0.006623934265917342,0.05527404084568843,1.9667635317891836,3.7779796791648224e-05,13.110070899128914,69.03662750124931,0.0001260612926033966,3.9566177502274513,0.05518817008123733,-0.06911537144333124,0.27585487673059106,1.0,0.06467896859976463,0.13570990855805576,0.0319803025922738,0.5554505988257006,0.21610693831462413,0.011765236966311932,0.2160759224789217,0.5471216207370162,0.3395662633702159,8.160700786858797,0.0
1,55443456,0.22480057214852422,1.0558377769775689,0.002109271315021033,0.1797631357330829,2.4394980454817414,0.006457643039539107,-7.4389088489112964e-06,0.029955954058095813,-0.035755053722823504,-0.24228147824760526,0.4950762763619423,-1.18953200802207,0.38995647616684437,0.22480230231303722,1.0558377769775689,0.002109271315021033,0.17977654153946787,2.4421145087108016,0.006457643039539107,0.04688909903052263,2.345802283845842,3.2786898711389956e-05,16.641559287905693,68.2551925778389,0.00013831215749315895,3.983186721801758,0.04204071205458604,-0.06935045938007534,0.24155461112968624,1.0,0.06562258888152428,0.13585817202692851,0.033600091526750475,0.6527139253448695,0.2013723470736295,0.012018236520816572,0.20135036821011454,0.6025681893806905,0.3076589379925281,8.237316530197859,0.0
1,55574528,0.22138489258941263,0.9866601410321891,0.0018273347961894615,0.2040535780834034,2.0065132193267345,0.0060330556866574625,5.6230070914153885e-05,0.030789010299486108,-0.035905089891457465,-0.21092030487488955,0.4479618426412344,-0.7636498254723847,0.43276746943593025,0.22138489258941263,0.9866601410321891,0.0018273347961894615,0.2040535780834034,2.0065132193267345,0.0060330556866574625,0.06797761021880433,2.6117445789277554,3.6979280071069986e-05,14.70809019356966,43.753912538290024,0.0004790497685167594,4.000320725142956,0.05900908380863257,-0.07023168005980551,0.29846001765690744,1.0,0.06646667985478416,0.1619330629473552,0.034012046016869135,0.5497717825928703,0.19061711861286312,0.01388239012885606,0.19059248839039356,0.542810587445274,0.34204000257886946,8.095653656870127,0.0
1,55705600,0.24606583318362635,0.9703528024752934,0.01962606278386981,0.19133010609075427,2.0033293228099742,0.006709501561466217,-9.51378331202098e-05,0.021530311256453084,-0.04037180341081694,-0.1587709907014035,0.4271886611010025,-0.7268062256715104,0.2598465019464493,0.2185950450366363,0.949012313503772,0.002261428788926878,0.16897624777629972,1.8781469874083996,0.006776337982046243,0.05122817025403492,1.9774006721563637,3.597571501245955e-05,12.952448166906834,51.50074425339699,0.00019504807975501137,4.0127136539667845,0.04717406761483289,-0.0696668263990432,0.29759858432225883,1.0,0.06570001289946958,0.1259368623723276,0.03242445316573139,0.5673869668971747,0.19212068861816078,0.012405996785673779,0.19208892714232206,0.5345558177214116,0.3278670343570411,9.198018457740545,0.0
1,55836672,0.24217711621895432,1.0207247654907405,0.0021652816785717732,0.19062782893888652,2.1813314529135823,0.006343928301703272,-8.255556503655725e-05,0.015888343696133234,-0.029836610301572364,-0.1629689642577432,0.4733269934076816,-0.7754657207988203,0.39645379642024636,0.2456910170906459,0.9752079314406378,0.017943095930347108,0.19126241672671881,2.0204861546271897,0.0066742655846215955,0.055988065151887645,2.398861941208233,3.7440816047600256e-05,12.463609813983238,42.02739461267322,0.00014866679558149369,4.079052657248026,0.038712595045756436,-0.06636670696358364,0.20082609312810812,1.0,0.06265403486995857,0.15205887659643608,0.030251139628347457,0.5442865926839681,0.22122268288968558,0.011584263695375881,0.22119758466079112,0.577678920431848,0.2967439599402518,5.422345320166773,0.0
1,55967744,0.23047076200600713,0.9517239420674741,0.002291255034833739,0.18995118606835604,1.8874853355810046,0.007396884130685066,1.356458200518773e-05,0.03186955735873198,-0.024035503418417647,-0.16075714130420238,0.43943757773377,-0.7862798888236284,0.41007866826839745,0.23047076200600713,0.9517239420674741,0.002291255034833739,0.18995118606835604,1.8874853355810046,0.007396884130685066,0.06096391615574248,2.064608111977577,3.5997101986429136e-05,12.72542480379343,45.05051961541176,0.00017082203640406135,4.004489639773965,0.05166873746202327,-0.0693849646486342,0.2510857342276722,1.0,0.06540867380681448,0.1490760479355231,0.03146751146414317,0.5698086587944999,0.2040131138637662,0.012024630945234094,0.20399162417743355,0.5506071103736758,0.3035938525572419,6.321498714387417,0.0
1,56098816,0.25131964695174247,0.9902223749086261,0.002807835935982439,0.18463678611442447,1.9294258477166295,0.0067393428544164635,4.978011808276506e-05,0.028503129695309326,-0.02800274251785595,-0.1440037357970141,0.4594256361015141,-1.0312952366657555,0.3940515872091055,0.25131964695174247,0.9902223749086261,0.002807835935982439,0.18463678611442447,1.9294258477166295,0.0067393428544164635,0.058913849003147334,2.0704245110973716,3.277370134469049e-05,11.90017355978489,59.08886510133743,0.00016605884237641533,4.033399160951376,0.05664715653983876,-0.07014463632367551,0.33419673948083073,1.0,0.06578196660848334,0.14275923365494236,0.03188454576593358,0.5569582469761372,0.21581015223637223,0.01206583775638137,0.2157890247181058,0.5361799029633403,0.30851531168445945,6.755319751799107,0.0
1,56229888,0.26724260568153113,0.9929325552657247,0.003108816081748955,0.18384567205794156,2.0109296161681414,0.006548493025547941,8.88795357809613e-05,0.029059550615784246,-0.02939407368830871,-0.09721076878486201,0.5022628339938819,-0.804425782058388,0.4923537177965045,0.26724260568153113,0.9929325552657247,0.003108816081748955,0.18384567205794156,2.0109296161681414,0.006548493025547941,0.06250825058668852,2.0999238612130284,3.8407999741085774e-05,12.296371050179005,46.10018113255501,0.00011183836081274379,3.955111777409911,0.06243070270284079,-0.06970378360711038,0.3275691941380501,1.0,0.06773504687589593,0.14031120151048526,0.031202632424538024,0.49949099321383983,0.23734932555817068,0.012079735206498299,0.2373029023874551,0.5815538694150746,0.3660639824811369,11.962877733632922,0.0
1,56360960,0.23851262324023992,0.9875408532097936,0.002480746931723843,0.17153269762638956,2.0732131581753492,0.006944664656657551,4.356915267322847e-05,0.023627709088032134,-0.02627028399365372,-0.15362949308473617,0.42985887289978564,-0.8458078373223543,0.4739858922548592,0.23851262324023992,0.9875408532097936,0.002480746931723843,0.17153269762638956,2.0732131581753492,0.006944664656657551,0.055824559211032465,1.6994576794095337,4.122205643442012e-05,12.967630058526993,48.461219906806946,0.00017114657507466546,3.98569543287158,0.05356832320103422,-0.06919150543399155,0.2764726080931723,1.0,0.06854656164068729,0.12586308020399883,0.03275618187035434,0.5585512560792267,0.21313201752491295,0.0125304427856463,0.21310477040242404,0.5542299933731556,0.3227234371006489,7.044898429885507,0.0
1,56492032,0.21428388182539493,1.0951146930456161,0.001961472027915079,0.1787396885920316,2.325162921100855,0.005926202575210482,-7.541062916516239e-05,0.017288675659074215,-0.030320717713038903,-0.21893795882351696,0.45147183793596923,-0.9284552847966552,0.42871002154424787,0.21428388182539493,1.0951146930456161,0.001961472027915079,0.1787396885920316,2.325162921100855,0.005926202575210482,0.050346855976385996,1.790860012639314,3.514988908084882e-05,14.79759707301855,53.19656974077225,0.00018543025075778985,4.036874298006296,0.03934292958001606,-0.06940731359645724,0.21899815509095788,1.0,0.0656936236191541,0.13489667768590152,0.03309232313768007,0.6346568204462528,0.18518242507707328,0.011945511469093617,0.1851658964296803,0.5665547384414822,0.26855462579987943,6.210644964128733,0.0
1,56623104,0.2288166517391801,1.0071095959283412,0.0021741972973359225,0.23701065825298429,1.8972045304253697,0.007299720932223863,-5.4759590426556315e-06,0.023564471826830413,-0.023629627641639672,-0.19129840482492,0.40623140684328973,-0.8934075548313558,0.4620899660512805,0.2288166517391801,1.0071095959283412,0.0021741972973359225,0.23701065825298429,1.8972045304253697,0.007299720932223863,0.057000624015927315,1.6685455502010882,3.7565297113850704e-05,13.558006204664707,51.188482850790024,0.0003314928383417737,4.070591524243355,0.051942784630227834,-0.07064734096638858,0.27833230362739414,1.0,0.06747702602297068,0.19963798415847123,0.032738405745476484,0.5980980598833412,0.19555858278181404,0.012854876651545055,0.1955426330678165,0.5365288576576859,0.26296387054026127,5.9815802946686745,0.0
1,56754176,0.23636411897838117,0.9063651912659406,0.019419977573428088,0.1724681382315854,1.6489109088728826,0.00646805157851001,-5.980832552012316e-05,0.020639262061498208,-0.025267380945782254,-0.17942379406810838,0.26902345970835695,-0.7959730651651626,0.20050952908893427,0.2270905007608235,1.0370868360623717,0.0021405666491318698,0.17968658567406237,2.075996375642717,0.006561829009115172,0.05334149955888279,1.7874439992010593,3.253787635409955e-05,11.405855789780617,46.92265576124191,0.00016114900254926567,4.001667058095336,0.03943432093365118,-0.07006364106200635,0.23729130486026406,1.0,0.06503493251511827,0.137111327087041,0.03175227793690283,0.6017018479760736,0.19943236466497183,0.01158585786470212,0.19940763397607952,0.5532735423184931,0.2954006555955857,7.8199354242533445,0.0
1,56885248,0.23829180363100022,0.933874174952507,0.002152315152443407,0.17239398520905524,1.7520778942853212,0.006447280408337974,-7.500216980815821e-08,0.019995946076960536,-0.018722419841651572,-0.18026191706303507,0.3156378783751279,-0.8436175775714219,0.2761190829332918,0.2365503260663834,0.9090166595730796,0.01775562456899583,0.1724627787662468,1.6592080249080816,0.0064660495380115,0.04895007045145696,1.682572730104383,3.5412114030465516e-05,12.337989839653664,45.92555291896282,0.00019753681757933906,4.146390441311411,0.04488365791919669,-0.06614204047315092,0.23009955639535762,1.0,0.06432836029975933,0.13101800893298743,0.03152276855312759,0.5654120873323226,0.2085125844684396,0.011441475253815886,0.20849269597667708,0.5753020792077463,0.28299990662160407,5.1536571451137405,0.0
1,57016320,0.21038363315165043,0.8888848875649273,0.0017337441342988313,0.16107301181182265,1.6940944488160312,0.00617764149683353,-2.3841250374800893e-05,0.012956852329807589,-0.020041903542733053,-0.2069805673090741,0.3390716725261882,-0.9729278474114835,0.32409773278050125,0.21038363315165043,0.8888848875649273,0.0017337441342988313,0.16107301181182265,1.6940944488160312,0.00617764149683353,0.044651117554167286,1.185604193713516,3.882543884969891e-05,14.078096978366375,55.74466007947922,0.00020017516099368748,4.066606221720576,0.04709517024457455,-0.06973848235793412,0.2545622435864061,1.0,0.0648705901694484,0.1181006469996646,0.031033299732371233,0.5378811054397374,0.18746236548759043,0.011694412321958225,0.18744703999254853,0.547214844962582,0.26528710778802633,4.787053590640426,0.0
1,57147392,0.2268177338410169,0.99824034050107,0.0018793382465673858,0.19024707761127502,1.9596546357497573,0.0064936832109196985,-5.0844856559706386e-05,0.02679604171862593,-0.044911149379913695,-0.18848616781178862,0.3696734339464456,-0.8489769883453846,0.3320994982495904,0.2268177338410169,0.99824034050107,0.0018793382465673858,0.19024707761127502,1.9596546357497573,0.0064936832109196985,0.05894427659222856,2.5790593838319182,3.6256830195924294e-05,12.389196135103703,48.64279878139496,0.00012863972630428044,4.128716314211488,0.04581489838892594,-0.07008558441884816,0.2597817830974236,1.0,0.06228250640560873,0.15141611930448562,0.030828039583866484,0.5757212725002319,0.1971626520389691,0.0111059364353423,0.19714659499004483,0.5322419260628521,0.2815718703204766,5.479885840788484,0.0
1,57278464,0.23974814370740205,1.0599771607667208,0.002302584562357879,0.19410001707728952,2.091110293753445,0.006668108481790114,-1.150961040252696e-06,0.025612080899009015,-0.029306149437616114,-0.19216032687108964,0.3544186415383592,-1.0253583802841604,0.32879383070394397,0.23974814370740205,1.0599771607667208,0.002302584562357879,0.19410001707728952,2.091110293753445,0.006668108481790114,0.05442453108844347,1.9592765513807535,2.5185094286173104e-05,12.445425786077976,58.74870836734772,0.00014998129137921978,4.050622001290321,0.04255423814174719,-0.06971875671297312,0.2548834771150723,1.0,0.0634060354786925,0.15476905734976754,0.03157900016230997,0.6131895584985614,0.205703129991889,0.011414266475185286,0.20568203763104975,0.5515643584076315,0.30082737503107637,6.262279750779271,0.0
1,57409536,0.23352947749663144,1.0634604496881366,0.001981796900736299,0.17990058031864464,2.1890991935506463,0.006348001713377016,-5.631941133543705e-05,0.019761542047490366,-0.03659357567084953,-0.16703486733604223,0.46924349782057106,-0.8178434479050338,0.3795002109836787,0.23352947749663144,1.0634604496881366,0.001981796900736299,0.17990058031864464,2.1890991935506463,0.006348001713377016,0.05238909865147434,2.2540706866420805,3.5915469159042424e-05,13.133724354207516,46.85897842049599,0.00013088861951215947,4.031391521915793,0.040605525544378906,-0.07016808143816888,0.2316981680924073,1.0,0.06267458698130213,0.13947334029944614,0.03019152005435899,0.5837098773336038,0.20990889181848615,0.01139050092024263,0.2098886149469763,0.5776243454311043,0.31627576216124,5.886671785265207,0.0
1,57540608,0.261835056473501,0.9808705751784146,0.002855294241953743,0.19666853395756334,1.9294562079012394,0.006769158640054229,-3.719211235875264e-06,0.022403637653042097,-0.02688478618802037,-0.15536495961714536,0.3999003751669079,-0.7939341091550887,0.4632353917695582,0.261835056473501,0.9808705751784146,0.002855294241953743,0.19666853395756334,1.9294562079012394,0.006769158640054229,0.05927392080775462,1.7493614181876183,4.1437476883121604e-05,11.332209751009941,45.489074259996414,0.00014309902087017434,3.9894859716296196,0.04998224039445631,-0.06959696300327778,0.28012781753204763,1.0,0.06691918370779604,0.15516935754567385,0.031438124817213975,0.5104829480405897,0.23047161812428385,0.012106059490179177,0.23043994093313813,0.5603961795568466,0.3407377568073571,7.608079252764583,0.0
1,57671680,0.22030677762813866,0.9573177169077098,0.0017989049224524933,0.14466185471974313,1.9205560348927975,0.005816479583700129,-1.020565867193568e-05,0.0152431332062406,-0.019639781483419938,-0.15471276128664613,0.43567376979626715,-0.7113293064758182,0.4395539900287986,0.22030677762813866,0.9573177169077098,0.0017989049224524933,0.14466185471974313,1.9205560348927975,0.005816479583700129,0.04431515047326684,1.2916762130334973,3.701440956975499e-05,12.234116032719612,40.756167620420456,0.0001061156873904956,3.984762579202652,0.04587543904199265,-0.07005239860154688,0.26517759915441275,1.0,0.06401839951286092,0.09965671633835882,0.0309799195965752,0.5125488226767629,0.20031886245124042,0.011353665067872498,0.20029555191285908,0.5814914712682366,0.3024057170841843,6.955212473869324,0.0
1,57802752,0.229587849440674,0.8607574078937371,0.020645370038691907,0.16059099694713952,1.5815318828324476,0.006571756908087991,-4.4949051396846095e-05,0.018914831423947665,-0.02726054320325299,-0.17676429186150394,0.32467870147957,-0.6390223036071984,0.1700188816090425,0.2063996633514762,0.987543486058712,0.001877264626273245,0.17906529770698398,1.9466471802443266,0.006705303770104365,0.05413838883396238,2.325364357791841,3.132987948573085e-05,15.208990342915058,62.57703271508217,0.0001232625608791338,4.0171181838959455,0.044176584837259725,-0.06998427072539926,0.2471363248769194,1.0,0.06349509363644756,0.13851293257903308,0.03133632107346784,0.5730006969533861,0.18281790846958756,0.011498134845169261,0.18278901476878673,0.5530062043108046,0.29372523026540875,8.76846307516098,0.0
1,57933824,0.23075474228244275,0.9119218648411334,0.0021946844088915896,0.16114178899442777,1.7447085776366293,0.006554238155331404,-5.725586478178002e-05,0.019060194281337317,-0.0351110161136603,-0.17649067362071946,0.36290979967452586,-0.6737234047614038,0.2662877896800637,0.2297003210398806,0.8656889218163778,0.01886699070087983,0.1606440853372396,1.5972597570304412,0.006570068353605429,0.05286376231773588,1.688479610856241,3.36612622898086e-05,13.002581232396398,36.830100910306115,0.0001358239020869404,4.138041442955833,0.03973012850141217,-0.06534082738749952,0.22451875506933913,1.0,0.06082654831908554,0.12062082897748304,0.030774823548089913,0.5134178462875895,0.20558320296400912,0.011018149136931703,0.20556551002033324,0.5532373932066811,0.29773584230948824,4.712050449181662,0.0
1,58064896,0.27057620813138783,0.969110089354217,0.0026147392732127628,0.1971709382487461,1.9880244648084044,0.007174422056777985,2.7072959333906965e-05,0.026911828768788837,-0.02841278577398043,-0.08864715619711205,0.3603597014443949,-0.6292477776296437,0.3868308470118791,0.27057620813138783,0.969110089354217,0.0026147392732127628,0.1971709382487461,1.9880244648084044,0.007174422056777985,0.061239216855028644,1.8375472440384328,3.747964130917936e-05,9.002555973827839,36.053242325782776,0.0001528356812182663,3.944457681849599,0.04889304071548395,-0.07195758284069598,0.30529980489518493,1.0,0.06620325028779916,0.1564103460405022,0.030126124373055063,0.49411031091585755,0.2432459507836029,0.012298698260565288,0.24320876563433558,0.6364465933293104,0.3750686969142407,8.606718879193068,0.0
1,58195968,0.23991257965099066,0.9830583743751049,0.0022180623573149205,0.17172856256365776,1.8601764645427465,0.006571344772055454,-6.0193323268009635e-06,0.019586322458053473,-0.0274862210280844,-0.1109712342149578,0.4510956909507513,-0.7353500090539455,0.43128521321341395,0.23991257965099066,0.9830583743751049,0.0022180623573149205,0.17172856256365776,1.8601764645427465,0.006571344772055454,0.05261366700869985,1.7348213200457394,2.725733288522214e-05,10.518877882510424,42.132452458143234,0.00010639685592050974,4.0445612873882055,0.04215004181605764,-0.06965654925443232,0.3242241735570133,1.0,0.06328798463800922,0.13013448962010443,0.031042849557707086,0.5249892808496952,0.2153013893403113,0.01127985748462379,0.21528195089194924,0.579640353564173,0.3084249710664153,6.2898921724408865,0.0
1,58327040,0.21868976100813597,1.0888866283930838,0.0021834277545167424,0.16137499012984335,2.388569395057857,0.006875208659039345,-0.00011326062151795213,0.023166697970737005,-0.056851815097616054,-0.25125183805357665,0.4204705534502864,-1.2052569631487131,0.4038913049735129,0.21872410899959505,1.0888866283930838,0.0021834277545167424,0.16152399114798754,2.394398620352149,0.006875208659039345,0.05041405308293179,3.327676863409579,2.8363000294184815e-05,16.314052917063236,70.08892774581909,0.00014085031193111774,4.017000434920192,0.03712603927124292,-0.06924780365079641,0.26129898498766124,1.0,0.06310367566766217,0.11871968139894307,0.032461635521030985,0.637069889344275,0.19669354299549013,0.01166114337684121,0.1966750945430249,0.5992679779883474,0.27297702722717077,6.3108777590096,0.0
1,58458112,0.21700756973586977,1.0099535868503153,0.0019567410790841677,0.15552778751589358,2.218602268025279,0.006948584092242527,-0.00012703771658806318,0.023524867930973414,-0.0518472807307262,-0.2727231555618346,0.4984178296290338,-1.1730174608528614,0.40964222559705377,0.2170093107270077,1.0099535868503153,0.0019567410790841677,0.1555305792717263,2.218602268025279,0.006948584092242527,0.05316358746495098,3.017474861815572,3.175056263460263e-05,17.988345116376877,67.40170711278915,0.00012989089884518634,4.071520984172821,0.03680578208877705,-0.06925719021819532,0.2385472150053829,1.0,0.06224037610809319,0.11337388126412407,0.03156744359876029,0.6210841429419816,0.19872714986559004,0.011417856490879785,0.19870520592667162,0.6347214714623988,0.2714502179296687,7.560388166457415,0.0
1,58589184,0.28787465824279934,1.0564391831867397,0.0023131521165851154,0.20118537766393274,2.1314725345000625,0.005764730880400748,-8.91763297943271e-05,0.024027106213907246,-0.034470396902179345,-0.11137503682402894,0.47076345910318196,-0.7356735938228667,0.48721005278639495,0.28787465824279934,1.0564391831867397,0.0023131521165851154,0.20118537766393274,2.1314725345000625,0.005764730880400748,0.0566584353800863,2.091320593841374,3.4808604820302236e-05,9.326364692300558,42.18606682121754,0.0001517366358196881,3.962216544896364,0.03574608669441659,-0.07252326630987227,0.326127513544634,1.0,0.0664543243474327,0.16092755645513535,0.02965881883574184,0.4928714926354587,0.2593698500422761,0.01239562917908188,0.259343019570224,0.6591930314898491,0.311958976322785,6.519194804131985,0.0
1,58720256,0.2546027498319745,1.074968395754695,0.002568946717929066,0.19171959755476564,2.029050854034722,0.006602120189199923,-5.0566561867526616e-05,0.04762497547199018,-0.06412132224068046,-0.10876409139018506,0.4948801801074296,-0.7910398868843913,0.5031762111466378,0.2546027498319745,1.074968395754695,0.002568946717929066,0.19171959755476564,2.029050854034722,0.006602120189199923,0.06214985594851896,4.590545157901943,3.6658336590278395e-05,11.139447122812271,45.32324740290642,0.0001862198338771215,3.937154846265912,0.03883600492554251,-0.06977294641546905,0.33792152954265475,1.0,0.06904694152763113,0.14783040282782167,0.03088980969914701,0.58004229539074,0.22833905857987702,0.012910331650346052,0.22831507225055248,0.5908473627641797,0.31224435358308256,9.264095975086093,0.0
1,58851328,0.2587973324830333,0.9857768006622791,0.01805227045701031,0.18154955352656543,1.8541422975063324,0.006260139903254943,-0.00013280266171572443,0.028428718756622402,-0.048367621110616404,-0.10480691259376423,0.36198890652701565,-0.6561938495260741,0.29874497691790264,0.23966078856028616,1.0621503936126828,0.0019343170163210743,0.16523021447937936,1.933229275047779,0.0059269723014949705,0.05749565950827673,3.8757041092030704,3.309389235783833e-05,11.647928714752197,35.737749710679054,0.00015239761348784242,3.9245934691280127,0.060332543653203174,-0.06998477294109762,0.34172217873856425,1.0,0.0661395758506842,0.12119029753375798,0.03109719612984918,0.5741091126110405,0.21630590478889644,0.012443093735782895,0.21628037153277546,0.6171520603820682,0.31277347751893103,7.271639995276928,0.0
1,58982400,0.24997985956724733,1.0351489558815956,0.0021810003859172866,0.1833711399231106,1.881507497280836,0.006724462280544685,-6.593190777692826e-05,0.02534924745123135,-0.04392050308524631,-0.11368975357618183,0.40785087272524834,-0.7061625346541405,0.4107714667916298,0.2579474555754877,0.990535562611129,0.016522509486302548,0.18172512811900352,1.856779907123152,0.006304893867331063,0.06650851569482102,2.848370419273781,3.1081470918349566e-05,9.414575679181425,37.887032713578364,0.0001383261151257428,4.0247416830206495,0.03739194792240552,-0.0686241110495056,0.32760848095977163,1.0,0.06219324914328978,0.14226378038166518,0.030853703267401063,0.5336860714042672,0.22960180348817663,0.011523522121911723,0.22958002165969776,0.6132650494306202,0.35252292749348535,5.811401445485921,0.0
1,59113472,0.22809485241305083,1.0541029451414943,0.001991604560316773,0.17552798776887357,2.1210515396669507,0.005922858073745374,-8.829591223502575e-05,0.07225412779371254,-0.11081554554402828,-0.20280399202601984,0.37224515806883574,-0.9466653387062252,0.3937813132070005,0.22809485241305083,1.0541029451414943,0.001991604560316773,0.17552798776887357,2.1210515396669507,0.005922858073745374,0.060454811580711976,7.406088938936591,3.288417953528633e-05,13.114506617188454,54.23992922902107,0.00012670613953069676,3.9904182478785515,0.03597490819811355,-0.07005801843479276,0.3465980258770287,1.0,0.06208814831916243,0.1344913003849797,0.033730041701346636,0.6839507322292775,0.1987639602739364,0.011688518126902636,0.1987416218034923,0.5648957742378116,0.3269601627252996,7.123439811170101,0.0
1,59244544,0.22159098309930414,1.0627486887387931,0.002298458385212143,0.18424669513478875,1.929766551591456,0.006844617362730787,1.0147898748869011e-05,0.02628200497929356,-0.027357511607988272,-0.1496062477817759,0.4546575804706663,-0.7362138940952718,0.358259811764583,0.22159098309930414,1.0627486887387931,0.002298458385212143,0.18424669513478875,1.929766551591456,0.006844617362730787,0.058172295917756855,1.870767466723919,3.80846743437413e-05,12.69731868058443,42.18194940686226,0.00016277136647280255,4.076298022642732,0.051184317271690816,-0.07102568657137454,0.3403064701706171,1.0,0.06691965338541195,0.14021168678300455,0.032073992828372866,0.5506831107195467,0.19299535057507455,0.012259435527084861,0.19297794275917113,0.5627943908330053,0.30981274391524494,6.060497833415866,0.0
1,59375616,0.24584158742800355,1.0138344438746572,0.0021171214409605454,0.1853561163879931,1.826690080575645,0.006782109151572513,4.60225760434696e-05,0.031319475012423936,-0.031260852243576664,-0.14608032314572483,0.3907063321676105,-0.7400333471596241,0.4084395533427596,0.24584158742800355,1.0138344438746572,0.0021171214409605454,0.1853561163879931,1.826690080575645,0.006782109151572513,0.0637010048085358,2.2009809650480747,3.349142946751371e-05,11.168176427483559,42.40078815817833,0.0001418381744802133,4.037120070308447,0.0455351852288004,-0.07049492443911731,0.3222984801977873,1.0,0.06344258616445586,0.1454368953127414,0.031455716060008854,0.538887680741027,0.21484261564910412,0.012098520994186401,0.21482545044273138,0.5778072443790734,0.3160047649871558,5.754695711657405,0.0
1,59506688,0.2562014184659347,1.1005689231678843,0.002384009248316943,0.18526115000713617,2.2136062681674957,0.006185828271327409,-3.136805067072146e-05,0.02047169664001558,-0.02637581391900312,-0.09251727856462821,0.4900287687778473,-0.6793002504855394,0.4763239382300526,0.2562014184659347,1.1005689231678843,0.002384009248316943,0.18526115000713617,2.2136062681674957,0.006185828271327409,0.0483826155832503,1.6571112712845206,2.4645085095420516e-05,8.159115340560675,38.935402512550354,0.00011823515907538606,3.981334760785103,0.02649255466531031,-0.0704438490793109,0.32927240850403905,1.0,0.06418750737793744,0.144658223958686,0.031065158153069206,0.5175501636695117,0.23099593713413924,0.011568396475922782,0.2309724398655817,0.6296358415856957,0.3091803586576134,6.640493938699365,0.0
1,59637760,0.2786570667522028,1.1434386298060417,0.0026142541850049383,0.17874647036660463,2.090438636019826,0.006590304363953692,-0.00011684187333571572,0.02796400893930695,-0.03738133260048926,-0.030737166947801597,0.5073491809889674,-0.6154453586786985,0.5185864646919072,0.2786570667522028,1.1434386298060417,0.0026142541850049383,0.17874647036660463,2.090438636019826,0.006590304363953692,0.054820657591335475,2.488871593028307,2.5656481081437477e-05,6.922954838722944,36.169559329748154,0.00012525990442013857,3.9421146735548973,0.040044045192189515,-0.06978337583132088,0.3465656996704638,1.0,0.07112362183397636,0.1325188954360783,0.031962634035153314,0.6475238390266895,0.2526535589713603,0.012915954925119877,0.2526203035376966,0.6539855287410319,0.32662756042554975,8.094682972878218,0.0
1,59768832,0.26850648294202983,1.1392946722917259,0.0026796556780936953,0.18040866346564144,1.9825059650465846,0.00718815815889684,-9.072910017593472e-05,0.025544187396008056,-0.036060980026377365,-0.06413570253062062,0.5081292847171426,-0.6685853288508952,0.5128378875087947,0.26850648294202983,1.1392946722917259,0.0026796556780936953,0.18040866346564144,1.9825059650465846,0.00718815815889684,0.05294510695966892,2.309758862480521,3.248649924392222e-05,7.898275006562471,38.310696333646774,0.00014587978874835983,3.8824666645377874,0.03833522999775596,-0.07046343549154699,0.3399987309239805,1.0,0.06845355121186003,0.13614497968228534,0.03248583976528607,0.5298711308278143,0.24391587695572525,0.012824146164348349,0.24387861171271652,0.6396710188128054,0.3349264857824892,8.36875337548554,0.0
1,59899904,0.2479662292947372,1.060118026783069,0.018755266811688973,0.15587168547324837,1.9052127059549093,0.005644491767598084,-9.267159245988902e-05,0.02391773625286684,-0.04010531204956351,-0.012656391508979823,0.5750899031036534,-0.4131671005732884,0.23200875967741014,0.23419446405023336,1.0217039142735302,0.0017443173912852217,0.16159835655707866,2.007491978816688,0.006205422457696841,0.049089219101006165,1.9531846782192588,2.9442056639461534e-05,10.534697987139225,46.857064098119736,0.00016833416575412485,3.9187529776245356,0.03182715451112017,-0.07114648586139083,0.32085225684568286,1.0,0.06409284772234969,0.11849903606344014,0.031749174086144194,0.5509580466896296,0.2118561016395688,0.011914818991499487,0.21183064975775778,0.5996021195314825,0.32555284001864493,8.050218876451254,0.0
1,60030976,0.24393724836409092,1.1223153206519783,0.0013335193191323924,0.15720121387857944,2.114869779907167,0.005775306328359875,-0.00012169746855761332,0.0324038236940396,-0.04813757905503735,-0.013878962043236243,0.6148174731060863,-0.40445399819873273,0.34099078364670277,0.2475778937833496,1.0661129466740482,0.017076062234093158,0.15599983278942486,1.9254206166972956,0.005657100399960665,0.05297014608254084,2.547387191431081,3.2312053878961736e-05,6.707012735913137,33.300092357485724,0.0001351264682829507,3.9988824588706695,0.05598804995526121,-0.06678538123168141,0.3269653397511287,1.0,0.067861014076632,0.10878789009167308,0.03352065239009077,0.6745977738524327,0.2245378193939217,0.012069552339801386,0.22451165624254618,0.6158728275941797,0.30391465774905607,8.064348155385758,0.0
1,60162048,0.24320114275906235,1.151977292727679,0.0023206432099414087,0.1760680228471756,2.2041586423292756,0.007132700312467932,-0.00017858276083870805,0.030129159400530625,-0.07257436211511958,-0.0665850779187167,0.4829105611424893,-0.6626474664080888,0.3873922973871231,0.24320114275906235,1.151977292727679,0.0023206432099414087,0.1760680228471756,2.2041586423292756,0.007132700312467932,0.06900835526175797,4.263325780630112,3.854149427029441e-05,6.7907254956662655,38.617344439029694,0.00018789730194335164,3.915135307237506,0.05819823429919779,-0.06990926549769938,0.3472169660963118,1.0,0.072315908735618,0.1266810763045214,0.03656695145764388,0.6482169067021459,0.21342882001772523,0.013431245628453325,0.21339408529456705,0.5732187191024423,0.3199699323158711,8.38394528068602,0.0
1,60293120,0.23682419408578426,1.1041336506605148,0.0024163177472473762,0.1843571625649929,1.9043803587555885,0.007129386921405967,-0.0001806629574616636,0.06067573638574686,-0.071709150535753,-0.08528967725578696,0.4569144733250141,-0.6245904283132404,0.38697718968614936,0.23682419408578426,1.1041336506605148,0.0024163177472473762,0.1843571625649929,1.9043803587555885,0.007129386921405967,0.0753394637722522,4.972095323726535,4.1176551236143943e-05,7.363555170595646,35.959437772631645,0.000183364763412186,4.005224622786045,0.05477098349365406,-0.06981762498617172,0.3440409190952778,1.0,0.07387294986983761,0.13491758180316538,0.03636919747805223,0.6026228072587401,0.20887005853001028,0.013738628862483893,0.20883727842010558,0.5734960990957916,0.3632855606265366,31.88321554660797,0.0
1,60424192,0.23411454097367823,1.0084466440603137,0.0024456521093725314,0.18411989882588387,1.9481011517345905,0.007097192626133619,-5.195048244388545e-05,0.05232092407095479,-0.045928933046525344,-0.08755476248916239,0.5019128154963255,-0.6291094322223216,0.4036184318829328,0.23411454097367823,1.0084466440603137,0.0024456521093725314,0.18411989882588387,1.9481011517345905,0.007097192626133619,0.05975857062730938,3.673733432777226,3.9014930906411394e-05,8.007608480751514,36.458054572343826,0.00019111870745480708,3.9634607639163733,0.048199118697084486,-0.06979952356778085,0.31955483090132475,1.0,0.07214504241710529,0.13695509475655854,0.03527256692177616,0.6017394692171365,0.20500087062828243,0.013187101671064738,0.2049723060335964,0.5350947889965028,0.3378968567121774,13.03227997943759,0.0
1,60555264,0.23881916841492057,1.0872313040308654,0.0023240209955019964,0.1667514779837802,1.9969534575939178,0.006223069055522501,-5.897163319446008e-06,0.03336746061540907,-0.06204444650938967,-0.07066597245284356,0.4808010561391711,-0.6043349700048566,0.4294841066002846,0.23881916841492057,1.0872313040308654,0.0023240209955019964,0.1667514779837802,1.9969534575939178,0.006223069055522501,0.052505339815979823,3.7783597763627768,3.275380384510501e-05,7.514604452997446,34.78753608465195,0.00018739272176659938,4.028168428689241,0.04826023199711926,-0.06977453222498298,0.333563745720312,1.0,0.06816772575257346,0.12119896820513532,0.03347649605711922,0.5563691151328385,0.21084056771360338,0.012420292565366253,0.21080400748178363,0.5554701976943761,0.30441938410513103,11.826592959463596,0.0
1,60686336,0.26122670038603246,1.164504190441221,0.002736810748501739,0.19713713903911412,2.0815728278830647,0.007070578113598458,-0.0001094334819811138,0.026515106881561223,-0.04331480401742738,0.0038662652232233086,0.5994821165222675,-0.5260210961569101,0.46695005102083087,0.26122670038603246,1.164504190441221,0.002736810748501739,0.19713713903911412,2.0815728278830647,0.007070578113598458,0.059527607110794634,2.618633860722184,3.5784506109526326e-05,9.035738162696362,35.73002462089062,0.000219196826252821,3.948858752846718,0.058962071634596214,-0.06974210892803967,0.33584540290758014,1.0,0.0702639008522965,0.15269917726982385,0.03427807954722084,0.5833878957200795,0.22998703131452203,0.013638657001138199,0.22995672677643597,0.6048090080730617,0.31985271093435585,7.94107174500823,0.0
1,60817408,0.2609153176890686,1.1897635976783931,0.0030095728050127946,0.18026633048430085,2.08801653329283,0.007127397784643108,-6.804183013287002e-05,0.04062295528274262,-0.04447388940025121,-0.012814703253297921,0.6715453444048762,-0.6270999128464609,0.49864768981933594,0.2609153176890686,1.1897635976783931,0.0030095728050127946,0.18026633048430085,2.08801653329283,0.007127397784643108,0.06809492473257706,3.2930147098377347,3.593821115584553e-05,8.688760738819838,39.81994986534119,0.0001567057642020142,3.9129844028502703,0.0610257918597199,-0.0697160146664828,0.3575742649845779,1.0,0.07223105791490525,0.1326681826612912,0.0362213289772626,0.6257040372584015,0.22248731646686792,0.013937413212261163,0.22246040357276797,0.5505391380283982,0.33684299513697624,7.998400457203388,0.0
