########################################################################
Job ID: 11396782
Running on node: g11
Script arguments received by sbatch script (/var/spool/slurm/d/job11396782/slurm_script): --config baselines/marv_config_atd3qn.yaml
Number of arguments: 2
########################################################################
Setting up environment...
Config      : baselines/marv_config_atd3qn.yaml (module_name: atd3qn)
Changed directory to /home/sargapav/robot_rodeo_gym_ws
------------------------------------------------------------------------
nvidia-smi output:
Mon Aug 24 06:47:40 2026       
+-----------------------------------------------------------------------------------------+
| NVIDIA-SMI 575.51.03              Driver Version: 575.51.03      CUDA Version: 12.9     |
|-----------------------------------------+------------------------+----------------------+
| GPU  Name                 Persistence-M | Bus-Id          Disp.A | Volatile Uncorr. ECC |
| Fan  Temp   Perf          Pwr:Usage/Cap |           Memory-Usage | GPU-Util  Compute M. |
|                                         |                        |               MIG M. |
|=========================================+========================+======================|
|   0  NVIDIA A100-SXM4-40GB          On  |   00000000:83:00.0 Off |                    0 |
| N/A   35C    P0             53W /  400W |       0MiB /  40960MiB |      0%      Default |
|                                         |                        |             Disabled |
+-----------------------------------------+------------------------+----------------------+
                                                                                         
+-----------------------------------------------------------------------------------------+
| Processes:                                                                              |
|  GPU   GI   CI              PID   Type   Process name                        GPU Memory |
|        ID   ID                                                               Usage      |
|=========================================================================================|
|  No running processes found                                                             |
+-----------------------------------------------------------------------------------------+
GPU is clear (no active CUDA contexts).
------------------------------------------------------------------------
W&B project : MARV_RL
Copying Omniverse cache to node-local /tmp/omni_cache_11396782 ...
Frame budget: 62914560 frames from /home/sargapav/robot_rodeo_gym_ws/configs/baselines/marv_config_atd3qn.yaml (iteration size 131072, 480 iterations)
########################################################################
Starting training (respawn #0 — 0/62914560 frames done, 62914560 to go)...
########################################################################
[Warning] [omni.isaac.kit.simulation_app] Modules: ['omni.kit_app'] were loaded before SimulationApp was started and might not be loaded correctly.
[Warning] [omni.isaac.kit.simulation_app] Please check to make sure no extra omniverse or pxr modules are imported before the call to SimulationApp(...)
[Info] [carb] Logging to file: /opt/conda/envs/isaaclab/lib/python3.10/site-packages/omni/logs/Kit/Isaac-Sim/4.2/kit_20260824_064745.log
2026-08-24 04:47:45 [0ms] [Warning] [omni.kit.app.plugin] No crash reporter present, dumps uploading isn't available.
2026-08-24 04:47:45 [12ms] [Warning] [omni.ext.plugin] [ext: containers] Extensions config 'extension.toml' doesn't exist '/home/sargapav/robot_rodeo_gym_ws/containers' or '/home/sargapav/robot_rodeo_gym_ws/containers/config'
2026-08-24 04:47:45 [13ms] [Warning] [omni.ext.plugin] [ext: src] Extensions config 'extension.toml' doesn't exist '/home/sargapav/robot_rodeo_gym_ws/src' or '/home/sargapav/robot_rodeo_gym_ws/src/config'
2026-08-24 04:47:45 [13ms] [Warning] [omni.ext.plugin] [ext: notebooks] Extensions config 'extension.toml' doesn't exist '/home/sargapav/robot_rodeo_gym_ws/notebooks' or '/home/sargapav/robot_rodeo_gym_ws/notebooks/config'
2026-08-24 04:47:45 [13ms] [Warning] [omni.ext.plugin] [ext: logs] Extensions config 'extension.toml' doesn't exist '/home/sargapav/robot_rodeo_gym_ws/logs' or '/home/sargapav/robot_rodeo_gym_ws/logs/config'
2026-08-24 04:47:45 [13ms] [Warning] [omni.ext.plugin] [ext: configs] Extensions config 'extension.toml' doesn't exist '/home/sargapav/robot_rodeo_gym_ws/configs' or '/home/sargapav/robot_rodeo_gym_ws/configs/config'
2026-08-24 04:47:45 [13ms] [Warning] [omni.ext.plugin] [ext: scripts] Extensions config 'extension.toml' doesn't exist '/home/sargapav/robot_rodeo_gym_ws/scripts' or '/home/sargapav/robot_rodeo_gym_ws/scripts/config'
2026-08-24 04:47:45 [13ms] [Warning] [omni.ext.plugin] [ext: experiments] Extensions config 'extension.toml' doesn't exist '/home/sargapav/robot_rodeo_gym_ws/experiments' or '/home/sargapav/robot_rodeo_gym_ws/experiments/config'
2026-08-24 04:47:45 [13ms] [Warning] [omni.ext.plugin] [ext: slurm] Extensions config 'extension.toml' doesn't exist '/home/sargapav/robot_rodeo_gym_ws/slurm' or '/home/sargapav/robot_rodeo_gym_ws/slurm/config'
2026-08-24 04:47:45 [13ms] [Warning] [omni.ext.plugin] [ext: wandb] Extensions config 'extension.toml' doesn't exist '/home/sargapav/robot_rodeo_gym_ws/wandb' or '/home/sargapav/robot_rodeo_gym_ws/wandb/config'
2026-08-24 04:47:45 [13ms] [Warning] [omni.ext.plugin] [ext: secrets] Extensions config 'extension.toml' doesn't exist '/home/sargapav/robot_rodeo_gym_ws/secrets' or '/home/sargapav/robot_rodeo_gym_ws/secrets/config'
2026-08-24 04:47:45 [13ms] [Warning] [omni.ext.plugin] [ext: optuna] Extensions config 'extension.toml' doesn't exist '/home/sargapav/robot_rodeo_gym_ws/optuna' or '/home/sargapav/robot_rodeo_gym_ws/optuna/config'
2026-08-24 04:47:45 [13ms] [Warning] [omni.ext.plugin] [ext: runs] Extensions config 'extension.toml' doesn't exist '/home/sargapav/robot_rodeo_gym_ws/runs' or '/home/sargapav/robot_rodeo_gym_ws/runs/config'
[0.433s] [ext: omni.kit.async_engine-0.0.1] startup
[0.830s] [ext: omni.stats-1.0.1] startup
[0.838s] [ext: omni.client-1.2.0] startup
[1.036s] [ext: omni.gpu_foundation.shadercache.vulkan-1.0.0] startup
[1.045s] [ext: omni.assets.plugins-0.0.0] startup
[1.065s] [ext: omni.gpu_foundation-0.0.0] startup
[1.275s] [ext: omni.kit.pipapi-0.0.0] startup
[1.276s] [ext: omni.materialx.libs-1.0.4] startup
[1.310s] [ext: omni.kit.pip_archive-0.0.0] startup
[1.311s] [ext: omni.usd.config-1.0.4] startup
[1.328s] [ext: omni.gpucompute.plugins-0.0.0] startup
[1.331s] [ext: omni.usd.libs-1.0.1] startup
[1.868s] [ext: omni.kit.telemetry-0.5.0] startup
[1.939s] [ext: omni.usd.schema.semantics-0.0.0] startup
[2.197s] [ext: omni.usd.schema.audio-0.0.0] startup
[2.235s] [ext: omni.usd.schema.physx-106.1.9] startup
[2.346s] [ext: carb.audio-0.1.0] startup
[2.393s] [ext: omni.kvdb-106.1.9] startup
[2.402s] [ext: omni.timeline-1.0.10] startup
[2.410s] [ext: omni.kit.actions.core-1.0.0] startup
[2.420s] [ext: omni.kit.audiodeviceenum-1.0.1] startup
[2.426s] [ext: omni.localcache-106.1.9] startup
[2.430s] [ext: omni.usd_resolver-1.0.0] startup
[2.442s] [ext: omni.kit.commands-1.4.9] startup
[2.453s] [ext: omni.graph.exec-0.9.4] startup
[2.456s] [ext: omni.usd.core-1.4.1] startup
[2.470s] [ext: omni.kit.usd_undo-0.1.8] startup
[2.471s] [ext: omni.kit.exec.core-0.13.4] startup
[2.482s] [ext: omni.convexdecomposition-106.1.9] startup
[2.494s] [ext: omni.usd-1.12.2] startup
[2.580s] [ext: omni.usdphysics-106.1.9] startup
[2.584s] [ext: omni.physx.foundation-106.1.9] startup
[2.604s] [ext: omni.kit.usd.layers-2.1.36] startup
[2.629s] [ext: omni.physx.cooking-106.1.9] startup
[2.648s] [ext: omni.blobkey-1.1.2] startup
[2.654s] [ext: omni.datastore-0.0.0] startup
[2.738s] [ext: omni.ujitso.default-1.0.0] startup
[2.751s] [ext: omni.hsscclient-1.1.1] startup
[2.771s] [ext: omni.kit.primitive.mesh-1.0.17] startup
[2.777s] [ext: usdrt.scenegraph-7.5.0] startup
[2.924s] [ext: omni.warp.core-1.2.1] startup
[3.051s] [ext: omni.physx-106.1.9] startup
[3.113s] [ext: omni.kit.stage_template.core-1.1.22] startup
[3.116s] [ext: omni.physx.stageupdate-106.1.9] startup
[3.122s] [ext: omni.kit.stage_templates-1.2.5] startup
[3.125s] [ext: omni.physics.tensors-106.1.9] startup
[3.138s] [ext: omni.isaac.version-1.1.0] startup
[3.140s] [ext: omni.physx.tensors-106.1.9] startup
[3.829s] [ext: omni.isaac.nucleus-0.3.1] startup
[3.831s] [ext: omni.kit.loop-isaac-1.2.0] startup
[3.836s] [ext: omni.isaac.core-3.19.5] startup
2026-08-24 04:47:50 [5,522ms] [Warning] [omni.platforminfo.plugin] failed to open the default display.  Can't verify X Server version.
2026-08-24 04:47:50 [5,523ms] [Warning] [omni.platforminfo.plugin] failed to load XRAndR.
[7.668s] [ext: omni.physx.fabric-106.1.9] startup
[7.686s] [ext: omni.isaac.kit-1.13.2] startup
[7.687s] [ext: omni.isaac.cloner-0.8.1] startup
[7.688s] [ext: isaaclab.python.headless-1.2.0] startup
[7.690s] Simulation App Starting
2026-08-24 04:47:53 [7,619ms] [Warning] [gpu.foundation.plugin] [ShaderCache]: Creating driver shaderCache directory failed: /opt/conda/envs/isaaclab/lib/python3.10/site-packages/omni/cache/nv_shadercache

|---------------------------------------------------------------------------------------------|
| Driver Version: 0             | Graphics API: Vulkan
|=============================================================================================|
| GPU | Name                             | Active | LDA | GPU Memory | Vendor-ID | LUID       |
|     |                                  |        |     |            | Device-ID | UUID       |
|     |                                  |        |     |            | Bus-ID    |            |
|=============================================================================================|
| OS: 13 (trixie) debian, Version: 13.00.0, Kernel: 4.18.0-553.51.1.el8_10.x86_64
| Processor: AMD EPYC 7763 64-Core Processor | Cores: 128 | Logical: 256
|---------------------------------------------------------------------------------------------|
| Total Memory (MB): 1031844 | Free Memory: 843087
| Total Page/Swap (MB): 0 | Free Page/Swap: 0
|---------------------------------------------------------------------------------------------|
2026-08-24 04:47:53 [8,523ms] [Warning] [omni.physx.foundation.plugin] PhysXFoundation: Couldn't get driver version, failed to getDeviceInfo
2026-08-24 04:47:53 [8,523ms] [Warning] [omni.physx.foundation.plugin] PhysXFoundation: Unable to get IGpuFoundation, GpuDevices or Graphics!
2026-08-24 04:47:53 [8,523ms] [Warning] [carb.cudainterop.plugin] CUDA_VISIBLE_DEVICES environment variable is set.
2026-08-24 04:47:53 [8,523ms] [Warning] [carb.cudainterop.plugin] Note CUDA device enumeration and Omniverse device enumeration are different.
2026-08-24 04:47:53 [8,523ms] [Warning] [carb.cudainterop.plugin] Setting CUDA_VISIBLE_DEVICES can lead to undesired behavior or crashes.
[9.975s] app ready
[10.145s] Simulation App Startup Complete
2026-08-24 04:48:00 [15,192ms] [Warning] [pxr.Semantics] pxr.Semantics is deprecated - please use Semantics instead
2026-08-24 04:48:03 [17,750ms] [Warning] [omni.isaac.lab.envs.direct_rl_env] Seed not set for the environment. The environment creation may not be deterministic.
2026-08-24 04:48:03 [17,792ms] [Warning] [omni.isaac.lab.envs.direct_rl_env] The render interval (5) is smaller than the decimation (20). Multiple multiple render calls will happen for each environment step.If this is not intended, set the render interval to be equal to the decimation.
[INFO][AppLauncher]: Loading experience file: /opt/IsaacLab/source/extensions/omni.isaac.lab/omni/isaac/lab/app/../../../../../../apps/isaaclab.python.headless.kit
Starting kit application with the following args:  ['/opt/conda/envs/isaaclab/lib/python3.10/site-packages/isaacsim/exts/omni.isaac.kit/omni/isaac/kit/simulation_app.py', '/opt/IsaacLab/source/extensions/omni.isaac.lab/omni/isaac/lab/app/../../../../../../apps/isaaclab.python.headless.kit', '--/app/tokens/exe-path=/opt/conda/envs/isaaclab/lib/python3.10/site-packages/omni', '--/persistent/app/viewport/displayOptions=3094', '--/rtx/materialDb/syncLoads=True', '--/rtx/hydra/materialSyncLoads=True', '--/omni.kit.plugin/syncUsdLoads=True', '--/app/renderer/resolution/width=1280', '--/app/renderer/resolution/height=720', '--/app/window/width=1440', '--/app/window/height=900', '--/renderer/multiGpu/enabled=True', '--/app/fastShutdown=True', '--ext-folder', '/opt/conda/envs/isaaclab/lib/python3.10/site-packages/isaacsim/exts', '--ext-folder', '/opt/conda/envs/isaaclab/lib/python3.10/site-packages/isaacsim/apps', '--/renderer/activeGpu=0', '--/physics/cudaDevice=0', '--portable', '--no-window', '--/app/window/hideUi=True']
Passing the following args to the base kit application:  ['--config', '/ws/configs/baselines/marv_config_atd3qn.yaml', '--headless', 'total_frames=62914560', 'scheduler_opts.total_iters=480', 'epsilon_decay_iters=480']
Warp 1.2.1 initialized:
   CUDA Toolkit 11.8, Driver 12.9
   Devices:
     "cpu"      : "CPU"
     "cuda:0"   : "NVIDIA A100-SXM4-40GB" (39 GiB, sm_80, mempool enabled)
   Kernel cache:
     /home/sargapav/.cache/warp/1.2.1
[INFO]: Base environment:
	Environment device    : cuda:0
	Environment seed      : None
	Physics step-size     : 0.005
	Rendering step-size   : 0.025
	Environment step-size : 0.1
[INFO]: Time taken for scene creation : 1.072196 seconds
[INFO]: Scene manager:  <class InteractiveScene>
	Number of environments: 1024
	Environment spacing   : 0.0
	Source prim name      : /World/envs/env_0
	Global prim paths     : ['/World/terrain']
	Replicate physics     : True
[INFO]: Starting the simulation. This may take a few seconds. Please wait...
[INFO]: Time taken for simulation start : 17.637601 seconds
[INFO]: Completed setting up the environment...
2026-08-24 06:48:21,995 [RunLogger][[92mINFO[00m]: RunLogger initialized for run train_atd3qn_11396782_attempt_0 at /ws/logs/train_atd3qn_11396782/attempt_0 (logutils.py:105)
2026-08-24 06:48:29,238 [ftr_d3qn_train][[92mINFO[00m]: Seed: 42  (random check numpy check torch check cuda check) (train_d3qn.py:198)
2026-08-24 06:48:30,073 [ftr_d3qn_train][[92mINFO[00m]: Initialized FtrD3QNTrainer. (train_d3qn.py:274)
2026-08-24 06:48:30,073 [ftr_d3qn_train][[92mINFO[00m]: Iteration size: 131072, batch_size: 8192, updates/iter: 64 (train_d3qn.py:452)
########################################################################
Python script finished with exit status: 75
########################################################################
Attempt collected 5373952 frames (job total: 5373952 / 62914560).
Exit code 75 detected (CUDA/W&B error). Respawning (attempt 2)...
########################################################################
Starting training (respawn #1 — 5373952/62914560 frames done, 57540608 to go)...
########################################################################
[Warning] [omni.isaac.kit.simulation_app] Modules: ['omni.kit_app'] were loaded before SimulationApp was started and might not be loaded correctly.
[Warning] [omni.isaac.kit.simulation_app] Please check to make sure no extra omniverse or pxr modules are imported before the call to SimulationApp(...)
[Info] [carb] Logging to file: /opt/conda/envs/isaaclab/lib/python3.10/site-packages/omni/logs/Kit/Isaac-Sim/4.2/kit_20260824_084812.log
2026-08-24 06:48:12 [0ms] [Warning] [omni.kit.app.plugin] No crash reporter present, dumps uploading isn't available.
2026-08-24 06:48:12 [5ms] [Warning] [omni.ext.plugin] [ext: containers] Extensions config 'extension.toml' doesn't exist '/home/sargapav/robot_rodeo_gym_ws/containers' or '/home/sargapav/robot_rodeo_gym_ws/containers/config'
2026-08-24 06:48:12 [5ms] [Warning] [omni.ext.plugin] [ext: src] Extensions config 'extension.toml' doesn't exist '/home/sargapav/robot_rodeo_gym_ws/src' or '/home/sargapav/robot_rodeo_gym_ws/src/config'
2026-08-24 06:48:12 [5ms] [Warning] [omni.ext.plugin] [ext: optuna] Extensions config 'extension.toml' doesn't exist '/home/sargapav/robot_rodeo_gym_ws/optuna' or '/home/sargapav/robot_rodeo_gym_ws/optuna/config'
2026-08-24 06:48:12 [5ms] [Warning] [omni.ext.plugin] [ext: notebooks] Extensions config 'extension.toml' doesn't exist '/home/sargapav/robot_rodeo_gym_ws/notebooks' or '/home/sargapav/robot_rodeo_gym_ws/notebooks/config'
2026-08-24 06:48:12 [5ms] [Warning] [omni.ext.plugin] [ext: scripts] Extensions config 'extension.toml' doesn't exist '/home/sargapav/robot_rodeo_gym_ws/scripts' or '/home/sargapav/robot_rodeo_gym_ws/scripts/config'
2026-08-24 06:48:12 [5ms] [Warning] [omni.ext.plugin] [ext: runs] Extensions config 'extension.toml' doesn't exist '/home/sargapav/robot_rodeo_gym_ws/runs' or '/home/sargapav/robot_rodeo_gym_ws/runs/config'
2026-08-24 06:48:12 [5ms] [Warning] [omni.ext.plugin] [ext: slurm] Extensions config 'extension.toml' doesn't exist '/home/sargapav/robot_rodeo_gym_ws/slurm' or '/home/sargapav/robot_rodeo_gym_ws/slurm/config'
2026-08-24 06:48:12 [6ms] [Warning] [omni.ext.plugin] [ext: wandb] Extensions config 'extension.toml' doesn't exist '/home/sargapav/robot_rodeo_gym_ws/wandb' or '/home/sargapav/robot_rodeo_gym_ws/wandb/config'
2026-08-24 06:48:12 [6ms] [Warning] [omni.ext.plugin] [ext: logs] Extensions config 'extension.toml' doesn't exist '/home/sargapav/robot_rodeo_gym_ws/logs' or '/home/sargapav/robot_rodeo_gym_ws/logs/config'
2026-08-24 06:48:12 [6ms] [Warning] [omni.ext.plugin] [ext: experiments] Extensions config 'extension.toml' doesn't exist '/home/sargapav/robot_rodeo_gym_ws/experiments' or '/home/sargapav/robot_rodeo_gym_ws/experiments/config'
2026-08-24 06:48:12 [6ms] [Warning] [omni.ext.plugin] [ext: configs] Extensions config 'extension.toml' doesn't exist '/home/sargapav/robot_rodeo_gym_ws/configs' or '/home/sargapav/robot_rodeo_gym_ws/configs/config'
2026-08-24 06:48:12 [7ms] [Warning] [omni.ext.plugin] [ext: secrets] Extensions config 'extension.toml' doesn't exist '/home/sargapav/robot_rodeo_gym_ws/secrets' or '/home/sargapav/robot_rodeo_gym_ws/secrets/config'
[0.375s] [ext: omni.kit.async_engine-0.0.1] startup
[0.756s] [ext: omni.stats-1.0.1] startup
[0.764s] [ext: omni.client-1.2.0] startup
[0.941s] [ext: omni.gpu_foundation.shadercache.vulkan-1.0.0] startup
[0.949s] [ext: omni.assets.plugins-0.0.0] startup
[0.968s] [ext: omni.gpu_foundation-0.0.0] startup
[1.142s] [ext: omni.kit.pipapi-0.0.0] startup
[1.144s] [ext: omni.materialx.libs-1.0.4] startup
[1.176s] [ext: omni.kit.pip_archive-0.0.0] startup
[1.177s] [ext: omni.usd.config-1.0.4] startup
[1.193s] [ext: omni.gpucompute.plugins-0.0.0] startup
[1.197s] [ext: omni.usd.libs-1.0.1] startup
[1.670s] [ext: omni.kit.telemetry-0.5.0] startup
[1.725s] [ext: omni.usd.schema.semantics-0.0.0] startup
[1.961s] [ext: omni.usd.schema.audio-0.0.0] startup
[1.996s] [ext: omni.usd.schema.physx-106.1.9] startup
[2.094s] [ext: carb.audio-0.1.0] startup
[2.136s] [ext: omni.kvdb-106.1.9] startup
[2.144s] [ext: omni.timeline-1.0.10] startup
[2.151s] [ext: omni.kit.actions.core-1.0.0] startup
[2.160s] [ext: omni.kit.audiodeviceenum-1.0.1] startup
[2.165s] [ext: omni.localcache-106.1.9] startup
[2.169s] [ext: omni.usd_resolver-1.0.0] startup
[2.180s] [ext: omni.kit.commands-1.4.9] startup
[2.190s] [ext: omni.graph.exec-0.9.4] startup
[2.193s] [ext: omni.usd.core-1.4.1] startup
[2.206s] [ext: omni.kit.usd_undo-0.1.8] startup
[2.207s] [ext: omni.kit.exec.core-0.13.4] startup
[2.216s] [ext: omni.convexdecomposition-106.1.9] startup
[2.228s] [ext: omni.usd-1.12.2] startup
[2.311s] [ext: omni.usdphysics-106.1.9] startup
[2.315s] [ext: omni.physx.foundation-106.1.9] startup
[2.331s] [ext: omni.kit.usd.layers-2.1.36] startup
[2.354s] [ext: omni.physx.cooking-106.1.9] startup
[2.371s] [ext: omni.blobkey-1.1.2] startup
[2.376s] [ext: omni.datastore-0.0.0] startup
[2.446s] [ext: omni.ujitso.default-1.0.0] startup
[2.456s] [ext: omni.hsscclient-1.1.1] startup
[2.470s] [ext: omni.kit.primitive.mesh-1.0.17] startup
[2.477s] [ext: usdrt.scenegraph-7.5.0] startup
[2.604s] [ext: omni.warp.core-1.2.1] startup
[2.732s] [ext: omni.physx-106.1.9] startup
[2.791s] [ext: omni.kit.stage_template.core-1.1.22] startup
[2.793s] [ext: omni.physx.stageupdate-106.1.9] startup
[2.800s] [ext: omni.kit.stage_templates-1.2.5] startup
[2.803s] [ext: omni.physics.tensors-106.1.9] startup
[2.817s] [ext: omni.isaac.version-1.1.0] startup
[2.818s] [ext: omni.physx.tensors-106.1.9] startup
[3.521s] [ext: omni.isaac.nucleus-0.3.1] startup
[3.523s] [ext: omni.kit.loop-isaac-1.2.0] startup
[3.527s] [ext: omni.isaac.core-3.19.5] startup
2026-08-24 06:48:17 [4,978ms] [Warning] [omni.platforminfo.plugin] failed to open the default display.  Can't verify X Server version.
2026-08-24 06:48:17 [4,980ms] [Warning] [omni.platforminfo.plugin] failed to load XRAndR.
[6.935s] [ext: omni.physx.fabric-106.1.9] startup
[6.952s] [ext: omni.isaac.kit-1.13.2] startup
[6.952s] [ext: omni.isaac.cloner-0.8.1] startup
[6.954s] [ext: isaaclab.python.headless-1.2.0] startup
[6.956s] Simulation App Starting
2026-08-24 06:48:19 [6,893ms] [Warning] [gpu.foundation.plugin] [ShaderCache]: Creating driver shaderCache directory failed: /opt/conda/envs/isaaclab/lib/python3.10/site-packages/omni/cache/nv_shadercache

|---------------------------------------------------------------------------------------------|
| Driver Version: 0             | Graphics API: Vulkan
|=============================================================================================|
| GPU | Name                             | Active | LDA | GPU Memory | Vendor-ID | LUID       |
|     |                                  |        |     |            | Device-ID | UUID       |
|     |                                  |        |     |            | Bus-ID    |            |
|=============================================================================================|
| OS: 13 (trixie) debian, Version: 13.1664050739.1768320623, Kernel: 4.18.0-553.51.1.el8_10.x86_64
| Processor: AMD EPYC 7763 64-Core Processor | Cores: 128 | Logical: 256
|---------------------------------------------------------------------------------------------|
| Total Memory (MB): 1031844 | Free Memory: 833624
| Total Page/Swap (MB): 0 | Free Page/Swap: 0
|---------------------------------------------------------------------------------------------|
2026-08-24 06:48:20 [7,721ms] [Warning] [omni.physx.foundation.plugin] PhysXFoundation: Couldn't get driver version, failed to getDeviceInfo
2026-08-24 06:48:20 [7,721ms] [Warning] [omni.physx.foundation.plugin] PhysXFoundation: Unable to get IGpuFoundation, GpuDevices or Graphics!
2026-08-24 06:48:20 [7,721ms] [Warning] [carb.cudainterop.plugin] CUDA_VISIBLE_DEVICES environment variable is set.
2026-08-24 06:48:20 [7,721ms] [Warning] [carb.cudainterop.plugin] Note CUDA device enumeration and Omniverse device enumeration are different.
2026-08-24 06:48:20 [7,721ms] [Warning] [carb.cudainterop.plugin] Setting CUDA_VISIBLE_DEVICES can lead to undesired behavior or crashes.
[9.009s] app ready
[INFO][AppLauncher]: Loading experience file: /opt/IsaacLab/source/extensions/omni.isaac.lab/omni/isaac/lab/app/../../../../../../apps/isaaclab.python.headless.kit
Starting kit application with the following args:  ['/opt/conda/envs/isaaclab/lib/python3.10/site-packages/isaacsim/exts/omni.isaac.kit/omni/isaac/kit/simulation_app.py', '/opt/IsaacLab/source/extensions/omni.isaac.lab/omni/isaac/lab/app/../../../../../../apps/isaaclab.python.headless.kit', '--/app/tokens/exe-path=/opt/conda/envs/isaaclab/lib/python3.10/site-packages/omni', '--/persistent/app/viewport/displayOptions=3094', '--/rtx/materialDb/syncLoads=True', '--/rtx/hydra/materialSyncLoads=True', '--/omni.kit.plugin/syncUsdLoads=True', '--/app/renderer/resolution/width=1280', '--/app/renderer/resolution/height=720', '--/app/window/width=1440', '--/app/window/height=900', '--/renderer/multiGpu/enabled=True', '--/app/fastShutdown=True', '--ext-folder', '/opt/conda/envs/isaaclab/lib/python3.10/site-packages/isaacsim/exts', '--ext-folder', '/opt/conda/envs/isaaclab/lib/python3.10/site-packages/isaacsim/apps', '--/renderer/activeGpu=0', '--/physics/cudaDevice=0', '--portable', '--no-window', '--/app/window/hideUi=True']
Passing the following args to the base kit application:  ['--config', '/ws/configs/baselines/marv_config_atd3qn.yaml', '--headless', 'total_frames=57540608', 'scheduler_opts.total_iters=480', 'epsilon_decay_iters=480']
[INFO] Respawn detected — loading config from previous attempt: /ws/logs/train_atd3qn_11396782/attempt_0/config.yaml
[9.179s] Simulation App Startup Complete
2026-08-24 06:48:26 [13,951ms] [Warning] [pxr.Semantics] pxr.Semantics is deprecated - please use Semantics instead
2026-08-24 06:48:29 [16,423ms] [Warning] [omni.isaac.lab.envs.direct_rl_env] Seed not set for the environment. The environment creation may not be deterministic.
2026-08-24 06:48:29 [16,472ms] [Warning] [omni.isaac.lab.envs.direct_rl_env] The render interval (5) is smaller than the decimation (20). Multiple multiple render calls will happen for each environment step.If this is not intended, set the render interval to be equal to the decimation.
Warp 1.2.1 initialized:
   CUDA Toolkit 11.8, Driver 12.9
   Devices:
     "cpu"      : "CPU"
     "cuda:0"   : "NVIDIA A100-SXM4-40GB" (39 GiB, sm_80, mempool enabled)
   Kernel cache:
     /home/sargapav/.cache/warp/1.2.1
[INFO]: Base environment:
	Environment device    : cuda:0
	Environment seed      : None
	Physics step-size     : 0.005
	Rendering step-size   : 0.025
	Environment step-size : 0.1
[INFO]: Time taken for scene creation : 1.052914 seconds
[INFO]: Scene manager:  <class InteractiveScene>
	Number of environments: 1024
	Environment spacing   : 0.0
	Source prim name      : /World/envs/env_0
	Global prim paths     : ['/World/terrain']
	Replicate physics     : True
[INFO]: Starting the simulation. This may take a few seconds. Please wait...
[INFO]: Time taken for simulation start : 16.795766 seconds
[INFO]: Completed setting up the environment...
2026-08-24 08:48:47,146 [RunLogger][[92mINFO[00m]: RunLogger initialized for run train_atd3qn_11396782_attempt_1 at /ws/logs/train_atd3qn_11396782/attempt_1 (logutils.py:105)
2026-08-24 08:48:54,376 [ftr_d3qn_train][[92mINFO[00m]: Seed: 42  (random check numpy check torch check cuda check) (train_d3qn.py:198)
2026-08-24 08:48:54,394 [ftr_d3qn_train][[93mWARNING[00m]: Found step (attempt_0) checkpoint: policy_step_5373952.pth / vecnorm_step_5373952.pth (train_d3qn.py:303)
2026-08-24 08:48:54,398 [ftr_d3qn_train][[92mINFO[00m]: Loaded policy from step (attempt_0) checkpoint (train_d3qn.py:307)
2026-08-24 08:48:54,398 [ftr_d3qn_train][[92mINFO[00m]: Loaded vecnorm from step (attempt_0) checkpoint (train_d3qn.py:312)
2026-08-24 08:48:54,398 [ftr_d3qn_train][[93mWARNING[00m]: Resuming from step (attempt_0) checkpoint — training may have inconsistent metrics. (train_d3qn.py:317)
2026-08-24 08:48:55,134 [ftr_d3qn_train][[92mINFO[00m]: Loaded training checkpoint: resuming from iteration 40, total_collected_frames=5373952 (train_d3qn.py:368)
2026-08-24 08:48:55,134 [ftr_d3qn_train][[92mINFO[00m]: Initialized FtrD3QNTrainer. (train_d3qn.py:274)
2026-08-24 08:48:55,135 [ftr_d3qn_train][[92mINFO[00m]: Iteration size: 131072, batch_size: 8192, updates/iter: 64 (train_d3qn.py:452)
2026-08-24 08:48:55,136 [ftr_d3qn_train][[92mINFO[00m]: Resuming training — progress bar starting at 5373952 frames (iter_offset=40) (train_d3qn.py:465)
2026-08-24 06:48:54 [41,632ms] [Warning] [ftr_d3qn_train] Found step (attempt_0) checkpoint: policy_step_5373952.pth / vecnorm_step_5373952.pth
2026-08-24 06:48:54 [41,636ms] [Warning] [ftr_d3qn_train] Resuming from step (attempt_0) checkpoint — training may have inconsistent metrics.
########################################################################
Python script finished with exit status: 75
########################################################################
Attempt collected 2097152 frames (job total: 7471104 / 62914560).
Exit code 75 detected (CUDA/W&B error). Respawning (attempt 3)...
########################################################################
Starting training (respawn #2 — 7471104/62914560 frames done, 55443456 to go)...
########################################################################
[Warning] [omni.isaac.kit.simulation_app] Modules: ['omni.kit_app'] were loaded before SimulationApp was started and might not be loaded correctly.
[Warning] [omni.isaac.kit.simulation_app] Please check to make sure no extra omniverse or pxr modules are imported before the call to SimulationApp(...)
[Info] [carb] Logging to file: /opt/conda/envs/isaaclab/lib/python3.10/site-packages/omni/logs/Kit/Isaac-Sim/4.2/kit_20260824_094623.log
2026-08-24 07:46:23 [0ms] [Warning] [omni.kit.app.plugin] No crash reporter present, dumps uploading isn't available.
2026-08-24 07:46:23 [6ms] [Warning] [omni.ext.plugin] [ext: containers] Extensions config 'extension.toml' doesn't exist '/home/sargapav/robot_rodeo_gym_ws/containers' or '/home/sargapav/robot_rodeo_gym_ws/containers/config'
2026-08-24 07:46:23 [6ms] [Warning] [omni.ext.plugin] [ext: src] Extensions config 'extension.toml' doesn't exist '/home/sargapav/robot_rodeo_gym_ws/src' or '/home/sargapav/robot_rodeo_gym_ws/src/config'
2026-08-24 07:46:23 [6ms] [Warning] [omni.ext.plugin] [ext: configs] Extensions config 'extension.toml' doesn't exist '/home/sargapav/robot_rodeo_gym_ws/configs' or '/home/sargapav/robot_rodeo_gym_ws/configs/config'
2026-08-24 07:46:23 [6ms] [Warning] [omni.ext.plugin] [ext: experiments] Extensions config 'extension.toml' doesn't exist '/home/sargapav/robot_rodeo_gym_ws/experiments' or '/home/sargapav/robot_rodeo_gym_ws/experiments/config'
2026-08-24 07:46:23 [6ms] [Warning] [omni.ext.plugin] [ext: logs] Extensions config 'extension.toml' doesn't exist '/home/sargapav/robot_rodeo_gym_ws/logs' or '/home/sargapav/robot_rodeo_gym_ws/logs/config'
2026-08-24 07:46:23 [6ms] [Warning] [omni.ext.plugin] [ext: optuna] Extensions config 'extension.toml' doesn't exist '/home/sargapav/robot_rodeo_gym_ws/optuna' or '/home/sargapav/robot_rodeo_gym_ws/optuna/config'
2026-08-24 07:46:23 [6ms] [Warning] [omni.ext.plugin] [ext: runs] Extensions config 'extension.toml' doesn't exist '/home/sargapav/robot_rodeo_gym_ws/runs' or '/home/sargapav/robot_rodeo_gym_ws/runs/config'
2026-08-24 07:46:23 [7ms] [Warning] [omni.ext.plugin] [ext: scripts] Extensions config 'extension.toml' doesn't exist '/home/sargapav/robot_rodeo_gym_ws/scripts' or '/home/sargapav/robot_rodeo_gym_ws/scripts/config'
2026-08-24 07:46:23 [7ms] [Warning] [omni.ext.plugin] [ext: slurm] Extensions config 'extension.toml' doesn't exist '/home/sargapav/robot_rodeo_gym_ws/slurm' or '/home/sargapav/robot_rodeo_gym_ws/slurm/config'
2026-08-24 07:46:23 [7ms] [Warning] [omni.ext.plugin] [ext: secrets] Extensions config 'extension.toml' doesn't exist '/home/sargapav/robot_rodeo_gym_ws/secrets' or '/home/sargapav/robot_rodeo_gym_ws/secrets/config'
2026-08-24 07:46:23 [7ms] [Warning] [omni.ext.plugin] [ext: wandb] Extensions config 'extension.toml' doesn't exist '/home/sargapav/robot_rodeo_gym_ws/wandb' or '/home/sargapav/robot_rodeo_gym_ws/wandb/config'
2026-08-24 07:46:23 [7ms] [Warning] [omni.ext.plugin] [ext: notebooks] Extensions config 'extension.toml' doesn't exist '/home/sargapav/robot_rodeo_gym_ws/notebooks' or '/home/sargapav/robot_rodeo_gym_ws/notebooks/config'
[0.309s] [ext: omni.kit.async_engine-0.0.1] startup
[0.730s] [ext: omni.stats-1.0.1] startup
[0.735s] [ext: omni.client-1.2.0] startup
[0.871s] [ext: omni.gpu_foundation.shadercache.vulkan-1.0.0] startup
[0.878s] [ext: omni.assets.plugins-0.0.0] startup
[0.891s] [ext: omni.gpu_foundation-0.0.0] startup
[1.019s] [ext: omni.kit.pipapi-0.0.0] startup
[1.020s] [ext: omni.materialx.libs-1.0.4] startup
[1.046s] [ext: omni.kit.pip_archive-0.0.0] startup
[1.047s] [ext: omni.usd.config-1.0.4] startup
[1.062s] [ext: omni.gpucompute.plugins-0.0.0] startup
[1.065s] [ext: omni.usd.libs-1.0.1] startup
[1.446s] [ext: omni.kit.telemetry-0.5.0] startup
[1.501s] [ext: omni.usd.schema.semantics-0.0.0] startup
[1.708s] [ext: omni.usd.schema.audio-0.0.0] startup
[1.737s] [ext: omni.usd.schema.physx-106.1.9] startup
[1.820s] [ext: carb.audio-0.1.0] startup
[1.855s] [ext: omni.kvdb-106.1.9] startup
[1.861s] [ext: omni.timeline-1.0.10] startup
[1.867s] [ext: omni.kit.actions.core-1.0.0] startup
[1.873s] [ext: omni.kit.audiodeviceenum-1.0.1] startup
[1.877s] [ext: omni.localcache-106.1.9] startup
[1.882s] [ext: omni.usd_resolver-1.0.0] startup
[1.891s] [ext: omni.kit.commands-1.4.9] startup
[1.901s] [ext: omni.graph.exec-0.9.4] startup
[1.903s] [ext: omni.usd.core-1.4.1] startup
[1.914s] [ext: omni.kit.usd_undo-0.1.8] startup
[1.915s] [ext: omni.kit.exec.core-0.13.4] startup
[1.923s] [ext: omni.convexdecomposition-106.1.9] startup
[1.932s] [ext: omni.usd-1.12.2] startup
[2.005s] [ext: omni.usdphysics-106.1.9] startup
[2.009s] [ext: omni.physx.foundation-106.1.9] startup
[2.021s] [ext: omni.kit.usd.layers-2.1.36] startup
[2.038s] [ext: omni.physx.cooking-106.1.9] startup
[2.053s] [ext: omni.blobkey-1.1.2] startup
[2.057s] [ext: omni.datastore-0.0.0] startup
[2.106s] [ext: omni.ujitso.default-1.0.0] startup
[2.115s] [ext: omni.hsscclient-1.1.1] startup
[2.127s] [ext: omni.kit.primitive.mesh-1.0.17] startup
[2.133s] [ext: usdrt.scenegraph-7.5.0] startup
[2.239s] [ext: omni.warp.core-1.2.1] startup
[2.364s] [ext: omni.physx-106.1.9] startup
[2.409s] [ext: omni.kit.stage_template.core-1.1.22] startup
[2.411s] [ext: omni.physx.stageupdate-106.1.9] startup
[2.417s] [ext: omni.kit.stage_templates-1.2.5] startup
[2.420s] [ext: omni.physics.tensors-106.1.9] startup
[2.432s] [ext: omni.isaac.version-1.1.0] startup
[2.433s] [ext: omni.physx.tensors-106.1.9] startup
[3.101s] [ext: omni.isaac.nucleus-0.3.1] startup
[3.103s] [ext: omni.kit.loop-isaac-1.2.0] startup
[3.107s] [ext: omni.isaac.core-3.19.5] startup
2026-08-24 07:46:27 [4,372ms] [Warning] [omni.platforminfo.plugin] failed to open the default display.  Can't verify X Server version.
2026-08-24 07:46:27 [4,374ms] [Warning] [omni.platforminfo.plugin] failed to load XRAndR.
[6.026s] [ext: omni.physx.fabric-106.1.9] startup
[6.039s] [ext: omni.isaac.kit-1.13.2] startup
[6.039s] [ext: omni.isaac.cloner-0.8.1] startup
[6.041s] [ext: isaaclab.python.headless-1.2.0] startup
[6.043s] Simulation App Starting
2026-08-24 07:46:29 [5,969ms] [Warning] [gpu.foundation.plugin] [ShaderCache]: Creating driver shaderCache directory failed: /opt/conda/envs/isaaclab/lib/python3.10/site-packages/omni/cache/nv_shadercache

|---------------------------------------------------------------------------------------------|
| Driver Version: 0             | Graphics API: Vulkan
|=============================================================================================|
| GPU | Name                             | Active | LDA | GPU Memory | Vendor-ID | LUID       |
|     |                                  |        |     |            | Device-ID | UUID       |
|     |                                  |        |     |            | Bus-ID    |            |
|=============================================================================================|
| OS: 13 (trixie) debian, Version: 13.543516788.1818322280, Kernel: 4.18.0-553.51.1.el8_10.x86_64
| Processor: AMD EPYC 7763 64-Core Processor | Cores: 128 | Logical: 256
|---------------------------------------------------------------------------------------------|
| Total Memory (MB): 1031844 | Free Memory: 830934
| Total Page/Swap (MB): 0 | Free Page/Swap: 0
|---------------------------------------------------------------------------------------------|
2026-08-24 07:46:29 [6,632ms] [Warning] [omni.physx.foundation.plugin] PhysXFoundation: Couldn't get driver version, failed to getDeviceInfo
2026-08-24 07:46:29 [6,632ms] [Warning] [omni.physx.foundation.plugin] PhysXFoundation: Unable to get IGpuFoundation, GpuDevices or Graphics!
2026-08-24 07:46:29 [6,633ms] [Warning] [carb.cudainterop.plugin] CUDA_VISIBLE_DEVICES environment variable is set.
2026-08-24 07:46:29 [6,633ms] [Warning] [carb.cudainterop.plugin] Note CUDA device enumeration and Omniverse device enumeration are different.
2026-08-24 07:46:29 [6,633ms] [Warning] [carb.cudainterop.plugin] Setting CUDA_VISIBLE_DEVICES can lead to undesired behavior or crashes.
[7.648s] app ready
[INFO][AppLauncher]: Loading experience file: /opt/IsaacLab/source/extensions/omni.isaac.lab/omni/isaac/lab/app/../../../../../../apps/isaaclab.python.headless.kit
Starting kit application with the following args:  ['/opt/conda/envs/isaaclab/lib/python3.10/site-packages/isaacsim/exts/omni.isaac.kit/omni/isaac/kit/simulation_app.py', '/opt/IsaacLab/source/extensions/omni.isaac.lab/omni/isaac/lab/app/../../../../../../apps/isaaclab.python.headless.kit', '--/app/tokens/exe-path=/opt/conda/envs/isaaclab/lib/python3.10/site-packages/omni', '--/persistent/app/viewport/displayOptions=3094', '--/rtx/materialDb/syncLoads=True', '--/rtx/hydra/materialSyncLoads=True', '--/omni.kit.plugin/syncUsdLoads=True', '--/app/renderer/resolution/width=1280', '--/app/renderer/resolution/height=720', '--/app/window/width=1440', '--/app/window/height=900', '--/renderer/multiGpu/enabled=True', '--/app/fastShutdown=True', '--ext-folder', '/opt/conda/envs/isaaclab/lib/python3.10/site-packages/isaacsim/exts', '--ext-folder', '/opt/conda/envs/isaaclab/lib/python3.10/site-packages/isaacsim/apps', '--/renderer/activeGpu=0', '--/physics/cudaDevice=0', '--portable', '--no-window', '--/app/window/hideUi=True']
Passing the following args to the base kit application:  ['--config', '/ws/configs/baselines/marv_config_atd3qn.yaml', '--headless', 'total_frames=55443456', 'scheduler_opts.total_iters=480', 'epsilon_decay_iters=480']
[INFO] Respawn detected — loading config from previous attempt: /ws/logs/train_atd3qn_11396782/attempt_1/config.yaml
[7.814s] Simulation App Startup Complete
2026-08-24 07:46:35 [11,903ms] [Warning] [pxr.Semantics] pxr.Semantics is deprecated - please use Semantics instead
2026-08-24 07:46:37 [14,064ms] [Warning] [omni.isaac.lab.envs.direct_rl_env] Seed not set for the environment. The environment creation may not be deterministic.
2026-08-24 07:46:37 [14,104ms] [Warning] [omni.isaac.lab.envs.direct_rl_env] The render interval (5) is smaller than the decimation (20). Multiple multiple render calls will happen for each environment step.If this is not intended, set the render interval to be equal to the decimation.
Warp 1.2.1 initialized:
   CUDA Toolkit 11.8, Driver 12.9
   Devices:
     "cpu"      : "CPU"
     "cuda:0"   : "NVIDIA A100-SXM4-40GB" (39 GiB, sm_80, mempool enabled)
   Kernel cache:
     /home/sargapav/.cache/warp/1.2.1
[INFO]: Base environment:
	Environment device    : cuda:0
	Environment seed      : None
	Physics step-size     : 0.005
	Rendering step-size   : 0.025
	Environment step-size : 0.1
[INFO]: Time taken for scene creation : 0.951281 seconds
[INFO]: Scene manager:  <class InteractiveScene>
	Number of environments: 1024
	Environment spacing   : 0.0
	Source prim name      : /World/envs/env_0
	Global prim paths     : ['/World/terrain']
	Replicate physics     : True
[INFO]: Starting the simulation. This may take a few seconds. Please wait...
[INFO]: Time taken for simulation start : 16.748970 seconds
[INFO]: Completed setting up the environment...
2026-08-24 09:46:55,037 [RunLogger][[92mINFO[00m]: RunLogger initialized for run train_atd3qn_11396782_attempt_2 at /ws/logs/train_atd3qn_11396782/attempt_2 (logutils.py:105)
2026-08-24 09:47:02,208 [ftr_d3qn_train][[92mINFO[00m]: Seed: 42  (random check numpy check torch check cuda check) (train_d3qn.py:198)
2026-08-24 09:47:02,225 [ftr_d3qn_train][[93mWARNING[00m]: Found step (attempt_1) checkpoint: policy_step_7471104.pth / vecnorm_step_7471104.pth (train_d3qn.py:303)
2026-08-24 09:47:02,229 [ftr_d3qn_train][[92mINFO[00m]: Loaded policy from step (attempt_1) checkpoint (train_d3qn.py:307)
2026-08-24 09:47:02,229 [ftr_d3qn_train][[92mINFO[00m]: Loaded vecnorm from step (attempt_1) checkpoint (train_d3qn.py:312)
2026-08-24 09:47:02,229 [ftr_d3qn_train][[93mWARNING[00m]: Resuming from step (attempt_1) checkpoint — training may have inconsistent metrics. (train_d3qn.py:317)
2026-08-24 09:47:02,878 [ftr_d3qn_train][[92mINFO[00m]: Loaded training checkpoint: resuming from iteration 56, total_collected_frames=7471104 (train_d3qn.py:368)
2026-08-24 09:47:02,879 [ftr_d3qn_train][[92mINFO[00m]: Initialized FtrD3QNTrainer. (train_d3qn.py:274)
2026-08-24 09:47:02,879 [ftr_d3qn_train][[92mINFO[00m]: Iteration size: 131072, batch_size: 8192, updates/iter: 64 (train_d3qn.py:452)
2026-08-24 09:47:02,880 [ftr_d3qn_train][[92mINFO[00m]: Resuming training — progress bar starting at 7471104 frames (iter_offset=56) (train_d3qn.py:465)
2026-08-24 07:47:02 [39,036ms] [Warning] [ftr_d3qn_train] Found step (attempt_1) checkpoint: policy_step_7471104.pth / vecnorm_step_7471104.pth
2026-08-24 07:47:02 [39,040ms] [Warning] [ftr_d3qn_train] Resuming from step (attempt_1) checkpoint — training may have inconsistent metrics.
2026-08-24 10:11:46,885 [ftr_d3qn_train][[91mERROR[00m]: Training failed: CUDA error: an illegal memory access was encountered
CUDA kernel errors might be asynchronously reported at some other API call, so the stacktrace below might be incorrect.
For debugging consider passing CUDA_LAUNCH_BLOCKING=1
Compile with `TORCH_USE_CUDA_DSA` to enable device-side assertions.
 (train_d3qn.py:386)
########################################################################
Python script finished with exit status: 75
########################################################################
Attempt collected 0 frames (job total: 7471104 / 62914560).
This attempt made no progress (1 in a row).
Exit code 75 detected (CUDA/W&B error). Respawning (attempt 4)...
########################################################################
Starting training (respawn #3 — 7471104/62914560 frames done, 55443456 to go)...
########################################################################
[Warning] [omni.isaac.kit.simulation_app] Modules: ['omni.kit_app'] were loaded before SimulationApp was started and might not be loaded correctly.
[Warning] [omni.isaac.kit.simulation_app] Please check to make sure no extra omniverse or pxr modules are imported before the call to SimulationApp(...)
[Info] [carb] Logging to file: /opt/conda/envs/isaaclab/lib/python3.10/site-packages/omni/logs/Kit/Isaac-Sim/4.2/kit_20260824_101159.log
2026-08-24 08:11:59 [0ms] [Warning] [omni.kit.app.plugin] No crash reporter present, dumps uploading isn't available.
2026-08-24 08:11:59 [5ms] [Warning] [omni.ext.plugin] [ext: containers] Extensions config 'extension.toml' doesn't exist '/home/sargapav/robot_rodeo_gym_ws/containers' or '/home/sargapav/robot_rodeo_gym_ws/containers/config'
2026-08-24 08:11:59 [5ms] [Warning] [omni.ext.plugin] [ext: src] Extensions config 'extension.toml' doesn't exist '/home/sargapav/robot_rodeo_gym_ws/src' or '/home/sargapav/robot_rodeo_gym_ws/src/config'
2026-08-24 08:11:59 [5ms] [Warning] [omni.ext.plugin] [ext: experiments] Extensions config 'extension.toml' doesn't exist '/home/sargapav/robot_rodeo_gym_ws/experiments' or '/home/sargapav/robot_rodeo_gym_ws/experiments/config'
2026-08-24 08:11:59 [5ms] [Warning] [omni.ext.plugin] [ext: notebooks] Extensions config 'extension.toml' doesn't exist '/home/sargapav/robot_rodeo_gym_ws/notebooks' or '/home/sargapav/robot_rodeo_gym_ws/notebooks/config'
2026-08-24 08:11:59 [5ms] [Warning] [omni.ext.plugin] [ext: logs] Extensions config 'extension.toml' doesn't exist '/home/sargapav/robot_rodeo_gym_ws/logs' or '/home/sargapav/robot_rodeo_gym_ws/logs/config'
2026-08-24 08:11:59 [5ms] [Warning] [omni.ext.plugin] [ext: runs] Extensions config 'extension.toml' doesn't exist '/home/sargapav/robot_rodeo_gym_ws/runs' or '/home/sargapav/robot_rodeo_gym_ws/runs/config'
2026-08-24 08:11:59 [5ms] [Warning] [omni.ext.plugin] [ext: secrets] Extensions config 'extension.toml' doesn't exist '/home/sargapav/robot_rodeo_gym_ws/secrets' or '/home/sargapav/robot_rodeo_gym_ws/secrets/config'
2026-08-24 08:11:59 [5ms] [Warning] [omni.ext.plugin] [ext: wandb] Extensions config 'extension.toml' doesn't exist '/home/sargapav/robot_rodeo_gym_ws/wandb' or '/home/sargapav/robot_rodeo_gym_ws/wandb/config'
2026-08-24 08:11:59 [5ms] [Warning] [omni.ext.plugin] [ext: configs] Extensions config 'extension.toml' doesn't exist '/home/sargapav/robot_rodeo_gym_ws/configs' or '/home/sargapav/robot_rodeo_gym_ws/configs/config'
2026-08-24 08:11:59 [5ms] [Warning] [omni.ext.plugin] [ext: optuna] Extensions config 'extension.toml' doesn't exist '/home/sargapav/robot_rodeo_gym_ws/optuna' or '/home/sargapav/robot_rodeo_gym_ws/optuna/config'
2026-08-24 08:11:59 [6ms] [Warning] [omni.ext.plugin] [ext: scripts] Extensions config 'extension.toml' doesn't exist '/home/sargapav/robot_rodeo_gym_ws/scripts' or '/home/sargapav/robot_rodeo_gym_ws/scripts/config'
2026-08-24 08:11:59 [6ms] [Warning] [omni.ext.plugin] [ext: slurm] Extensions config 'extension.toml' doesn't exist '/home/sargapav/robot_rodeo_gym_ws/slurm' or '/home/sargapav/robot_rodeo_gym_ws/slurm/config'
[0.314s] [ext: omni.kit.async_engine-0.0.1] startup
[0.724s] [ext: omni.stats-1.0.1] startup
[0.730s] [ext: omni.client-1.2.0] startup
[0.873s] [ext: omni.gpu_foundation.shadercache.vulkan-1.0.0] startup
[0.879s] [ext: omni.assets.plugins-0.0.0] startup
[0.891s] [ext: omni.gpu_foundation-0.0.0] startup
[1.008s] [ext: omni.kit.pipapi-0.0.0] startup
[1.009s] [ext: omni.materialx.libs-1.0.4] startup
[1.032s] [ext: omni.kit.pip_archive-0.0.0] startup
[1.033s] [ext: omni.usd.config-1.0.4] startup
[1.047s] [ext: omni.gpucompute.plugins-0.0.0] startup
[1.050s] [ext: omni.usd.libs-1.0.1] startup
[1.406s] [ext: omni.kit.telemetry-0.5.0] startup
[1.458s] [ext: omni.usd.schema.semantics-0.0.0] startup
[1.677s] [ext: omni.usd.schema.audio-0.0.0] startup
[1.706s] [ext: omni.usd.schema.physx-106.1.9] startup
[1.786s] [ext: carb.audio-0.1.0] startup
[1.823s] [ext: omni.kvdb-106.1.9] startup
[1.829s] [ext: omni.timeline-1.0.10] startup
[1.834s] [ext: omni.kit.actions.core-1.0.0] startup
[1.840s] [ext: omni.kit.audiodeviceenum-1.0.1] startup
[1.845s] [ext: omni.localcache-106.1.9] startup
[1.849s] [ext: omni.usd_resolver-1.0.0] startup
[1.858s] [ext: omni.kit.commands-1.4.9] startup
[1.867s] [ext: omni.graph.exec-0.9.4] startup
[1.869s] [ext: omni.usd.core-1.4.1] startup
[1.879s] [ext: omni.kit.usd_undo-0.1.8] startup
[1.880s] [ext: omni.kit.exec.core-0.13.4] startup
[1.887s] [ext: omni.convexdecomposition-106.1.9] startup
[1.895s] [ext: omni.usd-1.12.2] startup
[1.967s] [ext: omni.usdphysics-106.1.9] startup
[1.972s] [ext: omni.physx.foundation-106.1.9] startup
[1.983s] [ext: omni.kit.usd.layers-2.1.36] startup
[1.999s] [ext: omni.physx.cooking-106.1.9] startup
[2.015s] [ext: omni.blobkey-1.1.2] startup
[2.019s] [ext: omni.datastore-0.0.0] startup
[2.065s] [ext: omni.ujitso.default-1.0.0] startup
[2.073s] [ext: omni.hsscclient-1.1.1] startup
[2.085s] [ext: omni.kit.primitive.mesh-1.0.17] startup
[2.092s] [ext: usdrt.scenegraph-7.5.0] startup
[2.194s] [ext: omni.warp.core-1.2.1] startup
[2.316s] [ext: omni.physx-106.1.9] startup
[2.362s] [ext: omni.kit.stage_template.core-1.1.22] startup
[2.364s] [ext: omni.physx.stageupdate-106.1.9] startup
[2.370s] [ext: omni.kit.stage_templates-1.2.5] startup
[2.372s] [ext: omni.physics.tensors-106.1.9] startup
[2.384s] [ext: omni.isaac.version-1.1.0] startup
[2.385s] [ext: omni.physx.tensors-106.1.9] startup
[3.055s] [ext: omni.isaac.nucleus-0.3.1] startup
[3.057s] [ext: omni.kit.loop-isaac-1.2.0] startup
[3.060s] [ext: omni.isaac.core-3.19.5] startup
2026-08-24 08:12:03 [4,232ms] [Warning] [omni.platforminfo.plugin] failed to open the default display.  Can't verify X Server version.
2026-08-24 08:12:03 [4,234ms] [Warning] [omni.platforminfo.plugin] failed to load XRAndR.
[5.954s] [ext: omni.physx.fabric-106.1.9] startup
[5.968s] [ext: omni.isaac.kit-1.13.2] startup
[5.968s] [ext: omni.isaac.cloner-0.8.1] startup
[5.969s] [ext: isaaclab.python.headless-1.2.0] startup
[5.971s] Simulation App Starting
2026-08-24 08:12:05 [5,905ms] [Warning] [gpu.foundation.plugin] [ShaderCache]: Creating driver shaderCache directory failed: /opt/conda/envs/isaaclab/lib/python3.10/site-packages/omni/cache/nv_shadercache

|---------------------------------------------------------------------------------------------|
| Driver Version: 0             | Graphics API: Vulkan
|=============================================================================================|
| GPU | Name                             | Active | LDA | GPU Memory | Vendor-ID | LUID       |
|     |                                  |        |     |            | Device-ID | UUID       |
|     |                                  |        |     |            | Bus-ID    |            |
|=============================================================================================|
| OS: 13 (trixie) debian, Version: 13.00.0, Kernel: 4.18.0-553.51.1.el8_10.x86_64
| Processor: AMD EPYC 7763 64-Core Processor | Cores: 128 | Logical: 256
|---------------------------------------------------------------------------------------------|
| Total Memory (MB): 1031844 | Free Memory: 813810
| Total Page/Swap (MB): 0 | Free Page/Swap: 0
|---------------------------------------------------------------------------------------------|
2026-08-24 08:12:06 [6,546ms] [Warning] [omni.physx.foundation.plugin] PhysXFoundation: Couldn't get driver version, failed to getDeviceInfo
2026-08-24 08:12:06 [6,546ms] [Warning] [omni.physx.foundation.plugin] PhysXFoundation: Unable to get IGpuFoundation, GpuDevices or Graphics!
2026-08-24 08:12:06 [6,546ms] [Warning] [carb.cudainterop.plugin] CUDA_VISIBLE_DEVICES environment variable is set.
2026-08-24 08:12:06 [6,546ms] [Warning] [carb.cudainterop.plugin] Note CUDA device enumeration and Omniverse device enumeration are different.
2026-08-24 08:12:06 [6,546ms] [Warning] [carb.cudainterop.plugin] Setting CUDA_VISIBLE_DEVICES can lead to undesired behavior or crashes.
[7.562s] app ready
[INFO][AppLauncher]: Loading experience file: /opt/IsaacLab/source/extensions/omni.isaac.lab/omni/isaac/lab/app/../../../../../../apps/isaaclab.python.headless.kit
Starting kit application with the following args:  ['/opt/conda/envs/isaaclab/lib/python3.10/site-packages/isaacsim/exts/omni.isaac.kit/omni/isaac/kit/simulation_app.py', '/opt/IsaacLab/source/extensions/omni.isaac.lab/omni/isaac/lab/app/../../../../../../apps/isaaclab.python.headless.kit', '--/app/tokens/exe-path=/opt/conda/envs/isaaclab/lib/python3.10/site-packages/omni', '--/persistent/app/viewport/displayOptions=3094', '--/rtx/materialDb/syncLoads=True', '--/rtx/hydra/materialSyncLoads=True', '--/omni.kit.plugin/syncUsdLoads=True', '--/app/renderer/resolution/width=1280', '--/app/renderer/resolution/height=720', '--/app/window/width=1440', '--/app/window/height=900', '--/renderer/multiGpu/enabled=True', '--/app/fastShutdown=True', '--ext-folder', '/opt/conda/envs/isaaclab/lib/python3.10/site-packages/isaacsim/exts', '--ext-folder', '/opt/conda/envs/isaaclab/lib/python3.10/site-packages/isaacsim/apps', '--/renderer/activeGpu=0', '--/physics/cudaDevice=0', '--portable', '--no-window', '--/app/window/hideUi=True']
Passing the following args to the base kit application:  ['--config', '/ws/configs/baselines/marv_config_atd3qn.yaml', '--headless', 'total_frames=55443456', 'scheduler_opts.total_iters=480', 'epsilon_decay_iters=480']
[INFO] Respawn detected — loading config from previous attempt: /ws/logs/train_atd3qn_11396782/attempt_2/config.yaml
[7.730s] Simulation App Startup Complete
2026-08-24 08:12:11 [11,996ms] [Warning] [pxr.Semantics] pxr.Semantics is deprecated - please use Semantics instead
2026-08-24 08:12:13 [14,143ms] [Warning] [omni.isaac.lab.envs.direct_rl_env] Seed not set for the environment. The environment creation may not be deterministic.
2026-08-24 08:12:13 [14,185ms] [Warning] [omni.isaac.lab.envs.direct_rl_env] The render interval (5) is smaller than the decimation (20). Multiple multiple render calls will happen for each environment step.If this is not intended, set the render interval to be equal to the decimation.
Warp 1.2.1 initialized:
   CUDA Toolkit 11.8, Driver 12.9
   Devices:
     "cpu"      : "CPU"
     "cuda:0"   : "NVIDIA A100-SXM4-40GB" (39 GiB, sm_80, mempool enabled)
   Kernel cache:
     /home/sargapav/.cache/warp/1.2.1
[INFO]: Base environment:
	Environment device    : cuda:0
	Environment seed      : None
	Physics step-size     : 0.005
	Rendering step-size   : 0.025
	Environment step-size : 0.1
[INFO]: Time taken for scene creation : 0.937248 seconds
[INFO]: Scene manager:  <class InteractiveScene>
	Number of environments: 1024
	Environment spacing   : 0.0
	Source prim name      : /World/envs/env_0
	Global prim paths     : ['/World/terrain']
	Replicate physics     : True
[INFO]: Starting the simulation. This may take a few seconds. Please wait...
[INFO]: Time taken for simulation start : 16.688948 seconds
[INFO]: Completed setting up the environment...
2026-08-24 10:12:31,410 [RunLogger][[92mINFO[00m]: RunLogger initialized for run train_atd3qn_11396782_attempt_3 at /ws/logs/train_atd3qn_11396782/attempt_3 (logutils.py:105)
2026-08-24 10:12:38,633 [ftr_d3qn_train][[92mINFO[00m]: Seed: 42  (random check numpy check torch check cuda check) (train_d3qn.py:198)
2026-08-24 10:12:38,649 [ftr_d3qn_train][[93mWARNING[00m]: Found step (attempt_2) checkpoint: policy_step_7471104.pth / vecnorm_step_7471104.pth (train_d3qn.py:303)
2026-08-24 10:12:38,652 [ftr_d3qn_train][[92mINFO[00m]: Loaded policy from step (attempt_2) checkpoint (train_d3qn.py:307)
2026-08-24 10:12:38,653 [ftr_d3qn_train][[92mINFO[00m]: Loaded vecnorm from step (attempt_2) checkpoint (train_d3qn.py:312)
2026-08-24 10:12:38,653 [ftr_d3qn_train][[93mWARNING[00m]: Resuming from step (attempt_2) checkpoint — training may have inconsistent metrics. (train_d3qn.py:317)
2026-08-24 10:12:39,296 [ftr_d3qn_train][[92mINFO[00m]: Loaded training checkpoint: resuming from iteration 56, total_collected_frames=7471104 (train_d3qn.py:368)
2026-08-24 10:12:39,296 [ftr_d3qn_train][[92mINFO[00m]: Initialized FtrD3QNTrainer. (train_d3qn.py:274)
2026-08-24 10:12:39,296 [ftr_d3qn_train][[92mINFO[00m]: Iteration size: 131072, batch_size: 8192, updates/iter: 64 (train_d3qn.py:452)
2026-08-24 10:12:39,297 [ftr_d3qn_train][[92mINFO[00m]: Resuming training — progress bar starting at 7471104 frames (iter_offset=56) (train_d3qn.py:465)
2026-08-24 08:12:38 [39,093ms] [Warning] [ftr_d3qn_train] Found step (attempt_2) checkpoint: policy_step_7471104.pth / vecnorm_step_7471104.pth
2026-08-24 08:12:38 [39,098ms] [Warning] [ftr_d3qn_train] Resuming from step (attempt_2) checkpoint — training may have inconsistent metrics.
########################################################################
Python script finished with exit status: 75
########################################################################
Attempt collected 8388608 frames (job total: 15859712 / 62914560).
Exit code 75 detected (CUDA/W&B error). Respawning (attempt 5)...
########################################################################
Starting training (respawn #4 — 15859712/62914560 frames done, 47054848 to go)...
########################################################################
[Warning] [omni.isaac.kit.simulation_app] Modules: ['omni.kit_app'] were loaded before SimulationApp was started and might not be loaded correctly.
[Warning] [omni.isaac.kit.simulation_app] Please check to make sure no extra omniverse or pxr modules are imported before the call to SimulationApp(...)
[Info] [carb] Logging to file: /opt/conda/envs/isaaclab/lib/python3.10/site-packages/omni/logs/Kit/Isaac-Sim/4.2/kit_20260824_133830.log
2026-08-24 11:38:30 [0ms] [Warning] [omni.kit.app.plugin] No crash reporter present, dumps uploading isn't available.
2026-08-24 11:38:30 [7ms] [Warning] [omni.ext.plugin] [ext: containers] Extensions config 'extension.toml' doesn't exist '/home/sargapav/robot_rodeo_gym_ws/containers' or '/home/sargapav/robot_rodeo_gym_ws/containers/config'
2026-08-24 11:38:30 [7ms] [Warning] [omni.ext.plugin] [ext: src] Extensions config 'extension.toml' doesn't exist '/home/sargapav/robot_rodeo_gym_ws/src' or '/home/sargapav/robot_rodeo_gym_ws/src/config'
2026-08-24 11:38:30 [8ms] [Warning] [omni.ext.plugin] [ext: secrets] Extensions config 'extension.toml' doesn't exist '/home/sargapav/robot_rodeo_gym_ws/secrets' or '/home/sargapav/robot_rodeo_gym_ws/secrets/config'
2026-08-24 11:38:30 [8ms] [Warning] [omni.ext.plugin] [ext: notebooks] Extensions config 'extension.toml' doesn't exist '/home/sargapav/robot_rodeo_gym_ws/notebooks' or '/home/sargapav/robot_rodeo_gym_ws/notebooks/config'
2026-08-24 11:38:30 [8ms] [Warning] [omni.ext.plugin] [ext: slurm] Extensions config 'extension.toml' doesn't exist '/home/sargapav/robot_rodeo_gym_ws/slurm' or '/home/sargapav/robot_rodeo_gym_ws/slurm/config'
2026-08-24 11:38:30 [8ms] [Warning] [omni.ext.plugin] [ext: optuna] Extensions config 'extension.toml' doesn't exist '/home/sargapav/robot_rodeo_gym_ws/optuna' or '/home/sargapav/robot_rodeo_gym_ws/optuna/config'
2026-08-24 11:38:30 [8ms] [Warning] [omni.ext.plugin] [ext: wandb] Extensions config 'extension.toml' doesn't exist '/home/sargapav/robot_rodeo_gym_ws/wandb' or '/home/sargapav/robot_rodeo_gym_ws/wandb/config'
2026-08-24 11:38:30 [8ms] [Warning] [omni.ext.plugin] [ext: runs] Extensions config 'extension.toml' doesn't exist '/home/sargapav/robot_rodeo_gym_ws/runs' or '/home/sargapav/robot_rodeo_gym_ws/runs/config'
2026-08-24 11:38:30 [8ms] [Warning] [omni.ext.plugin] [ext: logs] Extensions config 'extension.toml' doesn't exist '/home/sargapav/robot_rodeo_gym_ws/logs' or '/home/sargapav/robot_rodeo_gym_ws/logs/config'
2026-08-24 11:38:30 [8ms] [Warning] [omni.ext.plugin] [ext: experiments] Extensions config 'extension.toml' doesn't exist '/home/sargapav/robot_rodeo_gym_ws/experiments' or '/home/sargapav/robot_rodeo_gym_ws/experiments/config'
2026-08-24 11:38:30 [9ms] [Warning] [omni.ext.plugin] [ext: configs] Extensions config 'extension.toml' doesn't exist '/home/sargapav/robot_rodeo_gym_ws/configs' or '/home/sargapav/robot_rodeo_gym_ws/configs/config'
2026-08-24 11:38:30 [9ms] [Warning] [omni.ext.plugin] [ext: scripts] Extensions config 'extension.toml' doesn't exist '/home/sargapav/robot_rodeo_gym_ws/scripts' or '/home/sargapav/robot_rodeo_gym_ws/scripts/config'
[0.437s] [ext: omni.kit.async_engine-0.0.1] startup
[0.852s] [ext: omni.stats-1.0.1] startup
[0.860s] [ext: omni.client-1.2.0] startup
[1.051s] [ext: omni.gpu_foundation.shadercache.vulkan-1.0.0] startup
[1.059s] [ext: omni.assets.plugins-0.0.0] startup
[1.081s] [ext: omni.gpu_foundation-0.0.0] startup
[1.281s] [ext: omni.kit.pipapi-0.0.0] startup
[1.283s] [ext: omni.materialx.libs-1.0.4] startup
[1.320s] [ext: omni.kit.pip_archive-0.0.0] startup
[1.320s] [ext: omni.usd.config-1.0.4] startup
[1.338s] [ext: omni.gpucompute.plugins-0.0.0] startup
[1.341s] [ext: omni.usd.libs-1.0.1] startup
[1.871s] [ext: omni.kit.telemetry-0.5.0] startup
[1.933s] [ext: omni.usd.schema.semantics-0.0.0] startup
[2.193s] [ext: omni.usd.schema.audio-0.0.0] startup
[2.237s] [ext: omni.usd.schema.physx-106.1.9] startup
[2.343s] [ext: carb.audio-0.1.0] startup
[2.389s] [ext: omni.kvdb-106.1.9] startup
[2.398s] [ext: omni.timeline-1.0.10] startup
[2.406s] [ext: omni.kit.actions.core-1.0.0] startup
[2.416s] [ext: omni.kit.audiodeviceenum-1.0.1] startup
[2.421s] [ext: omni.localcache-106.1.9] startup
[2.426s] [ext: omni.usd_resolver-1.0.0] startup
[2.437s] [ext: omni.kit.commands-1.4.9] startup
[2.448s] [ext: omni.graph.exec-0.9.4] startup
[2.451s] [ext: omni.usd.core-1.4.1] startup
[2.465s] [ext: omni.kit.usd_undo-0.1.8] startup
[2.466s] [ext: omni.kit.exec.core-0.13.4] startup
[2.477s] [ext: omni.convexdecomposition-106.1.9] startup
[2.490s] [ext: omni.usd-1.12.2] startup
[2.574s] [ext: omni.usdphysics-106.1.9] startup
[2.578s] [ext: omni.physx.foundation-106.1.9] startup
[2.600s] [ext: omni.kit.usd.layers-2.1.36] startup
[2.625s] [ext: omni.physx.cooking-106.1.9] startup
[2.644s] [ext: omni.blobkey-1.1.2] startup
[2.649s] [ext: omni.datastore-0.0.0] startup
[2.732s] [ext: omni.ujitso.default-1.0.0] startup
[2.743s] [ext: omni.hsscclient-1.1.1] startup
[2.759s] [ext: omni.kit.primitive.mesh-1.0.17] startup
[2.765s] [ext: usdrt.scenegraph-7.5.0] startup
[2.913s] [ext: omni.warp.core-1.2.1] startup
[3.041s] [ext: omni.physx-106.1.9] startup
[3.102s] [ext: omni.kit.stage_template.core-1.1.22] startup
[3.104s] [ext: omni.physx.stageupdate-106.1.9] startup
[3.111s] [ext: omni.kit.stage_templates-1.2.5] startup
[3.114s] [ext: omni.physics.tensors-106.1.9] startup
[3.127s] [ext: omni.isaac.version-1.1.0] startup
[3.129s] [ext: omni.physx.tensors-106.1.9] startup
[3.857s] [ext: omni.isaac.nucleus-0.3.1] startup
[3.859s] [ext: omni.kit.loop-isaac-1.2.0] startup
[3.864s] [ext: omni.isaac.core-3.19.5] startup
2026-08-24 11:38:36 [5,951ms] [Warning] [omni.platforminfo.plugin] failed to open the default display.  Can't verify X Server version.
2026-08-24 11:38:36 [5,954ms] [Warning] [omni.platforminfo.plugin] failed to load XRAndR.
[8.386s] [ext: omni.physx.fabric-106.1.9] startup
[8.426s] [ext: omni.isaac.kit-1.13.2] startup
[8.426s] [ext: omni.isaac.cloner-0.8.1] startup
[8.428s] [ext: isaaclab.python.headless-1.2.0] startup
[8.431s] Simulation App Starting
2026-08-24 11:38:38 [8,360ms] [Warning] [gpu.foundation.plugin] [ShaderCache]: Creating driver shaderCache directory failed: /opt/conda/envs/isaaclab/lib/python3.10/site-packages/omni/cache/nv_shadercache

|---------------------------------------------------------------------------------------------|
| Driver Version: 0             | Graphics API: Vulkan
|=============================================================================================|
| GPU | Name                             | Active | LDA | GPU Memory | Vendor-ID | LUID       |
|     |                                  |        |     |            | Device-ID | UUID       |
|     |                                  |        |     |            | Bus-ID    |            |
|=============================================================================================|
| OS: 13 (trixie) debian, Version: 13.00.0, Kernel: 4.18.0-553.51.1.el8_10.x86_64
| Processor: AMD EPYC 7763 64-Core Processor | Cores: 128 | Logical: 256
|---------------------------------------------------------------------------------------------|
| Total Memory (MB): 1031844 | Free Memory: 862094
| Total Page/Swap (MB): 0 | Free Page/Swap: 0
|---------------------------------------------------------------------------------------------|
2026-08-24 11:38:40 [9,546ms] [Warning] [omni.physx.foundation.plugin] PhysXFoundation: Couldn't get driver version, failed to getDeviceInfo
2026-08-24 11:38:40 [9,546ms] [Warning] [omni.physx.foundation.plugin] PhysXFoundation: Unable to get IGpuFoundation, GpuDevices or Graphics!
2026-08-24 11:38:40 [9,546ms] [Warning] [carb.cudainterop.plugin] CUDA_VISIBLE_DEVICES environment variable is set.
2026-08-24 11:38:40 [9,546ms] [Warning] [carb.cudainterop.plugin] Note CUDA device enumeration and Omniverse device enumeration are different.
2026-08-24 11:38:40 [9,546ms] [Warning] [carb.cudainterop.plugin] Setting CUDA_VISIBLE_DEVICES can lead to undesired behavior or crashes.
[11.087s] app ready
[INFO][AppLauncher]: Loading experience file: /opt/IsaacLab/source/extensions/omni.isaac.lab/omni/isaac/lab/app/../../../../../../apps/isaaclab.python.headless.kit
Starting kit application with the following args:  ['/opt/conda/envs/isaaclab/lib/python3.10/site-packages/isaacsim/exts/omni.isaac.kit/omni/isaac/kit/simulation_app.py', '/opt/IsaacLab/source/extensions/omni.isaac.lab/omni/isaac/lab/app/../../../../../../apps/isaaclab.python.headless.kit', '--/app/tokens/exe-path=/opt/conda/envs/isaaclab/lib/python3.10/site-packages/omni', '--/persistent/app/viewport/displayOptions=3094', '--/rtx/materialDb/syncLoads=True', '--/rtx/hydra/materialSyncLoads=True', '--/omni.kit.plugin/syncUsdLoads=True', '--/app/renderer/resolution/width=1280', '--/app/renderer/resolution/height=720', '--/app/window/width=1440', '--/app/window/height=900', '--/renderer/multiGpu/enabled=True', '--/app/fastShutdown=True', '--ext-folder', '/opt/conda/envs/isaaclab/lib/python3.10/site-packages/isaacsim/exts', '--ext-folder', '/opt/conda/envs/isaaclab/lib/python3.10/site-packages/isaacsim/apps', '--/renderer/activeGpu=0', '--/physics/cudaDevice=0', '--portable', '--no-window', '--/app/window/hideUi=True']
Passing the following args to the base kit application:  ['--config', '/ws/configs/baselines/marv_config_atd3qn.yaml', '--headless', 'total_frames=47054848', 'scheduler_opts.total_iters=480', 'epsilon_decay_iters=480']
[INFO] Respawn detected — loading config from previous attempt: /ws/logs/train_atd3qn_11396782/attempt_3/config.yaml
[11.263s] Simulation App Startup Complete
2026-08-24 11:38:49 [18,638ms] [Warning] [pxr.Semantics] pxr.Semantics is deprecated - please use Semantics instead
2026-08-24 11:38:52 [21,734ms] [Warning] [omni.isaac.lab.envs.direct_rl_env] Seed not set for the environment. The environment creation may not be deterministic.
2026-08-24 11:38:52 [21,780ms] [Warning] [omni.isaac.lab.envs.direct_rl_env] The render interval (5) is smaller than the decimation (20). Multiple multiple render calls will happen for each environment step.If this is not intended, set the render interval to be equal to the decimation.
Warp 1.2.1 initialized:
   CUDA Toolkit 11.8, Driver 12.9
   Devices:
     "cpu"      : "CPU"
     "cuda:0"   : "NVIDIA A100-SXM4-40GB" (39 GiB, sm_80, mempool enabled)
   Kernel cache:
     /home/sargapav/.cache/warp/1.2.1
[INFO]: Base environment:
	Environment device    : cuda:0
	Environment seed      : None
	Physics step-size     : 0.005
	Rendering step-size   : 0.025
	Environment step-size : 0.1
[INFO]: Time taken for scene creation : 1.321138 seconds
[INFO]: Scene manager:  <class InteractiveScene>
	Number of environments: 1024
	Environment spacing   : 0.0
	Source prim name      : /World/envs/env_0
	Global prim paths     : ['/World/terrain']
	Replicate physics     : True
[INFO]: Starting the simulation. This may take a few seconds. Please wait...
[INFO]: Time taken for simulation start : 18.865219 seconds
[INFO]: Completed setting up the environment...
2026-08-24 13:39:12,647 [RunLogger][[92mINFO[00m]: RunLogger initialized for run train_atd3qn_11396782_attempt_4 at /ws/logs/train_atd3qn_11396782/attempt_4 (logutils.py:105)
2026-08-24 13:39:20,089 [ftr_d3qn_train][[92mINFO[00m]: Seed: 42  (random check numpy check torch check cuda check) (train_d3qn.py:209)
2026-08-24 13:39:20,114 [ftr_d3qn_train][[93mWARNING[00m]: Found step (attempt_3) checkpoint: policy_step_15859712.pth / vecnorm_step_15859712.pth (train_d3qn.py:321)
2026-08-24 13:39:20,119 [ftr_d3qn_train][[92mINFO[00m]: Loaded policy from step (attempt_3) checkpoint (train_d3qn.py:325)
2026-08-24 13:39:20,120 [ftr_d3qn_train][[92mINFO[00m]: Loaded vecnorm from step (attempt_3) checkpoint (train_d3qn.py:330)
2026-08-24 13:39:20,121 [ftr_d3qn_train][[93mWARNING[00m]: Resuming from step (attempt_3) checkpoint — training may have inconsistent metrics. (train_d3qn.py:335)
2026-08-24 13:39:21,137 [ftr_d3qn_train][[92mINFO[00m]: Loaded training checkpoint: resuming from iteration 120, total_collected_frames=15859712 (train_d3qn.py:386)
2026-08-24 13:39:21,141 [ftr_d3qn_train][[92mINFO[00m]: Initialized FtrD3QNTrainer. (train_d3qn.py:292)
2026-08-24 13:39:21,141 [ftr_d3qn_train][[92mINFO[00m]: Iteration size: 131072, batch_size: 8192, updates/iter: 64 (train_d3qn.py:470)
2026-08-24 13:39:21,142 [ftr_d3qn_train][[92mINFO[00m]: Resuming training — progress bar starting at 15859712 frames (iter_offset=120) (train_d3qn.py:483)
2026-08-24 13:41:01,794 [ftr_d3qn_train][[92mINFO[00m]: Saved replay subset: 131072/131072 transitions -> /ws/logs/train_atd3qn_11396782/attempt_4/weights/replay_buffer.pt (replay_buffer_io.py:69)
2026-08-24 11:39:20 [49,492ms] [Warning] [ftr_d3qn_train] Found step (attempt_3) checkpoint: policy_step_15859712.pth / vecnorm_step_15859712.pth
2026-08-24 11:39:20 [49,498ms] [Warning] [ftr_d3qn_train] Resuming from step (attempt_3) checkpoint — training may have inconsistent metrics.
########################################################################
Python script finished with exit status: 75
########################################################################
Attempt collected 0 frames (job total: 15859712 / 62914560).
This attempt made no progress (1 in a row).
Exit code 75 detected (CUDA/W&B error). Respawning (attempt 6)...
########################################################################
Starting training (respawn #5 — 15859712/62914560 frames done, 47054848 to go)...
########################################################################
[Warning] [omni.isaac.kit.simulation_app] Modules: ['omni.kit_app'] were loaded before SimulationApp was started and might not be loaded correctly.
[Warning] [omni.isaac.kit.simulation_app] Please check to make sure no extra omniverse or pxr modules are imported before the call to SimulationApp(...)
[Info] [carb] Logging to file: /opt/conda/envs/isaaclab/lib/python3.10/site-packages/omni/logs/Kit/Isaac-Sim/4.2/kit_20260824_134218.log
2026-08-24 11:42:18 [0ms] [Warning] [omni.kit.app.plugin] No crash reporter present, dumps uploading isn't available.
2026-08-24 11:42:18 [10ms] [Warning] [omni.ext.plugin] [ext: containers] Extensions config 'extension.toml' doesn't exist '/home/sargapav/robot_rodeo_gym_ws/containers' or '/home/sargapav/robot_rodeo_gym_ws/containers/config'
2026-08-24 11:42:18 [10ms] [Warning] [omni.ext.plugin] [ext: src] Extensions config 'extension.toml' doesn't exist '/home/sargapav/robot_rodeo_gym_ws/src' or '/home/sargapav/robot_rodeo_gym_ws/src/config'
2026-08-24 11:42:18 [11ms] [Warning] [omni.ext.plugin] [ext: runs] Extensions config 'extension.toml' doesn't exist '/home/sargapav/robot_rodeo_gym_ws/runs' or '/home/sargapav/robot_rodeo_gym_ws/runs/config'
2026-08-24 11:42:18 [11ms] [Warning] [omni.ext.plugin] [ext: experiments] Extensions config 'extension.toml' doesn't exist '/home/sargapav/robot_rodeo_gym_ws/experiments' or '/home/sargapav/robot_rodeo_gym_ws/experiments/config'
2026-08-24 11:42:18 [12ms] [Warning] [omni.ext.plugin] [ext: logs] Extensions config 'extension.toml' doesn't exist '/home/sargapav/robot_rodeo_gym_ws/logs' or '/home/sargapav/robot_rodeo_gym_ws/logs/config'
2026-08-24 11:42:18 [12ms] [Warning] [omni.ext.plugin] [ext: optuna] Extensions config 'extension.toml' doesn't exist '/home/sargapav/robot_rodeo_gym_ws/optuna' or '/home/sargapav/robot_rodeo_gym_ws/optuna/config'
2026-08-24 11:42:18 [12ms] [Warning] [omni.ext.plugin] [ext: scripts] Extensions config 'extension.toml' doesn't exist '/home/sargapav/robot_rodeo_gym_ws/scripts' or '/home/sargapav/robot_rodeo_gym_ws/scripts/config'
2026-08-24 11:42:18 [12ms] [Warning] [omni.ext.plugin] [ext: notebooks] Extensions config 'extension.toml' doesn't exist '/home/sargapav/robot_rodeo_gym_ws/notebooks' or '/home/sargapav/robot_rodeo_gym_ws/notebooks/config'
2026-08-24 11:42:18 [12ms] [Warning] [omni.ext.plugin] [ext: secrets] Extensions config 'extension.toml' doesn't exist '/home/sargapav/robot_rodeo_gym_ws/secrets' or '/home/sargapav/robot_rodeo_gym_ws/secrets/config'
2026-08-24 11:42:18 [12ms] [Warning] [omni.ext.plugin] [ext: configs] Extensions config 'extension.toml' doesn't exist '/home/sargapav/robot_rodeo_gym_ws/configs' or '/home/sargapav/robot_rodeo_gym_ws/configs/config'
2026-08-24 11:42:18 [12ms] [Warning] [omni.ext.plugin] [ext: wandb] Extensions config 'extension.toml' doesn't exist '/home/sargapav/robot_rodeo_gym_ws/wandb' or '/home/sargapav/robot_rodeo_gym_ws/wandb/config'
2026-08-24 11:42:18 [12ms] [Warning] [omni.ext.plugin] [ext: slurm] Extensions config 'extension.toml' doesn't exist '/home/sargapav/robot_rodeo_gym_ws/slurm' or '/home/sargapav/robot_rodeo_gym_ws/slurm/config'
[0.315s] [ext: omni.kit.async_engine-0.0.1] startup
[0.762s] [ext: omni.stats-1.0.1] startup
[0.768s] [ext: omni.client-1.2.0] startup
[0.919s] [ext: omni.gpu_foundation.shadercache.vulkan-1.0.0] startup
[0.927s] [ext: omni.assets.plugins-0.0.0] startup
[0.941s] [ext: omni.gpu_foundation-0.0.0] startup
[1.072s] [ext: omni.kit.pipapi-0.0.0] startup
[1.073s] [ext: omni.materialx.libs-1.0.4] startup
[1.103s] [ext: omni.kit.pip_archive-0.0.0] startup
[1.104s] [ext: omni.usd.config-1.0.4] startup
[1.122s] [ext: omni.gpucompute.plugins-0.0.0] startup
[1.125s] [ext: omni.usd.libs-1.0.1] startup
[1.521s] [ext: omni.kit.telemetry-0.5.0] startup
[1.579s] [ext: omni.usd.schema.semantics-0.0.0] startup
[1.789s] [ext: omni.usd.schema.audio-0.0.0] startup
[1.817s] [ext: omni.usd.schema.physx-106.1.9] startup
[1.900s] [ext: carb.audio-0.1.0] startup
[1.935s] [ext: omni.kvdb-106.1.9] startup
[1.941s] [ext: omni.timeline-1.0.10] startup
[1.947s] [ext: omni.kit.actions.core-1.0.0] startup
[1.953s] [ext: omni.kit.audiodeviceenum-1.0.1] startup
[1.957s] [ext: omni.localcache-106.1.9] startup
[1.962s] [ext: omni.usd_resolver-1.0.0] startup
[1.971s] [ext: omni.kit.commands-1.4.9] startup
[1.981s] [ext: omni.graph.exec-0.9.4] startup
[1.983s] [ext: omni.usd.core-1.4.1] startup
[1.994s] [ext: omni.kit.usd_undo-0.1.8] startup
[1.995s] [ext: omni.kit.exec.core-0.13.4] startup
[2.003s] [ext: omni.convexdecomposition-106.1.9] startup
[2.013s] [ext: omni.usd-1.12.2] startup
[2.084s] [ext: omni.usdphysics-106.1.9] startup
[2.088s] [ext: omni.physx.foundation-106.1.9] startup
[2.100s] [ext: omni.kit.usd.layers-2.1.36] startup
[2.117s] [ext: omni.physx.cooking-106.1.9] startup
[2.133s] [ext: omni.blobkey-1.1.2] startup
[2.136s] [ext: omni.datastore-0.0.0] startup
[2.191s] [ext: omni.ujitso.default-1.0.0] startup
[2.199s] [ext: omni.hsscclient-1.1.1] startup
[2.213s] [ext: omni.kit.primitive.mesh-1.0.17] startup
[2.220s] [ext: usdrt.scenegraph-7.5.0] startup
[2.323s] [ext: omni.warp.core-1.2.1] startup
[2.446s] [ext: omni.physx-106.1.9] startup
[2.491s] [ext: omni.kit.stage_template.core-1.1.22] startup
[2.493s] [ext: omni.physx.stageupdate-106.1.9] startup
[2.499s] [ext: omni.kit.stage_templates-1.2.5] startup
[2.502s] [ext: omni.physics.tensors-106.1.9] startup
[2.514s] [ext: omni.isaac.version-1.1.0] startup
[2.516s] [ext: omni.physx.tensors-106.1.9] startup
[3.208s] [ext: omni.isaac.nucleus-0.3.1] startup
[3.210s] [ext: omni.kit.loop-isaac-1.2.0] startup
[3.213s] [ext: omni.isaac.core-3.19.5] startup
2026-08-24 11:42:22 [4,367ms] [Warning] [omni.platforminfo.plugin] failed to open the default display.  Can't verify X Server version.
2026-08-24 11:42:22 [4,369ms] [Warning] [omni.platforminfo.plugin] failed to load XRAndR.
[6.244s] [ext: omni.physx.fabric-106.1.9] startup
[6.257s] [ext: omni.isaac.kit-1.13.2] startup
[6.258s] [ext: omni.isaac.cloner-0.8.1] startup
[6.259s] [ext: isaaclab.python.headless-1.2.0] startup
[6.261s] Simulation App Starting
2026-08-24 11:42:24 [6,193ms] [Warning] [gpu.foundation.plugin] [ShaderCache]: Creating driver shaderCache directory failed: /opt/conda/envs/isaaclab/lib/python3.10/site-packages/omni/cache/nv_shadercache

|---------------------------------------------------------------------------------------------|
| Driver Version: 0             | Graphics API: Vulkan
|=============================================================================================|
| GPU | Name                             | Active | LDA | GPU Memory | Vendor-ID | LUID       |
|     |                                  |        |     |            | Device-ID | UUID       |
|     |                                  |        |     |            | Bus-ID    |            |
|=============================================================================================|
| OS: 13 (trixie) debian, Version: 13.00.0, Kernel: 4.18.0-553.51.1.el8_10.x86_64
| Processor: AMD EPYC 7763 64-Core Processor | Cores: 128 | Logical: 256
|---------------------------------------------------------------------------------------------|
| Total Memory (MB): 1031844 | Free Memory: 861138
| Total Page/Swap (MB): 0 | Free Page/Swap: 0
|---------------------------------------------------------------------------------------------|
2026-08-24 11:42:25 [6,869ms] [Warning] [omni.physx.foundation.plugin] PhysXFoundation: Couldn't get driver version, failed to getDeviceInfo
2026-08-24 11:42:25 [6,869ms] [Warning] [omni.physx.foundation.plugin] PhysXFoundation: Unable to get IGpuFoundation, GpuDevices or Graphics!
2026-08-24 11:42:25 [6,870ms] [Warning] [carb.cudainterop.plugin] CUDA_VISIBLE_DEVICES environment variable is set.
2026-08-24 11:42:25 [6,870ms] [Warning] [carb.cudainterop.plugin] Note CUDA device enumeration and Omniverse device enumeration are different.
2026-08-24 11:42:25 [6,870ms] [Warning] [carb.cudainterop.plugin] Setting CUDA_VISIBLE_DEVICES can lead to undesired behavior or crashes.
[7.925s] app ready
[INFO][AppLauncher]: Loading experience file: /opt/IsaacLab/source/extensions/omni.isaac.lab/omni/isaac/lab/app/../../../../../../apps/isaaclab.python.headless.kit
Starting kit application with the following args:  ['/opt/conda/envs/isaaclab/lib/python3.10/site-packages/isaacsim/exts/omni.isaac.kit/omni/isaac/kit/simulation_app.py', '/opt/IsaacLab/source/extensions/omni.isaac.lab/omni/isaac/lab/app/../../../../../../apps/isaaclab.python.headless.kit', '--/app/tokens/exe-path=/opt/conda/envs/isaaclab/lib/python3.10/site-packages/omni', '--/persistent/app/viewport/displayOptions=3094', '--/rtx/materialDb/syncLoads=True', '--/rtx/hydra/materialSyncLoads=True', '--/omni.kit.plugin/syncUsdLoads=True', '--/app/renderer/resolution/width=1280', '--/app/renderer/resolution/height=720', '--/app/window/width=1440', '--/app/window/height=900', '--/renderer/multiGpu/enabled=True', '--/app/fastShutdown=True', '--ext-folder', '/opt/conda/envs/isaaclab/lib/python3.10/site-packages/isaacsim/exts', '--ext-folder', '/opt/conda/envs/isaaclab/lib/python3.10/site-packages/isaacsim/apps', '--/renderer/activeGpu=0', '--/physics/cudaDevice=0', '--portable', '--no-window', '--/app/window/hideUi=True']
Passing the following args to the base kit application:  ['--config', '/ws/configs/baselines/marv_config_atd3qn.yaml', '--headless', 'total_frames=47054848', 'scheduler_opts.total_iters=480', 'epsilon_decay_iters=480']
[INFO] Respawn detected — loading config from previous attempt: /ws/logs/train_atd3qn_11396782/attempt_4/config.yaml
[8.092s] Simulation App Startup Complete
2026-08-24 11:42:30 [12,359ms] [Warning] [pxr.Semantics] pxr.Semantics is deprecated - please use Semantics instead
2026-08-24 11:42:32 [14,568ms] [Warning] [omni.isaac.lab.envs.direct_rl_env] Seed not set for the environment. The environment creation may not be deterministic.
2026-08-24 11:42:32 [14,611ms] [Warning] [omni.isaac.lab.envs.direct_rl_env] The render interval (5) is smaller than the decimation (20). Multiple multiple render calls will happen for each environment step.If this is not intended, set the render interval to be equal to the decimation.
Warp 1.2.1 initialized:
   CUDA Toolkit 11.8, Driver 12.9
   Devices:
     "cpu"      : "CPU"
     "cuda:0"   : "NVIDIA A100-SXM4-40GB" (39 GiB, sm_80, mempool enabled)
   Kernel cache:
     /home/sargapav/.cache/warp/1.2.1
[INFO]: Base environment:
	Environment device    : cuda:0
	Environment seed      : None
	Physics step-size     : 0.005
	Rendering step-size   : 0.025
	Environment step-size : 0.1
[INFO]: Time taken for scene creation : 0.952488 seconds
[INFO]: Scene manager:  <class InteractiveScene>
	Number of environments: 1024
	Environment spacing   : 0.0
	Source prim name      : /World/envs/env_0
	Global prim paths     : ['/World/terrain']
	Replicate physics     : True
[INFO]: Starting the simulation. This may take a few seconds. Please wait...
[INFO]: Time taken for simulation start : 16.805768 seconds
[INFO]: Completed setting up the environment...
2026-08-24 13:42:50,719 [RunLogger][[92mINFO[00m]: RunLogger initialized for run train_atd3qn_11396782_attempt_5 at /ws/logs/train_atd3qn_11396782/attempt_5 (logutils.py:105)
2026-08-24 13:42:57,828 [ftr_d3qn_train][[92mINFO[00m]: Seed: 42  (random check numpy check torch check cuda check) (train_d3qn.py:209)
2026-08-24 13:42:57,845 [ftr_d3qn_train][[93mWARNING[00m]: Found step (attempt_4) checkpoint: policy_step_15859712.pth / vecnorm_step_15859712.pth (train_d3qn.py:321)
2026-08-24 13:42:57,848 [ftr_d3qn_train][[92mINFO[00m]: Loaded policy from step (attempt_4) checkpoint (train_d3qn.py:325)
2026-08-24 13:42:57,849 [ftr_d3qn_train][[92mINFO[00m]: Loaded vecnorm from step (attempt_4) checkpoint (train_d3qn.py:330)
2026-08-24 13:42:57,849 [ftr_d3qn_train][[93mWARNING[00m]: Resuming from step (attempt_4) checkpoint — training may have inconsistent metrics. (train_d3qn.py:335)
2026-08-24 13:42:58,485 [ftr_d3qn_train][[92mINFO[00m]: Loaded training checkpoint: resuming from iteration 120, total_collected_frames=15859712 (train_d3qn.py:386)
2026-08-24 13:42:58,777 [ftr_d3qn_train][[92mINFO[00m]: Warm-started replay buffer with 131072 transitions from /ws/logs/train_atd3qn_11396782/attempt_4/weights/replay_buffer.pt (replay_buffer_io.py:102)
2026-08-24 13:42:58,777 [ftr_d3qn_train][[92mINFO[00m]: Initialized FtrD3QNTrainer. (train_d3qn.py:292)
2026-08-24 13:42:58,777 [ftr_d3qn_train][[92mINFO[00m]: Iteration size: 131072, batch_size: 8192, updates/iter: 64 (train_d3qn.py:470)
2026-08-24 13:42:58,784 [ftr_d3qn_train][[92mINFO[00m]: Resuming training — progress bar starting at 15859712 frames (iter_offset=120) (train_d3qn.py:483)
2026-08-24 13:44:36,784 [ftr_d3qn_train][[92mINFO[00m]: Saved replay subset: 262144/262144 transitions -> /ws/logs/train_atd3qn_11396782/attempt_5/weights/replay_buffer.pt (replay_buffer_io.py:69)
2026-08-24 14:09:00,122 [ftr_d3qn_train][[92mINFO[00m]: Saved replay subset: 666666/1310720 transitions -> /ws/logs/train_atd3qn_11396782/attempt_5/weights/replay_buffer.pt (replay_buffer_io.py:69)
2026-08-24 11:42:57 [39,539ms] [Warning] [ftr_d3qn_train] Found step (attempt_4) checkpoint: policy_step_15859712.pth / vecnorm_step_15859712.pth
2026-08-24 11:42:57 [39,544ms] [Warning] [ftr_d3qn_train] Resuming from step (attempt_4) checkpoint — training may have inconsistent metrics.
2026-08-24 14:22:53,021 [ftr_d3qn_train][[91mERROR[00m]: Training failed: CUDA error: an illegal memory access was encountered
CUDA kernel errors might be asynchronously reported at some other API call, so the stacktrace below might be incorrect.
For debugging consider passing CUDA_LAUNCH_BLOCKING=1
Compile with `TORCH_USE_CUDA_DSA` to enable device-side assertions.
 (train_d3qn.py:404)
########################################################################
Python script finished with exit status: 75
########################################################################
Attempt collected 1048576 frames (job total: 16908288 / 62914560).
Exit code 75 detected (CUDA/W&B error). Respawning (attempt 7)...
########################################################################
Starting training (respawn #6 — 16908288/62914560 frames done, 46006272 to go)...
########################################################################
[Warning] [omni.isaac.kit.simulation_app] Modules: ['omni.kit_app'] were loaded before SimulationApp was started and might not be loaded correctly.
[Warning] [omni.isaac.kit.simulation_app] Please check to make sure no extra omniverse or pxr modules are imported before the call to SimulationApp(...)
[Info] [carb] Logging to file: /opt/conda/envs/isaaclab/lib/python3.10/site-packages/omni/logs/Kit/Isaac-Sim/4.2/kit_20260824_142307.log
2026-08-24 12:23:07 [0ms] [Warning] [omni.kit.app.plugin] No crash reporter present, dumps uploading isn't available.
2026-08-24 12:23:07 [12ms] [Warning] [omni.ext.plugin] [ext: src] Extensions config 'extension.toml' doesn't exist '/home/sargapav/robot_rodeo_gym_ws/src' or '/home/sargapav/robot_rodeo_gym_ws/src/config'
2026-08-24 12:23:07 [12ms] [Warning] [omni.ext.plugin] [ext: containers] Extensions config 'extension.toml' doesn't exist '/home/sargapav/robot_rodeo_gym_ws/containers' or '/home/sargapav/robot_rodeo_gym_ws/containers/config'
2026-08-24 12:23:07 [12ms] [Warning] [omni.ext.plugin] [ext: configs] Extensions config 'extension.toml' doesn't exist '/home/sargapav/robot_rodeo_gym_ws/configs' or '/home/sargapav/robot_rodeo_gym_ws/configs/config'
2026-08-24 12:23:07 [13ms] [Warning] [omni.ext.plugin] [ext: experiments] Extensions config 'extension.toml' doesn't exist '/home/sargapav/robot_rodeo_gym_ws/experiments' or '/home/sargapav/robot_rodeo_gym_ws/experiments/config'
2026-08-24 12:23:07 [13ms] [Warning] [omni.ext.plugin] [ext: scripts] Extensions config 'extension.toml' doesn't exist '/home/sargapav/robot_rodeo_gym_ws/scripts' or '/home/sargapav/robot_rodeo_gym_ws/scripts/config'
2026-08-24 12:23:07 [13ms] [Warning] [omni.ext.plugin] [ext: logs] Extensions config 'extension.toml' doesn't exist '/home/sargapav/robot_rodeo_gym_ws/logs' or '/home/sargapav/robot_rodeo_gym_ws/logs/config'
2026-08-24 12:23:07 [13ms] [Warning] [omni.ext.plugin] [ext: notebooks] Extensions config 'extension.toml' doesn't exist '/home/sargapav/robot_rodeo_gym_ws/notebooks' or '/home/sargapav/robot_rodeo_gym_ws/notebooks/config'
2026-08-24 12:23:07 [13ms] [Warning] [omni.ext.plugin] [ext: secrets] Extensions config 'extension.toml' doesn't exist '/home/sargapav/robot_rodeo_gym_ws/secrets' or '/home/sargapav/robot_rodeo_gym_ws/secrets/config'
2026-08-24 12:23:07 [13ms] [Warning] [omni.ext.plugin] [ext: slurm] Extensions config 'extension.toml' doesn't exist '/home/sargapav/robot_rodeo_gym_ws/slurm' or '/home/sargapav/robot_rodeo_gym_ws/slurm/config'
2026-08-24 12:23:07 [13ms] [Warning] [omni.ext.plugin] [ext: optuna] Extensions config 'extension.toml' doesn't exist '/home/sargapav/robot_rodeo_gym_ws/optuna' or '/home/sargapav/robot_rodeo_gym_ws/optuna/config'
2026-08-24 12:23:07 [13ms] [Warning] [omni.ext.plugin] [ext: runs] Extensions config 'extension.toml' doesn't exist '/home/sargapav/robot_rodeo_gym_ws/runs' or '/home/sargapav/robot_rodeo_gym_ws/runs/config'
2026-08-24 12:23:07 [13ms] [Warning] [omni.ext.plugin] [ext: wandb] Extensions config 'extension.toml' doesn't exist '/home/sargapav/robot_rodeo_gym_ws/wandb' or '/home/sargapav/robot_rodeo_gym_ws/wandb/config'
[0.438s] [ext: omni.kit.async_engine-0.0.1] startup
[0.849s] [ext: omni.stats-1.0.1] startup
[0.858s] [ext: omni.client-1.2.0] startup
[1.044s] [ext: omni.gpu_foundation.shadercache.vulkan-1.0.0] startup
[1.052s] [ext: omni.assets.plugins-0.0.0] startup
[1.072s] [ext: omni.gpu_foundation-0.0.0] startup
[1.261s] [ext: omni.kit.pipapi-0.0.0] startup
[1.262s] [ext: omni.materialx.libs-1.0.4] startup
[1.297s] [ext: omni.kit.pip_archive-0.0.0] startup
[1.298s] [ext: omni.usd.config-1.0.4] startup
[1.316s] [ext: omni.gpucompute.plugins-0.0.0] startup
[1.319s] [ext: omni.usd.libs-1.0.1] startup
[1.811s] [ext: omni.kit.telemetry-0.5.0] startup
[1.877s] [ext: omni.usd.schema.semantics-0.0.0] startup
[2.123s] [ext: omni.usd.schema.audio-0.0.0] startup
[2.161s] [ext: omni.usd.schema.physx-106.1.9] startup
[2.268s] [ext: carb.audio-0.1.0] startup
[2.313s] [ext: omni.kvdb-106.1.9] startup
[2.322s] [ext: omni.timeline-1.0.10] startup
[2.329s] [ext: omni.kit.actions.core-1.0.0] startup
[2.339s] [ext: omni.kit.audiodeviceenum-1.0.1] startup
[2.345s] [ext: omni.localcache-106.1.9] startup
[2.349s] [ext: omni.usd_resolver-1.0.0] startup
[2.361s] [ext: omni.kit.commands-1.4.9] startup
[2.371s] [ext: omni.graph.exec-0.9.4] startup
[2.374s] [ext: omni.usd.core-1.4.1] startup
[2.389s] [ext: omni.kit.usd_undo-0.1.8] startup
[2.390s] [ext: omni.kit.exec.core-0.13.4] startup
[2.402s] [ext: omni.convexdecomposition-106.1.9] startup
[2.414s] [ext: omni.usd-1.12.2] startup
[2.496s] [ext: omni.usdphysics-106.1.9] startup
[2.501s] [ext: omni.physx.foundation-106.1.9] startup
[2.528s] [ext: omni.kit.usd.layers-2.1.36] startup
[2.555s] [ext: omni.physx.cooking-106.1.9] startup
[2.577s] [ext: omni.blobkey-1.1.2] startup
[2.584s] [ext: omni.datastore-0.0.0] startup
[2.661s] [ext: omni.ujitso.default-1.0.0] startup
[2.672s] [ext: omni.hsscclient-1.1.1] startup
[2.687s] [ext: omni.kit.primitive.mesh-1.0.17] startup
[2.693s] [ext: usdrt.scenegraph-7.5.0] startup
[2.825s] [ext: omni.warp.core-1.2.1] startup
[2.954s] [ext: omni.physx-106.1.9] startup
[3.019s] [ext: omni.kit.stage_template.core-1.1.22] startup
[3.021s] [ext: omni.physx.stageupdate-106.1.9] startup
[3.028s] [ext: omni.kit.stage_templates-1.2.5] startup
[3.031s] [ext: omni.physics.tensors-106.1.9] startup
[3.047s] [ext: omni.isaac.version-1.1.0] startup
[3.049s] [ext: omni.physx.tensors-106.1.9] startup
[3.763s] [ext: omni.isaac.nucleus-0.3.1] startup
[3.766s] [ext: omni.kit.loop-isaac-1.2.0] startup
[3.770s] [ext: omni.isaac.core-3.19.5] startup
2026-08-24 12:23:13 [5,342ms] [Warning] [omni.platforminfo.plugin] failed to open the default display.  Can't verify X Server version.
2026-08-24 12:23:13 [5,345ms] [Warning] [omni.platforminfo.plugin] failed to load XRAndR.
[7.471s] [ext: omni.physx.fabric-106.1.9] startup
[7.489s] [ext: omni.isaac.kit-1.13.2] startup
[7.489s] [ext: omni.isaac.cloner-0.8.1] startup
[7.491s] [ext: isaaclab.python.headless-1.2.0] startup
[7.493s] Simulation App Starting
2026-08-24 12:23:15 [7,392ms] [Warning] [gpu.foundation.plugin] [ShaderCache]: Creating driver shaderCache directory failed: /opt/conda/envs/isaaclab/lib/python3.10/site-packages/omni/cache/nv_shadercache

|---------------------------------------------------------------------------------------------|
| Driver Version: 0             | Graphics API: Vulkan
|=============================================================================================|
| GPU | Name                             | Active | LDA | GPU Memory | Vendor-ID | LUID       |
|     |                                  |        |     |            | Device-ID | UUID       |
|     |                                  |        |     |            | Bus-ID    |            |
|=============================================================================================|
| OS: 13 (trixie) debian, Version: 13.00.0, Kernel: 4.18.0-553.51.1.el8_10.x86_64
| Processor: AMD EPYC 7763 64-Core Processor | Cores: 128 | Logical: 256
|---------------------------------------------------------------------------------------------|
| Total Memory (MB): 1031844 | Free Memory: 880080
| Total Page/Swap (MB): 0 | Free Page/Swap: 0
|---------------------------------------------------------------------------------------------|
2026-08-24 12:23:16 [8,407ms] [Warning] [omni.physx.foundation.plugin] PhysXFoundation: Couldn't get driver version, failed to getDeviceInfo
2026-08-24 12:23:16 [8,407ms] [Warning] [omni.physx.foundation.plugin] PhysXFoundation: Unable to get IGpuFoundation, GpuDevices or Graphics!
2026-08-24 12:23:16 [8,408ms] [Warning] [carb.cudainterop.plugin] CUDA_VISIBLE_DEVICES environment variable is set.
2026-08-24 12:23:16 [8,408ms] [Warning] [carb.cudainterop.plugin] Note CUDA device enumeration and Omniverse device enumeration are different.
2026-08-24 12:23:16 [8,408ms] [Warning] [carb.cudainterop.plugin] Setting CUDA_VISIBLE_DEVICES can lead to undesired behavior or crashes.
[10.526s] app ready
[INFO][AppLauncher]: Loading experience file: /opt/IsaacLab/source/extensions/omni.isaac.lab/omni/isaac/lab/app/../../../../../../apps/isaaclab.python.headless.kit
Starting kit application with the following args:  ['/opt/conda/envs/isaaclab/lib/python3.10/site-packages/isaacsim/exts/omni.isaac.kit/omni/isaac/kit/simulation_app.py', '/opt/IsaacLab/source/extensions/omni.isaac.lab/omni/isaac/lab/app/../../../../../../apps/isaaclab.python.headless.kit', '--/app/tokens/exe-path=/opt/conda/envs/isaaclab/lib/python3.10/site-packages/omni', '--/persistent/app/viewport/displayOptions=3094', '--/rtx/materialDb/syncLoads=True', '--/rtx/hydra/materialSyncLoads=True', '--/omni.kit.plugin/syncUsdLoads=True', '--/app/renderer/resolution/width=1280', '--/app/renderer/resolution/height=720', '--/app/window/width=1440', '--/app/window/height=900', '--/renderer/multiGpu/enabled=True', '--/app/fastShutdown=True', '--ext-folder', '/opt/conda/envs/isaaclab/lib/python3.10/site-packages/isaacsim/exts', '--ext-folder', '/opt/conda/envs/isaaclab/lib/python3.10/site-packages/isaacsim/apps', '--/renderer/activeGpu=0', '--/physics/cudaDevice=0', '--portable', '--no-window', '--/app/window/hideUi=True']
Passing the following args to the base kit application:  ['--config', '/ws/configs/baselines/marv_config_atd3qn.yaml', '--headless', 'total_frames=46006272', 'scheduler_opts.total_iters=480', 'epsilon_decay_iters=480']
[INFO] Respawn detected — loading config from previous attempt: /ws/logs/train_atd3qn_11396782/attempt_5/config.yaml
[10.703s] Simulation App Startup Complete
2026-08-24 12:23:25 [17,558ms] [Warning] [pxr.Semantics] pxr.Semantics is deprecated - please use Semantics instead
2026-08-24 12:23:28 [20,224ms] [Warning] [omni.isaac.lab.envs.direct_rl_env] Seed not set for the environment. The environment creation may not be deterministic.
2026-08-24 12:23:28 [20,268ms] [Warning] [omni.isaac.lab.envs.direct_rl_env] The render interval (5) is smaller than the decimation (20). Multiple multiple render calls will happen for each environment step.If this is not intended, set the render interval to be equal to the decimation.
Warp 1.2.1 initialized:
   CUDA Toolkit 11.8, Driver 12.9
   Devices:
     "cpu"      : "CPU"
     "cuda:0"   : "NVIDIA A100-SXM4-40GB" (39 GiB, sm_80, mempool enabled)
   Kernel cache:
     /home/sargapav/.cache/warp/1.2.1
[INFO]: Base environment:
	Environment device    : cuda:0
	Environment seed      : None
	Physics step-size     : 0.005
	Rendering step-size   : 0.025
	Environment step-size : 0.1
[INFO]: Time taken for scene creation : 1.255651 seconds
[INFO]: Scene manager:  <class InteractiveScene>
	Number of environments: 1024
	Environment spacing   : 0.0
	Source prim name      : /World/envs/env_0
	Global prim paths     : ['/World/terrain']
	Replicate physics     : True
[INFO]: Starting the simulation. This may take a few seconds. Please wait...
[INFO]: Time taken for simulation start : 17.854431 seconds
[INFO]: Completed setting up the environment...
2026-08-24 14:23:47,336 [RunLogger][[92mINFO[00m]: RunLogger initialized for run train_atd3qn_11396782_attempt_6 at /ws/logs/train_atd3qn_11396782/attempt_6 (logutils.py:105)
2026-08-24 14:23:54,650 [ftr_d3qn_train][[92mINFO[00m]: Seed: 42  (random check numpy check torch check cuda check) (train_d3qn.py:209)
2026-08-24 14:23:54,678 [ftr_d3qn_train][[93mWARNING[00m]: Found step (attempt_5) checkpoint: policy_step_16908288.pth / vecnorm_step_16908288.pth (train_d3qn.py:321)
2026-08-24 14:23:54,683 [ftr_d3qn_train][[92mINFO[00m]: Loaded policy from step (attempt_5) checkpoint (train_d3qn.py:325)
2026-08-24 14:23:54,684 [ftr_d3qn_train][[92mINFO[00m]: Loaded vecnorm from step (attempt_5) checkpoint (train_d3qn.py:330)
2026-08-24 14:23:54,685 [ftr_d3qn_train][[93mWARNING[00m]: Resuming from step (attempt_5) checkpoint — training may have inconsistent metrics. (train_d3qn.py:335)
2026-08-24 14:23:55,951 [ftr_d3qn_train][[92mINFO[00m]: Loaded training checkpoint: resuming from iteration 128, total_collected_frames=16908288 (train_d3qn.py:386)
2026-08-24 14:23:58,154 [ftr_d3qn_train][[92mINFO[00m]: Warm-started replay buffer with 666666 transitions from /ws/logs/train_atd3qn_11396782/attempt_5/weights/replay_buffer.pt (replay_buffer_io.py:102)
2026-08-24 14:23:58,155 [ftr_d3qn_train][[92mINFO[00m]: Initialized FtrD3QNTrainer. (train_d3qn.py:292)
2026-08-24 14:23:58,155 [ftr_d3qn_train][[92mINFO[00m]: Iteration size: 131072, batch_size: 8192, updates/iter: 64 (train_d3qn.py:470)
2026-08-24 14:23:58,162 [ftr_d3qn_train][[92mINFO[00m]: Resuming training — progress bar starting at 16908288 frames (iter_offset=128) (train_d3qn.py:483)
2026-08-24 14:25:38,104 [ftr_d3qn_train][[92mINFO[00m]: Saved replay subset: 666666/797738 transitions -> /ws/logs/train_atd3qn_11396782/attempt_6/weights/replay_buffer.pt (replay_buffer_io.py:69)
2026-08-24 12:23:54 [46,770ms] [Warning] [ftr_d3qn_train] Found step (attempt_5) checkpoint: policy_step_16908288.pth / vecnorm_step_16908288.pth
2026-08-24 12:23:54 [46,777ms] [Warning] [ftr_d3qn_train] Resuming from step (attempt_5) checkpoint — training may have inconsistent metrics.
2026-08-24 14:43:17,750 [ftr_d3qn_train][[91mERROR[00m]: Training failed: CUDA error: an illegal memory access was encountered
CUDA kernel errors might be asynchronously reported at some other API call, so the stacktrace below might be incorrect.
For debugging consider passing CUDA_LAUNCH_BLOCKING=1
Compile with `TORCH_USE_CUDA_DSA` to enable device-side assertions.
 (train_d3qn.py:404)
########################################################################
Python script finished with exit status: 75
########################################################################
Attempt collected 0 frames (job total: 16908288 / 62914560).
This attempt made no progress (1 in a row).
Exit code 75 detected (CUDA/W&B error). Respawning (attempt 8)...
########################################################################
Starting training (respawn #7 — 16908288/62914560 frames done, 46006272 to go)...
########################################################################
[Warning] [omni.isaac.kit.simulation_app] Modules: ['omni.kit_app'] were loaded before SimulationApp was started and might not be loaded correctly.
[Warning] [omni.isaac.kit.simulation_app] Please check to make sure no extra omniverse or pxr modules are imported before the call to SimulationApp(...)
[Info] [carb] Logging to file: /opt/conda/envs/isaaclab/lib/python3.10/site-packages/omni/logs/Kit/Isaac-Sim/4.2/kit_20260824_144331.log
2026-08-24 12:43:31 [0ms] [Warning] [omni.kit.app.plugin] No crash reporter present, dumps uploading isn't available.
2026-08-24 12:43:31 [8ms] [Warning] [omni.ext.plugin] [ext: src] Extensions config 'extension.toml' doesn't exist '/home/sargapav/robot_rodeo_gym_ws/src' or '/home/sargapav/robot_rodeo_gym_ws/src/config'
2026-08-24 12:43:31 [8ms] [Warning] [omni.ext.plugin] [ext: containers] Extensions config 'extension.toml' doesn't exist '/home/sargapav/robot_rodeo_gym_ws/containers' or '/home/sargapav/robot_rodeo_gym_ws/containers/config'
2026-08-24 12:43:31 [8ms] [Warning] [omni.ext.plugin] [ext: notebooks] Extensions config 'extension.toml' doesn't exist '/home/sargapav/robot_rodeo_gym_ws/notebooks' or '/home/sargapav/robot_rodeo_gym_ws/notebooks/config'
2026-08-24 12:43:31 [8ms] [Warning] [omni.ext.plugin] [ext: optuna] Extensions config 'extension.toml' doesn't exist '/home/sargapav/robot_rodeo_gym_ws/optuna' or '/home/sargapav/robot_rodeo_gym_ws/optuna/config'
2026-08-24 12:43:31 [8ms] [Warning] [omni.ext.plugin] [ext: runs] Extensions config 'extension.toml' doesn't exist '/home/sargapav/robot_rodeo_gym_ws/runs' or '/home/sargapav/robot_rodeo_gym_ws/runs/config'
2026-08-24 12:43:31 [8ms] [Warning] [omni.ext.plugin] [ext: scripts] Extensions config 'extension.toml' doesn't exist '/home/sargapav/robot_rodeo_gym_ws/scripts' or '/home/sargapav/robot_rodeo_gym_ws/scripts/config'
2026-08-24 12:43:31 [8ms] [Warning] [omni.ext.plugin] [ext: slurm] Extensions config 'extension.toml' doesn't exist '/home/sargapav/robot_rodeo_gym_ws/slurm' or '/home/sargapav/robot_rodeo_gym_ws/slurm/config'
2026-08-24 12:43:31 [8ms] [Warning] [omni.ext.plugin] [ext: logs] Extensions config 'extension.toml' doesn't exist '/home/sargapav/robot_rodeo_gym_ws/logs' or '/home/sargapav/robot_rodeo_gym_ws/logs/config'
2026-08-24 12:43:31 [8ms] [Warning] [omni.ext.plugin] [ext: wandb] Extensions config 'extension.toml' doesn't exist '/home/sargapav/robot_rodeo_gym_ws/wandb' or '/home/sargapav/robot_rodeo_gym_ws/wandb/config'
2026-08-24 12:43:31 [8ms] [Warning] [omni.ext.plugin] [ext: experiments] Extensions config 'extension.toml' doesn't exist '/home/sargapav/robot_rodeo_gym_ws/experiments' or '/home/sargapav/robot_rodeo_gym_ws/experiments/config'
2026-08-24 12:43:31 [8ms] [Warning] [omni.ext.plugin] [ext: secrets] Extensions config 'extension.toml' doesn't exist '/home/sargapav/robot_rodeo_gym_ws/secrets' or '/home/sargapav/robot_rodeo_gym_ws/secrets/config'
2026-08-24 12:43:31 [9ms] [Warning] [omni.ext.plugin] [ext: configs] Extensions config 'extension.toml' doesn't exist '/home/sargapav/robot_rodeo_gym_ws/configs' or '/home/sargapav/robot_rodeo_gym_ws/configs/config'
[0.319s] [ext: omni.kit.async_engine-0.0.1] startup
[0.737s] [ext: omni.stats-1.0.1] startup
[0.742s] [ext: omni.client-1.2.0] startup
[0.880s] [ext: omni.gpu_foundation.shadercache.vulkan-1.0.0] startup
[0.886s] [ext: omni.assets.plugins-0.0.0] startup
[0.899s] [ext: omni.gpu_foundation-0.0.0] startup
[1.025s] [ext: omni.kit.pipapi-0.0.0] startup
[1.027s] [ext: omni.materialx.libs-1.0.4] startup
[1.051s] [ext: omni.kit.pip_archive-0.0.0] startup
[1.052s] [ext: omni.usd.config-1.0.4] startup
[1.069s] [ext: omni.gpucompute.plugins-0.0.0] startup
[1.072s] [ext: omni.usd.libs-1.0.1] startup
[1.439s] [ext: omni.kit.telemetry-0.5.0] startup
[1.528s] [ext: omni.usd.schema.semantics-0.0.0] startup
[1.775s] [ext: omni.usd.schema.audio-0.0.0] startup
[1.805s] [ext: omni.usd.schema.physx-106.1.9] startup
[1.885s] [ext: carb.audio-0.1.0] startup
[1.922s] [ext: omni.kvdb-106.1.9] startup
[1.928s] [ext: omni.timeline-1.0.10] startup
[1.933s] [ext: omni.kit.actions.core-1.0.0] startup
[1.940s] [ext: omni.kit.audiodeviceenum-1.0.1] startup
[1.946s] [ext: omni.localcache-106.1.9] startup
[1.950s] [ext: omni.usd_resolver-1.0.0] startup
[1.960s] [ext: omni.kit.commands-1.4.9] startup
[1.970s] [ext: omni.graph.exec-0.9.4] startup
[1.973s] [ext: omni.usd.core-1.4.1] startup
[1.985s] [ext: omni.kit.usd_undo-0.1.8] startup
[1.986s] [ext: omni.kit.exec.core-0.13.4] startup
[1.994s] [ext: omni.convexdecomposition-106.1.9] startup
[2.004s] [ext: omni.usd-1.12.2] startup
[2.077s] [ext: omni.usdphysics-106.1.9] startup
[2.082s] [ext: omni.physx.foundation-106.1.9] startup
[2.093s] [ext: omni.kit.usd.layers-2.1.36] startup
[2.111s] [ext: omni.physx.cooking-106.1.9] startup
[2.126s] [ext: omni.blobkey-1.1.2] startup
[2.129s] [ext: omni.datastore-0.0.0] startup
[2.183s] [ext: omni.ujitso.default-1.0.0] startup
[2.192s] [ext: omni.hsscclient-1.1.1] startup
[2.204s] [ext: omni.kit.primitive.mesh-1.0.17] startup
[2.211s] [ext: usdrt.scenegraph-7.5.0] startup
[2.313s] [ext: omni.warp.core-1.2.1] startup
[2.436s] [ext: omni.physx-106.1.9] startup
[2.480s] [ext: omni.kit.stage_template.core-1.1.22] startup
[2.482s] [ext: omni.physx.stageupdate-106.1.9] startup
[2.488s] [ext: omni.kit.stage_templates-1.2.5] startup
[2.490s] [ext: omni.physics.tensors-106.1.9] startup
[2.502s] [ext: omni.isaac.version-1.1.0] startup
[2.503s] [ext: omni.physx.tensors-106.1.9] startup
[3.230s] [ext: omni.isaac.nucleus-0.3.1] startup
[3.232s] [ext: omni.kit.loop-isaac-1.2.0] startup
[3.235s] [ext: omni.isaac.core-3.19.5] startup
2026-08-24 12:43:35 [4,350ms] [Warning] [omni.platforminfo.plugin] failed to open the default display.  Can't verify X Server version.
2026-08-24 12:43:35 [4,351ms] [Warning] [omni.platforminfo.plugin] failed to load XRAndR.
[6.199s] [ext: omni.physx.fabric-106.1.9] startup
[6.213s] [ext: omni.isaac.kit-1.13.2] startup
[6.213s] [ext: omni.isaac.cloner-0.8.1] startup
[6.215s] [ext: isaaclab.python.headless-1.2.0] startup
[6.217s] Simulation App Starting
2026-08-24 12:43:37 [6,151ms] [Warning] [gpu.foundation.plugin] [ShaderCache]: Creating driver shaderCache directory failed: /opt/conda/envs/isaaclab/lib/python3.10/site-packages/omni/cache/nv_shadercache

|---------------------------------------------------------------------------------------------|
| Driver Version: 0             | Graphics API: Vulkan
|=============================================================================================|
| GPU | Name                             | Active | LDA | GPU Memory | Vendor-ID | LUID       |
|     |                                  |        |     |            | Device-ID | UUID       |
|     |                                  |        |     |            | Bus-ID    |            |
|=============================================================================================|
| OS: 13 (trixie) debian, Version: 13.1768320623.1953038439, Kernel: 4.18.0-553.51.1.el8_10.x86_64
| Processor: AMD EPYC 7763 64-Core Processor | Cores: 128 | Logical: 256
|---------------------------------------------------------------------------------------------|
| Total Memory (MB): 1031844 | Free Memory: 877914
| Total Page/Swap (MB): 0 | Free Page/Swap: 0
|---------------------------------------------------------------------------------------------|
2026-08-24 12:43:37 [6,785ms] [Warning] [omni.physx.foundation.plugin] PhysXFoundation: Couldn't get driver version, failed to getDeviceInfo
2026-08-24 12:43:37 [6,785ms] [Warning] [omni.physx.foundation.plugin] PhysXFoundation: Unable to get IGpuFoundation, GpuDevices or Graphics!
2026-08-24 12:43:37 [6,785ms] [Warning] [carb.cudainterop.plugin] CUDA_VISIBLE_DEVICES environment variable is set.
2026-08-24 12:43:37 [6,785ms] [Warning] [carb.cudainterop.plugin] Note CUDA device enumeration and Omniverse device enumeration are different.
2026-08-24 12:43:37 [6,785ms] [Warning] [carb.cudainterop.plugin] Setting CUDA_VISIBLE_DEVICES can lead to undesired behavior or crashes.
[7.823s] app ready
[INFO][AppLauncher]: Loading experience file: /opt/IsaacLab/source/extensions/omni.isaac.lab/omni/isaac/lab/app/../../../../../../apps/isaaclab.python.headless.kit
Starting kit application with the following args:  ['/opt/conda/envs/isaaclab/lib/python3.10/site-packages/isaacsim/exts/omni.isaac.kit/omni/isaac/kit/simulation_app.py', '/opt/IsaacLab/source/extensions/omni.isaac.lab/omni/isaac/lab/app/../../../../../../apps/isaaclab.python.headless.kit', '--/app/tokens/exe-path=/opt/conda/envs/isaaclab/lib/python3.10/site-packages/omni', '--/persistent/app/viewport/displayOptions=3094', '--/rtx/materialDb/syncLoads=True', '--/rtx/hydra/materialSyncLoads=True', '--/omni.kit.plugin/syncUsdLoads=True', '--/app/renderer/resolution/width=1280', '--/app/renderer/resolution/height=720', '--/app/window/width=1440', '--/app/window/height=900', '--/renderer/multiGpu/enabled=True', '--/app/fastShutdown=True', '--ext-folder', '/opt/conda/envs/isaaclab/lib/python3.10/site-packages/isaacsim/exts', '--ext-folder', '/opt/conda/envs/isaaclab/lib/python3.10/site-packages/isaacsim/apps', '--/renderer/activeGpu=0', '--/physics/cudaDevice=0', '--portable', '--no-window', '--/app/window/hideUi=True']
Passing the following args to the base kit application:  ['--config', '/ws/configs/baselines/marv_config_atd3qn.yaml', '--headless', 'total_frames=46006272', 'scheduler_opts.total_iters=480', 'epsilon_decay_iters=480']
[INFO] Respawn detected — loading config from previous attempt: /ws/logs/train_atd3qn_11396782/attempt_6/config.yaml
[7.989s] Simulation App Startup Complete
2026-08-24 12:43:43 [12,276ms] [Warning] [pxr.Semantics] pxr.Semantics is deprecated - please use Semantics instead
2026-08-24 12:43:45 [14,620ms] [Warning] [omni.isaac.lab.envs.direct_rl_env] Seed not set for the environment. The environment creation may not be deterministic.
2026-08-24 12:43:45 [14,660ms] [Warning] [omni.isaac.lab.envs.direct_rl_env] The render interval (5) is smaller than the decimation (20). Multiple multiple render calls will happen for each environment step.If this is not intended, set the render interval to be equal to the decimation.
Warp 1.2.1 initialized:
   CUDA Toolkit 11.8, Driver 12.9
   Devices:
     "cpu"      : "CPU"
     "cuda:0"   : "NVIDIA A100-SXM4-40GB" (39 GiB, sm_80, mempool enabled)
   Kernel cache:
     /home/sargapav/.cache/warp/1.2.1
[INFO]: Base environment:
	Environment device    : cuda:0
	Environment seed      : None
	Physics step-size     : 0.005
	Rendering step-size   : 0.025
	Environment step-size : 0.1
[INFO]: Time taken for scene creation : 1.027715 seconds
[INFO]: Scene manager:  <class InteractiveScene>
	Number of environments: 1024
	Environment spacing   : 0.0
	Source prim name      : /World/envs/env_0
	Global prim paths     : ['/World/terrain']
	Replicate physics     : True
[INFO]: Starting the simulation. This may take a few seconds. Please wait...
[INFO]: Time taken for simulation start : 17.670539 seconds
[INFO]: Completed setting up the environment...
2026-08-24 14:44:04,569 [RunLogger][[92mINFO[00m]: RunLogger initialized for run train_atd3qn_11396782_attempt_7 at /ws/logs/train_atd3qn_11396782/attempt_7 (logutils.py:105)
2026-08-24 14:44:11,734 [ftr_d3qn_train][[92mINFO[00m]: Seed: 42  (random check numpy check torch check cuda check) (train_d3qn.py:209)
2026-08-24 14:44:11,754 [ftr_d3qn_train][[93mWARNING[00m]: Found step (attempt_6) checkpoint: policy_step_16908288.pth / vecnorm_step_16908288.pth (train_d3qn.py:321)
2026-08-24 14:44:11,757 [ftr_d3qn_train][[92mINFO[00m]: Loaded policy from step (attempt_6) checkpoint (train_d3qn.py:325)
2026-08-24 14:44:11,758 [ftr_d3qn_train][[92mINFO[00m]: Loaded vecnorm from step (attempt_6) checkpoint (train_d3qn.py:330)
2026-08-24 14:44:11,758 [ftr_d3qn_train][[93mWARNING[00m]: Resuming from step (attempt_6) checkpoint — training may have inconsistent metrics. (train_d3qn.py:335)
2026-08-24 14:44:12,410 [ftr_d3qn_train][[92mINFO[00m]: Loaded training checkpoint: resuming from iteration 128, total_collected_frames=16908288 (train_d3qn.py:386)
2026-08-24 14:44:13,164 [ftr_d3qn_train][[92mINFO[00m]: Warm-started replay buffer with 666666 transitions from /ws/logs/train_atd3qn_11396782/attempt_6/weights/replay_buffer.pt (replay_buffer_io.py:102)
2026-08-24 14:44:13,165 [ftr_d3qn_train][[92mINFO[00m]: Initialized FtrD3QNTrainer. (train_d3qn.py:292)
2026-08-24 14:44:13,165 [ftr_d3qn_train][[92mINFO[00m]: Iteration size: 131072, batch_size: 8192, updates/iter: 64 (train_d3qn.py:470)
2026-08-24 14:44:13,171 [ftr_d3qn_train][[92mINFO[00m]: Resuming training — progress bar starting at 16908288 frames (iter_offset=128) (train_d3qn.py:483)
2026-08-24 14:45:49,965 [ftr_d3qn_train][[92mINFO[00m]: Saved replay subset: 666666/797738 transitions -> /ws/logs/train_atd3qn_11396782/attempt_7/weights/replay_buffer.pt (replay_buffer_io.py:69)
2026-08-24 15:10:00,660 [ftr_d3qn_train][[92mINFO[00m]: Saved replay subset: 666666/1846314 transitions -> /ws/logs/train_atd3qn_11396782/attempt_7/weights/replay_buffer.pt (replay_buffer_io.py:69)
2026-08-24 12:44:11 [40,593ms] [Warning] [ftr_d3qn_train] Found step (attempt_6) checkpoint: policy_step_16908288.pth / vecnorm_step_16908288.pth
2026-08-24 12:44:11 [40,598ms] [Warning] [ftr_d3qn_train] Resuming from step (attempt_6) checkpoint — training may have inconsistent metrics.
########################################################################
Python script finished with exit status: 75
########################################################################
Attempt collected 1048576 frames (job total: 17956864 / 62914560).
Exit code 75 detected (CUDA/W&B error). Respawning (attempt 9)...
########################################################################
Starting training (respawn #8 — 17956864/62914560 frames done, 44957696 to go)...
########################################################################
[Warning] [omni.isaac.kit.simulation_app] Modules: ['omni.kit_app'] were loaded before SimulationApp was started and might not be loaded correctly.
[Warning] [omni.isaac.kit.simulation_app] Please check to make sure no extra omniverse or pxr modules are imported before the call to SimulationApp(...)
[Info] [carb] Logging to file: /opt/conda/envs/isaaclab/lib/python3.10/site-packages/omni/logs/Kit/Isaac-Sim/4.2/kit_20260824_151218.log
2026-08-24 13:12:18 [0ms] [Warning] [omni.kit.app.plugin] No crash reporter present, dumps uploading isn't available.
2026-08-24 13:12:18 [5ms] [Warning] [omni.ext.plugin] [ext: src] Extensions config 'extension.toml' doesn't exist '/home/sargapav/robot_rodeo_gym_ws/src' or '/home/sargapav/robot_rodeo_gym_ws/src/config'
2026-08-24 13:12:18 [5ms] [Warning] [omni.ext.plugin] [ext: containers] Extensions config 'extension.toml' doesn't exist '/home/sargapav/robot_rodeo_gym_ws/containers' or '/home/sargapav/robot_rodeo_gym_ws/containers/config'
2026-08-24 13:12:18 [5ms] [Warning] [omni.ext.plugin] [ext: slurm] Extensions config 'extension.toml' doesn't exist '/home/sargapav/robot_rodeo_gym_ws/slurm' or '/home/sargapav/robot_rodeo_gym_ws/slurm/config'
2026-08-24 13:12:18 [5ms] [Warning] [omni.ext.plugin] [ext: secrets] Extensions config 'extension.toml' doesn't exist '/home/sargapav/robot_rodeo_gym_ws/secrets' or '/home/sargapav/robot_rodeo_gym_ws/secrets/config'
2026-08-24 13:12:18 [5ms] [Warning] [omni.ext.plugin] [ext: scripts] Extensions config 'extension.toml' doesn't exist '/home/sargapav/robot_rodeo_gym_ws/scripts' or '/home/sargapav/robot_rodeo_gym_ws/scripts/config'
2026-08-24 13:12:18 [5ms] [Warning] [omni.ext.plugin] [ext: wandb] Extensions config 'extension.toml' doesn't exist '/home/sargapav/robot_rodeo_gym_ws/wandb' or '/home/sargapav/robot_rodeo_gym_ws/wandb/config'
2026-08-24 13:12:18 [5ms] [Warning] [omni.ext.plugin] [ext: notebooks] Extensions config 'extension.toml' doesn't exist '/home/sargapav/robot_rodeo_gym_ws/notebooks' or '/home/sargapav/robot_rodeo_gym_ws/notebooks/config'
2026-08-24 13:12:18 [5ms] [Warning] [omni.ext.plugin] [ext: optuna] Extensions config 'extension.toml' doesn't exist '/home/sargapav/robot_rodeo_gym_ws/optuna' or '/home/sargapav/robot_rodeo_gym_ws/optuna/config'
2026-08-24 13:12:18 [5ms] [Warning] [omni.ext.plugin] [ext: experiments] Extensions config 'extension.toml' doesn't exist '/home/sargapav/robot_rodeo_gym_ws/experiments' or '/home/sargapav/robot_rodeo_gym_ws/experiments/config'
2026-08-24 13:12:18 [6ms] [Warning] [omni.ext.plugin] [ext: logs] Extensions config 'extension.toml' doesn't exist '/home/sargapav/robot_rodeo_gym_ws/logs' or '/home/sargapav/robot_rodeo_gym_ws/logs/config'
2026-08-24 13:12:18 [6ms] [Warning] [omni.ext.plugin] [ext: runs] Extensions config 'extension.toml' doesn't exist '/home/sargapav/robot_rodeo_gym_ws/runs' or '/home/sargapav/robot_rodeo_gym_ws/runs/config'
2026-08-24 13:12:18 [6ms] [Warning] [omni.ext.plugin] [ext: configs] Extensions config 'extension.toml' doesn't exist '/home/sargapav/robot_rodeo_gym_ws/configs' or '/home/sargapav/robot_rodeo_gym_ws/configs/config'
[0.331s] [ext: omni.kit.async_engine-0.0.1] startup
[0.764s] [ext: omni.stats-1.0.1] startup
[0.771s] [ext: omni.client-1.2.0] startup
[0.945s] [ext: omni.gpu_foundation.shadercache.vulkan-1.0.0] startup
[0.954s] [ext: omni.assets.plugins-0.0.0] startup
[0.978s] [ext: omni.gpu_foundation-0.0.0] startup
[1.158s] [ext: omni.kit.pipapi-0.0.0] startup
[1.160s] [ext: omni.materialx.libs-1.0.4] startup
[1.199s] [ext: omni.kit.pip_archive-0.0.0] startup
[1.200s] [ext: omni.usd.config-1.0.4] startup
[1.216s] [ext: omni.gpucompute.plugins-0.0.0] startup
[1.220s] [ext: omni.usd.libs-1.0.1] startup
[1.715s] [ext: omni.kit.telemetry-0.5.0] startup
[1.771s] [ext: omni.usd.schema.semantics-0.0.0] startup
[2.023s] [ext: omni.usd.schema.audio-0.0.0] startup
[2.060s] [ext: omni.usd.schema.physx-106.1.9] startup
[2.176s] [ext: carb.audio-0.1.0] startup
[2.217s] [ext: omni.kvdb-106.1.9] startup
[2.225s] [ext: omni.timeline-1.0.10] startup
[2.232s] [ext: omni.kit.actions.core-1.0.0] startup
[2.241s] [ext: omni.kit.audiodeviceenum-1.0.1] startup
[2.246s] [ext: omni.localcache-106.1.9] startup
[2.251s] [ext: omni.usd_resolver-1.0.0] startup
[2.261s] [ext: omni.kit.commands-1.4.9] startup
[2.272s] [ext: omni.graph.exec-0.9.4] startup
[2.275s] [ext: omni.usd.core-1.4.1] startup
[2.290s] [ext: omni.kit.usd_undo-0.1.8] startup
[2.291s] [ext: omni.kit.exec.core-0.13.4] startup
[2.300s] [ext: omni.convexdecomposition-106.1.9] startup
[2.311s] [ext: omni.usd-1.12.2] startup
[2.392s] [ext: omni.usdphysics-106.1.9] startup
[2.398s] [ext: omni.physx.foundation-106.1.9] startup
[2.418s] [ext: omni.kit.usd.layers-2.1.36] startup
[2.448s] [ext: omni.physx.cooking-106.1.9] startup
[2.467s] [ext: omni.blobkey-1.1.2] startup
[2.471s] [ext: omni.datastore-0.0.0] startup
[2.544s] [ext: omni.ujitso.default-1.0.0] startup
[2.555s] [ext: omni.hsscclient-1.1.1] startup
[2.570s] [ext: omni.kit.primitive.mesh-1.0.17] startup
[2.577s] [ext: usdrt.scenegraph-7.5.0] startup
[2.717s] [ext: omni.warp.core-1.2.1] startup
[2.846s] [ext: omni.physx-106.1.9] startup
[2.906s] [ext: omni.kit.stage_template.core-1.1.22] startup
[2.909s] [ext: omni.physx.stageupdate-106.1.9] startup
[2.919s] [ext: omni.kit.stage_templates-1.2.5] startup
[2.922s] [ext: omni.physics.tensors-106.1.9] startup
[2.937s] [ext: omni.isaac.version-1.1.0] startup
[2.939s] [ext: omni.physx.tensors-106.1.9] startup
[3.641s] [ext: omni.isaac.nucleus-0.3.1] startup
[3.643s] [ext: omni.kit.loop-isaac-1.2.0] startup
[3.647s] [ext: omni.isaac.core-3.19.5] startup
2026-08-24 13:12:23 [5,155ms] [Warning] [omni.platforminfo.plugin] failed to open the default display.  Can't verify X Server version.
2026-08-24 13:12:23 [5,157ms] [Warning] [omni.platforminfo.plugin] failed to load XRAndR.
[7.086s] [ext: omni.physx.fabric-106.1.9] startup
[7.103s] [ext: omni.isaac.kit-1.13.2] startup
[7.103s] [ext: omni.isaac.cloner-0.8.1] startup
[7.105s] [ext: isaaclab.python.headless-1.2.0] startup
[7.107s] Simulation App Starting
2026-08-24 13:12:25 [7,037ms] [Warning] [gpu.foundation.plugin] [ShaderCache]: Creating driver shaderCache directory failed: /opt/conda/envs/isaaclab/lib/python3.10/site-packages/omni/cache/nv_shadercache

|---------------------------------------------------------------------------------------------|
| Driver Version: 0             | Graphics API: Vulkan
|=============================================================================================|
| GPU | Name                             | Active | LDA | GPU Memory | Vendor-ID | LUID       |
|     |                                  |        |     |            | Device-ID | UUID       |
|     |                                  |        |     |            | Bus-ID    |            |
|=============================================================================================|
| OS: 13 (trixie) debian, Version: 13.1734960750.1953720576, Kernel: 4.18.0-553.51.1.el8_10.x86_64
| Processor: AMD EPYC 7763 64-Core Processor | Cores: 128 | Logical: 256
|---------------------------------------------------------------------------------------------|
| Total Memory (MB): 1031844 | Free Memory: 867762
| Total Page/Swap (MB): 0 | Free Page/Swap: 0
|---------------------------------------------------------------------------------------------|
2026-08-24 13:12:25 [7,843ms] [Warning] [omni.physx.foundation.plugin] PhysXFoundation: Couldn't get driver version, failed to getDeviceInfo
2026-08-24 13:12:25 [7,843ms] [Warning] [omni.physx.foundation.plugin] PhysXFoundation: Unable to get IGpuFoundation, GpuDevices or Graphics!
2026-08-24 13:12:25 [7,843ms] [Warning] [carb.cudainterop.plugin] CUDA_VISIBLE_DEVICES environment variable is set.
2026-08-24 13:12:25 [7,843ms] [Warning] [carb.cudainterop.plugin] Note CUDA device enumeration and Omniverse device enumeration are different.
2026-08-24 13:12:25 [7,843ms] [Warning] [carb.cudainterop.plugin] Setting CUDA_VISIBLE_DEVICES can lead to undesired behavior or crashes.
[9.102s] app ready
[INFO][AppLauncher]: Loading experience file: /opt/IsaacLab/source/extensions/omni.isaac.lab/omni/isaac/lab/app/../../../../../../apps/isaaclab.python.headless.kit
Starting kit application with the following args:  ['/opt/conda/envs/isaaclab/lib/python3.10/site-packages/isaacsim/exts/omni.isaac.kit/omni/isaac/kit/simulation_app.py', '/opt/IsaacLab/source/extensions/omni.isaac.lab/omni/isaac/lab/app/../../../../../../apps/isaaclab.python.headless.kit', '--/app/tokens/exe-path=/opt/conda/envs/isaaclab/lib/python3.10/site-packages/omni', '--/persistent/app/viewport/displayOptions=3094', '--/rtx/materialDb/syncLoads=True', '--/rtx/hydra/materialSyncLoads=True', '--/omni.kit.plugin/syncUsdLoads=True', '--/app/renderer/resolution/width=1280', '--/app/renderer/resolution/height=720', '--/app/window/width=1440', '--/app/window/height=900', '--/renderer/multiGpu/enabled=True', '--/app/fastShutdown=True', '--ext-folder', '/opt/conda/envs/isaaclab/lib/python3.10/site-packages/isaacsim/exts', '--ext-folder', '/opt/conda/envs/isaaclab/lib/python3.10/site-packages/isaacsim/apps', '--/renderer/activeGpu=0', '--/physics/cudaDevice=0', '--portable', '--no-window', '--/app/window/hideUi=True']
Passing the following args to the base kit application:  ['--config', '/ws/configs/baselines/marv_config_atd3qn.yaml', '--headless', 'total_frames=44957696', 'scheduler_opts.total_iters=480', 'epsilon_decay_iters=480']
[INFO] Respawn detected — loading config from previous attempt: /ws/logs/train_atd3qn_11396782/attempt_7/config.yaml
[9.267s] Simulation App Startup Complete
2026-08-24 13:12:31 [13,885ms] [Warning] [pxr.Semantics] pxr.Semantics is deprecated - please use Semantics instead
2026-08-24 13:12:34 [16,281ms] [Warning] [omni.isaac.lab.envs.direct_rl_env] Seed not set for the environment. The environment creation may not be deterministic.
2026-08-24 13:12:34 [16,325ms] [Warning] [omni.isaac.lab.envs.direct_rl_env] The render interval (5) is smaller than the decimation (20). Multiple multiple render calls will happen for each environment step.If this is not intended, set the render interval to be equal to the decimation.
Warp 1.2.1 initialized:
   CUDA Toolkit 11.8, Driver 12.9
   Devices:
     "cpu"      : "CPU"
     "cuda:0"   : "NVIDIA A100-SXM4-40GB" (39 GiB, sm_80, mempool enabled)
   Kernel cache:
     /home/sargapav/.cache/warp/1.2.1
[INFO]: Base environment:
	Environment device    : cuda:0
	Environment seed      : None
	Physics step-size     : 0.005
	Rendering step-size   : 0.025
	Environment step-size : 0.1
[INFO]: Time taken for scene creation : 1.046301 seconds
[INFO]: Scene manager:  <class InteractiveScene>
	Number of environments: 1024
	Environment spacing   : 0.0
	Source prim name      : /World/envs/env_0
	Global prim paths     : ['/World/terrain']
	Replicate physics     : True
[INFO]: Starting the simulation. This may take a few seconds. Please wait...
[INFO]: Time taken for simulation start : 16.958990 seconds
[INFO]: Completed setting up the environment...
2026-08-24 15:12:52,439 [RunLogger][[92mINFO[00m]: RunLogger initialized for run train_atd3qn_11396782_attempt_8 at /ws/logs/train_atd3qn_11396782/attempt_8 (logutils.py:105)
2026-08-24 15:12:59,620 [ftr_d3qn_train][[92mINFO[00m]: Seed: 42  (random check numpy check torch check cuda check) (train_d3qn.py:209)
2026-08-24 15:12:59,643 [ftr_d3qn_train][[93mWARNING[00m]: Found step (attempt_7) checkpoint: policy_step_17956864.pth / vecnorm_step_17956864.pth (train_d3qn.py:321)
2026-08-24 15:12:59,647 [ftr_d3qn_train][[92mINFO[00m]: Loaded policy from step (attempt_7) checkpoint (train_d3qn.py:325)
2026-08-24 15:12:59,648 [ftr_d3qn_train][[92mINFO[00m]: Loaded vecnorm from step (attempt_7) checkpoint (train_d3qn.py:330)
2026-08-24 15:12:59,648 [ftr_d3qn_train][[93mWARNING[00m]: Resuming from step (attempt_7) checkpoint — training may have inconsistent metrics. (train_d3qn.py:335)
2026-08-24 15:13:00,400 [ftr_d3qn_train][[92mINFO[00m]: Loaded training checkpoint: resuming from iteration 136, total_collected_frames=17956864 (train_d3qn.py:386)
2026-08-24 15:13:00,778 [ftr_d3qn_train][[92mINFO[00m]: Warm-started replay buffer with 666666 transitions from /ws/logs/train_atd3qn_11396782/attempt_7/weights/replay_buffer.pt (replay_buffer_io.py:102)
2026-08-24 15:13:00,780 [ftr_d3qn_train][[92mINFO[00m]: Initialized FtrD3QNTrainer. (train_d3qn.py:292)
2026-08-24 15:13:00,781 [ftr_d3qn_train][[92mINFO[00m]: Iteration size: 131072, batch_size: 8192, updates/iter: 64 (train_d3qn.py:470)
2026-08-24 15:13:00,785 [ftr_d3qn_train][[92mINFO[00m]: Resuming training — progress bar starting at 17956864 frames (iter_offset=136) (train_d3qn.py:483)
2026-08-24 15:14:39,942 [ftr_d3qn_train][[92mINFO[00m]: Saved replay subset: 666666/797738 transitions -> /ws/logs/train_atd3qn_11396782/attempt_8/weights/replay_buffer.pt (replay_buffer_io.py:69)
2026-08-24 15:38:54,351 [ftr_d3qn_train][[92mINFO[00m]: Saved replay subset: 666666/1846314 transitions -> /ws/logs/train_atd3qn_11396782/attempt_8/weights/replay_buffer.pt (replay_buffer_io.py:69)
2026-08-24 13:12:59 [41,579ms] [Warning] [ftr_d3qn_train] Found step (attempt_7) checkpoint: policy_step_17956864.pth / vecnorm_step_17956864.pth
2026-08-24 13:12:59 [41,585ms] [Warning] [ftr_d3qn_train] Resuming from step (attempt_7) checkpoint — training may have inconsistent metrics.
2026-08-24 16:01:06,009 [ftr_d3qn_train][[91mERROR[00m]: Training failed: CUDA error: an illegal memory access was encountered
CUDA kernel errors might be asynchronously reported at some other API call, so the stacktrace below might be incorrect.
For debugging consider passing CUDA_LAUNCH_BLOCKING=1
Compile with `TORCH_USE_CUDA_DSA` to enable device-side assertions.
 (train_d3qn.py:404)
########################################################################
Python script finished with exit status: 75
########################################################################
Attempt collected 1048576 frames (job total: 19005440 / 62914560).
Exit code 75 detected (CUDA/W&B error). Respawning (attempt 10)...
########################################################################
Starting training (respawn #9 — 19005440/62914560 frames done, 43909120 to go)...
########################################################################
[Warning] [omni.isaac.kit.simulation_app] Modules: ['omni.kit_app'] were loaded before SimulationApp was started and might not be loaded correctly.
[Warning] [omni.isaac.kit.simulation_app] Please check to make sure no extra omniverse or pxr modules are imported before the call to SimulationApp(...)
[Info] [carb] Logging to file: /opt/conda/envs/isaaclab/lib/python3.10/site-packages/omni/logs/Kit/Isaac-Sim/4.2/kit_20260824_160119.log
2026-08-24 14:01:19 [0ms] [Warning] [omni.kit.app.plugin] No crash reporter present, dumps uploading isn't available.
2026-08-24 14:01:19 [8ms] [Warning] [omni.ext.plugin] [ext: containers] Extensions config 'extension.toml' doesn't exist '/home/sargapav/robot_rodeo_gym_ws/containers' or '/home/sargapav/robot_rodeo_gym_ws/containers/config'
2026-08-24 14:01:19 [8ms] [Warning] [omni.ext.plugin] [ext: src] Extensions config 'extension.toml' doesn't exist '/home/sargapav/robot_rodeo_gym_ws/src' or '/home/sargapav/robot_rodeo_gym_ws/src/config'
2026-08-24 14:01:19 [8ms] [Warning] [omni.ext.plugin] [ext: experiments] Extensions config 'extension.toml' doesn't exist '/home/sargapav/robot_rodeo_gym_ws/experiments' or '/home/sargapav/robot_rodeo_gym_ws/experiments/config'
2026-08-24 14:01:19 [8ms] [Warning] [omni.ext.plugin] [ext: configs] Extensions config 'extension.toml' doesn't exist '/home/sargapav/robot_rodeo_gym_ws/configs' or '/home/sargapav/robot_rodeo_gym_ws/configs/config'
2026-08-24 14:01:19 [8ms] [Warning] [omni.ext.plugin] [ext: logs] Extensions config 'extension.toml' doesn't exist '/home/sargapav/robot_rodeo_gym_ws/logs' or '/home/sargapav/robot_rodeo_gym_ws/logs/config'
2026-08-24 14:01:19 [8ms] [Warning] [omni.ext.plugin] [ext: notebooks] Extensions config 'extension.toml' doesn't exist '/home/sargapav/robot_rodeo_gym_ws/notebooks' or '/home/sargapav/robot_rodeo_gym_ws/notebooks/config'
2026-08-24 14:01:19 [8ms] [Warning] [omni.ext.plugin] [ext: secrets] Extensions config 'extension.toml' doesn't exist '/home/sargapav/robot_rodeo_gym_ws/secrets' or '/home/sargapav/robot_rodeo_gym_ws/secrets/config'
2026-08-24 14:01:19 [8ms] [Warning] [omni.ext.plugin] [ext: optuna] Extensions config 'extension.toml' doesn't exist '/home/sargapav/robot_rodeo_gym_ws/optuna' or '/home/sargapav/robot_rodeo_gym_ws/optuna/config'
2026-08-24 14:01:19 [8ms] [Warning] [omni.ext.plugin] [ext: slurm] Extensions config 'extension.toml' doesn't exist '/home/sargapav/robot_rodeo_gym_ws/slurm' or '/home/sargapav/robot_rodeo_gym_ws/slurm/config'
2026-08-24 14:01:19 [8ms] [Warning] [omni.ext.plugin] [ext: wandb] Extensions config 'extension.toml' doesn't exist '/home/sargapav/robot_rodeo_gym_ws/wandb' or '/home/sargapav/robot_rodeo_gym_ws/wandb/config'
2026-08-24 14:01:19 [8ms] [Warning] [omni.ext.plugin] [ext: scripts] Extensions config 'extension.toml' doesn't exist '/home/sargapav/robot_rodeo_gym_ws/scripts' or '/home/sargapav/robot_rodeo_gym_ws/scripts/config'
2026-08-24 14:01:19 [8ms] [Warning] [omni.ext.plugin] [ext: runs] Extensions config 'extension.toml' doesn't exist '/home/sargapav/robot_rodeo_gym_ws/runs' or '/home/sargapav/robot_rodeo_gym_ws/runs/config'
[0.489s] [ext: omni.kit.async_engine-0.0.1] startup
[0.895s] [ext: omni.stats-1.0.1] startup
[0.902s] [ext: omni.client-1.2.0] startup
[1.091s] [ext: omni.gpu_foundation.shadercache.vulkan-1.0.0] startup
[1.098s] [ext: omni.assets.plugins-0.0.0] startup
[1.117s] [ext: omni.gpu_foundation-0.0.0] startup
[1.296s] [ext: omni.kit.pipapi-0.0.0] startup
[1.298s] [ext: omni.materialx.libs-1.0.4] startup
[1.333s] [ext: omni.kit.pip_archive-0.0.0] startup
[1.334s] [ext: omni.usd.config-1.0.4] startup
[1.350s] [ext: omni.gpucompute.plugins-0.0.0] startup
[1.354s] [ext: omni.usd.libs-1.0.1] startup
[1.869s] [ext: omni.kit.telemetry-0.5.0] startup
[1.932s] [ext: omni.usd.schema.semantics-0.0.0] startup
[2.187s] [ext: omni.usd.schema.audio-0.0.0] startup
[2.224s] [ext: omni.usd.schema.physx-106.1.9] startup
[2.326s] [ext: carb.audio-0.1.0] startup
[2.369s] [ext: omni.kvdb-106.1.9] startup
[2.377s] [ext: omni.timeline-1.0.10] startup
[2.384s] [ext: omni.kit.actions.core-1.0.0] startup
[2.393s] [ext: omni.kit.audiodeviceenum-1.0.1] startup
[2.398s] [ext: omni.localcache-106.1.9] startup
[2.403s] [ext: omni.usd_resolver-1.0.0] startup
[2.413s] [ext: omni.kit.commands-1.4.9] startup
[2.424s] [ext: omni.graph.exec-0.9.4] startup
[2.427s] [ext: omni.usd.core-1.4.1] startup
[2.441s] [ext: omni.kit.usd_undo-0.1.8] startup
[2.442s] [ext: omni.kit.exec.core-0.13.4] startup
[2.452s] [ext: omni.convexdecomposition-106.1.9] startup
[2.463s] [ext: omni.usd-1.12.2] startup
[2.546s] [ext: omni.usdphysics-106.1.9] startup
[2.550s] [ext: omni.physx.foundation-106.1.9] startup
[2.567s] [ext: omni.kit.usd.layers-2.1.36] startup
[2.590s] [ext: omni.physx.cooking-106.1.9] startup
[2.607s] [ext: omni.blobkey-1.1.2] startup
[2.612s] [ext: omni.datastore-0.0.0] startup
[2.686s] [ext: omni.ujitso.default-1.0.0] startup
[2.697s] [ext: omni.hsscclient-1.1.1] startup
[2.712s] [ext: omni.kit.primitive.mesh-1.0.17] startup
[2.719s] [ext: usdrt.scenegraph-7.5.0] startup
[2.850s] [ext: omni.warp.core-1.2.1] startup
[2.976s] [ext: omni.physx-106.1.9] startup
[3.032s] [ext: omni.kit.stage_template.core-1.1.22] startup
[3.034s] [ext: omni.physx.stageupdate-106.1.9] startup
[3.041s] [ext: omni.kit.stage_templates-1.2.5] startup
[3.043s] [ext: omni.physics.tensors-106.1.9] startup
[3.056s] [ext: omni.isaac.version-1.1.0] startup
[3.058s] [ext: omni.physx.tensors-106.1.9] startup
[3.624s] [ext: omni.isaac.nucleus-0.3.1] startup
[3.626s] [ext: omni.kit.loop-isaac-1.2.0] startup
[3.630s] [ext: omni.isaac.core-3.19.5] startup
2026-08-24 14:01:24 [5,199ms] [Warning] [omni.platforminfo.plugin] failed to open the default display.  Can't verify X Server version.
2026-08-24 14:01:24 [5,201ms] [Warning] [omni.platforminfo.plugin] failed to load XRAndR.
[7.167s] [ext: omni.physx.fabric-106.1.9] startup
[7.189s] [ext: omni.isaac.kit-1.13.2] startup
[7.189s] [ext: omni.isaac.cloner-0.8.1] startup
[7.190s] [ext: isaaclab.python.headless-1.2.0] startup
[7.192s] Simulation App Starting
2026-08-24 14:01:26 [7,121ms] [Warning] [gpu.foundation.plugin] [ShaderCache]: Creating driver shaderCache directory failed: /opt/conda/envs/isaaclab/lib/python3.10/site-packages/omni/cache/nv_shadercache

|---------------------------------------------------------------------------------------------|
| Driver Version: 0             | Graphics API: Vulkan
|=============================================================================================|
| GPU | Name                             | Active | LDA | GPU Memory | Vendor-ID | LUID       |
|     |                                  |        |     |            | Device-ID | UUID       |
|     |                                  |        |     |            | Bus-ID    |            |
|=============================================================================================|
| OS: 13 (trixie) debian, Version: 13.00.0, Kernel: 4.18.0-553.51.1.el8_10.x86_64
| Processor: AMD EPYC 7763 64-Core Processor | Cores: 128 | Logical: 256
|---------------------------------------------------------------------------------------------|
| Total Memory (MB): 1031844 | Free Memory: 890762
| Total Page/Swap (MB): 0 | Free Page/Swap: 0
|---------------------------------------------------------------------------------------------|
2026-08-24 14:01:27 [7,993ms] [Warning] [omni.physx.foundation.plugin] PhysXFoundation: Couldn't get driver version, failed to getDeviceInfo
2026-08-24 14:01:27 [7,993ms] [Warning] [omni.physx.foundation.plugin] PhysXFoundation: Unable to get IGpuFoundation, GpuDevices or Graphics!
2026-08-24 14:01:27 [7,994ms] [Warning] [carb.cudainterop.plugin] CUDA_VISIBLE_DEVICES environment variable is set.
2026-08-24 14:01:27 [7,994ms] [Warning] [carb.cudainterop.plugin] Note CUDA device enumeration and Omniverse device enumeration are different.
2026-08-24 14:01:27 [7,994ms] [Warning] [carb.cudainterop.plugin] Setting CUDA_VISIBLE_DEVICES can lead to undesired behavior or crashes.
[9.331s] app ready
[INFO][AppLauncher]: Loading experience file: /opt/IsaacLab/source/extensions/omni.isaac.lab/omni/isaac/lab/app/../../../../../../apps/isaaclab.python.headless.kit
Starting kit application with the following args:  ['/opt/conda/envs/isaaclab/lib/python3.10/site-packages/isaacsim/exts/omni.isaac.kit/omni/isaac/kit/simulation_app.py', '/opt/IsaacLab/source/extensions/omni.isaac.lab/omni/isaac/lab/app/../../../../../../apps/isaaclab.python.headless.kit', '--/app/tokens/exe-path=/opt/conda/envs/isaaclab/lib/python3.10/site-packages/omni', '--/persistent/app/viewport/displayOptions=3094', '--/rtx/materialDb/syncLoads=True', '--/rtx/hydra/materialSyncLoads=True', '--/omni.kit.plugin/syncUsdLoads=True', '--/app/renderer/resolution/width=1280', '--/app/renderer/resolution/height=720', '--/app/window/width=1440', '--/app/window/height=900', '--/renderer/multiGpu/enabled=True', '--/app/fastShutdown=True', '--ext-folder', '/opt/conda/envs/isaaclab/lib/python3.10/site-packages/isaacsim/exts', '--ext-folder', '/opt/conda/envs/isaaclab/lib/python3.10/site-packages/isaacsim/apps', '--/renderer/activeGpu=0', '--/physics/cudaDevice=0', '--portable', '--no-window', '--/app/window/hideUi=True']
Passing the following args to the base kit application:  ['--config', '/ws/configs/baselines/marv_config_atd3qn.yaml', '--headless', 'total_frames=43909120', 'scheduler_opts.total_iters=480', 'epsilon_decay_iters=480']
[INFO] Respawn detected — loading config from previous attempt: /ws/logs/train_atd3qn_11396782/attempt_8/config.yaml
[9.502s] Simulation App Startup Complete
2026-08-24 14:01:34 [14,462ms] [Warning] [pxr.Semantics] pxr.Semantics is deprecated - please use Semantics instead
2026-08-24 14:01:36 [17,053ms] [Warning] [omni.isaac.lab.envs.direct_rl_env] Seed not set for the environment. The environment creation may not be deterministic.
2026-08-24 14:01:36 [17,095ms] [Warning] [omni.isaac.lab.envs.direct_rl_env] The render interval (5) is smaller than the decimation (20). Multiple multiple render calls will happen for each environment step.If this is not intended, set the render interval to be equal to the decimation.
Warp 1.2.1 initialized:
   CUDA Toolkit 11.8, Driver 12.9
   Devices:
     "cpu"      : "CPU"
     "cuda:0"   : "NVIDIA A100-SXM4-40GB" (39 GiB, sm_80, mempool enabled)
   Kernel cache:
     /home/sargapav/.cache/warp/1.2.1
[INFO]: Base environment:
	Environment device    : cuda:0
	Environment seed      : None
	Physics step-size     : 0.005
	Rendering step-size   : 0.025
	Environment step-size : 0.1
[INFO]: Time taken for scene creation : 1.147585 seconds
[INFO]: Scene manager:  <class InteractiveScene>
	Number of environments: 1024
	Environment spacing   : 0.0
	Source prim name      : /World/envs/env_0
	Global prim paths     : ['/World/terrain']
	Replicate physics     : True
[INFO]: Starting the simulation. This may take a few seconds. Please wait...
[INFO]: Time taken for simulation start : 17.786510 seconds
[INFO]: Completed setting up the environment...
2026-08-24 16:01:55,705 [RunLogger][[92mINFO[00m]: RunLogger initialized for run train_atd3qn_11396782_attempt_9 at /ws/logs/train_atd3qn_11396782/attempt_9 (logutils.py:105)
2026-08-24 16:02:03,053 [ftr_d3qn_train][[92mINFO[00m]: Seed: 42  (random check numpy check torch check cuda check) (train_d3qn.py:209)
2026-08-24 16:02:03,134 [ftr_d3qn_train][[93mWARNING[00m]: Found step (attempt_8) checkpoint: policy_step_19005440.pth / vecnorm_step_19005440.pth (train_d3qn.py:321)
2026-08-24 16:02:03,150 [ftr_d3qn_train][[92mINFO[00m]: Loaded policy from step (attempt_8) checkpoint (train_d3qn.py:325)
2026-08-24 16:02:03,155 [ftr_d3qn_train][[92mINFO[00m]: Loaded vecnorm from step (attempt_8) checkpoint (train_d3qn.py:330)
2026-08-24 16:02:03,155 [ftr_d3qn_train][[93mWARNING[00m]: Resuming from step (attempt_8) checkpoint — training may have inconsistent metrics. (train_d3qn.py:335)
2026-08-24 16:02:04,527 [ftr_d3qn_train][[92mINFO[00m]: Loaded training checkpoint: resuming from iteration 144, total_collected_frames=19005440 (train_d3qn.py:386)
2026-08-24 16:02:06,229 [ftr_d3qn_train][[92mINFO[00m]: Warm-started replay buffer with 666666 transitions from /ws/logs/train_atd3qn_11396782/attempt_8/weights/replay_buffer.pt (replay_buffer_io.py:102)
2026-08-24 16:02:06,230 [ftr_d3qn_train][[92mINFO[00m]: Initialized FtrD3QNTrainer. (train_d3qn.py:292)
2026-08-24 16:02:06,230 [ftr_d3qn_train][[92mINFO[00m]: Iteration size: 131072, batch_size: 8192, updates/iter: 64 (train_d3qn.py:470)
2026-08-24 16:02:06,236 [ftr_d3qn_train][[92mINFO[00m]: Resuming training — progress bar starting at 19005440 frames (iter_offset=144) (train_d3qn.py:483)
2026-08-24 16:03:42,198 [ftr_d3qn_train][[92mINFO[00m]: Saved replay subset: 666666/797738 transitions -> /ws/logs/train_atd3qn_11396782/attempt_9/weights/replay_buffer.pt (replay_buffer_io.py:69)
2026-08-24 16:27:57,305 [ftr_d3qn_train][[92mINFO[00m]: Saved replay subset: 666666/1846314 transitions -> /ws/logs/train_atd3qn_11396782/attempt_9/weights/replay_buffer.pt (replay_buffer_io.py:69)
2026-08-24 14:02:03 [43,505ms] [Warning] [ftr_d3qn_train] Found step (attempt_8) checkpoint: policy_step_19005440.pth / vecnorm_step_19005440.pth
2026-08-24 14:02:03 [43,526ms] [Warning] [ftr_d3qn_train] Resuming from step (attempt_8) checkpoint — training may have inconsistent metrics.
2026-08-24 16:41:45,594 [ftr_d3qn_train][[91mERROR[00m]: Training failed: CUDA error: an illegal memory access was encountered
CUDA kernel errors might be asynchronously reported at some other API call, so the stacktrace below might be incorrect.
For debugging consider passing CUDA_LAUNCH_BLOCKING=1
Compile with `TORCH_USE_CUDA_DSA` to enable device-side assertions.
 (train_d3qn.py:404)
2026-08-24 16:41:45,619 [ftr_d3qn_train][[91mERROR[00m]: RuntimeError detected — calling os._exit(75) to skip cleanup. (train_d3qn.py:407)
########################################################################
Python script finished with exit status: 75
########################################################################
Attempt collected 1048576 frames (job total: 20054016 / 62914560).
Exit code 75 detected (CUDA/W&B error). Respawning (attempt 11)...
########################################################################
Starting training (respawn #10 — 20054016/62914560 frames done, 42860544 to go)...
########################################################################
[Warning] [omni.isaac.kit.simulation_app] Modules: ['omni.kit_app'] were loaded before SimulationApp was started and might not be loaded correctly.
[Warning] [omni.isaac.kit.simulation_app] Please check to make sure no extra omniverse or pxr modules are imported before the call to SimulationApp(...)
[Info] [carb] Logging to file: /opt/conda/envs/isaaclab/lib/python3.10/site-packages/omni/logs/Kit/Isaac-Sim/4.2/kit_20260824_164158.log
2026-08-24 14:41:58 [0ms] [Warning] [omni.kit.app.plugin] No crash reporter present, dumps uploading isn't available.
2026-08-24 14:41:58 [6ms] [Warning] [omni.ext.plugin] [ext: containers] Extensions config 'extension.toml' doesn't exist '/home/sargapav/robot_rodeo_gym_ws/containers' or '/home/sargapav/robot_rodeo_gym_ws/containers/config'
2026-08-24 14:41:58 [6ms] [Warning] [omni.ext.plugin] [ext: notebooks] Extensions config 'extension.toml' doesn't exist '/home/sargapav/robot_rodeo_gym_ws/notebooks' or '/home/sargapav/robot_rodeo_gym_ws/notebooks/config'
2026-08-24 14:41:58 [6ms] [Warning] [omni.ext.plugin] [ext: optuna] Extensions config 'extension.toml' doesn't exist '/home/sargapav/robot_rodeo_gym_ws/optuna' or '/home/sargapav/robot_rodeo_gym_ws/optuna/config'
2026-08-24 14:41:58 [6ms] [Warning] [omni.ext.plugin] [ext: scripts] Extensions config 'extension.toml' doesn't exist '/home/sargapav/robot_rodeo_gym_ws/scripts' or '/home/sargapav/robot_rodeo_gym_ws/scripts/config'
2026-08-24 14:41:58 [6ms] [Warning] [omni.ext.plugin] [ext: src] Extensions config 'extension.toml' doesn't exist '/home/sargapav/robot_rodeo_gym_ws/src' or '/home/sargapav/robot_rodeo_gym_ws/src/config'
2026-08-24 14:41:58 [6ms] [Warning] [omni.ext.plugin] [ext: runs] Extensions config 'extension.toml' doesn't exist '/home/sargapav/robot_rodeo_gym_ws/runs' or '/home/sargapav/robot_rodeo_gym_ws/runs/config'
2026-08-24 14:41:58 [6ms] [Warning] [omni.ext.plugin] [ext: secrets] Extensions config 'extension.toml' doesn't exist '/home/sargapav/robot_rodeo_gym_ws/secrets' or '/home/sargapav/robot_rodeo_gym_ws/secrets/config'
2026-08-24 14:41:58 [6ms] [Warning] [omni.ext.plugin] [ext: wandb] Extensions config 'extension.toml' doesn't exist '/home/sargapav/robot_rodeo_gym_ws/wandb' or '/home/sargapav/robot_rodeo_gym_ws/wandb/config'
2026-08-24 14:41:58 [7ms] [Warning] [omni.ext.plugin] [ext: logs] Extensions config 'extension.toml' doesn't exist '/home/sargapav/robot_rodeo_gym_ws/logs' or '/home/sargapav/robot_rodeo_gym_ws/logs/config'
2026-08-24 14:41:58 [7ms] [Warning] [omni.ext.plugin] [ext: slurm] Extensions config 'extension.toml' doesn't exist '/home/sargapav/robot_rodeo_gym_ws/slurm' or '/home/sargapav/robot_rodeo_gym_ws/slurm/config'
2026-08-24 14:41:58 [7ms] [Warning] [omni.ext.plugin] [ext: configs] Extensions config 'extension.toml' doesn't exist '/home/sargapav/robot_rodeo_gym_ws/configs' or '/home/sargapav/robot_rodeo_gym_ws/configs/config'
2026-08-24 14:41:58 [7ms] [Warning] [omni.ext.plugin] [ext: experiments] Extensions config 'extension.toml' doesn't exist '/home/sargapav/robot_rodeo_gym_ws/experiments' or '/home/sargapav/robot_rodeo_gym_ws/experiments/config'
[0.335s] [ext: omni.kit.async_engine-0.0.1] startup
[0.717s] [ext: omni.stats-1.0.1] startup
[0.725s] [ext: omni.client-1.2.0] startup
[0.896s] [ext: omni.gpu_foundation.shadercache.vulkan-1.0.0] startup
[0.904s] [ext: omni.assets.plugins-0.0.0] startup
[0.925s] [ext: omni.gpu_foundation-0.0.0] startup
[1.098s] [ext: omni.kit.pipapi-0.0.0] startup
[1.099s] [ext: omni.materialx.libs-1.0.4] startup
[1.132s] [ext: omni.kit.pip_archive-0.0.0] startup
[1.133s] [ext: omni.usd.config-1.0.4] startup
[1.149s] [ext: omni.gpucompute.plugins-0.0.0] startup
[1.153s] [ext: omni.usd.libs-1.0.1] startup
[1.612s] [ext: omni.kit.telemetry-0.5.0] startup
[1.676s] [ext: omni.usd.schema.semantics-0.0.0] startup
[1.913s] [ext: omni.usd.schema.audio-0.0.0] startup
[1.948s] [ext: omni.usd.schema.physx-106.1.9] startup
[2.049s] [ext: carb.audio-0.1.0] startup
[2.091s] [ext: omni.kvdb-106.1.9] startup
[2.099s] [ext: omni.timeline-1.0.10] startup
[2.106s] [ext: omni.kit.actions.core-1.0.0] startup
[2.115s] [ext: omni.kit.audiodeviceenum-1.0.1] startup
[2.120s] [ext: omni.localcache-106.1.9] startup
[2.124s] [ext: omni.usd_resolver-1.0.0] startup
[2.136s] [ext: omni.kit.commands-1.4.9] startup
[2.146s] [ext: omni.graph.exec-0.9.4] startup
[2.149s] [ext: omni.usd.core-1.4.1] startup
[2.162s] [ext: omni.kit.usd_undo-0.1.8] startup
[2.163s] [ext: omni.kit.exec.core-0.13.4] startup
[2.173s] [ext: omni.convexdecomposition-106.1.9] startup
[2.184s] [ext: omni.usd-1.12.2] startup
[2.266s] [ext: omni.usdphysics-106.1.9] startup
[2.271s] [ext: omni.physx.foundation-106.1.9] startup
[2.287s] [ext: omni.kit.usd.layers-2.1.36] startup
[2.311s] [ext: omni.physx.cooking-106.1.9] startup
[2.329s] [ext: omni.blobkey-1.1.2] startup
[2.335s] [ext: omni.datastore-0.0.0] startup
[2.408s] [ext: omni.ujitso.default-1.0.0] startup
[2.419s] [ext: omni.hsscclient-1.1.1] startup
[2.435s] [ext: omni.kit.primitive.mesh-1.0.17] startup
[2.441s] [ext: usdrt.scenegraph-7.5.0] startup
[2.572s] [ext: omni.warp.core-1.2.1] startup
[2.701s] [ext: omni.physx-106.1.9] startup
[2.756s] [ext: omni.kit.stage_template.core-1.1.22] startup
[2.758s] [ext: omni.physx.stageupdate-106.1.9] startup
[2.764s] [ext: omni.kit.stage_templates-1.2.5] startup
[2.767s] [ext: omni.physics.tensors-106.1.9] startup
[2.780s] [ext: omni.isaac.version-1.1.0] startup
[2.781s] [ext: omni.physx.tensors-106.1.9] startup
[3.391s] [ext: omni.isaac.nucleus-0.3.1] startup
[3.393s] [ext: omni.kit.loop-isaac-1.2.0] startup
[3.397s] [ext: omni.isaac.core-3.19.5] startup
2026-08-24 14:42:03 [4,829ms] [Warning] [omni.platforminfo.plugin] failed to open the default display.  Can't verify X Server version.
2026-08-24 14:42:03 [4,831ms] [Warning] [omni.platforminfo.plugin] failed to load XRAndR.
[6.782s] [ext: omni.physx.fabric-106.1.9] startup
[6.798s] [ext: omni.isaac.kit-1.13.2] startup
[6.798s] [ext: omni.isaac.cloner-0.8.1] startup
[6.800s] [ext: isaaclab.python.headless-1.2.0] startup
[6.803s] Simulation App Starting
2026-08-24 14:42:05 [6,726ms] [Warning] [gpu.foundation.plugin] [ShaderCache]: Creating driver shaderCache directory failed: /opt/conda/envs/isaaclab/lib/python3.10/site-packages/omni/cache/nv_shadercache

|---------------------------------------------------------------------------------------------|
| Driver Version: 0             | Graphics API: Vulkan
|=============================================================================================|
| GPU | Name                             | Active | LDA | GPU Memory | Vendor-ID | LUID       |
|     |                                  |        |     |            | Device-ID | UUID       |
|     |                                  |        |     |            | Bus-ID    |            |
|=============================================================================================|
| OS: 13 (trixie) debian, Version: 13.00.0, Kernel: 4.18.0-553.51.1.el8_10.x86_64
| Processor: AMD EPYC 7763 64-Core Processor | Cores: 128 | Logical: 256
|---------------------------------------------------------------------------------------------|
| Total Memory (MB): 1031844 | Free Memory: 889782
| Total Page/Swap (MB): 0 | Free Page/Swap: 0
|---------------------------------------------------------------------------------------------|
2026-08-24 14:42:06 [7,520ms] [Warning] [omni.physx.foundation.plugin] PhysXFoundation: Couldn't get driver version, failed to getDeviceInfo
2026-08-24 14:42:06 [7,520ms] [Warning] [omni.physx.foundation.plugin] PhysXFoundation: Unable to get IGpuFoundation, GpuDevices or Graphics!
2026-08-24 14:42:06 [7,521ms] [Warning] [carb.cudainterop.plugin] CUDA_VISIBLE_DEVICES environment variable is set.
2026-08-24 14:42:06 [7,521ms] [Warning] [carb.cudainterop.plugin] Note CUDA device enumeration and Omniverse device enumeration are different.
2026-08-24 14:42:06 [7,521ms] [Warning] [carb.cudainterop.plugin] Setting CUDA_VISIBLE_DEVICES can lead to undesired behavior or crashes.
[8.738s] app ready
[INFO][AppLauncher]: Loading experience file: /opt/IsaacLab/source/extensions/omni.isaac.lab/omni/isaac/lab/app/../../../../../../apps/isaaclab.python.headless.kit
Starting kit application with the following args:  ['/opt/conda/envs/isaaclab/lib/python3.10/site-packages/isaacsim/exts/omni.isaac.kit/omni/isaac/kit/simulation_app.py', '/opt/IsaacLab/source/extensions/omni.isaac.lab/omni/isaac/lab/app/../../../../../../apps/isaaclab.python.headless.kit', '--/app/tokens/exe-path=/opt/conda/envs/isaaclab/lib/python3.10/site-packages/omni', '--/persistent/app/viewport/displayOptions=3094', '--/rtx/materialDb/syncLoads=True', '--/rtx/hydra/materialSyncLoads=True', '--/omni.kit.plugin/syncUsdLoads=True', '--/app/renderer/resolution/width=1280', '--/app/renderer/resolution/height=720', '--/app/window/width=1440', '--/app/window/height=900', '--/renderer/multiGpu/enabled=True', '--/app/fastShutdown=True', '--ext-folder', '/opt/conda/envs/isaaclab/lib/python3.10/site-packages/isaacsim/exts', '--ext-folder', '/opt/conda/envs/isaaclab/lib/python3.10/site-packages/isaacsim/apps', '--/renderer/activeGpu=0', '--/physics/cudaDevice=0', '--portable', '--no-window', '--/app/window/hideUi=True']
Passing the following args to the base kit application:  ['--config', '/ws/configs/baselines/marv_config_atd3qn.yaml', '--headless', 'total_frames=42860544', 'scheduler_opts.total_iters=480', 'epsilon_decay_iters=480']
[INFO] Respawn detected — loading config from previous attempt: /ws/logs/train_atd3qn_11396782/attempt_9/config.yaml
[8.907s] Simulation App Startup Complete
2026-08-24 14:42:12 [13,403ms] [Warning] [pxr.Semantics] pxr.Semantics is deprecated - please use Semantics instead
2026-08-24 14:42:14 [15,718ms] [Warning] [omni.isaac.lab.envs.direct_rl_env] Seed not set for the environment. The environment creation may not be deterministic.
2026-08-24 14:42:14 [15,758ms] [Warning] [omni.isaac.lab.envs.direct_rl_env] The render interval (5) is smaller than the decimation (20). Multiple multiple render calls will happen for each environment step.If this is not intended, set the render interval to be equal to the decimation.
Warp 1.2.1 initialized:
   CUDA Toolkit 11.8, Driver 12.9
   Devices:
     "cpu"      : "CPU"
     "cuda:0"   : "NVIDIA A100-SXM4-40GB" (39 GiB, sm_80, mempool enabled)
   Kernel cache:
     /home/sargapav/.cache/warp/1.2.1
[INFO]: Base environment:
	Environment device    : cuda:0
	Environment seed      : None
	Physics step-size     : 0.005
	Rendering step-size   : 0.025
	Environment step-size : 0.1
[INFO]: Time taken for scene creation : 0.995339 seconds
[INFO]: Scene manager:  <class InteractiveScene>
	Number of environments: 1024
	Environment spacing   : 0.0
	Source prim name      : /World/envs/env_0
	Global prim paths     : ['/World/terrain']
	Replicate physics     : True
[INFO]: Starting the simulation. This may take a few seconds. Please wait...
[INFO]: Time taken for simulation start : 17.217663 seconds
[INFO]: Completed setting up the environment...
2026-08-24 16:42:32,991 [RunLogger][[92mINFO[00m]: RunLogger initialized for run train_atd3qn_11396782_attempt_10 at /ws/logs/train_atd3qn_11396782/attempt_10 (logutils.py:105)
2026-08-24 16:42:40,103 [ftr_d3qn_train][[92mINFO[00m]: Seed: 42  (random check numpy check torch check cuda check) (train_d3qn.py:209)
2026-08-24 16:42:40,122 [ftr_d3qn_train][[93mWARNING[00m]: Found step (attempt_9) checkpoint: policy_step_20054016.pth / vecnorm_step_20054016.pth (train_d3qn.py:321)
2026-08-24 16:42:40,126 [ftr_d3qn_train][[92mINFO[00m]: Loaded policy from step (attempt_9) checkpoint (train_d3qn.py:325)
2026-08-24 16:42:40,127 [ftr_d3qn_train][[92mINFO[00m]: Loaded vecnorm from step (attempt_9) checkpoint (train_d3qn.py:330)
2026-08-24 16:42:40,127 [ftr_d3qn_train][[93mWARNING[00m]: Resuming from step (attempt_9) checkpoint — training may have inconsistent metrics. (train_d3qn.py:335)
2026-08-24 16:42:40,849 [ftr_d3qn_train][[92mINFO[00m]: Loaded training checkpoint: resuming from iteration 152, total_collected_frames=20054016 (train_d3qn.py:386)
2026-08-24 16:42:41,358 [ftr_d3qn_train][[92mINFO[00m]: Warm-started replay buffer with 666666 transitions from /ws/logs/train_atd3qn_11396782/attempt_9/weights/replay_buffer.pt (replay_buffer_io.py:102)
2026-08-24 16:42:41,361 [ftr_d3qn_train][[92mINFO[00m]: Initialized FtrD3QNTrainer. (train_d3qn.py:292)
2026-08-24 16:42:41,361 [ftr_d3qn_train][[92mINFO[00m]: Iteration size: 131072, batch_size: 8192, updates/iter: 64 (train_d3qn.py:470)
2026-08-24 16:42:41,365 [ftr_d3qn_train][[92mINFO[00m]: Resuming training — progress bar starting at 20054016 frames (iter_offset=152) (train_d3qn.py:483)
2026-08-24 16:44:22,229 [ftr_d3qn_train][[92mINFO[00m]: Saved replay subset: 666666/797738 transitions -> /ws/logs/train_atd3qn_11396782/attempt_10/weights/replay_buffer.pt (replay_buffer_io.py:69)
2026-08-24 17:08:44,593 [ftr_d3qn_train][[92mINFO[00m]: Saved replay subset: 666666/1846314 transitions -> /ws/logs/train_atd3qn_11396782/attempt_10/weights/replay_buffer.pt (replay_buffer_io.py:69)
2026-08-24 14:42:40 [41,147ms] [Warning] [ftr_d3qn_train] Found step (attempt_9) checkpoint: policy_step_20054016.pth / vecnorm_step_20054016.pth
2026-08-24 14:42:40 [41,152ms] [Warning] [ftr_d3qn_train] Resuming from step (attempt_9) checkpoint — training may have inconsistent metrics.
########################################################################
Python script finished with exit status: 75
########################################################################
Attempt collected 1048576 frames (job total: 21102592 / 62914560).
Exit code 75 detected (CUDA/W&B error). Respawning (attempt 12)...
########################################################################
Starting training (respawn #11 — 21102592/62914560 frames done, 41811968 to go)...
########################################################################
[Warning] [omni.isaac.kit.simulation_app] Modules: ['omni.kit_app'] were loaded before SimulationApp was started and might not be loaded correctly.
[Warning] [omni.isaac.kit.simulation_app] Please check to make sure no extra omniverse or pxr modules are imported before the call to SimulationApp(...)
[Info] [carb] Logging to file: /opt/conda/envs/isaaclab/lib/python3.10/site-packages/omni/logs/Kit/Isaac-Sim/4.2/kit_20260824_171358.log
2026-08-24 15:13:58 [0ms] [Warning] [omni.kit.app.plugin] No crash reporter present, dumps uploading isn't available.
2026-08-24 15:13:58 [5ms] [Warning] [omni.ext.plugin] [ext: containers] Extensions config 'extension.toml' doesn't exist '/home/sargapav/robot_rodeo_gym_ws/containers' or '/home/sargapav/robot_rodeo_gym_ws/containers/config'
2026-08-24 15:13:58 [6ms] [Warning] [omni.ext.plugin] [ext: notebooks] Extensions config 'extension.toml' doesn't exist '/home/sargapav/robot_rodeo_gym_ws/notebooks' or '/home/sargapav/robot_rodeo_gym_ws/notebooks/config'
2026-08-24 15:13:58 [6ms] [Warning] [omni.ext.plugin] [ext: secrets] Extensions config 'extension.toml' doesn't exist '/home/sargapav/robot_rodeo_gym_ws/secrets' or '/home/sargapav/robot_rodeo_gym_ws/secrets/config'
2026-08-24 15:13:58 [6ms] [Warning] [omni.ext.plugin] [ext: experiments] Extensions config 'extension.toml' doesn't exist '/home/sargapav/robot_rodeo_gym_ws/experiments' or '/home/sargapav/robot_rodeo_gym_ws/experiments/config'
2026-08-24 15:13:58 [6ms] [Warning] [omni.ext.plugin] [ext: logs] Extensions config 'extension.toml' doesn't exist '/home/sargapav/robot_rodeo_gym_ws/logs' or '/home/sargapav/robot_rodeo_gym_ws/logs/config'
2026-08-24 15:13:58 [6ms] [Warning] [omni.ext.plugin] [ext: src] Extensions config 'extension.toml' doesn't exist '/home/sargapav/robot_rodeo_gym_ws/src' or '/home/sargapav/robot_rodeo_gym_ws/src/config'
2026-08-24 15:13:58 [7ms] [Warning] [omni.ext.plugin] [ext: slurm] Extensions config 'extension.toml' doesn't exist '/home/sargapav/robot_rodeo_gym_ws/slurm' or '/home/sargapav/robot_rodeo_gym_ws/slurm/config'
2026-08-24 15:13:58 [7ms] [Warning] [omni.ext.plugin] [ext: wandb] Extensions config 'extension.toml' doesn't exist '/home/sargapav/robot_rodeo_gym_ws/wandb' or '/home/sargapav/robot_rodeo_gym_ws/wandb/config'
2026-08-24 15:13:58 [7ms] [Warning] [omni.ext.plugin] [ext: scripts] Extensions config 'extension.toml' doesn't exist '/home/sargapav/robot_rodeo_gym_ws/scripts' or '/home/sargapav/robot_rodeo_gym_ws/scripts/config'
2026-08-24 15:13:58 [7ms] [Warning] [omni.ext.plugin] [ext: optuna] Extensions config 'extension.toml' doesn't exist '/home/sargapav/robot_rodeo_gym_ws/optuna' or '/home/sargapav/robot_rodeo_gym_ws/optuna/config'
2026-08-24 15:13:58 [7ms] [Warning] [omni.ext.plugin] [ext: runs] Extensions config 'extension.toml' doesn't exist '/home/sargapav/robot_rodeo_gym_ws/runs' or '/home/sargapav/robot_rodeo_gym_ws/runs/config'
2026-08-24 15:13:58 [7ms] [Warning] [omni.ext.plugin] [ext: configs] Extensions config 'extension.toml' doesn't exist '/home/sargapav/robot_rodeo_gym_ws/configs' or '/home/sargapav/robot_rodeo_gym_ws/configs/config'
[0.317s] [ext: omni.kit.async_engine-0.0.1] startup
[0.726s] [ext: omni.stats-1.0.1] startup
[0.733s] [ext: omni.client-1.2.0] startup
[0.901s] [ext: omni.gpu_foundation.shadercache.vulkan-1.0.0] startup
[0.909s] [ext: omni.assets.plugins-0.0.0] startup
[0.926s] [ext: omni.gpu_foundation-0.0.0] startup
[1.093s] [ext: omni.kit.pipapi-0.0.0] startup
[1.094s] [ext: omni.materialx.libs-1.0.4] startup
[1.124s] [ext: omni.kit.pip_archive-0.0.0] startup
[1.125s] [ext: omni.usd.config-1.0.4] startup
[1.140s] [ext: omni.gpucompute.plugins-0.0.0] startup
[1.143s] [ext: omni.usd.libs-1.0.1] startup
[1.596s] [ext: omni.kit.telemetry-0.5.0] startup
[1.653s] [ext: omni.usd.schema.semantics-0.0.0] startup
[1.894s] [ext: omni.usd.schema.audio-0.0.0] startup
[1.929s] [ext: omni.usd.schema.physx-106.1.9] startup
[2.029s] [ext: carb.audio-0.1.0] startup
[2.068s] [ext: omni.kvdb-106.1.9] startup
[2.076s] [ext: omni.timeline-1.0.10] startup
[2.083s] [ext: omni.kit.actions.core-1.0.0] startup
[2.091s] [ext: omni.kit.audiodeviceenum-1.0.1] startup
[2.096s] [ext: omni.localcache-106.1.9] startup
[2.101s] [ext: omni.usd_resolver-1.0.0] startup
[2.112s] [ext: omni.kit.commands-1.4.9] startup
[2.122s] [ext: omni.graph.exec-0.9.4] startup
[2.125s] [ext: omni.usd.core-1.4.1] startup
[2.138s] [ext: omni.kit.usd_undo-0.1.8] startup
[2.139s] [ext: omni.kit.exec.core-0.13.4] startup
[2.148s] [ext: omni.convexdecomposition-106.1.9] startup
[2.159s] [ext: omni.usd-1.12.2] startup
[2.241s] [ext: omni.usdphysics-106.1.9] startup
[2.246s] [ext: omni.physx.foundation-106.1.9] startup
[2.262s] [ext: omni.kit.usd.layers-2.1.36] startup
[2.285s] [ext: omni.physx.cooking-106.1.9] startup
[2.303s] [ext: omni.blobkey-1.1.2] startup
[2.308s] [ext: omni.datastore-0.0.0] startup
[2.375s] [ext: omni.ujitso.default-1.0.0] startup
[2.385s] [ext: omni.hsscclient-1.1.1] startup
[2.399s] [ext: omni.kit.primitive.mesh-1.0.17] startup
[2.406s] [ext: usdrt.scenegraph-7.5.0] startup
[2.531s] [ext: omni.warp.core-1.2.1] startup
[2.657s] [ext: omni.physx-106.1.9] startup
[2.712s] [ext: omni.kit.stage_template.core-1.1.22] startup
[2.715s] [ext: omni.physx.stageupdate-106.1.9] startup
[2.721s] [ext: omni.kit.stage_templates-1.2.5] startup
[2.724s] [ext: omni.physics.tensors-106.1.9] startup
[2.737s] [ext: omni.isaac.version-1.1.0] startup
[2.738s] [ext: omni.physx.tensors-106.1.9] startup
[3.451s] [ext: omni.isaac.nucleus-0.3.1] startup
[3.453s] [ext: omni.kit.loop-isaac-1.2.0] startup
[3.458s] [ext: omni.isaac.core-3.19.5] startup
2026-08-24 15:14:02 [4,857ms] [Warning] [omni.platforminfo.plugin] failed to open the default display.  Can't verify X Server version.
2026-08-24 15:14:02 [4,859ms] [Warning] [omni.platforminfo.plugin] failed to load XRAndR.
[6.751s] [ext: omni.physx.fabric-106.1.9] startup
[6.768s] [ext: omni.isaac.kit-1.13.2] startup
[6.768s] [ext: omni.isaac.cloner-0.8.1] startup
[6.770s] [ext: isaaclab.python.headless-1.2.0] startup
[6.772s] Simulation App Starting
2026-08-24 15:14:04 [6,712ms] [Warning] [gpu.foundation.plugin] [ShaderCache]: Creating driver shaderCache directory failed: /opt/conda/envs/isaaclab/lib/python3.10/site-packages/omni/cache/nv_shadercache

|---------------------------------------------------------------------------------------------|
| Driver Version: 0             | Graphics API: Vulkan
|=============================================================================================|
| GPU | Name                             | Active | LDA | GPU Memory | Vendor-ID | LUID       |
|     |                                  |        |     |            | Device-ID | UUID       |
|     |                                  |        |     |            | Bus-ID    |            |
|=============================================================================================|
| OS: 13 (trixie) debian, Version: 13.00.0, Kernel: 4.18.0-553.51.1.el8_10.x86_64
| Processor: AMD EPYC 7763 64-Core Processor | Cores: 128 | Logical: 256
|---------------------------------------------------------------------------------------------|
| Total Memory (MB): 1031844 | Free Memory: 876579
| Total Page/Swap (MB): 0 | Free Page/Swap: 0
|---------------------------------------------------------------------------------------------|
2026-08-24 15:14:05 [7,477ms] [Warning] [omni.physx.foundation.plugin] PhysXFoundation: Couldn't get driver version, failed to getDeviceInfo
2026-08-24 15:14:05 [7,477ms] [Warning] [omni.physx.foundation.plugin] PhysXFoundation: Unable to get IGpuFoundation, GpuDevices or Graphics!
2026-08-24 15:14:05 [7,477ms] [Warning] [carb.cudainterop.plugin] CUDA_VISIBLE_DEVICES environment variable is set.
2026-08-24 15:14:05 [7,477ms] [Warning] [carb.cudainterop.plugin] Note CUDA device enumeration and Omniverse device enumeration are different.
2026-08-24 15:14:05 [7,477ms] [Warning] [carb.cudainterop.plugin] Setting CUDA_VISIBLE_DEVICES can lead to undesired behavior or crashes.
[8.657s] app ready
[INFO][AppLauncher]: Loading experience file: /opt/IsaacLab/source/extensions/omni.isaac.lab/omni/isaac/lab/app/../../../../../../apps/isaaclab.python.headless.kit
Starting kit application with the following args:  ['/opt/conda/envs/isaaclab/lib/python3.10/site-packages/isaacsim/exts/omni.isaac.kit/omni/isaac/kit/simulation_app.py', '/opt/IsaacLab/source/extensions/omni.isaac.lab/omni/isaac/lab/app/../../../../../../apps/isaaclab.python.headless.kit', '--/app/tokens/exe-path=/opt/conda/envs/isaaclab/lib/python3.10/site-packages/omni', '--/persistent/app/viewport/displayOptions=3094', '--/rtx/materialDb/syncLoads=True', '--/rtx/hydra/materialSyncLoads=True', '--/omni.kit.plugin/syncUsdLoads=True', '--/app/renderer/resolution/width=1280', '--/app/renderer/resolution/height=720', '--/app/window/width=1440', '--/app/window/height=900', '--/renderer/multiGpu/enabled=True', '--/app/fastShutdown=True', '--ext-folder', '/opt/conda/envs/isaaclab/lib/python3.10/site-packages/isaacsim/exts', '--ext-folder', '/opt/conda/envs/isaaclab/lib/python3.10/site-packages/isaacsim/apps', '--/renderer/activeGpu=0', '--/physics/cudaDevice=0', '--portable', '--no-window', '--/app/window/hideUi=True']
Passing the following args to the base kit application:  ['--config', '/ws/configs/baselines/marv_config_atd3qn.yaml', '--headless', 'total_frames=41811968', 'scheduler_opts.total_iters=480', 'epsilon_decay_iters=480']
[INFO] Respawn detected — loading config from previous attempt: /ws/logs/train_atd3qn_11396782/attempt_10/config.yaml
[8.829s] Simulation App Startup Complete
2026-08-24 15:14:11 [13,433ms] [Warning] [pxr.Semantics] pxr.Semantics is deprecated - please use Semantics instead
2026-08-24 15:14:13 [15,794ms] [Warning] [omni.isaac.lab.envs.direct_rl_env] Seed not set for the environment. The environment creation may not be deterministic.
2026-08-24 15:14:13 [15,837ms] [Warning] [omni.isaac.lab.envs.direct_rl_env] The render interval (5) is smaller than the decimation (20). Multiple multiple render calls will happen for each environment step.If this is not intended, set the render interval to be equal to the decimation.
Warp 1.2.1 initialized:
   CUDA Toolkit 11.8, Driver 12.9
   Devices:
     "cpu"      : "CPU"
     "cuda:0"   : "NVIDIA A100-SXM4-40GB" (39 GiB, sm_80, mempool enabled)
   Kernel cache:
     /home/sargapav/.cache/warp/1.2.1
[INFO]: Base environment:
	Environment device    : cuda:0
	Environment seed      : None
	Physics step-size     : 0.005
	Rendering step-size   : 0.025
	Environment step-size : 0.1
[INFO]: Time taken for scene creation : 0.949046 seconds
[INFO]: Scene manager:  <class InteractiveScene>
	Number of environments: 1024
	Environment spacing   : 0.0
	Source prim name      : /World/envs/env_0
	Global prim paths     : ['/World/terrain']
	Replicate physics     : True
[INFO]: Starting the simulation. This may take a few seconds. Please wait...
[INFO]: Time taken for simulation start : 17.887197 seconds
[INFO]: Completed setting up the environment...
2026-08-24 17:14:32,739 [RunLogger][[92mINFO[00m]: RunLogger initialized for run train_atd3qn_11396782_attempt_11 at /ws/logs/train_atd3qn_11396782/attempt_11 (logutils.py:105)
2026-08-24 17:14:40,086 [ftr_d3qn_train][[92mINFO[00m]: Seed: 42  (random check numpy check torch check cuda check) (train_d3qn.py:209)
2026-08-24 17:14:40,105 [ftr_d3qn_train][[93mWARNING[00m]: Found step (attempt_10) checkpoint: policy_step_21102592.pth / vecnorm_step_21102592.pth (train_d3qn.py:321)
2026-08-24 17:14:40,108 [ftr_d3qn_train][[92mINFO[00m]: Loaded policy from step (attempt_10) checkpoint (train_d3qn.py:325)
2026-08-24 17:14:40,109 [ftr_d3qn_train][[92mINFO[00m]: Loaded vecnorm from step (attempt_10) checkpoint (train_d3qn.py:330)
2026-08-24 17:14:40,109 [ftr_d3qn_train][[93mWARNING[00m]: Resuming from step (attempt_10) checkpoint — training may have inconsistent metrics. (train_d3qn.py:335)
2026-08-24 17:14:40,850 [ftr_d3qn_train][[92mINFO[00m]: Loaded training checkpoint: resuming from iteration 160, total_collected_frames=21102592 (train_d3qn.py:386)
2026-08-24 17:14:41,200 [ftr_d3qn_train][[92mINFO[00m]: Warm-started replay buffer with 666666 transitions from /ws/logs/train_atd3qn_11396782/attempt_10/weights/replay_buffer.pt (replay_buffer_io.py:102)
2026-08-24 17:14:41,208 [ftr_d3qn_train][[92mINFO[00m]: Initialized FtrD3QNTrainer. (train_d3qn.py:292)
2026-08-24 17:14:41,208 [ftr_d3qn_train][[92mINFO[00m]: Iteration size: 131072, batch_size: 8192, updates/iter: 64 (train_d3qn.py:470)
2026-08-24 17:14:41,209 [ftr_d3qn_train][[92mINFO[00m]: Resuming training — progress bar starting at 21102592 frames (iter_offset=160) (train_d3qn.py:483)
2026-08-24 17:16:17,599 [ftr_d3qn_train][[92mINFO[00m]: Saved replay subset: 666666/797738 transitions -> /ws/logs/train_atd3qn_11396782/attempt_11/weights/replay_buffer.pt (replay_buffer_io.py:69)
2026-08-24 17:40:47,381 [ftr_d3qn_train][[92mINFO[00m]: Saved replay subset: 666666/1846314 transitions -> /ws/logs/train_atd3qn_11396782/attempt_11/weights/replay_buffer.pt (replay_buffer_io.py:69)
2026-08-24 18:04:29,774 [ftr_d3qn_train][[92mINFO[00m]: Saved replay subset: 666666/2000000 transitions -> /ws/logs/train_atd3qn_11396782/attempt_11/weights/replay_buffer.pt (replay_buffer_io.py:69)
2026-08-24 15:14:40 [42,084ms] [Warning] [ftr_d3qn_train] Found step (attempt_10) checkpoint: policy_step_21102592.pth / vecnorm_step_21102592.pth
2026-08-24 15:14:40 [42,088ms] [Warning] [ftr_d3qn_train] Resuming from step (attempt_10) checkpoint — training may have inconsistent metrics.
########################################################################
Python script finished with exit status: 75
########################################################################
Attempt collected 2097152 frames (job total: 23199744 / 62914560).
Exit code 75 detected (CUDA/W&B error). Respawning (attempt 13)...
########################################################################
Starting training (respawn #12 — 23199744/62914560 frames done, 39714816 to go)...
########################################################################
[Warning] [omni.isaac.kit.simulation_app] Modules: ['omni.kit_app'] were loaded before SimulationApp was started and might not be loaded correctly.
[Warning] [omni.isaac.kit.simulation_app] Please check to make sure no extra omniverse or pxr modules are imported before the call to SimulationApp(...)
[Info] [carb] Logging to file: /opt/conda/envs/isaaclab/lib/python3.10/site-packages/omni/logs/Kit/Isaac-Sim/4.2/kit_20260824_181635.log
2026-08-24 16:16:35 [0ms] [Warning] [omni.kit.app.plugin] No crash reporter present, dumps uploading isn't available.
2026-08-24 16:16:35 [8ms] [Warning] [omni.ext.plugin] [ext: containers] Extensions config 'extension.toml' doesn't exist '/home/sargapav/robot_rodeo_gym_ws/containers' or '/home/sargapav/robot_rodeo_gym_ws/containers/config'
2026-08-24 16:16:35 [8ms] [Warning] [omni.ext.plugin] [ext: src] Extensions config 'extension.toml' doesn't exist '/home/sargapav/robot_rodeo_gym_ws/src' or '/home/sargapav/robot_rodeo_gym_ws/src/config'
2026-08-24 16:16:35 [8ms] [Warning] [omni.ext.plugin] [ext: notebooks] Extensions config 'extension.toml' doesn't exist '/home/sargapav/robot_rodeo_gym_ws/notebooks' or '/home/sargapav/robot_rodeo_gym_ws/notebooks/config'
2026-08-24 16:16:35 [8ms] [Warning] [omni.ext.plugin] [ext: experiments] Extensions config 'extension.toml' doesn't exist '/home/sargapav/robot_rodeo_gym_ws/experiments' or '/home/sargapav/robot_rodeo_gym_ws/experiments/config'
2026-08-24 16:16:35 [8ms] [Warning] [omni.ext.plugin] [ext: optuna] Extensions config 'extension.toml' doesn't exist '/home/sargapav/robot_rodeo_gym_ws/optuna' or '/home/sargapav/robot_rodeo_gym_ws/optuna/config'
2026-08-24 16:16:35 [8ms] [Warning] [omni.ext.plugin] [ext: configs] Extensions config 'extension.toml' doesn't exist '/home/sargapav/robot_rodeo_gym_ws/configs' or '/home/sargapav/robot_rodeo_gym_ws/configs/config'
2026-08-24 16:16:35 [8ms] [Warning] [omni.ext.plugin] [ext: logs] Extensions config 'extension.toml' doesn't exist '/home/sargapav/robot_rodeo_gym_ws/logs' or '/home/sargapav/robot_rodeo_gym_ws/logs/config'
2026-08-24 16:16:35 [8ms] [Warning] [omni.ext.plugin] [ext: runs] Extensions config 'extension.toml' doesn't exist '/home/sargapav/robot_rodeo_gym_ws/runs' or '/home/sargapav/robot_rodeo_gym_ws/runs/config'
2026-08-24 16:16:35 [8ms] [Warning] [omni.ext.plugin] [ext: scripts] Extensions config 'extension.toml' doesn't exist '/home/sargapav/robot_rodeo_gym_ws/scripts' or '/home/sargapav/robot_rodeo_gym_ws/scripts/config'
2026-08-24 16:16:35 [8ms] [Warning] [omni.ext.plugin] [ext: secrets] Extensions config 'extension.toml' doesn't exist '/home/sargapav/robot_rodeo_gym_ws/secrets' or '/home/sargapav/robot_rodeo_gym_ws/secrets/config'
2026-08-24 16:16:35 [8ms] [Warning] [omni.ext.plugin] [ext: slurm] Extensions config 'extension.toml' doesn't exist '/home/sargapav/robot_rodeo_gym_ws/slurm' or '/home/sargapav/robot_rodeo_gym_ws/slurm/config'
2026-08-24 16:16:35 [8ms] [Warning] [omni.ext.plugin] [ext: wandb] Extensions config 'extension.toml' doesn't exist '/home/sargapav/robot_rodeo_gym_ws/wandb' or '/home/sargapav/robot_rodeo_gym_ws/wandb/config'
[0.349s] [ext: omni.kit.async_engine-0.0.1] startup
[0.750s] [ext: omni.stats-1.0.1] startup
[0.757s] [ext: omni.client-1.2.0] startup
[0.925s] [ext: omni.gpu_foundation.shadercache.vulkan-1.0.0] startup
[0.932s] [ext: omni.assets.plugins-0.0.0] startup
[0.948s] [ext: omni.gpu_foundation-0.0.0] startup
[1.119s] [ext: omni.kit.pipapi-0.0.0] startup
[1.121s] [ext: omni.materialx.libs-1.0.4] startup
[1.150s] [ext: omni.kit.pip_archive-0.0.0] startup
[1.151s] [ext: omni.usd.config-1.0.4] startup
[1.166s] [ext: omni.gpucompute.plugins-0.0.0] startup
[1.169s] [ext: omni.usd.libs-1.0.1] startup
[1.621s] [ext: omni.kit.telemetry-0.5.0] startup
[1.679s] [ext: omni.usd.schema.semantics-0.0.0] startup
[1.917s] [ext: omni.usd.schema.audio-0.0.0] startup
[1.952s] [ext: omni.usd.schema.physx-106.1.9] startup
[2.052s] [ext: carb.audio-0.1.0] startup
[2.094s] [ext: omni.kvdb-106.1.9] startup
[2.102s] [ext: omni.timeline-1.0.10] startup
[2.109s] [ext: omni.kit.actions.core-1.0.0] startup
[2.118s] [ext: omni.kit.audiodeviceenum-1.0.1] startup
[2.123s] [ext: omni.localcache-106.1.9] startup
[2.129s] [ext: omni.usd_resolver-1.0.0] startup
[2.140s] [ext: omni.kit.commands-1.4.9] startup
[2.150s] [ext: omni.graph.exec-0.9.4] startup
[2.153s] [ext: omni.usd.core-1.4.1] startup
[2.166s] [ext: omni.kit.usd_undo-0.1.8] startup
[2.167s] [ext: omni.kit.exec.core-0.13.4] startup
[2.177s] [ext: omni.convexdecomposition-106.1.9] startup
[2.188s] [ext: omni.usd-1.12.2] startup
[2.273s] [ext: omni.usdphysics-106.1.9] startup
[2.277s] [ext: omni.physx.foundation-106.1.9] startup
[2.293s] [ext: omni.kit.usd.layers-2.1.36] startup
[2.315s] [ext: omni.physx.cooking-106.1.9] startup
[2.332s] [ext: omni.blobkey-1.1.2] startup
[2.337s] [ext: omni.datastore-0.0.0] startup
[2.408s] [ext: omni.ujitso.default-1.0.0] startup
[2.418s] [ext: omni.hsscclient-1.1.1] startup
[2.433s] [ext: omni.kit.primitive.mesh-1.0.17] startup
[2.439s] [ext: usdrt.scenegraph-7.5.0] startup
[2.568s] [ext: omni.warp.core-1.2.1] startup
[2.694s] [ext: omni.physx-106.1.9] startup
[2.752s] [ext: omni.kit.stage_template.core-1.1.22] startup
[2.754s] [ext: omni.physx.stageupdate-106.1.9] startup
[2.760s] [ext: omni.kit.stage_templates-1.2.5] startup
[2.763s] [ext: omni.physics.tensors-106.1.9] startup
[2.775s] [ext: omni.isaac.version-1.1.0] startup
[2.777s] [ext: omni.physx.tensors-106.1.9] startup
[3.472s] [ext: omni.isaac.nucleus-0.3.1] startup
[3.474s] [ext: omni.kit.loop-isaac-1.2.0] startup
[3.479s] [ext: omni.isaac.core-3.19.5] startup
2026-08-24 16:16:40 [4,938ms] [Warning] [omni.platforminfo.plugin] failed to open the default display.  Can't verify X Server version.
2026-08-24 16:16:40 [4,940ms] [Warning] [omni.platforminfo.plugin] failed to load XRAndR.
[6.862s] [ext: omni.physx.fabric-106.1.9] startup
[6.878s] [ext: omni.isaac.kit-1.13.2] startup
[6.879s] [ext: omni.isaac.cloner-0.8.1] startup
[6.880s] [ext: isaaclab.python.headless-1.2.0] startup
[6.882s] Simulation App Starting
2026-08-24 16:16:42 [6,813ms] [Warning] [gpu.foundation.plugin] [ShaderCache]: Creating driver shaderCache directory failed: /opt/conda/envs/isaaclab/lib/python3.10/site-packages/omni/cache/nv_shadercache

|---------------------------------------------------------------------------------------------|
| Driver Version: 0             | Graphics API: Vulkan
|=============================================================================================|
| GPU | Name                             | Active | LDA | GPU Memory | Vendor-ID | LUID       |
|     |                                  |        |     |            | Device-ID | UUID       |
|     |                                  |        |     |            | Bus-ID    |            |
|=============================================================================================|
| OS: 13 (trixie) debian, Version: 13.1664036913.1768320623, Kernel: 4.18.0-553.51.1.el8_10.x86_64
| Processor: AMD EPYC 7763 64-Core Processor | Cores: 128 | Logical: 256
|---------------------------------------------------------------------------------------------|
| Total Memory (MB): 1031844 | Free Memory: 889981
| Total Page/Swap (MB): 0 | Free Page/Swap: 0
|---------------------------------------------------------------------------------------------|
2026-08-24 16:16:42 [7,609ms] [Warning] [omni.physx.foundation.plugin] PhysXFoundation: Couldn't get driver version, failed to getDeviceInfo
2026-08-24 16:16:42 [7,609ms] [Warning] [omni.physx.foundation.plugin] PhysXFoundation: Unable to get IGpuFoundation, GpuDevices or Graphics!
2026-08-24 16:16:42 [7,609ms] [Warning] [carb.cudainterop.plugin] CUDA_VISIBLE_DEVICES environment variable is set.
2026-08-24 16:16:42 [7,609ms] [Warning] [carb.cudainterop.plugin] Note CUDA device enumeration and Omniverse device enumeration are different.
2026-08-24 16:16:42 [7,609ms] [Warning] [carb.cudainterop.plugin] Setting CUDA_VISIBLE_DEVICES can lead to undesired behavior or crashes.
[8.873s] app ready
[INFO][AppLauncher]: Loading experience file: /opt/IsaacLab/source/extensions/omni.isaac.lab/omni/isaac/lab/app/../../../../../../apps/isaaclab.python.headless.kit
Starting kit application with the following args:  ['/opt/conda/envs/isaaclab/lib/python3.10/site-packages/isaacsim/exts/omni.isaac.kit/omni/isaac/kit/simulation_app.py', '/opt/IsaacLab/source/extensions/omni.isaac.lab/omni/isaac/lab/app/../../../../../../apps/isaaclab.python.headless.kit', '--/app/tokens/exe-path=/opt/conda/envs/isaaclab/lib/python3.10/site-packages/omni', '--/persistent/app/viewport/displayOptions=3094', '--/rtx/materialDb/syncLoads=True', '--/rtx/hydra/materialSyncLoads=True', '--/omni.kit.plugin/syncUsdLoads=True', '--/app/renderer/resolution/width=1280', '--/app/renderer/resolution/height=720', '--/app/window/width=1440', '--/app/window/height=900', '--/renderer/multiGpu/enabled=True', '--/app/fastShutdown=True', '--ext-folder', '/opt/conda/envs/isaaclab/lib/python3.10/site-packages/isaacsim/exts', '--ext-folder', '/opt/conda/envs/isaaclab/lib/python3.10/site-packages/isaacsim/apps', '--/renderer/activeGpu=0', '--/physics/cudaDevice=0', '--portable', '--no-window', '--/app/window/hideUi=True']
Passing the following args to the base kit application:  ['--config', '/ws/configs/baselines/marv_config_atd3qn.yaml', '--headless', 'total_frames=39714816', 'scheduler_opts.total_iters=480', 'epsilon_decay_iters=480']
[INFO] Respawn detected — loading config from previous attempt: /ws/logs/train_atd3qn_11396782/attempt_11/config.yaml
[9.065s] Simulation App Startup Complete
2026-08-24 16:16:49 [13,910ms] [Warning] [pxr.Semantics] pxr.Semantics is deprecated - please use Semantics instead
2026-08-24 16:16:51 [16,298ms] [Warning] [omni.isaac.lab.envs.direct_rl_env] Seed not set for the environment. The environment creation may not be deterministic.
2026-08-24 16:16:51 [16,341ms] [Warning] [omni.isaac.lab.envs.direct_rl_env] The render interval (5) is smaller than the decimation (20). Multiple multiple render calls will happen for each environment step.If this is not intended, set the render interval to be equal to the decimation.
Warp 1.2.1 initialized:
   CUDA Toolkit 11.8, Driver 12.9
   Devices:
     "cpu"      : "CPU"
     "cuda:0"   : "NVIDIA A100-SXM4-40GB" (39 GiB, sm_80, mempool enabled)
   Kernel cache:
     /home/sargapav/.cache/warp/1.2.1
[INFO]: Base environment:
	Environment device    : cuda:0
	Environment seed      : None
	Physics step-size     : 0.005
	Rendering step-size   : 0.025
	Environment step-size : 0.1
[INFO]: Time taken for scene creation : 1.038495 seconds
[INFO]: Scene manager:  <class InteractiveScene>
	Number of environments: 1024
	Environment spacing   : 0.0
	Source prim name      : /World/envs/env_0
	Global prim paths     : ['/World/terrain']
	Replicate physics     : True
[INFO]: Starting the simulation. This may take a few seconds. Please wait...
[INFO]: Time taken for simulation start : 16.406399 seconds
[INFO]: Completed setting up the environment...
2026-08-24 18:17:09,192 [RunLogger][[92mINFO[00m]: RunLogger initialized for run train_atd3qn_11396782_attempt_12 at /ws/logs/train_atd3qn_11396782/attempt_12 (logutils.py:105)
2026-08-24 18:17:16,428 [ftr_d3qn_train][[92mINFO[00m]: Seed: 42  (random check numpy check torch check cuda check) (train_d3qn.py:209)
2026-08-24 18:17:16,453 [ftr_d3qn_train][[93mWARNING[00m]: Found step (attempt_11) checkpoint: policy_step_23199744.pth / vecnorm_step_23199744.pth (train_d3qn.py:321)
2026-08-24 18:17:16,458 [ftr_d3qn_train][[92mINFO[00m]: Loaded policy from step (attempt_11) checkpoint (train_d3qn.py:325)
2026-08-24 18:17:16,459 [ftr_d3qn_train][[92mINFO[00m]: Loaded vecnorm from step (attempt_11) checkpoint (train_d3qn.py:330)
2026-08-24 18:17:16,459 [ftr_d3qn_train][[93mWARNING[00m]: Resuming from step (attempt_11) checkpoint — training may have inconsistent metrics. (train_d3qn.py:335)
2026-08-24 18:17:17,235 [ftr_d3qn_train][[92mINFO[00m]: Loaded training checkpoint: resuming from iteration 176, total_collected_frames=23199744 (train_d3qn.py:386)
2026-08-24 18:17:17,805 [ftr_d3qn_train][[92mINFO[00m]: Warm-started replay buffer with 666666 transitions from /ws/logs/train_atd3qn_11396782/attempt_11/weights/replay_buffer.pt (replay_buffer_io.py:102)
2026-08-24 18:17:17,806 [ftr_d3qn_train][[92mINFO[00m]: Initialized FtrD3QNTrainer. (train_d3qn.py:292)
2026-08-24 18:17:17,806 [ftr_d3qn_train][[92mINFO[00m]: Iteration size: 131072, batch_size: 8192, updates/iter: 64 (train_d3qn.py:470)
2026-08-24 18:17:17,812 [ftr_d3qn_train][[92mINFO[00m]: Resuming training — progress bar starting at 23199744 frames (iter_offset=176) (train_d3qn.py:483)
2026-08-24 18:18:55,533 [ftr_d3qn_train][[92mINFO[00m]: Saved replay subset: 666666/797738 transitions -> /ws/logs/train_atd3qn_11396782/attempt_12/weights/replay_buffer.pt (replay_buffer_io.py:69)
2026-08-24 18:43:26,790 [ftr_d3qn_train][[92mINFO[00m]: Saved replay subset: 666666/1846314 transitions -> /ws/logs/train_atd3qn_11396782/attempt_12/weights/replay_buffer.pt (replay_buffer_io.py:69)
2026-08-24 19:08:01,712 [ftr_d3qn_train][[92mINFO[00m]: Saved replay subset: 666666/2000000 transitions -> /ws/logs/train_atd3qn_11396782/attempt_12/weights/replay_buffer.pt (replay_buffer_io.py:69)
2026-08-24 19:32:42,474 [ftr_d3qn_train][[92mINFO[00m]: Saved replay subset: 666666/2000000 transitions -> /ws/logs/train_atd3qn_11396782/attempt_12/weights/replay_buffer.pt (replay_buffer_io.py:69)
2026-08-24 19:57:20,028 [ftr_d3qn_train][[92mINFO[00m]: Saved replay subset: 666666/2000000 transitions -> /ws/logs/train_atd3qn_11396782/attempt_12/weights/replay_buffer.pt (replay_buffer_io.py:69)
2026-08-24 20:21:54,413 [ftr_d3qn_train][[92mINFO[00m]: Saved replay subset: 666666/2000000 transitions -> /ws/logs/train_atd3qn_11396782/attempt_12/weights/replay_buffer.pt (replay_buffer_io.py:69)
2026-08-24 20:46:39,771 [ftr_d3qn_train][[92mINFO[00m]: Saved replay subset: 666666/2000000 transitions -> /ws/logs/train_atd3qn_11396782/attempt_12/weights/replay_buffer.pt (replay_buffer_io.py:69)
2026-08-24 21:11:00,847 [ftr_d3qn_train][[92mINFO[00m]: Saved replay subset: 666666/2000000 transitions -> /ws/logs/train_atd3qn_11396782/attempt_12/weights/replay_buffer.pt (replay_buffer_io.py:69)
2026-08-24 21:35:31,658 [ftr_d3qn_train][[92mINFO[00m]: Saved replay subset: 666666/2000000 transitions -> /ws/logs/train_atd3qn_11396782/attempt_12/weights/replay_buffer.pt (replay_buffer_io.py:69)
2026-08-24 22:00:14,206 [ftr_d3qn_train][[92mINFO[00m]: Saved replay subset: 666666/2000000 transitions -> /ws/logs/train_atd3qn_11396782/attempt_12/weights/replay_buffer.pt (replay_buffer_io.py:69)
2026-08-24 22:25:07,140 [ftr_d3qn_train][[92mINFO[00m]: Saved replay subset: 666666/2000000 transitions -> /ws/logs/train_atd3qn_11396782/attempt_12/weights/replay_buffer.pt (replay_buffer_io.py:69)
2026-08-24 22:49:33,824 [ftr_d3qn_train][[92mINFO[00m]: Saved replay subset: 666666/2000000 transitions -> /ws/logs/train_atd3qn_11396782/attempt_12/weights/replay_buffer.pt (replay_buffer_io.py:69)
2026-08-24 23:13:34,071 [ftr_d3qn_train][[92mINFO[00m]: Saved replay subset: 666666/2000000 transitions -> /ws/logs/train_atd3qn_11396782/attempt_12/weights/replay_buffer.pt (replay_buffer_io.py:69)
2026-08-24 16:17:16 [41,093ms] [Warning] [ftr_d3qn_train] Found step (attempt_11) checkpoint: policy_step_23199744.pth / vecnorm_step_23199744.pth
2026-08-24 16:17:16 [41,099ms] [Warning] [ftr_d3qn_train] Resuming from step (attempt_11) checkpoint — training may have inconsistent metrics.
########################################################################
Python script finished with exit status: 75
########################################################################
Attempt collected 12582912 frames (job total: 35782656 / 62914560).
Exit code 75 detected (CUDA/W&B error). Respawning (attempt 14)...
########################################################################
Starting training (respawn #13 — 35782656/62914560 frames done, 27131904 to go)...
########################################################################
[Warning] [omni.isaac.kit.simulation_app] Modules: ['omni.kit_app'] were loaded before SimulationApp was started and might not be loaded correctly.
[Warning] [omni.isaac.kit.simulation_app] Please check to make sure no extra omniverse or pxr modules are imported before the call to SimulationApp(...)
[Info] [carb] Logging to file: /opt/conda/envs/isaaclab/lib/python3.10/site-packages/omni/logs/Kit/Isaac-Sim/4.2/kit_20260824_231544.log
2026-08-24 21:15:44 [0ms] [Warning] [omni.kit.app.plugin] No crash reporter present, dumps uploading isn't available.
2026-08-24 21:15:44 [7ms] [Warning] [omni.ext.plugin] [ext: src] Extensions config 'extension.toml' doesn't exist '/home/sargapav/robot_rodeo_gym_ws/src' or '/home/sargapav/robot_rodeo_gym_ws/src/config'
2026-08-24 21:15:44 [7ms] [Warning] [omni.ext.plugin] [ext: logs] Extensions config 'extension.toml' doesn't exist '/home/sargapav/robot_rodeo_gym_ws/logs' or '/home/sargapav/robot_rodeo_gym_ws/logs/config'
2026-08-24 21:15:44 [7ms] [Warning] [omni.ext.plugin] [ext: containers] Extensions config 'extension.toml' doesn't exist '/home/sargapav/robot_rodeo_gym_ws/containers' or '/home/sargapav/robot_rodeo_gym_ws/containers/config'
2026-08-24 21:15:44 [7ms] [Warning] [omni.ext.plugin] [ext: experiments] Extensions config 'extension.toml' doesn't exist '/home/sargapav/robot_rodeo_gym_ws/experiments' or '/home/sargapav/robot_rodeo_gym_ws/experiments/config'
2026-08-24 21:15:44 [7ms] [Warning] [omni.ext.plugin] [ext: configs] Extensions config 'extension.toml' doesn't exist '/home/sargapav/robot_rodeo_gym_ws/configs' or '/home/sargapav/robot_rodeo_gym_ws/configs/config'
2026-08-24 21:15:44 [7ms] [Warning] [omni.ext.plugin] [ext: notebooks] Extensions config 'extension.toml' doesn't exist '/home/sargapav/robot_rodeo_gym_ws/notebooks' or '/home/sargapav/robot_rodeo_gym_ws/notebooks/config'
2026-08-24 21:15:44 [7ms] [Warning] [omni.ext.plugin] [ext: wandb] Extensions config 'extension.toml' doesn't exist '/home/sargapav/robot_rodeo_gym_ws/wandb' or '/home/sargapav/robot_rodeo_gym_ws/wandb/config'
2026-08-24 21:15:44 [8ms] [Warning] [omni.ext.plugin] [ext: optuna] Extensions config 'extension.toml' doesn't exist '/home/sargapav/robot_rodeo_gym_ws/optuna' or '/home/sargapav/robot_rodeo_gym_ws/optuna/config'
2026-08-24 21:15:44 [8ms] [Warning] [omni.ext.plugin] [ext: scripts] Extensions config 'extension.toml' doesn't exist '/home/sargapav/robot_rodeo_gym_ws/scripts' or '/home/sargapav/robot_rodeo_gym_ws/scripts/config'
2026-08-24 21:15:44 [8ms] [Warning] [omni.ext.plugin] [ext: slurm] Extensions config 'extension.toml' doesn't exist '/home/sargapav/robot_rodeo_gym_ws/slurm' or '/home/sargapav/robot_rodeo_gym_ws/slurm/config'
2026-08-24 21:15:44 [8ms] [Warning] [omni.ext.plugin] [ext: runs] Extensions config 'extension.toml' doesn't exist '/home/sargapav/robot_rodeo_gym_ws/runs' or '/home/sargapav/robot_rodeo_gym_ws/runs/config'
2026-08-24 21:15:44 [8ms] [Warning] [omni.ext.plugin] [ext: secrets] Extensions config 'extension.toml' doesn't exist '/home/sargapav/robot_rodeo_gym_ws/secrets' or '/home/sargapav/robot_rodeo_gym_ws/secrets/config'
[0.417s] [ext: omni.kit.async_engine-0.0.1] startup
[0.823s] [ext: omni.stats-1.0.1] startup
[0.830s] [ext: omni.client-1.2.0] startup
[1.032s] [ext: omni.gpu_foundation.shadercache.vulkan-1.0.0] startup
[1.040s] [ext: omni.assets.plugins-0.0.0] startup
[1.060s] [ext: omni.gpu_foundation-0.0.0] startup
[1.254s] [ext: omni.kit.pipapi-0.0.0] startup
[1.255s] [ext: omni.materialx.libs-1.0.4] startup
[1.289s] [ext: omni.kit.pip_archive-0.0.0] startup
[1.290s] [ext: omni.usd.config-1.0.4] startup
[1.305s] [ext: omni.gpucompute.plugins-0.0.0] startup
[1.309s] [ext: omni.usd.libs-1.0.1] startup
[1.826s] [ext: omni.kit.telemetry-0.5.0] startup
[1.884s] [ext: omni.usd.schema.semantics-0.0.0] startup
[2.136s] [ext: omni.usd.schema.audio-0.0.0] startup
[2.173s] [ext: omni.usd.schema.physx-106.1.9] startup
[2.282s] [ext: carb.audio-0.1.0] startup
[2.324s] [ext: omni.kvdb-106.1.9] startup
[2.333s] [ext: omni.timeline-1.0.10] startup
[2.340s] [ext: omni.kit.actions.core-1.0.0] startup
[2.350s] [ext: omni.kit.audiodeviceenum-1.0.1] startup
[2.356s] [ext: omni.localcache-106.1.9] startup
[2.360s] [ext: omni.usd_resolver-1.0.0] startup
[2.372s] [ext: omni.kit.commands-1.4.9] startup
[2.383s] [ext: omni.graph.exec-0.9.4] startup
[2.386s] [ext: omni.usd.core-1.4.1] startup
[2.400s] [ext: omni.kit.usd_undo-0.1.8] startup
[2.401s] [ext: omni.kit.exec.core-0.13.4] startup
[2.413s] [ext: omni.convexdecomposition-106.1.9] startup
[2.425s] [ext: omni.usd-1.12.2] startup
[2.510s] [ext: omni.usdphysics-106.1.9] startup
[2.514s] [ext: omni.physx.foundation-106.1.9] startup
[2.533s] [ext: omni.kit.usd.layers-2.1.36] startup
[2.556s] [ext: omni.physx.cooking-106.1.9] startup
[2.575s] [ext: omni.blobkey-1.1.2] startup
[2.580s] [ext: omni.datastore-0.0.0] startup
[2.659s] [ext: omni.ujitso.default-1.0.0] startup
[2.671s] [ext: omni.hsscclient-1.1.1] startup
[2.687s] [ext: omni.kit.primitive.mesh-1.0.17] startup
[2.693s] [ext: usdrt.scenegraph-7.5.0] startup
[2.831s] [ext: omni.warp.core-1.2.1] startup
[2.959s] [ext: omni.physx-106.1.9] startup
[3.020s] [ext: omni.kit.stage_template.core-1.1.22] startup
[3.023s] [ext: omni.physx.stageupdate-106.1.9] startup
[3.030s] [ext: omni.kit.stage_templates-1.2.5] startup
[3.033s] [ext: omni.physics.tensors-106.1.9] startup
[3.046s] [ext: omni.isaac.version-1.1.0] startup
[3.047s] [ext: omni.physx.tensors-106.1.9] startup
[3.758s] [ext: omni.isaac.nucleus-0.3.1] startup
[3.760s] [ext: omni.kit.loop-isaac-1.2.0] startup
[3.765s] [ext: omni.isaac.core-3.19.5] startup
2026-08-24 21:15:50 [5,356ms] [Warning] [omni.platforminfo.plugin] failed to open the default display.  Can't verify X Server version.
2026-08-24 21:15:50 [5,358ms] [Warning] [omni.platforminfo.plugin] failed to load XRAndR.
[7.416s] [ext: omni.physx.fabric-106.1.9] startup
[7.434s] [ext: omni.isaac.kit-1.13.2] startup
[7.434s] [ext: omni.isaac.cloner-0.8.1] startup
[7.435s] [ext: isaaclab.python.headless-1.2.0] startup
[7.437s] Simulation App Starting
2026-08-24 21:15:52 [7,366ms] [Warning] [gpu.foundation.plugin] [ShaderCache]: Creating driver shaderCache directory failed: /opt/conda/envs/isaaclab/lib/python3.10/site-packages/omni/cache/nv_shadercache

|---------------------------------------------------------------------------------------------|
| Driver Version: 0             | Graphics API: Vulkan
|=============================================================================================|
| GPU | Name                             | Active | LDA | GPU Memory | Vendor-ID | LUID       |
|     |                                  |        |     |            | Device-ID | UUID       |
|     |                                  |        |     |            | Bus-ID    |            |
|=============================================================================================|
| OS: 13 (trixie) debian, Version: 13.1718513507.26473, Kernel: 4.18.0-553.51.1.el8_10.x86_64
| Processor: AMD EPYC 7763 64-Core Processor | Cores: 128 | Logical: 256
|---------------------------------------------------------------------------------------------|
| Total Memory (MB): 1031844 | Free Memory: 877139
| Total Page/Swap (MB): 0 | Free Page/Swap: 0
|---------------------------------------------------------------------------------------------|
2026-08-24 21:15:52 [8,191ms] [Warning] [omni.physx.foundation.plugin] PhysXFoundation: Couldn't get driver version, failed to getDeviceInfo
2026-08-24 21:15:52 [8,191ms] [Warning] [omni.physx.foundation.plugin] PhysXFoundation: Unable to get IGpuFoundation, GpuDevices or Graphics!
2026-08-24 21:15:52 [8,191ms] [Warning] [carb.cudainterop.plugin] CUDA_VISIBLE_DEVICES environment variable is set.
2026-08-24 21:15:52 [8,191ms] [Warning] [carb.cudainterop.plugin] Note CUDA device enumeration and Omniverse device enumeration are different.
2026-08-24 21:15:52 [8,191ms] [Warning] [carb.cudainterop.plugin] Setting CUDA_VISIBLE_DEVICES can lead to undesired behavior or crashes.
[9.541s] app ready
[INFO][AppLauncher]: Loading experience file: /opt/IsaacLab/source/extensions/omni.isaac.lab/omni/isaac/lab/app/../../../../../../apps/isaaclab.python.headless.kit
Starting kit application with the following args:  ['/opt/conda/envs/isaaclab/lib/python3.10/site-packages/isaacsim/exts/omni.isaac.kit/omni/isaac/kit/simulation_app.py', '/opt/IsaacLab/source/extensions/omni.isaac.lab/omni/isaac/lab/app/../../../../../../apps/isaaclab.python.headless.kit', '--/app/tokens/exe-path=/opt/conda/envs/isaaclab/lib/python3.10/site-packages/omni', '--/persistent/app/viewport/displayOptions=3094', '--/rtx/materialDb/syncLoads=True', '--/rtx/hydra/materialSyncLoads=True', '--/omni.kit.plugin/syncUsdLoads=True', '--/app/renderer/resolution/width=1280', '--/app/renderer/resolution/height=720', '--/app/window/width=1440', '--/app/window/height=900', '--/renderer/multiGpu/enabled=True', '--/app/fastShutdown=True', '--ext-folder', '/opt/conda/envs/isaaclab/lib/python3.10/site-packages/isaacsim/exts', '--ext-folder', '/opt/conda/envs/isaaclab/lib/python3.10/site-packages/isaacsim/apps', '--/renderer/activeGpu=0', '--/physics/cudaDevice=0', '--portable', '--no-window', '--/app/window/hideUi=True']
Passing the following args to the base kit application:  ['--config', '/ws/configs/baselines/marv_config_atd3qn.yaml', '--headless', 'total_frames=27131904', 'scheduler_opts.total_iters=480', 'epsilon_decay_iters=480']
[INFO] Respawn detected — loading config from previous attempt: /ws/logs/train_atd3qn_11396782/attempt_12/config.yaml
[9.712s] Simulation App Startup Complete
2026-08-24 21:15:59 [14,622ms] [Warning] [pxr.Semantics] pxr.Semantics is deprecated - please use Semantics instead
2026-08-24 21:16:02 [17,303ms] [Warning] [omni.isaac.lab.envs.direct_rl_env] Seed not set for the environment. The environment creation may not be deterministic.
2026-08-24 21:16:02 [17,345ms] [Warning] [omni.isaac.lab.envs.direct_rl_env] The render interval (5) is smaller than the decimation (20). Multiple multiple render calls will happen for each environment step.If this is not intended, set the render interval to be equal to the decimation.
Warp 1.2.1 initialized:
   CUDA Toolkit 11.8, Driver 12.9
   Devices:
     "cpu"      : "CPU"
     "cuda:0"   : "NVIDIA A100-SXM4-40GB" (39 GiB, sm_80, mempool enabled)
   Kernel cache:
     /home/sargapav/.cache/warp/1.2.1
[INFO]: Base environment:
	Environment device    : cuda:0
	Environment seed      : None
	Physics step-size     : 0.005
	Rendering step-size   : 0.025
	Environment step-size : 0.1
[INFO]: Time taken for scene creation : 1.137125 seconds
[INFO]: Scene manager:  <class InteractiveScene>
	Number of environments: 1024
	Environment spacing   : 0.0
	Source prim name      : /World/envs/env_0
	Global prim paths     : ['/World/terrain']
	Replicate physics     : True
[INFO]: Starting the simulation. This may take a few seconds. Please wait...
[INFO]: Time taken for simulation start : 16.202534 seconds
[INFO]: Completed setting up the environment...
2026-08-24 23:16:19,520 [RunLogger][[92mINFO[00m]: RunLogger initialized for run train_atd3qn_11396782_attempt_13 at /ws/logs/train_atd3qn_11396782/attempt_13 (logutils.py:105)
2026-08-24 23:16:26,915 [ftr_d3qn_train][[92mINFO[00m]: Seed: 42  (random check numpy check torch check cuda check) (train_d3qn.py:209)
2026-08-24 23:16:26,939 [ftr_d3qn_train][[93mWARNING[00m]: Found step (attempt_12) checkpoint: policy_step_35782656.pth / vecnorm_step_35782656.pth (train_d3qn.py:321)
2026-08-24 23:16:26,943 [ftr_d3qn_train][[92mINFO[00m]: Loaded policy from step (attempt_12) checkpoint (train_d3qn.py:325)
2026-08-24 23:16:26,943 [ftr_d3qn_train][[92mINFO[00m]: Loaded vecnorm from step (attempt_12) checkpoint (train_d3qn.py:330)
2026-08-24 23:16:26,944 [ftr_d3qn_train][[93mWARNING[00m]: Resuming from step (attempt_12) checkpoint — training may have inconsistent metrics. (train_d3qn.py:335)
2026-08-24 23:16:27,749 [ftr_d3qn_train][[92mINFO[00m]: Loaded training checkpoint: resuming from iteration 272, total_collected_frames=35782656 (train_d3qn.py:386)
2026-08-24 23:16:28,187 [ftr_d3qn_train][[92mINFO[00m]: Warm-started replay buffer with 666666 transitions from /ws/logs/train_atd3qn_11396782/attempt_12/weights/replay_buffer.pt (replay_buffer_io.py:102)
2026-08-24 23:16:28,188 [ftr_d3qn_train][[92mINFO[00m]: Initialized FtrD3QNTrainer. (train_d3qn.py:292)
2026-08-24 23:16:28,188 [ftr_d3qn_train][[92mINFO[00m]: Iteration size: 131072, batch_size: 8192, updates/iter: 64 (train_d3qn.py:470)
2026-08-24 23:16:28,194 [ftr_d3qn_train][[92mINFO[00m]: Resuming training — progress bar starting at 35782656 frames (iter_offset=272) (train_d3qn.py:483)
2026-08-24 23:18:05,978 [ftr_d3qn_train][[92mINFO[00m]: Saved replay subset: 666666/797738 transitions -> /ws/logs/train_atd3qn_11396782/attempt_13/weights/replay_buffer.pt (replay_buffer_io.py:69)
2026-08-24 23:42:36,836 [ftr_d3qn_train][[92mINFO[00m]: Saved replay subset: 666666/1846314 transitions -> /ws/logs/train_atd3qn_11396782/attempt_13/weights/replay_buffer.pt (replay_buffer_io.py:69)
2026-08-25 00:07:10,062 [ftr_d3qn_train][[92mINFO[00m]: Saved replay subset: 666666/2000000 transitions -> /ws/logs/train_atd3qn_11396782/attempt_13/weights/replay_buffer.pt (replay_buffer_io.py:69)
2026-08-25 00:32:14,342 [ftr_d3qn_train][[92mINFO[00m]: Saved replay subset: 666666/2000000 transitions -> /ws/logs/train_atd3qn_11396782/attempt_13/weights/replay_buffer.pt (replay_buffer_io.py:69)
2026-08-25 00:56:45,036 [ftr_d3qn_train][[92mINFO[00m]: Saved replay subset: 666666/2000000 transitions -> /ws/logs/train_atd3qn_11396782/attempt_13/weights/replay_buffer.pt (replay_buffer_io.py:69)
2026-08-25 01:21:15,303 [ftr_d3qn_train][[92mINFO[00m]: Saved replay subset: 666666/2000000 transitions -> /ws/logs/train_atd3qn_11396782/attempt_13/weights/replay_buffer.pt (replay_buffer_io.py:69)
2026-08-25 01:46:11,716 [ftr_d3qn_train][[92mINFO[00m]: Saved replay subset: 666666/2000000 transitions -> /ws/logs/train_atd3qn_11396782/attempt_13/weights/replay_buffer.pt (replay_buffer_io.py:69)
2026-08-25 02:11:04,543 [ftr_d3qn_train][[92mINFO[00m]: Saved replay subset: 666666/2000000 transitions -> /ws/logs/train_atd3qn_11396782/attempt_13/weights/replay_buffer.pt (replay_buffer_io.py:69)
2026-08-25 02:35:20,261 [ftr_d3qn_train][[92mINFO[00m]: Saved replay subset: 666666/2000000 transitions -> /ws/logs/train_atd3qn_11396782/attempt_13/weights/replay_buffer.pt (replay_buffer_io.py:69)
2026-08-25 02:59:53,221 [ftr_d3qn_train][[92mINFO[00m]: Saved replay subset: 666666/2000000 transitions -> /ws/logs/train_atd3qn_11396782/attempt_13/weights/replay_buffer.pt (replay_buffer_io.py:69)
2026-08-25 03:24:38,644 [ftr_d3qn_train][[92mINFO[00m]: Saved replay subset: 666666/2000000 transitions -> /ws/logs/train_atd3qn_11396782/attempt_13/weights/replay_buffer.pt (replay_buffer_io.py:69)
2026-08-25 03:49:21,627 [ftr_d3qn_train][[92mINFO[00m]: Saved replay subset: 666666/2000000 transitions -> /ws/logs/train_atd3qn_11396782/attempt_13/weights/replay_buffer.pt (replay_buffer_io.py:69)
2026-08-25 04:13:17,730 [ftr_d3qn_train][[92mINFO[00m]: Saved replay subset: 666666/2000000 transitions -> /ws/logs/train_atd3qn_11396782/attempt_13/weights/replay_buffer.pt (replay_buffer_io.py:69)
2026-08-25 04:38:06,425 [ftr_d3qn_train][[92mINFO[00m]: Saved replay subset: 666666/2000000 transitions -> /ws/logs/train_atd3qn_11396782/attempt_13/weights/replay_buffer.pt (replay_buffer_io.py:69)
2026-08-25 05:02:49,343 [ftr_d3qn_train][[92mINFO[00m]: Saved replay subset: 666666/2000000 transitions -> /ws/logs/train_atd3qn_11396782/attempt_13/weights/replay_buffer.pt (replay_buffer_io.py:69)
2026-08-25 05:27:50,663 [ftr_d3qn_train][[92mINFO[00m]: Saved replay subset: 666666/2000000 transitions -> /ws/logs/train_atd3qn_11396782/attempt_13/weights/replay_buffer.pt (replay_buffer_io.py:69)
2026-08-24 21:16:26 [42,149ms] [Warning] [ftr_d3qn_train] Found step (attempt_12) checkpoint: policy_step_35782656.pth / vecnorm_step_35782656.pth
2026-08-24 21:16:26 [42,154ms] [Warning] [ftr_d3qn_train] Resuming from step (attempt_12) checkpoint — training may have inconsistent metrics.
########################################################################
Python script finished with exit status: 75
########################################################################
Attempt collected 15728640 frames (job total: 51511296 / 62914560).
Exit code 75 detected (CUDA/W&B error). Respawning (attempt 15)...
########################################################################
Starting training (respawn #14 — 51511296/62914560 frames done, 11403264 to go)...
########################################################################
[Warning] [omni.isaac.kit.simulation_app] Modules: ['omni.kit_app'] were loaded before SimulationApp was started and might not be loaded correctly.
[Warning] [omni.isaac.kit.simulation_app] Please check to make sure no extra omniverse or pxr modules are imported before the call to SimulationApp(...)
[Info] [carb] Logging to file: /opt/conda/envs/isaaclab/lib/python3.10/site-packages/omni/logs/Kit/Isaac-Sim/4.2/kit_20260825_053352.log
2026-08-25 03:33:52 [0ms] [Warning] [omni.kit.app.plugin] No crash reporter present, dumps uploading isn't available.
2026-08-25 03:33:52 [8ms] [Warning] [omni.ext.plugin] [ext: containers] Extensions config 'extension.toml' doesn't exist '/home/sargapav/robot_rodeo_gym_ws/containers' or '/home/sargapav/robot_rodeo_gym_ws/containers/config'
2026-08-25 03:33:52 [8ms] [Warning] [omni.ext.plugin] [ext: notebooks] Extensions config 'extension.toml' doesn't exist '/home/sargapav/robot_rodeo_gym_ws/notebooks' or '/home/sargapav/robot_rodeo_gym_ws/notebooks/config'
2026-08-25 03:33:52 [9ms] [Warning] [omni.ext.plugin] [ext: slurm] Extensions config 'extension.toml' doesn't exist '/home/sargapav/robot_rodeo_gym_ws/slurm' or '/home/sargapav/robot_rodeo_gym_ws/slurm/config'
2026-08-25 03:33:52 [9ms] [Warning] [omni.ext.plugin] [ext: wandb] Extensions config 'extension.toml' doesn't exist '/home/sargapav/robot_rodeo_gym_ws/wandb' or '/home/sargapav/robot_rodeo_gym_ws/wandb/config'
2026-08-25 03:33:52 [9ms] [Warning] [omni.ext.plugin] [ext: runs] Extensions config 'extension.toml' doesn't exist '/home/sargapav/robot_rodeo_gym_ws/runs' or '/home/sargapav/robot_rodeo_gym_ws/runs/config'
2026-08-25 03:33:52 [9ms] [Warning] [omni.ext.plugin] [ext: optuna] Extensions config 'extension.toml' doesn't exist '/home/sargapav/robot_rodeo_gym_ws/optuna' or '/home/sargapav/robot_rodeo_gym_ws/optuna/config'
2026-08-25 03:33:52 [9ms] [Warning] [omni.ext.plugin] [ext: src] Extensions config 'extension.toml' doesn't exist '/home/sargapav/robot_rodeo_gym_ws/src' or '/home/sargapav/robot_rodeo_gym_ws/src/config'
2026-08-25 03:33:52 [9ms] [Warning] [omni.ext.plugin] [ext: secrets] Extensions config 'extension.toml' doesn't exist '/home/sargapav/robot_rodeo_gym_ws/secrets' or '/home/sargapav/robot_rodeo_gym_ws/secrets/config'
2026-08-25 03:33:52 [9ms] [Warning] [omni.ext.plugin] [ext: experiments] Extensions config 'extension.toml' doesn't exist '/home/sargapav/robot_rodeo_gym_ws/experiments' or '/home/sargapav/robot_rodeo_gym_ws/experiments/config'
2026-08-25 03:33:52 [10ms] [Warning] [omni.ext.plugin] [ext: logs] Extensions config 'extension.toml' doesn't exist '/home/sargapav/robot_rodeo_gym_ws/logs' or '/home/sargapav/robot_rodeo_gym_ws/logs/config'
2026-08-25 03:33:52 [10ms] [Warning] [omni.ext.plugin] [ext: scripts] Extensions config 'extension.toml' doesn't exist '/home/sargapav/robot_rodeo_gym_ws/scripts' or '/home/sargapav/robot_rodeo_gym_ws/scripts/config'
2026-08-25 03:33:52 [11ms] [Warning] [omni.ext.plugin] [ext: configs] Extensions config 'extension.toml' doesn't exist '/home/sargapav/robot_rodeo_gym_ws/configs' or '/home/sargapav/robot_rodeo_gym_ws/configs/config'
[0.424s] [ext: omni.kit.async_engine-0.0.1] startup
[0.819s] [ext: omni.stats-1.0.1] startup
[0.827s] [ext: omni.client-1.2.0] startup
[1.025s] [ext: omni.gpu_foundation.shadercache.vulkan-1.0.0] startup
[1.032s] [ext: omni.assets.plugins-0.0.0] startup
[1.054s] [ext: omni.gpu_foundation-0.0.0] startup
[1.246s] [ext: omni.kit.pipapi-0.0.0] startup
[1.248s] [ext: omni.materialx.libs-1.0.4] startup
[1.281s] [ext: omni.kit.pip_archive-0.0.0] startup
[1.282s] [ext: omni.usd.config-1.0.4] startup
[1.297s] [ext: omni.gpucompute.plugins-0.0.0] startup
[1.300s] [ext: omni.usd.libs-1.0.1] startup
[1.817s] [ext: omni.kit.telemetry-0.5.0] startup
[1.880s] [ext: omni.usd.schema.semantics-0.0.0] startup
[2.137s] [ext: omni.usd.schema.audio-0.0.0] startup
[2.178s] [ext: omni.usd.schema.physx-106.1.9] startup
[2.295s] [ext: carb.audio-0.1.0] startup
[2.340s] [ext: omni.kvdb-106.1.9] startup
[2.349s] [ext: omni.timeline-1.0.10] startup
[2.356s] [ext: omni.kit.actions.core-1.0.0] startup
[2.366s] [ext: omni.kit.audiodeviceenum-1.0.1] startup
[2.372s] [ext: omni.localcache-106.1.9] startup
[2.376s] [ext: omni.usd_resolver-1.0.0] startup
[2.388s] [ext: omni.kit.commands-1.4.9] startup
[2.399s] [ext: omni.graph.exec-0.9.4] startup
[2.402s] [ext: omni.usd.core-1.4.1] startup
[2.416s] [ext: omni.kit.usd_undo-0.1.8] startup
[2.417s] [ext: omni.kit.exec.core-0.13.4] startup
[2.428s] [ext: omni.convexdecomposition-106.1.9] startup
[2.440s] [ext: omni.usd-1.12.2] startup
[2.528s] [ext: omni.usdphysics-106.1.9] startup
[2.533s] [ext: omni.physx.foundation-106.1.9] startup
[2.553s] [ext: omni.kit.usd.layers-2.1.36] startup
[2.577s] [ext: omni.physx.cooking-106.1.9] startup
[2.596s] [ext: omni.blobkey-1.1.2] startup
[2.602s] [ext: omni.datastore-0.0.0] startup
[2.687s] [ext: omni.ujitso.default-1.0.0] startup
[2.699s] [ext: omni.hsscclient-1.1.1] startup
[2.716s] [ext: omni.kit.primitive.mesh-1.0.17] startup
[2.723s] [ext: usdrt.scenegraph-7.5.0] startup
[2.870s] [ext: omni.warp.core-1.2.1] startup
[2.999s] [ext: omni.physx-106.1.9] startup
[3.067s] [ext: omni.kit.stage_template.core-1.1.22] startup
[3.070s] [ext: omni.physx.stageupdate-106.1.9] startup
[3.078s] [ext: omni.kit.stage_templates-1.2.5] startup
[3.081s] [ext: omni.physics.tensors-106.1.9] startup
[3.095s] [ext: omni.isaac.version-1.1.0] startup
[3.097s] [ext: omni.physx.tensors-106.1.9] startup
[3.766s] [ext: omni.isaac.nucleus-0.3.1] startup
[3.768s] [ext: omni.kit.loop-isaac-1.2.0] startup
[3.773s] [ext: omni.isaac.core-3.19.5] startup
2026-08-25 03:33:57 [5,429ms] [Warning] [omni.platforminfo.plugin] failed to open the default display.  Can't verify X Server version.
2026-08-25 03:33:57 [5,431ms] [Warning] [omni.platforminfo.plugin] failed to load XRAndR.
[7.595s] [ext: omni.physx.fabric-106.1.9] startup
[7.615s] [ext: omni.isaac.kit-1.13.2] startup
[7.615s] [ext: omni.isaac.cloner-0.8.1] startup
[7.617s] [ext: isaaclab.python.headless-1.2.0] startup
[7.619s] Simulation App Starting
2026-08-25 03:33:59 [7,556ms] [Warning] [gpu.foundation.plugin] [ShaderCache]: Creating driver shaderCache directory failed: /opt/conda/envs/isaaclab/lib/python3.10/site-packages/omni/cache/nv_shadercache

|---------------------------------------------------------------------------------------------|
| Driver Version: 0             | Graphics API: Vulkan
|=============================================================================================|
| GPU | Name                             | Active | LDA | GPU Memory | Vendor-ID | LUID       |
|     |                                  |        |     |            | Device-ID | UUID       |
|     |                                  |        |     |            | Bus-ID    |            |
|=============================================================================================|
| OS: 13 (trixie) debian, Version: 13.170991677.1663988581, Kernel: 4.18.0-553.51.1.el8_10.x86_64
| Processor: AMD EPYC 7763 64-Core Processor | Cores: 128 | Logical: 256
|---------------------------------------------------------------------------------------------|
| Total Memory (MB): 1031844 | Free Memory: 848500
| Total Page/Swap (MB): 0 | Free Page/Swap: 0
|---------------------------------------------------------------------------------------------|
2026-08-25 03:34:00 [8,420ms] [Warning] [omni.physx.foundation.plugin] PhysXFoundation: Couldn't get driver version, failed to getDeviceInfo
2026-08-25 03:34:00 [8,420ms] [Warning] [omni.physx.foundation.plugin] PhysXFoundation: Unable to get IGpuFoundation, GpuDevices or Graphics!
2026-08-25 03:34:00 [8,421ms] [Warning] [carb.cudainterop.plugin] CUDA_VISIBLE_DEVICES environment variable is set.
2026-08-25 03:34:00 [8,421ms] [Warning] [carb.cudainterop.plugin] Note CUDA device enumeration and Omniverse device enumeration are different.
2026-08-25 03:34:00 [8,421ms] [Warning] [carb.cudainterop.plugin] Setting CUDA_VISIBLE_DEVICES can lead to undesired behavior or crashes.
[9.785s] app ready
[INFO][AppLauncher]: Loading experience file: /opt/IsaacLab/source/extensions/omni.isaac.lab/omni/isaac/lab/app/../../../../../../apps/isaaclab.python.headless.kit
Starting kit application with the following args:  ['/opt/conda/envs/isaaclab/lib/python3.10/site-packages/isaacsim/exts/omni.isaac.kit/omni/isaac/kit/simulation_app.py', '/opt/IsaacLab/source/extensions/omni.isaac.lab/omni/isaac/lab/app/../../../../../../apps/isaaclab.python.headless.kit', '--/app/tokens/exe-path=/opt/conda/envs/isaaclab/lib/python3.10/site-packages/omni', '--/persistent/app/viewport/displayOptions=3094', '--/rtx/materialDb/syncLoads=True', '--/rtx/hydra/materialSyncLoads=True', '--/omni.kit.plugin/syncUsdLoads=True', '--/app/renderer/resolution/width=1280', '--/app/renderer/resolution/height=720', '--/app/window/width=1440', '--/app/window/height=900', '--/renderer/multiGpu/enabled=True', '--/app/fastShutdown=True', '--ext-folder', '/opt/conda/envs/isaaclab/lib/python3.10/site-packages/isaacsim/exts', '--ext-folder', '/opt/conda/envs/isaaclab/lib/python3.10/site-packages/isaacsim/apps', '--/renderer/activeGpu=0', '--/physics/cudaDevice=0', '--portable', '--no-window', '--/app/window/hideUi=True']
Passing the following args to the base kit application:  ['--config', '/ws/configs/baselines/marv_config_atd3qn.yaml', '--headless', 'total_frames=11403264', 'scheduler_opts.total_iters=480', 'epsilon_decay_iters=480']
[INFO] Respawn detected — loading config from previous attempt: /ws/logs/train_atd3qn_11396782/attempt_13/config.yaml
[9.970s] Simulation App Startup Complete
2026-08-25 03:34:07 [15,149ms] [Warning] [pxr.Semantics] pxr.Semantics is deprecated - please use Semantics instead
2026-08-25 03:34:10 [17,756ms] [Warning] [omni.isaac.lab.envs.direct_rl_env] Seed not set for the environment. The environment creation may not be deterministic.
2026-08-25 03:34:10 [17,799ms] [Warning] [omni.isaac.lab.envs.direct_rl_env] The render interval (5) is smaller than the decimation (20). Multiple multiple render calls will happen for each environment step.If this is not intended, set the render interval to be equal to the decimation.
Warp 1.2.1 initialized:
   CUDA Toolkit 11.8, Driver 12.9
   Devices:
     "cpu"      : "CPU"
     "cuda:0"   : "NVIDIA A100-SXM4-40GB" (39 GiB, sm_80, mempool enabled)
   Kernel cache:
     /home/sargapav/.cache/warp/1.2.1
[INFO]: Base environment:
	Environment device    : cuda:0
	Environment seed      : None
	Physics step-size     : 0.005
	Rendering step-size   : 0.025
	Environment step-size : 0.1
[INFO]: Time taken for scene creation : 1.197894 seconds
[INFO]: Scene manager:  <class InteractiveScene>
	Number of environments: 1024
	Environment spacing   : 0.0
	Source prim name      : /World/envs/env_0
	Global prim paths     : ['/World/terrain']
	Replicate physics     : True
[INFO]: Starting the simulation. This may take a few seconds. Please wait...
[INFO]: Time taken for simulation start : 17.934422 seconds
[INFO]: Completed setting up the environment...
2026-08-25 05:34:29,327 [RunLogger][[92mINFO[00m]: RunLogger initialized for run train_atd3qn_11396782_attempt_14 at /ws/logs/train_atd3qn_11396782/attempt_14 (logutils.py:105)
2026-08-25 05:34:36,458 [ftr_d3qn_train][[92mINFO[00m]: Seed: 42  (random check numpy check torch check cuda check) (train_d3qn.py:209)
2026-08-25 05:34:36,490 [ftr_d3qn_train][[93mWARNING[00m]: Found step (attempt_13) checkpoint: policy_step_51511296.pth / vecnorm_step_51511296.pth (train_d3qn.py:321)
2026-08-25 05:34:36,493 [ftr_d3qn_train][[92mINFO[00m]: Loaded policy from step (attempt_13) checkpoint (train_d3qn.py:325)
2026-08-25 05:34:36,494 [ftr_d3qn_train][[92mINFO[00m]: Loaded vecnorm from step (attempt_13) checkpoint (train_d3qn.py:330)
2026-08-25 05:34:36,494 [ftr_d3qn_train][[93mWARNING[00m]: Resuming from step (attempt_13) checkpoint — training may have inconsistent metrics. (train_d3qn.py:335)
2026-08-25 05:34:37,329 [ftr_d3qn_train][[92mINFO[00m]: Loaded training checkpoint: resuming from iteration 392, total_collected_frames=51511296 (train_d3qn.py:386)
2026-08-25 05:34:37,894 [ftr_d3qn_train][[92mINFO[00m]: Warm-started replay buffer with 666666 transitions from /ws/logs/train_atd3qn_11396782/attempt_13/weights/replay_buffer.pt (replay_buffer_io.py:102)
2026-08-25 05:34:37,895 [ftr_d3qn_train][[92mINFO[00m]: Initialized FtrD3QNTrainer. (train_d3qn.py:292)
2026-08-25 05:34:37,895 [ftr_d3qn_train][[92mINFO[00m]: Iteration size: 131072, batch_size: 8192, updates/iter: 64 (train_d3qn.py:470)
2026-08-25 05:34:37,901 [ftr_d3qn_train][[92mINFO[00m]: Resuming training — progress bar starting at 51511296 frames (iter_offset=392) (train_d3qn.py:483)
2026-08-25 05:36:16,736 [ftr_d3qn_train][[92mINFO[00m]: Saved replay subset: 666666/797738 transitions -> /ws/logs/train_atd3qn_11396782/attempt_14/weights/replay_buffer.pt (replay_buffer_io.py:69)
2026-08-25 06:01:18,854 [ftr_d3qn_train][[92mINFO[00m]: Saved replay subset: 666666/1846314 transitions -> /ws/logs/train_atd3qn_11396782/attempt_14/weights/replay_buffer.pt (replay_buffer_io.py:69)
2026-08-25 06:26:20,796 [ftr_d3qn_train][[92mINFO[00m]: Saved replay subset: 666666/2000000 transitions -> /ws/logs/train_atd3qn_11396782/attempt_14/weights/replay_buffer.pt (replay_buffer_io.py:69)
2026-08-25 03:34:36 [44,167ms] [Warning] [ftr_d3qn_train] Found step (attempt_13) checkpoint: policy_step_51511296.pth / vecnorm_step_51511296.pth
2026-08-25 03:34:36 [44,172ms] [Warning] [ftr_d3qn_train] Resuming from step (attempt_13) checkpoint — training may have inconsistent metrics.
########################################################################
Python script finished with exit status: 75
########################################################################
Attempt collected 2097152 frames (job total: 53608448 / 62914560).
Exit code 75 detected (CUDA/W&B error). Respawning (attempt 16)...
########################################################################
Starting training (respawn #15 — 53608448/62914560 frames done, 9306112 to go)...
########################################################################
[Warning] [omni.isaac.kit.simulation_app] Modules: ['omni.kit_app'] were loaded before SimulationApp was started and might not be loaded correctly.
[Warning] [omni.isaac.kit.simulation_app] Please check to make sure no extra omniverse or pxr modules are imported before the call to SimulationApp(...)
[Info] [carb] Logging to file: /opt/conda/envs/isaaclab/lib/python3.10/site-packages/omni/logs/Kit/Isaac-Sim/4.2/kit_20260825_063023.log
2026-08-25 04:30:23 [0ms] [Warning] [omni.kit.app.plugin] No crash reporter present, dumps uploading isn't available.
2026-08-25 04:30:23 [5ms] [Warning] [omni.ext.plugin] [ext: containers] Extensions config 'extension.toml' doesn't exist '/home/sargapav/robot_rodeo_gym_ws/containers' or '/home/sargapav/robot_rodeo_gym_ws/containers/config'
2026-08-25 04:30:23 [5ms] [Warning] [omni.ext.plugin] [ext: secrets] Extensions config 'extension.toml' doesn't exist '/home/sargapav/robot_rodeo_gym_ws/secrets' or '/home/sargapav/robot_rodeo_gym_ws/secrets/config'
2026-08-25 04:30:23 [6ms] [Warning] [omni.ext.plugin] [ext: logs] Extensions config 'extension.toml' doesn't exist '/home/sargapav/robot_rodeo_gym_ws/logs' or '/home/sargapav/robot_rodeo_gym_ws/logs/config'
2026-08-25 04:30:23 [6ms] [Warning] [omni.ext.plugin] [ext: src] Extensions config 'extension.toml' doesn't exist '/home/sargapav/robot_rodeo_gym_ws/src' or '/home/sargapav/robot_rodeo_gym_ws/src/config'
2026-08-25 04:30:23 [6ms] [Warning] [omni.ext.plugin] [ext: scripts] Extensions config 'extension.toml' doesn't exist '/home/sargapav/robot_rodeo_gym_ws/scripts' or '/home/sargapav/robot_rodeo_gym_ws/scripts/config'
2026-08-25 04:30:23 [6ms] [Warning] [omni.ext.plugin] [ext: slurm] Extensions config 'extension.toml' doesn't exist '/home/sargapav/robot_rodeo_gym_ws/slurm' or '/home/sargapav/robot_rodeo_gym_ws/slurm/config'
2026-08-25 04:30:23 [6ms] [Warning] [omni.ext.plugin] [ext: runs] Extensions config 'extension.toml' doesn't exist '/home/sargapav/robot_rodeo_gym_ws/runs' or '/home/sargapav/robot_rodeo_gym_ws/runs/config'
2026-08-25 04:30:23 [6ms] [Warning] [omni.ext.plugin] [ext: notebooks] Extensions config 'extension.toml' doesn't exist '/home/sargapav/robot_rodeo_gym_ws/notebooks' or '/home/sargapav/robot_rodeo_gym_ws/notebooks/config'
2026-08-25 04:30:23 [6ms] [Warning] [omni.ext.plugin] [ext: wandb] Extensions config 'extension.toml' doesn't exist '/home/sargapav/robot_rodeo_gym_ws/wandb' or '/home/sargapav/robot_rodeo_gym_ws/wandb/config'
2026-08-25 04:30:23 [6ms] [Warning] [omni.ext.plugin] [ext: optuna] Extensions config 'extension.toml' doesn't exist '/home/sargapav/robot_rodeo_gym_ws/optuna' or '/home/sargapav/robot_rodeo_gym_ws/optuna/config'
2026-08-25 04:30:23 [6ms] [Warning] [omni.ext.plugin] [ext: experiments] Extensions config 'extension.toml' doesn't exist '/home/sargapav/robot_rodeo_gym_ws/experiments' or '/home/sargapav/robot_rodeo_gym_ws/experiments/config'
2026-08-25 04:30:23 [6ms] [Warning] [omni.ext.plugin] [ext: configs] Extensions config 'extension.toml' doesn't exist '/home/sargapav/robot_rodeo_gym_ws/configs' or '/home/sargapav/robot_rodeo_gym_ws/configs/config'
[0.346s] [ext: omni.kit.async_engine-0.0.1] startup
[0.805s] [ext: omni.stats-1.0.1] startup
[0.817s] [ext: omni.client-1.2.0] startup
[1.004s] [ext: omni.gpu_foundation.shadercache.vulkan-1.0.0] startup
[1.019s] [ext: omni.assets.plugins-0.0.0] startup
[1.044s] [ext: omni.gpu_foundation-0.0.0] startup
[1.229s] [ext: omni.kit.pipapi-0.0.0] startup
[1.231s] [ext: omni.materialx.libs-1.0.4] startup
[1.286s] [ext: omni.kit.pip_archive-0.0.0] startup
[1.289s] [ext: omni.usd.config-1.0.4] startup
[1.308s] [ext: omni.gpucompute.plugins-0.0.0] startup
[1.312s] [ext: omni.usd.libs-1.0.1] startup
[1.863s] [ext: omni.kit.telemetry-0.5.0] startup
[1.932s] [ext: omni.usd.schema.semantics-0.0.0] startup
[2.216s] [ext: omni.usd.schema.audio-0.0.0] startup
[2.254s] [ext: omni.usd.schema.physx-106.1.9] startup
[2.359s] [ext: carb.audio-0.1.0] startup
[2.398s] [ext: omni.kvdb-106.1.9] startup
[2.408s] [ext: omni.timeline-1.0.10] startup
[2.415s] [ext: omni.kit.actions.core-1.0.0] startup
[2.425s] [ext: omni.kit.audiodeviceenum-1.0.1] startup
[2.430s] [ext: omni.localcache-106.1.9] startup
[2.435s] [ext: omni.usd_resolver-1.0.0] startup
[2.447s] [ext: omni.kit.commands-1.4.9] startup
[2.463s] [ext: omni.graph.exec-0.9.4] startup
[2.468s] [ext: omni.usd.core-1.4.1] startup
[2.484s] [ext: omni.kit.usd_undo-0.1.8] startup
[2.486s] [ext: omni.kit.exec.core-0.13.4] startup
[2.502s] [ext: omni.convexdecomposition-106.1.9] startup
[2.515s] [ext: omni.usd-1.12.2] startup
[2.623s] [ext: omni.usdphysics-106.1.9] startup
[2.629s] [ext: omni.physx.foundation-106.1.9] startup
[2.731s] [ext: omni.kit.usd.layers-2.1.36] startup
[2.770s] [ext: omni.physx.cooking-106.1.9] startup
[2.790s] [ext: omni.blobkey-1.1.2] startup
[2.795s] [ext: omni.datastore-0.0.0] startup
[2.865s] [ext: omni.ujitso.default-1.0.0] startup
[2.877s] [ext: omni.hsscclient-1.1.1] startup
[2.893s] [ext: omni.kit.primitive.mesh-1.0.17] startup
[2.900s] [ext: usdrt.scenegraph-7.5.0] startup
[3.056s] [ext: omni.warp.core-1.2.1] startup
[3.187s] [ext: omni.physx-106.1.9] startup
[3.245s] [ext: omni.kit.stage_template.core-1.1.22] startup
[3.248s] [ext: omni.physx.stageupdate-106.1.9] startup
[3.255s] [ext: omni.kit.stage_templates-1.2.5] startup
[3.258s] [ext: omni.physics.tensors-106.1.9] startup
[3.279s] [ext: omni.isaac.version-1.1.0] startup
[3.282s] [ext: omni.physx.tensors-106.1.9] startup
[4.046s] [ext: omni.isaac.nucleus-0.3.1] startup
[4.048s] [ext: omni.kit.loop-isaac-1.2.0] startup
[4.053s] [ext: omni.isaac.core-3.19.5] startup
2026-08-25 04:30:29 [5,578ms] [Warning] [omni.platforminfo.plugin] failed to open the default display.  Can't verify X Server version.
2026-08-25 04:30:29 [5,580ms] [Warning] [omni.platforminfo.plugin] failed to load XRAndR.
[7.571s] [ext: omni.physx.fabric-106.1.9] startup
[7.589s] [ext: omni.isaac.kit-1.13.2] startup
[7.589s] [ext: omni.isaac.cloner-0.8.1] startup
[7.591s] [ext: isaaclab.python.headless-1.2.0] startup
[7.593s] Simulation App Starting
2026-08-25 04:30:31 [7,524ms] [Warning] [gpu.foundation.plugin] [ShaderCache]: Creating driver shaderCache directory failed: /opt/conda/envs/isaaclab/lib/python3.10/site-packages/omni/cache/nv_shadercache

|---------------------------------------------------------------------------------------------|
| Driver Version: 0             | Graphics API: Vulkan
|=============================================================================================|
| GPU | Name                             | Active | LDA | GPU Memory | Vendor-ID | LUID       |
|     |                                  |        |     |            | Device-ID | UUID       |
|     |                                  |        |     |            | Bus-ID    |            |
|=============================================================================================|
| OS: 13 (trixie) debian, Version: 13.00.0, Kernel: 4.18.0-553.51.1.el8_10.x86_64
| Processor: AMD EPYC 7763 64-Core Processor | Cores: 128 | Logical: 256
|---------------------------------------------------------------------------------------------|
| Total Memory (MB): 1031844 | Free Memory: 848266
| Total Page/Swap (MB): 0 | Free Page/Swap: 0
|---------------------------------------------------------------------------------------------|
2026-08-25 04:30:31 [8,297ms] [Warning] [omni.physx.foundation.plugin] PhysXFoundation: Couldn't get driver version, failed to getDeviceInfo
2026-08-25 04:30:31 [8,297ms] [Warning] [omni.physx.foundation.plugin] PhysXFoundation: Unable to get IGpuFoundation, GpuDevices or Graphics!
2026-08-25 04:30:31 [8,297ms] [Warning] [carb.cudainterop.plugin] CUDA_VISIBLE_DEVICES environment variable is set.
2026-08-25 04:30:31 [8,297ms] [Warning] [carb.cudainterop.plugin] Note CUDA device enumeration and Omniverse device enumeration are different.
2026-08-25 04:30:31 [8,297ms] [Warning] [carb.cudainterop.plugin] Setting CUDA_VISIBLE_DEVICES can lead to undesired behavior or crashes.
[9.519s] app ready
[INFO][AppLauncher]: Loading experience file: /opt/IsaacLab/source/extensions/omni.isaac.lab/omni/isaac/lab/app/../../../../../../apps/isaaclab.python.headless.kit
Starting kit application with the following args:  ['/opt/conda/envs/isaaclab/lib/python3.10/site-packages/isaacsim/exts/omni.isaac.kit/omni/isaac/kit/simulation_app.py', '/opt/IsaacLab/source/extensions/omni.isaac.lab/omni/isaac/lab/app/../../../../../../apps/isaaclab.python.headless.kit', '--/app/tokens/exe-path=/opt/conda/envs/isaaclab/lib/python3.10/site-packages/omni', '--/persistent/app/viewport/displayOptions=3094', '--/rtx/materialDb/syncLoads=True', '--/rtx/hydra/materialSyncLoads=True', '--/omni.kit.plugin/syncUsdLoads=True', '--/app/renderer/resolution/width=1280', '--/app/renderer/resolution/height=720', '--/app/window/width=1440', '--/app/window/height=900', '--/renderer/multiGpu/enabled=True', '--/app/fastShutdown=True', '--ext-folder', '/opt/conda/envs/isaaclab/lib/python3.10/site-packages/isaacsim/exts', '--ext-folder', '/opt/conda/envs/isaaclab/lib/python3.10/site-packages/isaacsim/apps', '--/renderer/activeGpu=0', '--/physics/cudaDevice=0', '--portable', '--no-window', '--/app/window/hideUi=True']
Passing the following args to the base kit application:  ['--config', '/ws/configs/baselines/marv_config_atd3qn.yaml', '--headless', 'total_frames=9306112', 'scheduler_opts.total_iters=480', 'epsilon_decay_iters=480']
[INFO] Respawn detected — loading config from previous attempt: /ws/logs/train_atd3qn_11396782/attempt_14/config.yaml
[9.685s] Simulation App Startup Complete
2026-08-25 04:30:37 [14,254ms] [Warning] [pxr.Semantics] pxr.Semantics is deprecated - please use Semantics instead
2026-08-25 04:30:40 [16,586ms] [Warning] [omni.isaac.lab.envs.direct_rl_env] Seed not set for the environment. The environment creation may not be deterministic.
2026-08-25 04:30:40 [16,631ms] [Warning] [omni.isaac.lab.envs.direct_rl_env] The render interval (5) is smaller than the decimation (20). Multiple multiple render calls will happen for each environment step.If this is not intended, set the render interval to be equal to the decimation.
Warp 1.2.1 initialized:
   CUDA Toolkit 11.8, Driver 12.9
   Devices:
     "cpu"      : "CPU"
     "cuda:0"   : "NVIDIA A100-SXM4-40GB" (39 GiB, sm_80, mempool enabled)
   Kernel cache:
     /home/sargapav/.cache/warp/1.2.1
[INFO]: Base environment:
	Environment device    : cuda:0
	Environment seed      : None
	Physics step-size     : 0.005
	Rendering step-size   : 0.025
	Environment step-size : 0.1
[INFO]: Time taken for scene creation : 1.006646 seconds
[INFO]: Scene manager:  <class InteractiveScene>
	Number of environments: 1024
	Environment spacing   : 0.0
	Source prim name      : /World/envs/env_0
	Global prim paths     : ['/World/terrain']
	Replicate physics     : True
[INFO]: Starting the simulation. This may take a few seconds. Please wait...
[INFO]: Time taken for simulation start : 17.729415 seconds
[INFO]: Completed setting up the environment...
2026-08-25 06:30:59,008 [RunLogger][[92mINFO[00m]: RunLogger initialized for run train_atd3qn_11396782_attempt_15 at /ws/logs/train_atd3qn_11396782/attempt_15 (logutils.py:105)
2026-08-25 06:31:06,195 [ftr_d3qn_train][[92mINFO[00m]: Seed: 42  (random check numpy check torch check cuda check) (train_d3qn.py:209)
2026-08-25 06:31:06,216 [ftr_d3qn_train][[93mWARNING[00m]: Found step (attempt_14) checkpoint: policy_step_53608448.pth / vecnorm_step_53608448.pth (train_d3qn.py:321)
2026-08-25 06:31:06,220 [ftr_d3qn_train][[92mINFO[00m]: Loaded policy from step (attempt_14) checkpoint (train_d3qn.py:325)
2026-08-25 06:31:06,220 [ftr_d3qn_train][[92mINFO[00m]: Loaded vecnorm from step (attempt_14) checkpoint (train_d3qn.py:330)
2026-08-25 06:31:06,221 [ftr_d3qn_train][[93mWARNING[00m]: Resuming from step (attempt_14) checkpoint — training may have inconsistent metrics. (train_d3qn.py:335)
2026-08-25 06:31:06,965 [ftr_d3qn_train][[92mINFO[00m]: Loaded training checkpoint: resuming from iteration 408, total_collected_frames=53608448 (train_d3qn.py:386)
2026-08-25 06:31:07,572 [ftr_d3qn_train][[92mINFO[00m]: Warm-started replay buffer with 666666 transitions from /ws/logs/train_atd3qn_11396782/attempt_14/weights/replay_buffer.pt (replay_buffer_io.py:102)
2026-08-25 06:31:07,574 [ftr_d3qn_train][[92mINFO[00m]: Initialized FtrD3QNTrainer. (train_d3qn.py:292)
2026-08-25 06:31:07,574 [ftr_d3qn_train][[92mINFO[00m]: Iteration size: 131072, batch_size: 8192, updates/iter: 64 (train_d3qn.py:470)
2026-08-25 06:31:07,579 [ftr_d3qn_train][[92mINFO[00m]: Resuming training — progress bar starting at 53608448 frames (iter_offset=408) (train_d3qn.py:483)
2026-08-25 06:32:47,009 [ftr_d3qn_train][[92mINFO[00m]: Saved replay subset: 666666/797738 transitions -> /ws/logs/train_atd3qn_11396782/attempt_15/weights/replay_buffer.pt (replay_buffer_io.py:69)
Cleaning up node-local cache...
