attempt,collected_frames,grad_contrib/shaping,grad_contrib/joint_ang_from_flat_penalty,grad_contrib/joint_angle_var_penalty,grad_contrib/roll_penalty,grad_contrib/roll_rate_penalty,grad_contrib/pitch_penalty,grad_contrib/pitch_rate_penalty,grad_contrib/shock_penalty,grad_contrib/clearance,grad_contrib/action_bonus,grad_contrib/flipper_action_bonus,grad_contrib/terminal_bonus
0,131072,-0.09814665288310108,0.1070586647914934,0.12623757794198168,0.024967838554771745,0.09527703924033959,0.061499302905517465,0.07410290678874422,-0.004876888194914556,0.002735573878556838,-0.36494976906006243,0.00903846888495691,0.031109316875560122
0,262144,0.5602892300332893,0.03341159881825229,0.033176655539176016,0.006479397851685818,-0.029337912836352908,0.028244220149504888,-0.007116369363834839,-0.0007326411698010198,0.0009814511747703201,0.2889472699614848,0.005311626899426212,-0.005971626202421559
0,393216,0.5068435250080389,0.0766240498297349,0.0869466717896715,0.02151858811351999,0.05364046251137313,0.049738610342083434,0.04646579036012103,-0.0010325159859711503,0.0013037659832753894,0.150590241690818,0.005295778385392663,
0,524288,0.4965677716276051,0.007500433590743325,0.008687024220941359,-0.0012984826638077578,0.004172708041073906,0.016260190328678016,0.008206374417242795,-0.00013308844386070108,0.0007166920878604342,0.4477731238305554,-0.003964760967933512,0.004719349779697631
0,655360,0.5400269248603812,0.028372824127975774,0.028114181235030046,0.00826896678597612,0.019497185144431523,0.03815896911828746,0.0215070713840415,-0.00018713735053904796,0.0008416649249163997,0.2817570909608293,-0.008215940368936013,-0.02505204373865562
0,786432,0.3429136486503537,-0.010477767321730976,-0.006920839644701266,-0.014075696823586602,0.01225025414913142,-0.023780745841807366,0.02177284465940923,-0.0002750944712249109,-0.0002755613293603466,0.4993977110901696,-0.019404518502539686,0.04845531751598492
0,917504,-0.13659914155764113,-0.01009316946025179,-0.008988739606535215,0.0002072324610322483,0.0038786768766692083,-0.038666443327450416,-0.007190720253908274,-0.00034978904280959076,-0.0006130982160102885,-0.30673562158716133,-0.00781168310900934,-0.47886568450152117
0,1048576,-0.4538505626876193,-0.014669759296115142,-0.013141981777102778,-0.0023031775456882294,0.0021450211539602126,-0.04909291107428403,0.0011807624361010395,-0.0001257029496588238,-0.0006536530174708752,-0.44257086818854185,0.005035805003828275,0.0152297948696294
0,1179648,0.1105089011259383,0.001198893796150826,-0.0019507057544720853,0.005282141644781593,-0.005333586417590967,-0.020561707976936645,-0.003975513070897216,0.000202813405313312,0.00031744888496862514,-0.1210479238361336,-0.0019436900534247846,-0.7276766740333921
0,1310720,0.2100523000439719,0.020906360034402827,0.025071711923528875,0.012612286745180666,0.033087373526749175,-0.04258460561489084,0.03292557633053751,0.00037291313070003657,-0.0014023082106326772,-0.5901512247242277,-0.014995146984607625,0.01583819273057026
0,1441792,0.5051408256579704,0.006602382088562153,0.009542191161723017,-0.006056587533015821,0.0029755219703349405,0.029378077039298792,0.000972407061735032,-7.242400765952722e-05,0.0004934789828715889,0.3539194634425049,-0.018158253559042502,-0.06668838749528139
0,1572864,-0.4285076031214177,-0.012477308202749159,-0.01497461681901867,-0.0024810829243551388,0.00415512768797154,-0.0357115220248048,0.004065283660064045,0.00016607145696438466,-0.001086934658800233,-0.44687839858777206,0.0035310243497628773,0.04596502650631933
0,1703936,-0.3382391260052025,-0.005646604207489679,-0.006148574439734942,-0.0024321019651504672,-0.0004598990615063783,-0.019422036431917852,-0.0036225950495020337,0.00018961577142836592,-0.00014568716672970193,-0.3986079193859074,0.007609168147219868,-0.2174766723682108
0,1835008,-0.3845361612343255,-0.009114793116090345,-0.011825727272055019,-0.001460396442322916,0.0006454291513319237,-0.027188748606872582,0.004287096986962709,0.00026788457993496596,-0.0015174751588168571,-0.5073512884106773,0.004477122894455782,0.047327876146154024
0,1966080,-0.35974702657862323,-0.00840607145294108,-0.012446295218281982,-0.008159018065052977,-0.010278733570370837,-0.02075945904578688,-0.0006197846271907289,0.00031430307712591486,-0.0008915118662728212,-0.3272454630728457,-0.00419524242955296,-0.24693709099595487
0,2097152,0.16665683519059082,0.009895884771184449,0.024632093377059364,0.003743555146707607,0.0209399383983588,-0.11459106409342511,-0.005717770710646945,0.0036734510994038696,0.008435870666957194,0.3649401508620491,0.018131735865025044,-0.2586416498185917
0,2228224,0.4774316776676645,0.01544818197890339,0.014992153342008329,-0.02316571809940898,0.09099494761905731,0.02881106571455879,0.05863025065952714,-0.0008615740323123075,-0.0013971861770150635,0.04075653880679501,-0.026550238605925647,0.22096046729682356
0,2359296,0.3153447427405668,0.025335310956555678,0.036753455917274275,0.008017980015258941,0.0488486134644225,0.032610571516741314,0.025792930258319694,-6.131184031688656e-05,0.0012736865250731124,-0.3402657387759731,-0.03266106992845209,-0.13303458806104565
0,2490368,-0.3887662036751401,-0.009217519000537194,-0.015566748214299599,-0.010276880015985134,-0.0032464271497790066,-0.01442623080879049,-0.0026048042262782757,-0.0007523859955819744,-0.0017992664120549666,-0.39514540450692254,0.011820731727390418,-0.14637739826724028
0,2621440,-0.3608822921899009,-0.01257676695186521,-0.02055388729831126,-0.021113188291254054,0.012362823557092027,-0.026330117254917712,0.008744943420206189,0.00012111373721445915,-0.001169480070936562,-0.4917723996452307,0.0006508641706505196,0.04372212341242038
0,2752512,-0.3606213853346792,-0.010778551087355924,-0.014824588516551638,-0.007081118348034689,0.01335428603053379,-0.032063041972802964,0.00369813017700215,9.377126979309732e-05,-0.0009933381512254003,-0.3997181767446815,0.016502281572733746,-0.1402713307946059
0,2883584,-0.4008788756318777,-0.012846159601378578,-0.01938293775524917,-0.014885701761781998,0.007583024895703245,-0.017816828531224686,0.0004910872892535163,-0.00015620916614388002,-0.0016411535223905735,-0.4497097786881492,0.01718410304803294,0.05742414010881451
0,3014656,-0.2374114622154501,-0.008070117894294751,-0.012713144029573605,-0.006589502307365422,0.027687621457678013,0.0183707258424977,0.012049388790004037,-0.00032359361619262845,0.0009847219274166192,-0.43610296023301626,-0.03205002929788788,0.20764673238862297
0,3145728,-0.3516500600602746,0.0010264933656931466,-0.0026249618949186686,-0.0035906651900633815,-0.014734506888455816,-0.024687511774613598,-0.010004796983505208,-0.0016992271928265499,-0.0017854323590144406,0.20990679565102383,0.016493478853981,-0.3617960697856297
0,3276800,-0.4026637215622391,-0.011794659599478997,-0.01778652208939991,-0.005104328581055672,0.009079688574937381,-0.014774906006248147,0.01215796795622068,0.0008913970799781165,-0.0011183490517644443,-0.470111175099365,0.0010056087079196605,0.05351167569139284
0,3407872,-0.5216525627817153,-0.01159487632532809,-0.016753469055798293,-0.008990733534700129,-0.005822336407420848,-0.019693385011273996,-0.0030756994823189793,5.109794123569197e-05,-0.0018844461958419177,-0.3544933054347358,0.0291771250956751,-0.02681096273395577
0,3538944,0.3151477402327632,0.0052632950002401094,0.005275612445483622,0.02969971942373228,-0.0014849942518726797,0.01238021344612113,-0.011157496375160574,3.292673195406824e-05,0.00046234254604044954,0.3335245567277339,0.0008798487904263335,0.2846912540284717
0,3670016,-0.383960198556857,-0.010507883553176875,-0.01559746393187087,-0.006212433664982119,0.010535051698847482,-0.010412610608256458,0.008035028991931727,0.0005786390959382334,-0.0023909931531237304,-0.5096812983566648,0.00256557251850152,0.03952282586984922
0,3801088,-0.4742220325650275,-0.008025284632135865,-0.013446410041699476,-0.008715000941424215,0.019401861852380846,-0.013724600743319661,0.008193585296355594,0.0005505279350797343,0.0016176073362265705,-0.39888094510358124,0.029784285946811002,0.023437857605958307
0,3932160,-0.4037381476627518,-0.010161711692446536,-0.01498904788180421,-0.009714530078255151,-0.002678228869852948,-0.019846479217121214,0.0007810664157823813,0.00023750540009098416,-0.001505387326147251,-0.4152866479221151,0.018581919465516194,0.1024793280681162
0,4063232,-0.4048892608859147,-0.006059187840520362,-0.009015979739455502,-0.015398156326622319,0.02409765706238853,-0.025561755812911313,0.005887128722844129,-0.0006947512813000689,-0.0013892703422664107,-0.4375233846398141,0.035785680461693004,-0.03369778688426952
0,4194304,-0.35569658302793816,-0.0025183027526908177,-0.0034943225625331123,0.0023622562601129608,0.007792282568232283,-0.012318926829729241,-0.00813329306050218,0.00033075682229662074,0.0016906682401365309,-0.4728992716764482,-0.0008339486529950563,0.1319293875463849
0,4325376,-0.24948191011272394,0.00247957847241554,0.0075509334802911394,0.022318780407267896,0.01569100553665271,0.028986257973625536,0.014332304152928372,-0.0022017813135322764,9.98866147865059e-05,-0.6007684347685909,-0.01935564172176504,-0.03673348544542017
0,4456448,-0.44258439700014635,-0.0007775742897156271,0.007230064603185419,-0.033424490435351166,0.009269257587734626,-0.03192104470747984,-0.0001885003064660834,-7.304527168072667e-05,-0.003926374288712927,-0.31954250286921426,0.021624875230877038,-0.12943787340943597
0,4587520,-0.24718194861894421,-0.004799474770948875,0.0017337926164160227,-0.019571194340654876,0.033253270151712346,0.008841636977617603,0.017224114246463976,-0.0005837207648937603,-0.0033723057791388332,-0.12126352271786633,-0.041548800592595574,-0.5006262184227476
0,4718592,-0.47242138450616206,-0.011568650725165733,-0.015035658793519499,-0.025172636061821886,0.00953132914187432,-0.022523420692832554,0.007911099127733022,-0.0002655727910683681,-0.0021669436944066747,-0.3622680907420478,0.016968716317818523,0.05416649740554955
0,4849664,-0.4759526584915528,-0.013217266166628378,-0.01858240618059188,-0.007009408839464327,4.272731770903062e-05,0.0034929710829671506,-0.0014811949954710757,9.532994320805067e-05,-0.001672086964608671,-0.42770618397528026,0.0041217662330808565,0.046625999809437525
0,4980736,-0.31942618448884846,-0.011530967421838607,-0.010434191786197955,-0.01157378139561719,-0.007857040150887638,-0.032698102011011004,-0.0070770264289660885,0.0005794192449446047,-0.001506569434192497,-0.4238299129060231,0.07098868473470438,0.10249811999676847
0,5111808,-0.41997142242517077,0.004338098264462036,-0.003966050685115067,-0.004422524224989537,0.04790157313091823,0.0325030568253789,0.03719986216906055,-0.000183016244027002,-0.012252367156382001,-0.19582221258755633,-0.02516602998188826,-0.2162737863050513
0,5242880,0.13804667841220392,0.00366876710000958,0.010526336437323095,0.003645981767833531,0.019675417294807557,-0.02159761497705167,0.003425849765800471,0.00022211078628236582,0.00940982037298163,0.6216893878114964,0.034818092221765094,0.1332739430524447
0,5373952,-0.41991064623692537,-0.013321123212958001,-0.0027051560999273,0.06100665498531375,-0.0004573894673747204,-0.03837491105052427,-0.00981758214377348,1.1088431859824661e-05,0.002866775388042152,-0.30879909962900975,-0.011116573504345889,0.1316129998499455
0,5505024,-0.3083017293477986,-0.0009403457194765408,0.001429982515527349,-0.04170381121843934,-0.008329595458115817,-0.024650897401560002,0.007842316307214586,0.00013837868798154796,-0.00470250059843757,-0.5030745689156975,0.019332439783969656,0.07955343404578154
0,5636096,-0.1688521108740406,0.004867417677610851,0.013460029832536755,0.05937952670117438,0.05318762715609213,0.0003332903979239064,0.022823830178461575,-0.003152244979865057,0.003783419276986472,-0.42665064310327855,0.009866912632179899,0.23364294718984982
0,5767168,-0.31530587614426736,-0.011963348390425446,-0.014043085560333573,-0.0194118189749026,0.0003526640630754794,0.007271834577460318,0.003243421073632237,-0.0005874734975800992,-0.001979349878055951,-0.5536362861095177,-0.010695280327743556,-0.06150956140300573
0,5898240,-0.361110477306105,-0.03721588335528995,-0.056760854655711034,-0.09072006109274776,-0.029073494999862056,-0.07286671129850343,0.00800747071167537,0.0028416290757686397,-0.012710547036814651,-0.2008900883312376,0.1036194598964431,0.024183322239841425
0,6029312,-0.40715782000216216,-0.008882053834293198,-0.011997077460966142,0.006316865253366731,-0.005425346925389728,0.009952147825299854,0.011804603071346958,-0.0008134424090933874,-0.004848334846555627,-0.3195741616858525,0.06081326534251583,0.1524148813431579
0,6160384,-0.299168436008542,-0.016551614005919778,-0.01439566208484391,-0.0074799051513937545,0.0026436865714550865,0.001678415108271442,-0.004929337566526721,-0.0006935016218024699,-0.003333001945968115,-0.10194899560559641,0.12087065869948534,0.426306785630195
0,6291456,-0.10058502061604317,-0.004648267812884018,-0.004564633521616571,-0.007829634567352731,-0.002970540287103907,-0.045553431182491645,0.0019672663962537933,0.0016356545143820047,-0.003977246666439376,-0.16056352566066423,-0.01798514058534972,-0.6477196381894188
0,6422528,-0.1703814997095541,0.0046051912617049795,0.004279388702906061,0.0015697780156372788,0.008420539277665246,0.012598560196239013,0.010880024285327479,0.0009098563946527331,-0.0010166375391549836,-0.42585585375475377,0.03240445766215996,-0.3270782132002444
0,6553600,-0.4156920812992587,-0.00470966313827182,-0.006159502217341103,-0.0051328170468224596,-0.014145042090806652,-0.027751243617469418,-0.017791879503963222,0.0005397508491086181,0.000713053420153578,-0.4460237881755889,0.034788403759318874,-0.02655277488189663
0,6684672,-0.3535031651056506,-0.017473900720146797,-0.006333157221835301,0.042283806224766934,-0.03889473282188619,0.041946156937405416,0.0001314117202179236,-0.0033488918461474946,-0.001260540829863625,0.36830967950688226,0.0063292307892223055,-0.12018532627597518
0,6815744,-0.36907987521149316,-0.006256185601587298,-0.002105185879015601,0.0020166530064598138,-0.00022454519035698241,-0.014109703662560534,-0.000105152482898926,7.438321232036151e-05,-0.000736184328139139,-0.4976599092625396,0.015665312758995124,-0.09196690940363342
0,6946816,-0.6282192156272527,-0.010025656454877338,-0.011852932054555503,-0.03749536823451449,0.005474910951070912,0.030773813710384026,-0.01041065076875359,-0.0012813179164727637,-0.004215263297079214,-0.18532301188403788,0.025456956386058077,0.049470902714943546
0,7077888,-0.40502274420205586,-0.004216073704647943,-0.0005547771845718258,-0.005000729786608379,0.015373135974348206,-0.03605665660133784,-0.0033302586581917273,-0.0008645325964593757,-0.0019259168173170436,-0.3723979601384683,0.021567729869309698,0.13368948446668374
0,7208960,0.2511609408423191,-0.0058532094737087795,-0.009530730752553654,-0.038233903333217724,-0.03194069802193441,0.00968377821194262,-0.029185585697876517,-0.0011745084543562853,-0.001041700952813895,0.5132342475339847,0.020700273438760252,0.08826042328653204
0,7340032,-0.24031854971891364,-0.008185507598527214,-0.005678846322735338,-0.0053581527728945,-0.0091035701609635,0.0054169995158872405,0.0016411819567445452,7.908575564034604e-05,-0.002651733240336966,-0.11697904893708913,0.017543136065552634,-0.5870441879547149
0,7471104,-0.38396011336627883,-0.01180763854630639,-0.009010156615890797,0.013185900328423964,0.018366522184070574,0.007674837657804993,0.011587773410551954,0.0029617325668324502,0.00212562725575386,-0.5030779771534241,0.03086240827908629,0.005379312635575867
0,7602176,-0.21807481203201068,0.0025683003374072817,0.011028347527567402,-0.01521211897462002,0.0022731614782544917,-0.007560894810495585,0.0018476678431227779,0.0008010224152785868,0.001212262425164932,-0.5605994630509734,0.023911709360934254,-0.1549102397441706
0,7733248,0.27989328357256116,0.030985562321432254,0.017177052800393014,-0.007133173274514073,0.0020671190619470335,0.00015912212716758095,-0.003979958250224991,-0.0005740653272391598,-0.0024252845905414866,0.46396763209545017,-0.025712577487688477,-0.1659251690908406
0,7864320,-0.39640654822954696,-0.015719064796650833,-0.011705824774679428,-0.0043156659173017,-0.015089114574109856,-0.0190288412050309,-0.01675199623633253,0.0006817151923676265,-0.0021420019046445977,-0.4436382703422685,0.002334185009731929,0.07218677181733517
0,7995392,-0.27572582107380295,-0.0046281654215787225,-0.00560640859440683,-0.006952935324788978,-0.004628574692617318,-0.027187794878482774,-0.010084985235746203,-0.0012165571918767652,-0.002474709518001656,-0.39296572181909417,0.03787823214162591,-0.23065009410797777
0,8126464,-0.3042132134296573,-0.004004598884437927,-0.001794502346122679,0.01339386893816615,-0.00023242464681232344,0.0301659867308963,0.006484201578228293,-0.0018714863841876278,-0.003995946678297677,-0.48634112859683515,0.027199391638528143,-0.12030325014783044
0,8257536,-0.37130689874179196,0.002919078781014122,-0.004218084698243045,0.009653605588005683,-0.020584585937329165,0.006707923592087391,-0.006913403663512386,-0.0025000186188539734,-0.0023859848194590695,-0.4298733790401687,0.0021391716251329697,-0.14079786489440152
0,8388608,-0.317498760436839,-0.0008302648457471823,0.003760640601754214,0.014946508089930782,-0.008116834113267047,-0.012494011714399155,-0.003954317493207979,1.0335538894973998e-05,0.0029722430363396013,-0.5668522217164486,0.057963653976315165,-0.010600208436856384
0,8519680,-0.32825376216389346,-0.004537353044371693,-0.004635407711599499,0.00018658365557553368,-0.007073929406169126,0.02783215725026546,-0.005278042018662724,0.002301665394108082,-0.006287344541020018,-0.4666986889011003,-0.0044957725178414905,-0.14241929339539264
0,8650752,-0.3389310031529482,-0.006891466207350954,-0.013819080651804509,-0.015562809990922742,-0.0010658786731874786,0.004711056456976055,0.0025135907739460605,0.0008150992891179493,0.00011267555726867179,-0.4554121111887591,0.016853222921866716,-0.14331200513585152
0,8781824,-0.3094480059117147,0.010800420146617161,0.012906026242718562,-0.0494097620171526,0.027467372857847346,-0.05163149907719242,0.030274971314173567,-0.0012610998522294729,-0.01658888732300174,0.4804877568797745,-0.002590958177117959,-0.007133240200459972
0,8912896,-0.4403403518112149,-0.003048906317371913,-0.00782670791086793,0.018590455181226394,0.015604067440766175,-0.009928646221393288,0.015523912771618896,-0.0015773888082961903,0.00017431532967793897,-0.43573728351603175,0.0012100230275387282,-0.050437941663995935
0,9043968,-0.13112269252678674,-0.004029926411346887,-0.005738726980499096,0.008806460739020697,0.028240422989592014,-0.025977318297186015,-0.00247551791001235,0.0013912851663817262,0.0024434965659452146,-0.30293196903936004,0.026427490579035283,0.46041469279483394
0,9175040,-0.43125667089331216,0.000776358298992491,0.006846764139363363,0.0026893488547298757,0.03423427769469794,0.015827345359893774,0.01419064671185644,-0.0010336076360048867,0.003763209877866823,-0.4336903403757575,0.0022921726399064302,0.05339925751761834
0,9306112,-0.3491874075674162,-0.0030661721492010866,-0.004817216099706318,0.003930898932034303,0.005102748904381471,0.012765177737117663,-0.0009604060725077076,2.600675290746778e-05,-0.001841380772406594,-0.5125733753158244,0.014528438149167027,-0.09120077154732983
0,9437184,-0.18106480379471257,-0.0019351523507552893,-0.002887436899537156,-0.0055378145529061075,-0.004364776380531034,-0.02705586185562274,-0.010224797184969932,-0.00014663320594218132,-0.0008903477776986839,-0.5322451869328969,-0.0017666694850040745,-0.23188051957942335
0,9568256,-0.02433534279899842,0.010406309856247872,0.014925771520591505,-0.04530086469625158,0.028086869140122837,-0.018781398789604668,-0.004208491157434454,-0.0038955339488321236,0.0018209055546740624,-0.06197766141106489,-0.0418426816590106,0.744418169467167
0,9699328,-0.2469612623708663,0.001948842264523617,-0.007341373461225832,-0.006833793768979373,-0.00912029866644468,-0.0032227577399810106,0.002821996941999354,-0.0005129900606053706,-0.001100065926280673,-0.5645220154774496,0.008742885744323166,-0.14687171757732104
0,9830400,0.3482319709318757,0.019744079927620263,0.0021948286320640363,-0.03649425554223581,0.009902640807760474,-0.05462278060800323,0.0002805608931469165,-0.0006908759492443198,-0.0057699878450125875,0.40506741956887177,-0.026192627855049857,0.09080797143911508
0,9961472,-0.09142960545534166,0.0006860634490691638,-0.005662936473094184,0.00808288597544113,0.00273641691266395,-0.009662027673151226,0.0045200400289191495,0.0003392425893778889,0.0008782221368967026,0.6400669379739011,0.0053966406861617865,0.23053898064598202
0,10092544,-0.25680490155524055,-0.003502204620439969,-0.0034088131557935423,-0.006801639745014085,-0.02166447445572146,0.008782785395909692,0.008002286086667794,0.0010403270625144324,0.00017349239099466787,-0.34123930275697556,0.042144961510295176,0.30643481126443306
0,10223616,-0.6696749986166304,-0.00497851929164393,0.00019024253378671464,0.009709150198118093,0.01805870237360184,0.005715969972744205,0.00213428265564288,-0.0035302630279964503,-0.007493456065828945,-0.026418308744370785,-0.042903956097456654,0.20919215042217906
0,10354688,-0.24685193263681113,-0.010276866774980896,-0.007064759558100518,-0.004313542020833282,-0.022413580559435112,-0.014632339855401341,-0.012993175060097478,-0.00186339167188117,-0.0003643507574286862,-0.2485762335267558,0.04307687157214603,0.38757295600612857
0,10485760,-0.09063669088566624,0.004902020638517306,-0.002707873207364573,-0.02000124046870541,-0.0006685788782500869,-0.06025427124547277,-0.005173856199327679,0.0007012099726849676,-0.0035170332887411726,-0.10272765936677891,0.10168948915671101,-0.6070200766917799
0,10616832,-0.23940659202555006,-0.002007433116304063,0.0013214555037637684,0.0028764969706450523,-0.012757764300138908,0.02571394699483757,0.0004543128815270755,-0.0012977512309037557,0.005130756045579975,-0.20512177027070658,-0.002371507577581354,0.5015402130824618
0,10747904,-0.2644975941127895,-0.0036315828425350113,-0.001423466598623871,-0.004646818526797994,-0.005202310827520429,-0.009617066367536372,0.002623739578456467,-3.518045508069511e-05,0.001519079815440567,-0.6275002952387386,-0.008297961917183957,-0.07100490371929649
0,10878976,0.23246956703071206,0.011336029987384581,0.005993570292370789,0.010454481911689208,0.014203299541242251,-0.011204593079744066,-0.0005655069848951579,5.370359265819581e-05,-0.003764762890543981,0.49753480791987637,-0.050700835678215726,-0.16171884109066761
0,11010048,0.22790220606762582,-0.006419757886411051,-0.011012863752459273,-0.056070424198729645,0.014747305161463196,-0.07606312634206629,-0.07048826791611691,0.004526708644305286,-0.013025953342215188,-0.382809569482261,0.03465090033184306,-0.10228291687450325
0,11141120,-0.23595509193525543,-0.005669020611631899,0.0039544398716190475,-0.013740376790380919,0.04231341519771641,0.020193121835451994,0.011790689402390782,0.0029587017210267034,0.004812578539973317,0.5757850308889821,0.04513159658088526,0.03769593662468611
0,11272192,-0.2939660325440581,0.0006448502025839023,-0.0013765576300332919,-0.00982016978659778,-0.020479065331686086,-0.015130035279812206,0.002091336730050246,8.584364913555824e-05,0.00017173753536104625,-0.6269898831980852,0.013218029996571741,-0.016026458116024746
0,11403264,-0.35712494404147516,-0.002755788393346256,-0.0031102314304103235,-0.0033743487407484015,0.002156106950564739,0.010682201062299574,0.011636578048549381,0.00045838115449049906,-0.0014927081497654534,-0.49057667974322167,-0.0029894807074277753,0.1136425515777008
0,11534336,-0.16790693656117742,-0.0011440815136577731,-0.002144247230743944,-0.006053426699509679,-0.006665600121370887,0.0003759362172149801,-0.006798098897929882,1.6306832609050718e-05,-0.003122532420355057,-0.2760950976149584,0.003831079074528349,0.5258466568159446
0,11665408,-0.2505439815461069,-0.004838653136377656,-0.0016521878036905259,-0.001766420863539774,-0.006566958153354513,-0.010162630232348107,-0.0025945215825715494,-0.00167050529801004,0.0007470466976666765,-0.4701881408126832,-0.0004953173655823896,-0.2487736365080687
0,11796480,-0.34041070543624796,0.0013450224064491744,-0.0015663121793880355,-0.0022648549966118605,-0.008543667061952125,0.019965526574885744,0.00031238637061600094,0.0001535325102420802,0.0015607307185879667,-0.37938356063976103,-0.006029258775916692,-0.23846444232934133
0,11927552,0.1317239309682331,0.012884758039627566,-0.001141565674967733,0.008408776020337625,-0.0015002852541010794,0.00037798374546037114,0.0022599026316722326,-0.0006524101746502513,-0.0018391144118670051,0.6940703311041582,-0.03328908836827602,0.11185185360664886
0,12058624,-0.2976039672256719,-0.013583858525894454,-0.006989795180227897,0.0156999483976276,-0.020470354820154624,-0.022724826156084756,-0.0012481567241207857,0.002933697935161521,-0.0013541524711843177,-0.530115726947903,-0.018941128112930496,-0.06833438750303872
0,12189696,-0.2540352772774371,-0.0026916729495036406,-0.0019938167369462642,-0.01198666540787122,0.009846474736131835,-0.0007176598405919046,0.0015093967398918543,-0.0007098630699351512,0.0015198180374042347,-0.19060968014023258,0.020123692219094057,0.5042559828449602
0,12320768,-0.23964121061974203,-0.0031657222455160447,2.1174979410874594e-05,-0.0018100521790164806,-0.001520872667894472,-0.011286536349489534,-0.00024256734668071686,-0.0006794281972906018,2.1288962583544767e-05,-0.3632733426743569,0.01880934102620628,0.3595284627518125
0,12451840,0.17638848359023784,0.004010251712378557,0.01085111664991424,-0.010988014878077466,0.029766356613367316,0.011388451255562657,0.03554997832435755,0.0022770409245149357,0.004011445947831883,-0.563461727624501,-0.014192367740709097,-0.1371147647385475
0,12582912,-0.17568527877977874,-0.02954616423408439,-0.021429353303681047,-0.021452065852200677,0.015438297884326584,-0.02109116082017353,-0.007853635864557562,-0.005126615907731122,0.0028362007974556693,-0.07412612232593535,-0.031034903337275408,0.5943802008927999
0,12713984,-0.1820050886549918,0.0006850096997485736,0.00509869139183375,0.0041958878302498955,0.020927248143477496,0.011689354142316736,0.002701645329791512,0.003508884238868379,0.004622500459662344,0.20398587469933321,0.028588759796344513,0.5319910556133818
0,12845056,-0.27588961812914686,-0.006257680282252663,-0.009894174663944183,-0.004611391236095088,-0.010506657382512505,0.0173334823879281,-0.00624053172505582,0.0009535167850899047,0.0019228841597875369,-0.4625931596022721,0.015030479837352497,-0.18876642380856273
0,12976128,-0.07402175558617125,0.01743556031883495,0.009150934895395535,-0.034535420828863884,-0.001747183073202139,0.018039235049585836,0.00218004787512489,-0.0034811025062054823,-0.023870570821561254,0.4347501554299386,-0.06080861111156624,0.31997942250354994
0,13107200,-0.27636868029010553,0.005029527022654598,0.003984063155630161,0.006674249511584976,0.01942863175894267,-0.006095673661695622,-0.0009797385725908673,0.002442929305122578,0.003570252836698927,-0.3704209966011035,-0.005015238392021163,-0.2999900188918494
0,13238272,-0.2688287000630691,-0.003490854321409514,-0.0013778218954848373,0.003795723846091231,-0.007599209668578727,-0.007666206441992002,-0.01088480823481145,-0.0009387972520010906,-2.725194239723678e-05,-0.46470572607159194,0.0267765307992466,0.2039083694633263
0,13369344,-0.06621660598944394,-0.00729325552719283,-0.0033814283941632317,0.004963129498738326,0.043472806317795126,0.03212271186885139,0.007935290344365548,-0.005299548539141589,-0.0006276955777634259,-0.606000671109024,0.03473205148982652,0.18795480534369405
0,13500416,-0.17489707372776173,-0.0033425344715578855,-0.0031756164207985796,0.002152740723197744,0.017686654580691498,-0.010753934571483452,-0.0012589659710314225,0.0005112926168922762,-0.0010211018954494316,-0.634332844168299,0.025220097497933146,0.12564714335490373
0,13631488,-0.3886828534984403,-0.003234171765808731,-0.0013369859468026761,0.0019657162056170947,-0.00300872849936546,-0.002109679282936852,0.0022693537272803154,0.00018499546442386858,0.0010616522648997,-0.5153709786971009,0.020388431710345923,0.06038645293697814
0,13762560,-0.3820790836072166,-0.0034932770877240424,-0.008064990427451369,-0.005943310220926754,0.015024503957022239,-0.00440912788247208,-0.004802095028794886,0.0005916980573289649,-0.0017198020900882143,-0.12652268237891873,0.0003098340166759204,-0.4470395952453802
0,13893632,-0.24138961862470215,-0.0023593209122681,-0.002502568983254463,0.006214605443918106,-0.011600386910761701,0.009832434476385838,-0.003928330928396406,-0.00018095866514683962,9.553141354411705e-05,-0.5493460943381931,0.008008752761829947,-0.16454139654159913
0,14024704,-0.2996657369848537,0.0003380530385363868,-0.006046852100652629,-0.02034517715744079,0.03086823953931785,-0.01541320342541321,0.007967244993279858,0.0002133974530822087,-0.004656677590608817,0.36606044168139595,0.01144444738354921,-0.23698052865186936
0,14155776,-0.503646588545561,-0.0097507682486459,-0.005589807163681789,0.007708818888174214,0.010077296511231024,-0.06365266565580523,-0.00401063573607253,-0.002674374701585846,0.00172960630158099,-0.26739527888603326,-0.017938200678693228,0.105825958682935
0,14286848,-0.23644348247387864,-0.0005437324150120454,-0.0010394856530389163,0.005393154708694052,0.003985478114538807,0.012250761102649377,0.006092024295585952,0.0006739751299859152,0.00023003681152600276,-0.3962949238195331,-0.017108413087372303,0.31994453238818493
0,14417920,-0.30491568367098554,-0.00665664035044913,-0.004437901304688482,0.017142518654418175,0.01639835470660377,-0.0030130521236357995,0.004002525812722064,8.180642458762714e-05,-0.001513293559890437,-0.6251034129133,-0.0049043317745608985,0.011830478704158117
0,14548992,0.027296967819427604,0.003251880919986714,0.009939108198081166,-0.009390811831788807,0.013470183998978435,-0.012663712474752543,0.007734503843563265,-0.0008775189863333171,0.0022184247642724813,0.7213578234911439,-0.05872816885567805,0.13307089481599377
0,14680064,0.22648201562176376,-0.023977753580505155,-0.0018828653296100034,-0.03474717275902867,0.004708942688619436,0.03649300697003266,-0.038019559936294994,0.0006247271610036695,0.002506241969847517,-0.06498816790099655,-0.004718858714361863,0.5608506873679358
0,14811136,-0.20619866590096336,0.009143637389543009,0.003377102139342539,-0.035007847391743285,0.021761524853281172,-0.0064148469393207515,0.016473083407653345,-0.0012501888126669476,0.0012426086905854272,-0.20927830530260733,-0.027686065264081298,0.46216612390821155
0,14942208,-0.2792029539192869,-0.004853630034722108,-0.0031383297466600984,-0.014964895875878861,-0.017801653977236265,-0.0009126109571158764,0.002748864804547315,9.357781327168677e-05,-0.0016837503496907236,-0.5373794510633851,0.0051026998755796076,-0.13211758158262538
0,15073280,-0.17374237033781348,0.025886023206295815,0.029280319306232712,-0.0061526860327268595,0.0008911960852581332,0.10336563686680633,-0.007258582975850238,-0.004733212369956126,-0.011873656388718037,-0.2765930850744901,0.02986572250436559,-0.33035750885148657
0,15204352,-0.43540536574935446,-0.017580349685951614,-0.010028970934388799,0.06188046091118726,-0.00033737231026708596,-0.03714173918469954,-0.03852042763859913,-0.002747178686257239,-0.010448949287123652,0.1455929197006875,-0.026771733719041884,-0.21354453219244182
0,15335424,0.23608024241090067,-0.0058370482557590225,-0.005961330903875252,-0.02037956549245091,0.015216612856096224,-0.02274074438964797,-0.010847794919365623,-0.002096419905864121,-0.0008788150086521878,0.38402036043262594,0.06886493787093491,0.22707612755382717
0,15466496,0.18874004524971588,0.007715226981641719,-0.0003724419969019161,0.011749285910227667,-0.020994186313501733,-0.004236704272151502,0.0043285015719639304,-0.0011390814230172214,-0.0015837205740990385,0.09562085359331281,0.03335327452842227,0.6301666775850443
0,15597568,0.014693635834686695,-0.00486304925628158,-0.006375508278604713,0.006079339942171323,-0.005449334922167508,-0.020704472084526065,0.01116706452092033,0.0007404038005962607,-0.005656825029993691,-0.00044735153901000386,0.004554863408028567,0.9192681513830132
0,15728640,-0.3835728156010886,-0.007030549670590598,-0.004671997004285823,0.02729280505536581,-0.023134165361035703,-0.04669227536384276,-0.02238168096538251,-0.00048603804343941255,0.002987914835215537,-0.2343093567421063,0.014805055794166222,0.23263534556348076
0,15859712,0.006084881334077039,-0.003472171535888791,-0.007020784357022796,-0.02545709553905629,0.00425416515888106,0.01847167981038672,0.014852852145402377,0.0001375871605843814,-0.0027384566330942994,-0.25152183785427007,0.003671435135143615,0.6623170533361926
0,15990784,-0.26324513290930296,-0.003205259282338196,-0.0030011768337300615,-0.00527891812881072,-0.00601977080429075,0.0006271954950581102,-0.0015518841396354051,0.0003757317142802316,-0.0015869530844922596,-0.5393450808948805,0.007217990287373182,-0.1685449064258076
0,16121856,-0.49633624168811036,-0.017881644315918228,-0.0385718328909856,-0.05800439276757814,0.009782601603147601,0.04659634659016853,0.012673699990954718,-0.006786792320287431,0.003006113457716945,0.05469710685524202,-0.12616822130264152,-0.1294950062172489
0,16252928,-0.2615468966546667,-0.009826645744268135,-0.006993155109121164,-0.01258345021518415,-0.0027965017272722575,0.01775031226912789,0.00409040678810881,0.001611930878921739,0.0013090858379033417,-0.24048328805369767,0.012724987426823786,0.42828333929490436
0,16384000,-0.2919280407934683,0.0002054923140318097,-0.0024837086857099114,0.020748045840602716,0.00655727993475178,-0.008810550747323414,-0.005604830126635347,-0.002678260880508428,0.004351824836545242,-0.5805944229263068,0.027110925919556415,0.048926616994559816
0,16515072,0.20962174233548755,-0.002641039786335732,-0.0009588881636709199,-0.0011581799568783412,-0.003678124671490154,-0.009538391759391359,-0.00409203209329296,0.0007354444416561448,0.0013126419469239614,0.5493382131920085,-0.003819031043481691,0.21310627060938267
0,16646144,-0.2366067436747371,-0.0016866358213163803,-0.001718780626767244,-0.01168760616711768,0.015218463550436453,0.0062703707457335105,0.00577742463448184,0.0013628424340571747,0.0013771185365379795,-0.2776650809627181,0.020881736363866362,0.4197471964822302
0,16777216,-0.25273528310901433,-0.0005731192281513323,-0.0008668758320712041,-0.0069976811735343114,0.004857789990439221,0.00209081570806915,0.007629472429475508,0.0007643874749291854,0.00010422109594395729,-0.5106960777003212,-0.002711752441949535,0.209972523816101
0,16908288,0.013747814832579735,-0.0008006836739783106,-0.0004112230739005222,-0.007624889375817792,-0.0003209704020636529,-0.02026872509982057,0.004517686055984515,0.002590124275255116,-0.002459841086225589,-0.2577262534249604,0.04144176619158138,0.6480900225078324
0,17039360,-0.2610030502824967,-0.0010055542512240434,-0.0009163083505910747,0.0026312355427668705,0.0009103074825059174,-0.014404120661424909,0.0017993502300792412,0.0001991736776488724,-0.0022806008314990786,-0.572371173242609,0.016431885987936577,-0.12604723945921767
0,17170432,0.275613738447996,0.012234982032494776,0.015529765708804601,-0.012875061499073914,-0.012954936964257226,-0.01881846424988577,0.004085233286634814,-5.218273316103353e-05,0.00011018607164190982,0.48851100730027053,-0.04360587880643826,-0.11560856289934116
0,17301504,-0.39953519603898374,-0.014213169681664195,-0.009072891226125765,-0.02914505878183152,-0.025482122915016826,-0.045546710965393096,-0.018152889293551557,0.0006580052613191595,-0.00017748858937933806,-0.09397765939140397,0.03294983021625429,0.3310889776390766
0,17432576,-0.12792357115460043,-0.0026118943622983697,-0.0038809212536940513,-0.0058302432985484366,0.004386979031397658,0.0009983226457203308,0.009675239995267619,0.000868379569271651,0.0012244471029871802,-0.5622946595842497,0.01950189604282025,0.2608034459591443
0,17563648,-0.3375906839496438,-0.005246269476567098,-0.005522463435255292,-0.01209328461794331,0.023377817666424834,0.006813950509771224,0.01176576310768382,-0.001011343144871924,-0.002506152802851146,0.15396673522027676,0.04185450738388164,0.39825102868482914
0,17694720,0.08396505172906894,-0.002902141352464927,-0.0012503900165931811,-0.006130210092309664,-0.019760808094043493,-0.012555771869823264,-0.021623260018098705,0.0005807045135538604,-0.006256789774386745,-0.11576348290992396,-0.016959767351574357,0.7122516222781589
0,17825792,-0.1219600507703207,0.0076270289439833265,0.01856231415157489,0.012175342701160144,0.013581459705862645,-0.015348656392658878,0.006405670042154895,-0.0003038777221735054,-0.004310664104397148,0.5313762251819266,-0.03691251583374335,-0.2314361944500439
0,17956864,0.15357661536854306,-0.01428246458626146,-0.004806594951807836,-0.03344714177301945,0.05559552505688522,-0.012264056639605109,0.018543759133397782,0.0008241608395621092,-0.010704271996926125,0.22761032576288198,-0.02747848731180942,0.44086659657930044
0,18087936,-0.12618166926475327,0.0005334106546138684,0.006340570589547964,-0.003892453827015256,-0.007815432731923163,0.01952774758166462,0.002077225517970873,0.0002757930015058083,-0.0005716231484738873,-0.6113980981780603,-0.003020195331035177,-0.21836578017343575
0,18219008,0.13748264785931644,0.0034989043874796857,0.0019287388307263548,-0.016163994019933823,-0.02124041467934502,0.005089402027821462,0.011706089329372412,-0.006623143029542219,-0.006980918797316478,0.3892596663160945,0.0032706950876976656,0.396755385635354
0,18350080,0.3542165575897854,-4.768641048941515e-05,-0.003931885770616778,0.004865569104347321,-0.020175114256482905,-0.024608099316979312,-0.009374521851585825,0.002738159795424596,-0.005720429076207086,0.2579379019004957,0.041239500528279495,0.2751445743993062
0,18481152,0.21803914580985623,0.0064259489185353605,0.0024002707375513415,-0.00725974946197289,0.0019124668163200528,0.021700242537768557,0.025479685673247418,-0.00017621166607583922,-0.004153489378984952,0.35797783935538946,-0.04363104225703693,0.310843907387261
0,18612224,-0.15759707304059486,-0.0027100177225252257,0.0031896009075317745,0.005483502747097814,-0.002065502209241411,0.02106897558299517,0.006210486876212299,0.002601470108237258,-0.0037343500669267797,-0.3804357614733909,0.008308509729621811,0.40659474953562463
0,18743296,-0.1778359312663676,0.0019194578239446153,0.00028018812681416313,0.003830224607164549,0.00951960328142822,-0.006323562177193151,0.01134553967919677,0.0011263471707334482,0.0007283466395602184,-0.38596560552349585,0.011069728638450571,0.39005546506565086
0,18874368,-0.15217762174353675,0.0031137849072496856,0.005610452484871806,0.008105585214816358,0.016685463763016856,0.043816699274734576,0.030078062326131732,-0.00035147927001262795,-0.0026093033365473853,0.04924387612384631,0.06790329805529072,0.6203043734999452
0,19005440,-0.22283508946243288,-0.0010487911701561503,-0.0012505145886453908,-0.0035919298273463527,0.0032132920829332856,-0.015229326556327768,0.007285401318779161,-0.0036421325267301835,-0.0001883481589165963,-0.23410284526569236,0.005952799514233269,0.5016595295278066
0,19136512,-0.21407530361760002,-0.002443976149149984,0.0077455899445506024,-0.0022202612749108166,0.0009586086354248484,-0.00866980374259437,0.0023193752058933326,9.046405044696825e-05,0.0009783130943356436,-0.5936735047511467,-0.009118041647775752,-0.15770675788617097
0,19267584,0.14125549926561246,0.00017826906994921574,-0.0005015643280233615,-0.01371681552167438,-0.0035238642875700613,0.013603995884415186,-0.0013930475446472309,0.0013005513679520636,0.0002388114570761488,0.5593558217063305,0.017779890373430956,0.2471518691933185
0,19398656,-0.18455559062394017,0.002304903183284979,0.003316106805433793,0.02494431793678386,-0.006590212589793383,0.052569738925741766,0.0062526802100919335,0.0003423587334355803,0.0030747598825209437,-0.04865281856165238,0.019655498789771412,0.6477410137575498
0,19529728,-0.18649904833886694,-0.0050605674057432925,-0.002730558176497831,0.003062831540684909,0.02185411206355613,-0.005561991496235622,0.0016090263399840174,5.5323583113464787e-05,0.0011424359432180382,-0.23823276328573897,-0.010329779350017292,0.5238615624763435
0,19660800,-0.33758316495056956,-0.008543476577938157,9.314961504366902e-05,-0.016147982228020788,0.0056935433425708,-0.010891705970709828,0.004708587479930715,0.0002738857936453583,-0.005601874546176182,-0.28434165449527093,-0.0008452366156939864,0.32527573838442997
0,19791872,0.1429082874560776,-0.0015156175372691284,-0.0005918218768661602,0.0030448644538948015,0.008431924816268081,0.0019612721224624894,0.0056340153162207736,0.0018161828693335357,0.00014528534027997796,0.12245630440933339,-0.006442804666126771,0.7050516191358673
0,19922944,0.043806516680085804,-0.0012072849163954353,-0.004860930256140639,-0.0007593028040125641,-0.00355007331114457,-0.0056630884625779015,-0.0006449082704924836,0.0006240393701057699,-1.7368857854307224e-05,0.5892370215695494,-0.04517728515385498,0.3044521803477862
0,20054016,-0.23159298143525392,-0.0016822548498211258,-0.0021060734293006575,0.004363361651191899,-0.005795171332419849,-0.0011365770196902448,0.005879828723734785,0.00030328005363734533,-0.0002711843338839753,-0.39034109885130625,0.005298401982492822,0.3512297863372671
0,20185088,-0.1312787932633125,0.003579247303538522,0.01106066300127465,-0.018149110751706384,0.0005788903515810803,-0.0010500261274666877,-0.0014054127830657682,0.0006536433439862218,-0.0060649273906538455,-0.5786606007252106,-0.0012950325496143122,-0.24622365240858943
0,20316160,0.21774282538806172,-0.004228816774050284,-0.0005093861826615243,-0.014799908907954845,-0.01629206311810562,-0.005230460650148846,-0.01044663702289718,0.0008296229642578874,0.010442953870894911,0.5801452607510785,0.03075359358303667,0.10857847078685198
0,20447232,0.003005084855940316,-0.008460608038337257,-0.009460299822165064,-0.008140082195551158,0.005439713562979566,-0.054318565297351906,-0.007681601682940365,-0.0009013886094932375,0.00443266213763854,0.5680102087932867,-0.04481155920367604,0.28533822580063983
0,20578304,-0.16714854459756748,0.005436391058400169,-0.00043968404953997865,0.010442138184889755,0.015887881480485935,0.019509441293420717,0.009772280412458067,-0.005994520835319537,0.002613229043364181,-0.40789116242948537,0.01236049800431749,0.3425042286107513
0,20709376,-0.19954965095625973,0.002324056349244214,0.004091461351415777,0.019151706409079945,0.0044886286536579174,0.016827331474974387,0.010363290541530467,-0.0006902041528993049,0.003635938062080348,-0.42152740662773763,-0.015494621724094909,0.30185570369702536
0,20840448,-0.13702587032749775,-0.002461712422648318,-0.0025645368699395905,-0.004590530462594003,-0.0019209630791773092,0.008315774923508197,0.008243779478652121,0.00036533888264742096,-0.0007172688563444082,-0.35794819997704685,0.013088132481517302,0.4627578922384267
0,20971520,-0.14258031967893836,-0.0023223986684565486,-0.000485479287826029,-0.005839334049458303,-0.008035987489516448,0.0016510969235047275,0.004588292920125036,0.0002585772989560031,-0.0008121123759971945,-0.16131184279492394,-0.02277934227135733,0.64933521624094
0,21102592,-0.07221819569777209,0.0013182534541032814,-0.0007741273297103986,0.015174897423048846,0.0015364983172573975,-0.005682174918363876,-0.0072490394553133735,0.0008275632655609374,0.0007526156934661005,0.3314753959512189,-0.01492937990404822,0.5480618585901366
0,21233664,-0.18247733188793702,0.006058992149524772,0.0262954765510038,-0.003947693885875442,0.02357635707902872,0.024330236569638185,0.009593968451631027,0.0006075432205234516,-0.0008747384656227133,-0.5721596163239953,-0.010518172814187467,-0.13955987260103217
0,21364736,-0.1278139328984318,0.0066444435293027005,0.005561662352765601,-0.010943399046783313,-0.0006823633643796679,-0.02389906564977486,-0.005985094285746687,-0.0018687940005410455,-0.006447027422357725,0.4699120786474671,-0.04838196056950924,0.29186017823294025
0,21495808,-0.2624501432576657,-0.001809733095118761,-0.0015375575440142355,-0.003729444357404753,0.010470081880437167,0.0005693572396799363,0.009178762487815574,0.0019934993402157437,-0.002512076226389558,-0.34941168720796545,0.0035661614791723676,0.35277149588412077
0,21626880,-0.28901377150488006,0.0003391365611139988,-0.0020447739062942703,-0.007155914773777309,-0.0035886641530249656,-0.016831080295480774,0.003927810262638545,0.00033623226141580627,0.00036449624726265167,-0.20521722668073436,0.015539834195725775,0.4556410591576515
0,21757952,-0.2059232536612502,-0.0025150384656278104,-0.00012421696782846523,-0.012320875279003428,0.017166319599360713,-0.0007698905997408533,0.01171194913140049,0.0015594611007757385,-0.01124849857832603,0.0389238836695825,0.03334884897637206,0.6643877639707317
0,21889024,0.025978310794310965,-0.002699533913048392,-0.0014331407030291554,-0.006153638834405117,-0.009908644489937035,-0.012852127287765662,-0.0031869776981224363,-0.001409946131190435,-0.00284624995966451,0.26348813201610893,-0.012572462572154922,0.6574708356002624
0,22020096,-0.027103176334523544,-0.004704635749536884,-0.0014459765305409277,-0.005839258125191487,0.0033195803908364274,-0.01185282815923673,-0.0002726389624130469,0.0008580031056741891,-7.784371159111145e-05,0.1053263736577238,0.010699953026062678,0.8284997322466692
0,22151168,-0.18768788026544517,0.0025553435680910155,0.002257435680711596,-0.00117167205911626,-0.007716219969711604,0.00500627127345259,0.0030103109725377283,0.0003728811663054206,-0.0015466733819375104,-0.446825679851061,0.010745296216179291,0.3311043355954509
0,22282240,-0.20458062140412045,0.0013998926536590076,0.012233448414718373,0.0023374468748451897,0.0349050334888528,0.0019362592017480907,0.0001523241614059368,-0.0006775776257435589,0.001376032631274148,-0.6103794733782368,-0.008799198783860672,-0.1212226913815349
0,22413312,0.010144183526439329,0.002028429763584153,0.01644366830533857,0.021232755624261086,0.04661094759880063,-0.013870946752131004,-0.010312696876408237,-0.0008532457986643116,0.004334841261594531,-0.10238114156808023,-0.020888490810435204,0.7508986521142628
0,22544384,-0.298229205741692,-0.002640245595671897,-0.0035541698012760466,0.005006536280829667,0.0006900003607953941,-0.013020996582728438,0.013153342406371909,7.311869109509572e-05,-0.00016140909387646395,-0.5014647588444239,0.005010004657914767,-0.1569962119433244
0,22675456,-0.24031289824694832,0.00360020915807232,-0.008978387067758461,0.022914253426018927,0.015733994620121348,0.015930632982942176,0.01346614288912505,0.0018958683447118662,-0.008938568308148601,-0.13502569335242967,-0.02152819392473564,0.5116751576789876
0,22806528,-0.2043930442212124,-0.0009103895735717315,0.0008697855661564131,-0.0007651309260175423,0.004015349509477046,0.01185137125263341,-0.005410864148148635,0.0012369585898742224,0.0011443634365117753,0.1141894200307216,-0.031344386099923634,0.6238689366457516
0,22937600,-0.19824898154570378,0.0014570049497743777,0.0018144592076235705,-0.012308020413010759,0.0020090982256940923,0.005773025631676351,0.012744087719653272,0.0009827265630634725,0.0014483992179753896,-0.6055968516953767,0.015171015602498486,0.14244632922794978
0,23068672,-0.10606718296835214,-0.001278418412174819,0.0020663944570117787,0.0010379350195393886,-0.006470406947970876,-0.019979235995476515,-0.0014501111971517088,0.0010358616256802666,0.002683471521578909,-0.07964635785230821,-0.028536919934885004,0.7497477040678704
0,23199744,-0.2775681434408427,-0.0020316615036600023,0.0010489063192959315,-0.0072826314143839355,0.019268823242959785,-0.008939383857219008,0.007068174225624168,0.0010996906278292913,0.002845912795836635,-0.24374909461049601,0.006796538538856866,0.4223010394229957
0,23330816,0.12024481953392085,-0.010890107706362452,-0.010401274914316815,-0.017346790835909256,0.033510901154783494,0.023398781473574465,0.006935102672219614,0.0004936911896568449,-0.0005677995439880208,-0.5873230541642421,-0.021883961884652796,0.16700371492637325
0,23461888,0.1505929181462552,0.002020953449456832,-0.0004405899752042192,-0.00493228901777266,0.030095125616966485,-0.013667488461999876,-0.0019958295422640455,-0.000620076629130933,-0.0010011021776294184,0.4570492754223255,-0.019393701518474075,0.3181906500425208
0,23592960,-0.0655981119823189,0.0018616561622176585,0.0005276412341292593,0.01765989718473796,-0.010283691240802261,-0.017399962383492368,-0.0023264291039244217,-0.00017872948085238395,-0.0050704960486717375,-0.36830150950817686,-0.021860126507644108,0.48893174916303206
0,23724032,-0.18104610838773574,0.0007619328934097093,-0.00329850249784797,-0.0005002313529741983,-0.011025567435249024,-0.01369724809860136,0.006095087597624038,0.0018484669838093597,-0.0008582041239584956,0.7020316425746194,0.03363847587612493,-0.04519853217804582
0,23855104,-0.17589679609030073,-0.002580288668077927,0.0008939255810061288,-0.006750621685285859,0.003076395784107976,0.02203292165441303,0.03276494281833631,0.0017741578107123377,-0.003273508891028683,0.07878996196122091,-0.020583706836565907,0.6515827722189442
0,23986176,-0.1111857228829531,-0.0002603538471133009,-0.0024211795798253495,-0.0070077928497343425,0.01023793568782301,-0.029429288674616836,0.0029596279391696637,-0.002359957152245381,0.004380043354661766,-0.04758874196513974,-0.026742027055671833,0.7554273290110457
0,24117248,-0.2772659801025791,-0.014241764395040268,-0.010611974774730496,-0.0016510513904058415,0.012269006210941878,0.014213960955077804,0.00866482437957826,-0.0010957032829096572,0.003148282741964939,-0.4170112596911462,0.05961638151143685,0.18020981056418867
0,24248320,-0.218059424584925,-0.002274788649320551,-0.0006316380591088728,-0.00046031111700906723,-0.011104555400498671,-0.014728272680311722,0.0031619830511662576,-0.000699658284454551,0.0007480837101264675,-0.3406080450063908,-0.0059313458102766186,0.4015918936464114
0,24379392,-0.29185565998985047,-0.006728944795109764,-0.007825960741780685,-0.005541545391589059,-0.009052587728579094,-0.009763501028898855,-0.003685008940427592,0.0006134234188110327,-0.0007601777588692792,-0.5891291469801069,-0.012303529603393856,-0.06274051362258341
0,24510464,-0.26135104254416125,-0.001998005337434837,-0.004469753872696332,-0.05820196877353214,0.014327389079348704,-0.0368207701373298,-0.007829834104601455,0.0018980712109394563,-0.01259576684891484,-0.485120245442006,-0.08531060924582733,0.030076543403207843
0,24641536,-0.3114387915580173,-0.0027309765578058323,-0.0038158822968209403,0.010529066561241108,-0.0015477919272728824,0.006112934630911844,0.0042119802645421344,0.0002512387695527437,-0.0016126397545661317,0.01972641190932254,0.01650268042936816,0.6215196053405784
0,24772608,-0.1551315082612244,0.0014144526246125378,-0.0012148084465825949,0.011808419403689504,-0.0018271343369097974,-0.002038886742179635,0.0013165066691291488,-0.0032166748844688177,0.0007897372992480029,-0.4479472359900917,-0.019653278260081862,0.35364135708178207
0,24903680,-0.19206093334695837,-0.004494684429189186,-0.001747728053564944,0.0022502402475772583,0.012877243730700613,-0.013108085598203041,0.02828475707626847,-0.0024196936142176534,-0.0007736916923309076,-0.5453074644807517,0.03086645191512703,0.1658090258151108
0,25034752,0.20291736279265266,0.001816721031214441,-0.0035863195443467865,0.007299363983452874,-0.014964429023474647,0.010361007279129109,-0.0022300069480238665,-0.00440099894599768,-0.00378265880851389,0.6156324196861155,-0.03892490055648005,0.09408381140059856
0,25165824,-0.16251806482129602,-0.0022328171911630153,-0.002734106732400876,-0.005487000554031006,-0.008798335164841214,-0.011998850139107122,0.0024666390078016296,-0.00010841526933713457,-0.004488457591266456,-0.24423016629314526,0.005345979481858084,0.5495911677537522
0,25296896,-0.27846074824132405,-0.0015765429958059865,0.003452845078627295,0.006023964057090674,-0.0028966674920562012,0.016710851728757716,0.002144944324717899,-0.001448432096818514,0.002031451379364027,-0.1418855885729222,0.006023908913399639,0.5373440551191158
0,25427968,-0.25981564464293244,-0.0017325661186506306,0.0005996752329873307,0.0018576291060836067,0.0016314021726330228,-0.0009020212334311059,-0.00564174246838476,0.000356950678347963,0.0007210936319460429,-0.5865525304098881,0.0059618748540637145,-0.13422686945065126
0,25559040,0.2261524638964908,0.0034445805048787474,0.01030724305474789,-0.014941116981496267,0.003161734391819426,-0.0054220135990632025,-0.011459883764193615,0.00044387414937876454,0.008592668276705575,0.14362492784229508,-0.01984654242748359,0.5526029511114471
0,25690112,-0.3021871540462126,-0.004300733776624713,-0.003315933401627474,0.005211896599670525,-0.00382882241915999,-0.0007246290901734142,-5.810114438177414e-05,0.0008636322418029742,-0.0026338034675186103,-0.33642403932275405,0.02778425801865829,0.3126669964714156
0,25821184,-0.36948295176464774,-0.010047587513359928,-0.00015711735693432936,-0.012728066145124707,-0.02130609199731545,-0.0040536983786251014,-0.00724464495512925,-0.0032149487688682794,-0.00038140667406957017,-0.45918101315066867,-0.0007632733547937573,0.11143919994046322
0,25952256,-0.08949157493499006,-0.010725449499603126,-0.004756137774540759,0.0575014313404576,0.011091506439720292,0.0012085415239677922,0.005087056867616574,0.000507776187131341,0.0004923500901872188,-0.23677248874983403,-0.06385742859015647,0.5185082580017948
0,26083328,0.28617844324123654,-0.005800814038813573,-0.00652320571505705,0.012654147237487642,-0.0030515721050700865,-0.0366060241782718,0.003150131489931025,0.0007793913346279439,-0.0013467060640599124,0.34597551985258257,0.010422808792525799,0.28751123595033606
0,26214400,-0.1379277152860248,-0.0075621079625193734,-0.004616095229174592,-0.02188373423528813,0.008448807681949836,0.012551385251621992,0.007250022109749036,0.0011588113703526132,0.0024231982025186335,-0.30617019336273554,-0.04179761350454277,0.44821031580352266
0,26345472,-0.5204714844704738,0.0026135793675926395,-0.004148754408155132,-0.004351485259528241,0.008720688678698404,-0.04260180989337554,0.01902354267094561,-0.0007710962923389054,-0.0024854481769313224,-0.07003591284353858,-0.015648439133645307,0.3091277588047765
0,26476544,-0.2692340397055492,-0.0033517671565409003,-0.0011460255881961664,-0.0014477948708412124,0.0021141514928778755,-0.0008557592022687446,-0.0033488381010913855,0.000686262216349553,-0.00113617313980237,-0.4760036071046503,-0.005488353516158903,-0.23518722790567342
0,26607616,-0.20603121414078931,9.938772241097097e-05,-0.0012025239544083532,-0.011543849341192321,0.02994452809940649,0.011060748001839397,0.014924358371788916,0.006134684371876954,0.003622581856436208,0.10950610892378797,0.0003110349117590396,0.605618980304304
0,26738688,-0.1640463979905762,-0.0019819392885259417,0.00011655552762006104,-0.005193516958678694,-4.0272480169136274e-05,0.006378849911104111,0.0069423765821704534,0.004661556371029598,0.0005193094691165702,-0.3540885544076182,-0.0011901026480559097,0.45484056836533515
0,26869760,-0.06074235436539473,-0.01141403968531752,-0.009850320511677902,0.0046447550579057,0.018216048381563908,0.009872655688385967,0.0065408675693965634,0.0007985942130732349,-0.0037955499203168866,0.11714567478221422,-0.056257654518256504,0.7007214853064969
0,27000832,-0.26271635841979646,-0.005460474511007036,-0.0041099360254527526,0.005306371332447073,-0.008469537976324739,0.015057971034176271,-0.0029242427426221826,0.001346918474337812,-0.004075122173525877,-0.38418687123490186,-0.020737660808676853,0.2856085352667311
0,27131904,-0.03175449353564808,-0.002917231110943553,0.002455737280594707,0.008776486064627475,-0.007760552304842786,-0.04501714435325287,-0.011280567042473932,-0.0016242551137836134,0.021792002315634565,-0.2042566322428762,0.03359173036352316,-0.6287731682717991
0,27262976,-0.31327191037185026,-0.0051862450692658855,-0.006258606730204296,-0.002255837055660018,0.010120839579040457,0.00733848434185307,-0.005181832397129845,0.0018678851443344952,-3.413527266486094e-05,-0.2786590811337304,-0.03494590180532074,-0.3348792410989457
0,27394048,-0.30691955034256,-0.0016159946518321657,-0.00592577501225628,-0.0036726426471210567,-0.008705966389551541,-0.01140074176991383,0.004683613074583637,0.000797085828490453,0.0031559168125614425,0.36888533284408315,0.005843704231446815,0.27839367639559964
0,27525120,-0.29530129509124825,0.0013879861185179725,0.005522593093736501,-0.004906798383947043,0.012647420918328642,0.013056735640087254,0.00668121350573279,-0.00010620426816925701,0.00015402106425082385,-0.6099335859020941,-0.012214519500859538,-0.03808762651302779
0,27656192,0.169966966768185,0.005974536401728408,0.011667605200109822,0.028502775683922333,0.03811991924322306,0.00818991557704338,-0.006298717194143087,0.0019342862222129066,0.005351131319006491,0.48890060138484875,-0.018493979595133072,0.21659956541044365
0,27787264,-0.20385330016066097,0.0009571089010388192,0.00041029563364488697,0.0015760468674274985,-0.001078245499797569,-0.005142680867923111,-0.002823711445791674,0.0015951300706045083,-0.0017139863135873222,-0.32805562066018457,0.007029838622715707,0.4457640349566233
0,27918336,-0.33419288113159884,0.0026862893617557036,-0.0016438231349749234,-0.00820380730520651,0.048309093502068724,0.033417880111306246,0.037091537763228356,0.0006837275020723231,0.0042825675797685805,-0.0864889371640765,-0.025403454026294816,0.41759600141764847
0,28049408,-0.597861442258568,-0.008289380328742643,-0.003593685557218664,0.009309363577851516,-0.004780621331897403,-0.005701099439932578,-0.009057335254577041,-0.0024247148015349947,0.0013360386607761017,-0.24299449717287347,0.0199543263224003,-0.09469749529362737
0,28180480,-0.0013711576357540805,-0.004107407178744366,-0.0064428646084245325,0.008328927211620487,-0.009991787565211477,-0.022789010737750817,-0.012221311525221216,0.0003776448283361917,-2.228642284327774e-05,0.24360491275645169,-0.033546112812312665,0.6571965767173292
0,28311552,0.043386926364438264,-0.002854796373440862,-0.0017181245736528094,-0.011908547194952828,0.0014008106854142169,-0.005130600726861346,0.0006981432251369691,-5.5554217986199496e-05,-0.0008742180025551915,-0.547179332881407,0.008742839533181728,0.3760501062209726
0,28442624,-0.2335496421333266,-0.0019831596672188765,-0.0020268676322374272,-0.007149897091943289,-0.0028050257401548927,-0.011249095178621826,-0.0011957941764200084,0.0004467278538658936,-0.0027578653576396,-0.06858251062455399,-0.004545988995192008,0.6637074255488256
0,28573696,-0.2399293423843602,-0.003366527612866223,-0.004931547791634138,-0.01341028479210188,-0.013590868986166604,-0.01154357755050605,0.00040062113784379897,0.0005303868627353095,-0.0027514869095186445,-0.6119988100544426,-0.00425041956614466,-0.09329612635167991
0,28704768,0.41437731716654247,0.00203955824793568,0.009519223331965445,0.004786589646843732,0.0002689136987010437,0.005933849239125261,-0.004195973521887759,0.00036242176116044937,0.0026023534455261333,0.2826671212150226,0.017595934567772132,-0.2556507441575173
0,28835840,-0.166207276330158,-0.002799815538918533,-0.0017634983547366505,-0.0058769587641437256,-0.0059298774337564865,0.010209935157663294,0.0004918951995375641,0.0004158761836488294,-0.0031662689298965116,-0.27214339535825577,0.027209468035801345,0.5037857347134833
0,28966912,-0.09857609217340535,-0.001558962814365379,4.631904048937442e-05,0.0003874394258781633,0.004748024788765272,-0.004177700484460421,0.010018659877737797,3.269785874283443e-05,-0.0017981636349669549,-0.18360169647459212,0.002900790661861865,0.6921534527647345
0,29097984,-0.12266374447300385,0.00019525149069190878,0.001889855378674114,-0.003623942268466256,0.02445597333537291,0.031239012340530933,0.024023882748904837,-0.0016680519415116924,0.00325190709451319,0.1786842930590015,0.0004686271436939644,0.6078354587256348
0,29229056,-0.13739190012157748,0.0017577224645648635,0.0009088388187551934,0.009201574265844873,-0.005315904352568434,0.006450506588548981,0.0061355709516295095,-0.0024871214025710573,-0.0016083878164823689,-0.15195916527880343,0.04733095823269852,0.6294523497059553
0,29360128,-0.13807202675228486,-0.004115314199814647,-0.0017906612065909271,-0.002073173981983511,0.00636293041376238,-0.007170923166547693,0.004944784503913209,0.00028342067167691173,-0.002139109567942922,-0.5297005917432961,0.019594267365696586,0.2837527964264903
0,29491200,0.19025627735471679,-0.0010415027486139722,0.0024343708169212715,0.009926189127957993,0.009049144068477434,0.018105388120632452,0.012083543423813417,-0.0008996538475526523,-0.0035127044013053563,0.35110844555308096,0.03393724177247068,0.36764553876445705
0,29622272,-0.2442015054964479,-0.002997533718656298,0.0009005421662270828,-0.006403513568266877,0.001194931589260784,-0.0001272521432483465,0.0044292156023082434,0.00023916776204208206,-0.001350105712371369,-0.563154647450751,-0.004014378789219976,-0.17098720600120007
0,29753344,-0.2338631622183625,0.0030412544367205596,0.004245787353084199,0.0022328455983786225,-0.015093595097756025,0.00653176162216366,0.004702868667308922,0.0006659762543651836,-0.0027969369081687003,-0.45402124477029976,-0.017778104022947463,0.2550264630504444
0,29884416,-0.1263343360004498,-0.004768635594066131,-0.002469560346127428,-0.0034914969560506637,0.018135034883072866,0.03547853177969603,0.016562664762943585,0.0015586299722093406,0.003288654389489308,-0.2055277598263748,-0.012106871034028249,0.5702778244554918
0,30015488,-0.16197019920981875,-0.0037084593997138977,0.0008417990434703633,0.007233946831927155,-0.018263422066907672,-0.011862331460765835,0.004169183269038691,-0.004198022567156338,-0.0014100920757832095,-0.5874235431497171,0.004145653158671044,0.19477334776702995
0,30146560,-0.11974035970369379,-0.0019081703677101627,-0.00011508509100969047,0.0007914864477923341,0.00918674565260414,-0.0033022198676758564,0.0013720824115215045,0.0003983685023731264,-0.00045118145338926736,-0.20845982304772698,0.006517154164140948,0.6477573232903622
0,30277632,0.009466614313097732,0.0013415457522517535,0.004907745343024128,-0.03614679751082601,0.019039112498355028,-0.0009002693836752602,-0.008899898715403002,0.003050058374903859,-0.004526080148546316,0.2713708648459026,-0.041184197687620744,0.5991668154263935
0,30408704,-0.15237824553852727,-0.0028957624797491172,-0.009061128030572562,0.015187344864674067,-0.008755749734044502,0.0033955016853403903,-0.006952523956866567,0.0012509701723953433,0.0014105252041164327,-0.25268484352578174,0.003857226901450326,0.5421701779064817
0,30539776,-0.29058385773056405,-0.0014326797860843051,-0.013186740705880044,-0.05568409646816574,-0.030985392685046843,-0.03943222138799803,0.01997759723016354,-0.003979893197368021,0.0032879208168758584,0.16741665716147372,0.1931797713386188,0.18085317149176103
0,30670848,-0.22947215514342448,0.002605488081348295,0.00725007449869521,-0.001146987498556155,0.003730146123729524,-0.0007905631727438694,0.001830186745916083,0.00048131823950508303,-0.0011497141493845074,-0.5341915517032221,-0.003226429773100976,-0.21412538487037377
0,30801920,0.2878180808380739,0.005363628390730363,0.008799077048756772,-0.0038957515995661916,0.014209776406908348,-0.01071246731421484,-0.008662876605109443,0.003034028759783395,0.001986094891956535,0.4664397543389418,-0.025602000967689064,0.16347646283826936
0,30932992,-0.0718020920371751,-0.0004456838215191967,0.0002070858849120941,-0.012960109678394716,0.014349668437740637,-0.01034635847964532,0.007932527184496337,0.0022059341815503257,0.0017636639289910763,-0.3154518605058021,-0.02377449568887989,0.5387605201708933
0,31064064,0.23363366957408696,0.005689857583408197,0.012986477401828064,-0.014560599209357683,0.01597297671165787,-0.007446575217424074,-0.005872991673268413,-0.0009039996880477982,-0.002821421141159371,-0.28985936159665354,-0.04913773413826856,0.36111433606483945
0,31195136,-0.16547921793113346,-0.0016923443283384113,-0.0010093071824161639,0.0026887441905437005,-0.004933319599724428,0.003346181294340181,0.009442363996783767,-0.002087010081440889,-0.000839079824458701,-0.3593309866408013,0.0006962903566896421,0.44845515457332935
0,31326208,-0.36369844386014377,-0.007189730536882395,-0.00751337707153339,-0.013634456500450632,-0.0006998525279190398,-0.004715564671098786,0.00607687224483855,0.00015405609549352543,-0.004928715132008418,-0.5257281396249576,-0.0019742707298748274,0.06368652100479907
0,31457280,-0.17083296395804384,0.006292113864840606,-0.002816417271286457,0.06648248993216993,-0.07926965146424969,0.03902881474950083,-0.025300089586808926,-7.345184545414666e-05,0.009913451090402214,0.1931295275466461,-0.06104942335825061,-0.3458116053323466
0,31588352,-0.07084512045492043,0.0016084154177520476,0.0016587962235683237,-0.007369723226968851,-0.04099102616945586,-0.014727934704517416,-0.020689471581174453,-0.00039259023341307414,0.004194433615748214,0.39186304891257584,-0.06869456933511978,0.3769648701247857
0,31719424,-0.32364545377092085,-0.005471579298768539,-0.003323705000090086,-0.013301907750363128,0.008108003162475902,-0.002802432082365943,0.005816186171627731,0.00031997511725961994,-0.0002352027786576312,-0.6108573883937283,-0.006371138894196757,-0.019747027579545537
0,31850496,-0.3649752145858919,-0.00816756825234794,-0.012452581192332434,0.000966466050560554,-0.007163136803681398,0.050536763154487505,-0.012692792935855839,-0.00041946735411236717,0.01031208407175885,-0.21516348999122864,0.0676788067131586,-0.24947162889458402
0,31981568,-0.34686834795174004,-0.006043314334976988,-0.010005230211641895,0.0017416442917181142,-0.014418989412728987,-0.020226073601519512,-0.0009518255778931244,-0.0006157456877334097,-0.001004269687564074,-0.45564889262305186,-0.0015869816810704577,0.1408886849383615
0,32112640,-0.05254292127247943,-0.0014607268158745381,-0.0053561668451543405,0.0010178698764411753,0.02107339852159024,-9.06906351226275e-05,0.023487631634758862,-0.0018502637389563922,-0.0031175631756921508,0.4762537422842608,-0.013633079337445128,0.4001159458622243
0,32243712,-0.2201566389406037,-0.0058684663167618235,-0.00603368678595694,-0.0022684105469509743,-0.021048529018142022,-0.008399482133174735,-0.00217650266009009,-0.0010177110102238538,-0.002371752117039744,-0.5543451219572422,-0.008570965051149675,0.1677427334626643
0,32374784,-0.09882562716169213,-0.013210838919849267,-0.0027423312924991987,-0.04844283697077332,-0.0021540992153835812,0.01641603053309915,-0.009994943760264248,0.0030665730353085646,-0.0030055291718003407,-0.13603427146547153,-0.04400918762576935,0.6220977308480893
0,32505856,-0.3473697305147047,-0.010927291028161321,-0.0026939850685239815,0.01945036382505768,0.00719821340939808,0.0035974897094632986,0.0007289872832749112,-0.002925450674565711,0.005066096745883586,-0.11349099953501866,-0.007868955297818133,-0.4786824369081299
0,32636928,0.3040077037215503,-0.010432179099476484,-0.009079810055504072,0.00885281007615,0.01755847303823122,-0.03571874155606962,-0.013400557129491644,-0.004206089976726937,-0.0019647594343081822,0.2528007412245617,0.03888520787272794,0.30309292681520195
0,32768000,-0.2334917459884657,-0.0006164087281527574,0.004944493449895036,-0.008362401457808925,-0.0040711285647772365,-0.004357758659376396,0.005626287175940665,-7.566878964812916e-05,-0.0026584127040293268,-0.5040733610433522,-0.0003559542015790045,-0.23136637923697465
0,32899072,0.10164546485638212,0.013876108579188142,0.01375265040423369,-0.0011753718955198743,0.002027340780227585,0.012629258095906417,0.0012226316114300653,-0.0020283000160335185,0.0011414310071061185,0.13915202805689286,-0.019832212790081093,0.6915172019069985
0,33030144,-0.08779062249883086,0.0003541577017027443,0.004879947166042424,-0.013107746049327488,0.0007569872859684043,0.007423026092022746,0.007956553875815784,0.0002871130820313192,0.0010247920243944633,-0.11438506310848766,0.021166922269097485,0.7408670688462786
0,33161216,-0.25121367832013547,-0.011158068859325559,-0.01141518611292585,0.005842278390593998,-0.01732454574594825,0.011904453768630655,0.0059973846626733135,-0.002100760997455033,0.0016918010202750292,-0.1888734840295102,-0.01721834345130404,0.4752600146412226
0,33292288,-0.38087796250929273,0.0011537544364880108,-0.005477844203953449,-0.005909210541929591,-0.015885918501738733,-0.006600808594756888,-0.005444650021761071,-0.00012640254488504755,-0.0068582947235401835,-0.3896809487462774,-0.024676148307511685,0.15730805686786523
0,33423360,0.057918278961404474,-0.011809179506552326,-0.010103334825381671,0.007189611339148438,-0.027305393461547606,0.043739358325330616,-0.01825438230238773,-0.0018509125227001806,-0.0005950482312782733,-0.08205332509080455,-0.0023091890391548063,0.7368719863943093
0,33554432,-0.2980035241672074,-0.001051968362430364,-0.0024954916930594426,-0.0023861626256827546,-0.01180979567907636,-0.02084089863169393,-0.01027989891203833,-0.002606872035339827,-0.0009816838365492113,-0.4440876398515766,0.02118169775499333,0.1842743664503525
0,33685504,-0.23493272328635523,0.017943226897942973,-0.01047739192099615,0.05981619476782692,0.019123064438994027,-0.03809893248664341,0.019941556937383934,0.015290326434915852,0.0026002863140676823,-0.1661722405251968,0.06436575990614457,0.3512382960835324
0,33816576,-0.1483027648033669,0.0026395995789356805,0.007046307111775788,-0.006050046654483359,0.013093671133536933,0.01069994722497401,0.005849741897944676,0.00045741420938116774,-0.0036463532572992337,-0.6401986606576129,-0.007425694111031352,-0.15458979935965797
0,33947648,0.027683253757317387,0.0038743783984471246,0.005212496137174547,-0.017122858184367862,-0.00306587842598686,-0.029034653490584997,-0.006370641572334014,0.0015803063495933459,0.003816919681453276,-0.06968209102833911,0.005201614430659784,0.8273549085437417
0,34078720,-0.4889422396814852,-0.0036542644370296494,-0.0019590433163103552,-0.029994896111722465,0.013188168516691441,0.03508483280211982,-0.004459280708343754,0.004370215577054717,-0.005889584656442023,-0.31953424987826684,0.03535588021017462,0.057567344104359125
0,34209792,-0.26093271903318743,-0.003437216502215249,-0.006793863552320786,0.015265318348837003,-0.0069838026614095225,0.03469984465581978,0.0142588865853788,0.002835989592572671,-0.00018261429426643405,-0.33923207239766723,-0.05704991509631041,0.2583277572800147
0,34340864,0.19972499099587454,-0.024262518552845527,-0.01853664788186518,-0.014889867664238096,-0.022286732206304283,-0.007857610165547537,-0.005554840021338604,0.0022811635710928515,-0.0155717546786398,0.27378164773629365,-0.034556152088317506,0.3806960744376424
0,34471936,-0.07718817578552102,-0.002149661837310903,-0.0024492090441608494,-0.0010894085149489817,0.0157265728315159,0.01687758743178261,0.015292547330403182,0.001172383718614276,-0.006247133310105404,-0.1352453284405333,-0.002118652048425718,0.7244433397066778
0,34603008,-0.6406334756449188,-0.0010841412011938245,0.007541380818826632,0.0058084350197710145,0.027558424346202728,-0.008500213067822303,0.007768960560063404,0.00034057464025620673,0.0016469321054705028,0.17947816187538768,0.041768253650374024,0.07787104706971286
0,34734080,0.26970092561650816,-0.004380018289542781,0.0017210922577644402,-0.010649800117221574,0.014620099100434719,-0.001961189255172819,0.006805455060453439,-0.00021628870278229072,-0.0008243803829209398,0.16469899934804086,0.015351468470232336,0.5090702833989256
0,34865152,-0.11339655213059971,0.0020144481285198075,0.0011469537077817642,-0.006307172233878986,0.0033977137102857717,-0.011617393301026218,-0.0007947980068200368,0.0002623282926535546,-0.0012193617123985802,-0.6993698335692973,-0.003061966944260153,-0.15741147826247812
0,34996224,-0.3995272575007471,0.0035044337953419554,0.0018533272251374901,0.0018086812182464885,-0.011384972880846209,-0.013542825313088288,0.004783389394273667,0.002082102405769691,0.002145554429000225,-0.22235914887909408,0.025818230363619004,-0.31119007659483583
0,35127296,-0.06732619703080676,0.004847357693650243,-0.0016509546047169163,0.001989424310940494,0.008555196181014945,0.01148271156047255,0.019904903914081156,0.003013269803623061,0.000645638732316538,-0.40940931152907084,0.02704461960930808,0.4441304150299984
0,35258368,-0.4902111500756667,-0.0013676567438691573,-0.0023369559849999153,0.01095071430807316,-0.003983339630848159,0.000827358538968236,-0.0061723720380119015,-0.0006531120844071045,7.647056966195969e-05,-0.1902434842591046,-0.03690887065463868,0.2562685151117504
0,35389440,-0.27788539678611485,-0.0014568457852325955,0.0025315211443582434,0.00016976588599703903,0.0018998904620314203,0.00026857259372904663,0.014844904817264248,0.004409924870939042,-0.0059779809832818855,-0.3568027658715533,-0.056107915582600226,0.2776445152168981
0,35520512,-0.2595132058425545,-0.0032342751653299563,-0.004547224134490149,-0.011751380680908828,0.019335256772957814,0.012684166981477105,0.017223881258409394,-0.002484056374925957,-0.0014143836116509985,-0.48128874563832924,-0.006074614584440191,-0.1804488089545259
0,35651584,-0.07767684653236352,-0.004660602059486635,-0.012334188802784151,0.029165135588078723,-0.016610784315572915,-0.004380955483913465,0.022758155413032555,0.006422409361501309,-0.003573321054307445,0.4372156148590551,0.03652468081778831,0.3486773057121159
0,35782656,-0.3950437840911176,-0.007379705976140705,-0.002262389247466497,0.012737012111770694,0.0171280440433189,0.0065853368673810244,0.027055365884160774,-0.004124125502413887,-0.003881188326268346,0.48558239326807917,0.010090028619401309,-0.028130626062481043
0,35913728,-0.11332261751549048,-0.0018301385714361434,-0.003337730689740059,-0.0012244409805955076,-0.004925378348673394,-0.029714303473469365,-0.0022879077087210728,-0.00022335685370576387,-0.005526373709184271,-0.67006164302477,-0.013866520337409684,-0.1536795887868042
0,36044800,-0.2935500430994613,-0.011064808247735591,0.012608518223104258,0.03943184252098298,0.030863113287504868,0.09536247388795394,-0.01157777867395034,-0.00022178617546275283,-0.004573811646994184,0.25235822728667084,-0.14241309645913938,-0.10597450049103958
0,36175872,-0.1711019490638561,-0.005215159833572138,0.00800747095859629,-0.015902021643481524,0.02467203555390701,0.02927079970953456,0.019779666147770422,0.004140114197337039,0.004604778890173544,-0.1184527166695197,0.01762181645549497,0.5812314708767568
0,36306944,-0.30968803884286183,-0.0037173856082357427,-0.0017401824488625043,-0.003228098812162008,-0.006830063562199303,-0.005689364363567901,0.0024595951043459813,1.7362098960910946e-05,-0.0010823016631961928,-0.5651390968990003,-0.008940958960858841,-0.0914675516357484
0,36438016,-0.13353454733911432,-0.034546549716366434,-0.027619581262556838,-0.1271403157134573,-0.006124360566582564,0.10944322238968632,0.014215426295013656,1.609905970867296e-05,-0.002983145341358403,-0.09138526503804263,-0.3041361117297295,-0.1488553755483834
0,36569088,-0.24951537059516893,-0.003712049275884476,0.0005401876464215528,-0.002773116231538374,0.007090815515059326,-0.029532968666845762,0.006780999090193899,0.0008272324974318877,0.0035563226444138172,-0.45281627006703,0.002848019947584449,0.2400066478224275
0,36700160,-0.16656036197907548,-0.010065078401024219,-0.00904401213732118,-0.02326877784756797,-0.001014454838496219,0.04358896658716463,0.0003669349581259116,-0.001295640018352739,0.004252774778588264,-0.2887985999742665,-0.014770493240345815,0.4369739052396711
0,36831232,-0.010346113020055232,-0.00842922817530996,-0.0042449911567158495,-0.027746524876956752,0.004778510502196452,0.11673184786672643,0.017990169198416783,-0.0034057488011995877,-0.008554334723596391,0.48379300991072516,0.06668330299969699,0.24729621876840438
0,36962304,-0.2037038040785349,-0.0005328054368183547,0.006110526626404924,-0.0023348943126023968,0.010406632195347898,0.0015365595045485965,2.223191067550076e-05,0.000523441675937564,-0.00076148144140237,-0.5778247458236871,-0.021105070710581715,-0.17513780628345868
0,37093376,0.02262168046384166,-0.0017692269148250374,0.0057600248291554594,0.0014144127561858818,0.00015598876421472937,-0.009610052372078615,0.0031947337106353686,8.8648100053724e-05,-0.006012964853651937,0.5669536688916351,-0.035540619788640274,0.3468779785550822
0,37224448,-0.09338994196914235,0.008235501122250003,0.010381556862640534,0.008820226296942624,0.020608172729557964,0.004902088122962602,-0.010623661190880656,0.0016353551097520972,-0.000917400099884918,-0.5345334723170376,-0.017691973992178835,0.2882606501867697
0,37355520,-0.2208099637879806,-0.013910759589187902,-0.013683079556395637,0.004154820433971486,0.021216645975687506,0.010709890752860305,0.023476680143859792,-0.0017104575639343917,-0.0013327768831202854,-0.24887607354831937,-0.002668129631032004,-0.4374507221336507
0,37486592,-0.09758775783225714,0.0030849105725705137,-0.00029800440455372433,0.012604280793903888,-0.033781453233847805,-0.02832179892766145,-0.02689248499046292,-0.004344416462282089,-0.0011066885649303648,0.4183749106957506,-0.05471824180461634,-0.31888505171716314
0,37617664,-0.2772890661560694,0.019003925869908747,0.010838042076607384,-0.0402281370978053,0.013150096875671232,-0.03923744179975969,0.016408986215171197,0.0016392723673040541,-0.0021345944699655084,-0.3781100485712586,0.03313744263737181,0.1688229458631071
0,37748736,-0.14647485379402084,0.005354497445576486,0.0049187376134045505,0.01802197937537802,-0.0007559085413718033,-0.0050931515152984625,0.006588822575022861,-0.0012296985279824726,-0.0006434919853455588,-0.6895117491308963,0.03718352145162339,0.08422358804407926
0,37879808,-0.4478676400257716,-0.009722260022010714,-0.00493918943435727,0.012281066134656578,0.01205951872392692,0.02579092133825565,-0.009127316812275658,0.004044420901969904,-0.0006100212578922256,-0.13673332558423307,-0.0026543370271344094,-0.33416998273751597
0,38010880,-0.1556736267793586,0.0062843571651311145,0.00419298592970105,-0.004772642507899771,0.0012582377339337763,-0.006861948340512443,-0.01118176906208395,-0.0012140635082215235,-0.0011436461161780014,-0.5641740369395454,0.009042651182586426,-0.23420003473484802
0,38141952,-0.2853477800039138,0.0025388893885599445,0.005244895803810314,0.003437417738245118,0.027436529515330016,0.005205652148576981,0.0038377042292460552,0.0010390684572098344,0.003693783990702887,-0.3363539015226285,-0.028551656354750512,0.297312720847026
0,38273024,-0.18721504018222335,-0.008084869346711718,0.008990776237781047,-0.03282548257045097,0.022525002009253753,0.02774128685075698,0.012752282949759554,0.0007209517004426764,0.0010286483234851918,-0.14185756163944005,-0.05803746491697877,0.498220633272716
0,38404096,-0.003767690198580233,-0.0009972187188726283,0.004536442902861819,0.0027243592728007364,-0.007348504970026882,-0.015901146839302147,-0.009099982100607395,-0.002022593995660771,-0.0006814781268924452,-0.7821844593812245,-0.013043595926013092,0.15769252756715738
0,38535168,-0.19663913775540484,0.004573636907554793,0.0013496570350231387,-0.0016341943872036164,-0.001251024957499136,-0.04524765250129227,0.00020629443280432684,0.004899419407365198,0.0015317329480776518,-0.21570711821048003,0.043961113284270575,0.48299901817302443
0,38666240,0.13929351026184722,0.0018157854066585403,0.0003664937581009862,-0.0012250573548649795,0.014699035415398068,0.012997363055512433,0.023042259121714388,-0.0022046006459130337,-0.0019034332643338508,-0.46779419886734736,0.022709877997439974,0.3119483848508692
0,38797312,0.3054942946283282,0.002180484963397468,0.0004919753235515925,-0.0032013269639280624,-0.0021531161069729076,-0.003933558532700039,-0.012280507652344891,-0.0009553758363418664,-0.004963243195661002,0.2746827767850092,-0.017467190612992463,0.3721961493987723
0,38928384,-0.13425391501132997,-0.003897510506284811,-0.0017352753241146636,-0.001640654210837255,-0.0062209816133757,0.012280152808759668,-0.007928709643988825,0.0005086173943634696,-0.0030590241010242684,-0.38212267553381035,0.0017863687715682797,-0.4445661150805428
0,39059456,-0.28416603439754456,0.0003060357964549919,-0.00077054276988128,0.007718163648453284,0.008967995475333593,0.028022024866953443,4.3060674477833594e-05,-8.884921424260898e-05,-0.0008362208413293347,-0.44536607667554584,0.004140945845166215,-0.21957404979461706
0,39190528,0.06489635738343125,0.003840991003797775,0.0059066702748867125,-0.013977741010517686,0.021119291933592712,-0.0012469603854715976,-0.009411725284440441,0.0015721076125389257,-0.0033962011294905183,0.4456308229940266,-0.020638321368568996,0.40836280961923677
0,39321600,-0.11978270702411922,-0.00430177469740349,-0.01354137229889297,0.02344212111001682,-0.015150441006112765,0.02295560573655961,0.027265880269528697,0.0013962230440245503,-0.007285504500479816,0.6577414016265393,-0.05634832272990852,-0.05078864595641423
0,39452672,-0.3519695187350689,-0.003802019062653178,0.0031316093956611684,0.00906027417855644,-0.0016473570063614794,-0.007502999403540331,0.00984979792447341,0.0010773735748996378,0.008113628543725786,-0.425799024786698,0.03135775798214575,-0.14668863940621593
0,39583744,-0.20961505367703415,0.00790159945602774,-0.0006553118583422473,0.0246296366139461,-0.0051236649917784415,0.047758128122884436,0.016495881308217084,0.0010197720108390766,-0.001662489396122942,-0.11644376097818729,-0.02290668663998672,0.5457880149466338
0,39714816,-0.25872457597198795,-0.002348154071977943,0.0013481021671529645,0.0011767043055968618,0.0034389453234222383,-0.012753728310325629,0.001109500310946259,0.0009224947389904674,2.5039624423623236e-05,-0.14487101711581216,0.005392337689536238,0.5678894003698277
0,39845888,0.2949643340866472,0.00038825386941500583,-0.008329595912148963,-0.022264281456412082,-0.009376131347062666,-0.027869859045013715,0.0045445408508524255,-0.000538247350113018,-0.005750949191042169,0.002538418651797136,-0.031514240933381704,0.5919211473061139
0,39976960,-0.22574626677948836,-0.0014308124708142884,-0.0017014718631899962,0.008938844015345608,0.008688031882395999,-0.0015027973906648348,0.006726671297254708,-6.720448427116613e-05,-0.0010500994709865964,-0.5044339824134629,0.025879476059775,0.2138343418723505
0,40108032,-0.14666564806760962,0.008374636257067492,0.013982514370498014,-0.003984458833242379,0.02235890344667285,0.015160031260404886,-0.007766092752915335,0.000191871740283716,0.0003556449777652279,-0.4605807232378674,-0.020757802445007707,-0.29982167261066534
0,40239104,-0.2214363103816497,-0.006746520264739266,0.0009656548524209735,0.003265688637594659,0.02493652270845567,0.009661831472816405,0.006655001714245739,-0.00042544619428485465,0.001405019811413697,-0.3765786743548056,0.006303216005344318,0.3416201136022291
0,40370176,0.2871089861011416,0.0010084680128835837,0.007410714791644035,0.005335641567167665,0.01134645962361993,0.03690447440560262,0.004862794630766473,-0.00014853731671540864,-0.00018945474328624284,0.40982824385407035,-0.009596538631176713,0.22625968632192536
0,40501248,-0.12156877244751134,0.0059064276142967225,0.014843363367015904,0.011922291754181285,0.034777750055100407,-0.010204227527960926,0.02483574420870213,0.0003247840178714975,0.00011873662988446599,0.31947884411908345,-0.0351145320256549,0.42090452623273694
0,40632320,-0.34050291061181426,-0.00657206738371604,0.010213607261155291,0.01628774817497301,0.05439256000095853,-0.0034403923519301213,0.018556736981246654,0.002718418800699229,0.0056119466292911336,-0.48815977925858534,-0.008570485715688433,0.04497334682994194
0,40763392,-0.4168516488012401,-0.006248842361320928,-0.0037673736811373866,0.017570843345877205,0.022418569645481924,-0.0318601634464565,0.003651181523858111,0.0009977541533571577,0.0008878662041021033,-0.2929752671187865,-0.013983747118008033,-0.188786742600374
0,40894464,-0.24321781579689195,-0.003035915260458296,-0.003382013835425217,-0.0010985924925563876,0.002480093451981301,0.012314659488247432,0.01352010574734645,-7.561756775820112e-05,-0.0039636050292859385,-0.24701292598214822,-0.01883047502154762,-0.451068180326353
0,41025536,-0.6404196733339873,-0.02325789649860433,-0.02032377829617875,-0.03644021425824892,0.0077928848170489865,0.10592399703124054,0.010325222702178323,-0.0021456504551907664,0.00883203102450763,0.04768423802389995,-0.06830753956367032,0.028546873995244203
0,41156608,0.1328953554507686,-0.0006771327113036899,0.01032782347104206,-0.012638486216374397,0.007219860113897362,-0.012465958829213478,0.010662829754882374,-0.0003835135356857278,-0.001098974028697966,-0.797263412694656,-0.0011419025771513595,-0.013224750616327018
0,41287680,0.12227529571136084,-0.00023938443106042654,0.011496781033033844,-0.01621885696854179,0.007517436068580065,-0.018745629585692224,-0.005256565420425606,0.0005007621486689034,-0.003500656071952491,0.2291798480769633,-0.031236419860583446,0.5538323646231371
0,41418752,-0.22226277213038398,-0.012513467428589343,-0.010485633876281202,-0.010637464317415237,0.04782346764895048,0.0335690544412962,0.03750230815747698,0.004208843895755712,0.0060501212194947465,0.1526757140098813,0.07391568591991814,-0.3883554669545567
0,41549824,-0.4137150776605512,0.000324582860109178,0.004653850357460641,0.0004856686232508671,0.02233268356206959,-0.016186274359088093,0.005085080613591442,0.004026839471276394,0.0046061863384604974,0.16207626667641734,-0.02329402530231798,0.34321346417540677
0,41680896,-0.4252129746561502,-0.0013429392893186945,-0.005570099274848317,-0.024961923980110337,0.02855100133580815,0.008589430178340797,0.011662431535592915,0.0048713094601499085,-0.0006519773903088324,-0.018700589332905637,-0.07019329772567513,0.39969202584079105
0,41811968,-0.33318317116805646,-0.00651619832121206,-0.006484902764039975,-0.0036519080391708785,-0.005381923212877631,0.04196634887789227,0.01298495177268939,-0.0025709965941090435,0.005795242618714289,-0.12158204424337465,0.0035277288784357447,0.45635458350942765
0,41943040,-0.22640299055805044,-0.0023192501591975125,-0.00168599640789157,0.0068069548428147855,0.01731896429896867,0.02998989702434987,0.02015849844595844,0.0012755087352683333,-0.0010994409502483907,-0.3802719817752659,0.005177034537679023,0.30749348226430706
0,42074112,-0.27577236807331307,-0.003559767499887789,9.310552919677898e-05,0.013089580115544381,-0.012820928719174738,0.020517957524752845,0.0007742922154224678,0.0004206253672649044,-0.0018405967215075975,-0.4586018969859594,0.006318191162329772,0.20619069008564628
0,42205184,-0.2194600717005249,-0.005522763971432994,-0.004990335657065111,-0.002689983945618179,0.0017248776621028334,-0.022170536613095322,0.007972642489511142,0.0006207610641892186,-0.002405160661296015,-0.5503473482971375,0.005271730219353617,-0.1768237877186732
0,42336256,0.1730372254984448,0.0010423864205252372,0.008391595813396185,-0.016637748909369185,0.09900709579436914,0.03362908521881309,0.019780972951914128,0.002268199132181313,0.01063494543606801,-0.036349938283248624,-0.06995589584387675,0.5292649106977935
0,42467328,-0.25140896132326446,-0.006609282786723913,-0.00470769752362506,0.00039585464934309,-0.026243776451773483,-0.005531724567919087,0.00417231450599546,0.0002187451806404354,-0.0037695253054011693,-0.4857187064477611,0.012768221412559027,0.19845518984499375
0,42598400,0.12182090869904509,-0.00829416252656844,0.00021350327017285678,0.011359504496831143,0.031065054748729753,0.021370720313143104,0.04839179646452324,0.005289510485787448,0.008299237732539497,0.4864079696538568,0.015129766770341483,0.24235786483846117
0,42729472,0.04820962993728283,-0.004224030174864743,0.0010050128479991032,-0.009289666040307627,0.008932072307446129,0.011157614735638442,0.019803027224138636,0.0013408413567688223,-0.0108626032047563,0.6197951861006635,-0.05710098833310809,-0.2082793277370258
0,42860544,0.07764623884881565,-0.00522242561488524,-0.0029206057596440236,0.0022475012702970597,0.0024120261899066766,0.012025926997394382,0.012634787367308598,0.0004108853714409378,0.0009861022441690589,0.25148884843239283,0.003241421847422774,-0.6287632300563228
0,42991616,-0.38726291769872645,-0.007920014945828818,-0.00351695141681858,0.004616102310601052,0.0057664086378899386,0.01073574150874784,0.004063981600912286,0.002952236869713651,-0.004271831129120919,-0.4356338273242749,-0.022860796556667073,0.11039919000069848
0,43122688,-0.27391388740261535,0.0014492937812427948,-0.003104002587292984,-0.0105736758365597,0.003593680354783835,-0.01374212064235057,0.018534999591980607,0.00018880209428265188,-0.0028609830262427928,-0.6240073376364175,-0.01471387760866709,0.03331733943756411
0,43253760,-0.2202656898554523,-0.0036466646302959287,0.0012077022892554407,-0.0032245663675979403,0.0038432216843416475,0.0010469821803705663,-0.0004457670066609944,-0.0003470087255927031,-0.002714026737307127,-0.5590931155804365,-0.0013224335224049984,-0.20284282142028384
0,43384832,-0.21791898712109994,0.005681152091845708,0.005661966287113845,-0.021097119169249525,0.019502528490523568,-0.031088608154739093,0.001067181871375737,-0.0005156604741290374,-0.004682746398226325,-0.58312103403212,0.027018404961664546,-0.08264461094791266
0,43515904,-0.25329096902152476,-0.009203930833287162,-0.0061239739601167305,0.010038454574083106,0.0019530417018967117,-0.002498047461263789,-0.004599101149307469,0.0008613332745208329,-0.0022349614956941304,-0.22683602023314603,-0.03530677588289269,0.4470533904122666
0,43646976,-0.29033545327461197,-0.003966524910616448,0.0025191348946746184,0.0007030823334881649,0.022855840962005235,0.012852530688956768,0.015408210144739504,0.00027274961083081,-3.36558619264476e-05,-0.5708731114904618,-0.001787019036335224,0.07839268679135301
0,43778048,-0.08554361999809618,-0.00334589140049715,-0.00644006199988673,0.008641295633086148,0.018636524923731277,0.01252066877897766,0.01207631367278966,0.0015679143273633735,0.0016620074023013752,0.2504995711662634,-0.022217770404949346,0.5768483602920577
0,43909120,-0.06416374471885317,-0.01721047857599409,-0.011237838601504369,-0.026566311410570913,0.0021167094644361844,0.03251540419308031,0.025983816139598333,0.0057071121243414576,-0.012773298936134346,-0.4264316848935694,-0.06283706259752804,-0.31245653834438936
0,44040192,-0.2930236475553577,-0.007549568960569809,-0.0037537796493080484,-0.007131892940160999,-0.0036757805695205774,-0.008686545779921057,-0.017407148717622837,-0.00038361688485483066,-0.0052783695542518464,-0.10396087272877039,-0.006477217762426266,0.5426715588972356
0,44171264,-0.6327245945767166,-0.0043467406102558614,-0.002101414885706571,0.005987879714806542,0.011216141185896495,0.007279219335615462,-0.003724727114327371,-0.0014038607106126168,-0.007490085069189059,-0.19964991111751695,-0.03135630476263363,-0.09271912091672278
0,44302336,-0.2555548692577777,-0.007175096387937643,-0.005900026697280706,-0.012362868234035772,0.0026159718714616727,-0.0005338917507924941,-0.00928815948968238,-0.00032607112512398587,-0.004619070240219413,-0.4228911541764979,-0.02074585728799663,-0.2579869634811937
0,44433408,-0.13744452872087917,-0.003976460957335636,0.0011007752724628847,-0.02398393334098498,0.022744486052332258,0.06873052147192336,0.0001619237877023242,0.003929691710712329,-0.006810598538958842,-0.48123485084195633,-0.01892363221948043,-0.23095859708527144
0,44564480,-0.4513367111015079,-0.008962349772385634,-0.01100391991232338,0.00606434908119,0.031462332210275015,0.017338767489754096,0.04593488988017976,-0.005038158057147911,-0.006118965628261501,0.20926304573500956,-0.018806273574563267,0.18867023755740198
0,44695552,-0.4375022929983267,-0.01106458672777713,-0.013019747825435213,-0.018387186955548612,0.03097427494202256,0.060804048468939394,0.035077982567462536,-0.0008617477697372849,0.005301809697891135,-0.19385677678597427,0.016916406071173916,0.17623313918971126
0,44826624,-0.3705651731836965,-0.005710076410965054,-0.005154836005261748,-0.001638990309375498,0.020533901201807855,0.009298921648843723,0.01604804224555936,-0.00030647696434759475,-0.004504786987633362,-0.3620789985654238,-0.01542967803589932,-0.18873011844118626
0,44957696,-0.2783330458267101,-0.001545787013288851,-0.0010458618462743673,-0.009660651334881042,-0.00014606836038544838,0.008864364030314039,0.009919190280446048,0.0010619067446018874,-0.0014695915444388405,-0.371110113273961,0.007915185310685554,0.30892823443401285
0,45088768,-0.3335878700558422,-0.005634464484652123,0.0012060542247273205,-0.016665198082932813,0.02284728545920218,0.015670174282703984,0.032547005065587185,0.0043969081372436805,-0.0006921437813708244,-0.13281883520246085,0.012508645975766664,-0.4214254152475102
1,131072,-0.3541488662454232,-0.004770885574092903,-0.0029964208055172836,-0.0031508912039411277,-0.003464056246447337,-0.013537692507257677,0.0038078303390247535,-0.0002499109545135869,-0.0025619942036279137,-0.22652162501330042,0.005116046050125557,0.37967378085672826
1,262144,-0.3470506767444015,-0.00806019366228488,-0.004000912843577505,-0.007239579158709674,-0.011993447141023477,-0.028503984073911644,-0.0028317350047958327,6.017075240468055e-05,-0.002798827742749178,-0.3939901118585035,-0.010711001134820266,-0.18275935988281786
1,393216,-0.33105919511819143,-0.010628251112153927,-0.0036033827643749167,-0.0010375244029655697,-0.0005996250112864635,-0.02898646178754317,0.002945494140117068,-0.00010026946998768966,-0.0022065079952898877,-0.4711469103555958,0.01602474852673495,0.13166162931575912
1,524288,-0.28520816534334026,-0.010176108460399923,-0.00430580613692669,0.0028335737409267456,-0.002568291676214936,-0.013299342253724629,0.013462042490796765,-0.001673032472917934,-0.0018193936124093711,-0.15124201747181226,-0.05077502883375058,0.4626371975067799
1,655360,-0.24742929372289335,-0.0034187542770896056,-0.0021564759145422966,-0.008267481282106125,-0.004285320737619003,-0.005291193373284503,-0.000962599934684995,0.00012939532415540085,-0.0020994388292611427,-0.24349122272929233,0.0032592463436390156,0.47920957753143223
1,786432,-0.10792587245283186,0.00439090687917393,0.0003923275117543236,0.010273759371420239,0.014909163329519085,-0.0061409006013454824,0.0003733766883445938,-0.007458538517233232,-0.0007215688018380696,-0.3633128136002634,0.02691357550344181,0.457187196742834
1,917504,-0.25681847256441365,-0.0019295803500626674,-0.0005312039203500206,-0.0027886962807627063,-0.0022338249085949668,-0.0049803678494120904,-0.0007311197772132035,0.0009337785244945145,-0.004529777207684174,-0.47795454887113953,-0.017167698555196915,0.22940093119067556
1,1048576,-0.26371459732585983,-0.0025689913015065056,-0.00511258762923003,0.004269284140023493,0.02962143657620508,0.01906487241211567,0.003190533439585986,-0.00044356666277630113,0.004422313179543664,-0.5346696437393458,0.005726966945329709,0.12719520664847797
1,1179648,-0.21765694456660617,-0.008464081282391917,-0.003225745324665066,-0.009493258096983908,0.005588234131570543,0.0027766178755091677,0.02189171003456816,0.0006078473260318167,-0.006375730697871252,-0.2981390763378036,0.0022218967549446204,0.42355885757105377
1,1310720,-0.19563506315934479,-0.0031014417731795993,-0.001292877808942161,-0.0031276255628490328,-0.0008531976762425547,0.01611064227322792,-0.0005568210605258669,-0.0008347053683641193,-0.0009193858056158374,-0.40647987682876746,-0.01655291426498031,-0.35453544841796036
1,1441792,0.13426988742535692,-0.00442417521998338,0.0007107541134089226,-0.02036989438177974,-0.009515541645660435,-0.023816760422502775,0.015801159417353616,0.0018753797742726097,-0.011032115508881788,0.3560466521916403,-0.10777243357816566,-0.3143652463209939
1,1572864,-0.17714689983625162,-0.0040308522946293935,-0.00039983440832916985,0.003436204865494051,0.020073655703280374,0.0022522373541968986,0.020031731750423512,-0.003634158879386236,-0.003423812000720185,-0.32390540401866114,0.03445920583451872,0.40720600305410865
1,1703936,0.2212731810662536,-0.005797029080526704,-0.006862361189398485,0.0013567806518092135,0.0241922147606999,0.04371016774447909,0.036593141501128475,0.0020224056607065226,-0.009214763850503151,0.6075759406637466,-0.041072832466227796,-0.000329181364520375
1,1835008,-0.24709600105020724,-0.00465222534689611,-0.0025272461326072454,-0.008818947373826252,-0.00145323387278466,0.004475020009726147,0.010669527680812675,-0.0008018116971712469,-0.0003412201898138553,-0.473026187108571,0.012296330011202844,-0.23384224952638077
1,1966080,-0.1287506966887148,0.0014647585699433404,-0.004099172857891258,0.00493704595286946,0.002206931511950678,-0.013796492029865137,-0.001969401327336584,-0.0008393133636090429,0.00217158729524426,-0.3791875446274566,0.03318797556250398,-0.4273890802126149
1,2097152,-0.25708566810626154,-0.0003633928316933954,0.00026707346008907507,0.0036379146314057475,0.009424347533572262,0.010249775406292546,0.014648586702628932,0.0008624300729269812,-0.0008523485764974944,-0.4551887765764896,-0.012496332756938585,0.2349233533452039
1,2228224,-0.06717907998466194,0.0011654477942942207,0.0015053971402026114,0.00823651871084733,0.007862618115200837,0.0042957108589421695,0.012673028793090934,0.0012312106126055177,0.00133178136712435,-0.5220420801288048,0.05790923855664492,0.31456788793758034
1,2359296,-0.23365153035023023,-0.0018582413682707464,0.002555649625076643,-0.006095619322798088,0.0055966495837864345,-0.019745974983205596,0.0007609380202101848,0.0007839611999139122,-0.003663685586685197,-0.5791555841470118,-0.012128475017468356,-0.13400369079534283
1,2490368,0.18741767742897703,0.0022954730717983122,0.007778448367711277,0.02559910429464214,0.03775084701126722,-0.0062685354760875014,0.007669168164498057,0.0012023293495590527,7.763271818925983e-05,0.502308445073587,0.0207046980538873,0.20092764098979582
1,2621440,-0.2832718562985416,-0.0016235510876500632,0.00023548445940666126,0.001532368230744721,0.013498990213768096,0.02203774709221569,0.00019246130848914054,0.0007877503145072315,-0.001071860595812412,-0.18415028005938214,0.00105844053713221,0.49053920980235
1,2752512,-0.5292969480748307,-0.0018229801446284098,-0.0032113590350310557,-0.013968142304397463,0.009890037777160285,-0.010333699959315783,-0.0030819547936437727,0.0015364161483895178,0.0024644437158338403,-0.04996756749444463,-0.017825818166073162,0.3566006323862513
1,2883584,-0.31153274018096555,0.00013884396432058108,0.0010505907537901992,-0.002994055588211762,-0.009435838196231925,0.0013821408527022682,0.0018882495523041588,0.0008580238932669003,-0.0013711118530524658,-0.22331269896943212,-0.01909442372249376,0.4269412824732283
1,3014656,0.02160909619803325,0.003152023625254046,-0.0005797039839617617,-0.006584250249292538,0.008775197293393178,0.030015007310904986,0.033888959299105736,-0.00045185769155167834,0.007502454771623441,0.33383252987898243,-0.02823164848293715,0.5253772712149598
1,3145728,-0.32046728653971673,-0.00813745173376501,-0.007216504700373527,-0.005194044264600386,-0.018336686488737527,0.0009846844664045016,0.011836361626102718,0.003757165097270019,0.006478249929352519,0.034215608314208674,-0.04655050267482661,0.5368254541646418
2,131072,-0.3556203569254082,-0.002137060415163265,-0.0013436007232511232,-0.0031150800294995765,-0.002744383585969534,-0.020686595295975732,0.004382937514462215,-5.889140024874941e-06,-0.002876366346646304,-0.23238163420925495,-0.005039385733635926,0.3696667100807083
2,262144,-0.2849482440323532,-0.002969795365609491,-0.0008947087304166556,-0.007471342955692913,-0.007730619536116057,-0.01973896081716168,-0.003942787891417449,0.000773401430613622,-0.0016832741782988939,-0.3658057293205206,-0.013728786663780213,-0.2903123490780193
2,393216,-0.3074554243960342,-0.007488536532564414,-0.0008290833449482787,-0.0010451713678613817,-0.01128070987645243,-0.0766784781151191,-0.006563916624297139,-0.00031946376740543334,-0.003088870744588942,-0.5378229354830479,0.015628478871408724,-0.03179893087627202
2,524288,-0.5237615068994813,-0.001047244399330037,0.0008840639987087888,0.003730289884050226,0.0006918016358060051,-0.0157004235778013,0.00800696647126732,-0.00023808042564285478,-0.0007396064005343218,-0.36179784505284757,0.021047701157766274,0.06235447009676401
2,655360,-0.1825048160141534,-0.0016299453516668027,-0.001162107019368708,-0.000287457389927979,0.009132172456405865,0.007140659606470276,0.005729632640582115,0.0015643738415449303,0.0001873029201454916,-0.3862388411080907,-0.0040989405123298545,0.4003237511393139
2,786432,-0.2805852154619306,0.0024283215310581525,-0.005207464471721606,-0.013499092967120874,0.002592868277719687,-0.013350112464032098,0.020364984862866982,-0.0029869161401122985,0.00566952676238477,-0.07175883705018121,0.012890124564397103,0.5686665354464746
2,917504,-0.3677864582902295,-0.009176351157989303,0.00415248484162666,-0.021610400334582575,0.00021629261457126916,0.01453998420754258,-0.014070268795404729,0.0015663572862993868,-0.002725380161885032,-0.3658843915204375,-0.004507478775375358,0.19376415201405614
2,1048576,-0.19005288112917426,-0.0019339693548581257,-0.004059960611974815,0.0010499141547708406,0.005069815056015148,0.03425167240786909,0.015802811447470127,-0.00102670722160192,0.0007682700571909112,-0.3389265713670555,-0.008009834486101425,0.39904759270591783
2,1179648,-0.15816102590943976,0.0019944972202156756,-0.005803745583420909,0.017912955617388718,4.2692785311739165e-05,0.00315867417050133,0.004082170346992772,0.0007612353713734431,0.006433431281070874,0.207920610325737,-0.0273658165886782,0.5663631447998696
2,1310720,-0.25187948741666644,-0.0016102991813939625,0.00025305873400658014,0.0016593780819062734,0.011332365934883059,-0.0032456456458376994,0.002658042562637425,0.00027307175240349633,-0.0012506007923790083,-0.5714536859806463,-0.005238295058984426,-0.1491460688582554
2,1441792,-0.22777626975487555,0.0029971666799155183,-0.00013472844016241918,0.003787099133709523,0.01724320721868028,-0.000389512003577285,0.01392743574242597,-0.0002655136452930897,1.9241851042422333e-05,0.104965416298717,-0.005906367189000735,0.6225880420426002
2,1572864,0.1464355733560084,0.006701771866872946,0.006384191384110626,-0.03126469694539194,0.0030389608789427383,-0.002612235557327177,-0.009325158448435133,0.0020200371136105226,-0.004015277018922842,-0.23609072022349903,0.011671282388674072,0.5404400948182045
2,1703936,-0.4405621255172336,0.008248302738325946,0.005380383697091551,-0.023523494015408743,0.04961728835899338,-0.010024621239144087,0.06367311896957673,-0.001735517701353959,0.006283395941468671,-0.35100299504311955,0.007410256718973689,-0.032538500059310096
2,1835008,0.23258496135293533,0.006050726005911727,0.006554856966423027,-0.042053430436001314,0.0016622669585739144,0.0453885784762348,0.012329799691150637,-0.0011494407682756673,-0.005108851657773382,0.5619134311413433,-0.040678487124588575,-0.04452516942078831
2,1966080,-0.2339545590290391,0.002217364807460697,-0.0004725569163102487,-0.005283325954275617,-0.019222055196827303,-0.044008961860631364,-0.00819319672841639,-0.004540520187530874,-0.0036807728863935073,0.40243677031761155,-0.03197282119395201,0.24401709492155135
2,2097152,-0.21698560288272983,-0.003240622696371243,-0.0011717150168090425,-0.000649538673748178,0.012746494370580909,0.013182697525370435,0.0037319487687902907,-0.00011328133336560064,-0.0005458137728194644,-0.5609862003129927,0.006856648624489663,0.17978943602193267
2,2228224,-0.3032401035620785,0.0017534866983368188,0.004020050602854222,-0.004454991491373993,-0.0009746600613909064,0.04298496422514935,0.002768428676020762,0.00038870260665881606,0.0013798935998749421,-0.2099521712100267,0.0015225503851244192,0.42655999688111057
2,2359296,-0.2177211663460001,0.0006714922387041448,-0.0021425334888484225,0.0018333504522279344,-0.005674097882036167,-0.004140302322040717,-0.0068082785935444385,0.000372443033051733,-0.0014857381008403878,-0.431494778660682,-0.003294989201816914,-0.3243608296802071
2,2490368,-0.10738831997447837,0.0014229828761973626,-0.0002540801744593402,0.00029681797174971694,0.004694861275984819,0.0003734827793010335,-0.010220962378919587,0.0003941156828204205,-0.001272941487590455,-0.25924004855381366,-0.021330411198500567,0.5931109756461846
2,2621440,-0.07538004307169731,-0.006071219781051559,-0.0035687800223642542,-0.017382408193907302,0.0019312173329150341,0.009939084157398088,0.017411433287637192,0.0021143602050347236,-0.002712559324281692,0.34691498133506243,-0.0020596595020755497,-0.5145142537865749
2,2752512,-0.24584057817691835,-0.006725222356999953,0.0015705883393792883,0.007296674389952928,-0.010753931504995217,0.017552721506030364,0.02459069403808144,0.008277420977567982,-0.004064567236309312,0.13695390093905965,-0.038248455499672554,0.49812524503503297
2,2883584,-0.15922127325112664,-0.00137117694573636,-0.0028652469589267268,0.00547696958340633,-0.004995214343377539,0.017771892948360696,-0.004439566679536276,-0.0026847844109547676,0.0022143553658574735,-0.275758218300588,-0.02693823594359347,0.4962630652685357
2,3014656,-0.49395542693930017,-0.006284633909229239,0.003402304691610644,-0.0014549170062283102,-0.054193821705406604,0.005490746975615131,-0.017359492841418384,0.002307576689268316,-0.0068059421229532705,0.10775792388745162,-0.0953375569203745,0.2056496563111438
2,3145728,-0.12160693300073656,0.0008884641862066421,-0.004849433557811819,-0.008951740431272117,0.03461072179456952,0.033819752991222626,0.03471799734458268,-0.002979256679899202,-0.0057776699214343585,-0.4087063024278048,-0.07157778166567334,-0.27151394599878637
2,3276800,-0.6663842088071059,-0.004031573134298438,-0.008224719347606409,-0.007101963065028023,0.002624827418725006,-0.020661972372911327,0.0169859076367928,0.000807139581500362,-0.003573912203417022,-0.2232062118205224,-0.045995724925006705,-0.0004018396870855692
2,3407872,-0.20905247199079002,-0.002804742418464191,0.006056491146039835,-0.012239675108842224,0.010875047918582813,0.0013222959043094303,-0.002272166082664178,0.0004947313381172603,-0.0038139599234170425,-0.6662462887171285,-0.014754133424865225,-0.07006799602677924
2,3538944,-0.4298174390486876,-0.001905357412688636,0.0060332826837305965,0.018894192277467067,0.022796612480276732,-0.05464486005130133,0.01570455528608778,-0.00041478834522966904,0.0042755740849476755,-0.17108227061913356,-0.0632954659149386,0.21113560179551075
2,3670016,-0.2910217457349287,-0.00360289855269361,-0.01078790452190187,-0.005645623630193067,-0.0012444278613703552,0.001058060076482759,0.002102142127525754,0.0011967367095934293,-0.0020714321145079827,-0.5774484770698158,0.005598621124800064,0.09822193047618655
2,3801088,-0.24056580021415416,-0.005111750288124771,-0.004150294607416466,-0.0014675861504012517,-0.022359171632741193,0.03345200233521346,0.010841460296974404,5.5563634896508e-05,-0.0030955612691260536,0.11260441769268358,-0.011497539242200407,0.5547988526360678
2,3932160,-0.03674117519585283,0.0019668000034459548,-0.0042306901633255845,0.01292302869720945,0.03656280077565997,0.020814915039045027,0.012300801384842562,3.650904946235317e-05,0.004201524906126668,-0.20944524957678418,0.012005964397971336,0.6487705408102741
2,4063232,-0.32661651296435407,0.00201439329361681,0.003754209446767971,0.005142965791017583,0.010248916664417717,-0.009863265378928633,0.013309656835428486,-0.0008987379810865805,0.0025131736325524783,-0.329259384638955,-0.018016546245278976,0.2783622371275957
2,4194304,-0.34119180544527083,-0.0009183951188719672,0.00013941867982367775,-0.0023348333275592273,0.0002663418203086316,-0.009828947345450145,-0.004642733195989256,0.00010135363181663227,-0.0016938983708475127,-0.426731184141398,0.018216122178723114,0.193934966743941
2,4325376,-0.21958008088261335,0.000841064954228669,0.005540229862239995,0.0001113168411874837,-0.005552152914461302,0.0002146303524088243,0.0054704663753114115,0.0004907753760947046,-0.0038866167080914642,-0.5230472006915721,0.013524937508626206,0.2217405275331645
2,4456448,-0.3012359370969394,-0.005627001163960198,-0.0060737093727507,-0.0051016803592263274,0.002474434926513314,-0.006525251742344699,-0.002128583891147933,2.8977248072638322e-05,-0.0001671030011263657,-0.5213788327134389,-0.018998990137974885,-0.1302594983465047
2,4587520,0.36084702991189804,-0.0062528016028500395,0.0007451930771018093,-0.01619740623149997,0.006326633389938411,-0.02017601729993252,-0.010240791318696265,-0.0011218219258773252,-0.002510626416088164,0.2187041470369884,0.023644170213460058,0.333233361575669
2,4718592,-0.16391560656704254,-0.0008270533367482697,0.00042505066090824535,0.0024405736062337586,0.004154322915214494,0.0047129529731695236,0.0040474149799262496,-0.0003196814094191424,-0.0008285505024320055,-0.23555377265367355,-0.006826502433189149,0.575948517962043
2,4849664,-0.3123351783238867,-0.0022192384431585672,-0.0014775925872133468,-0.0010856672165899055,0.0218369109813196,0.015363240808721618,0.012357674677815912,0.0009938753716458584,-0.000601524648201091,-0.30468941318380743,0.014685374780560154,0.31235430897707983
2,4980736,-0.35806098896894767,-0.000835333947473534,0.0012765255291810537,0.0025564927745289315,0.007315111645222842,-0.018535963082463237,0.0037117442097465416,0.0008092940812933388,0.0016195529731605025,-0.4529785972609639,-0.016460974513674093,0.1358394210133443
2,5111808,-0.09351442288479077,-0.0031588043575008543,0.005057754979537515,0.010566075534068499,-0.011830198857709374,-0.0199033846396068,0.047917885678007095,-0.00022954695872370013,0.006445650548384567,0.1718439466674975,-0.002258344290198815,0.6272739846039745
2,5242880,-0.22011337417301316,-0.003034080666110484,-0.0032804169144767326,0.0003851940505327631,-0.008163011815672075,-0.011326619188556887,0.0028561074435176532,0.0005067079056498872,-0.0029136758919091326,-0.12084132199934056,-0.01155682063020421,0.6150226693210165
2,5373952,-0.04508390939906288,0.0015048079722631085,0.003542983713172297,0.012611509701705353,0.01883814589290792,-0.01843403203426192,0.008424228306463288,-0.0013745716373901196,-0.0023316740524105743,-0.24390074510373078,-0.039640136721166695,0.6043132554654651
2,5505024,-0.2697023812542071,-0.0041752301692876545,-0.0015936561701576464,9.056615568996815e-05,0.009479178531832793,-0.02054200368258919,0.0016712660648672097,5.016718943448832e-05,-0.0010861148808183748,-0.6100849605503438,0.0006692747372806383,-0.08085520061349122
2,5636096,-0.2866216676832749,-0.005618136611511379,0.0034790175652347354,0.006987891943138306,0.019170281782998285,0.011101441848008464,-0.006027604968039072,-0.0007923957487161875,-9.305233884715952e-05,-0.6441785397079883,-0.015822743127217584,0.00010722667502558959
2,5767168,-0.2553809762121185,-0.007279885540313153,-0.006201763919571622,-0.014493428707466626,-0.0028407249667884763,0.019247646390066285,0.0193131507245427,-0.004456796239381578,-0.005028283088683691,0.09383744094359069,-0.018101679984646162,0.5538182232828305
2,5898240,0.029589781920160076,0.0005491492475586347,0.0018384399052070854,0.0009608109396980131,-0.004938993172627404,0.014704144826435249,0.015384544790210687,0.0010697589346852594,0.005121079355555816,-0.12858818312797013,-0.0009439384285940431,0.7963111753512976
2,6029312,-0.09003386610775302,-0.0004588039021908812,-0.000806188953915909,-0.0044478214422697315,0.0005700010528679351,0.010522125121792052,-0.001519049240743655,0.0009274559156264733,0.0007575308465645333,-0.1843418123828,-0.025290847089160698,0.6803244979443152
2,6160384,-0.0947134718842957,-0.00030763524375871363,-0.000499341834452607,-0.004255766955143788,0.009931830801852535,-0.00024718920757781885,0.010512217827641418,0.000612635470304479,-0.00017596322466485802,-0.09087203397740708,0.003953055300976045,0.783918858271925
2,6291456,-0.21630893579715735,0.002107493571260678,-0.0005970410174841534,0.0007615272342969102,0.010429084064851147,0.027944175455117622,0.01969877575096088,0.0007964209361968166,-0.002047138888126345,0.11235592992095952,-0.003211201075058545,0.60374227628853
2,6422528,0.07354574430551428,-0.026661464165743776,-0.020940663268705157,-0.00037570997741734113,-0.001840075208142206,0.06826970493145923,0.026487277796578935,-0.0006887064316963057,-0.00796240216307193,0.7021885360922551,0.024960735726748777,0.04607897993266704
2,6553600,-0.3052975943810121,-0.004799504979506556,-0.0018348389869554563,-0.009960345757053665,0.0033553499256408427,-0.03521793813478069,0.0037705186471639145,-0.00015055288318520515,-0.00037872491078939956,-0.5221840073740567,-0.007368428591463803,-0.10568219542839166
2,6684672,0.06659182868580094,-0.005117156304697134,-0.0022148653492563798,-0.022889336264101622,0.03118999241708652,-0.04994636803945127,-0.01712903755833007,0.0035976694343733875,-0.0074891414650053905,0.18536740073125346,-0.059565203412111106,0.5489020003385328
2,6815744,-0.4494677303207617,-0.0025444289348768483,-2.987666723367577e-06,0.0028333312240692394,0.014830137585109825,0.020819022242874522,0.014511304431358344,0.00010031169147741467,-0.002529800512844784,-0.4421540562655144,0.008611072187121527,0.04159581693726805
2,6946816,-0.37443859135819113,-0.0042619531120334595,-0.003818616219345763,-0.0008210467777317912,-0.006257899554251897,-0.00031859713107286654,-0.0020555538895554717,0.0014165240594614522,-0.0024041181208881448,-0.5465928523304823,-0.0015522043025668715,0.05606204314441885
2,7077888,-0.07754069247090493,0.001568502252996912,0.01660880165455436,0.010407607650508863,0.03742238308228993,-0.030807571402558222,0.025015486684985933,-0.006549999406719426,-0.0004514179534072817,-0.18828593692619297,0.03318146541389074,0.5721601351009904
2,7208960,-0.13476031429918994,-0.004609035885759023,0.00022846211792515843,-0.010907134140714342,-0.0014734048092673215,-0.019575129775112932,0.01324748077579417,0.002135389920216184,0.0004733670150566472,-0.6336989009804245,-0.014256434018245797,-0.164634946262294
2,7340032,-0.17314481383739022,0.002016520333328513,-0.0026110527639921504,0.01301189725610786,0.014451776232354847,0.02192239577793995,0.005380541231877074,0.0013811535640515463,0.0031512064667321873,-0.4765671595107744,0.059901916209434976,0.2264595668160163
2,7471104,-0.2453740948800093,-0.003999107105669111,3.969630150116895e-05,0.0038102991321036454,0.013375450550165782,-0.005381539657415082,0.017968570457526332,0.0005323133241325892,0.0007296665051297232,-0.3292778828109406,0.03087379515888633,0.34863758411652035
2,7602176,-0.2150149337469052,-0.003605301503776123,-0.0005585588444268055,-0.0033610042921822527,0.012296224978464353,-0.011943459272709027,-0.002500693749234495,-0.0002888589930111522,-0.00442466872995394,-0.3490575860936578,-0.04316442670255857,-0.3537842830931203
2,7733248,0.0043216472436855054,-0.002946219045216063,0.0053228212663068136,0.002625394796657859,0.0034952622981098843,-0.07110578406515014,-0.015777174907205864,-0.001487579042884313,-0.002735625995316978,-0.6401395720254413,-0.0041981790876738,-0.24584474022635153
2,7864320,0.12771604904283246,-0.0015048121809611759,0.0018463482502275449,0.013680744614253067,0.015676475563660097,-0.0037553352858903555,-0.006266794906898567,-0.0004169075859138945,-0.0003464804840214679,0.4496069950874071,-0.03401458867786174,0.34516846832007253
2,7995392,-0.21728252586442762,-0.001888086842154331,0.005758275420005206,-0.009777965703586543,-0.023647752713070357,-0.03845259356357021,-0.00925303346510041,0.0009932857455035944,-0.006793036556230719,-0.6357183013305842,-0.010858113729220504,0.03957702906654631
2,8126464,0.07138964886874802,0.008184497765493312,0.010760843262214204,-0.037313133440462436,0.03618583340054597,0.013954064834962705,0.006823837907860049,0.0018768859729370291,-0.011242223950412172,-0.6550329111955908,-0.033713546784179406,0.1135225726165939
2,8257536,0.21373357821999928,-0.001329513369081688,0.00198144494723491,-0.012114024467582606,0.011589439054402618,0.0028226180898206156,-0.00016303663084864524,0.0024487002188618777,-0.004092720932877627,0.22674033305298727,0.007124991796926939,0.515859599219376
2,8388608,-0.06876611318172828,-0.00247177405528381,-0.0009450057154320694,0.005322278224064136,0.004904139987844528,-0.008115050336199907,-0.015508446715528144,0.0015602011961044712,0.0038826389956827688,0.40035373920950673,-0.016767648939461137,0.471402963443164
2,8519680,-0.06337455570902081,-0.0015504366806929914,-0.0090490370825417,-0.003018606835336796,-0.004723273886917677,0.026104378131821662,-0.0061431871458804636,0.0011720493268995086,-0.0010884239103761905,0.04156513614136663,0.003442743631511136,0.8387681715176344
2,8650752,-0.3075134010250929,-0.0012771077160352278,-0.0009055177172463919,-0.0020459865141893943,0.0026161889704055565,0.00401246337131334,0.0021790077036881465,0.0008051548817943177,0.0007687884446397662,-0.5349459341940672,-0.00913651866403781,-0.13379393079749
2,8781824,0.2918545706801884,-0.004872017069117529,0.021001637569391364,-0.009586778697825949,0.003394003219039235,0.10593279344573973,-0.018737553807912026,-0.008689663625077771,0.00942010439773389,-0.12874036458652358,0.028284669601201514,0.36948584330024903
2,8912896,-0.5824334669981536,-0.011317693188160002,-0.03136780770808314,0.0172765815177558,0.052451461253139646,0.01589714812435835,0.02543510607117806,0.003162967730721088,-0.008910990867972934,0.07006885564452497,-0.030165101087590913,0.1515128198083615
2,9043968,-0.37974007567663426,-0.005518609493071185,-0.0033875275965307965,-0.0028138230546192727,-0.0005372661671029115,0.012026479054308764,0.00434075312686337,0.0013648246568837715,0.0005467245291014766,-0.4479141171375185,-0.030235461662835087,0.11157433784453061
2,9175040,0.08582955313206753,0.0031564736814502616,0.012581700202354332,0.004332781877140358,-0.021073030905095005,0.006397538639051222,-0.0138202929002686,-0.0019711575472046005,-0.001970271827124491,0.4520680917291276,-0.003886170410056059,0.39291293714905995
2,9306112,-0.03747418743662494,0.006965994609783444,0.00962583334662197,-0.006320581309742087,-0.01853118817691863,0.019008505218709348,-0.0006807950629325284,-0.0002512442355204299,-0.0013599038671444573,0.15666094764882174,0.028522659776633316,0.7145981593105472
2,9437184,0.09944189277918633,0.00681741220044356,0.007286458031330531,-0.000634171757788954,0.004296731690102894,-0.007408446816383483,0.010355881283389205,0.000773307711477998,-0.005028536493580147,0.4891303462711995,-0.009236089245130343,0.359590725719987
2,9568256,-0.3043327396249519,0.00037610290645368513,-0.00300475867672702,-0.00021410368624757983,-0.002792387281986005,-0.005533781598768997,0.01094830934544748,-0.0004760476041710009,-0.0015036593445621948,-0.496594631352394,-0.003538440181593501,0.17068503839669666
2,9699328,-0.2835767853343616,-0.0029882509393078134,-0.006100643865688609,-0.0030450784747206934,-0.0009043160903825946,0.010000666968534293,0.0036505651791663156,0.00013632602694827899,-0.0032864773842150525,-0.5096198883018767,-0.00875342713740927,-0.16793757429738881
2,9830400,-0.0476070740176966,-0.00312447245537279,-0.0016947808622930472,-0.006844861993903685,-0.007021259062721283,0.006798464037800028,-0.010773569515274656,0.0014731651673472476,0.003957479426469618,0.4836373043807042,-0.02736140046558174,0.3997061686148351
2,9961472,-0.10569939972735258,0.003258917671312371,-0.00748100041306762,-0.0006760107732933477,-0.01133703864810627,0.013624174461452403,-0.004998109985552955,-0.00021662081257560494,0.008146828467812112,0.33607447391477496,-0.007542519295333506,0.5009449058293662
2,10092544,-0.10823621112816435,0.0019697462612858004,-0.0001522556115123203,-0.02237244237661377,0.01144231103670318,0.02226892513289309,0.020209354858830336,-0.006248544334152179,-0.005324795348789207,-0.14595197447627709,0.05839297980219543,0.5974304596325832
2,10223616,-0.043604064336632394,-0.006407744449102905,-0.0011145193998857222,-0.021163987651283574,0.05320653889277617,0.018079866856363227,0.012048942844577784,-0.008570274224103981,-0.004320067709284339,0.1294814814420984,-0.010190969899173348,0.6918115422947182
2,10354688,-0.31393013460277497,-0.004109099652813231,0.0031894792412728687,0.013348500261118274,0.0027826387870351884,-0.0323584854035357,0.01632067425166822,-0.0008110664465963017,-0.00165455134281488,-0.46760399946252346,-0.015962019890091078,-0.12792935065775585
3,131072,-0.3926456094181466,-0.002826772016987021,-0.0033678284234539796,-0.00381958632893958,-0.008440524871899403,-0.025893374728690823,0.0008310670078699443,-0.00011880717190939198,-0.0024159658193431475,-0.15072765802189939,-0.0034654701751729126,0.40544733601568783
3,262144,-0.32979303468643484,-0.005473615929825989,-0.004386054605460403,-0.004104881450660337,-0.01881584616167122,-0.03655911421238762,-0.002711110436519819,-7.604977463366573e-05,-0.005057444786324989,-0.45255043075855356,-0.008895058997415838,-0.1315773582001117
3,393216,-0.37829504224159066,-0.005664582574785397,-0.0008645079697519395,-0.001037459243374257,0.001116677716598842,-0.0374040137912838,0.005798379202868762,-0.0008837229441736761,-0.0048037757721282,-0.46561051653471996,0.01227662440073654,0.08624469760798796
3,524288,-0.28918582912801494,-0.010773383285753974,-0.005970731662031758,-0.006091949564300838,-0.012712510609808585,-0.07147508172815373,-0.016069162596783572,0.0009654766799526269,-0.014899507719872347,-0.44804142101600913,-0.030639099865970625,-0.09317584614334787
3,655360,-0.398071262975127,-0.006984543429232781,-0.005125239922928716,-0.0016579860142928889,0.022900318542555684,-0.0031911028709118174,-0.008044755572854926,0.0011593638623182852,0.0021236012343452946,0.2120646777931736,-0.07374027574698172,0.2649368720352773
3,786432,-0.30803009569127804,1.0649129091047361e-06,-0.0019891552155736915,0.009620823764379621,-0.00017247152064385715,0.0026358454052532337,-0.008779117794660712,-0.0004420238151361915,0.006707907818217942,-0.19462856972671844,-0.010503246981939322,0.4564896773532898
3,917504,0.03579173993317035,-0.0005502355542282475,-0.0011719527075250142,-0.01398933651414268,0.01348802785579068,0.011364363928223542,0.011239758670057007,0.0017089399925850203,-0.0003462855398394554,0.33765562217574147,0.01437247080641311,0.5583212663222834
3,1048576,-0.35154043727160095,-0.004764627466634295,-0.00020486480549937268,-0.009706274090873391,0.03037270182573401,-0.060423264850255454,0.023122986620508067,0.0013312531061949226,0.009788725890417106,-0.1598194442711867,-0.014311533065846187,0.33461388673524955
3,1179648,0.1381708314017539,-0.015923139016241823,-0.014901171915149633,-0.026177150688022142,0.03964960199361744,-0.01681809589053827,-0.014863412048746513,0.002421826874335666,-0.013022007806164118,0.681035069819572,0.010339741621218717,0.026677950924639877
3,1310720,-0.29909400155743854,-0.00399431259565458,-0.004447344248023194,-0.0037284204060868357,-0.0024152653947500735,-0.010484617598643,0.004889583308957154,-5.4463102632075334e-05,-0.003387028820315417,-0.5024296541069933,-0.005453161819062445,-0.15962214704144342
3,1441792,0.436319190253793,-0.008087415105442171,0.004727079932167436,-0.0487773738466868,-0.02603580153916604,0.1556411820202232,-0.022707992629042013,0.0018499221629158604,0.0015927760477098816,0.15354016611508986,-0.05520463562137141,-0.08551646472639235
3,1572864,-0.278402541542476,-0.0035267526179117,-0.0017056201678571005,-0.01992752713477708,0.011776846835014065,0.00927539863003592,0.014133466955354456,0.0009153364698766495,0.0031919244241333223,-0.30221462763270335,0.0054077305645514745,-0.3495222270253089
3,1703936,-0.2963371415073975,-0.00734054493311861,-0.003700337201874014,-0.01078868553990919,0.008035839314892679,-0.006162654160241862,0.019228846610249054,-0.0004216751625734802,-0.0011038303225162003,-0.5300068252716964,-0.02932219405105776,-0.0875514259244732
3,1835008,-0.38173422334499624,-0.019355868148224282,-0.01679241419872787,-0.0045366158364976246,-0.0029797053071999448,-0.0014835100942865189,0.030049474322486378,-0.0017196374734641227,-0.00766103904815945,-0.49942223988346135,0.005536675061207485,0.028728597281288723
3,1966080,-0.1391770027909686,-0.012162655942446322,0.006861696455610658,0.0034741033930670087,-0.06194122902896687,-0.10949573914249096,-0.03187111552755603,-0.0012953327345566635,-0.032679925250810996,-0.3336090312962758,0.04660220612431499,-0.22082996231293509
3,2097152,-0.09742274026987191,-0.004823542542938665,-0.0031585108056131268,0.007502103339385239,0.007123041437755528,-0.010171983048048963,0.024728652137381256,0.0021469723378274345,0.00275141954642515,0.5442859832669747,0.021770467428241184,0.2741145838395368
3,2228224,0.05561286669623305,-0.0025576491573816354,0.0010597273635714756,0.012468544937949641,0.014887125810355808,0.02808143797901845,0.008973965534771968,-0.0010877036697637852,-0.010659074473645641,-0.10734729876012024,-0.01117188468678705,0.7460927209304012
3,2359296,-0.21245121323297608,-0.006083548419573664,-0.00552323035793075,-0.005112143525316031,0.0010561095250435652,-0.011312808380654037,0.001471982860161589,0.0010013403592464157,-0.0059540492556942855,-0.6294035077288094,0.0029749451602826753,-0.1176551211943115
3,2490368,-0.04388014231313157,-0.0011245538901627889,-0.006302809419789449,-0.011375139817811639,0.022653834514573555,0.02373926426943572,0.02259612373198328,-0.0007621887071439033,0.008040023478228485,-0.3824355848797205,0.0233039051115763,-0.4537864298664428
3,2621440,0.10130938982095647,0.001992744724158272,-0.001903740225378481,-0.003914852344936995,0.010734640124251783,0.0237079326734417,0.0016608339948946417,0.0005964736425454961,0.0038179250162227235,0.6359514211570118,-0.0037769763518168344,0.21063306992438488
3,2752512,-0.2949972187863201,-0.005530261506587084,-0.0029722439501957522,-0.007066785964651404,0.011156888890279854,0.014414839585410582,0.0009400179034681158,0.0002201396246122087,-0.003817514078422976,-0.5291231216533396,0.018653113529359968,0.1111078545273523
3,2883584,-0.5362075912420188,-0.0018863048074838097,0.0006244533696498606,-0.009755313615735232,-0.00032775077782583767,-0.01689772671702621,0.0006782665776515148,-0.003575029456911791,-0.009891941928694933,-0.3149062697400452,0.00748601468990515,-0.09776333707705169
3,3014656,-0.14069980873427007,-0.0040016672172989275,0.002516602992167679,-0.007320263740653166,0.006705922031222475,-0.02871874979808416,0.004364177624430498,0.00021594661826184762,-0.005220369820416605,-0.6727733346917747,0.019577802141090846,0.107885354590329
3,3145728,0.04770829635502934,0.004417634088682753,-0.003846020598651115,-0.011752954953182224,0.02075178254552306,0.027926109753251258,0.0219026789329399,0.0013869323493045141,0.006424395070695627,0.3244542831593093,-0.02749517271805426,0.5019337394753767
4,131072,-0.40435810104461034,-0.004765942751523526,-0.0033284905455046865,-0.004776243352398964,-0.00946794083500156,-0.022543622896301484,0.002180141240469154,-1.320458927163037e-05,-0.002728214599841628,-0.13120013585756396,0.00361155808939536,0.4110264041981177
4,262144,-0.25861080710756407,-0.005032741079876551,-0.002158743999717256,-0.0077541605194978575,-0.010649466611318725,-0.026046244681986075,-0.007583233222754368,0.00017939173562000191,-0.005187089163344535,-0.35624843789160315,-0.012606557880893357,-0.3079431261058241
4,393216,-0.4239790362526127,-0.008088415743391603,-0.001199612018204016,0.0006256490778096519,-0.002199331293301127,-0.04763259290017146,-0.00018308653403242505,-0.0001924322732154579,-0.010396320582188812,-0.44900309138766553,0.023104754392947704,0.033395677544459476
4,524288,-0.24962375276961016,-0.006339059681256363,-0.004604988958300635,-0.006020274706229625,-0.019518577477690858,-0.02838505931169298,-0.017350335313265453,9.70452385190418e-05,-0.0060978183193168955,0.3310033498986866,-0.009819530003324011,-0.3211402083221074
4,655360,-0.2158510607463539,0.0002792083384471079,-0.0017692510732254822,-0.019019057399190152,0.006014785162200213,-0.0022387749351150663,0.0038058597428902727,0.002211196523294076,-0.00536022190072691,-0.20470892479915642,-0.01535552221429669,0.5233861371651037
4,786432,-0.1785459958523352,0.0021037063075694047,-0.0015725880866184396,0.0005863253665791784,-0.005943950996171305,-0.011100162671008832,0.021858197490439987,0.0011957857057011223,-0.0079839966058613,-0.4706821836379933,-0.015629088756888183,0.28279801852283376
4,917504,-0.44937609126843664,-0.002326052592039345,-0.000464960680038545,4.290244922086309e-05,0.015381691552886738,0.020678525544032128,0.017078157216646822,-0.00025646655846305397,-0.0014534335861130043,-0.3207889867141706,0.010488991417853304,0.16166374042009893
4,1048576,-0.06579071710927996,-0.04706911261469988,-0.03855002341245265,-0.04201146123481752,-0.052344622855601965,0.12409808726202619,-0.0011707847728136208,0.0018139619296868377,-0.015740194914674488,-0.28534141215111586,-0.06658813400643632,0.2594814877363947
4,1179648,-0.01928992201857837,-0.002470623328184391,0.0006831267367827323,-0.0036018826244864086,0.030397540220870743,0.013699459670786373,0.03249455051016971,-0.0015889982049569521,-0.002839888425084363,-0.17164519788521795,0.01832411637914732,0.7029646939957347
4,1310720,-0.255504005124061,-0.0030361482680134467,-0.00308267687435972,-0.007947027597843184,-0.00483213802450869,0.0019179610774876458,0.0010749470418509259,0.00029865680778545057,0.0016179714817099447,-0.5622141998502197,-0.008670263213660797,-0.14980400463849944
4,1441792,0.029249067067800463,-0.013622953301127744,0.0053384232520840465,-0.05063693945685963,0.01837448814705279,0.02249105967895894,0.013448808081124477,-0.0009201043959188585,-0.003725554245681507,-0.18436856171084295,-0.1341794654246462,-0.5236445752379024
4,1572864,-0.1259878905080009,-0.008934710294393721,-0.00253720588742994,0.004639767609504874,-0.007399152458737946,-0.02927650038150554,-0.007643984191693255,2.8059768715105337e-05,-0.008477672216263681,0.3199984845173594,-0.050919580407696494,0.43415699175869915
4,1703936,0.07744014634149254,-0.006787219486556634,-0.003105995741593015,-0.009701498424552332,-0.014653706439622133,-0.004328688511290554,0.007906104952617328,0.001452519096007113,-0.008093632720850563,0.7201270489123427,-0.01793873717664743,-0.12846470219642764
4,1835008,-0.17555330558106408,-0.004027828668288597,-0.0033996307828497298,0.004187887374598134,-0.02012072528755714,-0.003371704558029998,0.010728924925163094,-0.0026991084220146368,-0.013171316290970795,-0.5985609541011812,-0.07466246794429797,-0.08951614606398467
4,1966080,-0.11392976101971915,-0.0050224894275914325,-0.005183998843906519,-0.0029704918426996514,-0.014983466988009838,0.008871790009290661,0.011923902666518335,-0.0021996730515902755,-0.00688536297559955,-0.03703995333188964,-0.025789586420524927,-0.7651995234226601
4,2097152,-0.4198620847125516,0.0021965650840094423,0.00538384709938832,0.00478582333203697,-0.014624779844802985,0.018489487614867742,0.011734847139898513,0.0007802685864148615,0.005408121209885278,-0.22815567512150617,-0.0434558720058459,0.24512262824879222
4,2228224,0.02238466313385382,-0.0026492143987482926,-0.0013573238852358476,-0.009388217890222162,0.037300605052153844,0.01297955123660801,0.023029714372187777,-0.0018676505155620301,0.0022032150782937965,0.2333224176562885,-0.03859396427687071,0.6149234625039752
4,2359296,-0.22874306188153068,-0.00277609352089801,-0.0034358851051037227,-0.0021395218180614043,-0.006705072436333199,0.0015575140408688216,0.0011085841195067297,0.0009961790880661265,0.0025862330363895123,-0.5106527513135805,-0.008428270918689952,-0.23087083272097134
4,2490368,-0.2756874792000583,-0.00036437303936356533,0.0075319100405725455,-0.06352664832010349,0.001297499044628508,0.04484376508055799,0.011003619521466642,-0.0004845879378783733,0.016712809723159028,0.15340448564502726,0.007674615700886833,0.4174682067462975
4,2621440,-0.35970815221928837,-0.003670484966360676,-0.006317463158514198,-0.024965284516790767,0.03331810841968932,0.03849431451141926,0.05342984500053041,0.0011801765659194086,-0.007511287057994068,-0.31206239263974656,0.02145963474796019,0.13788285619578677
4,2752512,0.021709645893686666,-0.0036831383123998866,0.0033000287269297638,0.014063870731696118,0.010349526662457146,0.05346581520727756,0.005524788596886458,0.001052652642699576,0.0039511428802762524,-0.17327933039387405,-0.016586031901926507,0.69303402804989
4,2883584,-0.19500172196895332,-0.0053735341464764335,-0.0018985813944039647,-0.011926981353862803,-0.016132988145265748,-0.005803942160959339,-0.006444613501348205,0.000553987724115972,-0.0005619511598321796,0.3387835700378628,-0.021647844115602655,0.39587028429131654
4,3014656,-0.31995943009518574,-0.00504212674226011,-0.002539843620621835,-0.0028358795186105876,0.007061938308322316,0.0026600041842436244,0.00041481017143942786,-0.002289427019642074,-0.0038172951483964527,-0.21067438737383254,-0.04065781109998646,0.4020470467174589
4,3145728,-0.2852174009842099,-0.005202197053609011,-0.005278505744512804,-0.018111126451382964,-0.0025568084747831623,-0.014352390271752233,0.01676476094462738,-0.0019373405923474698,-0.004493495506378539,-0.3537220662694297,-0.019443308025996656,-0.27292059968097016
4,3276800,0.06578447831431912,0.013085941237704846,0.02638376184092193,0.05046076773818712,0.03195930218050344,-0.020350409807734532,0.04009009540961218,0.001601445730849463,-0.009709361440311861,-0.5333249317100152,-0.03549007760551942,0.17175942698432098
4,3407872,-0.3249453610396351,-0.0007524787315226901,-0.005488591247521848,1.3631217753810694e-05,-0.002626461848381088,-0.004653190061893467,0.00047895782702771,0.0002508008448600955,-0.001270717348848143,-0.4194424401349147,-0.014342816140584235,-0.22573455355705713
4,3538944,-0.2307284814957398,-0.0036232485375009955,0.0006261729933750225,0.006036058797603245,0.01308875407319819,0.005692939933844099,0.0077790605579622415,0.004880420490363068,-0.0003683049214852766,-0.2932089725070645,-0.009905727596812281,0.42406185809505126
4,3670016,-0.17985297124377006,-0.0018493289123185377,0.00224409304137079,-0.010350861213213028,0.01251663345549661,-0.01861412181660295,0.011744983203894473,0.00047632361937906086,0.0032213477963670225,-0.3658889478974673,-0.026572531000935384,-0.3666678567991848
4,3801088,-0.1002638828186874,-0.012805633615209498,-0.0025164996805587224,-0.0004616580843029664,0.003018025863941458,-0.019755198206575664,-0.0074845013480281065,0.00094305132202664,-0.009652727246339752,0.45282522434874306,-0.057616260873150915,0.3326573365924358
4,3932160,-0.05416266982156107,-0.014522227097050339,0.007716254108118461,0.023935457710280758,0.05194630188540293,-0.04934910417488037,0.07722651070190176,-0.0006871824773937619,-0.027780734047443488,0.22121522498889826,-0.15686308880165253,0.3145952441854163
4,4063232,-0.3938289666271974,-0.0006760870088918935,-8.546450003046841e-05,-0.004937285455216948,0.017769629805616728,0.005770761939970349,0.010065773031526188,-0.00014187833628328004,0.0033125573713034227,-0.3736045455021324,-0.005546310776719598,-0.1842607396451113
4,4194304,-0.39623556872438265,-0.004825104228385717,0.0035880284596757333,-0.014239687579196891,0.008622137428052474,0.03204802897644387,0.024105317270396477,0.0006004857601315524,-0.005611215974093188,-0.425671167758767,0.021031429072271547,0.06342182876820288
4,4325376,-0.13919592160761102,-0.005204767224016916,-0.0017943184789250654,0.00020338191664646949,0.015067121419711596,0.003924944139137122,0.01974151498294161,0.0007644376905443416,-0.001746377793896676,-0.40982458492731066,-0.0121771374461733,0.39035549237308526
4,4456448,-0.30963574935843885,8.090112472912716e-05,-0.00542840674830149,-0.003600407854618461,-0.008583942402072619,-0.02209814878682522,-0.001827323674753011,0.00033926996276861305,-0.0024085676977637525,-0.5632272124184361,0.002232504814320906,-0.0805375651569719
4,4587520,0.23906158704847683,-0.003337143175625023,0.004387891504937029,0.012897372688555498,0.025744497735205298,0.004194487580697779,0.001889439445789344,0.008336442888745991,-0.003609189900315854,0.5808047880632463,-0.0315466161094037,0.08419054385900136
4,4718592,-0.6300775473754652,-0.017364252017403707,-0.01092245882362845,-0.002551260197107123,0.03499342995370635,0.027111854162547872,0.012105099578102808,0.0008249230534736289,0.003733176506095019,0.07420311943688229,-0.02394127806071733,-0.16217160083487023
4,4849664,-0.2423403876677225,-0.016946244042266658,-0.0068619995162103285,-0.013596922016062211,0.03603901589897526,0.022783004354212252,0.06507400165982262,-0.0016716499399090138,-0.005292872668846512,-0.13657762735121323,-0.009768611339835831,-0.4430476635449236
4,4980736,-0.13965262070093995,-0.012015061588907241,-0.00292263626694016,-0.012671845077853138,0.0170397904854263,-0.0038526479828722023,0.028624609702981932,0.002643692563153866,-0.002308018242421297,-0.44986237575855326,-0.020212920923661074,0.30819378070628956
4,5111808,0.05668710580038607,-0.003827769966055959,-0.0044895895711729965,-0.01276073587948464,0.014318135556335878,0.002887121327563475,0.014209077011232401,-0.0017979000257030847,0.0016080271090247386,0.18573040708895494,-0.04947150890357912,0.6522126217605068
4,5242880,-0.10381467422939054,-0.03158690072357751,-0.013868980282467271,-0.04565039916651712,-0.06067662976701026,0.07420033271739337,0.09730852368499221,0.00046600874816485517,0.005298881107000426,-0.07269738306178265,0.043984449886266534,0.4504468366254372
4,5373952,-0.1080794607879527,-0.007112848306352643,-0.0014234543961275275,-0.018890319567144008,0.025521503421104035,0.00947004216227659,0.014571612556318685,0.0006978802137053945,-0.0053048569214890606,0.04391229548703274,0.0005026314853652767,-0.7645130946951314
4,5505024,-0.16823848025795143,0.003147704689164746,0.00789296912021446,0.0013765542367775506,0.004137201360795091,-0.005438042776695077,0.006775871469378719,-0.00018396106710338362,-0.0007308210841547336,-0.6163475217287747,-0.004330857689812854,-0.1814000145191772
4,5636096,-0.13405246600892054,0.014708928387197484,0.03388233411468266,-0.021166348169262248,0.06435081653031569,0.015410477011395222,0.030226974269788834,0.002506663871872708,0.023303074836309445,0.3346814745277511,0.036852175344264985,0.28885826692823907
4,5767168,-0.28774576072756136,-0.005121735792778991,0.0024795182589740427,0.012804882657865264,-0.006171307411347628,0.004265397281060235,0.027532624633349802,-0.0028109121784126874,-0.008585454572881202,-0.18739640961110468,-0.0824155921254555,0.3726704047492086
4,5898240,-0.42852795261964216,-0.0029268008723259803,-0.0015870449487567968,0.011862035632705372,-0.0030266087675072982,0.004395352274847745,0.020419471528649397,0.0002578990754709892,0.0017759610280846728,-0.47738403646915956,-0.04452894734347114,0.003307889439378871
4,6029312,0.2047831381902008,0.0022100091219188576,0.0036883982078996596,0.007015221339776308,0.01657626002761106,0.0010500459257147018,0.0005968253391014105,-0.0006310847549630338,-0.0002645567090642529,0.47952244225647206,-0.022022633502327082,0.2616393846249508
4,6160384,-0.17452963018928558,0.003595512448246057,0.007940865115345669,-0.008428617295639245,0.0037121497883674803,0.03432977808873032,0.03753096156106954,-0.003279672489862661,0.004201208042618243,-0.643104741756388,-0.024032315134331045,0.05531454809011615
4,6291456,-0.2656719225747716,-0.0035006563238463443,0.0014065217605866056,-0.010937329820595055,0.0010819251310632064,0.004394612443419438,0.018906293452343566,0.0007113067110226142,-0.002327490813939566,-0.5551501334815235,-0.031258201531732505,-0.10465360595515594
4,6422528,-0.23267866415155297,-0.026703691539845083,-0.002179051975646622,0.023142721686259023,0.1004221855458,0.06949496090911116,0.1317987747286453,-0.00586987395559921,-0.0019127020825073892,-0.33405915515127116,-0.040735713046258226,0.03100250522750387
4,6553600,-0.17772395840568983,-0.001000275969108034,-0.004508151075412002,-0.007547018289358522,-0.004607551477153422,0.007247221655111263,-0.0017164982802539259,-0.00039638545938219826,0.0005091852451590774,-0.5046275833487304,-0.016819609822851682,-0.27329656097178967
4,6684672,-0.3216443523711112,-0.008959619064797506,-0.01625525278442463,0.0199998328435945,-0.02303123208923755,-0.05002121061147225,0.017949548998993082,0.0012480452503948979,0.011138965942864289,-0.2517206424705508,-0.079082697865201,-0.19894859970735826
4,6815744,-0.20187839286296203,-0.0002541010524126663,0.0001239644904785484,-0.003969237883764922,0.016490980723696508,-0.033239079184367186,0.02185878611639695,0.00047979098032251935,-0.0019059027950935996,-0.3173035672226237,0.021168803643911063,0.38132739304397034
4,6946816,-0.35661450709799886,-0.003301198628203577,0.004147663073368931,0.003377642809344869,0.00925316705360738,-0.03059727726143103,0.002615051686663155,0.0005451950969651278,-0.003361722397532561,-0.47155778888016353,0.0012730275738428395,-0.11335575844087814
4,7077888,-0.3486898928520412,-0.009300651182257697,0.0013983269994861773,-0.03541024799021255,0.05958272655406089,0.023984723174624033,0.030485844413390212,-0.0023689998326428016,-0.021495153963039436,-0.020594011616083846,0.027863847957633015,0.4188255734645281
4,7208960,-0.19433963654408892,-0.004287521752675365,-0.0026057285462488004,-0.0016573699458005354,0.018034446019614105,-0.02412172312556663,0.004441623521272038,0.0001646048600017759,0.0027271861215461927,-0.26507759019106053,-0.012052921410809908,-0.4704896479613152
4,7340032,-0.2559730001159574,-0.004140853909040434,-0.0016290293656188793,-0.0287280493908202,-0.004504068799735451,-0.007854559734396247,0.025385789722886725,0.0002601374856966035,-0.0029674699834200064,-0.29116050271296395,0.022566505330650802,-0.3548300334488133
5,131072,-0.3913493448634345,-0.002426716449768248,-0.0029843035603079136,-0.004991866826041917,-0.005028166892750197,-0.01254745208490896,0.007833308073918913,0.00016244516060422092,-0.003049839639570144,-0.11003465968135313,0.022732578416146055,0.4368593183511958
5,262144,-0.2728928847995655,-0.004498675972830538,-0.0016230974528967865,-0.005268382850040874,-0.008293678550189174,-0.019216244659151546,-0.006615363177260087,6.740166180177496e-06,-0.0017358342179284378,-0.3885983928551103,-0.012934329747053351,-0.2783163755517932
5,393216,-0.3326122454237091,-0.006678754313677996,-0.0023180067273768073,-0.00440895612875311,-0.0017951883094411716,-0.009806373525247417,0.0048373880666217894,-0.00024925862295066374,-0.00206324359929903,-0.4578979471459303,0.01748855690894191,0.1598440812280507
5,524288,-0.4081461774499584,-0.0074822292729724285,-0.0006999582881264759,-0.013874254530056356,-0.008024159456362846,-0.006167572323374148,-0.00805421479867373,0.0011052890503672772,-0.00197881786473703,-0.10760856585106911,-0.07708131358718061,0.3597774475271216
5,655360,-0.6065045499836329,-0.01087047841422457,-0.0028448987443087403,-0.010100797223569425,-0.0002266550785234179,0.023597586010782733,0.004094832241206422,0.0003801319058220552,-0.0032340888040862385,-0.223555112647947,-0.05201635546499602,-0.06257451348090046
5,786432,-0.36661366324154604,-0.0074454626738543065,-0.004607696459873677,-0.008097207147617832,0.011983180367743016,0.002306815445756546,0.051266971790041006,-0.0001248476230938587,-0.0033644997400402938,-0.30812214016497896,0.06910442476799998,0.16696309057745448
5,917504,-0.029657514802420848,-0.0072713284979480835,-0.008143298240018717,-0.029725374838317636,0.030864783067429152,0.02611593644848624,0.04834793951841366,0.0002499675703905472,-0.0048513398044792485,0.6521161040337647,-0.009057884705403202,0.1535985284729279
5,1048576,0.00831606568098343,0.0001072846080147914,0.00036867744929482924,0.02150548069394198,0.018866464853493515,-0.013031536975143941,0.019282582346455503,-0.0007705088557226788,-0.006127558927226949,0.5759071347213609,-0.03082769107726184,0.3048890138110997
6,131072,-0.4196034070582862,-0.004098279507610167,-0.004010073309258391,-0.004572331271476884,-0.010780388001274647,-0.014532235664663277,0.002814203476348533,-7.938273651300332e-05,-0.00443543313344288,-0.1305070061958161,0.007221642706490959,0.397345616938819
6,262144,-0.3086352808168705,-0.006032743048038521,-0.001961626990860549,-0.004474238982396262,-0.011702651459200223,-0.01827701929124783,-0.0052803898339565105,-6.7876661796396e-05,-0.001411388975397486,-0.42038472092260626,-0.018364431828740063,-0.20340763118888938
6,393216,-0.36681962071828683,-0.008880623423702546,-0.0015503321447198697,-0.0031728356224216964,0.0028079052562704422,-0.014465905269650319,0.004669108642821709,0.0015558577950570932,-0.0027539776259410636,-0.5760774085580725,0.015500115664349133,-0.001746309278706792
6,524288,-0.47551351669985925,-0.007435631655154447,-0.0021949221431842316,0.0028644655501718092,-0.006192130996569451,-0.002716062549569865,0.012021419111447003,0.00043322523164201067,-0.0025042932047703572,-0.15340044803509464,-0.015687221126056416,0.3190366636964805
6,655360,-0.21382363428912746,-0.009874539140810707,-0.0021349442137755807,-0.005758535818052835,-0.0035780056843625046,0.010501454216799126,0.003369246399616471,0.003013435986710109,-0.0013957269194394806,-0.16291828780127607,-0.017234920011953134,0.5663972695180766
6,786432,-0.26018152787365245,-0.004928829699095132,-0.009463087778240174,-0.004218377216523022,0.05593179411776377,5.558710755062143e-05,0.04360902644828867,-2.669616643902902e-05,-0.0056280337137768425,0.4634772747251638,0.07501406090085987,0.07746570425264658
6,917504,-0.1436307301627348,-0.026577757901522395,-0.01148313561719188,-0.035109754162408954,0.07259988768417629,0.06341945565443417,0.06778967689132422,0.00969749068599055,-0.014336676515948388,-0.1522688413707505,-0.025660483234776578,-0.3774261101187413
6,1048576,-0.11450398414462801,-0.008931888356910589,-0.004906678523106595,0.06341050762868604,-0.006182938675864408,0.005703043958025886,0.008670297921859449,-0.00247435139673273,-0.00915672808993076,0.29341141484542793,-0.007883716575360461,-0.4747644498834671
6,1179648,-0.3860762958000463,-0.014561148022049093,-0.011606073930098453,-0.020617751641128498,0.03772115677409573,0.029264250305066703,0.05466463184192831,-0.0018939321563710657,-0.007664273261055171,-0.3525088256279098,-0.03608921044439386,0.04733245019585696
6,1310720,-0.20250136370017643,0.0003368275782271097,0.005376845434004109,-0.0010582294157710501,-0.00228879883252818,-0.008234606449680127,0.0012035151677919677,0.00011367673805187037,0.0006625748373214782,-0.5267052495257192,-0.019794534124855347,-0.23172377819587311
6,1441792,0.39617708382446554,-0.014478031070797629,0.0016395332297062957,-0.044539981953458756,0.04015100174618563,-0.009364435472089755,0.02034415509203447,-0.0002800296724802422,-0.013760226965857544,-0.18209658197033798,0.014408019585428467,0.2627609194171577
6,1572864,0.2128132441882515,-0.00707343957698848,-0.007138945531926947,-0.01630402725761294,-0.05322114435586483,0.0007761251365464232,-0.019229435663052713,0.0017895650068187007,-0.002201812228047025,0.49516531112500606,-0.015774669202532857,0.1685122807273515
6,1703936,0.14470909865557924,-0.000990050573950506,0.0018154482137500033,-0.0042824306625025,0.010885184505085098,-0.010035591732973668,0.0067196320211625376,0.0006085910549947513,0.00022209599850769028,0.4035957663250372,-0.033231596332187405,-0.38290451392426944
6,1835008,-0.18932410016900292,0.0011420023324148947,-0.002604471783804941,0.005068673373587219,0.01101794713051111,-0.009598119793106182,-0.003357260478432026,0.00094530549541782,0.004681428070033257,0.5869721922034977,0.006923068721098782,-0.17836543044909314
6,1966080,-0.04185863806433101,-0.0007720433524733513,0.0023984163194909463,0.003278198323599132,0.010420016453211662,-0.00019828265709631698,0.00725057001285442,-0.0005697966133165871,0.005780792563195496,-0.08864819477453767,-0.008449193872324704,0.8303758569935688
6,2097152,0.1935612749683678,-0.0005714381753560742,-0.0006921151868983309,-0.0071791856905283275,-0.003289919477948428,0.0172146857404817,0.00029881149144593013,0.0010033875474350648,0.00043467944276764,0.4358918577840451,-0.0360582631754653,-0.3038043813192603
6,2228224,0.0677635295551781,-0.008144736330716372,-0.0029279155301205734,-0.010045902018825575,0.009865060331177376,0.004069824043046693,0.005598058520358422,-0.004641457154683836,-0.009013060520210182,0.6446003337757155,-0.0005283492277269105,-0.23280177299224047
6,2359296,-0.16637778467548592,-0.0008190589171590413,5.405743331115532e-05,-0.0066220123550378845,-0.002805156575338057,0.0019034941037409303,0.0002677135031600444,-3.4004468710659466e-05,-0.0027768124830850637,-0.516928685208575,-0.014236514408604637,-0.2871747058677916
6,2490368,-0.5556079853145345,0.0001886208911055541,-0.002171731987106005,-0.04820744589544812,0.06456516151051511,0.05784102300103564,-0.0086543544324235,0.005039376638338419,-0.006055423085257715,-0.1765735901085253,-0.039480422259318644,0.035614864876391546
6,2621440,0.22997892125622454,-0.0018049659764124521,-0.0003708251232673252,0.00814030073965093,0.00834057928208736,-0.008910123153257518,-0.005085054038763385,0.0023137801304753264,-0.0039390101079760965,0.4850038900453681,-0.017257994020880976,0.228854556125636
6,2752512,0.08574383309115353,-0.004250110636221145,-0.0008673552314300319,0.002893282240623452,0.012402842308427682,0.005401806675287184,-0.0009498101172570483,0.0005214263755372789,0.0013120133874813264,0.5327929015175783,0.00439042982318879,-0.3484741885958142
6,2883584,0.2997628586316432,-0.009368110943364304,-0.0034865289348846697,-0.04625669974231173,0.08740700850857762,0.04350865599297115,0.04580320566320306,-0.003083244344261047,0.0013054610989108029,0.19883356403870542,0.06838366096750184,-0.19280100113366516
6,3014656,-0.3778585806418999,-0.028431095625662168,-0.01577201891848156,-0.00790170372297573,0.08438034954563081,0.02077668250325416,0.0632516444769312,0.00315723944309575,0.0010069860629077808,0.2645237190732255,0.046311444695269405,-0.08662853529066601
6,3145728,-0.32179552939353434,-0.0008721030913570909,-0.0036032095372684667,-0.0182941082405439,-0.007375913234932807,0.0048104283588580685,0.02367445784534423,0.0017239460616230119,-8.735870842073578e-05,-0.29915774552916624,-0.004089310086379545,-0.31451588991257157
6,3276800,0.3746893759917789,-0.002946370646536093,0.003842479660305187,0.00438233443707015,0.013065132765884651,-0.022464290190322506,0.0025017124670384185,0.009704600335559994,-0.003196875209376726,0.4883308284727633,0.00524033733009861,-0.06963566249326546
6,3407872,-0.2500774545149419,0.007601391904671127,0.010842715205759785,0.010045026751079838,-0.00855269394567726,-0.021530693126226037,-0.002919254442715588,0.000610840846696552,-0.005049308749770083,-0.2528195949944438,-0.08857702191473893,-0.34137400360327913
