attempt,collected_frames,action/v_mean,action/w_mean,action/front_left_mean,action/front_right_mean,action/rear_left_mean,action/rear_right_mean
0,65536,0.008336402475833893,-3.550154360709712e-05,-0.009645882062613964,0.06187157332897186,-0.05504734069108963,0.0015911748632788658
0,131072,0.03705647215247154,-8.212374814320356e-05,0.007639661431312561,-0.003018417861312628,-0.0023729116655886173,0.029454339295625687
0,196608,0.06926950812339783,9.906924969982356e-05,0.0330127477645874,0.015876702964305878,0.03436225280165672,0.008991664275527
0,262144,0.033188074827194214,0.00011087687744293362,-0.006170632783323526,-0.010084636509418488,-0.011197416111826897,-0.053249068558216095
0,327680,0.1304110288619995,5.949236947344616e-05,0.009630812332034111,0.006715969182550907,0.03662324696779251,0.018103519454598427
0,393216,0.12343403697013855,-9.705361662781797e-06,0.021515801548957825,0.032487258315086365,0.005248432047665119,0.010798180475831032
0,458752,0.13158994913101196,-1.681240973994136e-05,0.016533033922314644,-0.005829347297549248,0.003925453871488571,-0.01273106038570404
0,524288,0.16173642873764038,9.963860065909103e-05,-0.0018755302298814058,0.03967364877462387,-0.007585159502923489,0.005113180261105299
0,589824,0.16777855157852173,4.2889580072369426e-05,0.026818014681339264,0.03367248550057411,0.014100195840001106,0.031855061650276184
0,655360,0.16668784618377686,1.3713277439819649e-05,0.02419584058225155,0.037884630262851715,0.02036542259156704,0.015902584418654442
0,720896,0.15748804807662964,-3.2107855076901615e-05,0.012245366349816322,0.0109158456325531,-0.02082415483891964,0.030704587697982788
0,786432,0.15252119302749634,6.312898767646402e-05,-0.0064209699630737305,0.010406818240880966,0.001478113466873765,0.024538397789001465
0,851968,0.13714948296546936,-2.0680698071373627e-05,0.04459245502948761,0.0013152511091902852,-0.007325911894440651,-0.0051125590689480305
0,917504,0.12938587367534637,-5.802638042951003e-06,-0.019551467150449753,0.02600242756307125,-0.0012448551133275032,0.02172841876745224
0,983040,0.1553478240966797,3.0221661290852353e-05,0.01347134355455637,0.01605743169784546,0.010203016921877861,0.013671943917870522
0,1048576,0.11679328233003616,-6.765588477719575e-05,0.02176191657781601,-0.013043481856584549,0.03730994462966919,0.006085717119276524
0,1114112,0.18353897333145142,-4.18887211708352e-05,-0.0034953104332089424,-0.008679191581904888,0.02471495419740677,0.0006158974138088524
0,1179648,0.16531383991241455,0.00010902368376264349,-0.01902930811047554,-0.013291801325976849,0.03695623576641083,0.027074744924902916
0,1245184,0.1502961963415146,1.7929065506905317e-05,0.00468390341848135,0.03440263867378235,-0.0008006300777196884,0.021855611354112625
0,1310720,0.15999524295330048,-8.147447078954428e-05,-0.010507997125387192,0.01319359615445137,0.01363435946404934,0.018466539680957794
0,1376256,0.16683167219161987,-4.094483665539883e-05,0.028709322214126587,0.026743251830339432,0.019954422488808632,0.017916332930326462
0,1441792,0.16472165286540985,-9.68580279732123e-05,0.05750228092074394,0.0038035463076084852,0.0405706912279129,0.06276509165763855
0,1507328,0.19431020319461823,-0.00015622151840943843,0.03835843503475189,0.015071995556354523,0.022512376308441162,0.021534539759159088
0,1572864,0.15916164219379425,-0.00012965782661922276,0.015225527808070183,0.03240375965833664,0.019583674147725105,0.0010668679606169462
0,1638400,0.17000161111354828,-8.564682502765208e-05,0.03293256834149361,0.002772863721475005,0.04199220612645149,0.033048730343580246
0,1703936,0.15137404203414917,-2.0107803720748052e-05,0.017027264460921288,0.04512738436460495,0.031246230006217957,0.009385684505105019
0,1769472,0.17760422825813293,8.244764467235655e-05,0.031099263578653336,-0.009725869633257389,0.016293324530124664,0.016149818897247314
0,1835008,0.20386487245559692,6.198108894750476e-05,-0.0012301813112571836,0.013786017894744873,0.027876630425453186,0.018151234835386276
0,1900544,0.14103963971138,2.186330675613135e-06,-0.0322614461183548,0.02702663093805313,0.015857622027397156,0.02092958427965641
0,1966080,0.13985967636108398,5.942483767285012e-05,0.015509096905589104,0.030363593250513077,0.013883404433727264,0.04356025904417038
0,2031616,0.1421179175376892,-2.964317172882147e-05,0.013876261189579964,0.05924806743860245,0.019952503964304924,0.023787660524249077
0,2097152,0.14888373017311096,-0.0001397284067934379,0.012930982746183872,0.03544028848409653,0.012664499692618847,0.004694505129009485
0,2162688,0.18000203371047974,-3.773346543312073e-05,0.04045533761382103,0.017848331481218338,0.03131335228681564,0.04579713195562363
0,2228224,0.18975189328193665,-4.2039446270791814e-05,0.012715345248579979,0.006500407122075558,0.03566066175699234,0.035718873143196106
0,2293760,0.17333245277404785,-4.440087286639027e-05,0.015354728326201439,-0.0027300193905830383,0.029894210398197174,0.004974212497472763
0,2359296,0.19765815138816833,-8.03146103862673e-05,0.017096957191824913,0.04237143695354462,0.019523369148373604,0.011743267998099327
0,2424832,0.16812801361083984,-2.3982716811588034e-05,0.0223909392952919,0.020576026290655136,0.005925531033426523,0.025459781289100647
0,2490368,0.16279959678649902,8.3354225353105e-06,0.025648653507232666,0.0032712840475142,0.018492603674530983,0.028187274932861328
0,2555904,0.17194747924804688,5.6818826124072075e-05,0.019175440073013306,0.03246305137872696,0.03264598175883293,0.03067876026034355
0,2621440,0.17851170897483826,7.100726361386478e-05,0.015858564525842667,0.032290518283843994,0.01521182432770729,0.01951516978442669
0,2686976,0.19390647113323212,-4.80442467960529e-05,0.031747639179229736,0.03756088763475418,0.04272895306348801,0.040343087166547775
0,2752512,0.19671782851219177,6.701999518554658e-05,0.028039202094078064,0.046561017632484436,0.03995809704065323,0.045785993337631226
0,2818048,0.19205501675605774,-2.4413064238615334e-05,0.012316187843680382,0.02296394854784012,0.01906394585967064,0.03835330903530121
0,2883584,0.17741680145263672,8.392604649998248e-05,0.010897420346736908,0.01951531320810318,0.03283955901861191,0.022749803960323334
0,2949120,0.1825622171163559,4.423090649652295e-05,0.017897315323352814,0.03481665626168251,0.005501092877238989,0.027741985395550728
0,3014656,0.19759124517440796,-2.0994006263208576e-05,0.023855485022068024,0.010360720567405224,0.0532778799533844,0.016089407727122307
0,3080192,0.17755170166492462,0.00011394814646337181,0.034364111721515656,0.022842319682240486,0.01668182946741581,0.027519185096025467
0,3145728,0.17700470983982086,4.5980181312188506e-05,0.010891702026128769,0.03070843778550625,0.039958253502845764,0.023647159337997437
0,3211264,0.20977488160133362,2.3391967260977253e-06,0.012349825352430344,0.02456376887857914,0.008728946559131145,0.04074530303478241
0,3276800,0.20515184104442596,0.00018770911265164614,0.04037926718592644,0.0008312661666423082,0.03285416215658188,0.0424865260720253
0,3342336,0.18240782618522644,-0.00015100812015589327,0.05475500598549843,0.01565890945494175,0.019906319677829742,0.04204433038830757
0,3407872,0.19429627060890198,-1.5440729839610867e-05,0.03660230338573456,0.015087762847542763,0.02845875918865204,0.02268451452255249
0,3473408,0.186128631234169,2.954270166810602e-05,0.03747027367353439,0.03224624693393707,0.02215634472668171,0.015852078795433044
0,3538944,0.18526282906532288,0.00012381089618429542,0.019521605223417282,0.03116570971906185,0.04787229001522064,0.02009357511997223
0,3604480,0.19603231549263,8.585304021835327e-05,0.02367042377591133,0.02452642284333706,0.019037462770938873,0.04989311099052429
0,3670016,0.2022789567708969,-8.10334604466334e-05,0.022647760808467865,0.022074392065405846,0.032163918018341064,0.030860044062137604
0,3735552,0.1752014458179474,-0.00011203865869902074,0.0475737489759922,0.04836402088403702,0.04085497558116913,0.03564472123980522
0,3801088,0.18803958594799042,-1.4545355952577665e-05,0.022127050906419754,0.012041301466524601,0.04341614991426468,0.027385523542761803
0,3866624,0.22096194326877594,8.379684004466981e-07,0.02603580430150032,0.040387414395809174,0.035131096839904785,0.0260951928794384
0,3932160,0.187442809343338,1.4891409591655247e-05,0.0545651838183403,0.04564620554447174,0.01660560816526413,0.03727155178785324
0,3997696,0.1994432508945465,7.044276571832597e-05,0.024069510400295258,0.035279855132102966,0.021596800535917282,0.05383942276239395
0,4063232,0.20067864656448364,1.8288068531546742e-05,0.04351764917373657,0.02958039566874504,0.029216108843684196,0.03180253505706787
0,4128768,0.18866212666034698,-5.723384310840629e-05,0.011302093043923378,0.039175212383270264,0.03748135641217232,0.03453022986650467
0,4194304,0.16269263625144958,-1.74110391526483e-05,0.013384083285927773,0.05080748349428177,0.029506118968129158,0.044202905148267746
0,4259840,0.19262902438640594,-4.1527226130710915e-05,0.058596596121788025,0.03266175091266632,0.06549854576587677,0.041720177978277206
0,4325376,0.20685915648937225,0.0001961891248356551,0.020963501185178757,0.04416600614786148,0.024250848218798637,0.04976300895214081
0,4390912,0.18108950555324554,-7.07840226823464e-05,0.028349783271551132,0.045368779450654984,0.03032805770635605,0.020177582278847694
0,4456448,0.21499449014663696,-4.727027771878056e-06,0.010619922541081905,0.029985202476382256,0.035827189683914185,0.02747098170220852
0,4521984,0.1827281415462494,7.287471817107871e-05,0.03551480174064636,0.002582276239991188,0.030188709497451782,0.051233820617198944
0,4587520,0.23379412293434143,0.00018526962958276272,0.04421146214008331,0.05104482173919678,0.03167169913649559,0.03242334723472595
0,4653056,0.1822480857372284,7.57597663323395e-05,0.06016932800412178,0.020017217844724655,0.04854489117860794,0.02488178014755249
0,4718592,0.206320121884346,8.73651442816481e-05,0.020696036517620087,0.03126982972025871,0.04326729476451874,0.029965603724122047
0,4784128,0.2226000428199768,5.977170803816989e-05,0.03371036425232887,0.03712601214647293,0.0513637438416481,0.0462525449693203
0,4849664,0.23220926523208618,-8.895389328245074e-05,0.0227382630109787,0.02514844760298729,0.019803393632173538,0.03258023411035538
0,4915200,0.19009195268154144,4.834861829294823e-05,0.041364870965480804,0.03491705283522606,0.04654204100370407,0.038394514471292496
0,4980736,0.22648732364177704,0.00012012677325401455,0.03160477429628372,0.044305816292762756,0.03218833729624748,0.02761828899383545
0,5046272,0.2259332537651062,-2.501840026525315e-05,0.036909498274326324,0.02956487610936165,0.024941522628068924,0.014630802907049656
0,5111808,0.19119226932525635,2.19299690797925e-05,0.029235094785690308,0.03588472679257393,0.024930287152528763,0.049762994050979614
0,5177344,0.2223416268825531,4.3525640649022534e-05,0.03727973997592926,0.023841192945837975,0.05452412739396095,0.04352111369371414
0,5242880,0.1672954559326172,0.0001593618799233809,0.0314280167222023,0.03725745901465416,0.02885812148451805,0.037374481558799744
0,5308416,0.1951391100883484,0.00014121975982561707,0.05389655381441116,0.027045682072639465,0.04566817730665207,0.04724331945180893
0,5373952,0.21723419427871704,5.871544999536127e-06,0.04995843768119812,0.041899874806404114,0.05843214690685272,0.04306648671627045
0,5439488,0.20892176032066345,3.053003820241429e-05,0.03012014925479889,0.03661113977432251,0.03410448133945465,0.014619769528508186
0,5505024,0.23039716482162476,-5.967585457256064e-05,0.030531184747815132,0.052697405219078064,0.05736874043941498,0.05079071223735809
0,5570560,0.1800968050956726,0.00011407199781388044,0.025763552635908127,0.04050993546843529,0.0314481258392334,0.0413580983877182
0,5636096,0.19272884726524353,0.00017185884644277394,0.058904051780700684,0.045782651752233505,0.03955738618969917,0.03119632974267006
0,5701632,0.1940888613462448,4.5615270209964365e-05,0.03155669569969177,0.018778031691908836,0.05254928767681122,0.04325367137789726
0,5767168,0.20538267493247986,-5.1949406042695045e-05,0.028117969632148743,0.036838099360466,0.034628067165613174,0.03813554346561432
1,5832704,0.28253844380378723,1.4075794751988724e-05,0.045987922698259354,0.05811084806919098,0.05941426753997803,0.0454399511218071
1,5898240,0.21521994471549988,3.242221282562241e-05,0.031121542677283287,0.050492484122514725,0.022663455456495285,0.0508795827627182
1,5963776,0.2055724859237671,-3.900292722391896e-05,0.036211635917425156,0.01692950911819935,0.030307045206427574,0.044747889041900635
1,6029312,0.23542234301567078,-0.0001610272447578609,0.03609352931380272,0.04883144050836563,0.05850681662559509,0.047425996512174606
1,6094848,0.19052913784980774,-9.927471182891168e-06,0.06152394413948059,0.04282548278570175,0.0439167357981205,0.03622772544622421
1,6160384,0.23029246926307678,6.474976544268429e-06,0.0482063852250576,0.022770531475543976,0.05641637742519379,0.02732793800532818
1,6225920,0.181631937623024,3.738049417734146e-05,0.030084852129220963,0.035389479249715805,0.03950248658657074,0.05395115166902542
1,6291456,0.20298776030540466,-0.00010021474736277014,0.02932071126997471,0.03520335257053375,0.06908750534057617,0.057831525802612305
1,6356992,0.2300490289926529,2.4085464247036725e-05,0.05996648967266083,0.03231064975261688,0.05964652821421623,0.02641785517334938
1,6422528,0.2533222436904907,-3.8740217860322446e-05,0.04678792506456375,0.048044782131910324,0.04605778306722641,0.03542625531554222
1,6488064,0.18944692611694336,-6.724342529196292e-05,0.034066230058670044,0.061668165028095245,0.03911295533180237,0.059217020869255066
1,6553600,0.24176129698753357,-0.00010516140901017934,0.04466969519853592,0.03445308282971382,0.04807361215353012,0.04352768138051033
1,6619136,0.17908459901809692,7.133058534236625e-05,0.03677404671907425,0.04124106466770172,0.03266138583421707,0.05481100082397461
1,6684672,0.21442757546901703,7.845665095373988e-06,0.043272603303194046,0.04014722257852554,0.05264344811439514,0.042613402009010315
1,6750208,0.18865805864334106,2.814733306877315e-05,0.03863983601331711,0.03247644007205963,0.04319136217236519,0.03375467285513878
1,6815744,0.1710522621870041,-2.602294262032956e-05,0.033975549042224884,0.04272603243589401,0.0498548299074173,0.044389571994543076
1,6881280,0.24711787700653076,1.2868138583144173e-05,0.034823834896087646,0.029549622908234596,0.06581433117389679,0.0630151629447937
1,6946816,0.2233981490135193,5.8099009038414806e-05,0.041203368455171585,0.05420616269111633,0.06578054279088974,0.050870440900325775
1,7012352,0.179010808467865,-5.9362471802160144e-05,0.06297065317630768,0.05359343811869621,0.046924054622650146,0.04896797239780426
1,7077888,0.24136850237846375,-6.487065547844395e-06,0.048103298991918564,0.06192285194993019,0.0418904572725296,0.061923809349536896
1,7143424,0.20692408084869385,9.273135219700634e-06,0.020490974187850952,0.035964999347925186,0.03711199760437012,0.015478112734854221
1,7208960,0.2332170009613037,5.2594707085518166e-05,0.0557798370718956,0.06121349707245827,0.045555539429187775,0.03714931383728981
1,7274496,0.21098273992538452,7.047479448374361e-05,0.04871504008769989,0.039758384227752686,0.04382314160466194,0.04790060222148895
1,7340032,0.20172536373138428,2.74518970400095e-05,0.027249906212091446,0.03855151683092117,0.02373237907886505,0.03310919180512428
1,7405568,0.2285122573375702,9.591782873030752e-05,0.05752711743116379,0.04865217208862305,0.07128709554672241,0.05971625819802284
1,7471104,0.2321934700012207,5.505971785169095e-05,0.036980967968702316,0.06562437117099762,0.029091447591781616,0.05442073196172714
1,7536640,0.18072491884231567,3.848762935376726e-05,0.053336143493652344,0.04888506233692169,0.037210822105407715,0.03097822144627571
1,7602176,0.239206001162529,-1.4576766261598095e-05,0.04130198061466217,0.06669698655605316,0.050820913165807724,0.06475202739238739
1,7667712,0.2665882110595703,9.952641266863793e-05,0.036563046276569366,0.04440879076719284,0.06765361875295639,0.033012501895427704
1,7733248,0.2592644691467285,0.00012228151899762452,0.08143763244152069,0.04053349792957306,0.05542983487248421,0.04424704611301422
1,7798784,0.20975832641124725,6.422955630114302e-05,0.041403189301490784,0.0502159520983696,0.04396977648139,0.06416549533605576
1,7864320,0.24411475658416748,6.408474291674793e-05,0.040157437324523926,0.033104635775089264,0.05779128521680832,0.034551236778497696
1,7929856,0.2514926493167877,0.00011037362855859101,0.051597077399492264,0.048586405813694,0.05883798748254776,0.02540862187743187
1,7995392,0.25918126106262207,-1.8112248653778806e-05,0.0362478569149971,0.05891306698322296,0.06759611517190933,0.06198348104953766
1,8060928,0.2296401858329773,1.8539158190833405e-05,0.061102837324142456,0.03748403489589691,0.03081652708351612,0.05449214577674866
1,8126464,0.24763937294483185,-5.040848918724805e-05,0.046764541417360306,0.049604691565036774,0.06437705457210541,0.04200899973511696
1,8192000,0.21447087824344635,-5.9340127336326987e-05,0.048701900988817215,0.025077618658542633,0.05890677869319916,0.05001036822795868
1,8257536,0.22774559259414673,2.2398449800675735e-05,0.059893637895584106,0.05118041858077049,0.05603952333331108,0.07680078595876694
1,8323072,0.22109362483024597,7.98321416368708e-05,0.06324435770511627,0.06298777461051941,0.05960947275161743,0.044074155390262604
1,8388608,0.2086690366268158,8.873351907823235e-05,0.048509106040000916,0.04429979994893074,0.0418473519384861,0.04992859065532684
1,8454144,0.2567023038864136,8.539815098629333e-06,0.06662648171186447,0.0514538511633873,0.062137577682733536,0.04485072195529938
1,8519680,0.27575117349624634,5.134415187058039e-05,0.0636366456747055,0.07325702905654907,0.03647886589169502,0.0565669983625412
1,8585216,0.19159471988677979,1.3877241144655272e-05,0.04359278082847595,0.0482838973402977,0.06486246734857559,0.027516935020685196
1,8650752,0.2511752247810364,4.019027255708352e-05,0.042018383741378784,0.0789947658777237,0.042327407747507095,0.0679519772529602
1,8716288,0.23476262390613556,-6.264299008762464e-05,0.043028853833675385,0.04710729420185089,0.05160708725452423,0.03208296373486519
1,8781824,0.22984421253204346,-8.97316203918308e-05,0.04415159299969673,0.04108770936727524,0.07483111321926117,0.05016259104013443
1,8847360,0.2662504017353058,-3.8005051465006545e-05,0.06869858503341675,0.06830710917711258,0.04744953289628029,0.053883589804172516
1,8912896,0.25231850147247314,1.469873677706346e-05,0.04602900147438049,0.06707238405942917,0.05109969526529312,0.053048379719257355
1,8978432,0.24880734086036682,-8.205382619053125e-05,0.07455415278673172,0.04475244879722595,0.064692422747612,0.08370484411716461
1,9043968,0.28952598571777344,-3.493554322631098e-05,0.06450846791267395,0.05452290177345276,0.050892069935798645,0.08039253950119019
1,9109504,0.2080652415752411,6.480831871158443e-06,0.06147288531064987,0.036159999668598175,0.049246497452259064,0.029691537842154503
1,9175040,0.2736371159553528,-1.763714499247726e-05,0.06476709246635437,0.04848003387451172,0.06258951127529144,0.07146751880645752
1,9240576,0.2197784185409546,-7.608488522237167e-05,0.07308707386255264,0.0783647745847702,0.05402516573667526,0.04339008405804634
1,9306112,0.2154253125190735,-2.7159752789884806e-05,0.06021624803543091,0.06573225557804108,0.03561623394489288,0.03341848403215408
1,9371648,0.2738550901412964,-0.00012368211173452437,0.055171430110931396,0.06767021119594574,0.0625113695859909,0.050955940037965775
1,9437184,0.23234164714813232,-0.00010790937812998891,0.04069075360894203,0.05232156813144684,0.05082070827484131,0.06542795896530151
1,9502720,0.23538297414779663,7.580646342830732e-05,0.08240683376789093,0.06542561203241348,0.047912925481796265,0.05074262246489525
1,9568256,0.24021896719932556,0.00010227008897345513,0.08221719413995743,0.06478896737098694,0.06487422436475754,0.054642435163259506
1,9633792,0.26353052258491516,3.6479490518104285e-05,0.006596151739358902,0.039183154702186584,0.06389833986759186,0.04580649733543396
1,9699328,0.26145535707473755,-9.3532462415169e-06,0.07885955274105072,0.08134406059980392,0.06987051665782928,0.062073417007923126
1,9764864,0.2290203869342804,7.763352186884731e-05,0.04471050947904587,0.05030757933855057,0.062321193516254425,0.04629288241267204
1,9830400,0.2630247473716736,-3.902072785422206e-05,0.07067091017961502,0.06760068237781525,0.06442712992429733,0.07766886055469513
1,9895936,0.23162078857421875,-0.0001550209999550134,0.059537336230278015,0.057905420660972595,0.06270591914653778,0.04750960320234299
1,9961472,0.2196933478116989,-2.9067843570373952e-05,0.06165853515267372,0.05919317901134491,0.05373737961053848,0.07246722280979156
1,10027008,0.27834033966064453,0.0001191801275126636,0.05061990022659302,0.10392991453409195,0.06004699692130089,0.059613186866045
1,10092544,0.27839547395706177,-3.485172419459559e-05,0.05426323413848877,0.05261911451816559,0.04008922353386879,0.048716142773628235
1,10158080,0.17539358139038086,-1.839046490204055e-05,0.06641481816768646,0.0595453642308712,0.040454596281051636,0.04708239436149597
1,10223616,0.24371258914470673,3.536499571055174e-05,0.045671701431274414,0.08732511103153229,0.0640220120549202,0.08915059268474579
1,10289152,0.23452894389629364,-3.624941746238619e-05,0.058753229677677155,0.06621135026216507,0.05338238924741745,0.017024829983711243
1,10354688,0.2248232364654541,0.00012429080379661173,0.07095588743686676,0.10798083245754242,0.07156626880168915,0.050763849169015884
1,10420224,0.20834362506866455,-5.059296381659806e-05,0.09835053235292435,0.0521903857588768,0.09155859053134918,0.049414049834012985
1,10485760,0.18467748165130615,0.00010102354281116277,0.05599083751440048,0.04918350279331207,0.048078037798404694,0.07409385591745377
1,10551296,0.24362504482269287,1.69121558428742e-05,0.08348029851913452,0.049099478870630264,0.05801825597882271,0.062288787215948105
1,10616832,0.29577142000198364,-8.777224138611928e-05,0.09153233468532562,0.06137973815202713,0.05376207083463669,0.059589095413684845
1,10682368,0.2718336880207062,-1.3541071893996559e-05,0.05689520761370659,0.08389076590538025,0.03987276181578636,0.07427618652582169
1,10747904,0.2574199438095093,-9.767156734596938e-05,0.035734981298446655,0.07681448757648468,0.07252410799264908,0.03803713619709015
1,10813440,0.21789351105690002,2.0295154172345065e-05,0.05236314609646797,0.08392269909381866,0.04162871092557907,0.07022453099489212
1,10878976,0.258070707321167,-6.305010901996866e-05,0.07247298955917358,0.056730907410383224,0.07156631350517273,0.08651706576347351
1,10944512,0.21223126351833344,2.572642915765755e-05,0.0735771507024765,0.07013857364654541,0.05458967387676239,0.06163489818572998
1,11010048,0.22713039815425873,-3.444066533120349e-05,0.08156589418649673,0.06269223242998123,0.056094881147146225,0.07314498722553253
1,11075584,0.2933972179889679,0.00010765396291390061,0.0976746678352356,0.06903251260519028,0.0676979273557663,0.04443147033452988
1,11141120,0.28385964035987854,-7.457630999851972e-06,0.046114835888147354,0.05798143148422241,0.05015018582344055,0.04671526327729225
1,11206656,0.22207088768482208,2.8502498025773093e-05,0.08182680606842041,0.0863664373755455,0.05760260671377182,0.059504322707653046
1,11272192,0.2714470326900482,2.370329457335174e-05,0.08485561609268188,0.06150202453136444,0.08570992946624756,0.06777262687683105
1,11337728,0.29991888999938965,4.0987149986904114e-05,0.07742620259523392,0.050115540623664856,0.042422689497470856,0.048316776752471924
1,11403264,0.2642287313938141,-2.715210030146409e-06,0.05969858169555664,0.07445736974477768,0.04544639587402344,0.045627862215042114
1,11468800,0.2588399350643158,2.334323653485626e-05,0.07751040160655975,0.05821414291858673,0.04984266683459282,0.03683854267001152
1,11534336,0.23179841041564941,2.879853855120018e-05,0.06895861029624939,0.10348684340715408,0.07569658011198044,0.07930267602205276
1,11599872,0.273841917514801,4.8784339014673606e-05,0.05788174271583557,0.07378661632537842,0.05272067338228226,0.05292704701423645
1,11665408,0.27690601348876953,9.51007823459804e-05,0.08833044022321701,0.08267413824796677,0.09143240004777908,0.07737372815608978
1,11730944,0.22758176922798157,9.509891242487356e-06,0.11319805681705475,0.06955718994140625,0.05377328768372536,0.04047334939241409
1,11796480,0.24626284837722778,-2.926273737102747e-05,0.08003558218479156,0.07125373929738998,0.07611462473869324,0.07330156117677689
1,11862016,0.24461406469345093,-2.2933227228350006e-05,0.053161658346652985,0.05824064835906029,0.07882749289274216,0.04249303787946701
1,11927552,0.2772022485733032,2.235122701677028e-05,0.054626934230327606,0.0783405676484108,0.021929427981376648,0.08200301975011826
1,11993088,0.24993754923343658,-2.8943977667950094e-06,0.07352493703365326,0.0774238109588623,0.05371265858411789,0.050395481288433075
1,12058624,0.2551015615463257,-2.225270691269543e-05,0.06856431066989899,0.05132424458861351,0.05276861786842346,0.06690084934234619
1,12124160,0.3254980444908142,5.157831765245646e-05,0.0842144638299942,0.08667764067649841,0.02903001755475998,0.05589964985847473
1,12189696,0.3612203299999237,0.00013395005953498185,0.06325545907020569,0.05526674538850784,0.0795292779803276,0.05594412609934807
1,12255232,0.18966558575630188,-5.4313972214004025e-05,0.07562445104122162,0.08486153185367584,0.09237071126699448,0.057022180408239365
1,12320768,0.2415110468864441,5.664518539560959e-05,0.07576049864292145,0.07136762887239456,0.0707421526312828,0.03578609973192215
1,12386304,0.24386487901210785,6.398837285814807e-05,0.06324324756860733,0.08540564030408859,0.07948194444179535,0.02466059848666191
1,12451840,0.25793564319610596,-4.4056796468794346e-05,0.07219798117876053,0.10009899735450745,0.06622452288866043,0.07123395055532455
1,12517376,0.2872503399848938,0.00011862405517604202,0.04604845121502876,0.04730224609375,0.08281055092811584,0.05382724106311798
1,12582912,0.23012903332710266,-1.1255749996053055e-05,0.07108934223651886,0.09269899874925613,0.0332881398499012,0.05193732678890228
1,12648448,0.2620791792869568,-4.663263098336756e-05,0.09529812633991241,0.10336317121982574,0.06635192781686783,0.07412345707416534
1,12713984,0.3103927969932556,0.0001368998346151784,0.06045697629451752,0.07612253725528717,0.04668515920639038,0.08180788159370422
1,12779520,0.25928404927253723,7.637450471520424e-05,0.09142880141735077,0.09755910187959671,0.06044997647404671,0.06188943237066269
1,12845056,0.3180909752845764,-0.00013263702567201108,0.07645904272794724,0.08611415326595306,0.08235187828540802,0.08022334426641464
1,12910592,0.31456029415130615,-5.732058343710378e-05,0.06432613730430603,0.07395298779010773,0.03845766931772232,0.04266807436943054
1,12976128,0.24543365836143494,7.60671537136659e-06,0.05864100530743599,0.08820192515850067,0.0874360054731369,0.058777108788490295
1,13041664,0.21428143978118896,0.0001115136401494965,0.11053116619586945,0.10184016823768616,0.07521775364875793,0.08081422746181488
1,13107200,0.2457900196313858,9.98805626295507e-06,0.0659201443195343,0.08282005786895752,0.05763804167509079,0.06715606898069382
1,13172736,0.2578469514846802,-2.993881207657978e-05,0.1022757738828659,0.08560587465763092,0.06671935319900513,0.057947367429733276
1,13238272,0.3356666564941406,-3.728585215867497e-05,0.09392449259757996,0.04683676362037659,0.08184344321489334,0.05665334686636925
1,13303808,0.22242772579193115,3.096961881965399e-05,0.07287715375423431,0.09347517788410187,0.07035589218139648,0.06206183880567551
1,13369344,0.277530312538147,4.2569765355437994e-05,0.138367161154747,0.09195969253778458,0.06682448834180832,0.07982055842876434
1,13434880,0.24242408573627472,-5.018968295189552e-05,0.11510557681322098,0.07221531867980957,0.058396488428115845,0.07851774990558624
1,13500416,0.3170973062515259,-5.764850357081741e-07,0.06409350037574768,0.06509028375148773,0.05388830602169037,0.058608006685972214
1,13565952,0.2937520444393158,4.593511039274745e-05,0.02234218269586563,0.06558232009410858,0.03241633251309395,0.04762851819396019
1,13631488,0.25795796513557434,-7.398192246910185e-05,0.08334894478321075,0.1117798238992691,0.0812506228685379,0.06246400624513626
1,13697024,0.3101100027561188,-1.3562897947849706e-05,0.05279173702001572,0.07757414132356644,0.041508667171001434,0.0863567590713501
1,13762560,0.36114540696144104,-0.00010749306238722056,0.08944690227508545,0.06127959117293358,0.1072467565536499,0.0798301100730896
1,13828096,0.29086416959762573,8.421785605605692e-05,0.1113027036190033,0.0813295841217041,0.05468558892607689,0.02441062591969967
1,13893632,0.31243789196014404,8.38581399875693e-06,0.0719369649887085,0.06251758337020874,0.04149843379855156,0.048436813056468964
1,13959168,0.23494912683963776,7.10261010681279e-05,0.12206913530826569,0.07777786254882812,0.06021907925605774,0.053963273763656616
1,14024704,0.28798583149909973,3.318842573207803e-05,0.09954178333282471,0.07603868842124939,0.05948439985513687,0.09940966218709946
1,14090240,0.3124910593032837,-8.45535978442058e-05,0.07641993463039398,0.052978433668613434,0.09730090200901031,0.07017762959003448
1,14155776,0.23941627144813538,-4.4802320189774036e-05,0.08762384951114655,0.06549212336540222,0.10575586557388306,0.0726906806230545
1,14221312,0.2815949320793152,6.122048216639087e-05,0.07144725322723389,0.06847691535949707,0.08593384921550751,0.11977669596672058
1,14286848,0.34054654836654663,-8.950376650318503e-05,0.06586995720863342,0.07035837322473526,0.09579679369926453,0.061907388269901276
1,14352384,0.2437151074409485,4.238274414092302e-06,0.07205310463905334,0.10251756757497787,0.013921733945608139,0.050884876400232315
1,14417920,0.3109261989593506,-9.252916788682342e-05,0.12139765918254852,0.08630508929491043,0.08150388300418854,0.10882049798965454
1,14483456,0.27731573581695557,-5.726677773054689e-05,0.04859498143196106,0.07838733494281769,0.0719546228647232,0.0806916207075119
1,14548992,0.2413599193096161,-2.3216267436509952e-05,0.11125221103429794,0.1015840470790863,0.042367227375507355,0.04659310728311539
1,14614528,0.3191019296646118,3.8629863411188126e-05,0.08019767701625824,0.09543059766292572,0.05011467635631561,0.08735715597867966
1,14680064,0.25240111351013184,-1.6921319911489263e-05,0.07614317536354065,0.11292675137519836,0.06772645562887192,0.05074635148048401
1,14745600,0.31408441066741943,7.19099334673956e-05,0.09695731848478317,0.08162416517734528,0.059400033205747604,0.07396921515464783
1,14811136,0.3299422264099121,4.368427471490577e-05,0.0818830132484436,0.09131777286529541,0.08353280276060104,0.07788535207509995
1,14876672,0.23045501112937927,6.193971785251051e-06,0.10383938252925873,0.04385274648666382,0.08159855008125305,0.06249960511922836
1,14942208,0.29719871282577515,-5.6974611652549356e-05,0.09403017163276672,0.09922292828559875,0.05437684804201126,0.07049572467803955
1,15007744,0.25702571868896484,0.00010443593782838434,0.045377135276794434,0.06908199191093445,0.037047937512397766,0.0381622239947319
1,15073280,0.3531043529510498,4.7787936637178063e-05,0.11933310329914093,0.07560310512781143,0.08224144577980042,0.11665552854537964
1,15138816,0.3348369002342224,-6.087991641834378e-05,0.08687438070774078,0.055425941944122314,0.08309781551361084,0.049417894333601
1,15204352,0.2871519923210144,9.60262150329072e-06,0.10851854085922241,0.1013181135058403,0.09248968958854675,0.02933671697974205
1,15269888,0.3373039960861206,-0.00020182906882837415,0.09942352026700974,0.05958321690559387,0.056335777044296265,0.11936743557453156
1,15335424,0.39681947231292725,-0.00012032981612719595,0.08559050410985947,0.09187201410531998,0.09929244220256805,0.08753100037574768
1,15400960,0.22973279654979706,-2.4198361643357202e-05,0.09672625362873077,0.08930137753486633,0.01227174699306488,0.08772148936986923
1,15466496,0.30965733528137207,-1.211635026265867e-05,0.11440711468458176,0.07834771275520325,0.07349948585033417,0.08092807978391647
1,15532032,0.2921340763568878,8.831721788737923e-05,0.0486551895737648,0.09558720886707306,0.039321959018707275,0.05520443990826607
1,15597568,0.3178064823150635,2.4882901925593615e-06,0.12236729264259338,0.09759971499443054,0.0891706570982933,0.062378715723752975
1,15663104,0.23826250433921814,-0.00011562704457901418,0.09517593681812286,0.07342168688774109,0.038415949791669846,0.062428466975688934
1,15728640,0.349698007106781,1.7344036677968688e-06,0.10842735320329666,0.06299977749586105,0.04081675410270691,0.058449890464544296
1,15794176,0.32940545678138733,4.307730705477297e-06,0.01839607208967209,0.04990765079855919,0.1301327645778656,0.07254431396722794
1,15859712,0.38179904222488403,1.7812344594858587e-05,0.10643845796585083,0.08590584993362427,0.07566522061824799,0.10465672612190247
1,15925248,0.28331631422042847,4.736011032946408e-05,0.043118372559547424,0.07312418520450592,0.11776040494441986,0.06884335726499557
1,15990784,0.38643985986709595,7.965626718942076e-05,0.09851058572530746,0.10833099484443665,0.13306927680969238,0.05396151542663574
1,16056320,0.3076243996620178,-9.705939010018483e-05,0.05609017610549927,0.14843538403511047,0.15205594897270203,0.10001363605260849
1,16121856,0.3380472660064697,-7.171970355557278e-05,0.12848669290542603,0.10460454225540161,0.1259537637233734,0.10998314619064331
1,16187392,0.37688422203063965,1.777514989953488e-05,0.09739117324352264,0.1068892851471901,0.10542319715023041,0.05863868445158005
1,16252928,0.3408718705177307,-7.30535393813625e-05,0.10446424782276154,0.07577274739742279,0.07151126116514206,0.05600470304489136
1,16318464,0.37986838817596436,-5.4810592700960115e-05,0.13012678921222687,0.04565317928791046,0.04028432071208954,0.07033105194568634
1,16384000,0.3480248749256134,-7.390834798570722e-05,0.11973650753498077,0.10534344613552094,0.10369211435317993,0.10441672056913376
1,16449536,0.31373512744903564,-2.464498538756743e-05,0.09310515224933624,0.0953349620103836,0.051381535828113556,0.06861408054828644
1,16515072,0.3575102686882019,0.0001587223232490942,0.11493026465177536,0.0968819409608841,0.044581927359104156,0.06905067712068558
1,16580608,0.3150656819343567,-5.290014814818278e-05,0.109795942902565,0.16087400913238525,0.059577248990535736,0.08651385456323624
1,16646144,0.36192142963409424,8.439707744400948e-05,0.06933853030204773,0.12046961486339569,0.07773956656455994,0.08436430990695953
1,16711680,0.3488015830516815,-3.220440703444183e-05,0.09357607364654541,0.10665973275899887,0.03970237448811531,0.04104577749967575
1,16777216,0.329128235578537,4.705422179540619e-05,0.08955971151590347,0.07040517777204514,0.11329010128974915,0.09811735153198242
1,16842752,0.33726173639297485,9.774528734851629e-06,0.07776957005262375,0.08734136819839478,0.06609658896923065,0.08864893019199371
1,16908288,0.41245925426483154,-9.073719411389902e-06,0.1306729018688202,0.051939595490694046,0.08057530224323273,0.093057781457901
1,16973824,0.35319119691848755,-2.515258893254213e-05,0.09440349787473679,0.05940096080303192,0.0945148915052414,0.08855780959129333
1,17039360,0.33122947812080383,-4.97878463647794e-05,0.08733274042606354,0.12062069028615952,0.117100290954113,0.10283495485782623
1,17104896,0.3228916823863983,-1.6416965081589296e-05,0.09303154051303864,0.07120192795991898,0.08817704021930695,0.04979246109724045
1,17170432,0.298933207988739,7.9713950981386e-05,0.14784526824951172,0.10119197517633438,0.0705295205116272,0.06826609373092651
1,17235968,0.3236955404281616,-1.6258518371614628e-06,0.0926830917596817,0.10839419066905975,0.05852659046649933,0.07263699173927307
1,17301504,0.33778664469718933,-4.156260547460988e-05,0.12456326186656952,0.07980220764875412,0.12135331332683563,0.09102227538824081
1,17367040,0.34563204646110535,7.594388443976641e-05,0.03218507766723633,0.10904420912265778,0.1152881607413292,0.0476926751434803
1,17432576,0.3240143358707428,3.0734478059457615e-05,0.11664009094238281,0.10345426201820374,0.08457183837890625,0.08718910813331604
1,17498112,0.3024004101753235,3.8175297959242016e-05,0.060742489993572235,0.11265891790390015,0.08145353198051453,0.12264049053192139
1,17563648,0.3857566714286804,0.000156786511070095,0.10394474118947983,0.08145719021558762,0.0947527289390564,0.1304672658443451
1,17629184,0.36700439453125,-8.13716724223923e-06,0.03711686283349991,0.05164241045713425,0.05158265307545662,0.06593604385852814
1,17694720,0.3076537251472473,-0.00010357769497204572,0.19239339232444763,0.07325126230716705,0.021484792232513428,0.0844826027750969
1,17760256,0.3098403215408325,3.654364263638854e-06,0.09312771260738373,0.08760128915309906,0.10664521157741547,0.11378759145736694
1,17825792,0.3638283610343933,-7.034183363430202e-05,0.13116371631622314,0.11848665773868561,0.038505859673023224,0.13119550049304962
1,17891328,0.37604963779449463,9.41908365348354e-05,0.08059198409318924,0.10823599994182587,0.08326530456542969,0.08426941931247711
1,17956864,0.49897781014442444,4.265028110239655e-05,0.1107034757733345,0.13159653544425964,0.1141643077135086,0.11466045677661896
1,18022400,0.3821357786655426,-1.762922329362482e-05,0.04891161620616913,0.031318437308073044,0.06417173147201538,0.011938739567995071
1,18087936,0.3673291802406311,3.4512322599766776e-05,0.07650144398212433,0.11216725409030914,0.046636201441287994,0.08960388600826263
1,18153472,0.38243716955184937,6.927476351847872e-05,0.07936578243970871,0.07793700695037842,0.1075270026922226,0.08921099454164505
1,18219008,0.3274362087249756,-1.3012009731028229e-05,0.11107821762561798,0.09305435419082642,0.1242399513721466,0.07114365696907043
1,18284544,0.4164099097251892,-2.438182673358824e-05,0.10243266075849533,0.15596146881580353,0.09945011138916016,0.09248754382133484
1,18350080,0.3929378390312195,-8.901335968403146e-05,0.1243738979101181,0.09251239895820618,0.15947073698043823,0.05651983618736267
1,18415616,0.4029940962791443,0.00011609144712565467,0.10937989503145218,0.014405805617570877,0.0784970372915268,0.07045946270227432
1,18481152,0.4298250675201416,-2.8737493266817182e-05,0.11834394931793213,0.08703041821718216,0.05632457882165909,0.16516368091106415
1,18546688,0.38087794184684753,-2.49931363214273e-05,0.10345464944839478,0.06961755454540253,0.1381986141204834,0.055689796805381775
1,18612224,0.45576944947242737,-2.450929969199933e-05,0.14254266023635864,0.14645114541053772,0.08808966726064682,0.12262725830078125
1,18677760,0.37784796953201294,3.2132811611518264e-06,0.11797407269477844,0.1163380891084671,0.041711173951625824,0.03168405592441559
1,18743296,0.34157246351242065,-7.684774027438834e-05,0.11682908982038498,0.12065567076206207,0.10720460116863251,0.08964531868696213
1,18808832,0.40033450722694397,-3.9626069337828085e-05,0.1344565749168396,0.0966099202632904,0.09253671765327454,0.10983620584011078
1,18874368,0.40985822677612305,1.9722570868907496e-05,0.1212860643863678,0.13358521461486816,0.08121685683727264,0.0382549911737442
1,18939904,0.36851370334625244,-2.487071651557926e-05,0.09307236969470978,0.12189539521932602,0.14224761724472046,0.11048875749111176
1,19005440,0.4167521595954895,0.000173794396687299,0.11727627366781235,0.07941833883523941,0.09613826870918274,0.10833043605089188
1,19070976,0.33127060532569885,-6.805732846260071e-05,0.11194898188114166,0.11509235203266144,0.07622537761926651,0.10533230751752853
1,19136512,0.4181436002254486,5.753628647653386e-05,0.1288944035768509,0.09153511375188828,0.05607518553733826,0.14759904146194458
1,19202048,0.34408897161483765,3.250862573622726e-05,0.05696158856153488,0.08669853955507278,0.05186600238084793,0.13485673069953918
1,19267584,0.44708627462387085,8.605737093603238e-05,0.1791582703590393,0.1377275437116623,0.13271117210388184,0.11426978558301926
1,19333120,0.3499073088169098,6.0564034356502816e-05,0.021264323964715004,0.060216717422008514,0.07693897187709808,0.08136735111474991
1,19398656,0.4104333519935608,-7.814034324837849e-05,0.19555743038654327,0.14504502713680267,0.11442063003778458,0.17105945944786072
1,19464192,0.41470828652381897,-3.0078732379479334e-05,0.09660384804010391,0.012957694008946419,0.13407108187675476,0.10760044306516647
1,19529728,0.4665345549583435,-7.325979095185176e-05,0.03982656076550484,0.14108267426490784,0.08453579246997833,0.045953169465065
1,19595264,0.3584631383419037,-5.377880370360799e-05,0.1355627477169037,0.11330854147672653,0.05134594440460205,0.0733414888381958
1,19660800,0.3837558627128601,5.740876804338768e-05,0.11398822069168091,0.09450137615203857,0.1483331024646759,0.060034558176994324
1,19726336,0.3696836829185486,3.1463576306123286e-05,0.13311424851417542,0.10628719627857208,0.10309349000453949,0.14580628275871277
1,19791872,0.40514135360717773,-0.0001332734973402694,0.07065117359161377,0.11796949058771133,0.0017954616341739893,0.06456634402275085
1,19857408,0.31690138578414917,2.3635351681150496e-05,0.09897369146347046,0.1426292508840561,0.09961888194084167,0.12924796342849731
1,19922944,0.39315152168273926,-0.00015599530888721347,0.10881444811820984,0.062397971749305725,0.03104592114686966,-0.020467931404709816
2,19988480,0.5002260208129883,7.949476275825873e-05,0.17148712277412415,0.07577939331531525,0.11733248829841614,0.13899725675582886
2,20054016,0.4304148554801941,-8.372398588107899e-05,0.12788191437721252,0.1674385964870453,0.14394697546958923,0.10872337222099304
2,20119552,0.2972312569618225,1.9285944290459156e-05,-0.014904215931892395,0.17898410558700562,0.13733956217765808,0.13284197449684143
2,20185088,0.38471031188964844,-0.00012363598216325045,0.06256316602230072,0.11256605386734009,0.02291710115969181,0.06307358294725418
2,20250624,0.4112401008605957,-2.9580172849819064e-05,0.20596610009670258,0.13805416226387024,0.0947352722287178,0.0730433315038681
2,20316160,0.4444437026977539,-2.5256944354623556e-05,0.21434782445430756,0.1251312792301178,0.050042420625686646,0.07031582295894623
2,20381696,0.3852557837963104,5.456606231746264e-05,0.12872213125228882,0.18039600551128387,0.11872628331184387,0.08994689583778381
2,20447232,0.3859950304031372,9.11612733034417e-06,0.07205848395824432,0.08597026020288467,0.06560672074556351,0.059043038636446
2,20512768,0.4438879191875458,-3.300735625089146e-05,0.09781934320926666,0.08888328075408936,0.10276399552822113,0.15118302404880524
2,20578304,0.447992205619812,2.2045085643185303e-05,0.18104657530784607,0.09683805704116821,0.10535740852355957,0.15245354175567627
2,20643840,0.4234565198421478,4.365011045592837e-05,0.15123790502548218,0.07968274503946304,0.11981679499149323,0.12417376041412354
2,20709376,0.3933999240398407,-6.208579725353047e-05,0.0827532559633255,0.1267370581626892,0.024502772837877274,0.17699292302131653
2,20774912,0.41038450598716736,-5.310542110237293e-05,0.1433596909046173,0.08062151819467545,0.15001562237739563,0.14466363191604614
2,20840448,0.3899881839752197,0.0001423898502252996,0.005839605815708637,0.06945928186178207,0.16458439826965332,0.047647036612033844
2,20905984,0.3763982653617859,8.801562944427133e-05,0.04032926261425018,0.11383336782455444,0.12965893745422363,0.11911004781723022
2,20971520,0.3175644278526306,3.991827179561369e-05,0.165543332695961,0.13113652169704437,0.04942700266838074,0.08535116165876389
2,21037056,0.46849989891052246,0.00012252730084583163,0.16328468918800354,0.11921415477991104,0.13725608587265015,0.1274408996105194
2,21102592,0.465648889541626,-2.2115611500339583e-05,0.14195850491523743,0.12349259108304977,0.1297442764043808,0.1030590832233429
2,21168128,0.3982391953468323,5.799924110760912e-06,0.06742320954799652,0.11226990818977356,0.07256761938333511,0.10076143592596054
2,21233664,0.4073576033115387,0.00018041743896901608,0.15875676274299622,0.04809824377298355,0.13601447641849518,0.1373850703239441
2,21299200,0.32374307513237,4.7299596189986914e-05,0.06310981512069702,0.06844119727611542,0.03368845209479332,0.021088048815727234
2,21364736,0.4510772228240967,3.328513048472814e-05,0.19125887751579285,0.1791190803050995,0.023102927953004837,0.06770428270101547
2,21430272,0.3597191870212555,9.07409776118584e-05,0.09772968292236328,0.010334977880120277,0.16154280304908752,0.0972314327955246
2,21495808,0.4731823801994324,0.00013218953972682357,0.16318874061107635,0.11851820349693298,0.1454395353794098,0.0307176411151886
3,21561344,0.4939004182815552,5.673997293342836e-05,0.03213854879140854,0.18146976828575134,0.12736524641513824,0.13419821858406067
3,21626880,0.557747483253479,-8.784072269918397e-05,0.4617125988006592,0.003923132084310055,0.021070845425128937,0.07330120354890823
3,21692416,0.3291531801223755,-0.0001673805236350745,0.19920486211776733,0.11144300550222397,0.33643436431884766,0.005631578154861927
3,21757952,0.3928273618221283,4.009016265626997e-05,0.25360432267189026,0.26955002546310425,0.21211004257202148,0.0845651924610138
3,21823488,0.45435404777526855,-7.287962216651067e-05,0.18927815556526184,0.22080348432064056,0.25479790568351746,0.1647121012210846
3,21889024,0.45797547698020935,6.861006113467738e-06,0.10473576933145523,0.1387394666671753,0.1630038321018219,0.055954091250896454
3,21954560,0.361022412776947,3.4278491511940956e-05,0.18322554230690002,0.12390260398387909,0.1024097353219986,0.12240615487098694
3,22020096,0.4385322630405426,-3.1879753805696964e-05,0.08152976632118225,0.22879338264465332,-0.016406573355197906,0.13123972713947296
3,22085632,0.4572720527648926,7.079475471982732e-05,0.20509804785251617,0.13940367102622986,0.154637411236763,0.1720561981201172
3,22151168,0.4469960331916809,5.430881356005557e-05,0.12427910417318344,0.15154443681240082,0.2013695389032364,0.18346019089221954
3,22216704,0.44359415769577026,-9.985688666347414e-05,0.13566212356090546,0.13401685655117035,0.17415140569210052,0.06728088855743408
3,22282240,0.41727352142333984,-6.991285772528499e-06,0.12054788321256638,0.1555691659450531,0.13239659368991852,0.20213870704174042
3,22347776,0.4451814293861389,8.330756827490404e-06,0.10811758041381836,0.09541401267051697,0.07332471013069153,0.08371010422706604
3,22413312,0.4542771577835083,4.041272768517956e-05,0.15781821310520172,0.08643746376037598,0.11853042244911194,0.10573738813400269
3,22478848,0.4646574854850769,-1.5983641787897795e-07,0.12184516340494156,0.07138080894947052,0.16961261630058289,0.11164355278015137
4,22085632,0.46458739042282104,5.385142867453396e-05,0.14699687063694,0.1704259216785431,0.22094595432281494,0.18557757139205933
4,22151168,0.45668405294418335,6.123531784396619e-05,0.09416358172893524,0.17741981148719788,0.0895041823387146,0.08427761495113373
4,22216704,0.3931862711906433,5.671783583238721e-05,0.11268115043640137,0.1444990485906601,0.058412306010723114,0.1509493887424469
4,22282240,0.3458680510520935,8.705828804522753e-06,0.20345184206962585,0.11611305922269821,0.05274531617760658,0.14157351851463318
4,22347776,0.4123334586620331,-7.423709030263126e-05,0.14068348705768585,0.12506422400474548,0.13315825164318085,0.12003365159034729
4,22413312,0.396133154630661,4.292756784707308e-05,0.11989855021238327,0.1122056394815445,0.16919800639152527,0.07016010582447052
4,22478848,0.4259359836578369,-9.151488484349102e-05,0.13922810554504395,0.046551674604415894,0.14269807934761047,0.08739277720451355
4,22544384,0.4196913242340088,-7.3166011134162545e-06,0.10146372765302658,0.11091656982898712,0.11478085815906525,0.09243138134479523
4,22609920,0.4195343255996704,-2.6504480047151446e-05,0.12233953922986984,0.09178882837295532,0.11441695690155029,0.11003905534744263
4,22675456,0.475382924079895,-3.5682714951690286e-05,0.1002250462770462,0.10433648526668549,0.1499682366847992,0.13026756048202515
4,22740992,0.2856525182723999,0.00013022887287661433,0.05542327091097832,0.11057153344154358,0.07191707193851471,0.030466819182038307
4,22806528,0.44478052854537964,0.00010063420631922781,0.11395899951457977,0.12314110994338989,0.1324911117553711,0.10151707381010056
4,22872064,0.38062965869903564,-1.0967733032885008e-05,0.07895825058221817,0.08254683762788773,0.06447296589612961,0.1344592124223709
4,22937600,0.4041902422904968,7.433362043229863e-05,0.09845611453056335,0.14057163894176483,0.13098086416721344,0.07225906103849411
4,23003136,0.3536486327648163,8.900619286578149e-05,0.05784772336483002,0.059473611414432526,0.037367697805166245,0.11804123222827911
4,23068672,0.3534245193004608,-3.561138146324083e-05,0.14378057420253754,0.1391519159078598,0.038425102829933167,0.042391106486320496
4,23134208,0.4100021421909332,-1.6793437680462375e-06,0.08115094900131226,0.08927532285451889,0.10788518935441971,0.10531839728355408
4,23199744,0.5447033643722534,-0.00011453551996964961,0.1569403111934662,0.11728044599294662,0.11471538990736008,0.08780206739902496
4,23265280,0.43505337834358215,4.115281626582146e-05,0.10392162203788757,0.08808751404285431,0.16312581300735474,0.017148593440651894
4,23330816,0.4901244342327118,5.0065937102772295e-05,0.12631992995738983,0.15450559556484222,0.07571382820606232,0.09521840512752533
4,23396352,0.45580822229385376,1.998003790504299e-05,0.0182510856539011,0.10322931408882141,0.04909283667802811,0.01861944980919361
4,23461888,0.43978333473205566,-4.042800355819054e-05,0.062177665531635284,0.12295995652675629,0.06908109784126282,0.09921005368232727
4,23527424,0.3900690972805023,4.692371476266999e-06,0.0845220685005188,0.11662568897008896,0.10401110351085663,0.1296381950378418
4,23592960,0.28746065497398376,7.0384958235081285e-06,0.06381125748157501,0.04244805872440338,0.15731285512447357,0.17273318767547607
4,23658496,0.441201388835907,-1.2388623872539029e-05,0.10504244267940521,0.0018976866267621517,0.0821586474776268,0.23144802451133728
4,23724032,0.4642290472984314,0.00012962000619154423,0.12430426478385925,0.09690162539482117,0.13346850872039795,0.15854361653327942
4,23789568,0.4256092607975006,9.563555795466527e-05,0.0976373553276062,0.13358303904533386,0.07824257016181946,0.1535276174545288
4,23855104,0.40920329093933105,0.00017111410852521658,0.11283454298973083,0.11958327889442444,0.11580926924943924,0.08155952394008636
4,23920640,0.31221848726272583,2.7976975616184063e-05,0.07529224455356598,0.09428799152374268,0.09088164567947388,0.014820324257016182
4,23986176,0.44798123836517334,-6.226686673471704e-05,0.06470419466495514,0.1339402198791504,0.06315972656011581,0.11889027059078217
4,24051712,0.4676210582256317,-1.694780439720489e-05,0.07433284819126129,0.15126723051071167,0.11963643878698349,0.11029553413391113
4,24117248,0.36596232652664185,1.7163671145681292e-05,0.06279315054416656,0.13811352849006653,0.021968554705381393,0.01789848692715168
4,24182784,0.4361840486526489,0.00010661454871296883,0.1162153035402298,0.1816994547843933,0.08058854937553406,0.06191159039735794
4,24248320,0.5164110660552979,-5.9352540120016783e-05,0.14883653819561005,0.07567630708217621,0.17744150757789612,0.14359046518802643
4,24313856,0.4206595718860626,8.915269063436426e-06,0.049284711480140686,0.11135051399469376,0.038973402231931686,0.17239320278167725
4,24379392,0.37994614243507385,5.8307297877036035e-05,0.09787265956401825,0.10108315944671631,0.10769857466220856,0.10853363573551178
4,24444928,0.38966459035873413,-5.093514118925668e-05,0.12950946390628815,0.11080163717269897,0.06504110991954803,0.12757134437561035
4,24510464,0.36534416675567627,-5.837642675032839e-05,0.07243502140045166,0.0506291538476944,0.07292488217353821,0.14480234682559967
4,24576000,0.4556201100349426,-4.8679627070669085e-05,0.1502545177936554,0.08664570748806,0.12514877319335938,0.12756511569023132
4,24641536,0.34533417224884033,3.788771937252022e-05,0.09471303224563599,0.10501453280448914,0.1292552649974823,-0.02223324589431286
4,24707072,0.4467805027961731,-8.875859202817082e-05,0.08899370580911636,0.04561082273721695,0.10022765398025513,0.09515321254730225
4,24772608,0.4409976005554199,3.438756539253518e-05,0.08537039160728455,0.07911282032728195,0.01888454705476761,0.33324921131134033
4,24838144,0.36180734634399414,-6.357503298204392e-05,0.15545490384101868,0.10512176901102066,0.1514352709054947,0.09442701935768127
4,24903680,0.4701403081417084,-7.50005419831723e-05,0.07775197923183441,0.11674614250659943,0.0407525934278965,0.005706051364541054
4,24969216,0.4256991744041443,0.00010737630509538576,-0.05101582407951355,0.19477185606956482,0.16791486740112305,0.12552553415298462
4,25034752,0.424150675535202,0.0001934817701112479,0.15583530068397522,0.12113922089338303,0.15655815601348877,0.08242625743150711
4,25100288,0.45838677883148193,-2.5221961550414562e-05,0.11622827500104904,0.08726073056459427,0.07239653170108795,0.20926694571971893
4,25165824,0.32671016454696655,-3.22680025419686e-05,0.07869544625282288,0.06113060563802719,0.11731621623039246,0.11217137426137924
4,25231360,0.41891956329345703,-0.00014598845154978335,0.24581462144851685,0.04949340969324112,0.16867592930793762,0.13694587349891663
4,25296896,0.4414832293987274,-2.3462813260266557e-05,0.161838561296463,0.1123201921582222,0.09058026969432831,0.13503047823905945
4,25362432,0.3468629717826843,6.272521568462253e-05,0.13604888319969177,0.03918272256851196,0.06367550790309906,0.06579776108264923
4,25427968,0.38555485010147095,-3.3310443541267887e-06,0.1170453354716301,0.15640638768672943,0.12529394030570984,0.1737370789051056
4,25493504,0.4607853293418884,-7.840657781343907e-05,0.12941685318946838,0.04723019897937775,0.04709450155496597,0.12353049218654633
4,25559040,0.48636144399642944,-3.5194039810448885e-05,0.1299423724412918,0.10586991906166077,0.14612458646297455,0.12275923043489456
4,25624576,0.43335503339767456,7.923504745122045e-05,0.12501224875450134,0.20190118253231049,0.13469499349594116,0.17116868495941162
4,25690112,0.40292200446128845,2.3643908207304776e-05,0.04522762820124626,0.12166865170001984,0.10406370460987091,0.01299138180911541
4,25755648,0.3635067045688629,4.6652992750750855e-05,0.08931342512369156,0.08919041603803635,0.11889627575874329,0.12292536348104477
4,25821184,0.43192777037620544,-7.293331145774573e-05,0.07503192126750946,0.06385256350040436,0.11810971796512604,0.13703572750091553
4,25886720,0.43923962116241455,5.261944170342758e-05,0.11500278115272522,0.07364398241043091,0.11546918004751205,0.12415099143981934
4,25952256,0.4024701714515686,-7.681598799536005e-05,0.10360048711299896,0.1187174990773201,0.13099892437458038,0.03737856075167656
4,26017792,0.38426655530929565,1.748882823449094e-05,0.10594624280929565,0.12990500032901764,0.14523199200630188,0.0952286347746849
4,26083328,0.4023193120956421,7.599146920256317e-05,0.11330336332321167,0.10943964868783951,0.01198776438832283,0.03407787159085274
4,26148864,0.43762776255607605,-9.73739952314645e-06,0.12883514165878296,0.06792699545621872,0.14764638245105743,0.17297887802124023
4,26214400,0.34259068965911865,8.276107109850273e-05,0.04181342571973801,0.08699037879705429,0.07667958736419678,0.09722019731998444
4,26279936,0.4707576036453247,0.00011686536890920252,0.11080499738454819,0.1157236248254776,0.12891939282417297,0.1415519118309021
4,26345472,0.5013705492019653,8.281413465738297e-05,0.11233961582183838,0.05431661009788513,0.018496915698051453,0.20823901891708374
4,26411008,0.3962011933326721,-0.00011756917228922248,0.10032007098197937,0.10393015295267105,0.15754160284996033,0.1713290810585022
4,26476544,0.38494378328323364,0.00010076718899654225,0.06362219899892807,0.12138325721025467,0.07108505070209503,0.1856817901134491
4,26542080,0.46339839696884155,9.328506712336093e-05,0.08960267901420593,0.12408170849084854,0.06264457106590271,0.1878107488155365
4,26607616,0.41055527329444885,-6.665982073172927e-05,0.08273597061634064,0.13181594014167786,0.09417253732681274,0.008194124326109886
4,26673152,0.33350977301597595,-3.372277569724247e-05,0.09741343557834625,0.14125239849090576,0.11257432401180267,0.06037492677569389
4,26738688,0.43977177143096924,8.882377005647868e-05,0.08621223270893097,0.09206719696521759,0.10125721246004105,0.06840193271636963
4,26804224,0.4161490797996521,-1.7625352484174073e-06,0.13293258845806122,0.08720239996910095,0.14111776649951935,0.17033490538597107
4,26869760,0.4890178442001343,-8.11633508419618e-05,0.1326846480369568,0.13412563502788544,0.045797690749168396,0.09746703505516052
4,26935296,0.4031919240951538,-0.00011558217374840751,0.09818362444639206,0.08795057237148285,0.10888436436653137,0.10160437971353531
4,27000832,0.4031097888946533,-5.16124491696246e-05,0.12052667140960693,0.09554895758628845,0.09641119837760925,0.08992336690425873
4,27066368,0.3762185573577881,6.556740845553577e-05,0.0634414404630661,0.08950164169073105,0.13113941252231598,0.15956994891166687
4,27131904,0.43728306889533997,-2.9191507564974017e-05,0.10531334578990936,0.1229550689458847,0.06520570069551468,0.10647834837436676
4,27197440,0.4324120283126831,0.0001289197098230943,0.09207434952259064,0.05702170729637146,0.034555405378341675,0.16677500307559967
4,27262976,0.36740830540657043,-5.63827961741481e-05,0.0852375328540802,0.08615896105766296,0.08580490201711655,0.056854698807001114
4,27328512,0.4329051375389099,-0.00010097244376083836,0.07568241655826569,0.12057854980230331,0.12781791388988495,0.0962928831577301
4,27394048,0.5828386545181274,-3.502591425785795e-07,0.037287309765815735,0.08000326156616211,0.140020951628685,0.13591358065605164
4,27459584,0.4471983015537262,-0.00010929499694611877,0.07230951637029648,0.10106803476810455,0.16149801015853882,0.08258530497550964
4,27525120,0.49251821637153625,2.0622077499865554e-05,0.10339498519897461,0.16121624410152435,0.06156861037015915,0.10701145231723785
4,27590656,0.46547308564186096,3.332597407279536e-05,0.19782297313213348,0.11603367328643799,0.13760976493358612,0.12003640085458755
4,27656192,0.39457860589027405,-0.00016321436851285398,0.09516584873199463,0.07401897013187408,0.05431101471185684,0.06570331752300262
4,27721728,0.468941330909729,-3.500623279251158e-05,0.12126651406288147,0.11786868423223495,0.11274703592061996,0.10575751960277557
4,27787264,0.4097101390361786,0.00010864071373362094,0.08100570738315582,0.04585128650069237,0.059677284210920334,0.0015654267044737935
4,27852800,0.40267422795295715,0.00013023536303080618,0.04087956249713898,0.125064879655838,0.1168375164270401,0.0987301617860794
4,27918336,0.5221710205078125,7.477465987903997e-05,0.07914936542510986,0.10365889966487885,0.07216793298721313,0.07155348360538483
4,27983872,0.4157559275627136,9.340468386653811e-05,0.09132064878940582,0.12288779765367508,0.0650889053940773,0.09937076270580292
4,28049408,0.4278353154659271,-6.525420030811802e-05,0.11205936968326569,0.23223865032196045,0.08604798465967178,0.15219730138778687
4,28114944,0.3916779160499573,-4.769457154907286e-05,0.08545887470245361,0.07078663259744644,0.03985174745321274,0.09195062518119812
4,28180480,0.5208339095115662,-3.8255242543527856e-05,0.0033829628955572844,0.10311877727508545,0.11597145348787308,0.15100789070129395
4,28246016,0.45963817834854126,0.0001631663180887699,0.06963877379894257,0.05614381283521652,0.104770228266716,0.15982425212860107
4,28311552,0.45009559392929077,-8.018942025955766e-05,0.16230101883411407,0.0422615222632885,0.07298406958580017,0.003367325523868203
4,28377088,0.36672109365463257,-6.272117025218904e-05,0.09601816534996033,0.11157491058111191,0.18326786160469055,0.09329932928085327
4,28442624,0.4187600612640381,0.0001787892251741141,0.04953491687774658,0.12215977907180786,0.14807505905628204,0.07622244954109192
4,28508160,0.38912343978881836,-5.2870145736960694e-05,0.11021390557289124,0.12416740506887436,0.06354264914989471,0.08182224631309509
4,28573696,0.44629424810409546,3.9009737520245835e-05,0.05104610323905945,0.07203894853591919,0.0892862007021904,0.1530703753232956
4,28639232,0.44088268280029297,2.749518898781389e-06,0.10448296368122101,0.06901213526725769,0.16559883952140808,0.12202902138233185
4,28704768,0.48516297340393066,0.0001967132993740961,0.10315665602684021,0.051126521080732346,0.16105866432189941,0.18114954233169556
4,28770304,0.5111017227172852,-0.00020156914251856506,0.14647942781448364,0.08109967410564423,0.08315997570753098,0.05392228066921234
4,28835840,0.3780054748058319,6.311875040410087e-05,0.006739940494298935,0.1279241442680359,0.04423286393284798,0.0345473438501358
4,28901376,0.45922452211380005,-7.61703631724231e-05,0.13037168979644775,0.10614029318094254,0.09520833939313889,0.13037285208702087
4,28966912,0.5270674824714661,-5.153437814442441e-05,0.08611852675676346,0.11914435029029846,0.08549343049526215,0.1865231841802597
4,29032448,0.4436601996421814,-9.585836960468441e-05,0.04370524734258652,0.2968904674053192,0.19311973452568054,0.1761428415775299
4,29097984,0.4671231806278229,-4.278547567082569e-05,0.14207962155342102,0.16262738406658173,0.12982907891273499,0.09522116929292679
4,29163520,0.4553910493850708,-0.0001935169566422701,0.07280603796243668,0.2107996940612793,0.07125074416399002,-0.002652056748047471
4,29229056,0.41455960273742676,-6.717345240758732e-05,0.12570825219154358,0.1533650904893875,0.11386491358280182,0.08771434426307678
4,29294592,0.39050567150115967,-0.00013879110338166356,0.09245949983596802,0.19423198699951172,0.13159799575805664,-0.0027870149351656437
4,29360128,0.41688424348831177,7.378082955256104e-05,0.12350652366876602,0.10403914004564285,0.10298795998096466,0.09251876175403595
4,29425664,0.5024598836898804,-4.280795474187471e-05,0.14486190676689148,0.07869245111942291,0.061197709292173386,0.08635169267654419
4,29491200,0.5290327072143555,-9.252678137272596e-05,0.123319610953331,0.1106853112578392,0.13577944040298462,0.1286546289920807
4,29556736,0.4522809684276581,7.053735316731036e-06,0.06821171939373016,0.06156114488840103,0.1183033213019371,0.12504084408283234
5,29425664,0.5632075667381287,3.9678256143815815e-05,0.13578128814697266,0.12542381882667542,0.14420202374458313,0.12783393263816833
5,29491200,0.50389164686203,-2.521168607927393e-05,0.07426423579454422,0.12978330254554749,0.008520970121026039,0.1834573596715927
5,29556736,0.32988664507865906,8.920548134483397e-05,0.13139097392559052,0.11714376509189606,0.17836689949035645,0.14024369418621063
5,29622272,0.409566193819046,3.826887405011803e-05,0.20945152640342712,0.08851605653762817,0.17541487514972687,0.09309861063957214
5,29687808,0.44313111901283264,-6.370668415911496e-05,0.0774286761879921,0.07853078097105026,0.21156053245067596,0.12859153747558594
5,29753344,0.40054845809936523,0.00016999013314489275,0.0831400603055954,0.03149522468447685,0.22020071744918823,0.07650183141231537
5,29818880,0.4212363362312317,-9.438076813239604e-05,0.16296344995498657,0.07199734449386597,0.1321619749069214,0.10415710508823395
5,29884416,0.45894527435302734,0.00011478943633846939,0.14358142018318176,0.08436493575572968,0.10814758390188217,0.07584024965763092
5,29949952,0.5009522438049316,4.467787221074104e-06,0.12499956041574478,0.1034366637468338,0.18603941798210144,0.10298710316419601
5,30015488,0.5684560537338257,1.4251047105062753e-05,0.05653346702456474,0.11305112391710281,0.12655536830425262,0.10625448077917099
5,30081024,0.4438486695289612,7.720620487816632e-05,0.17473727464675903,0.27612602710723877,0.11374808847904205,0.10214640200138092
6,29949952,0.5814502239227295,4.6344233851414174e-05,0.07820219546556473,0.12124694883823395,0.14005309343338013,0.11753135919570923
6,30015488,0.4566216766834259,2.9203700250945985e-05,0.1112048476934433,0.1374872922897339,0.13535833358764648,0.09268398582935333
6,30081024,0.3968711495399475,7.581055979244411e-05,0.13013862073421478,0.09981400519609451,0.1276732236146927,0.061287492513656616
6,30146560,0.4703962802886963,-3.195022145519033e-05,0.10979288816452026,0.07566982507705688,0.10210798680782318,0.04403774440288544
6,30212096,0.42582809925079346,-7.751045632176101e-05,0.11351050436496735,0.10666920244693756,0.08423355221748352,0.13366082310676575
6,30277632,0.38480401039123535,4.3566094973357394e-05,0.04360164701938629,0.12583202123641968,0.09043970704078674,0.12055407464504242
6,30343168,0.4688323438167572,-5.641385359922424e-05,0.052729155868291855,0.10066018998622894,0.03257431089878082,0.05520135536789894
6,30408704,0.37290990352630615,-7.980286318343133e-05,0.1817988008260727,0.08055354654788971,0.055084165185689926,0.15811392664909363
6,30474240,0.4824475049972534,-4.867459574597888e-05,0.10799312591552734,0.0465879812836647,0.13031329214572906,0.057303499430418015
6,30539776,0.5544556975364685,3.0457811590167694e-05,0.10514195263385773,0.08115386962890625,0.03758701682090759,0.10711878538131714
6,30605312,0.41494035720825195,3.8201855204533786e-05,0.02412271313369274,0.10844684392213821,0.15047794580459595,0.08077098429203033
6,30670848,0.42830806970596313,-0.00012393765791784972,0.07557760179042816,0.1524164378643036,0.06652145087718964,0.08701269328594208
6,30736384,0.3901939392089844,5.100726775708608e-05,0.1014632135629654,0.11698515713214874,0.09357777237892151,0.06813965737819672
6,30801920,0.3774557113647461,0.00010937049228232354,0.2478204071521759,0.15325045585632324,0.06657852977514267,0.07320813089609146
6,30867456,0.45248958468437195,5.4356765758711845e-05,0.178974449634552,0.07670164853334427,0.04179556667804718,0.11818796396255493
6,30932992,0.4990534782409668,5.0405506044626236e-05,0.09355059266090393,0.05662912875413895,0.10477076470851898,0.02829340472817421
6,30998528,0.41465163230895996,-1.4613600797019899e-05,0.11188158392906189,0.02073599398136139,0.06683261692523956,0.05929502099752426
6,31064064,0.5093843936920166,-0.00011853071919176728,0.20612160861492157,0.06060988828539848,0.15054121613502502,0.2395361065864563
6,31129600,0.39931973814964294,-4.7464025556109846e-05,0.14935055375099182,0.1447961926460266,0.08082294464111328,0.08794394135475159
6,31195136,0.4463757574558258,6.474029214587063e-05,0.07730146497488022,0.2320862114429474,0.08432736992835999,0.12483164668083191
6,31260672,0.45551902055740356,0.00012230280844960362,0.1462162584066391,0.09122005105018616,0.12042364478111267,0.042006321251392365
6,31326208,0.5288633704185486,-7.9941404692363e-05,0.14297781884670258,0.1225554496049881,0.11371655762195587,0.13039742410182953
6,31391744,0.4425925314426422,-3.1946910894475877e-07,0.17704448103904724,-0.02378023974597454,0.07864376902580261,0.16438613831996918
6,31457280,0.3291569948196411,5.567837433773093e-05,0.07646217942237854,0.14355303347110748,0.07009084522724152,0.13759854435920715
6,31522816,0.4713396728038788,4.3981879571219906e-05,0.1461809277534485,0.04747212678194046,0.08754872530698776,0.0753348171710968
6,31588352,0.509400486946106,-5.967575270915404e-05,0.13818040490150452,0.2336736023426056,0.13012203574180603,0.18243847787380219
6,31653888,0.4363500475883484,-2.3982978746062145e-05,-0.028597090393304825,0.151798278093338,0.07747820764780045,0.1413152515888214
6,31719424,0.5166186094284058,-5.420456000138074e-05,0.1741577386856079,0.095820851624012,0.14762771129608154,0.11532781273126602
6,31784960,0.45285993814468384,9.297904762206599e-05,0.024362020194530487,0.1492326855659485,0.059441693127155304,0.062287744134664536
6,31850496,0.43136221170425415,5.864178456249647e-05,0.0691535547375679,0.13484326004981995,-0.04619612917304039,0.12536431849002838
7,31522816,0.5338382124900818,4.6556946472264826e-05,0.13168653845787048,0.21534165740013123,0.14005213975906372,0.17287734150886536
7,31588352,0.47082391381263733,3.0108543796814047e-05,0.08872751891613007,0.08833262324333191,0.03286748006939888,0.1118481457233429
7,31653888,0.40589582920074463,-4.5095821405993775e-05,0.12853899598121643,0.1230507642030716,0.1565467268228531,0.041128113865852356
7,31719424,0.4560505747795105,-0.00011303641076665372,0.0267011858522892,0.1609320491552353,0.09702424705028534,0.15313956141471863
7,31784960,0.4729830324649811,7.830484537407756e-05,0.0860886424779892,0.06873014569282532,0.1400826871395111,0.11148425936698914
7,31850496,0.4026060104370117,-9.678228525444865e-05,0.16082003712654114,0.0726383626461029,0.17319932579994202,0.16425463557243347
7,31916032,0.42443931102752686,-0.00019233033526688814,0.11288581788539886,0.07669587433338165,0.12740471959114075,0.1504535675048828
7,31981568,0.4124395251274109,-9.778379171621054e-05,0.07618647068738937,0.11145015060901642,0.09698045253753662,0.09541132301092148
7,32047104,0.4862425923347473,5.267497181193903e-05,0.10110709816217422,0.03918292745947838,0.09983882308006287,0.07979513704776764
7,32112640,0.4783855676651001,-0.0001013043656712398,0.09711896628141403,0.14134882390499115,0.12224571406841278,0.19032129645347595
7,32178176,0.4465857744216919,7.696486864006147e-05,0.11003702878952026,0.19895556569099426,-0.010293685831129551,0.14488765597343445
7,32243712,0.39687901735305786,-3.778982500080019e-05,0.18850955367088318,0.19882649183273315,0.1298850029706955,0.1653495728969574
7,32309248,0.39707151055336,0.00011716799053829163,0.11226014047861099,0.0890364944934845,0.2267596423625946,0.06637690216302872
7,32374784,0.3777347803115845,8.269310637842864e-05,0.07677052915096283,0.08386508375406265,0.10115229338407516,0.0829719826579094
7,32440320,0.46725594997406006,5.201818567002192e-07,0.05187992751598358,0.11778698861598969,0.052416861057281494,0.01906058005988598
7,32505856,0.4420812726020813,1.0304493116564117e-05,0.11453143507242203,0.038412369787693024,0.11008135974407196,0.11730039864778519
8,32571392,0.5526681542396545,9.595514711691067e-06,0.14885437488555908,0.04024994745850563,0.1419934630393982,0.12582728266716003
8,32636928,0.4193900227546692,-0.00014415716577786952,0.05199871212244034,0.15440478920936584,0.18373516201972961,0.10920609533786774
8,32702464,0.36020833253860474,1.9330118448124267e-05,0.058357834815979004,0.21581509709358215,0.15865880250930786,0.11269490420818329
8,32768000,0.41273996233940125,-0.00010457000462338328,0.09276626259088516,0.14877070486545563,0.06772205233573914,0.11574547737836838
8,32833536,0.4259044826030731,-0.00011100502888439223,0.1825920045375824,0.1667243242263794,0.10890232026576996,0.15365931391716003
8,32899072,0.4320332705974579,-4.000850458396599e-05,0.1489792764186859,0.09440524876117706,0.10205361247062683,0.08787558227777481
8,32964608,0.40742549300193787,0.00013181698159314692,0.13435819745063782,0.0953008234500885,0.12864497303962708,0.06922517716884613
8,33030144,0.38308656215667725,7.934892346384004e-05,0.14989535510540009,0.12914368510246277,0.09752953797578812,0.06300327926874161
8,33095680,0.42021551728248596,-0.00010240549454465508,0.206712007522583,0.14633673429489136,0.14667156338691711,0.039459001272916794
8,33161216,0.45162856578826904,3.6014480429003015e-05,0.10150168836116791,0.11593925952911377,0.13552892208099365,0.08604627847671509
8,33226752,0.4419746994972229,-4.4775351852877066e-05,0.1339176744222641,0.12704981863498688,0.1209801658987999,0.08953413367271423
8,33292288,0.5059460401535034,-2.2680476831737906e-05,0.028219860047101974,0.07708635181188583,0.09008702635765076,0.11457446962594986
8,33357824,0.42504507303237915,5.031317050452344e-05,0.11782842874526978,0.15401500463485718,0.08991125971078873,0.18876296281814575
8,33423360,0.5201980471611023,-2.492633939255029e-07,0.08560150116682053,0.24786117672920227,0.17441867291927338,0.19141073524951935
8,33488896,0.4293551743030548,-0.00010503696830710396,0.16632112860679626,0.12651321291923523,-0.00998496450483799,0.17139120399951935
8,33554432,0.4401370882987976,6.586260860785842e-05,0.16654175519943237,0.0821811854839325,0.18415461480617523,0.11078141629695892
8,33619968,0.4365368187427521,-2.7296729967929423e-05,0.10970373451709747,0.07284732162952423,0.03218209370970726,0.14296667277812958
8,33685504,0.4418661296367645,3.042382377316244e-05,0.10969547927379608,0.12076134979724884,-0.0037235599011182785,0.2100106030702591
8,33751040,0.3521087169647217,-0.00013801231398247182,0.1624458283185959,0.13315868377685547,-0.0043554045259952545,0.09576880931854248
8,33816576,0.4299772381782532,0.00013017548189964145,0.10400664806365967,0.08591760694980621,0.18402698636054993,0.06468740105628967
8,33882112,0.3828193247318268,-9.771752229426056e-05,0.20805029571056366,0.1596183478832245,0.2066219300031662,0.061491839587688446
8,33947648,0.5042128562927246,-8.442850958090276e-05,0.017647920176386833,0.10851415991783142,0.20022964477539062,0.058438315987586975
8,34013184,0.43730628490448,-0.0001848618412623182,0.09087694436311722,0.10268791019916534,0.33379197120666504,0.09850382804870605
8,34078720,0.41768163442611694,-6.237666093511507e-05,0.017996378242969513,0.09446713328361511,0.17279702425003052,0.06825216859579086
9,34144256,0.5213621854782104,3.46468405041378e-05,0.1939169466495514,0.04212650656700134,0.2636856734752655,0.14827074110507965
9,34209792,0.4830675721168518,-2.49500953941606e-05,0.11054474115371704,0.13842085003852844,0.19582808017730713,0.17711493372917175
9,34275328,0.36005401611328125,0.00019104970851913095,0.15471646189689636,0.2887757420539856,0.17864631116390228,0.031385596841573715
9,34340864,0.4329818785190582,-3.197559271939099e-05,0.0550401508808136,0.26380425691604614,-0.014313831925392151,0.13284432888031006
9,34406400,0.4557335376739502,-4.505478136707097e-05,0.12395566701889038,0.04203531891107559,0.12513411045074463,0.1376504898071289
9,34471936,0.34384679794311523,1.215015618072357e-05,0.04508750140666962,0.1931794434785843,0.09967310726642609,0.09778362512588501
9,34537472,0.46313047409057617,-9.779020911082625e-05,0.12694858014583588,0.22465041279792786,0.06293830275535583,0.09242402017116547
9,34603008,0.4268740713596344,-1.629611142561771e-05,-0.05312621593475342,0.1562080681324005,0.13530147075653076,0.10766677558422089
9,34668544,0.4427444040775299,5.795136166852899e-05,0.06311602145433426,0.2005622535943985,0.07885026931762695,0.13140332698822021
9,34734080,0.4934552311897278,-3.3054835512302816e-05,0.11353078484535217,0.11444272845983505,0.09237498790025711,0.059768468141555786
9,34799616,0.44056862592697144,-0.00013353716349229217,0.1183914765715599,0.03942512720823288,0.13145849108695984,0.0833190381526947
9,34865152,0.5191795825958252,3.890903826686554e-06,0.1559067964553833,0.06205447390675545,0.16524913907051086,0.07279475778341293
9,34930688,0.4676288962364197,2.8266164008527994e-05,0.10332956910133362,0.01650221273303032,0.21887421607971191,0.21749961376190186
9,34996224,0.4474685788154602,2.452106673445087e-05,0.1822967529296875,0.050612956285476685,0.07458651065826416,0.14838562905788422
9,35061760,0.4704391658306122,-4.813539999304339e-05,0.08059713244438171,0.10511988401412964,0.05106433108448982,0.08420871198177338
9,35127296,0.456866979598999,-4.292355151847005e-05,0.13145121932029724,0.061336949467659,0.030201297253370285,0.14124324917793274
9,35192832,0.5139709711074829,-2.6028723368654028e-05,0.08308560401201248,0.10717207193374634,0.026945695281028748,0.10387563705444336
9,35258368,0.5599180459976196,9.139263420365751e-05,0.14594677090644836,0.1908152550458908,0.17995217442512512,0.10163227468729019
9,35323904,0.31019896268844604,5.849502485943958e-06,0.12339568883180618,0.16536691784858704,0.03760482743382454,-0.028667623177170753
9,35389440,0.4576321840286255,6.613015284528956e-05,0.11275701224803925,0.12673050165176392,0.1072147861123085,0.08317908644676208
9,35454976,0.4107097387313843,0.00010073353041661903,0.10544350743293762,0.10152623802423477,0.09873294830322266,0.0362401157617569
9,35520512,0.48350030183792114,2.6459387299837545e-05,0.11217358708381653,0.07775633037090302,0.07296063005924225,0.07801157236099243
9,35586048,0.4866710901260376,7.862534403102472e-06,0.10509226471185684,0.03161545842885971,0.12869912385940552,0.23429618775844574
9,35651584,0.480055570602417,-1.0616051440592855e-05,0.14848461747169495,0.11613526940345764,0.121293805539608,0.14788490533828735
9,35717120,0.48346808552742004,7.254289812408388e-05,0.06356867402791977,0.03361023962497711,0.06590433418750763,0.13697150349617004
9,35782656,0.5377062559127808,4.774966510012746e-05,0.04949819669127464,0.08516845107078552,0.0997641384601593,0.24224567413330078
9,35848192,0.45817428827285767,7.248688052641228e-05,0.12547343969345093,0.0942067950963974,0.15341369807720184,0.11588027328252792
9,35913728,0.43455207347869873,-4.058999184053391e-05,0.0910937637090683,0.08513131737709045,0.10660777986049652,0.08655619621276855
9,35979264,0.37906333804130554,0.00014311097038444132,0.10503768920898438,0.1725170910358429,0.10705584287643433,0.11490902304649353
9,36044800,0.44498705863952637,1.6114572645165026e-05,0.07895563542842865,0.1926415115594864,0.17049553990364075,0.02635960653424263
9,36110336,0.5409039258956909,6.485832273028791e-05,0.058053866028785706,0.11851827800273895,0.12472986429929733,0.09863937646150589
9,36175872,0.4583626985549927,-2.3354514269158244e-06,0.05724451690912247,0.07134834676980972,0.12538930773735046,0.10567760467529297
9,36241408,0.4310070276260376,-0.00010125627159141004,0.06908237934112549,0.1452316790819168,0.1277601718902588,0.13462316989898682
9,36306944,0.5480937957763672,0.00013056123862043023,0.07880937308073044,0.04955214262008667,0.1230473741889,0.12539559602737427
9,36372480,0.5562257766723633,7.661913696210831e-05,0.2131403535604477,0.07802048325538635,0.1283349245786667,0.16002541780471802
9,36438016,0.46853917837142944,-0.00011031472240574658,0.16972973942756653,0.14973580837249756,0.059554386883974075,0.0651361346244812
9,36503552,0.46034157276153564,9.101974137593061e-05,0.13683684170246124,0.031444717198610306,0.06955552846193314,0.22421082854270935
9,36569088,0.4146302342414856,7.962880772538483e-05,0.12498225271701813,0.12355714291334152,0.08779902756214142,0.11715824156999588
9,36634624,0.44057905673980713,8.50555625220295e-06,0.18899428844451904,0.16847839951515198,0.048812318593263626,0.16228418052196503
9,36700160,0.35357028245925903,0.00010359624866396189,0.13665856420993805,0.19042479991912842,0.18668729066848755,0.029430460184812546
9,36765696,0.41685956716537476,-2.218021109001711e-07,0.029993295669555664,0.15408843755722046,0.027678178623318672,0.031910885125398636
9,36831232,0.5101675987243652,-7.031592394923791e-05,0.11682413518428802,0.17377322912216187,0.149088054895401,0.10663610696792603
9,36896768,0.38453301787376404,9.846255125012249e-05,0.05152243375778198,0.037212617695331573,0.1039302796125412,0.13837873935699463
9,36962304,0.454997181892395,-0.00011404664837755263,0.16948163509368896,0.10202397406101227,0.07785996794700623,0.10346458852291107
9,37027840,0.4931718111038208,-1.558004441903904e-06,0.13347074389457703,0.19840726256370544,0.16316527128219604,0.08891775459051132
9,37093376,0.4764730930328369,-4.2755662434501573e-05,0.08336815237998962,0.027095895260572433,0.033585451543331146,0.08095210790634155
9,37158912,0.4927256107330322,2.233077429991681e-05,0.12809281051158905,0.1698654741048813,0.1454419493675232,0.1450292468070984
9,37224448,0.40722256898880005,9.510516247246414e-05,0.1678081750869751,0.03475365787744522,0.17380346357822418,0.004982559476047754
9,37289984,0.4603944420814514,-3.5307057260069996e-05,0.16663557291030884,0.1284145712852478,0.12187157571315765,0.15071706473827362
9,37355520,0.4628906846046448,8.082579006440938e-05,0.06859198957681656,0.06911678612232208,0.18677663803100586,0.16951996088027954
9,37421056,0.39681246876716614,7.790626114001498e-06,0.13059605658054352,0.08671881258487701,0.1303745061159134,0.03826659172773361
9,37486592,0.48063942790031433,-1.1973306754953228e-05,0.18531200289726257,0.052913203835487366,0.12637366354465485,0.14318963885307312
9,37552128,0.41899609565734863,5.18032829859294e-05,0.07613544166088104,0.10402771830558777,0.1194387897849083,0.04679906368255615
9,37617664,0.4841441512107849,7.359608571277931e-05,0.03871573135256767,0.058021172881126404,0.12130714952945709,0.13710913062095642
9,37683200,0.5144757032394409,-3.205925168003887e-06,0.1280195415019989,0.08789041638374329,0.1572895348072052,0.10298225283622742
9,37748736,0.37224310636520386,6.14162563579157e-05,0.11263677477836609,0.1042330265045166,0.04393114149570465,0.11640611290931702
9,37814272,0.475725919008255,8.909624739317223e-06,0.10477341711521149,0.08810704201459885,0.057543106377124786,0.14275193214416504
9,37879808,0.5609302520751953,2.2418620574171655e-05,0.010006194934248924,0.21214109659194946,0.17945252358913422,0.11778908222913742
9,37945344,0.41421228647232056,-8.180088480003178e-05,0.12615647912025452,0.13293084502220154,0.08978778123855591,0.08846424520015717
9,38010880,0.46048128604888916,-6.780778494430706e-05,0.10722208023071289,0.040533795952796936,0.09542745351791382,0.1301240622997284
9,38076416,0.3655657172203064,-1.579301169840619e-05,0.21923941373825073,0.2185196429491043,0.1367647498846054,0.08737215399742126
9,38141952,0.3977043032646179,4.5972265070304275e-06,0.1269315779209137,0.09537190198898315,0.12082140147686005,0.08200550079345703
9,38207488,0.5094143152236938,-3.0065642931731418e-05,0.2309643030166626,0.14600837230682373,0.162008136510849,0.14623868465423584
9,38273024,0.5270763635635376,5.600989970844239e-05,0.12882865965366364,0.12268739938735962,0.12169787287712097,0.10846203565597534
9,38338560,0.5133795738220215,8.1697478890419e-05,0.22625961899757385,0.08870933949947357,0.1995868682861328,0.07835692167282104
9,38404096,0.44860634207725525,2.573232450231444e-05,0.18392089009284973,0.10622754693031311,0.07998605072498322,0.15891122817993164
9,38469632,0.4674772024154663,-0.00012502894969657063,0.15011480450630188,0.2296922355890274,0.059788577258586884,0.0665028840303421
9,38535168,0.5054095983505249,0.00016893430438358337,0.14739453792572021,0.12381519377231598,0.14845627546310425,0.20107239484786987
9,38600704,0.5027769804000854,8.574266394134611e-05,0.19447937607765198,0.11630432307720184,0.16221898794174194,0.16341423988342285
9,38666240,0.518879771232605,6.622485670959577e-05,0.2207668423652649,0.05666576698422432,0.1022452786564827,0.1936907321214676
9,38731776,0.5137616991996765,0.00010452930291648954,0.11930983513593674,0.17690357565879822,0.05833253264427185,0.0542442724108696
9,38797312,0.35538947582244873,-8.220024756155908e-05,0.07907377183437347,-0.02580983005464077,0.1897965371608734,0.05611930415034294
9,38862848,0.4716535806655884,2.0530507754301652e-05,0.09005620330572128,0.03749730810523033,0.18365870416164398,0.09390819817781448
9,38928384,0.5068126320838928,2.4058135750237852e-06,0.07564739882946014,0.16582907736301422,0.1127171590924263,0.0937856137752533
9,38993920,0.4053989052772522,0.00015643575170543045,0.1113392561674118,0.08462044596672058,0.02629905752837658,0.17248103022575378
9,39059456,0.4710232615470886,1.4915507563273422e-05,0.1762104034423828,0.02254728227853775,0.045499708503484726,0.19401881098747253
9,39124992,0.45069456100463867,-3.073063271585852e-05,0.09540347754955292,0.11962883919477463,0.09423283487558365,0.10873068869113922
9,39190528,0.48771926760673523,7.909577107056975e-06,0.09473007917404175,0.16452541947364807,0.1145605519413948,0.10910623520612717
9,39256064,0.4692766070365906,2.279695763718337e-06,0.07367418706417084,0.1394178569316864,0.18037718534469604,0.10440152883529663
9,39321600,0.41552412509918213,0.0001373810664517805,0.11625204980373383,0.12054269760847092,0.12920154631137848,0.03787219151854515
9,39387136,0.4435502290725708,1.3448574463836849e-05,0.06307853758335114,0.15473446249961853,0.19167208671569824,0.1540212333202362
9,39452672,0.48357653617858887,-3.0905164749128744e-05,0.10595358908176422,0.12941968441009521,0.10132881999015808,0.11433465778827667
9,39518208,0.4235534071922302,-7.136907515814528e-05,0.13749855756759644,0.03913378715515137,0.13886061310768127,0.027152802795171738
9,39583744,0.4261607229709625,3.055573324672878e-05,0.2057928442955017,0.06996993720531464,0.12760522961616516,0.13989153504371643
9,39649280,0.455131471157074,-9.175331797450781e-05,0.11352300643920898,0.07790741324424744,0.15689246356487274,0.08081045746803284
9,39714816,0.48619478940963745,0.00010711879440350458,0.1083240658044815,0.13275301456451416,0.13516399264335632,0.03155575692653656
9,39780352,0.39802640676498413,6.871081131976098e-05,0.24748912453651428,0.10835079848766327,0.11492179334163666,0.10881717503070831
9,39845888,0.35302019119262695,2.9915172490291297e-06,0.11781184375286102,0.06218436732888222,0.03752467781305313,-0.009297837503254414
9,39911424,0.4378282129764557,-3.2776410080259666e-05,0.2249094545841217,0.046685006469488144,0.041600726544857025,-0.0077084884978830814
9,39976960,0.4728318154811859,-0.00013982913515064865,0.07879199087619781,0.0961567834019661,0.21823474764823914,0.09451736509799957
9,40042496,0.39818263053894043,1.7671849491307512e-05,0.12898318469524384,0.11233754456043243,0.12318922579288483,0.057412486523389816
9,40108032,0.4747156500816345,-5.484942812472582e-05,0.132396399974823,0.09180310368537903,0.0910361036658287,0.06582123786211014
9,40173568,0.512554943561554,9.239093196811154e-05,0.053612060844898224,0.07753874361515045,0.18913158774375916,0.16692328453063965
9,40239104,0.4850395917892456,2.5827393983490765e-06,-0.018340125679969788,0.09489045292139053,0.23306779563426971,0.18945160508155823
9,40304640,0.4587266147136688,-4.078042911714874e-05,0.09482575207948685,0.08280377089977264,0.10693381726741791,0.17184841632843018
9,40370176,0.45251837372779846,-4.638357859221287e-05,0.06260069459676743,0.15427057445049286,0.1618938446044922,0.2494415044784546
9,40435712,0.4516528844833374,3.511885734042153e-05,0.0937948003411293,0.036646924912929535,0.11904490739107132,0.30261361598968506
9,40501248,0.4786614179611206,9.259683429263532e-05,0.12999947369098663,0.018390806391835213,0.1494586169719696,0.19517779350280762
9,40566784,0.44885915517807007,6.927948561497033e-05,0.16656988859176636,0.07629526406526566,0.1531265676021576,0.06857871264219284
9,40632320,0.4103374481201172,2.1253148588584736e-05,0.1182122677564621,0.2240411788225174,0.07313252240419388,0.20483168959617615
9,40697856,0.3557977080345154,-2.058382233371958e-05,0.13426336646080017,0.2018936574459076,0.06225251778960228,0.003113183192908764
9,40763392,0.3770520091056824,-6.0721387853845954e-05,0.12148605287075043,0.15898007154464722,0.032267823815345764,0.14097589254379272
9,40828928,0.43533989787101746,-9.44300991250202e-05,0.09838961064815521,0.16239745914936066,0.08566813915967941,0.08515787124633789
9,40894464,0.47612807154655457,-5.996044637868181e-05,0.14526212215423584,0.09876912832260132,0.09171342849731445,0.07879430055618286
9,40960000,0.44017499685287476,1.82571657205699e-05,0.16890479624271393,0.215762659907341,0.1513112187385559,0.11230140924453735
9,41025536,0.5438767075538635,7.019819895504043e-05,0.08440712094306946,0.3396560549736023,0.10853457450866699,0.10257002711296082
9,41091072,0.5030994415283203,4.00521676056087e-05,0.13024049997329712,0.1237030029296875,0.0775761604309082,0.04605456441640854
9,41156608,0.4516959488391876,1.6239720935118385e-05,-0.0050883968360722065,0.042828094214200974,0.10287483781576157,0.048749975860118866
9,41222144,0.4752764105796814,-3.4345866879448295e-05,0.1497599184513092,0.18659813702106476,0.14777013659477234,0.13160255551338196
9,41287680,0.485293447971344,7.110439764801413e-05,0.06591001898050308,0.1333252489566803,0.1661364883184433,0.14050692319869995
9,41353216,0.3819224238395691,-0.00010717123223003,0.13101136684417725,0.13226988911628723,0.1633835732936859,0.06915760785341263
9,41418752,0.3456249237060547,-5.223981133894995e-05,0.11893939971923828,0.09306162595748901,0.0873793214559555,0.1441481113433838
9,41484288,0.39406535029411316,7.51261759432964e-05,0.12236765772104263,0.10669966042041779,0.12678849697113037,0.18576928973197937
9,41549824,0.47795963287353516,3.933491825591773e-06,0.12549340724945068,0.14922086894512177,0.11152654141187668,0.118543341755867
9,41615360,0.414851576089859,2.117783878929913e-06,0.21658095717430115,0.07646737992763519,0.10403186827898026,0.11027957499027252
9,41680896,0.4777592420578003,-2.3528165911557153e-05,0.04909026622772217,0.06279183179140091,0.09962042421102524,0.1266789585351944
9,41746432,0.45969921350479126,4.322226595832035e-05,0.1453450620174408,0.09257030487060547,0.12085903435945511,0.007084622047841549
9,41811968,0.4520030617713928,5.495795630849898e-05,0.02379319816827774,0.05507686734199524,0.12916360795497894,0.17056238651275635
9,41877504,0.4914606213569641,-0.00010610440222080797,0.1701228767633438,0.05189356207847595,0.09247118979692459,0.18697917461395264
9,41943040,0.4336685538291931,-0.0001018407492665574,0.06910857558250427,0.10140775144100189,0.14386819303035736,0.09721343964338303
9,42008576,0.44969725608825684,1.0713485607993789e-05,0.03640285134315491,0.10588817298412323,0.0653078481554985,0.10560247302055359
9,42074112,0.5359644889831543,0.00013102430966682732,0.07921035587787628,0.17200341820716858,0.08401085436344147,0.12342186272144318
9,42139648,0.4505546987056732,-4.601389809977263e-05,0.16283592581748962,0.0931018814444542,0.09298032522201538,0.05441216379404068
9,42205184,0.48486757278442383,1.9100749341305345e-05,0.0930417850613594,0.06855101883411407,0.09417703747749329,0.00585718359798193
9,42270720,0.5161200761795044,-0.00010569660662440583,0.09656225144863129,0.10481022298336029,0.13050341606140137,0.03851334750652313
9,42336256,0.5144251585006714,-3.574138099793345e-05,0.13747233152389526,0.1251215785741806,0.1852855086326599,0.11876638233661652
9,42401792,0.4405952990055084,-4.658636316889897e-05,0.12948334217071533,0.038272157311439514,0.15434202551841736,0.0966775119304657
9,42467328,0.35638517141342163,-7.647895836271346e-05,0.05985895171761513,0.07239817082881927,0.10411283373832703,0.134539395570755
9,42532864,0.4481467604637146,-2.2683831048198044e-05,0.019425328820943832,0.08574466407299042,0.07167238742113113,0.1477418690919876
9,42598400,0.4903198778629303,-0.00010790902160806581,0.14757439494132996,0.14955313503742218,0.1412651091814041,0.1669899821281433
9,42663936,0.4320565462112427,8.664499546284787e-06,0.039769213646650314,0.1517839878797531,0.04866299778223038,0.19713544845581055
9,42729472,0.42810338735580444,7.338028080994263e-05,0.08255631476640701,0.0727190375328064,0.022232703864574432,0.10833270847797394
9,42795008,0.46370813250541687,-3.309952444396913e-05,0.17471569776535034,0.11029805988073349,0.19849777221679688,0.2746923267841339
9,42860544,0.5287964344024658,9.764791320776567e-05,0.16821792721748352,0.0704209953546524,0.1966954469680786,0.16167490184307098
9,42926080,0.401286780834198,-1.2554912245832384e-05,0.23540017008781433,0.0021796238142997026,0.08233338594436646,0.16742129623889923
9,42991616,0.4438161253929138,-2.6026647901744582e-05,0.1702582687139511,0.10128670185804367,0.08520694077014923,0.05997321754693985
9,43057152,0.44976502656936646,-1.9121176592307165e-05,0.18095505237579346,0.07109396159648895,0.24148759245872498,-0.018601451069116592
9,43122688,0.5240463018417358,-2.886945367208682e-05,0.11022520065307617,0.10728183388710022,0.19419990479946136,0.11706361919641495
9,43188224,0.41956350207328796,-8.506340236635879e-05,0.11024443060159683,0.10317873954772949,0.11615364253520966,0.10515893995761871
9,43253760,0.43038976192474365,2.6895038899965584e-05,0.045110005885362625,0.19361534714698792,0.09197486937046051,0.2035796344280243
9,43319296,0.4511979818344116,2.4586537620052695e-05,0.17759999632835388,0.19080963730812073,0.08273715525865555,0.22224144637584686
9,43384832,0.4093344509601593,5.7186065532732755e-05,0.065010204911232,0.21953308582305908,0.048893194645643234,0.18717822432518005
9,43450368,0.4018302261829376,-3.062510950258002e-05,0.11825478821992874,0.1720249354839325,0.09653511643409729,0.030930472537875175
9,43515904,0.4896687865257263,0.00015251190052367747,0.05807178467512131,0.020765459164977074,0.08268186450004578,0.13839471340179443
9,43581440,0.5526649951934814,2.3055436031427234e-06,0.10278265178203583,0.045561205595731735,0.15751118957996368,0.2559380531311035
9,43646976,0.46892058849334717,-8.698455349076539e-05,0.0946783572435379,0.1660185158252716,0.04141591489315033,0.22772616147994995
9,43712512,0.45435869693756104,1.4956412996980362e-05,0.13874460756778717,0.1868814378976822,0.10643787682056427,0.1664552092552185
9,43778048,0.504721999168396,6.77666103001684e-05,0.047824010252952576,0.2570461630821228,0.20237456262111664,0.13247491419315338
9,43843584,0.5033228397369385,6.200571078807116e-07,0.18770015239715576,0.1446267068386078,0.19574469327926636,0.21200239658355713
9,43909120,0.4622955918312073,-0.0001227767061209306,0.13202735781669617,0.03429773449897766,0.08748295903205872,0.11098971962928772
9,43974656,0.4850785732269287,-3.999541513621807e-05,0.008235001005232334,0.15648242831230164,0.16158875823020935,0.1367422640323639
9,44040192,0.501855731010437,-0.00018877907132264227,0.194436177611351,0.09454093128442764,0.05625104531645775,0.04755939543247223
9,44105728,0.40745192766189575,4.9783684517024085e-05,0.1362840235233307,0.05388860031962395,0.11054833233356476,0.01664011925458908
9,44171264,0.5271915197372437,2.181298259529285e-05,0.06580594182014465,0.048997074365615845,0.1798085868358612,0.060521237552165985
9,44236800,0.4922083020210266,-2.640030288603157e-06,0.038899071514606476,0.06757053732872009,0.20525440573692322,0.10883353650569916
9,44302336,0.42268580198287964,-1.755178345774766e-05,0.11759003251791,0.054770469665527344,0.2504156231880188,0.23650941252708435
9,44367872,0.47018808126449585,6.468703941209242e-05,0.09200292825698853,0.06455106288194656,0.16600315272808075,0.17144598066806793
9,44433408,0.48672550916671753,-9.296533244196326e-05,0.027147557586431503,0.11876653879880905,0.1029052734375,0.18659153580665588
9,44498944,0.4713258743286133,0.00010193783964496106,0.11489130556583405,0.18632787466049194,0.09150579571723938,0.21359464526176453
9,44564480,0.3953946828842163,-1.8301008822163567e-05,0.09916307032108307,0.1987524926662445,0.09715081751346588,0.1234806627035141
9,44630016,0.46151968836784363,-3.0052633519517258e-05,0.15109261870384216,0.18554231524467468,0.03674192726612091,0.15328086912631989
9,44695552,0.5349358320236206,6.206944090081379e-05,0.07605848461389542,0.106595478951931,0.09205431491136551,0.1865706741809845
9,44761088,0.459383487701416,-0.00012419145787134767,0.1347694993019104,0.10935766994953156,0.16011399030685425,0.08604052662849426
9,44826624,0.5643627643585205,-6.105091597419232e-05,0.18491730093955994,0.15965929627418518,0.224666029214859,0.016186771914362907
9,44892160,0.4805319607257843,3.1805349863134325e-05,0.1658157855272293,0.16719317436218262,0.09946216642856598,0.019631577655673027
9,44957696,0.4029201865196228,-3.579155963961966e-05,0.1383354365825653,0.10996450483798981,0.18043896555900574,0.105027936398983
9,45023232,0.4305349588394165,5.6849872635211796e-05,0.11865196377038956,0.09084011614322662,0.2339823842048645,0.1542559415102005
9,45088768,0.43155211210250854,-4.5681706978939474e-05,0.0837504118680954,0.07159554213285446,0.1776120364665985,0.09844797849655151
9,45154304,0.5144184827804565,-2.0222720195306465e-05,0.12501700222492218,0.060292549431324005,0.20814737677574158,0.11076018214225769
9,45219840,0.5586810111999512,3.658054629340768e-05,0.023631272837519646,0.11608274281024933,0.22156484425067902,0.10109677910804749
9,45285376,0.46732088923454285,4.606416041497141e-05,0.16506752371788025,0.11141188442707062,0.10982085764408112,0.13519105315208435
9,45350912,0.42471301555633545,6.383270374499261e-05,0.09149855375289917,0.13011878728866577,0.10581385344266891,0.215460404753685
9,45416448,0.4099455177783966,-7.85115480539389e-06,0.19048458337783813,0.0651707574725151,0.063355952501297,0.10429826378822327
9,45481984,0.45092642307281494,-5.1541275752242655e-05,0.07362325489521027,0.13044464588165283,0.13933435082435608,0.13567596673965454
9,45547520,0.4820100963115692,9.293999028159305e-06,0.06520619988441467,0.07476891577243805,0.13336384296417236,0.1430850625038147
9,45613056,0.4158594608306885,2.0308008970459923e-05,0.0865681990981102,0.0834743082523346,0.17667219042778015,0.1603720486164093
9,45678592,0.4946519136428833,-1.4624889445258304e-05,0.06534746289253235,0.07521228492259979,0.18433234095573425,0.16612890362739563
9,45744128,0.5462128520011902,9.790388867259026e-05,0.11054136604070663,0.15911675989627838,0.18352675437927246,0.09732962399721146
9,45809664,0.40936481952667236,-4.3564818042796105e-05,0.1845448911190033,0.16541089117527008,0.13979510962963104,0.053390584886074066
9,45875200,0.45487385988235474,9.253543248632923e-05,0.08951762318611145,0.10137379169464111,0.1045570820569992,0.05332493036985397
9,45940736,0.5134830474853516,3.072877007070929e-05,0.11175471544265747,0.15550130605697632,0.09669726341962814,0.11316423118114471
9,46006272,0.510090172290802,-8.46181865199469e-06,0.09158650785684586,0.10248413681983948,0.10767859220504761,0.1871526837348938
9,46071808,0.43381771445274353,5.622230673907325e-05,0.09662159532308578,0.13385999202728271,0.1537284106016159,0.09771091490983963
9,46137344,0.41512125730514526,-5.4152842494659126e-05,0.034214604645967484,0.11381419003009796,0.0860285758972168,0.08409706503152847
9,46202880,0.4446295499801636,1.3472701539285481e-05,0.08690145611763,0.1327000856399536,0.08968517929315567,0.0925782322883606
9,46268416,0.47374749183654785,-2.6398229238111526e-06,0.10156518965959549,0.16710475087165833,0.10032924264669418,0.15979944169521332
9,46333952,0.3901546597480774,-0.00014201928570400923,0.10485398769378662,0.11336356401443481,0.07220002263784409,0.05644455552101135
9,46399488,0.49191194772720337,2.003160261665471e-06,0.09290096163749695,0.04225938767194748,0.10271016508340836,0.0543011799454689
9,46465024,0.4442184567451477,-0.00015537675062660128,0.08586820960044861,0.08552981913089752,0.096767857670784,0.07912483811378479
9,46530560,0.46407753229141235,-9.071703243535012e-05,0.16691580414772034,0.09053900837898254,0.13253919780254364,0.09142830967903137
9,46596096,0.45103928446769714,-0.00015450877253897488,0.17428383231163025,0.0865800529718399,0.07599379122257233,0.20692674815654755
9,46661632,0.4770355522632599,4.926956171402708e-05,0.06155184656381607,0.1687740832567215,0.05687948688864708,0.13696199655532837
9,46727168,0.3963180184364319,-8.026017167139798e-05,0.08760681748390198,0.0938388854265213,0.13576553761959076,0.11667698621749878
9,46792704,0.536642849445343,8.001996320672333e-05,0.08105840533971786,0.09104261547327042,0.19354453682899475,0.12517951428890228
9,46858240,0.4425972104072571,6.941304309293628e-05,0.10476619005203247,0.07854354381561279,0.12097273766994476,0.09709371626377106
9,46923776,0.4839373528957367,1.1037118383683264e-06,0.16711774468421936,0.1325284242630005,0.041262295097112656,0.06433870643377304
9,46989312,0.43103986978530884,6.496893183793873e-05,0.19513049721717834,0.13811072707176208,0.13436461985111237,0.10669653117656708
9,47054848,0.45421987771987915,-4.973191971657798e-05,0.09844738990068436,0.10575427114963531,0.1405351161956787,0.15513481199741364
9,47120384,0.47144851088523865,7.817031291779131e-05,0.016356682404875755,0.16187405586242676,0.08236882090568542,0.09999581426382065
9,47185920,0.4441925287246704,-6.602265057154e-05,0.09238237142562866,0.17546746134757996,0.03291381523013115,0.08575747907161713
9,47251456,0.4632040858268738,-1.4697548976982944e-05,0.07523928582668304,0.12633609771728516,0.08144188672304153,0.03644395247101784
9,47316992,0.46488016843795776,4.704766615759581e-05,0.15102596580982208,0.06969648599624634,0.18516555428504944,0.08396083116531372
9,47382528,0.4065339267253876,6.537933222716674e-05,0.13235589861869812,0.10535797476768494,0.14295032620429993,0.07116645574569702
9,47448064,0.5061387419700623,2.639080412336625e-05,0.12172772735357285,0.11333449929952621,0.1555163413286209,0.11638888716697693
9,47513600,0.48832225799560547,-0.00019952103320974857,0.0974482074379921,0.08750195801258087,0.1435362696647644,0.14907708764076233
9,47579136,0.4653084874153137,-9.036125265993178e-05,0.06265148520469666,0.048310600221157074,0.12944841384887695,0.0755716934800148
9,47644672,0.40468400716781616,-4.365590211818926e-05,0.1352403610944748,0.05177898332476616,0.23667646944522858,0.1493721306324005
9,47710208,0.4042075574398041,-5.714611688745208e-05,0.07681840658187866,0.08629046380519867,0.1585596203804016,0.12285469472408295
9,47775744,0.48696011304855347,-6.369878974510357e-05,0.038947463035583496,0.10682077705860138,0.16952873766422272,0.12379283457994461
9,47841280,0.49645543098449707,2.1557585569098592e-05,0.030691366642713547,0.20341424643993378,0.11274005472660065,0.1429910659790039
9,47906816,0.4457681179046631,5.1090864872094244e-05,0.08996374160051346,0.21013016998767853,0.11950535327196121,0.11689042299985886
9,47972352,0.4509105980396271,-2.1257506887195632e-05,0.12129832804203033,0.19656382501125336,0.11854773759841919,0.11532808840274811
9,48037888,0.4203219413757324,-8.616180275566876e-05,0.08260594308376312,0.174566850066185,0.09585411101579666,0.04311079531908035
9,48103424,0.467671275138855,-2.4487453629262745e-05,0.06874191015958786,0.19826608896255493,0.14853468537330627,0.0884825736284256
9,48168960,0.4081153869628906,-2.5453402486164123e-05,0.1529580056667328,0.20273718237876892,0.13293397426605225,0.05700153857469559
9,48234496,0.457195520401001,1.463209991925396e-05,0.11731107532978058,0.09104159474372864,0.13147231936454773,0.0875924825668335
9,48300032,0.5110666751861572,6.56892589177005e-05,0.08576089143753052,0.1412319540977478,0.14992809295654297,0.09823065996170044
9,48365568,0.5469781160354614,-4.711211295216344e-05,0.06144537404179573,0.1994570791721344,0.20526590943336487,0.11840573698282242
9,48431104,0.4258238971233368,-6.227190169738606e-05,0.08035367727279663,0.11849716305732727,0.10409018397331238,0.17844878137111664
9,48496640,0.49152523279190063,-4.844901559408754e-05,0.026340879499912262,0.11646516621112823,0.0910487249493599,0.12473279237747192
9,48562176,0.45676907896995544,5.222682739258744e-05,0.12861984968185425,0.08900809288024902,0.06982500851154327,0.14008070528507233
9,48627712,0.47007083892822266,5.230218812357634e-05,0.13983464241027832,0.08507256209850311,0.08227907121181488,0.15416356921195984
9,48693248,0.4282991886138916,-3.5727975046029314e-05,0.07890784740447998,0.20019355416297913,0.07598260790109634,0.11474624276161194
