attempt,collected_frames,state/lin_velocity,state/lin_velocity_max,state/lin_velocity_min,state/ang_velocity,state/ang_velocity_max,state/ang_velocity_min,state/roll,state/roll_max,state/roll_min,state/pitch,state/pitch_max,state/pitch_min,state/success_lin_velocity,state/lin_vel_mean,state/lin_vel_max,state/lin_vel_min,state/ang_vel_mean,state/ang_vel_max,state/ang_vel_min,state/roll_rate_mean,state/pitch_rate_mean,state/yaw_rate_mean,state/yaw_rate_max,state/vel_fwd_mean,state/vel_lat_abs_mean,state/v_toward_mean,state/approach_frac,state/heading_err_deg_mean,state/heading_err_deg_max,state/assist_w_mean,state/roll_deg_mean,state/roll_deg_max,state/roll_deg_min,state/pitch_deg_mean,state/pitch_deg_max,state/pitch_deg_min,state/dist_to_goal,state/clearance_mean,state/clearance_min,state/clearance_max,state/pct_healthy,state/heading_err_deg,state/heading_err_deg_min,state/yaw_rate,state/yaw_rate_min
0,65536,0.3335913254413754,0.8998583231586963,0.011175666191775235,0.24661463126540184,2.215588621329516,0.009804460190025566,0.0707056443966394,0.4423623652282913,-0.40626718214753055,0.04124870433064132,0.3793973948122584,-0.4197039391292492,0.0,0.334049376193434,1.0558817752171308,0.011175666191775235,0.24727406806778163,2.3154810038395226,0.009804460190025566,0.16059630663949065,0.1429618688125629,0.04529542678210419,0.6029598518507555,-0.0035021391086047515,0.037858805488212965,-0.003081481615481607,-0.00637566594650707,1.5036553141544573,25.007415273808874,0.0,5.7609129718039185,30.68053148611216,0.00018958187890838474,4.113969403260853,33.969253265531734,0.0003579253780863212,6.789794400334358,0.049766395938604546,-0.017792028840631247,0.6744517968036234,1.0,,,,
0,131072,0.27785326493903995,0.8164053251966834,0.010144094072529697,0.23550709837581962,2.0347245074808598,0.009978565045457799,0.10354408872080967,0.5113116062711924,-0.49548255698755383,0.056733779929345474,0.48294811556115746,-0.4346506374422461,0.0,0.2781400359235704,0.92204411001876,0.010144094072529697,0.23586288338992745,2.106432198546827,0.009978565045457799,0.1492259344086051,0.13864511880092323,0.052672463934868574,0.677604477154091,0.02410383155620366,0.03583676709968131,0.02431641649309313,0.050636955555091845,4.314978031441569,64.1818135380745,0.0,9.769078575074673,32.94903430342674,0.00022621012913504046,5.554175015538931,37.0164538025856,0.0003521179399577079,6.5536593943834305,0.07171280024340376,-0.03090549260377884,0.6234636339358985,1.0,,,,
0,196608,0.3177949588280171,0.7357908510603011,0.009247865020370227,0.19830473914043978,1.6030599032528698,0.008150812510393735,0.023361769527014076,0.41161069308873266,-0.35482477296318393,0.018888094779413223,0.3860947487410158,-0.2802850008010864,0.0,0.31782497256062925,0.748392574954778,0.009247865020370227,0.19834940397413447,1.6190597503446043,0.008150812510393735,0.12214428003062494,0.12068103605997749,0.03326645265042316,0.5012094608973712,0.04740157860942418,0.0266736937337555,0.047332139751233626,0.10064040796169138,2.4533709944225848,38.49640529602766,0.0,3.501657674612943,25.71584666520357,0.00011249188486434081,3.20387025247328,23.373186126351357,0.00025856935619028576,6.45576286688447,0.03136706383793353,-0.014845833415165544,0.20634567341767251,1.0,,,,
0,262144,0.3085550197865814,0.7773779979906976,0.010595049259791267,0.22149048768915236,1.6829111333936453,0.009656455182266654,-0.02710964770085411,0.45480036549270153,-0.5037043353077024,0.02328129059605999,0.5321152487304062,-0.3352110907435417,0.0,0.30862765619531274,0.8085546176880598,0.010595049259791267,0.22159347590059042,1.7136629093438387,0.009656455182266654,0.13891743560088798,0.13335809274576604,0.0342449760355521,0.6146954387659207,0.01704258630888944,0.03188749114633538,0.017130168438598048,0.039113526895562245,1.7815793324261904,53.450890243053436,0.0,3.451993149705231,30.075744152069092,0.00011954369702671386,4.597749792039394,32.12731021642685,0.0003978251618157458,6.2477293610572815,0.04038892539392691,-0.01426906487904489,0.2915655695833266,1.0,,,,
0,327680,0.30120350315701216,0.7251712810248137,0.008446831355286122,0.21310856251511723,1.640175682026893,0.009155107924016193,-0.024825284387816282,0.5008639548905194,-0.4847932904958725,0.014945086819352582,0.5506089604459703,-0.3151692901737988,0.0,0.30121593771036714,0.7285583862103522,0.008446831355286122,0.21312288637273014,1.640175682026893,0.009155107924016193,0.12941422971198335,0.13187411974649876,0.03380411786201876,0.5280311706010252,0.07934336652397178,0.028874570845800918,0.0791793383541517,0.17963665406568907,2.4578239319380373,103.45308858156204,0.0,3.5603316732449457,28.92258892953396,0.00014178140648435367,4.604686698876321,32.269922986626625,0.00034702689933041597,6.034358870238066,0.03971814778196858,-0.029789967695251107,0.2625265691895038,1.0,,,,
0,393216,0.31117398594506085,0.7352955574169755,0.007925781871563231,0.21317124855704606,1.6184294475242496,0.008444768154731719,-0.0020606970219887444,0.4667204166762531,-0.47165530477650464,-0.0021398881085588073,0.3964049954665825,-0.3732050120597705,0.0,0.31117398594506085,0.7352955574169755,0.007925781871563231,0.21317124855704606,1.6184294475242496,0.008444768154731719,0.12923887540819123,0.13276865851366892,0.029033838203758933,0.5099211336346343,0.0711078591120895,0.027918043822865002,0.07096513151191175,0.15840738586848602,1.5088317249901593,50.39732772111893,0.0,1.5280090468004346,28.027701631188393,0.00012951066412369983,3.503408821299672,25.002645671367645,0.00027456301995398835,5.855496805161238,0.025727214699145406,-0.025082544423639774,0.19768664031289518,1.0,,,,
0,458752,0.2774540020618588,0.7974023474380374,0.006307186553385691,0.22272605856414884,1.7310627307742834,0.009049922821759537,-0.002904572932948213,0.5240255787502974,-0.5091890138573945,0.011633536474619177,0.6513124716002494,-0.4533240108285099,0.0,0.2774540020618588,0.7974023474380374,0.006307186553385691,0.22272605856414884,1.7310627307742834,0.009049922821759537,0.12979659927077591,0.14203317451756448,0.03492716343316715,0.606663013342768,0.04506792341271648,0.02764694635698106,0.04462205530580832,0.10703290420497069,2.9847073275595903,47.87292864918709,0.0,2.773021526634693,31.078909695148468,0.0001303260355021152,5.202110763639212,37.34976479411125,0.0003103602472158684,5.177540346980095,0.03780520553118549,-0.06318094418384135,0.2712132487213239,1.0,,,,
0,524288,0.32695256685838103,0.7617666800506413,0.009209970222400443,0.22284615371609107,1.728272461798042,0.008579281598940725,0.010991770599048323,0.4801737954840064,-0.35944887599907815,0.009579469970049104,0.4152304797898978,-0.2975954628782347,0.0,0.3269861666485667,0.7756044706329703,0.009209970222400443,0.2229125392041169,1.750098288524896,0.008579281598940725,0.14008930200361647,0.13474906209739856,0.03027279654634185,0.5406561980489641,0.10436579401721247,0.029932683435617946,0.10433148694573902,0.22045080794487149,1.2035031579434872,35.29184674471617,0.0,1.896091505419463,28.520474329590797,0.00012818348491050457,3.075374480104074,24.56613239645958,0.00022194659632823743,5.964339144527912,0.025983984972299368,-0.02720403508283198,0.23481969349086285,1.0,,,,
0,589824,0.08777007533858219,0.4026133048534393,0.014833951352120494,0.05596869156385462,0.6795939982682466,0.0034474262090710304,0.0020280257147400485,0.08996127519038662,-0.012553695789344298,-0.01626395775105531,0.30173480724100954,-0.2972776914028024,0.0,0.2660900225164369,0.7570369937457144,0.005971328725991043,0.22132796177174896,1.6508412398397923,0.008866822943673469,0.12628785334527493,0.14254516863729805,0.03563691258023027,0.6640578000806272,0.05083591826405609,0.026285862564691342,0.050682902554399334,0.13482892641150102,2.641405305825174,55.76456639170647,0.0,2.738298773765564,29.536755308508873,0.00011829623126402566,4.68397131562233,36.003847256302834,0.00031451525600534325,5.0879941657185555,0.03398956710589118,-0.06727058440446854,0.24314024532213807,1.0,,,,
0,655360,0.32768745976500213,0.7399225682020187,0.008288430219181464,0.18202653480693698,1.479792029131204,0.008122792744870821,0.0021456531631827147,0.3255769376855824,-0.3277026244168155,0.006644577531858431,0.34441937666906597,-0.25474483001744375,0.0,0.12995335172124944,0.4619204280795632,0.013683090493581762,0.07813270795824272,0.8202881575408545,0.00426946867690396,0.047509932184366735,0.046090748315871496,0.014743128604675224,0.27942199047122684,0.08702374570286618,0.008058911948055438,0.08701709457826647,0.7129445622296451,0.28294068478702844,4.278660501087351,0.0,0.2759673054173978,7.826735752087168,4.754065927902796e-05,2.612332888610871,19.24572624434758,9.332099203583191e-05,5.18823732648577,0.009453157673156206,-0.043665903159877756,0.15283382294065023,1.0,,,,
0,720896,0.2628530615475029,0.7216106965206563,0.004291493054410012,0.2174594587413594,1.5815872699022293,0.006863947688430017,0.00994975973299006,0.5088476000819355,-0.46170513588003814,0.007981940660101827,0.5373189547099173,-0.39852641243487597,0.0,0.2628530615475029,0.7216106965206563,0.004291493054410012,0.2174594587413594,1.5815872699022293,0.006863947688430017,0.1203897314844653,0.1440133306896314,0.03221253922674805,0.6018430002732202,0.040645197477715556,0.0241199066513218,0.04042781310090504,0.11003150964097586,1.9988899156451225,57.78134721517563,0.0,1.933045226149261,29.761205077171326,9.284760022509886e-05,4.742477161809802,30.83342383801937,0.00017437777044548852,5.0500136986374855,0.03077698360721115,-0.06563031626865268,0.21046030113939196,1.0,,,,
0,786432,0.31151541287545115,0.7527651290874928,0.007291054156297605,0.21734184492379427,1.5811530009377748,0.007678190355363768,0.00898351909889783,0.35313811272226303,-0.38201828413821204,-0.004893398284941952,0.3341145439962929,-0.3085473356386501,0.0,0.31151541287545115,0.7527651290874928,0.007291054156297605,0.21734184492379427,1.5811530009377748,0.007678190355363768,0.1324711604975164,0.13449719214986544,0.0303319001395721,0.5339742337819189,0.08710669740685262,0.027692118230334017,0.08695741716655903,0.18912597724192892,1.4245204454637133,36.1395235855598,0.0,1.8049869285023306,22.073441953514703,0.00011018436137860688,3.63444707589224,21.119498212938197,0.0002237137506291842,5.770503230392933,0.025775425479423575,-0.032340539852157235,0.1497939156834036,1.0,,,,
0,851968,0.28743618610315025,0.7651926623657346,0.007283975180143898,0.2367843419779092,1.6633186638355255,0.008866498166753445,0.000684943656779069,0.5082147372886539,-0.4754053975921124,0.0025596308696549386,0.5069180380087346,-0.3273200255353004,0.0,0.28743618610315025,0.7651926623657346,0.007283975180143898,0.2367843419779092,1.6633186638355255,0.008866498166753445,0.14784030115697533,0.1435685409232974,0.035727996029891074,0.5959064369089901,0.06234569093794562,0.032488408163771965,0.06218531058402732,0.14523693454248132,2.180650451220572,34.47440631687641,0.0,3.2549431901425123,29.66621832549572,0.00013183196352084536,4.822487136349082,29.178313434123993,0.00035883485157151007,5.349360071122646,0.041152428806526586,-0.05051965708844364,0.24215570709202439,1.0,,,,
0,917504,0.2900303826900199,0.7414443180896342,0.006749252705276376,0.22202412609476596,1.6187069963198155,0.008822795801279426,0.0012433392819417577,0.47487518478192214,-0.44768574162753794,0.009902505457574762,0.477845939780309,-0.3154973549562783,0.0,0.2900303826900199,0.7414443180896342,0.006749252705276376,0.22202412609476596,1.6187069963198155,0.008822795801279426,0.13410818809643388,0.13720066062523983,0.03471870358043816,0.5966123623074964,0.05131233646898181,0.027958632803347427,0.051104631269481615,0.11641707818353098,2.695794324914459,60.10106529085897,0.0,3.128209582879208,28.076778113667388,0.00014345153570216596,4.580893226346234,27.541708223056048,0.0003014375441243722,5.419714588671923,0.036834023592746234,-0.04922487586736679,0.2146183755248785,1.0,,,,
0,983040,0.31555132498033345,0.7852842197753489,0.008005969639270916,0.22722807887475938,1.6929735923185945,0.009491579974564957,0.014211625159077812,0.45324093592353165,-0.3996209123870358,-0.002775469373773376,0.508557909517549,-0.3392542072106153,0.0,0.31555132498033345,0.7852842197753489,0.008005969639270916,0.22722807887475938,1.6929735923185945,0.009491579974564957,0.14191403338918462,0.1382813238305971,0.031213824695441872,0.5085797344800085,0.09094640758121386,0.03065719122241717,0.09082602645503357,0.19776334695052356,1.3706748438999057,19.906761839985847,0.0,2.238428683951497,26.50356897711754,0.00012152911517882004,3.8389674182981253,29.13978811353445,0.000289510890077338,5.717809043824673,0.0304038626345573,-0.035727792186662555,0.19234596146270633,1.0,,,,
0,1048576,0.2678835504921153,0.7441589194349945,0.0048801372713569435,0.21557039057370275,1.6446129186078906,0.00837877166486578,0.00024529418072916087,0.616416827775538,-0.5086487664375454,-0.012023339402276179,0.5793829495087266,-0.4271517344750464,0.0,0.2678874070988968,0.7441589194349945,0.0048801372713569435,0.21559234021697193,1.6467932369560003,0.00837877166486578,0.12364229041850194,0.13929117331281304,0.03348252410069108,0.6329555029515177,0.02919855385698611,0.02609373672748916,0.02885958987644699,0.07736193618256948,2.7821259908378124,60.738858580589294,0.0,3.043443275615573,35.82087627053261,0.00011394215644466854,5.44564751163125,33.2714528888464,0.00025591023980964245,4.996556472033262,0.039242976577952504,-0.06631458830088377,0.25371141685172915,1.0,,,,
0,1114112,0.09436534226561585,0.41449002924064793,0.007607726085031269,0.06055631293604771,0.6449889902832608,0.002755449400380409,-0.0030401261738561896,0.09114624247313866,-0.29005761981398487,-0.11078555075770793,0.3803735553632138,-0.4167151830927711,0.019134676891068618,0.3369560830760747,0.7604346484877169,0.008748883085445414,0.2309079636761453,1.6576290889643133,0.009232045107637532,0.14768777947756462,0.13731146760983393,0.030258161772508174,0.5281327253906056,0.11996196943800896,0.031798053096281365,0.1198523442435544,0.2508660339517519,1.1827426388044842,13.359036334324628,0.0,1.6973408455378376,22.203890556644183,0.00013697069692852892,3.2734733767065336,19.739284698152915,0.00030383475944018024,5.933601710945368,0.02595486485006404,-0.02462186850607395,0.160817950963974,1.0,,,,
0,1179648,0.3297177581116557,0.7470842017792165,0.0076636955946014496,0.22704801295185462,1.6199006284587085,0.009061055049642164,-0.003383792428621746,0.3578603155483506,-0.39266189307090826,-0.042189679108560085,0.3210708382539451,-0.3241662357468158,0.0,0.1170499124676438,0.4465472988829196,0.007613120736556106,0.0766037057086556,0.7389563770953521,0.0033632186195863612,0.04524293707975422,0.047707588101192994,0.014470364243431712,0.24510508680054133,0.08925475280434567,0.008826217823451474,0.0892272599950343,0.7346227712009147,0.34339014809937723,9.078451049508505,0.0,0.4044891463102442,17.215080582536757,5.641070551275536e-05,7.533179099208336,23.95348972073582,0.0006652985559004664,5.041720311684781,0.03393032632895089,-0.05344299166407212,0.1562325961225812,1.0,,,,
0,1245184,0.26716010028030723,0.7502865600399673,0.005061308441099754,0.23097780079115182,1.7268992252647877,0.009094232049392303,0.008386088158658822,0.5027828519232571,-0.5060714480932802,-0.05484300488024019,0.527614674763754,-0.49110926198773086,0.0,0.2671899815322831,0.7624197565019131,0.005061308441099754,0.23100603721104562,1.7277682358399034,0.009094232049392303,0.1338856071815826,0.14766205474734306,0.03587659767072182,0.6274704034440219,0.040494011125701945,0.028809693088987842,0.04033153303316794,0.10437609352447907,2.7723311968147755,66.33018586039543,0.0,3.0373143013566732,30.48527781665325,0.00013591943404189788,6.525329999625683,31.33070519566536,0.0004893103963681256,5.0340785048902035,0.04460494068916887,-0.0655757412314415,0.2701384339015931,1.0,,,,
0,1310720,0.3119125417433679,0.7207031361758709,0.007851219757412764,0.2155302494065836,1.617164955008775,0.009007415061205393,0.008284142568300012,0.4045944024110213,-0.4339022421045229,-0.017234461352018116,0.38302631059195846,-0.3818410898093134,0.0,0.3119125417433679,0.7207031361758709,0.007851219757412764,0.2155302494065836,1.617164955008775,0.009007415061205393,0.13274750197888352,0.1318219225795474,0.030295550532173365,0.5116366443689913,0.09390564616478514,0.028193709935294464,0.09371345475665294,0.20146738397306763,1.7152124914573506,40.22426285594702,0.0,2.1141974319471046,25.345400750637054,0.00012238360486627187,3.607219323515892,23.621806405484676,0.0002575316215942536,5.78565676510334,0.027629652915493352,-0.031822719145566225,0.18528057588264346,1.0,,,,
0,1376256,0.27622731286101043,0.7875895397737622,0.005784227937965625,0.2223474660422653,1.7151231709867716,0.008582675722209387,0.00360062690833729,0.49360044463537633,-0.5066976172383875,-0.0038195349279703805,0.5900178186129779,-0.40754921082407236,0.0,0.27622731286101043,0.7875895397737622,0.005784227937965625,0.2223474660422653,1.7151231709867716,0.008582675722209387,0.1289589789812453,0.1425975791644305,0.032890707181650214,0.5893970413599163,0.06509718891174998,0.02714004067820497,0.06492469889053609,0.1573397928441409,2.208852043375373,61.16497649252415,0.0,2.479542560875416,29.55123320221901,0.00011889574124746005,4.7541772574186325,33.805531322956085,0.0003027203288521463,5.2159202098846436,0.034981815377250314,-0.06219129706732929,0.2244775623548776,1.0,,,,
0,1441792,0.28190572327002883,0.733455830719322,0.0060850282857245475,0.19156665139598772,1.5699839438311756,0.008131068778311601,0.003205929578143696,0.46365672920364887,-0.4939537344616838,-0.015173058546679385,0.48619560652878135,-0.4413696409901604,0.0,0.28190572327002883,0.733455830719322,0.0060850282857245475,0.19156665139598772,1.5699839438311756,0.008131068778311601,0.10446330686681904,0.1279519748641178,0.02889853550004773,0.531832910142839,0.07024122654547682,0.020780314574949443,0.06976858032430755,0.16127558039738688,2.466336166136898,69.37072535976768,0.0,1.7359971767291427,29.285593450069427,9.298399524138024e-05,4.045841558370739,28.756099797785282,0.00021512662593892173,5.35283862054348,0.024355240408112877,-0.047087212558835745,0.20881553296931088,1.0,,,,
0,1507328,0.30390134383924305,0.8003756841644645,0.006619905420848227,0.20213295111898333,1.630927374586463,0.008685803624757682,0.0003697075799209415,0.39547994401073083,-0.4173960631014779,-0.011182178881426807,0.4477984461700544,-0.37057634675875306,0.0,0.30390134383924305,0.8003756841644645,0.006619905420848227,0.20213295111898333,1.630927374586463,0.008685803624757682,0.11371592280920595,0.13304524193517864,0.027685616150847636,0.49204964796081185,0.10117667698068544,0.02285037156252656,0.10092370401252992,0.2301876872079447,1.450210148934275,30.433720231056213,0.0,1.1808305433951318,24.831787921488285,9.836253095624192e-05,3.588795597665012,25.88989782333374,0.00021854697244094723,5.386477328836918,0.022913016968232114,-0.05672060139477253,0.19067716016434133,1.0,,,,
0,1572864,0.25982630567159504,0.7250830703414977,0.001230828160373676,0.20572731539141387,1.5199451274238527,0.003122472071424909,-0.00017535911183585995,0.4851156547665596,-0.4735190912615508,-0.008125825737806736,0.5948127158917487,-0.4204737788531929,0.0,0.25982630567159504,0.7250830703414977,0.001230828160373676,0.20572731539141387,1.5199451274238527,0.003122472071424909,0.11001240566838533,0.13951332913711667,0.03062659749411978,0.5877585468115285,0.03275703593499202,0.02147202486230526,0.03238699286521296,0.09706041292884038,2.673372458666563,70.97403010725975,0.0,1.6834419528022408,27.920680984854698,6.323833057864103e-05,4.7507205083966255,34.08025844395161,7.18521319154064e-05,4.767987661063671,0.02836400999512989,-0.07258361135609448,0.23897061473689973,1.0,,,,
0,1638400,0.09828048807258408,0.40094760519762834,0.008809338974909528,0.062230141911034785,0.6431402583171923,0.003355377191498216,-0.0008291590339108742,0.12585349050563915,-0.09065209308430591,-0.07263235203440843,0.3042523408465786,-0.45730491383825816,0.01766419632981221,0.3248113007284701,0.7502568452619016,0.007849220473644891,0.19024510850431398,1.5345630338415504,0.007946025613819074,0.11123661848250777,0.12162015758804046,0.026691664766985923,0.4646270083030686,0.11254554777406156,0.022667188924970105,0.11243427781300852,0.24245781903300667,1.0094077932881191,28.030222319066525,0.0,0.9410944551927969,20.969819024205208,9.480987500065652e-05,2.6968455729074776,21.141570694744587,0.00018385150258826144,5.923283439129591,0.01766686651171767,-0.03152175364084542,0.15222643211018294,1.0,,,,
0,1703936,0.3183275661431253,0.7536526476033032,0.007868633997532015,0.1880018863012083,1.5558217228390276,0.008294984032545472,0.0005193877991587215,0.3353510904307768,-0.28924248994735535,0.005081233147393505,0.42952290235552937,-0.2887300195870921,0.0,0.11948984499504588,0.43494327193552473,0.008718668615644225,0.07435271968358163,0.7311095561024296,0.00383148387497265,0.045652121231128204,0.04374305953703686,0.014599739681895688,0.2774406288770106,0.09263862357390708,0.007747769991675089,0.09263382159336189,0.7466017821500729,0.3516993903532534,8.447433046020388,0.0,0.250099597141113,9.745925293320857,5.23091416160623e-05,5.256863329449461,26.326417816539173,0.00024667228592751726,5.025235298168228,0.017609729220479143,-0.04797696304249476,0.17605816752436648,1.0,,,,
0,1769472,0.25876874139066786,0.7493723980151117,0.003456404990089368,0.21049783541820943,1.6565778767690063,0.006567535397834945,-0.003917222904419759,0.5586201390251517,-0.5834031393751502,-0.007554532560334337,0.6269704755395651,-0.43506975285708904,0.0,0.25876874139066786,0.7493723980151117,0.003456404990089368,0.21049783541820943,1.6565778767690063,0.006567535397834945,0.114226792473346,0.14089630800299346,0.031369318880024366,0.6188075179234147,0.05014319902693387,0.022348771584802307,0.04997859329159837,0.13607550153392367,2.035270757973194,36.9920145124197,0.0,1.9112718580290675,34.081688567996025,8.108039340015694e-05,5.21842497959733,35.932631969451904,0.0001615816496868261,4.899430014193058,0.030222871544538066,-0.06820956384763122,0.23984485783148557,1.0,,,,
0,1835008,0.31023196142632514,0.7390413656830788,0.0065014299468657555,0.20542648661648855,1.5546914180740714,0.007674884920561453,-0.002511857645345117,0.3964908329071477,-0.4527675691060722,-0.01764547422317264,0.38497733598342165,-0.36143773165531456,0.0,0.31023196142632514,0.7390413656830788,0.0065014299468657555,0.20542648661648855,1.5546914180740714,0.007674884920561453,0.12162261572666466,0.1300132248434238,0.028561950093717314,0.4797787880524993,0.1171080762433121,0.02497118167229928,0.11698893694847357,0.25444881737348624,1.313969913404435,26.719399705529213,0.0,1.464115459471941,26.520347274839878,0.00011202607995242087,3.540811375947669,23.68938011676073,0.00018702011392424112,5.61468393355608,0.022854228565847734,-0.042126663494855165,0.18145301658660173,1.0,,,,
0,1900544,0.2746250778436661,0.7834608238190413,0.005159581401585456,0.22738905437290668,1.6113011660054326,0.009104600141654373,0.0077971906962375215,0.5236372984945774,-0.5031260247342288,-0.034591373332659714,0.49193655676208436,-0.4982252896297723,0.0,0.2746250778436661,0.7834608238190413,0.005159581401585456,0.22738905437290668,1.6113011660054326,0.009104600141654373,0.13305695727467537,0.14495533099398017,0.034467993056750856,0.5993296537781134,0.050589821592438966,0.028480745808337815,0.0503685247458634,0.11661299029185557,1.9694107258692384,40.24481362104416,0.0,2.5163503885269165,31.09411245584488,0.00015370560408486944,5.826234493404627,29.788532853126526,0.00036448728723825763,5.0183644369244576,0.04001517390133813,-0.06504070269875228,0.25291659752838314,1.0,,,,
0,1966080,0.28251740359701216,0.7173350695520639,0.0054051461058861605,0.1961093489662744,1.4941566325724125,0.007654583219846245,0.010171914067541366,0.5663288792129606,-0.4077567450585775,-0.02945076112382594,0.4288990774657577,-0.4365857921075076,0.003392285667359829,0.28251740359701216,0.7173350695520639,0.0054051461058861605,0.1961093489662744,1.4941566325724125,0.007654583219846245,0.11181475312332623,0.12692909844918177,0.030736451924894936,0.5364093035459518,0.05837895663717063,0.022885241509357,0.05800630382509553,0.12894762618088862,2.196325199212879,45.80205186456442,0.0,2.2229614899260923,32.463811457157135,0.00011792591565829014,4.559460549848154,27.172566913068295,0.00021550729465324991,5.354441750794649,0.029900694335083244,-0.050840881653130054,0.19937767018564045,1.0,,,,
0,2031616,0.3094267942942679,0.7910545757040381,0.007332266791308939,0.1844285757979378,1.6128310370258987,0.008290211123039626,0.007229018867292325,0.42491846391931176,-0.291267714346759,0.002024241201525001,0.4229988025035709,-0.32114860671572387,0.0,0.3094267942942679,0.7910545757040381,0.007332266791308939,0.1844285757979378,1.6128310370258987,0.008290211123039626,0.10457087366376072,0.12028119718888775,0.026704396164859645,0.4932544264011085,0.08695309150789399,0.02111495270219166,0.08686541768838651,0.18873520827037282,1.2348405104130507,20.629844821989536,0.0,0.8832365586422384,24.87399196624756,9.658540048373965e-05,2.9797038258984685,24.594630777835846,0.0001655906970677301,5.601800601929426,0.018360475354711525,-0.03816560085397214,0.18182754039298743,1.0,,,,
0,2097152,0.2620996246114373,0.7731577274389565,0.005291011635335963,0.19357525079976767,1.5571175841614604,0.0076766126048823935,0.007694975125559722,0.48779204743914306,-0.4228493592236191,0.00786357971810503,0.5457491890992969,-0.36402901099063456,0.0,0.2620996246114373,0.7731577274389565,0.005291011635335963,0.19357525079976767,1.5571175841614604,0.0076766126048823935,0.10345621220767498,0.13081719941692427,0.029962781831272878,0.5642878476064652,0.04439240491046803,0.019908908390789293,0.04395674037368735,0.11252998831332661,2.1903150361031294,56.53524985909462,0.0,1.178452417254448,28.53039015829563,0.0001051665633013954,4.2078375071287155,31.26912559568882,0.00020009537951537482,4.941634301096201,0.023512021653004922,-0.06677166884765029,0.2521838662214577,1.0,,,,
0,2162688,0.09782130259399613,0.43490087079505124,0.009183762404754816,0.0627536277876546,0.7896334807326396,0.0036364902643981623,0.0030304467822256714,0.124783495941374,-0.03264641937067305,0.0014713745830747863,0.4138235172230149,-0.23294658850024763,0.017569598071277143,0.323479745304212,0.765748109202832,0.0071937455531951855,0.17655462422408164,1.5031673396006227,0.00810772985641961,0.09950447082519531,0.1154817005735822,0.0249238960823277,0.47759263205807656,0.1184862835216336,0.019615319884906057,0.11837112219654955,0.25145154958590865,0.9950333284214139,36.436120949685574,0.0,0.5665825074538589,17.880004942417145,8.831269033726663e-05,2.2766446322202682,23.293186746537685,0.0001654009919462851,5.824193451553583,0.013275524941491312,-0.0375638686819002,0.15130486339330673,1.0,,,,
0,2228224,0.31375602749176323,0.7592762736603618,0.006896539613990171,0.18307461589574814,1.5109217851422727,0.008202405483643815,-0.0009744689642943172,0.2716387804439364,-0.2500577718292334,-0.017188913437848896,0.4402062274166383,-0.32152195990784094,0.0,0.11863428812631104,0.46616596986640646,0.008963307196006416,0.07435083146072385,0.8591552450130862,0.004076578478301358,0.044923440286755024,0.04352034114340477,0.014664691989660734,0.2466458879980674,0.09480518380219274,0.006656544190811846,0.09478978209438767,0.780974548422249,0.27304984407544314,6.599752435011856,0.0,0.24588628171302143,8.1902433208678,5.139435010733648e-05,2.4178149431711766,24.23272529587778,0.00012900918529826523,5.014065683247095,0.009002049643958706,-0.05565906360924962,0.15209988473791136,1.0,,,,
0,2293760,0.25527331116609275,0.7658623396418989,0.00487691103785437,0.20996974140871316,1.6359642138704658,0.008728579213311605,-0.0069622708419956325,0.4168344857171178,-0.4710239474661648,-0.04478159933933057,0.5763451545499265,-0.46602671407163143,0.0,0.2553111419547349,0.7814968237653375,0.00487691103785437,0.21000150381587446,1.6438764873892069,0.008728579213311605,0.11100421281298622,0.1432266222545877,0.031085919006727636,0.5882246585097164,0.04278881100617582,0.02181000605924055,0.04243938176296069,0.1169295741856331,1.924649647437036,57.93144556879997,0.0,1.5802551954984665,27.7977115213871,0.00011359613559003279,6.084142722189426,33.184046015143394,0.00034009513875465913,4.782746374607086,0.03227552439784631,-0.0708437585271895,0.32405550428666174,1.0,,,,
0,2359296,0.30879584525246173,0.7337015992961824,0.006957678692742775,0.19701961538521573,1.4891761639155447,0.008401809727729415,-0.003813573665865988,0.3630082477466203,-0.3974215697962791,-0.013021191772168095,0.3944883885560557,-0.33707947185030207,0.0,0.30879584525246173,0.7337015992961824,0.006957678692742775,0.19701961538521573,1.4891761639155447,0.008401809727729415,0.11255339288618416,0.1281290652405005,0.027161291742231697,0.47769564238842577,0.11217574687907472,0.02241211539512733,0.11195688927546144,0.24541178296203725,1.2056151683209464,41.042644599452615,0.0,1.1289456045487896,24.71071518957615,0.00011279352842130663,3.4947003913111985,22.896630465984344,0.00022294568326808317,5.631973333656788,0.020441036391275702,-0.040667599299922585,0.16597635322250426,1.0,,,,
0,2424832,0.27267780213151127,0.7970409202389419,0.005523673851712374,0.21325544372666627,1.6808905554935336,0.00838195846790768,0.0049601177470322,0.44151916820555925,-0.4684336087666452,0.0116970683557156,0.5143925780430436,-0.35512515157461166,0.0,0.27267780213151127,0.7970409202389419,0.005523673851712374,0.21325544372666627,1.6808905554935336,0.00838195846790768,0.11748170357896015,0.14184454188216478,0.03115929452178534,0.5980429407209158,0.058843415456067305,0.023452318608178757,0.05847937148064375,0.1447341201128438,1.8638143772259355,60.299219995737076,0.0,1.4751728931441903,27.653833657503128,0.000127952515936558,4.850487269461155,29.49134662747383,0.0002385642910476271,5.00092826411128,0.028473382291849703,-0.07105798088014126,0.23544624948408455,1.0,,,,
0,2490368,0.2880614037858322,0.7214886527508497,0.0041756586606567225,0.19837633409770206,1.5246908823028207,0.004963688025441115,-2.05143724087975e-05,0.47823590092593804,-0.7284549432806671,0.0007096512272255495,0.4946105203125626,-0.35870226949919015,0.005333576817065477,0.28807335312012583,0.7241900213994086,0.0041756586606567225,0.19841813697712496,1.538086675107479,0.004963688025441115,0.11051412124652416,0.13131519933813252,0.028506639588158578,0.5085607299115509,0.07117787016068178,0.021590647636912763,0.07076631511881715,0.16113621656313626,1.997379419626668,56.984606977552176,0.0,1.4207905182847753,42.140008982270956,7.583692537424525e-05,4.106344744563103,29.020101502537727,0.00013336886427683936,5.287284463644028,0.0240701090751827,-0.04966060700826347,0.22085566399618983,1.0,,,,
0,2555904,0.30114371539093554,0.7877815538085997,0.006330031688321469,0.19870384992100298,1.5899495724588633,0.00787828105421795,-0.0005008009234188648,0.3594169515417889,-0.3303101862547919,-0.0035220974850744824,0.4427739673992619,-0.34507459530141205,0.0,0.30114371539093554,0.7877815538085997,0.006330031688321469,0.19870384992100298,1.5899495724588633,0.00787828105421795,0.10983492579543963,0.13200785440858454,0.02766666498791892,0.5591327305883169,0.09241646662121639,0.021977162614348345,0.09211969464377034,0.20672640431439504,1.5133973881602287,45.23416119068861,0.0,0.9525959561578929,21.79915113002062,9.467990552813887e-05,3.653113938868046,25.6558605581522,0.000217289038699775,5.388139054179192,0.02189747781085316,-0.05575657752342522,0.17981565149966627,1.0,,,,
0,2621440,0.25319524167571217,0.7309292573481798,0.0031017587360793186,0.19762625091243535,1.5715335104614496,0.005908489329044642,0.0012505223346579442,0.42922697216272354,-0.41107578901574016,-0.017128951896665967,0.5306660188362002,-0.49943328695371747,0.002876589074730873,0.25323041633237153,0.7452793135307729,0.0031017587360793186,0.1977208306780085,1.6119759939610958,0.005908489329044642,0.10086704243440181,0.13790637638885528,0.029522186930989847,0.5777400844963267,0.04352823495719349,0.018739165650913492,0.04293268195760902,0.12054980083485134,2.485518705099821,68.09071755409241,0.0,1.0946045778691769,26.445618614554405,8.904505851203837e-05,4.986468676477671,31.478561386466026,0.00017931908415191877,4.771828632801771,0.025504280129098333,-0.07219561259262264,0.3084531519562006,1.0,,,,
0,2686976,0.11384359379919867,0.532743666668733,0.011967188625682561,0.0764834385427336,0.9953747147321701,0.0044378531112063985,-0.0012716198142828715,0.0683314160615555,-0.2489303405219107,-0.02785556942916969,0.4510218264782452,-0.391870402006413,0.038778062388300893,0.31610652059316635,0.7751309825107455,0.007421117456033244,0.17205304122762755,1.4804845815524459,0.0076265536235951,0.09485448931809515,0.11488906221347861,0.023875928760389797,0.42060712701641023,0.12408635921019595,0.01858592156349914,0.12399365880992264,0.2697319883736782,0.7577699024695903,12.076207669451833,0.0,0.5464930958696641,18.260810028761625,7.986663907846858e-05,2.426104169804603,22.487258963286877,0.00015970526345077118,5.757405258715153,0.013250143341792864,-0.04597240034490824,0.14097767719067633,1.0,,,,
0,2752512,0.3066931633511558,0.7644900549203157,0.005601341863439302,0.16670907562365755,1.4981142608448863,0.0074086440245082485,-1.9838107220948586e-05,0.20627732435241342,-0.24649044348916505,-0.016721570002118824,0.4314325097948313,-0.41945229936391115,0.011393555207177997,0.1324315041174596,0.555080667945994,0.011353613034141043,0.08517988549029253,1.0438315384538777,0.00472419440405477,0.0487597412668191,0.05067241602122829,0.019521578583944904,0.29995561902781565,0.10729468446673758,0.007377208332904245,0.10683964018524815,0.725112504740975,0.5041616955850587,26.896170812030604,0.0,0.15185221489161219,15.326370619963967,5.0441599744548e-05,2.8447574616139137,26.73085452040029,0.00011488617937361581,4.888756960271353,0.005768112425587798,-0.062114916854055534,0.17768878379769354,1.0,,,,
0,2818048,0.26252567500341684,0.7446565832942724,0.004031587279314408,0.18951004720292985,1.5496701416559517,0.007372594975890934,0.0020839290416461154,0.36738423188216984,-0.3701454616384581,-0.02637817073991755,0.5270643176045269,-0.5067140478640795,0.027806651196442544,0.26252567500341684,0.7446565832942724,0.004031587279314408,0.18951004720292985,1.5496701416559517,0.007372594975890934,0.09461993130389601,0.1336154433665797,0.02770657323708292,0.5419906342867762,0.05814849030866753,0.017251124838367105,0.05793862491555046,0.1518497442593798,1.5037728268653154,46.1333434432745,0.0,0.8400901635177433,22.46570535004139,0.0001064199504727803,4.306731820106506,30.96114943921566,0.00019930653717192826,4.85003936290741,0.019118467360385694,-0.0679383899550885,0.2313560927286744,1.0,,,,
0,2883584,0.3006190030137077,0.7594612892717123,0.005204645765843452,0.1883877722430043,1.6118349516764283,0.007126861799861217,-7.147772294047172e-05,0.3541585267521441,-0.4189301021397114,-0.017333753568891552,0.46572283073328435,-0.39486709889024496,0.009358171257190406,0.30065973207820207,0.7758883549831808,0.005204645765843452,0.18845433153910562,1.6358700599521399,0.007126861799861217,0.10537126031704247,0.12404543926822953,0.02680588590737898,0.4940042186062783,0.09315226164471824,0.020665968680987135,0.09279994326061569,0.20671346498420462,1.1895551327615976,38.54915888607502,0.0,0.920707808341831,25.129475325345993,9.978407844357662e-05,3.366201501339674,27.31954289972782,0.00013163856241504845,5.492974195629358,0.017878904571261955,-0.061837821966037154,0.2648393058916554,1.0,,,,
0,2949120,0.27760194952134043,0.7776381289586425,0.00552132035500108,0.20131007581949234,1.570804453920573,0.008138395801779552,5.667615505444701e-05,0.42649493110366166,-0.48112536664120853,-0.007818379667696718,0.5465307338163257,-0.4613424257840961,0.007649801671504974,0.27760194952134043,0.7776381289586425,0.00552132035500108,0.20131007581949234,1.570804453920573,0.008138395801779552,0.10905114433262497,0.1354352300404571,0.029713987023569643,0.5595030805561692,0.07058969429635908,0.02134747977834195,0.07033437886275351,0.17182301206048578,1.8366462914273143,35.58913938701153,0.0,1.3194584120064974,27.68667361140251,0.00010527731621845504,4.243272354826331,31.819425985217094,0.00020872531494831037,5.0620165057480335,0.025009766162838787,-0.06428773235529661,0.2132479154970497,1.0,,,,
0,3014656,0.2826084402622655,0.7396315615624189,0.004767693662813599,0.19197703420650214,1.506683129351586,0.007230980035274115,-0.0015211764462037536,0.4539285183418542,-0.4546851075720042,-0.019514041148795513,0.5868613268248737,-0.4831403414718807,0.014544019242748618,0.2826084402622655,0.7396315615624189,0.004767693662813599,0.19197703420650214,1.506683129351586,0.007230980035274115,0.10462564160116017,0.12833319685887545,0.028739194123772904,0.5401043785968795,0.08577237529971171,0.020177716432954185,0.08502026970381849,0.2029372193501331,2.0441035747062415,49.359638683497906,0.0,1.1850290591828525,31.223830983042717,9.152435493309241e-05,4.1608058558776975,34.41733767092228,0.00015686347587662297,5.24651301279664,0.021978955061058514,-0.06612882623448968,0.23020232445560396,1.0,,,,
0,3080192,0.2909619826823473,0.7852175924926996,0.006302980794316682,0.19331108767073601,1.5738304015249014,0.008463944110189914,-0.004346482928212936,0.32146216672845185,-0.5466679376550019,-0.010219020143267699,0.492666881531477,-0.4158919856417924,0.0,0.2909619826823473,0.7852175924926996,0.006302980794316682,0.19331108767073601,1.5738304015249014,0.008463944110189914,0.1044447150779888,0.13076358364196494,0.02737227434408851,0.5089327547466382,0.0843609728908632,0.020464843008085154,0.08403307572007179,0.19171332940459251,1.3231784435920417,52.84317583590746,0.0,0.9445278500206769,31.351212471723557,8.853187753476988e-05,3.834106206893921,28.35217873752117,0.00020987084294432634,5.242159951478243,0.021869306234293617,-0.0637607027310878,0.21203587506897748,1.0,,,,
0,3145728,0.27045351488050073,0.7670580386184156,0.0033600946105707408,0.19429479027166963,1.591440815012902,0.007280951092980104,4.660471472561767e-05,0.4278632632922381,-0.45310367131605744,-0.02005017251940444,0.6061092745512724,-0.41638334281742573,0.02509828330948949,0.27044972276780754,0.7670580386184156,0.0033600946105707408,0.1942924381000921,1.591440815012902,0.007280951092980104,0.10246814362471923,0.13269277574727312,0.028508188610430807,0.5392863780725747,0.06020247234846465,0.01965438867046032,0.05953765966114588,0.14914888719795272,1.977831936441362,70.53476187586784,0.0,1.0215295213274658,27.611802846193314,9.111595527011573e-05,4.540552098304033,34.72750373184681,0.0001928223618623548,4.891769979149103,0.022577056050067768,-0.07207379536703229,0.202839114703238,1.0,,,,
0,3211264,0.13016299118908742,0.5780572158346573,0.009959711342962693,0.0845640528574586,1.0631114372238517,0.004091672142094467,0.002321834481727668,0.2311511281724476,-0.3258176113695178,-0.09854077858322323,0.45378659055512494,-0.4767991630612232,0.058881134887536365,0.310190457617864,0.7925126384943724,0.0060848763432659325,0.20383313327329233,1.6395349274389446,0.008079888145402947,0.11688833168591373,0.13229669019347057,0.028278259429498576,0.4949618426617235,0.11845663818530738,0.023534571228083223,0.118327575532021,0.25466066639637575,1.137293080566451,21.42270004749298,0.0,1.1020743215922266,23.7376466691494,0.00010713826580044383,3.5720404693856835,27.941678524017334,0.00024404458728177758,5.540457617491484,0.021791537830722518,-0.06472717272117734,0.20247394288890064,1.0,,,,
0,3276800,0.29555941093713045,0.767522239126265,0.004118488912808971,0.18343580816872418,1.567947226576507,0.007722069350165839,-0.0018354914673182066,0.4019207746023312,-0.4269078599754721,-0.04431998205836862,0.5273460512980819,-0.46766425762325525,0.055637934477999806,0.14612451810333654,0.5963189048266195,0.009396701952104502,0.0940933509572712,1.1117703084867583,0.004441589945282069,0.05280535660280162,0.0574752706424221,0.020941773075357932,0.31638370452628256,0.12029635977751789,0.008280560075332052,0.11784869730640876,0.6878803783287126,1.0828556993370315,67.28353489073645,0.0,0.46362455718146345,20.43381871509433,5.005008693896969e-05,6.639153482715377,28.035242770955595,0.00015202162171491868,4.739882034709654,0.01523299589760164,-0.06410245976624,0.1582030942719654,1.0,,,,
0,3342336,0.2700490038841963,0.7764024194329977,0.0012805789810954593,0.18889941019006073,1.5930395005270839,0.0028519254228740465,-0.002202099828991777,0.46003578160889447,-0.42572370381094515,-0.02970131918118568,0.527110823430121,-0.45538781420327723,0.01804415392689407,0.2700490038841963,0.7764024194329977,0.0012805789810954593,0.18889941019006073,1.5930395005270839,0.0028519254228740465,0.09814485936658457,0.12975708331214264,0.028911664368933998,0.5257520475424826,0.06425980493077077,0.018791379348840564,0.06306165715795942,0.15950998978223652,2.376886642538011,97.06538739800453,0.0,1.054163433611393,27.954304486513138,8.674991729318293e-05,4.799425266683102,30.2240941375494,0.00011619450051014724,4.929409060627222,0.022764933906728402,-0.07172525324858725,0.25147836352698505,1.0,,,,
0,3407872,0.2986575827235356,0.8051299815997481,0.004628917927902876,0.19094410014804453,1.5514244181104004,0.006008065734363299,-0.0015707399434177205,0.33898703230079263,-0.39263165195006877,-0.014078837997658411,0.4646409600973129,-0.42677599797025323,0.02344158908817917,0.29873218142893165,0.8350010206922889,0.004628917927902876,0.19105847727041692,1.587979135569185,0.006008065734363299,0.10516380181070417,0.12720746104605496,0.02727625308034476,0.5618334312457591,0.09819986177899409,0.020613675071217585,0.09715838338888716,0.21870041213696823,1.6866936534643173,60.64328669011593,0.0,0.8294325519818813,27.971172854304314,9.209368667245643e-05,3.389854349195957,27.615956783294678,0.00013443180857031223,5.419197414070368,0.018676204399525886,-0.061032087309286,0.30844812490977347,1.0,,,,
0,3473408,0.27765736100263894,0.8025592709891498,0.00546182558127839,0.20103847526479512,1.6778862876817584,0.008163894295648788,-0.0036897730892633263,0.5017649370711297,-0.4648663520347327,-0.006594472894903447,0.5363040759693831,-0.4379514083266258,0.00958001526305452,0.27768677845597267,0.813857426866889,0.00546182558127839,0.2010921707842499,1.6988697946071625,0.008163894295648788,0.10870888258796185,0.13555103307589889,0.029142499231966212,0.6300463501829654,0.07410346483811736,0.020940079557476565,0.07359273472684436,0.17491114686708897,1.9602078655734658,58.68715289235115,0.0,1.1798926992341876,29.39251759648323,9.831626790735015e-05,4.119877310469747,31.119821026921272,0.00019162834607300283,5.045158062130213,0.023793938526068814,-0.06292924867011607,0.28538231540005654,1.0,,,,
0,3538944,0.2854497611988336,0.7452163589186966,0.005778079842002626,0.18397063907468691,1.4996071723289788,0.007831653037101205,-0.001794479235968538,0.4252064808970317,-0.39373165275901556,-0.005909913250206955,0.5151089758146554,-0.4220995369832963,0.02615962113486603,0.2854497611988336,0.7452163589186966,0.005778079842002626,0.18397063907468691,1.4996071723289788,0.007831653037101205,0.09824457130162045,0.12459014213527553,0.02735375017800834,0.5379920086124912,0.08248572645243257,0.01881378319376381,0.0821102486224845,0.19084441059385426,1.9304956276901066,53.29949074983597,0.0,0.9566646895837039,25.289460860192776,9.32862829245984e-05,3.450690188445151,29.51357063651085,0.00019905759893240615,5.188955843448639,0.01850536369238398,-0.060221049934625626,0.20171628962270916,1.0,,,,
0,3604480,0.28449267300311476,0.8165664225816727,0.005216881867795564,0.19430614239536226,1.6333161797374487,0.007252640010392497,0.0033726261600577345,0.4429118153639138,-0.4189706447068602,-0.00856267523522547,0.5452913662884384,-0.40805048355832696,0.0027535823173820972,0.28449625347275287,0.8165664225816727,0.005216881867795564,0.19433371315244585,1.6333161797374487,0.007252640010392497,0.10277596110245213,0.1327150355791673,0.027891292702406645,0.5740111151244491,0.08986356807872653,0.019697411145898513,0.08887722044892143,0.20982901484239846,1.6706259944476187,85.3197820931673,0.0,0.9611364994198084,27.878699019551277,9.791285241411707e-05,3.9127071388065815,31.32950383424759,0.0001622222938184592,5.114358611404896,0.02114247833378613,-0.0662525249645114,0.30998051818460226,1.0,,,,
0,3670016,0.2627072816248983,0.7746346513740718,0.0017790745256434093,0.19365244812797755,1.5748004475608468,0.006275500883702989,0.0055436653688047954,0.4729683045297861,-0.4282890686299652,-0.025793404536671005,0.5717457109130919,-0.4593210658058524,0.022388413606677204,0.2627072816248983,0.7746346513740718,0.0017790745256434093,0.19365244812797755,1.5748004475608468,0.006275500883702989,0.10198513878276572,0.13275809393962845,0.02855980493768584,0.4972897042753175,0.06979549962852616,0.019015436817426234,0.06823282195546199,0.16751101918634959,2.471852434799075,96.48070676624775,0.0,1.2503988649696112,27.440486550331116,7.03470218623714e-05,4.592910919338465,32.762492418289185,0.000208516776112333,4.831006575375795,0.02207466353138443,-0.07272615074180067,0.2250990435713902,1.0,,,,
0,3735552,0.10535178070887924,0.58109457851698,0.008662367160238015,0.059219117735822994,0.9187656204029918,0.003103789213564596,0.0010331841990044192,0.1915445547185421,-0.10602036939380924,-0.07524411469687038,0.3735216459193422,-0.48516630244611103,0.0330376814554135,0.30650682118721306,0.7749431552365422,0.006245276489607932,0.16857992415316403,1.5311357448808849,0.007705771223299962,0.08952121977927163,0.11494575819233432,0.024861344034434296,0.4903665693709627,0.10184601420769468,0.01710124665260082,0.10150661003717687,0.22233587130904198,1.3205313715152442,66.02515402436256,0.0,0.728922410402447,28.9054072201252,9.493301471064086e-05,2.6971323480829597,29.700589433312416,0.00012445576939246195,5.503441032022238,0.014750556569197215,-0.06699511362239718,0.2236311628948897,1.0,,,,
0,3801088,0.3084648286458105,0.7871439829468727,0.005985852335015807,0.1862057947437279,1.5217807292938232,0.007470618009733698,0.0009750391591865082,0.36731656483607367,-0.25378079393703956,-0.018212431961728726,0.5034440190065652,-0.4049896316137165,0.017533909063786268,0.12492894195581236,0.6009547620764878,0.008404389827686477,0.0714587974474283,0.976887558609337,0.003524688374641136,0.04192613858409809,0.04410191373450749,0.012922782876952383,0.2427540095747415,0.10001736073838884,0.006806436330549902,0.0995403931375189,0.754934389929635,0.43616588433351683,29.456872759342016,0.0,0.20052995916781385,13.635871909494254,4.8096122561436384e-05,5.40888067658539,29.06600659449742,0.00016170349339089874,4.965821244630469,0.019999677629053313,-0.05639492482485541,0.1718398429823658,1.0,,,,
0,3866624,0.2553555828053504,0.7850128309801221,0.00263591623775028,0.19905692734755576,1.6880718627944589,0.007336077707805089,0.0008729049336579919,0.4851588048040867,-0.461073599755764,-0.027260486313025467,0.5982340606860816,-0.4672683842945844,0.0453536439454183,0.2553603679407388,0.7850128309801221,0.00263591623775028,0.1990547296591103,1.6880718627944589,0.007336077707805089,0.1031093574129045,0.1376615593326278,0.02904491761000827,0.54770193900913,0.06747545217513107,0.019267706287791952,0.06609840644523501,0.17304835614049807,2.0833589509129524,96.69798719882965,0.0,1.206451720558107,28.788186997175217,8.842734079150816e-05,4.693218115717173,34.33782874047756,0.00022273188293553403,4.819414246827364,0.02456617289863061,-0.07111893780529499,0.23499428643845022,1.0,,,,
0,3932160,0.29730069276411086,0.7661555488593876,0.0053194151118987065,0.17906955775106326,1.5373974391259253,0.007890894791671599,0.0019714927849463493,0.45185249857604504,-0.37774116883520037,-0.004958692297805101,0.5391103515867144,-0.3776756052393466,0.012807246064767241,0.2973219226114452,0.7749285232275724,0.0053194151118987065,0.1791056293877773,1.545832843054086,0.007890894791671599,0.09822307853028178,0.11907347201486118,0.026149795448873192,0.5289022194920108,0.09731703756551724,0.01882263923471328,0.09692652360536158,0.21775023298687302,1.4409498246386647,56.17462142556906,0.0,0.80987370130606,27.884579971432686,9.355459484794437e-05,3.0802474757656455,30.888748228549957,0.0001606626824752766,5.412550128996372,0.01595756387541769,-0.07067757681943476,0.276358344592154,1.0,,,,
0,3997696,0.2698702745838091,0.8016827362589538,0.004140973737548848,0.1926346196560189,1.5858103604987264,0.007562849924397597,0.002158392104320228,0.4721145611256361,-0.40637564565986395,-0.0014908261600794503,0.5318423006683588,-0.36476736376062036,0.009907064959406853,0.2698702745838091,0.8016827362589538,0.004140973737548848,0.1926346196560189,1.5858103604987264,0.007562849924397597,0.09743940446060151,0.13512681087013334,0.027956881604040973,0.5530441066948697,0.07205725359381177,0.018053144740406424,0.07155220878485125,0.17955258261645213,1.7806377382948995,77.26170837879181,0.0,0.9496815139427781,27.159242272377014,8.949438557159795e-05,4.057612197473645,30.47231949865818,0.00018169098120068838,4.901103213429451,0.02117420083959587,-0.06811196263879538,0.21865954331588,1.0,,,,
0,4063232,0.2876950481440872,0.7389390072785318,0.0029638413359407423,0.17895408894401044,1.4485103785991669,0.006101062040670513,0.002878684699680889,0.4065730129368603,-0.3307897102786228,-0.00769598408624006,0.5068196683423594,-0.4043867855798453,0.029350936907576397,0.2876950481440872,0.7389390072785318,0.0029638413359407423,0.17895408894401044,1.4485103785991669,0.006101062040670513,0.09315253808745183,0.12319808133179322,0.026927095910650678,0.525825148797594,0.09120412461925298,0.017109047003032174,0.09067905964911915,0.21094661563984118,1.7010877027641982,60.73010525107384,0.0,0.8055761965224519,23.57752139866352,6.468397451205032e-05,3.168056031689048,29.11491134017706,0.000125808403675709,5.179096229374409,0.01616808626204147,-0.08295976440422237,0.18458730448037386,1.0,,,,
0,4128768,0.2849205208476633,0.8025637296959758,0.004708372275786132,0.18946393846999854,1.6082046860828996,0.007518766835346469,0.002018706192075115,0.39943791669793427,-0.3296862654387951,-0.015923003615171183,0.5239881665911525,-0.34446799382567406,0.010016940592322499,0.2849205208476633,0.8025637296959758,0.004708372275786132,0.18946393846999854,1.6082046860828996,0.007518766835346469,0.09883597487350926,0.13058334111701697,0.027184396793018095,0.5457687568850815,0.08713891592924483,0.018907374134869315,0.0869144063181011,0.20324391848407686,1.4317254140041769,75.34754195809364,0.0,0.8279113029129803,23.339842662215233,9.152828612613018e-05,3.7556451857089996,30.02231079339981,0.00017115215597707234,5.1039826311171055,0.018388521632004995,-0.06964781740680337,0.19493073015473783,1.0,,,,
0,4194304,0.26869915309362113,0.7377884294837713,0.002182846748155498,0.18196538090705872,1.460262299515307,0.006876910886603582,0.0036716711592816864,0.47070089750923216,-0.501957286382094,-0.02284436438640114,0.5311025916598737,-0.44310648180544376,0.01232886640354991,0.2687142458744347,0.7422201414592564,0.002182846748155498,0.18200298422016203,1.4708820097148418,0.006876910886603582,0.09128743084147573,0.12776932772248983,0.028040978650096804,0.536283957073465,0.05364506665500812,0.017199933434312697,0.05306523139006458,0.13271367632842157,2.3025194350630045,93.25399279594421,0.0,0.9953360445797443,30.66280661523342,6.849886056342624e-05,4.40991685166955,30.44289492070675,0.00014630360728462577,4.8407055251300335,0.02039325273653958,-0.07213306496851146,0.2314953594468534,1.0,,,,
0,4259840,0.12811774174993237,0.6064758406331142,0.011160835017290083,0.08040911043683688,1.035465659710268,0.003982635785650928,0.0034756994535227173,0.28583607644322906,-0.23134153698784454,-0.05876927959630696,0.4731562888421468,-0.4292883040287173,0.06303654792408149,0.309387715999037,0.8217766876332462,0.006066452529012167,0.16357663087546825,1.5522292479872704,0.007674109720028355,0.08658410655334592,0.11107545031700283,0.024583167163655162,0.49817519006319344,0.11986474588047713,0.01616148292669095,0.11935332312714309,0.2612077360972762,1.1432919460348785,62.91995495557785,0.0,0.4626397716347128,19.699368461966515,7.686475318213759e-05,2.575694995932281,29.661557659506798,0.00015606825554126402,5.511300664395094,0.012670955376961501,-0.062181840185076,0.2898141386685893,1.0,,,,
0,4325376,0.3001693356782198,0.7723363349214196,0.004778488220381405,0.17260167066706344,1.4925657059065998,0.007561101258943381,0.0028758357880178664,0.2846074711997062,-0.2905330447247252,-0.015766096810693853,0.5146016571670771,-0.4039109821897,0.0661645591026172,0.1447238813193672,0.6224623942994568,0.010545669060961535,0.08929512705878322,1.0795234954882278,0.004327548120426104,0.05184168901563768,0.05324239552607311,0.019764498846061213,0.3140170787747231,0.11977022851351649,0.007906456894159922,0.11719075963041375,0.6983454231066203,1.060989202925913,63.552533658047444,0.0,0.451287614841909,17.56778026695352,5.4368670874231756e-05,5.402352866754553,27.600359847323116,0.000153204947900846,4.75129658773721,0.013294250582936023,-0.06439165916877339,0.19213108224121023,1.0,,,,
0,4390912,0.2672852990217507,0.7741370350122452,0.003655373609944945,0.1850023588631302,1.5153179885819554,0.007030175317595422,0.0012450355434339144,0.4473899535369128,-0.37172355223447084,-0.009714776329929009,0.6658439373131841,-0.39575229631736875,0.022000594064593315,0.2672852990217507,0.7741370350122452,0.003655373609944945,0.1850023588631302,1.5153179885819554,0.007030175317595422,0.09456169948680326,0.12834110908443108,0.02823127430747263,0.5021549582015723,0.061714586918242276,0.017712149026920088,0.06019157130504027,0.14986828251858242,2.057899683713913,85.87485811114311,0.0,0.8615411878563464,25.633556485176086,8.512417865924604e-05,4.188334532082081,38.15004774928093,0.00017680712225232043,4.874409556388855,0.0198256755102193,-0.07214367762207985,0.2056123458314687,1.0,,,,
0,4456448,0.2987789500039071,0.7729656156152487,0.0021518472251500498,0.18489864078583196,1.5706016779877245,0.006377396386596956,0.00041639965223794206,0.4606493394821882,-0.27653379971161485,-0.013713881648072856,0.5076860098633915,-0.40070228558033705,0.022450937191024423,0.29879945586435497,0.7811264954507351,0.0021518472251500498,0.18494126660516486,1.583147092256695,0.006377396386596956,0.10015432501677424,0.12397675518877804,0.027673531498294324,0.5570723878918216,0.11157990776700899,0.019414273789152503,0.11063453802489676,0.2442323391442187,1.6386462254449725,71.3493814766407,0.0,0.7880359862465411,26.933095455169678,8.498869388162689e-05,3.4812161438167095,29.32881970703602,0.00017128465060789466,5.275016538798809,0.01753327149344841,-0.06983717856928706,0.2426600375911221,1.0,,,,
0,4521984,0.2718705185689032,0.782450286205858,0.004632477019185899,0.19104039517696947,1.51369413966313,0.008405196862440789,0.002927251271557907,0.5228203358128667,-0.26218999340198934,-0.02564450844511157,0.5269102114252746,-0.46597295976243913,0.007222895103041083,0.2718705185689032,0.782450286205858,0.004632477019185899,0.19104039517696947,1.51369413966313,0.008405196862440789,0.10032205423340201,0.13116911193355918,0.027976607569144107,0.5576979666948318,0.06846325952210464,0.018980077584274113,0.06808059202739969,0.15979268183582462,1.7752636382356286,61.830139726400375,0.0,0.8426920338533819,29.9553991407156,8.477067635556668e-05,4.676522828638554,30.20865225791931,0.00018417631476808083,4.914716303348541,0.02417040546424687,-0.06820288556627929,0.21921806340105832,1.0,,,,
0,4587520,0.27853084274102,0.7484251442365348,0.0027145466901856707,0.18076373380608857,1.5017431736923754,0.006819439948230865,-0.0008166985945763372,0.46290289680473506,-0.3999268990010023,-0.030275519304268528,0.5587547940667719,-0.476888315519318,0.0697253058606293,0.27853084274102,0.7484251442365348,0.0027145466901856707,0.18076373380608857,1.5017431736923754,0.006819439948230865,0.09354433469707146,0.12464810040546581,0.02746437181485817,0.5207343994406983,0.09908549375541043,0.01731063496117713,0.09857523169193882,0.23306252784095705,1.9851642725989223,90.60070642828941,0.0,0.8681941467802972,27.464849188923836,8.983491193659265e-05,4.291692090220749,32.17877654731274,0.00011914514017785649,5.012837667018175,0.019582117591198767,-0.07373749068938196,0.21159246505703777,1.0,,,,
0,4653056,0.2844140336383134,0.7812308138236403,0.005083574869331642,0.17845828481949866,1.5776949035935104,0.00766466456479975,-0.005145134491613135,0.2920424259500578,-0.48116856231354177,-0.008489900957101781,0.541644733864814,-0.39667865145020187,0.032864199369214475,0.2844140336383134,0.7812308138236403,0.005083574869331642,0.17845828481949866,1.5776949035935104,0.00766466456479975,0.09455987007822841,0.12144146929495037,0.026938760638586245,0.5372406904352829,0.08403855487995315,0.017703882564092055,0.08360038240789436,0.19607928447658196,1.4983363496139646,71.95662978291512,0.0,0.9514871714636683,27.56892816722393,8.862720493219012e-05,3.4847172275185585,31.035139486193657,0.00017601275766132574,5.006495017558336,0.018314843822736293,-0.06708318693563342,0.27207626414019614,1.0,,,,
0,4718592,0.26037176547106355,0.7596267894841731,0.002968445235978834,0.18289504700805992,1.4745831014588475,0.006174338811661073,-0.004962557990438654,0.3866307782009244,-0.4884623410180211,-0.024512432850315236,0.5332283354364336,-0.5517112652305514,0.045542706167907454,0.26037176547106355,0.7596267894841731,0.002968445235978834,0.18289504700805992,1.4745831014588475,0.006174338811661073,0.0915747192921117,0.1285527889849618,0.028001033992040902,0.5115307957166806,0.06426222957088612,0.01662870833388297,0.06375405551807489,0.16830085718538612,1.9261989397928119,79.45467895269394,0.0,1.0893460316583514,28.640635907649994,9.232494596235312e-05,4.2953476794064045,33.211651265621185,0.000141697927122042,4.705662287771702,0.018449478346155956,-0.07195677212439477,0.22710353415459394,1.0,,,,
0,4784128,0.1273016656904171,0.6535954593867064,0.009575380003231354,0.08120261480410894,1.1518390435601273,0.0042511754112395765,-0.027646290501434124,0.2475646080901788,-0.335368945930871,-0.08653282080065537,0.45559417437412775,-0.46930346354764574,0.05920303414265314,0.29857312445528805,0.7766771651804447,0.004908821972549049,0.17675262584816664,1.5151050854474306,0.007865625146223465,0.0921249253442511,0.12148034776328132,0.02588918144465424,0.49735998490359634,0.12190267405094346,0.017240920053154696,0.1215158851337037,0.27464797199354507,1.2257177899591625,62.08428527414799,0.0,0.7233666405081749,22.728221341967583,9.022995651974952e-05,2.947504658252001,27.976630374789238,0.00014037383874399012,5.300061691552401,0.014450813669100171,-0.06370971142314374,0.1934271827340126,1.0,,,,
0,4849664,0.29661067808046937,0.7993624773807824,0.004401561757276795,0.18920246395282447,1.552256275434047,0.007757528648653533,-0.004675303641079154,0.35346198780462146,-0.35554947750642896,-0.024511082388926297,0.516495743766427,-0.4573497555684298,0.03281028335914016,0.14364130987998952,0.6676452924463764,0.009076698726512842,0.09161263379459102,1.190433475547975,0.004589137169062609,0.0547758142003812,0.05235784398167428,0.020679197107239748,0.40045868863452627,0.11829430796907295,0.008942359950777749,0.11573511449808076,0.627539091715477,1.3806372210944453,76.95130090661773,0.0,1.9870268104637199,20.39354441380577,7.246503577347535e-05,6.634170252522272,28.274003985525862,0.00018975137341859495,4.766402023743434,0.02598228081562016,-0.06412877373576882,0.16763772448547273,1.0,,,,
0,4915200,0.2697219375986606,0.749051627703011,0.0011329584641543988,0.1871780276997015,1.499468388967216,0.004704922253949917,-0.0012978436525372672,0.4430690067820251,-0.39734704443253577,-0.013940555523731746,0.5181437768042088,-0.3905541794374585,0.05185338028240949,0.2697219375986606,0.749051627703011,0.0011329584641543988,0.1871780276997015,1.499468388967216,0.004704922253949917,0.09647499944549054,0.12926293071359396,0.02839302091160789,0.5378944196272641,0.06741928814153653,0.017973007146792952,0.06660669393022545,0.1642491371021606,1.865983471274376,90.22150084376335,0.0,1.0023003187961876,25.48610259592533,6.610704338827489e-05,4.300501437857747,29.706218987703323,8.264726404516587e-05,4.79322849586606,0.019722825585631654,-0.0721426245290786,0.21154271718114614,1.0,,,,
0,4980736,0.29602270072791725,0.7753878924995661,0.003941211059725447,0.179730394447688,1.4926630216650665,0.005739105996326543,0.00144753882096893,0.45693778968416154,-0.2943569211056456,-0.005429767741134128,0.5444156783632934,-0.3820357797667384,0.04776779003441334,0.29602270072791725,0.7753878924995661,0.003941211059725447,0.179730394447688,1.4926630216650665,0.005739105996326543,0.09485934866825119,0.12268423830391839,0.026833651936613023,0.49686598288826644,0.11741841753246263,0.01779634659033036,0.11698924713709857,0.2611542736995034,1.4578601233661175,77.58295756578445,0.0,0.7619227152317762,26.18083928525448,8.303029692147135e-05,3.3264269977808,31.192721039056778,0.00011865955887691015,5.175644908100367,0.015850741794565693,-0.06912613334134221,0.20129117602482438,1.0,,,,
0,5046272,0.26750481966882944,0.7729797586798668,0.004596937337282725,0.1991825143340975,1.5208703125827014,0.007968720304234012,0.0004160913636042096,0.46245601982809603,-0.37577565875835717,-0.003864880610308319,0.5636582081206143,-0.4410889509599656,0.05259530802140944,0.26750481966882944,0.7729797586798668,0.004596937337282725,0.1991825143340975,1.5208703125827014,0.007968720304234012,0.10491610370809212,0.13589577737729996,0.029661154534551315,0.5651129034813493,0.07993466782500036,0.019566101022064686,0.07938288518926129,0.19999386376002803,1.7510982481762767,87.16336816549301,0.0,1.0776523067615926,26.497226268053055,0.0001006810635213462,4.704578973352909,32.295236840844154,0.0002684391725047419,4.765804145485163,0.024276231677504256,-0.06945722154341638,0.22914705984294415,1.0,,,,
0,5111808,0.28333734977059066,0.7535500838421285,0.0014710905176116285,0.18165243923431262,1.5237255105748773,0.006172746771881066,-0.0006038218658659389,0.46679763204883784,-0.3762622884241864,-0.006446684822549287,0.5887256213463843,-0.44157410599291325,0.08337029443646315,0.2833938975818455,0.7746611381880939,0.0014710905176116285,0.18174556404119357,1.5527034597471356,0.006172746771881066,0.09615628971369006,0.12398913031211123,0.027416951284976676,0.5087450814899057,0.08196684806171106,0.017967564454011153,0.08113790020433953,0.18911789677804336,1.9020124184899032,84.08060097694397,0.0,0.9070652399677783,27.96790274977684,8.685994778645512e-05,3.902930524200201,34.125268533825874,7.828618165439671e-05,5.034204717725515,0.019267619452875806,-0.07258696714416146,0.3470631872769445,1.0,,,,
0,5177344,0.279867239180021,0.7872014376334846,0.0012255166996055777,0.1821284614270553,1.5297426111064851,0.003417120467247514,0.0038095040908956435,0.4608310463372618,-0.2282954624388367,-0.013254529761070444,0.5207557564135641,-0.43118326901458204,0.03357240534387529,0.2798708144109696,0.7872014376334846,0.0012255166996055777,0.18213093094527721,1.5297426111064851,0.003417120467247514,0.09343598911073059,0.12642558320658281,0.027107778339996003,0.540213929140009,0.09782061420264654,0.017023664971929975,0.09639947646064684,0.22849429812049493,1.78641608171165,109.1641329228878,0.0,0.7757368143647909,26.403674378991127,8.740987066291339e-05,3.7513567488640547,29.919305995106697,6.288214435201667e-05,4.912631738930941,0.017842493893112987,-0.07223268784582615,0.24436595384031534,1.0,,,,
0,5242880,0.27458011894486845,0.7299261628650129,0.00371666502098833,0.17162976076360792,1.4309137030504644,0.006679386273390264,0.00228527360377484,0.5281079343985766,-0.35212492768187076,-0.018327214871533215,0.526251467410475,-0.4690158034209162,0.11811694083735347,0.27458367752842605,0.7299261628650129,0.00371666502098833,0.17164249275811017,1.4309137030504644,0.006679386273390264,0.08640834683319554,0.12035758950514719,0.026579503712127917,0.5139314772095531,0.06766642283764668,0.01568206631054636,0.0657672657398507,0.1589489663601853,2.195214203558862,124.45203739404678,0.0,0.7232310518156737,30.795031026005745,6.956829936477504e-05,3.8659792598336935,30.770352095365524,0.00014869602812472849,4.780078463256359,0.016879100126971025,-0.06991911423392594,0.3626796784810722,1.0,,,,
0,5308416,0.12510320112730067,0.6241222970684369,0.010956347310639103,0.07703930859764417,1.0477683541427054,0.0041262377015906775,0.0003426089463571695,0.25607559925313883,-0.24288238552874342,-0.06781227460884225,0.47482632487740684,-0.4639908412344327,0.0661625767002503,0.3036206578835845,0.7845630077645183,0.0020572289719211767,0.17294717585900798,1.4747518436051905,0.006161711157801619,0.0916165339294821,0.11821924190735444,0.02510112315940205,0.46850224386435,0.10838901129318401,0.01722641320520779,0.1080457360658329,0.24018916074419394,1.3073138874024153,71.04309234023094,0.0,0.535783406579867,29.792794659733772,7.502900218447905e-05,3.0912837041541934,29.39366589486599,0.00015130762997550562,5.272398721426725,0.01471067645252333,-0.07249487959779799,0.2278454329352826,1.0,,,,
0,5373952,0.3033117866143584,0.7791730747558177,0.004010412393881779,0.159673411922995,1.4989999891258776,0.006808288187130529,-0.0007462346404167874,0.3035266420338303,-0.30619414686225355,-0.018782514649501536,0.517448483267799,-0.48629429191350937,0.03222310746787116,0.14229705477840301,0.6390669503395098,0.01028685960781912,0.08500363864846168,1.0912605599242162,0.004384748591763193,0.04952243978511093,0.05092122109188889,0.017544771290064442,0.2883454795578966,0.11824936826758266,0.007299522405030228,0.1163249016635636,0.6989357345681413,0.9183200885294881,61.75987802910428,0.0,0.3280503125563236,16.747563906732093,4.917370956176217e-05,4.984519156695733,28.086627382159524,0.00011808423290140188,4.760210156081671,0.010987720076003146,-0.06652816829372601,0.1632680886885129,1.0,,,,
0,5439488,0.26411698071751744,0.7655667453072965,0.001094206200946246,0.18263264431152493,1.4977158354595304,0.0056282197692780755,-0.0003121986580936209,0.4459561260882765,-0.4408936866093427,-0.018068285782646853,0.5362036414444447,-0.5496740736998618,0.08505177129700314,0.26412267179694027,0.7655667453072965,0.001094206200946246,0.1826318580424413,1.4977158354595304,0.0056282197692780755,0.09250103292288259,0.12794239132199436,0.02749645222502295,0.5002073888899758,0.07294729436398484,0.016607669851509854,0.07234116914332844,0.18679759395308793,1.494568733498454,61.24949224293232,0.0,0.9107241411693394,26.744748055934906,6.700864778907967e-05,4.273063970729709,32.16778364777565,0.00013775489953538056,4.722858257591724,0.02012613737315405,-0.07286687707528472,0.2219792054966092,1.0,,,,
0,5505024,0.2966877688886598,0.7594008184969425,0.004064195628643574,0.16842575004557148,1.4732910064049065,0.007453433709088131,-0.0006524162516257093,0.31846914207562804,-0.4446614773478359,-0.0163252807178651,0.4605678482912481,-0.40244415774941444,0.079307074774988,0.2966905749635771,0.7594008184969425,0.004064195628643574,0.16842372139217332,1.4732910064049065,0.007453433709088131,0.08732295496156439,0.1160772000439465,0.025992949871579185,0.48995605355594307,0.11897002506884746,0.01601330812263768,0.11832633045560215,0.26538946223445237,1.3258567424491048,59.440390557050705,0.0,0.6766063859686255,25.570394545793533,8.50376790697549e-05,3.1581929298117757,26.996855810284615,0.00014636482735852496,5.184331551194191,0.014803502694121562,-0.06425160123035312,0.18443922395817935,1.0,,,,
0,5570560,0.2728025339310989,0.7513214009813964,0.004141662602933138,0.179155710269697,1.5079440255649388,0.007516994068282656,0.0034930791534861783,0.4205339417094365,-0.30997537274379283,-0.013920173430960858,0.5261206356808543,-0.3846326773054898,0.03052135523466859,0.27281498757656664,0.7538758255541325,0.004141662602933138,0.17918459186330438,1.5144224814139307,0.007516994068282656,0.09065585519419983,0.12527544720796868,0.0267961953941267,0.5372178688412532,0.06552389296120964,0.016450404094939586,0.06491362911765464,0.15820490755140781,1.5707572316750884,57.27562589943409,0.0,0.7502234941348433,25.597843751311302,8.30674698112932e-05,3.7856691032648087,30.233447894454002,0.0001607107291854426,4.822006169706583,0.018174135766457766,-0.06857653660699725,0.23703451734036207,1.0,,,,
0,5636096,0.28909643553197384,0.7507138564251363,0.0023791015537426574,0.16206926538143307,1.4239212502725422,0.005836677578372473,0.0023387996293422475,0.39879017882049084,-0.39342996082268655,-0.008170497356331907,0.47405454190447927,-0.3995259527582675,0.08231039307429455,0.2891009107697755,0.7507138564251363,0.0023791015537426574,0.16206735733430833,1.4239212502725422,0.005836677578372473,0.08296638674801216,0.11200890404870734,0.025850777034065686,0.46394217445049435,0.09311462358164135,0.015034396630653646,0.09243417230027262,0.2133646536967717,1.6305404293816537,79.8479853272438,0.0,0.6941687127109617,26.242614090442657,7.871013691884698e-05,3.14846960734576,27.416404902935028,8.244258678558047e-05,5.047814264893532,0.013625125677208416,-0.06646771519444883,0.19110948336310685,1.0,,,,
0,5701632,0.2886891143862158,0.7927061072550714,0.0051794722526210535,0.17294965672772378,1.5539963776245713,0.007682272666897916,-0.0021248418055392904,0.333518857776653,-0.37871180614456534,-0.005221657155743742,0.5593367675319314,-0.36802602419629693,0.04880554910050705,0.2886891143862158,0.7927061072550714,0.0051794722526210535,0.17294965672772378,1.5539963776245713,0.007682272666897916,0.08539802994346246,0.1227730939281173,0.025314988975878805,0.5100545696914196,0.0908704438188579,0.015387874082080089,0.09047589210967999,0.2084393894765526,1.2682703374885023,61.21538344025612,0.0,0.529004109557718,23.33305222541094,9.631226688799899e-05,3.1396454786881804,32.04763640463352,0.0001814212062769549,4.953243441879749,0.014497380012471694,-0.07050384627655149,0.22320565045811236,1.0,,,,
0,5767168,0.269942584563978,0.7746613435447216,0.0037271003438945627,0.17632246483117342,1.4596362598240376,0.0074218612444383325,-0.0016127789585880237,0.3986725512659177,-0.47542859497480094,-0.028054796741344035,0.5381819754838943,-0.550396861275658,0.11700926726916805,0.2699381512356922,0.7746613435447216,0.0037271003438945627,0.1763212892692536,1.4596362598240376,0.0074218612444383325,0.08923493174370378,0.12273523100884631,0.027509826686582528,0.5169237753143534,0.07393274368951097,0.016213562681514304,0.07161706461920403,0.1782391766901128,2.3352362904697657,114.46181744337082,0.0,0.8281071940436959,27.62827755510807,8.218543730986738e-05,4.34689799323678,32.8733185082674,0.0001702627188706618,4.726878192275763,0.018944368595839478,-0.07005303096957505,0.23110717930831015,1.0,,,,
1,5832704,0.1038897544844076,0.5839279073228438,0.009144738143574312,0.05637573171406984,0.9487493419398864,0.0029408859121394927,0.0006966689342905851,0.13843837078180515,-0.07676145981626177,0.006896729740325327,0.4716076498114853,-0.31435144487734457,0.0357544618844986,0.32188655401114374,0.7987893598619848,0.006511223285997403,0.17513988708378747,1.528584151295945,0.007411828118620178,0.0921519375697244,0.12017518869834021,0.025089632414164953,0.49998769618105143,0.17092948632489424,0.016881084866327,0.17071185003442224,0.36728566605597734,0.805885880254209,24.082051068311557,0.0,0.4562212994642323,16.077089884667657,9.173632627890171e-05,2.742122062241833,22.421623675269075,0.000145991122803113,5.393539126962423,0.014101872849551,-0.0480659487657249,0.16415548289660364,1.0,,,,
1,5898240,0.31318389088846743,0.7731768041849136,0.005499480459548067,0.17145925253862515,1.4483526996336877,0.007038614726752712,0.0003784904675967482,0.209785791055765,-0.2963763490624842,0.0016401744028371468,0.5317967212758958,-0.31780330452602357,0.043946851044893265,0.12406268329443747,0.6021687648517181,0.008793388005354914,0.06746811926342457,0.9969038824404938,0.0033358477255961885,0.03947321480807725,0.04125371920674231,0.012424518213977656,0.2159000714982759,0.09932358530686652,0.00603405908027142,0.09929272965023136,0.6651007614816618,0.2618873449693243,10.163298091834344,0.0,0.1161820354151921,9.818058932870514,4.0910278200603545e-05,1.7070393396940515,27.442658950038904,7.562468664672847e-05,4.979756095323218,0.0065016208332437314,-0.05534251366394112,0.18420882125845156,1.0,,,,
1,5963776,0.26708938903175294,0.7496557147242129,0.0008818906248961866,0.18335936777293682,1.531664947513491,0.004748009478589665,-0.0026062800764066196,0.39163137960713357,-0.48740379861555994,-0.013855859917384805,0.5137275722809136,-0.4620786088053137,0.09789301798446104,0.26708938903175294,0.7496557147242129,0.0008818906248961866,0.18335936777293682,1.531664947513491,0.004748009478589665,0.09447036794153973,0.1268737653736025,0.027946083340793848,0.5367607477819547,0.07287451627053088,0.01716032880358398,0.07214950037450762,0.17806695721810684,1.7825796660035849,69.39736416935921,0.0,1.0022368817590177,27.926263630390167,6.354678887543486e-05,3.8986292984336615,29.931443765759468,0.00011598706509552414,4.686604794114828,0.018997616061824374,-0.07259959168732166,0.22242073086090386,1.0,,,,
1,6029312,0.30234985041897744,0.7918928135186434,0.002295652661700842,0.17279897234402597,1.5524752866476774,0.0041922586028704245,2.2703219997310953e-05,0.31535338022513315,-0.3521607992006466,-0.012126202605031722,0.5264451461844146,-0.569290708983317,0.0863213223638013,0.3023997984128073,0.8100335914641619,0.002295652661700842,0.17286687239538878,1.5731433713808656,0.0041922586028704245,0.0923177496297285,0.11711166513850912,0.025797610767767765,0.4861635562265292,0.12631354096811265,0.017045241365849506,0.1253488192378427,0.27615230018272996,1.436460032593459,76.49624353647232,0.0,0.5950215189950541,23.097680509090424,5.7642428948262436e-05,3.051057118922472,36.01410685479641,7.681828320649231e-05,5.149188298732042,0.015198641067399876,-0.07236814894713461,0.30765087506733835,1.0,,,,
1,6094848,0.27233749185688794,0.7766396729275584,0.001965866522482429,0.17494979326147586,1.5239256494678557,0.0033847234092263534,-0.000283356804345658,0.4785576721187681,-0.4151996278669685,-0.00531492390200583,0.5716395699419081,-0.4346136806998402,0.07211794279282913,0.27233749185688794,0.7766396729275584,0.001965866522482429,0.17494979326147586,1.5239256494678557,0.0033847234092263534,0.08792967541376129,0.12232133612269536,0.027387757640099153,0.5465380490059033,0.07118181679106783,0.01570417862967588,0.07040041305299383,0.17600169946672395,1.8033916605636477,89.49419140815735,0.0,0.8540174956433475,28.440350770950317,6.567486237789993e-05,3.722992219030857,33.024657502770424,6.630734710189046e-05,4.6884272284805775,0.01757108544552466,-0.06970187393017113,0.23196963197551668,1.0,,,,
1,6160384,0.2876568892970681,0.7392271012067795,0.004340025582223461,0.17177142924629152,1.451674256939441,0.007939217499369988,-0.0015198508484672857,0.39544061035849154,-0.3680686318548396,-0.01308022786906804,0.5257861870341003,-0.4493997667450458,0.08351981520536356,0.2876638676971197,0.7392271012067795,0.004340025582223461,0.17177382798399776,1.451674256939441,0.007939217499369988,0.08657860703533515,0.12001799076097086,0.02652722103812266,0.4888771827099845,0.10761984487180598,0.01574594312114641,0.1062500122061465,0.24304188857786357,1.9841495580039918,145.99982410669327,0.0,0.5782420167233795,23.696885645389557,9.501782938992065e-05,3.524666218087077,30.17564009130001,0.00014963161105813194,5.004695318639278,0.0155936051523895,-0.06798777752555907,0.22017116122879088,1.0,,,,
1,6225920,0.2786293348763138,0.787298459559679,0.002216411595838963,0.18007576349191368,1.5948918289504945,0.004199970817637677,-0.0006762503554114119,0.340034666005522,-0.38180274271871895,-0.012135128225054359,0.582749658729881,-0.4012284332420677,0.0349841406714404,0.2786355868447572,0.787298459559679,0.002216411595838963,0.1800741673214361,1.5948918289504945,0.004199970817637677,0.09198053338332102,0.12508885125862435,0.02696013543754816,0.5592899261973798,0.07457511850225274,0.017033621174050495,0.07375277846585959,0.17393491084658308,1.6711411280557513,127.53873687982559,0.0,0.7409989598672837,23.535200364887714,6.139128071946942e-05,3.6740683298557997,33.391914159059525,8.355181260699673e-05,4.817440330982208,0.018418121144350152,-0.07071441318839788,0.22395327035337687,1.0,,,,
1,6291456,0.26842027017846704,0.7418889487162232,0.0003873449833804443,0.1687152445083484,1.4694537799805403,0.0023526653933458874,0.001296802447313894,0.4431825182400644,-0.37201850139535964,-0.022679754692944698,0.5253722527995706,-0.4655890017747879,0.10936761388438754,0.2684459905140102,0.7516320245340466,0.0003873449833804443,0.16880988900084049,1.5099408887326717,0.0023526653933458874,0.08471815538359806,0.11794768029358238,0.0267424437624868,0.5570130134001374,0.07776174417813309,0.015276860649464652,0.07623768999474123,0.18318890064256266,1.8845206750556827,100.57356035709381,0.0,0.6695154774934053,26.15604192018509,4.312331504685574e-05,3.6150646060705185,30.143055602908134,3.2044027248545603e-05,4.833592835813761,0.014902300405083224,-0.07260901038534939,0.2326916118618101,1.0,,,,
1,6356992,0.1103445641308402,0.5861577852318685,0.00996346848045505,0.06548063591122627,1.0043821905987957,0.0038056835890408064,-0.001255244750424443,0.17154428402463962,-0.21079914885248097,0.0694155819723638,0.502422540480208,-0.23354722331576339,0.053090221832195916,0.29867657739669085,0.8030494414269924,0.0050040494066081465,0.17133951070718467,1.579194397199899,0.0073697676161827985,0.08874732675030828,0.118213267007377,0.025490892308880575,0.48632733279373497,0.12158753030234948,0.016254092261078767,0.12047993432497606,0.2667897172505036,1.3591100596822798,103.73174914717674,0.0,0.6390451814513654,26.606563970446587,8.422932705798303e-05,3.097672212868929,30.29346351325512,0.00014937708779938497,5.058709166944027,0.015760140158818103,-0.06694792443886399,0.3377947343979031,1.0,,,,
1,6422528,0.3054692755686119,0.7794254994951189,0.005256384798940417,0.1756961620412767,1.5113947414793074,0.007975468744916725,-7.825353878843089e-05,0.26431623060489073,-0.25988223793683574,0.00390428143691679,0.45503290579654276,-0.3028637453680858,0.0317812985740602,0.12915176523327604,0.6047859986548323,0.009509773667778939,0.07610381915267692,1.0532508702017367,0.004207590592016798,0.04169441653269691,0.049155908903241695,0.01516530551689576,0.3180418319618666,0.10712104842644633,0.006792568923738583,0.10697766483189111,0.7231842766471027,0.38691952971584465,19.726887201688374,0.0,0.28477905620435107,13.619052877371951,5.597967493155092e-05,4.7783009834652095,28.605874300263935,0.00017839450377208434,4.906535604632045,0.020799357907167013,-0.05178406327424279,0.1809708167720272,1.0,,,,
1,6488064,0.2721106946701184,0.7435994832776487,0.0033612474358619693,0.1765301552368328,1.497532069683075,0.00669101953894824,0.002912894326073001,0.47028793906793,-0.39572090725414455,-0.011575007978535723,0.5403424073010683,-0.4522506345529109,0.14198196696816012,0.2721106946701184,0.7435994832776487,0.0033612474358619693,0.1765301552368328,1.497532069683075,0.00669101953894824,0.08883685496402904,0.12343497545225546,0.027493581248563714,0.5257999773602933,0.06798431833158247,0.015948946311254986,0.0676195227279095,0.17458895442905487,1.5766872018575668,48.474257066845894,0.0,0.9105257331393659,27.037601992487907,7.215921120362623e-05,3.6554798558354378,31.014827221632004,0.00014571922827810724,4.707832269370556,0.016296778376272414,-0.06972756702452898,0.2015458531677723,1.0,,,,
1,6553600,0.3004275489365682,0.7694143052212894,0.0037036536832601996,0.1682001621229574,1.4969657831825316,0.0066013436348839605,0.0012029115123368683,0.3702621900010854,-0.4764531485270709,-0.010080682821353548,0.49425296345725656,-0.3916733495425433,0.06205273629166186,0.30043206305708736,0.7694143052212894,0.0037036536832601996,0.16819813032634556,1.4969657831825316,0.0066013436348839605,0.08665735134854913,0.11604017694480717,0.02596655103843659,0.4910763131920248,0.12831299647223204,0.015808626725629438,0.12700035063608084,0.28348567651119083,1.6002137959003448,84.07212071120739,0.0,0.675294354557991,28.4461257904768,8.087622112240567e-05,2.8355665458366275,28.377685949206352,0.00010534349460594727,5.144229523837566,0.012725943088298663,-0.06769586680456996,0.20148263778537512,1.0,,,,
1,6619136,0.27059360267594457,0.7555649690330029,0.003117487487713788,0.17687324108555913,1.5150050926022232,0.005733478016281879,0.0008502639230982822,0.5044046605471522,-0.42754687485285103,-0.013286609470924304,0.7336653049569577,-0.4670751995872706,0.05789282885962166,0.2705894075334072,0.7555649690330029,0.003117487487713788,0.17686901811975986,1.5150050926022232,0.005733478016281879,0.08996715839020908,0.12344758055405691,0.027137204073369503,0.5385816906346008,0.06614486619946547,0.016142576809215825,0.06432301613676827,0.15822097883210517,2.399299830198288,116.11614882946014,0.0,0.8061310667544603,29.73158147931099,7.374748219896032e-05,3.9246947281062603,42.07329772412777,0.00011461858556505167,4.736721727997065,0.017610528244404122,-0.07221680460497737,0.3054182438645512,1.0,,,,
1,6684672,0.29101578844711185,0.7673959378153086,0.003957755366002402,0.16527341131586581,1.5535122426226735,0.006311669270075981,0.0013791104576057478,0.4437569174915552,-0.34471857373137027,-0.011741502909899282,0.598182053072378,-0.46494583832100034,0.10570270766038448,0.29103039810433984,0.7673959378153086,0.003957755366002402,0.16530269186478108,1.5541272396221757,0.006311669270075981,0.08601267464109696,0.11323791672475636,0.026273554176441394,0.5202025433536619,0.10367862289422192,0.0156029647187097,0.10153432132210582,0.22861663866206072,1.8857540315948427,108.27324590086937,0.0,0.6788385878317058,27.753442399203777,7.179985928727761e-05,3.1811620499938726,35.40424129366875,0.0001162602581776806,5.050452969968319,0.014215104365575826,-0.06623966991901398,0.40120863099582493,1.0,,,,
1,6750208,0.2823584395227954,0.8081059972755611,0.004442945943537779,0.1768875209381804,1.5704344385303557,0.0073077656179521,0.003126862553983756,0.43400465487502515,-0.4134805720532313,-0.00940480719145853,0.5540631297044456,-0.37047317204996943,0.06613925330748316,0.28235494543332607,0.8081059972755611,0.004442945943537779,0.17688697157427669,1.5704344385303557,0.0073077656179521,0.09040975535754114,0.12280666013248265,0.0267317378311418,0.5469954691361636,0.08244359625678044,0.01677812782145338,0.0815607175900368,0.1883657854050398,1.4526166915893555,82.23287856578827,0.0,0.6901959436945617,28.073482275009155,0.00010275607532372888,3.4291942585259676,31.745749935507774,0.00018512904822642895,4.871558364480734,0.017941131351108197,-0.06858055992051959,0.27084385603666306,1.0,,,,
1,6815744,0.2803347329609096,0.7655589142814279,0.00434729815378887,0.1648815656080842,1.523332386277616,0.007787614489643602,0.0025304407045041444,0.36934961355291307,-0.34490378259215504,-0.01337904962565517,0.5947476094588637,-0.3730567335151136,0.1481735636771191,0.28038338641636074,0.7819775938987732,0.00434729815378887,0.16497940756380558,1.5655128806829453,0.007787614489643602,0.08557786972960457,0.11316666338825598,0.026376796784461476,0.5087681988952681,0.07190346997231245,0.015596596873365343,0.06919197901152074,0.1627969842229504,2.217422372661531,137.55092892050743,0.0,0.7007644427940249,24.86810650676489,7.801417795505472e-05,3.1564751528203487,34.30315437912941,0.00016132857557593638,4.84136276692152,0.015221239860693458,-0.06781810545362532,0.28475684649311006,1.0,,,,
1,6881280,0.10862340615363791,0.63019184636573,0.009563083038010518,0.06077954805766543,0.9806849240263303,0.003301461124283378,0.0008489923716916792,0.15644565662757184,-0.0888596321134052,0.0031824721746422334,0.47996397233825216,-0.26195922640811964,0.05660064158340295,0.2988170039607212,0.8013952993787825,0.0038251196365308715,0.17225643509300426,1.5097078513354063,0.0060581194319411225,0.0875290653493721,0.1201280924724415,0.025733026312082075,0.48671030765399337,0.12759168559568934,0.015688850777223706,0.12640097382245585,0.27810550064896233,1.3952119564637542,109.3988471776247,0.0,0.6224200141150504,24.327690333127975,7.98588694683744e-05,3.20456381700933,27.793817475438118,0.0001234048375571284,5.019974555820227,0.0149705212097615,-0.06646599317900836,0.2131373076699674,1.0,,,,
1,6946816,0.3077032929286361,0.7763024265877903,0.004935974965519563,0.15607194608310238,1.4811749216169119,0.006955244719392795,0.0008980067431707539,0.25995996803976595,-0.14910822295314574,-0.0014111509683516488,0.5172956094611436,-0.3258837148314342,0.013749539153650403,0.12781182897532448,0.6442747938570129,0.009117096717770426,0.06996435750590031,1.0289249237940972,0.0036536330370650085,0.04001640032342893,0.043293252075371526,0.013798519568545857,0.22948366652119412,0.10457433541352701,0.006157963822633645,0.10454266193881771,0.6943993545586176,0.3303455940885357,10.978006621721727,0.0,0.12889154951322362,9.95799395450144,4.252379056709418e-05,1.4814218629154388,27.809691223548725,7.033598825909807e-05,4.903443235948862,0.005281017927261994,-0.05383382789252034,0.16893822553915433,1.0,,,,
1,7012352,0.27750294329598546,0.7413729289546609,0.0034883692831044755,0.16102378512732685,1.4336703908629715,0.006783989474570262,0.001596019038970553,0.36067913949955255,-0.2354854269651696,-0.007300093844605726,0.5284110042266548,-0.36870127567090094,0.12878829766850686,0.2775072338990867,0.7413729289546609,0.0034883692831044755,0.16102319839410484,1.4336703908629715,0.006783989474570262,0.08053785626543686,0.11251055129105225,0.02579102062736638,0.4712243608664721,0.07458997989306226,0.014324045892863069,0.07364060466352385,0.17341856924758758,1.4454357749782503,88.64063744992018,0.0,0.4685906362719834,20.74543024599552,7.412538122997248e-05,2.891867682337761,30.275720804929733,0.00012273523078687454,4.78112980350852,0.01260100831859745,-0.06542030954733491,0.1922829868271947,1.0,,,,
1,7077888,0.29562782240100205,0.7555137695744634,0.003652379158097574,0.16573265939950943,1.4781397264450788,0.006700621738673362,0.0015783611072492931,0.5760439999867231,-0.30222796474117786,-0.009662595589361445,0.5561476168222725,-0.4424763056449592,0.04927171743474901,0.2956300729420036,0.7555137695744634,0.003652379158097574,0.16573083505500108,1.4781397264450788,0.006700621738673362,0.08394315943587571,0.11548206629231572,0.02560908443410881,0.4625924009596929,0.12293338711606339,0.015010579940280877,0.1214364274928812,0.2750979913107585,1.4437130787409842,124.75311377644539,0.0,0.5599499002564698,33.004890248179436,6.726184798289125e-05,2.7974209375679493,31.873055309057236,0.00012947430618748257,5.101642031222582,0.012422849031281658,-0.06536085857078433,0.18893235153518617,1.0,,,,
1,7143424,0.27028153697028756,0.768325524404645,0.00261496698180963,0.18532264395616949,1.5826104125007987,0.006588239917618921,-0.002723603572576394,0.5847334422869608,-0.4877243333030492,-0.0099102556850994,0.5439340695738792,-0.44745057611726224,0.0813254842069,0.27028153697028756,0.768325524404645,0.00261496698180963,0.18532264395616949,1.5826104125007987,0.006588239917618921,0.09522922657197341,0.1280272847507149,0.028107860227464698,0.5479036455508322,0.07658024370903149,0.017286991685978137,0.07570526747440454,0.18473942298442125,1.529165081679821,97.79882383346558,0.0,0.9869323400780559,40.670330956578255,8.403040068638568e-05,4.123474296182394,31.19812798500061,0.000166630811227364,4.743295803666115,0.01923577689740341,-0.07304795039817691,0.18886987655423582,1.0,,,,
1,7208960,0.2827109310310334,0.7958173267543316,0.0032400357001733937,0.17147619306342676,1.499454075936228,0.0067823909639628255,-0.0020430319605111436,0.372627334902063,-0.47800616500899196,-0.011756394467738573,0.6436007916927338,-0.4707995797507465,0.08941807138035074,0.28276377473957837,0.8188217314891517,0.0032400357001733937,0.17156502063153312,1.5344298197887838,0.0067823909639628255,0.08842823357554153,0.11832665360998362,0.02723129048536066,0.5087475520558655,0.10540580581437098,0.01610734854330076,0.10456684610107914,0.23895344175980426,1.714892779942602,109.15515826642513,0.0,0.946654861792922,31.39171114563942,7.148096617504152e-05,3.6132556842640042,37.06566692888737,0.0001578834420534747,4.978675868362188,0.017078748453059234,-0.06960058864206076,0.2970609873300418,1.0,,,,
1,7274496,0.2783152338815853,0.7955628922209144,0.004183204904165905,0.17921812238637358,1.5820103357546031,0.008098196249193279,-0.0006377177219292207,0.4458977901376784,-0.4792295361403376,-0.0006749672465957701,0.5764656031969935,-0.4302003341726959,0.07650983450002968,0.2783128757728264,0.7955628922209144,0.004183204904165905,0.17921813938301057,1.5820103357546031,0.008098196249193279,0.09001335699576885,0.1257694613886997,0.02749426249647513,0.5538359398487955,0.08959908853285015,0.016302990858093835,0.08878662818460725,0.20492399885552004,1.5721080228686333,75.33076396584511,0.0,0.9003076204098761,28.353060841560364,7.9816097336316e-05,3.8016898538917303,33.02904637157917,0.0001420505340670175,4.800557803362608,0.017499980931461323,-0.06761863734573126,0.20893343340139836,1.0,,,,
1,7340032,0.2737552677281201,0.7629738887771964,0.004155354234399056,0.1789198387414217,1.4975406345911324,0.007988422724338307,0.003057777797948802,0.4023032078985125,-0.39051182894036174,-0.014652840167400427,0.5230893464758992,-0.43458674708381295,0.14007715359912254,0.27375576947815716,0.7629738887771964,0.004155354234399056,0.17891090596094728,1.4975406345911324,0.007988422724338307,0.08957563457079232,0.12606179300928488,0.027022597249015234,0.505973280291073,0.07545007159933448,0.01592556141258683,0.07284109087777324,0.1752295044134371,2.0677149780094624,134.70117664337158,0.0,0.7960400260053575,24.189468100667,9.990436296591909e-05,3.7460826337337494,29.98697057366371,0.00018431350047043438,4.785372123122215,0.01597829496313352,-0.06959702190943062,0.21671042521484196,1.0,,,,
1,7405568,0.11119727256164576,0.6676556625713905,0.008676018864838018,0.062083833453555906,0.961006262153387,0.0032810549375547754,0.000893275415640081,0.1568498734207242,-0.07262534139673031,-0.0013374319081762565,0.48035307011518547,-0.3057301877074254,0.06699991216262181,0.2976417145691812,0.7897630310617387,0.0046639686283924675,0.16509475011844188,1.4255645261146128,0.007313768395761144,0.08350905298721045,0.11486101831542328,0.025594144404749386,0.4690417452948168,0.11681635430431925,0.014954225087421946,0.11635749248671345,0.2615654398687184,1.1035003354772925,52.54117103666067,0.0,0.6017212062142789,26.03372846543789,8.712328018223303e-05,2.9736204613000154,30.54702341556549,0.00014389614463894418,5.045590061694384,0.013550114730605856,-0.06637494172900915,0.21127953729592264,1.0,,,,
1,7471104,0.31134533474687487,0.7981328526511788,0.0042995643348149315,0.16638997965492308,1.441323642153293,0.007088860692419985,0.00093520071874309,0.3028567258734256,-0.3294774441746995,0.0024986148662264895,0.5483671217225492,-0.29636935924645513,0.009620890021324158,0.13048865204937868,0.6802317772778761,0.00825419192218519,0.07213743790669973,1.0073019132377155,0.0036480723597104585,0.04292809560401253,0.04338003192461623,0.01390429040072037,0.2540875523665314,0.1074010767447636,0.0065247482493595525,0.10733277255726041,0.6953653643940048,0.3620856455246727,14.19302552188354,0.0,0.14301459616714954,10.488211328399379,4.2654995073639354e-05,1.5807669223023224,27.968638986225677,6.226370729523793e-05,4.874347758580403,0.005530064462892555,-0.05650010200060276,0.1654060755867556,1.0,,,,
1,7536640,0.27534007537178695,0.7536733997985721,0.0007513497894251486,0.17344616958871484,1.4578902092762291,0.005107259788019292,0.000861727878259444,0.3985509055200964,-0.4748395688366145,-0.0019537441219199536,0.511487481649965,-0.3412898986134678,0.1368232001841534,0.275344698689878,0.7536733997985721,0.0007513497894251486,0.1734441528096795,1.4578902092762291,0.005107259788019292,0.08751058974303305,0.12164025771198794,0.026902612415142357,0.4969257751945406,0.07060024022939615,0.01566511733835796,0.0690999650687445,0.16968405627994798,1.6147623187862337,92.53783509135246,0.0,0.8028174862265587,27.73602221906185,6.181714323760801e-05,3.284863792359829,29.306074261665344,3.9661144614733246e-05,4.753634117543697,0.01648721959645627,-0.07862188178114593,0.20453378011006862,1.0,,,,
1,7602176,0.2988771718228236,0.7673267261125147,0.003845034512892198,0.16415019403211772,1.4248739201575518,0.00611660288427629,0.0006316577147345015,0.35566539713181555,-0.3386338517302647,-0.0018343038677812729,0.5261187108699232,-0.36088207038119435,0.07779978169128299,0.298892889986746,0.7673267261125147,0.003845034512892198,0.16414828307460994,1.4248739201575518,0.00611660288427629,0.08295112935593352,0.11440188717097044,0.025519042275846004,0.4529601112008095,0.12407029430323746,0.014811239270784426,0.12226423884567339,0.27124510071007535,1.4537158785387874,144.65805745124817,0.0,0.4769988623447716,22.01870935410261,7.425807162642073e-05,2.8302595280110836,30.144381925463676,0.00010284287137507508,5.093745402991772,0.012223810495925136,-0.06456452631391585,0.1842925240052864,1.0,,,,
1,7667712,0.26394596428144723,0.7651602872647345,0.0035067108669863956,0.1833061147481203,1.5204376531764865,0.006684932070129435,-0.0012753739899835637,0.3870603709947318,-0.39430594840086997,-0.02296222130462411,0.5279565048404038,-0.5441149156540632,0.14167999195342418,0.2639487601118162,0.7651602872647345,0.0035067108669863956,0.18330466595944017,1.5204376531764865,0.006684932070129435,0.08747886371565983,0.1316923656850122,0.02774973319901619,0.5299242881592363,0.09423308024997823,0.015427446247485932,0.09314280591206625,0.2275417372584343,1.5631642621010542,69.68647836148739,0.0,0.6225010759662837,25.35332889854908,7.947943772013133e-05,4.291990926489234,31.79989702999592,0.0001321486495307056,4.7103776298463345,0.017264908965444192,-0.0706881599035114,0.20439021731726825,1.0,,,,
1,7733248,0.2787849942687899,0.738710175268352,0.0006308634553420234,0.16771035391138867,1.478030444122851,0.0018954373836095328,-0.000641617354290247,0.4843625572975725,-0.2988786918576807,-0.024154205464583356,0.5803412990644574,-0.4846688387915492,0.08600043688784353,0.27883672260213643,0.7452993337064981,0.0006308634553420234,0.16774017683928832,1.4912371966056526,0.0018954373836095328,0.08444880484603345,0.11664412479149178,0.027122942585265264,0.4979843747569248,0.11129278209409676,0.01490651771746343,0.10665656655328348,0.25091953654191457,2.6172838676720858,148.24193167686462,0.0,0.6820114315487444,28.291384115815163,8.244071833241051e-05,3.997484317049384,33.36958871781826,3.464593613822231e-05,4.897331569343805,0.015645763254724443,-0.07272181776352227,0.23102112882770598,1.0,,,,
1,7798784,0.28246788296382874,0.7912590922787786,0.0012956691471117665,0.17242813936900347,1.498011046089232,0.0037423456203669048,-0.003873586151712516,0.3184936133911833,-0.4808154311031103,-0.009209842392010614,0.5058177693281323,-0.43681312911212444,0.07273068063659593,0.2824781519593671,0.7912590922787786,0.0012956691471117665,0.17242485540919006,1.498011046089232,0.0037423456203669048,0.08566575846634805,0.12170007039094344,0.02623475415748544,0.4737937047611922,0.09010929623036645,0.015121133386855945,0.08881395295611583,0.20751034055138007,1.5366815710440278,84.51026758551598,0.0,0.6572921944316477,28.851508110761642,6.142914702511604e-05,3.341655107215047,29.01027511060238,8.684631234379125e-05,4.8004630990326405,0.015534467223915271,-0.07222724193707108,0.21656396053731441,1.0,,,,
1,7864320,0.2568494202569127,0.72467295313254,0.0012462765008649512,0.17964166565798223,1.504953019786626,0.005741165615290811,-0.003669005264328007,0.35887503146659583,-0.5377840669825673,-0.028691447761957534,0.5252616063226014,-0.42646770062856376,0.13302687817486003,0.2568836298305541,0.7308687167242169,0.0012462765008649512,0.17967209266498685,1.510664025787264,0.005741165615290811,0.08562925149453804,0.12929413811070845,0.02760421670973301,0.5368433927651495,0.07928353801253252,0.014951485245546792,0.07623475530999713,0.19888533191988245,2.30322044249624,145.6667554974556,0.0,0.7328398185782135,32.19553288817406,6.869945244059039e-05,3.9999147187918425,30.17151114344597,0.00018601644929994166,4.753032684326172,0.0162886749531026,-0.07262269547209144,0.2711451733484864,1.0,,,,
1,7929856,0.11408225549928223,0.6547009303669135,0.009977014322806402,0.06744370960630477,0.9449556346610188,0.003762238349809195,0.0014645055250881948,0.2374728359891257,-0.054926256190689554,-0.010583255186761183,0.4796548297701035,-0.4016439751422634,0.07388953650991122,0.2914632416795939,0.7747692279517651,0.0025208296538039576,0.17551413411274552,1.5247722514905035,0.006847792098596983,0.08955776010407135,0.12182068295078352,0.02668729145079851,0.4977328577078879,0.12394830514676869,0.016239204633166082,0.12335483913193457,0.2783667457406409,1.233957175631076,78.4799740165472,0.0,0.6983265599701554,25.186923682689667,8.191652748074096e-05,3.3994000665843487,29.849999636411667,0.00014089883310705598,4.986497979611158,0.0142353991541313,-0.07522867852821946,0.2016030412632972,1.0,,,,
1,7995392,0.3037982014939189,0.7810270306654274,0.00428746440741179,0.16404424392385408,1.4476318387314677,0.007239593304802838,4.82569821542711e-05,0.3274499954422936,-0.26401447396347066,-0.008735543145121483,0.5099129111040384,-0.38742316234856844,0.007819267455488443,0.13237037064426252,0.6668769400342401,0.009428623969515356,0.07675461395060172,0.9934063531256404,0.0040974050924591846,0.045326126749200904,0.04598167621185554,0.015675196664671535,0.2577717531730522,0.11036846968075345,0.006737792630734606,0.1100742532708612,0.6749563045878277,0.44085000229281296,30.288555650281754,0.0,0.1682522537562637,14.386986176606761,4.123374941794215e-05,1.892951612999657,27.743727801075902,7.197993637626815e-05,4.8320354909063825,0.005965702444729073,-0.05913274542215359,0.16460927877664924,1.0,,,,
1,8060928,0.2631774361943826,0.7576104388572276,0.0021413460331700662,0.18091228581033647,1.5777976387180388,0.004371576823359646,-0.0010940656720777042,0.38600225024856627,-0.46622295351698995,-0.021054339697002433,0.5298592045437545,-0.46018819930031896,0.11578408465720713,0.2632117720786482,0.7648470397107303,0.0021413460331700662,0.18095221428666264,1.5905187339521945,0.004371576823359646,0.08890292863361537,0.12861068919301033,0.027809257284388877,0.5572567202616483,0.0774253609997686,0.0156277248825063,0.07367310952395201,0.18633222600328736,2.2504943255335093,123.23565882444382,0.0,0.7907174844294786,28.386710315942764,6.529612996519774e-05,3.830132033675909,30.453951507806778,9.033783837054943e-05,4.693149723112583,0.01671426522807451,-0.07107529952190816,0.2439160633366555,1.0,,,,
1,8126464,0.29560430347919464,0.7704755389131606,0.0037076582987083384,0.1675215901923366,1.4428855460137129,0.007399523707135813,0.001440424810255081,0.394143900135532,-0.2599936875049025,-0.01812647325277794,0.5173734824638814,-0.4611287801526487,0.08790433569811285,0.2956354101188481,0.7704755389131606,0.0037076582987083384,0.16751750995172188,1.4428855460137129,0.007399523707135813,0.0846440784225706,0.11692284775199369,0.025686007778858766,0.4394229877507314,0.12488565337844193,0.015167774821748026,0.12243771448265761,0.27417972015973646,1.6704297475516796,131.8769311606884,0.0,0.5553272750694305,22.755475491285324,7.76408733695888e-05,3.1772397086024284,29.681838884949684,0.0001503048155933051,5.038694564253092,0.013555919435020769,-0.06696112197823822,0.19297425996046513,1.0,,,,
1,8192000,0.2693142726784572,0.7738228794187307,0.0015866438673128869,0.1771293105557561,1.4754999857395887,0.005889717701393238,-0.0006247167848414392,0.3896886659786105,-0.3807347941910848,-0.013799105854559457,0.5434231720864773,-0.4880010427441448,0.12802780751371756,0.2693152850260958,0.7738228794187307,0.0015866438673128869,0.17712890135589987,1.4754999857395887,0.005889717701393238,0.08685297437477857,0.1259216515463777,0.027193712769076228,0.48754289106000215,0.08146726622362621,0.015497455489821732,0.08020541732548736,0.1929586666810792,1.5970035111531615,98.98476842045784,0.0,0.7029517167247832,25.974758565425873,6.11509855008574e-05,4.0250190906226635,31.25670786201954,0.00011671600912022129,4.742147494107485,0.01871077882242389,-0.07253067521378398,0.19597414112649858,1.0,,,,
1,8257536,0.2813307576579973,0.7336761923506856,0.002800601661078872,0.16009355802088976,1.391298842150718,0.004673908328186371,0.0017876593501569005,0.44245797861367464,-0.29929046414326876,-0.022257837827055482,0.5183046772144735,-0.47826290037482977,0.07781945550232194,0.2813393981195986,0.7362516047433019,0.002800601661078872,0.16014006827026606,1.4086183230392635,0.004673908328186371,0.08001011842861772,0.11204643227392808,0.025984813953982666,0.49459767376538366,0.10545003085280769,0.014131162351986859,0.1043336437724065,0.23850606114137918,1.6130874557420611,84.53827753663063,0.0,0.5627146130427718,25.876039370894432,6.308631491125372e-05,3.3580611469224095,30.65332731604576,9.828207156736823e-05,4.988934971392155,0.01392312761163339,-0.07114502927288413,0.2371509417425841,1.0,,,,
1,8323072,0.2788455013651401,0.8286169157363474,0.0038040401943817415,0.17203983257059008,1.5800713174976408,0.006705944517989337,0.003125282269593299,0.4073789715766907,-0.33533977426122874,-0.00997978219675133,0.5392821258865297,-0.4565069046802819,0.0753943397430703,0.2789114029146731,0.8535419823601842,0.0038040401943817415,0.17207825125660747,1.5877763931639493,0.006705944517989337,0.08358725922880694,0.12276168767130002,0.02677392988698557,0.48347462981473655,0.0921865186537616,0.014797631280089263,0.09044846970937215,0.2163657347409753,1.7460019383579493,131.16242462396622,0.0,0.6229581360239536,25.982640385627747,7.63390008137188e-05,3.1815409623086452,33.246881514787674,0.00013332668555143812,4.77921412140131,0.014309078789665364,-0.07106240675784647,0.27770747314207256,1.0,,,,
1,8388608,0.2677754776086658,0.750837073661387,0.00035297637174380725,0.166775906807743,1.4874792462214828,0.001659287881579985,0.0016859196798577614,0.4235868793912232,-0.3516551648499444,-0.018158759608922992,0.5249966811388731,-0.8009267076849937,0.1242700227885507,0.2677850741893053,0.750837073661387,0.00035297637174380725,0.16677268291823566,1.4874792462214828,0.001659287881579985,0.08032742189243436,0.11842787318164483,0.027094108139863238,0.512132580508478,0.07476760807912797,0.014077939587878063,0.07280531158903614,0.18381303770001978,1.9316744897514582,123.70671781897545,0.0,0.5212136418558657,26.808563947677612,5.703182475746971e-05,3.363849265500903,45.889720648527145,3.588495131046088e-05,4.790925640612841,0.012740071288135368,-0.07283997419290245,0.19767130445688963,1.0,,,,
1,8454144,0.11420204515801743,0.6535882238547007,0.010311055239687145,0.06348561776181061,0.96437842939049,0.0034875720579051026,0.0015870527740681458,0.25565680693221415,-0.09239774334064957,-0.008538050004887054,0.47906218823622715,-0.4081185882837841,0.06578266024589538,0.2899920685449615,0.8019472314044833,0.0009059504886295144,0.16966062469873577,1.542265283409506,0.004711210527148069,0.08344969933386892,0.1203536661923863,0.0257393138599582,0.5169003491755575,0.12431215689866804,0.014816665279795416,0.12209689561859705,0.2846774144563824,1.450024492572993,112.6281518638134,0.0,0.4841996224131435,23.08649544417858,6.600933946510068e-05,3.0793991005048156,30.03416694700718,0.00011462909521720022,4.968846343457699,0.011638432446488878,-0.07269760663621128,0.30840575334150344,1.0,,,,
1,8519680,0.3092728795018047,0.7959239184856415,0.004704052847614548,0.16881101432954893,1.4509019069373608,0.007403653473375016,-0.002208887278356997,0.2094125199946575,-0.345229863505665,-0.0033277870852543856,0.5210701315663755,-0.41096373414620757,0.008064921712502837,0.13301142679277742,0.6673137064439705,0.009770621274186172,0.07363798123705818,1.0113769490384015,0.003865025688311841,0.04308356380045234,0.04473761988366135,0.014954832384604063,0.2677153394086264,0.1100560103694583,0.006612969205977048,0.10939703009958121,0.598981413168339,0.5783412601484592,47.007404864429084,0.0,0.19302456330855838,15.382798843226025,4.431722584466246e-05,1.6875215361995135,27.775939923509146,5.9181479785410045e-05,4.834153307489602,0.00585974989205049,-0.05368318336914821,0.1666365317798343,1.0,,,,
1,8585216,0.2670026762643829,0.7463837214745581,0.00023354828667265792,0.17127855529543012,1.4676276887767017,0.0009633752828221986,-0.0012612231322322032,0.34312060638330877,-0.3727492819307372,-0.008140708986502432,0.5248285681009293,-0.45257157436572015,0.13289056468056515,0.2670068828156218,0.7463837214745581,0.00023354828667265792,0.1712748995050788,1.4676276887767017,0.0009633752828221986,0.08380252303322777,0.12115963269025087,0.027112969721201807,0.5403983051655814,0.0679932575148996,0.01478400767518906,0.06499378307489678,0.16491402112296782,2.2845455119386315,115.14430096745491,0.0,0.7109778420999646,22.911117255687714,5.205518814443977e-05,3.4099979531019926,30.157587006688118,4.4681899528609126e-05,4.690097078680992,0.014825220714556053,-0.07260003313422203,0.23307351768016815,1.0,,,,
1,8650752,0.2960505577502772,0.7876527030020952,0.003302933030454369,0.1651926605263725,1.491995948832482,0.004641382947738748,0.0019509482269768341,0.4364892188459635,-0.3124568446073681,-0.013222080597188324,0.47831921954639256,-0.46264639659784734,0.09798988723196089,0.296135495766066,0.8190791853703558,0.003302933030454369,0.1653373836306855,1.5477135400287807,0.004641382947738748,0.08320393893518485,0.11540887324372306,0.025970574162784033,0.5055164335062727,0.1268056250846712,0.014853765605948865,0.12581692190724425,0.28605554351815954,1.4679630026221275,103.12446592748165,0.0,0.5217950199730694,25.6047795265913,6.179062070676977e-05,2.800352431833744,30.137728571891785,9.001701560173991e-05,5.048392314463854,0.012162022358097602,-0.06970924977213144,0.29057352617383003,1.0,,,,
1,8716288,0.26821095240302384,0.7988249380141497,0.003247970759616692,0.181115640909411,1.564468220807612,0.00659328944061599,0.0034755626786591165,0.48179502761922777,-0.38592030154541135,-0.01585145558055956,0.5356645609717816,-0.4716731293592602,0.1331933771725744,0.26825284073129296,0.8133284840732813,0.003247970759616692,0.18119484360795468,1.5896978890523314,0.00659328944061599,0.08925009908853099,0.12846328067826107,0.02773750490450766,0.5350335892289877,0.0879787020967342,0.01579910387226846,0.08608644350897521,0.21085029043024406,1.8170316088944674,120.87215921282768,0.0,0.7062726397998631,28.446745187044144,8.933742598543626e-05,3.7705315090715885,31.72511649131775,0.00016067089729432382,4.7333620600402355,0.016689587399014272,-0.07125576306134462,0.2764795436523855,1.0,,,,
1,8781824,0.29255472507793456,0.7436443245969713,0.0024872864009921614,0.16776310035493225,1.4751368910074234,0.004563724927265866,-0.0006229784370361813,0.4347927792696282,-0.4199864878319204,-0.015959012431267183,0.486944698728621,-0.3942049297038466,0.09665093501098454,0.2925688036484644,0.7436443245969713,0.0024872864009921614,0.16776400082744658,1.4751368910074234,0.004563724927265866,0.08610825357027352,0.11600127368001267,0.026654971166863106,0.5084316034335643,0.10780792105651926,0.015325079082685988,0.10615140543086454,0.23808207944966853,1.7707542763091624,119.59866380691528,0.0,0.6187313599511981,25.56432554125786,7.112977526249446e-05,3.3280697762966156,28.030447646975517,0.00010068164492516019,4.95436043664813,0.013503891477739671,-0.07075506867840886,0.1996206771582365,1.0,,,,
1,8847360,0.2750299870967865,0.8061659908853471,0.003253520261750964,0.1828737361356616,1.6127602336928248,0.0071803958344389684,0.0009265624648833182,0.4371404959820211,-0.3855074071325362,-0.020052791922353208,0.49980334285646677,-0.48867965023964643,0.16000823088688776,0.2750359596684575,0.8061659908853471,0.003253520261750964,0.18287379934918135,1.6127602336928248,0.007176980314397952,0.09017824620241299,0.12946928513702005,0.02769384217390325,0.5441691075684503,0.10731444047996774,0.01593910579686053,0.10595131950685754,0.25547377939801663,1.478253253735602,95.3920643478632,0.0,0.8270995016209781,26.09739412367344,8.605882154455458e-05,3.9023968018591404,30.014893352985382,0.0001494208003132158,4.710214667022228,0.017051477159839123,-0.07149507920257747,0.23332482518162578,1.0,,,,
1,8912896,0.25669061194639653,0.7588325361721218,0.002997887178480596,0.1774914050474763,1.477229638490826,0.007012104988461942,-0.0006859582865672564,0.4446224058046937,-0.6324082142673433,-0.03065907621930819,0.5414302092976868,-0.6729960686061531,0.12275257799774408,0.2566961267730221,0.7588325361721218,0.002997887178480596,0.17749215161893517,1.477229638490826,0.007012104988461942,0.08324934396659955,0.12801413418492302,0.02849220996722579,0.49472905439324677,0.08061805320903659,0.01418794818164315,0.07859911347622983,0.2084606439457275,1.810459729284048,106.77062422037125,0.0,0.8708139038644731,36.25431081652641,8.716804317909777e-05,4.078116165474057,39.587089627981186,0.00012160894053037108,4.706603914499283,0.01526880122401053,-0.07066504331305623,0.2065293095074594,1.0,,,,
1,8978432,0.12312927970197052,0.7192086566239595,0.010569700962247831,0.0737133748208483,1.2077308192849159,0.0038504427457034278,0.0009686046647004787,0.25419625696861964,-0.21772010901089137,-0.01538041077127995,0.47250744418056756,-0.42867898181313646,0.09252328316370646,0.2931295733433217,0.802067581564188,0.0010702133912445788,0.1651885593892075,1.5961866569705307,0.0065641977735140244,0.07969270015018992,0.11808065802324563,0.025061799969989806,0.4769923840649426,0.12160197095363401,0.013797912550217006,0.11889007031277288,0.27331075066467747,1.711961666122079,132.70519477128983,0.0,0.4280655577313155,23.013466864824295,7.378522901646534e-05,3.156306803226471,31.380040258169174,3.1282944782804606e-05,4.936798416078091,0.011404457847675076,-0.0726291046012193,0.23780858982354403,1.0,,,,
1,9043968,0.307488409569487,0.7873094156384468,0.0030994214830570854,0.1632218265440315,1.5072260173037648,0.00534668497812163,0.0025408774899915443,0.3808799593243748,-0.14991642082168255,-0.010447687138366746,0.49511003214865923,-0.36635046754963696,0.031044724630191922,0.14091237901334078,0.7257740798080901,0.009849674024494506,0.08234101886221443,1.2365978263228772,0.0039946588644907246,0.04692194185848067,0.05020397627959028,0.01757440902362858,0.30167370701365803,0.11842396543575143,0.007048342710414183,0.11732674819849997,0.6125076246287966,0.6684377855475409,57.84398631191622,0.0,0.1886156380046103,18.13708787137665,3.944808793192094e-05,1.9429140729599643,27.74488811593514,6.705821866143838e-05,4.792172033384622,0.0061173630733555254,-0.062468972101987125,0.17498025049017854,1.0,,,,
1,9109504,0.26327384705655277,0.7422519489191473,0.00037601614019422414,0.17134998505935073,1.4570317496545613,0.002474628470395146,0.0015211468316920218,0.4493872867897153,-0.28723082737997174,-0.021666857472155243,0.547857821919024,-0.43698578514158726,0.17475114518310875,0.2632843453902751,0.7422519489191473,0.00037601614019422414,0.17134466662537307,1.4570317496545613,0.002474628470395146,0.0816450982238166,0.12274303787853569,0.026972966923494823,0.4905805311864242,0.06870693128439598,0.014241914970625658,0.06693321376224048,0.17146400158526376,1.7605150509625673,104.4055757522583,0.0,0.55204600491561,25.86624462902546,3.8489564207377924e-05,3.6256933864206076,31.45208451151848,3.337211982001875e-05,4.757024630904198,0.01393400030065095,-0.072616346180439,0.19868632801808417,1.0,,,,
1,9175040,0.29728138784412295,0.7908981628715992,0.0008999240595244373,0.16986746265320107,1.5319148018024862,0.0030019430273569014,-0.0004584426153542154,0.29921091435244307,-0.3112842208938673,-0.019331438510562293,0.48777940566651523,-0.47926318389363587,0.1076330243377015,0.29729544383008033,0.7908981628715992,0.0008999240595244373,0.16986232058843598,1.5319148018024862,0.0030019430273569014,0.08204134838888422,0.12135938688879833,0.0258160629455233,0.4716833936981857,0.13271636687932187,0.014273504595621489,0.1308356193403597,0.291576616189559,1.4339102958329022,105.33399920910597,0.0,0.48119081382174045,18.934858076274395,5.5518351025352075e-05,3.1765304431319237,29.49587708711624,3.899270888751971e-05,4.986182119697332,0.012943403155077249,-0.07222648174501956,0.18873547529801726,1.0,,,,
1,9240576,0.2710963450372219,0.7606425317935646,0.0015743048563763296,0.16904433153104037,1.446533776819706,0.003720682038419909,0.001566271928822971,0.30218719237018377,-0.34344142698682845,-0.01668430482459371,0.5198798757046461,-0.46889137872494757,0.13454663018637802,0.2710963450372219,0.7606425317935646,0.0015743048563763296,0.16904433153104037,1.446533776819706,0.003720682038419909,0.08021950587863103,0.12156721879728138,0.026296630341676064,0.468445134232752,0.0826685706852004,0.013749483114224859,0.08151303936028853,0.2025581464113202,1.400531961582601,76.36150285601616,0.0,0.4971753542777151,20.29483635723591,7.542234891388944e-05,3.082571169361472,30.550529822707176,6.691244160411669e-05,4.7771689258515835,0.012152456358307973,-0.07202023104764521,0.20076060062274337,1.0,,,,
1,9306112,0.28500317013822496,0.7611249648034573,0.0030934937440179056,0.15947859542211518,1.5326177044771612,0.00613497433187149,0.0010431163750581618,0.24926770478487015,-0.32779260037932545,-0.006141015299363062,0.5328253137413412,-0.3558912572916597,0.08607949037104845,0.28503012796863914,0.7673353520222008,0.0030934937440179056,0.1595505042350851,1.5513739823363721,0.00613497433187149,0.07640879153041169,0.11408813169691712,0.02568926008825656,0.5523402208928019,0.09662876477523241,0.013306289445608854,0.09539836803742219,0.2208083170989994,1.5254745339043438,122.28419125080109,0.0,0.3489420001860708,21.515816308557987,7.271322678370495e-05,2.707909190095961,30.573479667305946,0.00013521819610806673,4.976040866225958,0.010420105794764822,-0.06397061585448682,0.23013064078986645,1.0,,,,
1,9371648,0.2732112534577027,0.782972248736769,0.003935468706913525,0.17985912156291306,1.5411587045527995,0.007538199127338885,-0.0007347817779645993,0.2887951150769368,-0.36628096690401435,-0.012554163515687833,0.5543712927028537,-0.4103754861280322,0.10585497377905995,0.2732159578008577,0.782972248736769,0.003935468706913525,0.17985859408508986,1.5411587045527995,0.007538199127338885,0.08370863436721265,0.1308651039726101,0.026805792163941078,0.5007933020824566,0.10750836983788759,0.014333291408547666,0.10670222310000099,0.262185993604362,1.2707883454859257,105.99501657485962,0.0,0.5280134119093418,22.161461412906647,7.986374076107694e-05,3.5799328088760376,31.763135731220245,0.0001614810251631127,4.779063675552607,0.013995060289744288,-0.0665880658198148,0.201523570693098,1.0,,,,
1,9437184,0.26329796633217484,0.7652962957508862,0.0036246730878701783,0.17184691620059311,1.5481066885404289,0.007581884226965485,0.00130292727521919,0.3231936066877097,-0.3418093593791127,-0.023740410324535333,0.5354613200761378,-0.4696525037288666,0.15552018908783793,0.26331373245920986,0.7652962957508862,0.0036246730878701783,0.17184526601340622,1.5481066885404289,0.007581884226965485,0.08062385499943048,0.12414053623797372,0.027071845033788122,0.4695163056021556,0.0798741587495897,0.013789249082037713,0.07658694130077492,0.1897004228667356,1.7427747389301658,148.15976685285568,0.0,0.5359079570043832,20.699386164546013,7.967026217814421e-05,3.74233085103333,30.71804888546467,0.00014176501106488715,4.741117801517248,0.014155803990433924,-0.06987648783251643,0.2008925979025662,1.0,,,,
1,9502720,0.11042825913211951,0.6672442725424965,0.009829047991576467,0.06096665767642359,1.0015655270963908,0.0032632743175903065,-5.306985799127991e-05,0.05016821214754601,-0.06598929971155787,0.003152202863113871,0.4529335756221553,-0.2524327285302085,0.06954054703315099,0.287128719384782,0.7609055773355067,0.002633329988270816,0.1665877583436668,1.4538348596543074,0.006531209589411446,0.08103303902316839,0.11888252897188067,0.025414734773221426,0.47670262784231454,0.11170498795399908,0.014197344135027379,0.11082760580757167,0.2600130636419635,0.9869742374867201,61.04421115666628,0.0,0.5136361112818122,24.37163831293583,7.312411168269861e-05,2.9397532250732183,30.39863656461239,0.00010502598547268427,4.995820220559835,0.01182988028449472,-0.07193763321265578,0.19422774808481336,1.0,,,,
1,9568256,0.31734988233074546,0.803115860093385,0.005196321772928059,0.1518042359384708,1.4472766304388642,0.007178142319389735,-0.0002595931065059176,0.20221253456475097,-0.191344226252113,0.0028982421645196155,0.5173041217494756,-0.3361573399743065,0.013852849137037992,0.13037251197054128,0.6803403291739074,0.009382520163273008,0.06972208690650043,1.0445256334426531,0.0036406109924625404,0.0395100855700537,0.04336071754974055,0.014340998229699725,0.23182629366652166,0.10499371327746468,0.006054021354101273,0.10494715886061495,0.5070380224158682,0.3491090854955276,10.594302034527288,0.0,0.06333465987419519,5.625508122429454,3.639161579419984e-05,1.1688532379304384,26.40519258740403,5.3619471879900724e-05,4.893588578126517,0.00355256387073419,-0.06403559586594262,0.15328319609187632,1.0,,,,
1,9633792,0.25203523831442,0.7475180686451495,0.0008018524338808675,0.1889535158406943,1.5556744285859168,0.003462909137851966,0.0005391842576045747,0.3321058376459405,-0.32248630083631724,-0.03424005338956704,0.5151613261550665,-0.48949510836973786,0.15778385184239596,0.2520357919856906,0.7475180686451495,0.0008018524338808675,0.18894920265302062,1.5556744285859168,0.003462909137851966,0.08517726644640788,0.14000947680324316,0.027610741381067783,0.5530349630862474,0.07979536375205498,0.014449850321398117,0.07802793421433307,0.20967623428441584,1.6464912528172135,101.088274538517,0.0,0.5565124079585075,21.597388722002506,5.1993142908990375e-05,3.880819819867611,29.900129854679108,4.009866112458793e-05,4.6870055720210075,0.016156420664628968,-0.07216439372859895,0.20154360076412559,1.0,,,,
1,9699328,0.29493064526468515,0.8024291316978633,0.00048039652654097154,0.1631103487452492,1.546619659755379,0.003329715712879988,0.0016206064838115708,0.3538142052711919,-0.2518270271830261,-0.021705125152948312,0.523204886354506,-0.4492842755280435,0.0713173768017441,0.2949274048442021,0.8024291316978633,0.00048039652654097154,0.16311022045556456,1.546619659755379,0.003329715712879988,0.08020278485491872,0.11511790804797783,0.025466344610322267,0.4865158668253571,0.12726644468057202,0.014071884281293023,0.12622406027367106,0.28206139963003807,1.2449962231330574,88.50777937471867,0.0,0.4262233778135851,20.92935185134411,3.834420731774202e-05,3.1550575736910105,29.992724806070328,5.311855446089864e-05,5.027057401835918,0.012471740257751662,-0.0726000047288835,0.2870080496650189,1.0,,,,
1,9764864,0.26681222510524094,0.7715767528861761,0.0032369910135230384,0.17197654664050788,1.5392154585570097,0.006153764513783244,-5.3411640262623905e-05,0.37710040691308677,-0.3414813559502363,-0.015059120749356225,0.52637376380153,-0.41042870725505054,0.13000508304685354,0.2668240729253739,0.7715767528861761,0.0032369910135230384,0.17197156231850386,1.5392154585570097,0.006153764513783244,0.081857783079613,0.12378025730140507,0.026394258180516772,0.5033213706919923,0.08350592877832241,0.014137219171971083,0.08196318871341646,0.19980742665939033,1.4284875504672527,83.77489960193634,0.0,0.5125979501754045,22.482045203447342,6.930183460074346e-05,3.289065869525075,30.158995419740677,0.00013003762820562592,4.783689148724079,0.01449050765222637,-0.0646167523227632,0.21107868617400527,1.0,,,,
1,9830400,0.2856506956741214,0.7605478456243873,0.0035964378475910053,0.1633589252596721,1.5130615406669676,0.007377089688816341,-0.0002277539658734895,0.31173079198924825,-0.50038359221071,-0.019119014519674238,0.5303082386963069,-0.4088452639989555,0.07074511796236038,0.28567997249774635,0.7718663280829787,0.0035964378475910053,0.16340878966730088,1.53313132468611,0.007377089688816341,0.07906695263227448,0.11607194651151076,0.026266553002642468,0.4903592609334737,0.1102090323183802,0.013647666681208648,0.10830036709376145,0.2525078697653953,1.7356805396266282,123.62000948190689,0.0,0.40145222865976393,30.08714085072279,8.620763505096107e-05,2.9553929939866066,30.444740921258926,0.00012689722193570674,4.928324207663536,0.011766311119572492,-0.06513881939463317,0.2480458866339177,1.0,,,,
1,9895936,0.27594904170837253,0.7930899495258927,0.0007932946281243858,0.16791841166559607,1.5485622864216566,0.004258853223745973,0.0003331439017983939,0.3392018139711581,-0.3849672219948843,-0.013418724123766879,0.5334859357681125,-0.4120342726819217,0.13512691156938672,0.275960361934267,0.7930899495258927,0.0007932946281243858,0.16791763808578253,1.5485622864216566,0.004258853223745973,0.08169391332194209,0.11965067236451432,0.025862362948828377,0.48332093353383243,0.09771671329508536,0.014253360364818946,0.0953540945192799,0.22837301710387692,1.7445316184312105,132.47299879789352,0.0,0.47862428321968764,24.572575122117996,5.9855187177548785e-05,3.277663016691804,30.56649287045002,9.198725126924323e-05,4.756345741450787,0.013659220188856125,-0.0727458531036973,0.20372897328343242,1.0,,,,
1,9961472,0.2598375950474292,0.7566758678294718,0.0008041873160209434,0.1650392992887646,1.434215929824859,0.0027291553155919246,-0.0005095960563323843,0.24771292821969837,-0.25395360321272165,-0.024303500322275795,0.5306148454546928,-0.41574700735509396,0.10666112531907856,0.2598505965434015,0.7566758678294718,0.0008041873160209434,0.16503353184089065,1.434215929824859,0.0027291553155919246,0.07760101929306984,0.1190129806054756,0.026589172615786083,0.49368663073983043,0.07180645354674198,0.01339173821179429,0.06954931360087357,0.17541448504198343,1.7721873996779323,110.47590014338493,0.0,0.3998126450460404,15.508890077471733,5.513657903488678e-05,3.3033604584634304,30.40199163556099,5.812902108903728e-05,4.7644559144973755,0.012462033235351555,-0.07246156828477979,0.18755468004383147,1.0,,,,
1,10027008,0.11492544098757207,0.6952149399990837,0.009893002225532351,0.06591739121203621,1.0060378776614864,0.0034904827087787757,0.001167531549114642,0.1729446603054142,-0.03604129202756061,-0.0007858923344953913,0.4792600290116873,-0.257869380441795,0.07134290655454,0.28481330478098243,0.7867338755168021,0.0030005064023725936,0.1695776940905489,1.4824956813827157,0.006446897203204571,0.08025004947558045,0.12225277617108077,0.025680452716187574,0.46045706793665886,0.12907947183703072,0.013790834622341208,0.12838813179405406,0.303759258473292,1.1366469962522388,70.81044305860996,0.0,0.4345419730525464,22.488994635641575,6.832112663168743e-05,3.026841664686799,30.190480157732964,0.00013778303305178596,4.92660566046834,0.012001983621303225,-0.07119509857147932,0.20593534829095006,1.0,,,,
1,10092544,0.3094431028002873,0.7897705417126417,0.004825603682547808,0.17261772498022765,1.472810881678015,0.007177522385973134,0.00027446878681303133,0.20349189144326374,-0.2653150234473287,-0.0015542828650723095,0.5374576179310679,-0.3389551624422893,0.01432189904153347,0.13367413128277353,0.7043287329353303,0.009404578269582034,0.0762017607318619,1.0510280467233206,0.003845860027062569,0.04452374217195818,0.046066181922853215,0.015455594369776952,0.26705377219042864,0.10922927512676478,0.006593794960785287,0.10916123009922897,0.5344898004741591,0.41021635051233224,9.96413325834795,0.0,0.1260937981960414,10.5814930930038,3.924860683125435e-05,1.4844611941332542,27.84252674995181,7.375791100210869e-05,4.863181676132133,0.005003455295783246,-0.05444752398025559,0.17131398762969008,1.0,,,,
1,10158080,0.27601883211173117,0.7773997928015888,0.0021082091454900365,0.17350256943609565,1.5833293767645955,0.006110991906552954,0.0010887493408517912,0.4447113103233278,-0.36756299377884716,0.00216156502983722,0.5550235682167113,-0.4528570424299687,0.12457480153534561,0.2760335635393858,0.7773997928015888,0.0021082091454900365,0.1734956504078582,1.5833293767645955,0.006110991906552954,0.08774102386087179,0.1208438613684848,0.02721133895101957,0.5210304794600233,0.06311189362895675,0.015346348503953777,0.060306646206299774,0.14767909317743033,1.7480171453207731,129.67309075593948,0.0,0.6894140965305269,26.252525568008423,6.556227905313294e-05,3.233428932726383,31.856676533818245,0.00013432988301190218,4.77349504083395,0.015492333535803482,-0.07145738764666021,0.19660963932983577,1.0,,,,
1,10223616,0.297305595013313,0.7705238121561706,0.0037308279363514885,0.16074905137065798,1.4154831185005605,0.007002789694979583,-0.0003319739680591738,0.26815849490230903,-0.36215228808578104,-0.005867374941772141,0.5098600897472352,-0.4141239756718278,0.075729307718575,0.2973100657109171,0.7705238121561706,0.0037308279363514885,0.16074712295085192,1.4154831185005605,0.007002789694979583,0.07903436222113669,0.11370224092388526,0.025004382128827274,0.4323325443547219,0.1253948399280489,0.013710287734284066,0.12365636804315727,0.28039726548740873,1.4846273646689951,149.49030381441116,0.0,0.3716116831637919,22.928430035710335,6.611622876739887e-05,2.4567619720473886,29.32401303946972,0.00013456110265153143,5.057330388575792,0.010322599599021487,-0.06463469169102609,0.1765568305272609,1.0,,,,
1,10289152,0.2757601449266076,0.7907063979655504,0.0028766602536052233,0.17831686977297068,1.6052706493064761,0.006518425863760058,-6.313607832453272e-05,0.26264563587028533,-0.42611841100733727,-0.006981619248108473,0.5659219087101519,-0.3877860130742192,0.11579910962609574,0.2758109411224723,0.8118939534761012,0.0028766602536052233,0.17836041713599116,1.6199624305590987,0.006518425863760058,0.08400913630612195,0.12923523323843256,0.02671843030839227,0.5279867536155507,0.08998837464605458,0.014387408693437465,0.08796958174207248,0.22072110488079488,1.5431838110089302,114.10778987407684,0.0,0.4942286484874785,25.63872267305851,7.527957149022768e-05,3.2233144510537386,32.55340015888214,0.00010031962413403761,4.754871036857367,0.01423654741665814,-0.07184173865243793,0.27496199624147266,1.0,,,,
1,10354688,0.2901082239113748,0.719895473215729,0.004195988904029946,0.15544565406162292,1.3572293492034078,0.007173600120950141,0.0010981300317212117,0.2150078672566451,-0.18691645230865106,-0.01074786284880247,0.5210755164735019,-0.3514482476748526,0.1163831990561448,0.290120551828295,0.719895473215729,0.004195988904029946,0.15544148138724267,1.3572293492034078,0.007173600120950141,0.07556382979964837,0.11011592822615057,0.025305299932369962,0.4346470724558458,0.10549939531483687,0.013041807251283899,0.10406670870725065,0.2425738375313813,1.4937487673014402,120.60622131824493,0.0,0.2853920594207011,12.920103315263987,7.259822335581312e-05,2.4454602291807532,29.855428278446198,0.0001402124238572,4.975258097052574,0.008916532588045811,-0.06998569844290614,0.18965555098839104,1.0,,,,
1,10420224,0.2844349869992584,0.8035393380559981,0.003972587895759716,0.15897085249889642,1.5795384021475911,0.0072391863131997525,-0.00010914403958395269,0.26162813347764313,-0.2088335402077064,-0.002032093012076075,0.561753916554153,-0.3006307960022241,0.13176822883542627,0.28443686896935105,0.8035393380559981,0.003972587895759716,0.15897000150289387,1.5795384021475911,0.0072391863131997525,0.07516719226259738,0.11417813063599169,0.025110647329711355,0.45832675171550363,0.09402132764807902,0.01283227149542654,0.09326150658307597,0.21812653390225023,1.2028926070779562,101.54862500727177,0.0,0.29994262498803437,15.466564506292343,7.287279903711585e-05,2.501489373855293,32.18612889945507,0.00010547609586275541,4.817797679454088,0.009462616708333371,-0.06930722598917782,0.19882773619610816,1.0,,,,
1,10485760,0.26674202596768737,0.7778496188111603,0.004125383401515137,0.15639283298514783,1.514948081690818,0.006871292275718588,-0.0004989343854049366,0.2785766280721873,-0.2531113378936425,-0.01305424426755053,0.5794347948394716,-0.3760085890535265,0.09414968080818653,0.26677556964568794,0.7821582704782486,0.004125383401515137,0.15646507847122848,1.527988698799163,0.006871292275718588,0.07390273653436452,0.11224222264718264,0.02577353776723612,0.5274481397354975,0.06445124710444361,0.012659402993449476,0.06243994120450225,0.15566665925143752,1.4216678608208895,103.02522888034582,0.0,0.32093190774321556,19.34230500459671,7.58827380251681e-05,2.5857676714658737,33.19916860759258,0.000112353211314975,4.7975966557860374,0.009528397866233718,-0.0679556701797992,0.29006198421120644,1.0,,,,
1,10551296,0.12035354720118145,0.7116021337608496,0.010469225630310271,0.06966491937016447,1.1163917665431895,0.0036792163081554464,0.0006844464459686606,0.28753549532814454,-0.1545812992072509,-0.01014418780931616,0.5041711159509334,-0.34271298541474,0.10411992048223814,0.2980269661638886,0.7812044047750533,0.004132918584218714,0.163056357356254,1.4887259965762496,0.0072215634336316725,0.07923875848064199,0.1159626700100489,0.02514141758729238,0.4715577333699912,0.12416522105922922,0.013693215645616874,0.12401681416667998,0.2845674510463141,0.8469080086797476,20.13099316507578,0.0,0.3329782059881836,15.275318078696728,6.597234264971163e-05,2.435530286282301,30.21863530576229,0.00012998785801698887,4.984591066837311,0.00941633577895118,-0.06559872208163142,0.17816897155717015,1.0,,,,
1,10616832,0.30478020024020225,0.7710473113693297,0.0031241745899706075,0.16353494784561917,1.4350451650097966,0.0053867189890297595,-0.00047997771582686255,0.21507061905867886,-0.2539483279688284,-0.012419250662787817,0.39638313924660906,-0.34570638998411596,0.014180369558744133,0.13813439020830914,0.7173317894339561,0.009761268903530546,0.07871295368657952,1.1471053471182844,0.0038437948798059826,0.04597557079978287,0.04733435162315033,0.01704957422797557,0.3162125539236579,0.11486348888488958,0.006929610487345763,0.11439113280699442,0.5772775019608797,0.6284050787967371,42.86958648356979,0.0,0.2142784560200231,17.0429051664282,3.87668833091273e-05,1.8207873234915244,28.825604024469428,6.092257594305737e-05,4.828894463289215,0.00516861697169917,-0.058773653895919584,0.159581886138767,1.0,,,,
1,10682368,0.25485691835638136,0.7933400254696608,0.00045270930729657266,0.18039362668059766,1.6887219692580402,0.002811023363165077,-0.001643877628964674,0.3071890571154654,-0.42298626992851496,-0.0269441011841991,0.5356703605502844,-0.4287931164726615,0.19848900608485565,0.2548723998479545,0.7952798823826015,0.00045270930729657266,0.18043160834349692,1.6996248695068061,0.002811023363165077,0.08092495397431776,0.13315399375278503,0.027806269194115885,0.5150217926129699,0.08448550556204282,0.013741867842327338,0.0817477484815754,0.21990599256241694,1.6196231255307794,127.11620652675629,0.0,0.5738470321521163,25.53671060502529,5.207735456114193e-05,3.663932044059038,30.691651314496994,3.5103980240203114e-05,4.690226189792156,0.012112746051570866,-0.07265747664496303,0.24137817579321563,1.0,,,,
1,10747904,0.28220113925635815,0.7294924608431756,0.003315505575756106,0.1649995325715281,1.4104431052692235,0.006033473082425189,0.0006061176450202765,0.2670642981538549,-0.23599199205636978,-0.023775437941367272,0.5091869286261499,-0.42075458844192326,0.08739767188671976,0.2822029258823022,0.7294924608431756,0.003315505575756106,0.16499672079226002,1.4104431052692235,0.006033473082425189,0.08122624954557978,0.1165039746556431,0.02588829112937674,0.4620218792697415,0.1163976607422228,0.014220316530554555,0.11583141575829359,0.26798025792231783,0.9576983591541648,60.264195524156094,0.0,0.37976554629858583,16.138134866952896,6.547937385770197e-05,2.8486788254231215,29.207609742879868,0.00010809890905738584,5.017934285104275,0.010083559653139673,-0.06737387902103364,0.1880561609286815,1.0,,,,
1,10813440,0.2774073244072497,0.7932040463201702,0.0040846788610906515,0.1690401704981923,1.6074460139498115,0.007326943372390815,0.0013435278380029558,0.2704634430119768,-0.19333088980056345,-0.010468488322658231,0.5247062966227531,-0.37508826283738017,0.16174403263721615,0.2774122122209519,0.7932040463201702,0.0040846788610906515,0.16903795348480344,1.6074460139498115,0.007326943372390815,0.08039978583110496,0.12190698191989213,0.025659403763711452,0.43689243448898196,0.09100968699203804,0.013736345412326045,0.08984929384314455,0.2151059346506372,1.1529722847044468,97.4502632766962,0.0,0.39704576367512345,15.541302107274532,8.559752637760099e-05,3.0176350735127926,30.06345658004284,0.0001189762294937502,4.795380260795355,0.012408879083523061,-0.06350656924769282,0.19644371373578906,1.0,,,,
1,10878976,0.27539934730157256,0.7452374314889312,0.0011850592978817076,0.16417300497414544,1.3665549596771598,0.004607624276559363,0.0010274341659624042,0.24801622109953314,-0.1998629750451073,-0.017434220975701464,0.538001149892807,-0.49809400737285614,0.09965988853946328,0.275403214385733,0.7452374314889312,0.0011850592978817076,0.16417136910604313,1.3665549596771598,0.004607624276559363,0.07571544832899235,0.11997731850715354,0.025334031699458137,0.4075152527075261,0.10728557578113396,0.01272580327349715,0.10711486999935005,0.2587135768844746,0.9767432133667171,24.171200022101402,0.0,0.2947465868201107,14.691289357841015,4.050726540949512e-05,2.6547759538516402,30.960024937987328,9.879852055938443e-05,4.9503918290138245,0.009850270682363771,-0.07214626157656312,0.18388947541825473,1.0,,,,
1,10944512,0.2823060960508883,0.8000516211614013,0.001564126680023037,0.16072137013543397,1.5813374510034919,0.004974626753210032,-0.00013885165566307478,0.20187216973863542,-0.20987878588493913,-0.009134730989899253,0.5444649693090469,-0.3853692798875272,0.13928287406452,0.28231087047606707,0.8000516211614013,0.001564126680023037,0.16071986523456872,1.5813374510034919,0.004974626753210032,0.0748931426787749,0.1163035036297515,0.02536642152699642,0.475103521021083,0.0905371778353583,0.012789983804395888,0.08966310360119678,0.2178760913084261,1.2237865272909403,106.18220815062523,0.0,0.28905116813257337,13.626104168593884,4.900226283877096e-05,2.397141369059682,31.195545211434364,0.00012968894963266697,4.830779284238815,0.009043920468684519,-0.07036169362254441,0.207618911517784,1.0,,,,
1,11010048,0.2569727626396343,0.7591750835999846,0.0038075019760981377,0.16356848506256938,1.4636342534795403,0.00676965846287203,-0.00041355266136378077,0.2396573512814939,-0.3404183491365984,-0.023424342754879035,0.5259631057269871,-0.41996311163529754,0.08931834599934518,0.2569911949103698,0.7623241022229195,0.0038075019760981377,0.1635980677092448,1.4698129836469889,0.00676965846287203,0.07499385211849585,0.11910928587894887,0.026053730951389298,0.46071864815894514,0.0718695483810734,0.012665105423366185,0.07101584345218726,0.1843774313456379,1.4352393178269267,123.39702609181404,0.0,0.34754665789660066,21.185615196824074,8.463782390755181e-05,2.873175441287458,30.253524154424667,0.00015859222138647766,4.799705035984516,0.010583800431049895,-0.0674710248131305,0.22940550046041608,1.0,,,,
1,11075584,0.11833162321243434,0.7149381529291471,0.008998188513099498,0.06222514063119888,0.9987205935517947,0.003363138831118704,0.0007297024007863228,0.16872566741372186,-0.0927323362484943,0.0005691706408557214,0.47243694608662434,-0.30086560965379855,0.09023253480593363,0.2823268754873425,0.779303730931133,0.0039084910383735405,0.17184867255855352,1.5437844996340573,0.00774445648312394,0.07972042157780379,0.1250748661113903,0.02618839436036069,0.48901575536001474,0.12758140539517626,0.01352024845982669,0.12505139043787494,0.29894390975823626,1.4064067676663399,128.23472353816032,0.0,0.36645282397512347,16.249025978147984,7.990528653589735e-05,2.9269382767379284,30.14128965139389,0.00012024206590410813,4.907812405377626,0.011236831851419993,-0.06530090048909187,0.20038399705663323,1.0,,,,
1,11141120,0.31615168997086585,0.8004115670919418,0.004275569600906692,0.16860595531761646,1.4574984717182815,0.006928196971784928,-0.001330866015933907,0.20285311218322022,-0.3294887463798659,-0.004008140791484038,0.540835423162207,-0.3268069277983159,0.033773676259443164,0.13739861759878919,0.7231765542942358,0.008542996328791757,0.07247871313109455,1.0429401480738658,0.003706758892869665,0.042122067141638374,0.044292618869803846,0.014676007047346064,0.24101237283391228,0.11029078421328099,0.006376004545368725,0.11023017605510681,0.46453176289050824,0.3917447898020766,13.986398853451373,0.0,0.12948766544654808,11.49041723162048,3.546180174655571e-05,1.5200311439700918,27.854218968700796,5.514948103957496e-05,4.863677728606994,0.005118852010105823,-0.05589734895311924,0.17461997407477303,1.0,,,,
1,11206656,0.2635228137951344,0.7709380304440856,0.0012050836593289205,0.16664761258289218,1.4507741751149297,0.003706362208504288,-0.0026886565651693672,0.16982874902896583,-0.4355403941590339,-0.008630531150402021,0.5251035140827298,-0.5443206741474569,0.15636815875768661,0.26354297879152,0.7709380304440856,0.0012050836593289205,0.16664390300866216,1.4507741751149297,0.003706362208504288,0.07768393604783341,0.1206748797558248,0.026152794947847724,0.4665759444469586,0.07404419961676467,0.013207723044615705,0.0714909553353209,0.18568296422017738,1.5268753925338387,117.65979212522507,0.0,0.40871033584699035,24.954626694321632,6.395219859611778e-05,3.021078834310174,34.630264684557915,4.7925669614534705e-05,4.7612727507948875,0.011218320520129055,-0.07562626013532281,0.19804698415100574,1.0,,,,
1,11272192,0.28757401392795146,0.7617507381364703,0.0029713599523120138,0.16168488876428455,1.397871526889503,0.005119223954238805,-0.00196985737511568,0.14555217997985892,-0.372883856180124,-0.016562941200390924,0.4903134915512055,-0.49515644973143935,0.08285116404294968,0.28757401392795146,0.7617507381364703,0.0029713599523120138,0.16168488876428455,1.397871526889503,0.005119223954238805,0.07558715165941976,0.1171177428914234,0.025085063913138583,0.44575296761468053,0.12409513288730523,0.012716568999167066,0.12388570493567386,0.2881417281460017,0.946574590401724,48.190936371684074,0.0,0.3083127327263355,21.41823486238718,7.923697301848165e-05,2.3560303379781544,34.527780801057816,9.726937710086148e-05,4.998583160340786,0.008261678012786433,-0.06980190798640251,0.1647591209039092,1.0,,,,
1,11337728,0.2648645186563954,0.8063813727349043,0.0019955943598688464,0.18647981015965343,1.6300010923296213,0.003569997646536649,-0.0028254603303139447,0.2626559456111863,-0.4984210771508515,-0.027528987542609684,0.533064694609493,-0.4812336773611605,0.145424547692528,0.264876154367812,0.8063813727349043,0.0019955943598688464,0.1864769256208092,1.6300010923296213,0.003569997646536649,0.08167340222280473,0.13959997153142467,0.02705348997551482,0.4921028775861487,0.10521395842079073,0.013685932564840186,0.10381074593169615,0.26603149122092873,1.1344654392451048,80.83170235157013,0.0,0.5154027461539954,28.629901602864265,7.547065930912922e-05,3.896284230053425,31.206237986683846,0.00014625690172148827,4.741337791085243,0.013930071516369935,-0.07272967975586653,0.19578017469029874,1.0,,,,
1,11403264,0.27349000179674476,0.7336191865615547,0.0015262058651615007,0.16810808493755758,1.4213268896564841,0.005033316091157758,-0.001559654642278474,0.24015193479135633,-0.41731289599556476,-0.022591401891986607,0.5216705994680524,-0.4804832034278661,0.1385992044233717,0.2734944843687117,0.7336191865615547,0.0015262058651615007,0.16810626408550888,1.4213268896564841,0.005033316091157758,0.08034179601236247,0.12008605257142335,0.02707503756391816,0.4872338632121682,0.1040044485416729,0.013872900439309888,0.10287649816746125,0.2475182993512135,1.25324317952618,97.13485614955425,0.0,0.47026006737723947,23.919574461877346,6.413190991982898e-05,3.5257154451683164,30.490789011120796,0.00010779249121029011,4.891802240163088,0.011775023835070897,-0.07262345240451396,0.1828705167863518,1.0,,,,
1,11468800,0.2717683877563104,0.8031414109282196,0.0023138766105148534,0.1736517664976418,1.6185019495896995,0.006258763741698203,-0.0016894046716515732,0.22656768001616,-0.3576347610214725,-0.010130475015103002,0.5322884097695351,-0.45284984610043466,0.12253967812284827,0.2717779300874099,0.8031414109282196,0.0023138766105148534,0.17364854319021106,1.6185019495896995,0.006258763741698203,0.08236802561441436,0.1253163979272358,0.026230647054035217,0.47190012596547604,0.10288163114455529,0.0141442248277599,0.1018315002147574,0.24657795432722196,1.1947847250849009,84.98839804530144,0.0,0.44275041250512004,20.722726739943027,7.823194812228706e-05,3.451274821534753,30.497879683971405,0.00012768242046234946,4.811991892755032,0.012594526866450906,-0.07981864456087351,0.19942220719531178,1.0,,,,
1,11534336,0.26116008090320975,0.7655195165425539,0.0026048252061627863,0.16347448283340782,1.464700489770621,0.007004186099948129,-0.0009699247892172025,0.27522505598608404,-0.3592659186106175,-0.018962664631544612,0.5221270606853068,-0.46736961719579995,0.10803653311450034,0.26117331872228533,0.7655195165425539,0.0026048252061627863,0.16347238374873996,1.464700489770621,0.007004186099948129,0.07631660136394203,0.1175053144688718,0.027257050271146,0.4541491016279906,0.07450034885550849,0.012878185079898685,0.07248431499465369,0.18692788819316775,1.451357371173799,110.42698879539967,0.0,0.35723750852048397,22.07922512292862,6.3967448972857e-05,3.2525727953761816,30.011042550206184,0.0001247659782759314,4.743566706776619,0.011570836795726791,-0.07779274112544954,0.19715481298044324,1.0,,,,
1,11599872,0.11289404586423188,0.7076625607411067,0.010432906163763012,0.06632167268544435,1.266727428101003,0.0037063415645146357,-3.290193209011249e-05,0.0380545122786134,-0.05313832040730631,-0.0010951032659445067,0.4403161437622718,-0.18621204000509656,0.07390544248123965,0.28260192286688834,0.786826650146395,0.0007877545274368458,0.16953049949370325,1.563916735816747,0.005197030654016999,0.08122001268202439,0.12137959559913725,0.026268756584613584,0.44161966897081584,0.11999249598011374,0.01402719275210984,0.11889992683427408,0.28090703109046444,1.3358934670686722,114.99372571706772,0.0,0.423542239703238,16.826956495642662,4.6118756182683684e-05,3.0544772781431675,31.402383595705032,8.460065318871557e-05,4.925694815814495,0.011424175754655153,-0.07266134792007506,0.18920793337747455,1.0,,,,
1,11665408,0.30506142822559923,0.7830656059086323,0.003646200439106906,0.15453946753405035,1.491100371349603,0.007080907252202451,4.205399216772321e-05,0.1662734341734904,-0.1529743851715466,-0.005409433820659615,0.5303640067577362,-0.29971021285746247,0.02771554165519774,0.1314170929359227,0.7149303241307476,0.009778765852952785,0.07482460961980095,1.2883537358840007,0.004031600907906232,0.04239818165415382,0.0458207507758031,0.016237622446728397,0.26940783330362783,0.1068352867206783,0.0063146947844848825,0.10674429617167158,0.5284040234688423,0.311614539698664,10.947055395019342,0.0,0.04356197488889749,4.9583393094545025,3.742575322403191e-05,1.0727944190239433,25.834692508231917,4.947986035113926e-05,4.915883111666484,0.0027083114013546137,-0.05676896226064986,0.15480248008417077,1.0,,,,
1,11730944,0.25591807230375707,0.7576122167520225,0.0028483055334618257,0.15806521812919527,1.4312887070700526,0.006180605803365324,0.0003446187907911735,0.25125538278371096,-0.21303701447322965,-0.018552426467067562,0.5312460018321872,-0.44954382139258087,0.14218462351709604,0.255922160227783,0.7576122167520225,0.0028483055334618257,0.15806512883864343,1.4312887070700526,0.006180605803365324,0.07334722945233807,0.11367609864100814,0.02685956022469327,0.49004863447044045,0.07118525251280516,0.012441310158465058,0.06949688552413136,0.18219522759318352,1.3011949202045798,118.58806885778904,0.0,0.2596209517214447,15.0004763007164,7.76627516178019e-05,2.910949122160673,30.438154101371765,0.00012110191105341173,4.748004570603371,0.008717747517948737,-0.06945842364802957,0.19733009301126003,1.0,,,,
1,11796480,0.29642779123969376,0.7697530402801931,0.002537231839447429,0.14865597896277905,1.3970963275060058,0.0050189225079293465,-0.00015329181479728504,0.2597535051172599,-0.2454080024617724,-0.014559000730514526,0.47815706743858755,-0.44962069671601057,0.08192208164109616,0.2964246741030365,0.7697530402801931,0.002537231839447429,0.14865424297749996,1.3970963275060058,0.0050189225079293465,0.07387766672763973,0.10353119968203828,0.025066189002245665,0.44961962185334414,0.12622052403457928,0.012807309249183163,0.1258374666358577,0.2821118053252576,1.0281524665188044,104.28966455161572,0.0,0.2452318334253505,18.17194076627493,6.0422164859463834e-05,2.2151853418909013,28.756468519568443,8.395394688198721e-05,5.03784928098321,0.0072802620288712205,-0.07019355427473783,0.18751256237737834,1.0,,,,
1,11862016,0.2652875514468178,0.7730625453405082,0.00021294099299495883,0.17080820898991078,1.547916913870722,0.0011927802711397817,-0.000257566563774958,0.23479306953959167,-0.34261393395718187,-0.021298306521202903,0.5323435654863715,-0.44541942537762225,0.15668696956709027,0.2652931921184063,0.7730625453405082,0.00021294099299495883,0.17082592099905014,1.5482993111945689,0.0011927802711397817,0.07693898247089237,0.12609620776493102,0.025274307365179993,0.4473934582201764,0.08962478721514344,0.012927580210089218,0.08834949170704931,0.2217970382043859,1.3141674790531397,121.03789287805557,0.0,0.3179015861824155,20.455141201615334,3.6177208057486254e-05,3.2767818197607994,30.50103986263275,3.647847004784044e-05,4.774001870304346,0.012125868917792104,-0.07261882303282619,0.23619208787567914,1.0,,,,
1,11927552,0.27981626125983894,0.7669509849511087,0.0025949746721209976,0.16900120786158368,1.4375394717790186,0.00456736238902522,0.0010029599156951008,0.21926160325529054,-0.26502623362466693,-0.025429872737731785,0.5264074869919568,-0.4261411395855248,0.11297977634239942,0.27982058736961335,0.7669509849511087,0.0025949746721209976,0.16900009632809088,1.4375394717790186,0.00456736238902522,0.07900826839613728,0.12235680292360485,0.026322569392505102,0.45016771648079157,0.11541587504325435,0.013433987252938095,0.1143726419977611,0.2699921680614352,1.4008619952946901,129.61825329065323,0.0,0.34542728099040687,17.22631874680519,6.009358337388804e-05,3.2150909043848515,30.2780821621418,8.794356888608412e-05,4.935031898319721,0.011674656831019092,-0.06825249339453876,0.1778370999963954,1.0,,,,
1,11993088,0.2741510693449527,0.7990641775541008,0.0023636122109564894,0.1692720241844654,1.4789617573842406,0.006411520903384371,-0.0004692700197352906,0.24957414355594665,-0.2956283484818414,-0.00984444675486884,0.5285399302374572,-0.35386127489618957,0.17018308164551854,0.2741566195618361,0.7990641775541008,0.0023636122109564894,0.1692726081237197,1.4789617573842406,0.006411520903384371,0.07941326458239928,0.12265935965115204,0.025642029984737746,0.46126757317688316,0.10217791772447526,0.013506864306691568,0.10120694746728987,0.24415496026631445,1.1217500572092831,73.46342781186104,0.0,0.4269567576702684,18.654698863625526,7.74862012667965e-05,2.8697185460478067,30.28310763835907,0.00014610148993199346,4.791495315730572,0.010903415277425665,-0.07123113400302827,0.20681004039943218,1.0,,,,
1,12058624,0.2486119931563735,0.7860101675614715,0.0009597981876368067,0.17111854627728462,1.4827883704565465,0.0051655220809152524,0.00013780805272745056,0.24903504666872323,-0.34569959715008736,-0.02675329623161815,0.5234499261714518,-0.48704533092677593,0.11400778515962884,0.248618776910007,0.7860101675614715,0.0009597981876368067,0.171117156278342,1.4827883704565465,0.0051655220809152524,0.07642921258229762,0.12594895594520494,0.027169332272023894,0.4714838928775862,0.07108414228423499,0.012815065914765,0.06963645949144848,0.1896173080895096,1.3372182846069336,106.3343527764082,0.0,0.35530523816123605,20.35099344700575,4.980786746733301e-05,3.154428916051984,31.620528995990753,0.00012948545565971692,4.744663637131453,0.010404094435216393,-0.07259986735880375,0.1874160908628255,1.0,,,,
1,12124160,0.1314628334591786,0.7407599313557148,0.010891344717820176,0.07983676252576212,1.1524915091072518,0.004167669358672962,-0.00011288057878876619,0.26242669383510175,-0.29189552515439576,-0.03518775655740475,0.3721760918906754,-0.4218971280034748,0.11738199854890505,0.28116619621869177,0.7714133122935891,0.0008191109300241806,0.1816389225423336,1.5044300709851086,0.005380613340093987,0.08679372878395952,0.13030833774246275,0.02751130894466769,0.49094279389828444,0.13652115216245875,0.014649945813289378,0.13559753651497886,0.31439448008313775,1.036032048985362,60.19755510240793,0.0,0.5413531276863068,21.10782516747713,4.6015563058249276e-05,3.1028312873095274,30.91623981297016,0.00010572320549373515,4.866556357592344,0.011885293501109118,-0.07260340149514377,0.18445111846085638,1.0,,,,
1,12189696,0.2929470791714266,0.8028561654500663,0.003743331779332948,0.1768928318633698,1.567462470382452,0.00748602924431907,-0.001759521692065391,0.2837092849658802,-0.3424345877720043,-0.02794038319552783,0.504737724782899,-0.476346920710057,0.10600547050125897,0.1470539146579847,0.7467451105455318,0.010202379615315381,0.08919166633017721,1.1924887101940183,0.004487511275361743,0.05151543532587947,0.052873685017665734,0.0208176622954085,0.3426861261208373,0.12562247065137175,0.007842847085782293,0.12365094436955336,0.5744691683001906,0.8229625401120767,78.85484134749207,0.0,0.2734618840258041,19.121958176237925,4.3903393363710165e-05,2.562429754431668,26.029056289544645,8.120364430598899e-05,4.831730330205826,0.005455126553470219,-0.06121697384549911,0.13898256120372968,1.0,,,,
1,12255232,0.2648342029424384,0.7578325155191123,0.003574544089360643,0.15755875734612346,1.4302032110281289,0.007308183165491755,-0.000884131020256973,0.35556139051914215,-0.3044399389764294,-0.02683664062351454,0.5260119335725904,-0.8598208669573069,0.11368958873208612,0.2648435910232365,0.7578325155191123,0.003574544089360643,0.15755801531486213,1.4302032110281289,0.007308183165491755,0.07422590153873898,0.11322170816129074,0.025622410103096627,0.43895054853055626,0.06467601608892437,0.012694774915871676,0.06291781167237787,0.15706822604988702,1.339289601892233,136.74270978569984,0.0,0.3841669191606343,22.08253552019596,7.215116996306392e-05,3.21311778947711,51.09143814444542,0.00012108350062867146,4.775392856448889,0.011432673985837027,-0.0700402045622468,0.21228466928005219,1.0,,,,
1,12320768,0.28708423278294504,0.7894031517207623,0.0039687973137461086,0.1552130386698991,1.4063870324753225,0.007314407174817461,-0.001161009879069752,0.2169598161126487,-0.2477453249739483,-0.009663956489475822,0.5282055153511465,-0.315191320492886,0.06629411477479152,0.28709008917212486,0.7894031517207623,0.0039687973137461086,0.15521276206709445,1.4063870324753225,0.007314407174817461,0.07580630434677005,0.1093472289503552,0.02556267562613357,0.4759758155560121,0.11368081386899576,0.01314823570282897,0.11353562398289796,0.2566501456894912,0.9097267705947161,26.274627827107906,0.0,0.2628445466980338,16.452272281050682,7.440578394746211e-05,2.43428763654083,30.26394708454609,0.00011643890321000328,5.001927517354488,0.008846336448186776,-0.06665797904133797,0.1807884236332029,1.0,,,,
1,12386304,0.2752240633126348,0.8287237635813653,0.0011951254934956523,0.16702855797484517,1.5213516242802143,0.0038023173942747235,-0.0018487691179416288,0.19625673082191497,-0.37623802886810154,-0.0005178270635042281,0.5450567291118205,-0.28881045524030924,0.12729176576249301,0.2752383924089372,0.8287237635813653,0.0011951254934956523,0.16702905215788633,1.5213516242802143,0.0038023173942747235,0.08050574670778587,0.11908472853247076,0.026183487265370786,0.5128628712845966,0.10050785538624041,0.013797529209114145,0.09874599377508275,0.23022637286339886,1.3296137107536197,75.30339999496937,0.0,0.39245744911022484,22.004795253276825,7.914651142204576e-05,2.7129320334643126,31.229450538754463,5.436850319906483e-05,4.8153187818825245,0.012021314534649719,-0.07210758607834578,0.21302569925319403,1.0,,,,
1,12451840,0.27797896345146,0.7504033446311951,0.0007707848294558062,0.16202559880912304,1.4680266249924898,0.0036139564813311154,-0.0007215577541046514,0.2187205926165916,-0.2998009156435728,-0.010819386656294228,0.5202253763563931,-0.326977125601843,0.15289278666023165,0.27797896345146,0.7504033446311951,0.0007707848294558062,0.16202559880912304,1.4680266249924898,0.0036139564813311154,0.07487930491333827,0.11751624813769013,0.02602348750224337,0.5141766117885709,0.10626552949543111,0.012613793260243256,0.10607866256032139,0.2597449590684846,1.0395957697182894,29.75310041755438,0.0,0.3381791772553697,17.880947656929493,6.172533194670482e-05,2.4056968046352267,29.80671875178814,6.782357481416312e-05,4.91261088848114,0.008853419811202912,-0.07259990414604545,0.1840565123129636,1.0,,,,
1,12517376,0.2649988355115056,0.7814346645027399,0.0011261853142059408,0.17892316402867436,1.5410097097046673,0.005698913645574066,-0.0012324176864240144,0.22316687789862044,-0.33098376437556,-0.02803442336153239,0.5314585561864078,-0.4260043469257653,0.1315810412634164,0.2649988355115056,0.7814346645027399,0.0011261853142059408,0.17892316402867436,1.5410097097046673,0.005698913645574066,0.07824346976121888,0.1341566169867292,0.025860353009193204,0.45862608577590436,0.1054986466479022,0.012934484257129952,0.1047053242509719,0.26820522494381294,1.055676476098597,49.84015052765608,0.0,0.33645620837341994,20.127127401530743,6.152650236446178e-05,3.2434981651604176,30.60141694545746,0.00010345599248751114,4.829481545835733,0.01189170988072874,-0.07280123187229037,0.1981254906859249,1.0,,,,
1,12582912,0.25873589504044503,0.815572555642575,0.003275645908615843,0.16948764375410974,1.543223902117461,0.007160229567034548,-0.0003450975641499099,0.20968239818466827,-0.2946887257276103,-0.023116269425372593,0.5390764973126352,-0.39027797197923064,0.1274526361376047,0.25879040884319693,0.827390615362674,0.003275645908615843,0.16952820599544793,1.550951134879142,0.007160229567034548,0.07824453531065956,0.1235289141186513,0.02695850322197657,0.48919523786753416,0.0756049724877812,0.01336585485842079,0.07351064446265809,0.18880277883727103,1.4019190329127014,92.90302088856697,0.0,0.3553882618434727,18.59801295399666,8.128269535723209e-05,3.5379529166966677,30.904516085982323,0.0001601850640997604,4.766368359327316,0.012231443157361355,-0.06934169004671276,0.2697959839133546,1.0,,,,
1,12648448,0.11863389918891093,0.7356288898736238,0.009420388882438905,0.0695921059511602,1.050087244970103,0.003804040101337402,0.00017916438175727005,0.14675106515001973,-0.12327303364436375,-0.009394461557893502,0.447123042306921,-0.3738391922584075,0.08419289141893388,0.2830714890733361,0.7939367699436843,0.002777293958615701,0.1553789401659742,1.4658741168677807,0.005505765448560851,0.07473775139078498,0.11024124181130901,0.02588213160925079,0.48311230808030814,0.12043949333019555,0.012551833686302416,0.12004466127837077,0.26967929099919274,1.1419229730963707,115.73125565052032,0.0,0.2784018302336335,16.1876485273242,7.348184251355482e-05,2.278419418260455,30.2719663977623,8.34327448137051e-05,4.891829088330269,0.008752988094784087,-0.06986724841408432,0.1967001686571166,1.0,,,,
1,12713984,0.30697934655472636,0.801346542313695,0.0033422667730178546,0.1646434409194626,1.426001091953367,0.006730039130161458,0.001260788353135922,0.19589498215827916,-0.18060763202083763,-0.005524359779883525,0.5224959696643054,-0.317452322691679,0.05351901217363775,0.13678767724826663,0.7419631214341126,0.008834545787554948,0.07875368040593633,1.0863199049202972,0.0040860641041156245,0.045727789762474776,0.04732115187889795,0.017255304047433907,0.30089994563148864,0.11290765020867294,0.00681057355120492,0.11275983435531,0.5342056821549244,0.3959011111172836,15.408985388313745,0.0,0.10910450010378116,11.302973576700763,4.108196523363971e-05,1.5981998124762287,26.59529000842181,5.705119078531131e-05,4.837091897984585,0.004404607801812328,-0.05638257981872702,0.1704578425970871,1.0,,,,
1,12779520,0.24078311771154404,0.7382766027003527,0.0017279078450656016,0.17104969907086343,1.4548070104792714,0.006189708279180195,0.0020289311416945566,0.29242808651179075,-0.251642013899982,-0.026406636810861528,0.5205162540078163,-0.43401662819087505,0.1354256212944165,0.2407943627331406,0.7382766027003527,0.0017279078450656016,0.17104860208928585,1.4548070104792714,0.006189708279180195,0.078588628442958,0.12430543795926496,0.027749567932914943,0.522221912862733,0.0724807895894628,0.01311647205875488,0.07112026895629242,0.20153570440015756,1.2537629809230566,99.38495089113712,0.0,0.3995060820598155,17.701704420149326,6.264827273416707e-05,3.3088230453431606,29.98536193370819,0.0001297477103170408,4.741238743066788,0.011043980441172607,-0.07228070544078946,0.19644821528345346,1.0,,,,
1,12845056,0.27799799980130047,0.7721892790868878,0.0031127409324653854,0.1662546657025814,1.5364925917237997,0.006630425250023109,9.059925963583737e-05,0.2046981484745629,-0.3018569702253444,-0.02593922254163772,0.5154125946573913,-0.45474879280664027,0.10705598723143339,0.27799799980130047,0.7721892790868878,0.0031127409324653854,0.1662546657025814,1.5364925917237997,0.006630425250023109,0.07583405831246637,0.12124059174675494,0.026314605347579345,0.43155399535316974,0.1349805411446141,0.012701810643193312,0.13493077947350685,0.31327603111276403,0.8793540101032704,40.321687143296,0.0,0.2379404188832268,17.67691857740283,7.486472336815098e-05,2.7020520884543657,29.718742325901985,0.00013797388314706893,4.955738261342049,0.008605651093603228,-0.06301747704856098,0.1761613127309829,1.0,,,,
1,12910592,0.2574384551262483,0.8285542181693017,0.003416996471969469,0.18635146354790777,1.663203027099371,0.007035544533209759,-0.00010660849613941537,0.249188884627074,-0.31418377137742937,-0.031865458920947276,0.5293156332336366,-0.4762704817112535,0.1490404501091689,0.2574384551262483,0.8285542181693017,0.003416996471969469,0.18635146354790777,1.663203027099371,0.007035544533209759,0.08129134064074606,0.13930311042349786,0.027863369352417067,0.4862065812340006,0.10499448428163305,0.0135932703196886,0.10469114838633686,0.2650708084111102,0.9823555224575102,28.45541888475418,0.0,0.43041840358637273,19.06373205780983,6.756286326847771e-05,3.836750838905573,31.59984166920185,0.00019255061668177476,4.706882178783417,0.01344846686697565,-0.06762848561629653,0.19979108241386712,1.0,,,,
1,12976128,0.26734290493186563,0.7191680697724223,0.003724631376826437,0.1613542584818788,1.3714445373043418,0.00717448283739941,-4.5025333406556456e-05,0.23696374072460458,-0.2265906746033579,-0.026504455381655134,0.5220254336018115,-0.37652617529965937,0.12010770849883556,0.26735213899519295,0.7191680697724223,0.003724631376826437,0.16135221446165815,1.3714445373043418,0.00717448283739941,0.07481505713076331,0.11700057744747028,0.026173705453402363,0.4756875248858705,0.09451596764847636,0.012718856116407551,0.09254638332640752,0.22553402666380862,1.495019632857293,147.3052207827568,0.0,0.2909165096934885,16.592880442738533,6.65094107820674e-05,3.2412494840100408,29.909854501485825,0.00012799757817649748,4.926837872713804,0.010890163106523687,-0.0643638395704329,0.17108243890106678,1.0,,,,
1,13041664,0.2836898972745985,0.8248801250010729,0.0018100168044838938,0.1482730923453346,1.560760856140405,0.006314099676728802,-0.00030119472387468704,0.14372412240481935,-0.18483363912673667,-0.005509113744665228,0.5227040927857161,-0.40133134624920785,0.10985709051601589,0.2836951690260321,0.8248801250010729,0.0018100168044838938,0.1482743873493746,1.560760856140405,0.006314099676728802,0.07186600478598848,0.10464360000332817,0.024634557135868818,0.4341406812891364,0.10337579957558773,0.012296150867769029,0.1025725272775162,0.2377488462952897,1.1639170669950545,128.7542559504509,0.0,0.17748887365451083,11.698029454797506,6.871639702055177e-05,2.037157584913075,29.94873870909214,8.849209615163778e-05,4.860721684992313,0.007474626225302927,-0.07080558338202536,0.19212938006967306,1.0,,,,
1,13107200,0.2476890287362039,0.7861027051694691,0.001951287943029456,0.16044572833925486,1.486958410590887,0.006478484247054439,-0.0002457598561136365,0.1571133136167191,-0.19532111543230712,-0.017117109870014247,0.5239722048863769,-0.4048796573188156,0.12741031753830612,0.24769902555271983,0.7861027051694691,0.001951287943029456,0.16044351505115628,1.486958410590887,0.006478484247054439,0.07324703381164,0.11622239870484918,0.027254396307398565,0.49048694246448576,0.07372663603746332,0.012393645156407729,0.07251703177462332,0.18867278675315902,1.15587591053918,65.38065630197525,0.0,0.22694677935214713,12.250597141683102,6.685607154222062e-05,2.611772673204541,30.07816845178604,9.059346260009704e-05,4.760157756507397,0.008656763238832355,-0.07138157240115106,0.1910527979489416,1.0,,,,
1,13172736,0.12289883198216559,0.7778556559234857,0.010554607485125114,0.07340520017469923,1.2700077273882926,0.004027864064434349,-0.00011757536317077211,0.1479719873817521,-0.1943598317397118,-0.011507959719648398,0.4256920228332941,-0.2936684241014397,0.09051590502262116,0.2784009531605989,0.791486949659884,0.003781822901828491,0.15584683197084814,1.501269987784326,0.007243031351208629,0.07368425541790202,0.11177051969571039,0.025412147151655518,0.44539299758616835,0.11563750142522622,0.012461891397833824,0.11502576466591563,0.27066173366620205,0.9023267310112715,62.36016820371151,0.0,0.22129021922592074,14.702352218329906,7.873441489447686e-05,2.548608978278935,30.266829296946526,0.00013812952784242327,4.901415545493364,0.008619043463113485,-0.07060156227089465,0.19483042717911303,1.0,,,,
1,13238272,0.2975936426082626,0.8163013136945665,0.0028989986797114398,0.16964439116418362,1.592511905822903,0.0066240426031072275,-0.0019367447997922227,0.1900305204326287,-0.26409687590785325,-0.018372654521954246,0.5053260270506144,-0.3551948753884062,0.06603293682564981,0.13974015365904532,0.7815612614917827,0.009816717479784036,0.08268129598932812,1.3010924674783755,0.004278098140451012,0.047058620173147464,0.05026932655418494,0.018259607904859965,0.3136196760011904,0.11596687026784744,0.007016940052545327,0.11563599505461752,0.53344269181007,0.5405678352150303,35.59208120338911,0.0,0.15719578849573912,12.334079988825371,4.216059478482105e-05,1.5440205790331105,25.391307095354648,6.835850952034088e-05,4.87096252283418,0.003363156330924101,-0.05807127848447087,0.15163735756426153,1.0,,,,
1,13303808,0.249716428341344,0.8120875917375088,0.0018124706718936068,0.1602209755219519,1.467572905588895,0.0054022063195589,-0.0011926215679523011,0.2688360495958477,-0.3736260988516733,-0.019338602083735168,0.5454484983347356,-0.37058940064162016,0.1745906793512404,0.24971638666465878,0.8120875917375088,0.0018124706718936068,0.16022242151666433,1.467572905588895,0.0054022063195589,0.07564403075957671,0.11456319445278496,0.026767545597977005,0.5400423163082451,0.07193860432016663,0.013051690941210836,0.07117581230704673,0.17995127203175798,1.2644191021099687,83.2552679181099,0.0,0.38950057374313474,21.45559887588024,7.121772106133406e-05,3.039976853877306,31.251897230744362,9.001734549274332e-05,4.759229861199856,0.011172742102644406,-0.07142278738319874,0.1991442037979141,1.0,,,,
1,13369344,0.28555260412395,0.8126551602035761,0.0017127294748888744,0.15441596985328943,1.467992931138724,0.006486510526428901,-0.0023098996907719993,0.17452199454419315,-0.46318559697829187,-0.010849925688944495,0.5265749178361148,-0.34770117583684623,0.07185520394705236,0.28555550682358444,0.8126551602035761,0.0017127294748888744,0.15441526065114886,1.467992931138724,0.006486510526428901,0.07343890776974149,0.10987897648010403,0.0257792287011398,0.4703973336145282,0.12728314032574417,0.012354032085568178,0.12668458470579935,0.28513855100027286,0.9490071940235794,57.566177397966385,0.0,0.3097113536205143,26.538580179214478,6.0767644433301626e-05,2.3149197548627853,30.17052075266838,8.268701999504524e-05,4.953884534537792,0.007572723166958895,-0.07255783234722912,0.2038902846397832,1.0,,,,
1,13434880,0.26215267996303737,0.8336222916841507,0.0013159145248664572,0.15778446337208152,1.5442877556197345,0.00585162345032586,-0.002408748981906683,0.1122839769377606,-0.24680125003214926,-0.006964169790990127,0.5095258157234639,-0.2850706122117117,0.1389828792307526,0.2621554710203782,0.8336222916841507,0.0013159145248664572,0.1577858254313469,1.5442877556197345,0.00585162345032586,0.07345052171149291,0.11322763859061524,0.02679461803927552,0.4994652315508574,0.08815710881026462,0.01237117681739619,0.08744030709203798,0.20788418501615524,1.024540748912841,72.11300834268332,0.0,0.25969350268132985,14.164258655160666,6.678982802593714e-05,2.2240239707753062,29.193679183721542,9.428328083016524e-05,4.778498791158199,0.008037951101869112,-0.07261751499027014,0.198064892902039,1.0,,,,
1,13500416,0.26439925644081086,0.7478276505135,0.0021200697292442783,0.16882543649990112,1.4281722600571811,0.006892549172789586,-0.0003721028541576743,0.15527266694698483,-0.18889870098792017,-0.024687152064871043,0.5067943723406643,-0.38228807016275823,0.129296985687688,0.26440581411588937,0.7478276505135,0.0021200697292442783,0.16882465267553926,1.4281722600571811,0.006892549172789586,0.07658199488651007,0.12318467523436993,0.027476953182485886,0.4602537950268015,0.1160919413814554,0.012796523194992915,0.11545638632378541,0.2753140789573081,1.1117896800860763,61.669347546994686,0.0,0.24263550306204706,11.831656757742167,6.314960201314612e-05,2.724666079506278,29.04833246767521,0.00014633150173004594,4.889172524213791,0.009008563520183088,-0.07005450432188809,0.2008911727461964,1.0,,,,
1,13565952,0.2653963153716177,0.8033125260844827,0.003137978466838831,0.19015743071213365,1.5615926929749548,0.00758427928758465,-0.00041182519407811924,0.27165577694540843,-0.46135955688077956,-0.029785118502331898,0.5310068053659052,-0.4148904397152364,0.14933442720212042,0.2653963153716177,0.8033125260844827,0.003137978466838831,0.19015743071213365,1.5615926929749548,0.00758427928758465,0.08676012302748859,0.1399889033054933,0.027488009160151705,0.4921810054220259,0.10619481839239597,0.014691608172142878,0.10507089248858392,0.2623002931359224,1.1777844387106597,80.27074467390776,0.0,0.5523415845818818,26.660847559571266,6.852692418951589e-05,3.66739303432405,30.427169531583786,0.00014972755622810752,4.779988683760166,0.014177900528011378,-0.06723385117948055,0.19652860960923135,1.0,,,,
1,13631488,0.24058101745322347,0.7841089335270226,0.0006257222079852909,0.1677930048899725,1.4782056561671197,0.0019744456379839903,0.0008048549734667176,0.34309408720582724,-0.3662298923591152,-0.030460413268883713,0.5244031094480306,-0.433678625151515,0.10292334773112088,0.24059308704454452,0.7841089335270226,0.0006257222079852909,0.16779380687512457,1.4782056561671197,0.0019744456379839903,0.07691873336443678,0.12190137978177518,0.027104819397209212,0.4844411432277411,0.06980720907449722,0.013110933788993862,0.06843473244225606,0.1852163016446866,1.560264109633863,146.48049825429916,0.0,0.48737608431838453,22.394267305731773,4.4648150782311546e-05,3.2467276006937027,30.046085357666016,3.5833502061322076e-05,4.732470225542784,0.010794105241075158,-0.07633415493182838,0.17969884001649916,1.0,,,,
1,13697024,0.13296609392389655,0.7998413510868947,0.01111781430898797,0.08248990373065074,1.3876193704704445,0.004223645437426361,-0.0007226600623670264,0.17359979949416204,-0.24751410559474607,-0.023445701645199886,0.4402538411263959,-0.40675623507127356,0.11697157248854637,0.28584874887019396,0.8777399016544223,0.00020633698980532245,0.17726139491423965,1.612001195549965,0.0010533491675914775,0.08442312839906663,0.1272230816539377,0.02703231477062218,0.468723347526975,0.13511824485613033,0.01430157517461339,0.1317900776048191,0.2902877252199687,1.3867069352418184,130.93817453831434,0.0,0.5323306109057739,24.92900349199772,4.322955691127284e-05,3.0744224041700363,30.054847165942192,3.316324777433155e-05,4.8458965085446835,0.012752724658639636,-0.07297042151913047,0.21155183785595,1.0,,,,
1,13762560,0.2963326999451965,0.8581067286431789,0.0030258828412570438,0.17239370325114578,1.6416857605800033,0.006889522806886816,-0.0016054980932267426,0.16065544713637792,-0.38298052141908556,-0.02346051041240571,0.513385551283136,-0.38711676746606827,0.07631572603713721,0.14872535346889398,0.8054572910923197,0.010337869107278965,0.09115508897791066,1.4121076972279922,0.004480597473037007,0.05142287737746016,0.05493171032551811,0.021200894866228462,0.35003294572739085,0.12575849737124853,0.007796712454474329,0.12459811388096963,0.5524950766128051,0.7333898791448629,59.802730798923285,0.0,0.20753264837233484,16.015104255566083,4.3777221639616834e-05,2.1036556781857296,26.708304522803097,7.461847651970742e-05,4.818623883896564,0.00406238475796228,-0.0651058144194175,0.15270750103967198,1.0,,,,
1,13828096,0.23563508177176118,0.8032032530754805,0.0006209577257578758,0.17414332821499556,1.6000503795221448,0.0030345864722676197,-0.001874359626867772,0.24236140347784385,-0.3759464673930779,-0.03240518270467874,0.5352755899075419,-0.5928578027524054,0.1579398517496884,0.2356475277338177,0.8032032530754805,0.0006209577257578758,0.17413923784624785,1.6000503795221448,0.0030345864722676197,0.07666783389868215,0.1285584053839557,0.028210462856804952,0.5286426327656955,0.08058148555574007,0.012763431521307211,0.07872272949316539,0.21468380378792062,1.3027425855398178,113.95236314833164,0.0,0.358537663705647,21.655798844993114,5.033897270634302e-05,3.620560334995389,34.62246213853359,8.63388644102292e-05,4.70889700576663,0.01095275703119114,-0.07279213750734925,0.18178190512116998,1.0,,,,
1,13893632,0.2656008021440357,0.7686833846382797,0.0006003297586403278,0.1755447118775919,1.480449334718287,0.0023934960963742924,-0.001943586980814871,0.16204208819544874,-0.4194054079707712,-0.01642692297900794,0.5184054614510387,-0.39308808417990804,0.09199020802043378,0.2656074913684279,0.7686833846382797,0.0006003297586403278,0.1755427710013464,1.480449334718287,0.0023934960963742924,0.08211985038360581,0.1268262581434101,0.027587991222389974,0.524893464287743,0.12028957267466467,0.013845843604940455,0.11987533194042044,0.2800759809324518,1.229776372667402,124.7633093893528,0.0,0.3671218988019973,24.03016024827957,5.4447202456064936e-05,2.952570576220751,30.377314925193787,4.390890039385198e-05,4.9125413075089455,0.010440656897117151,-0.07259634137153625,0.1851428817026317,1.0,,,,
1,13959168,0.2717961063608527,0.8133431333117187,0.00039421092193947516,0.16036358068231493,1.6108339363709092,0.0014848394023374567,-0.00035618259960301657,0.20537307212362066,-0.210203965078108,-0.003138606412903755,0.5501993708312511,-0.35977260232903063,0.13058086181990802,0.27180034620687366,0.8133431333117187,0.00039421092193947516,0.1603662462439388,1.6108339363709092,0.0014848394023374567,0.0750239827320911,0.11532055522548035,0.02610501075105276,0.5248055814299732,0.09354482487833593,0.012637218424060848,0.09275086884736083,0.2168281709891744,1.2783118048682809,111.9409531056881,0.0,0.2645440399646759,13.769011877477169,3.9744327569479765e-05,2.511358078569174,31.524102225899696,3.938781653634038e-05,4.78733017295599,0.009831213850702625,-0.07269063219428062,0.20174124790355563,1.0,,,,
1,14024704,0.27394809387624264,0.7919512814842165,0.002128001539546176,0.15658638556487858,1.5051959976553917,0.005364301761346724,-0.0001579727745593118,0.1857423858018592,-0.20483817299827933,-0.014325483269203687,0.5286612121853977,-0.3900763294659555,0.12421901198104024,0.2739541041664779,0.7919512814842165,0.002128001539546176,0.15658550639636815,1.5051959976553917,0.005364301761346724,0.07280306023312733,0.11263711075298488,0.026532540781772695,0.4822279802756384,0.11599573853527545,0.012171083166322205,0.11529284105199622,0.2609812244772911,1.1413563461974263,81.95912927389145,0.0,0.22822686680592597,12.955010019242764,7.758858164041982e-05,2.2505175257101655,30.290056586265564,6.215043834334466e-05,4.868272814899683,0.0076327135975589044,-0.06664054957218468,0.17994485527742654,1.0,,,,
1,14090240,0.26399713463615626,0.8131688581779599,0.0032977838827719097,0.17824532988015562,1.5735967536456883,0.007062447562930174,-0.0012288552059089852,0.1777940563042648,-0.21903358702547848,-0.028977913520066068,0.5048155619297177,-0.4362659470643848,0.14527531224302948,0.26399713463615626,0.8131688581779599,0.0032977838827719097,0.17824532988015562,1.5735967536456883,0.007062447562930174,0.07645738666178659,0.13401461177272722,0.026791044234414585,0.4941827050643042,0.10901137616019696,0.012652290643018205,0.10761616285890341,0.26770255353767425,1.0666755172424018,59.097366854548454,0.0,0.28574045561254025,13.95590053126216,6.807150118071092e-05,3.07940736413002,29.065428152680397,0.00011985008797532615,4.748536910861731,0.010098811271745944,-0.06780592352151871,0.1947659426368773,1.0,,,,
1,14155776,0.2526690873783082,0.8372359494678676,0.0032631878461870656,0.1606521684443578,1.5605403911322355,0.007228292829495331,-0.00184589394075374,0.13642880407860503,-0.2645351504907012,-0.02817212433728855,0.5208865734748542,-0.38419006671756506,0.14371404657140374,0.25269941112492234,0.8372359494678676,0.0032631878461870656,0.16065127309411764,1.5605403911322355,0.007228292829495331,0.07294356555212289,0.11680256074760109,0.026822458559763618,0.483221942326054,0.07377078721765429,0.012398085549648385,0.0715495826152619,0.1775292378733866,1.3263526735827327,115.4997283667326,0.0,0.2701141743455082,15.300289765000343,7.776694014305363e-05,3.0068759452551603,29.84460273385048,0.0001294333376633816,4.729830805212259,0.008818998645438114,-0.07010149955749512,0.18451823596842587,1.0,,,,
1,14221312,0.12770503700710834,0.8023643110444149,0.009756374514654453,0.08335233068093657,1.5514441854258378,0.004171635894478338,-0.0001840897365722564,0.15386284937989936,-0.1608131582790035,-0.016293958475470542,0.43873634300844666,-0.37092375629479646,0.09365658611059188,0.2725351166445762,0.8070313977077603,0.0014677134361136268,0.15867436229018494,1.4731895010918379,0.004493107137022889,0.07121765275951475,0.11690459836972877,0.02477847898262553,0.4460541383596137,0.11794649173680227,0.011876078264322132,0.11717095672793221,0.27886104496428743,0.9597117374651134,63.282992355525494,0.0,0.1644663686165586,9.51996411383152,5.169544907369927e-05,2.484688363969326,29.840464010834694,8.383001289369307e-05,4.905516680330038,0.007306138340936741,-0.07211381266824901,0.18487356579862535,1.0,,,,
1,14286848,0.30158811062574387,0.8050706922076643,0.0035979802055408072,0.16698191815521568,1.649516140576452,0.007489346004149411,-0.00029740753058149494,0.15770127017094637,-0.18084420531522483,-0.01941148838523077,0.48205932485871017,-0.36382183199748397,0.0855051230173558,0.1444648513317961,0.8026251670601497,0.009162794340282054,0.09141301381098757,1.5608969039945717,0.004491415182157477,0.04992526245769113,0.05638507468182683,0.02113604615091806,0.35525446412074996,0.11854804780107014,0.007559153565881684,0.11843269941655088,0.49423627943888937,0.4750254909698683,23.670037423198796,0.0,0.11644151715873123,11.129637582522133,4.315656074689539e-05,1.6793506201398727,25.670790822031986,6.73562120428254e-05,4.835906365908772,0.0038952768720746573,-0.06297481609845018,0.16811947752328882,1.0,,,,
1,14352384,0.24001736578065902,0.7862242381088436,0.0034932154449052177,0.16620490537025034,1.4906904678791761,0.006977866582928982,0.0008158629287891017,0.2067676480510272,-0.22251210536342114,-0.0256571305799298,0.5165839097462595,-0.6257564947009087,0.1135231374646537,0.24001736578065902,0.7862242381088436,0.0034932154449052177,0.16620490537025034,1.4906904678791761,0.006977866582928982,0.07405142806237563,0.12243466638028622,0.026686395940487273,0.47185682225972414,0.06330373781383969,0.012322715469053946,0.0622846576734446,0.1740776299557183,1.0659023635089397,56.9052477106452,0.0,0.22610107553191483,15.34854232519865,7.65452934909927e-05,2.8275725599378347,39.55461050570011,0.00015824422523857962,4.7886916771531105,0.009284460145863704,-0.0675882650539279,0.17407070333138108,1.0,,,,
1,14417920,0.27557463967241347,0.832608338445425,0.0037831240906598396,0.1624398563290015,1.636287265457213,0.0071754172267901595,0.0004982867832268312,0.18870926863746718,-0.17686338821658865,-0.014216667392247473,0.5102930655702949,-0.5297191982390359,0.07516695582307875,0.2755854132119566,0.832608338445425,0.0037831240906598396,0.16243780334480107,1.636287265457213,0.0071754172267901595,0.07406261618598364,0.11819614033447579,0.02634062933793757,0.4800503794103861,0.1313401183579117,0.012322224545641802,0.13105407775583444,0.29924875861615874,0.8095003783237189,30.637951888144016,0.0,0.2053298142272979,13.614146959036589,8.843181313977766e-05,2.4704099195078015,35.15341943502426,0.00014676285894366092,4.951925426721573,0.00870730415408616,-0.061675634467974305,0.18820508499629796,1.0,,,,
1,14483456,0.2554617793066427,0.8314199689775705,0.003274110416896292,0.16774128936231136,1.6422837609425187,0.006699758422655577,-0.0009915648705600688,0.12778666784288362,-0.3054403903661296,-0.02040762160322629,0.5250282872002572,-0.5448992024175823,0.13680090149864554,0.25546788063365966,0.8314199689775705,0.003274110416896292,0.1677417834289372,1.6422837609425187,0.006699758422655577,0.07360851089470088,0.12445190962171182,0.026395392065751366,0.4880302572855726,0.09541755614918657,0.012130673792853486,0.09450257336720824,0.22630847455002367,0.9588590678758919,60.037677466869354,0.0,0.22382730734534562,17.500445492565632,9.19921786066702e-05,2.75840980745852,32.69118168950081,0.00013268385028286644,4.772878561168909,0.009738500571984332,-0.06712636537849903,0.20494557090569288,1.0,,,,
1,14548992,0.27304213296156377,0.7585616363212466,0.0021806623865359143,0.1436986593180336,1.2896457049064338,0.005707477714167908,0.0004293983691354697,0.14413796248845756,-0.18144826986826956,-0.018952919024741277,0.5082382969558239,-0.39321361668407917,0.10686249053105712,0.2730464906198904,0.7585616363212466,0.0021806623865359143,0.14369653462199494,1.2896457049064338,0.005707477714167908,0.07088739713071845,0.10017768834950402,0.0255066675163107,0.4302238399395719,0.10381179554678965,0.012040244153467938,0.10260670387651771,0.22609620542789344,1.0485060131177306,99.89589437842369,0.0,0.19434091314906254,11.056024920195341,8.12318521816735e-05,2.2130483519285917,29.808096572756767,0.00011878875692894475,4.924062967300415,0.007449089425790589,-0.0700605867896229,0.19294121605344117,1.0,,,,
1,14614528,0.26452007924672216,0.8493022960610688,0.00239186694068394,0.1771600244101137,1.6171190650202334,0.006992717946559424,0.0009652303119764838,0.23754805873613805,-0.2901903511956334,-0.02357032059080666,0.515467976918444,-0.40824423520825803,0.1603298168629408,0.26452007924672216,0.8493022960610688,0.00239186694068394,0.1771600244101137,1.6171190650202334,0.006992717946559424,0.07900655531557277,0.1308198575861752,0.027356443490134552,0.49549910600762814,0.11519690824206918,0.013175478765333537,0.11450886860257015,0.27758512692525983,1.0006782836280763,80.44197442382574,0.0,0.32495732395909727,17.70692940801382,7.963605774419236e-05,3.02585830911994,29.534139961004257,0.00013827960853385335,4.798039726912975,0.011038666452805046,-0.0708579639904201,0.19767023250460625,1.0,,,,
1,14680064,0.24296764354221523,0.7987850331701338,0.003065627150817818,0.16095956275239587,1.5790646714158356,0.006876828222630138,0.0009040585360935438,0.26835774548817426,-0.29260404559317976,-0.027609043841948733,0.5147475355770439,-0.3984715186525136,0.16096752253361046,0.242985435645096,0.7987850331701338,0.003065627150817818,0.160958913853392,1.5790646714158356,0.006876828222630138,0.07373277022270486,0.11577554972609505,0.027768882966483943,0.49963176355231553,0.06741844158386812,0.012288858866668306,0.06575959242763929,0.17184107896173373,1.3738956786692142,129.75581175088882,0.0,0.34605177235789597,19.700040459632874,6.572246042080288e-05,2.8058346528559923,29.49286162853241,0.00012603558674068038,4.716541912406683,0.008754189355386188,-0.0666122604161501,0.1838914561085403,1.0,,,,
1,14745600,0.1343847192109873,0.8502524173011382,0.00866216265978437,0.07201078568274777,1.318166893819968,0.003717172649303393,-0.00024559145891278904,0.14671415277329894,-0.19408624944301361,-0.008884138801440525,0.4651058445322269,-0.2450329287990462,0.09956591238578161,0.28834313538391143,0.9010355244390666,0.003164254733519556,0.16660942672751844,1.7457308215089142,0.006921236064954428,0.07779446104541421,0.11994982388569042,0.02676937090291176,0.49662462272681296,0.13914259013836272,0.012958965096913744,0.13842215642216615,0.2981983414501883,1.0982069945894182,52.6304035037756,0.0,0.31445470766630024,21.69018442183733,7.41612375325662e-05,2.5301909763365984,30.32222120463848,0.0001259396566526405,4.849705930799246,0.008426524615060771,-0.06508394097909331,0.19678226206451654,1.0,,,,
1,14811136,0.30666308163199574,0.8978253598324955,0.0036646902367465373,0.16112751787295565,1.5473088715225458,0.006939520154674028,-0.00028969580739612866,0.2476179268269334,-0.2840347054298036,-0.00754804645657714,0.5286263751331717,-0.35167865466792136,0.08341785380616784,0.15099676419049501,0.8548377611595823,0.00818047857081687,0.08060057440222836,1.3402528675744332,0.004027760360664418,0.04604822073513305,0.04919693664737405,0.0178324773484078,0.3157085417152708,0.1198950545050215,0.006969703841780548,0.11932588785645519,0.4150067209921839,0.5716034798737032,38.45066147157361,0.0,0.15827849635002988,12.999045602489174,3.584289246023769e-05,1.391895114080223,27.202990821453305,5.722585459118106e-05,4.845616213169443,0.0034850807565620138,-0.057446385498147415,0.14909835953085895,1.0,,,,
1,14876672,0.2479238623054698,0.8066167933866382,0.0010258757334895563,0.15996012336108834,1.514367597643286,0.003387100639884011,0.0003102087152910826,0.24810496089048684,-0.24916279735043645,-0.016917675493459683,0.5227105072699487,-0.381222972413525,0.15757124009542167,0.24793512874748558,0.8066167933866382,0.0010258757334895563,0.15995956433471292,1.514367597643286,0.003387100639884011,0.07283643871778622,0.11647169862408191,0.026338323994423263,0.4410984079586342,0.06870290750521235,0.012069918229826726,0.06730628065997735,0.1701257168315351,1.2626532539725304,104.26849011331797,0.0,0.236279972596094,18.654417768120766,6.654364156921666e-05,2.427507749758661,29.949106320738792,5.2692519398656046e-05,4.7622622065246105,0.009115759901760612,-0.07183287478983402,0.19020051113329828,1.0,,,,
1,14942208,0.2738077772082761,0.7796198544092476,0.00271930663529929,0.15769654844189063,1.4368927041068673,0.00529780413626213,-0.00024996170398594586,0.10348344894009642,-0.16407275781966746,-0.01874507882166654,0.4908792779315263,-0.38641083613038063,0.06928079784847796,0.2738102680305019,0.7796198544092476,0.00271930663529929,0.15769534016726539,1.4368927041068673,0.00529780413626213,0.07232342535280623,0.1144952405593358,0.025829635836998932,0.47764456970617175,0.12286609136936022,0.012119860817620065,0.12215819933044259,0.2757752814795822,0.9537205558735877,66.22498025000095,0.0,0.17437248726491816,9.504013106226921,7.071581145057237e-05,2.222998353652656,28.135964423418045,9.397018746426511e-05,4.93909427896142,0.00750854689249536,-0.06939486134797335,0.172567488392815,1.0,,,,
1,15007744,0.26016193360555917,0.8780993870459497,0.0036110641158302315,0.16958582506049424,1.7380653275176883,0.00739136793436046,-0.0002903071232367438,0.2253080049995333,-0.2710219294531271,-0.011252873282501241,0.5251148052047938,-0.3546422290382907,0.12627602322027087,0.26016193360555917,0.8780993870459497,0.0036110641158302315,0.16958582506049424,1.7380653275176883,0.00739136793436046,0.07690013496903703,0.12415361305465922,0.026247663990943693,0.48166588915046304,0.09216775701497681,0.012849121216277126,0.09205180912977085,0.21182704530656338,0.871439291164279,19.50871469080448,0.0,0.2979700482683256,15.726299852132797,6.782186917941857e-05,2.7505172044038773,30.113303437829018,0.00013143978676088963,4.795832015573978,0.01051621721853735,-0.06588395428843796,0.21230193809606135,1.0,,,,
1,15073280,0.26166795392055064,0.805468050763011,0.0006918784634990516,0.16958730237092823,1.4706876957789063,0.003389314539845145,-0.0005032485208857906,0.23710976965958253,-0.23488701472524554,-0.031926084571750835,0.5207966852467507,-0.43845126405358315,0.15135845146141946,0.26166795392055064,0.805468050763011,0.0006918784634990516,0.16958730237092823,1.4706876957789063,0.003389314539845145,0.0754041587933898,0.1249942786525935,0.02758513786830008,0.46450789854861796,0.1267793962615542,0.012484282415243797,0.12657047365792096,0.2997971437871456,1.0100713516585529,29.202477291226387,0.0,0.2688368873205036,17.431402053683996,4.099845023941562e-05,2.947760163806379,29.839452490210533,7.719758245272601e-05,4.852681897580624,0.00864376756362617,-0.07259219069965184,0.18648884003050625,1.0,,,,
1,15138816,0.25599448289722204,0.834737550932914,0.0007103427749086677,0.17839889170136303,1.5446869600564241,0.003606851379913678,-0.002007527662726716,0.2372802125173621,-0.31843297637533396,-0.04250898875761777,0.5131341107189655,-0.5236439583823085,0.16520050505641848,0.25599983218126,0.834737550932914,0.0007103427749086677,0.17839765909593552,1.5446869600564241,0.003606851379913678,0.07912582700373605,0.13227671146159992,0.0274772005941486,0.48569178476464003,0.11459653213387355,0.01315495867311256,0.11391301642288454,0.2723335001501255,0.9841707115992904,54.76448579132557,0.0,0.40905863558873534,18.465987116098404,4.7149625964193476e-05,3.748245457187295,31.238077700138092,7.20530316375978e-05,4.729886047542095,0.01178718643495813,-0.07245121314190328,0.20028513425495476,1.0,,,,
1,15204352,0.227617786382325,0.8613543738611042,0.0005953869668928746,0.16874680190812796,1.6192216943018138,0.0017295143728688345,-0.0039145362679846585,0.1522838100208901,-0.47607805544976145,-0.035874289547791705,0.5181351990904659,-0.6171747501939535,0.17390050762332976,0.22762183425948024,0.8613543738611042,0.0005953869668928746,0.1687466891016811,1.6192216943018138,0.0017295143728688345,0.07569659780710936,0.12294984457548708,0.02831970405532047,0.5245731639442965,0.07171579895657487,0.01270992628269596,0.07108319649705663,0.18974596535554156,1.1731318840757012,59.6075070053339,0.0,0.39315438782796264,27.28375954926014,4.160194454883026e-05,3.6237825732678175,35.418272376060486,5.207868386025716e-05,4.693989008665085,0.010961496271193027,-0.07254363363608718,0.20018200331833214,1.0,,,,
1,15269888,0.1437439761372904,0.7684047570576271,0.011537391935489721,0.09172836668478945,1.2430267068247,0.004633028329723553,-0.0017828963428348742,0.17933867984203972,-0.28013702938095475,-0.05312248826638931,0.24665333870434553,-0.4333944789758728,0.13250699977080027,0.2726820718962699,0.8814735128544271,0.002562658204112722,0.17242706415709108,1.6344363703392446,0.006350821500291204,0.0783827326958999,0.1262655722675845,0.026906264625722542,0.48797580623067915,0.13434509941725992,0.013062597950920463,0.134175818588119,0.3015241412795149,0.9222834259271622,26.14163914322853,0.0,0.2984197997720912,15.413101352751255,6.967302296168043e-05,2.784423006698489,28.815757036209106,0.0001406589419057358,4.856364578008652,0.009633508696424542,-0.06935183913446963,0.19351568655110896,1.0,,,,
1,15335424,0.28238469874486327,0.8014675169251859,0.0031100984078875626,0.1709197440650314,1.6330679138191044,0.0072258753707501455,-0.0010249535299635681,0.2152875172032509,-0.24870779330376536,-0.04917199346527923,0.3444994130404666,-0.4919449291191995,0.09260468056891114,0.1571220633944115,0.7715915290930544,0.010725122679817225,0.09936095603337758,1.28062104002898,0.004882941297533345,0.055305801229607536,0.0597659927969574,0.024805786212238605,0.3832800051096423,0.12735852384406804,0.008597250850043675,0.12613443098681787,0.47037923676017895,0.6981444331447044,64.71841995281179,0.0,0.2335318390543696,17.265713789144037,5.030042617642174e-05,3.316721507423159,25.264161961405616,9.028414768123141e-05,4.845499871006931,0.004590175457243354,-0.06468739077807908,0.10482931367110417,1.0,,,,
1,15400960,0.24063547002151608,0.7564416648820043,0.0025546788519932306,0.1485954145900905,1.4727419391274452,0.006421448882065306,-0.00023817697172034968,0.29891165101435035,-0.327174661681056,-0.03910517915210221,0.4863313683308661,-0.4964457810856402,0.13762603257782757,0.24064682994503528,0.7564416648820043,0.0025546788519932306,0.14859358640387654,1.4727419391274452,0.006421448882065306,0.06969548217603005,0.10579046205384657,0.02610534398991149,0.4504027020884678,0.06452767728478648,0.011701242212438956,0.06289494867087342,0.16562928131315857,1.2575291022658348,100.80667808651924,0.0,0.294645641813986,23.089151807129383,6.43525202246309e-05,3.136592287570238,30.01714314520359,0.00012644394799576908,4.819026716053486,0.006621757449465804,-0.06842090608552098,0.17087865504436195,1.0,,,,
1,15466496,0.28117958607617766,0.896049564704299,0.0016374813258153154,0.15945639240089804,1.7837352617643774,0.006538207685025554,0.0005581922860642408,0.2458549932925962,-0.24417190076201223,-0.017721317839459516,0.5043942334596068,-0.4077387686120346,0.09517265250906348,0.2811982707353309,0.896049564704299,0.0016374813258153154,0.15945638809353113,1.7837352617643774,0.006538207685025554,0.07329306969768368,0.1153180378023535,0.025957882549846545,0.4409205202246085,0.1372876275854651,0.012167558314104099,0.13574519497342408,0.2958306741784327,1.121166764292866,136.99723291397095,0.0,0.2174400973599404,20.65686916001141,8.063246636602628e-05,2.3722788840532303,29.494637116789818,6.0727356968159896e-05,4.923315547406673,0.006481828291725833,-0.07127949642017484,0.19214797514723614,1.0,,,,
1,15532032,0.25259862444363534,0.8441297193057835,0.0023862740372351254,0.1698827143991366,1.5907959840260446,0.007010801215074025,-0.00040688413668021894,0.14172940677963197,-0.3065426709363237,-0.02534764088341035,0.5038549813907593,-0.31095276679843664,0.11069545103237033,0.25259862444363534,0.8441297193057835,0.0023862740372351254,0.1698827143991366,1.5907959840260446,0.007010801215074025,0.07755004242062569,0.12388810812262818,0.027267557816230692,0.4602823763852939,0.0949066442262847,0.012805878599465359,0.0942872064479161,0.22424190340097994,0.977626150008291,70.91580712795258,0.0,0.2982641785638407,17.57769598439336,9.54449179018102e-05,2.7695038523525,28.868764281272888,0.00010338104808371718,4.7545155212283134,0.00817733897929429,-0.07064998080022633,0.19178601645398885,1.0,,,,
1,15597568,0.260965240187943,0.8152787806466222,0.003128284189642727,0.15895279846154153,1.461686922237277,0.007242804335874098,-0.0015281656383194786,0.1209428976289928,-0.3887868958991021,-0.02268641998671228,0.49393521645106375,-0.3697086332831532,0.15868280408903956,0.2609656888525933,0.8152787806466222,0.003128284189642727,0.15895239892415702,1.461686922237277,0.007242804335874098,0.07411244959803298,0.11408579722046852,0.027259036622126587,0.44606813276186585,0.11403253025491722,0.012309547557379119,0.11389969040465076,0.26371678488794714,0.9230287403333932,24.66604943573475,0.0,0.2788674631738104,22.27584857493639,7.751284470813857e-05,2.5846764156594872,28.300403609871864,0.00011900503048778432,4.895822811871767,0.008129774159897352,-0.06357752089388669,0.19534014561213553,1.0,,,,
1,15663104,0.26290782960131764,0.8355583394877613,0.0032358556146618866,0.15471981838345528,1.5216438532806933,0.006933886983915727,-0.0014679706114293367,0.16641061677364632,-0.23431039100978523,-0.01146074038479128,0.5324316883925349,-0.3376798138488084,0.11843594023957849,0.2629131122957915,0.8355583394877613,0.0032358556146618866,0.15471851604525,1.5216438532806933,0.006933886983915727,0.0757900727330707,0.10884235630510375,0.025498963994323276,0.4396682420047,0.0926850390387699,0.013003277563257143,0.09208010588190518,0.21048190491274,0.9120680540800095,55.26611164212227,0.0,0.27477304730564356,13.774255841970444,8.55432579418558e-05,2.2469277726486325,30.506089091300964,0.00011386274366753657,4.856413375586271,0.008596424777351785,-0.06772382161580026,0.18897410505451262,1.0,,,,
1,15728640,0.23298391560092568,0.8900658986531198,0.00036587587987924053,0.1830524477409199,1.610661898739636,0.0014771272843745464,-0.001452872450954601,0.22783107234863564,-0.3353878965135664,-0.023505040124291554,0.5465464540757239,-0.5801851022988558,0.18877596966922283,0.23298391560092568,0.8900658986531198,0.00036587587987924053,0.1830524477409199,1.610661898739636,0.0014771272843745464,0.0806178500643,0.13527729210909456,0.02918384797521867,0.495447842637077,0.09944060642737895,0.013282709718623664,0.09875481473864056,0.2549781712004915,1.1658352669328451,58.02175635099411,0.0,0.4044921394670382,19.62465898692608,6.373251869717933e-05,3.4297098331153393,36.40607824921608,5.389148535983601e-05,4.706681579351425,0.011958695078646997,-0.0726765701547265,0.19908192264847457,1.0,,,,
1,15794176,0.13888604156052073,0.8289405363549789,0.011486065673804356,0.08659305660364527,1.434550239369273,0.004378318182401321,-0.0013109648533145444,0.186764186272679,-0.2807597154817389,-0.031806912585930144,0.39780260108944887,-0.42724962581652415,0.11430311178167661,0.26228037977125496,0.8354808357544243,0.0026438671638970845,0.1785770182032138,1.44734368333593,0.006673930413853668,0.07771723362384364,0.13426255492959172,0.026332283101510257,0.44099637772887945,0.1234349972801283,0.01292662339983508,0.12324038986116648,0.28288308589253575,0.9361271094530821,24.084129609167576,0.0,0.26867833035066724,14.625632472336292,6.935178054590097e-05,3.3590941932052374,34.03206695616245,0.00013018160945232893,4.835979662835598,0.011820448700746056,-0.06666913977824152,0.19297675881534815,1.0,,,,
1,15859712,0.2954078317852691,0.9111199588514864,0.0012626615571207367,0.1681499900878407,1.6513494094833732,0.005753460513915343,-0.0011123057196869013,0.16860202077077702,-0.27869653975358233,-0.027219699761189986,0.48786365846171975,-0.3860805919393897,0.11929885996505618,0.15398214469630137,0.8368614445474133,0.010500677325208345,0.09445422780924444,1.4554465449224394,0.004510862021583395,0.053080838409263684,0.057069894460770466,0.02225136318095365,0.37477989806737527,0.1285967228103833,0.00807100198815818,0.12767799850833794,0.5082033158964422,0.7478464258363448,55.74286695246596,0.0,0.23066268183419997,16.74277266232768,4.6468963991813725e-05,2.342980110991174,26.069663482597548,8.128657161685729e-05,4.810998437275369,0.004033391053638637,-0.06575033860842147,0.1481477819181171,1.0,,,,
1,15925248,0.23846102866809815,0.8356854589655995,0.0029893656505919353,0.16715369001030922,1.6363387848250568,0.006741613211943331,-0.0006133338794711563,0.24072164919925854,-0.28844330238644034,-0.036306273279478773,0.5181360086426139,-0.39069629181176424,0.13895501662045717,0.2384718683315441,0.8356854589655995,0.0029893656505919353,0.16715343832038343,1.6363387848250568,0.006741613211943331,0.0718856145394966,0.12476908229291439,0.026986618526279926,0.48655972722917795,0.078746342449449,0.011784605449065566,0.07746257353574038,0.20251455792458728,1.0390426977537572,90.6914869248867,0.0,0.27786057197954506,17.958073802292347,7.068403522358935e-05,3.26247157715261,29.68700686097145,0.00013147475305608225,4.741155285388231,0.01034071073445375,-0.06698034144937992,0.1686265041353181,1.0,,,,
1,15990784,0.26049613871145993,0.8905535968951881,0.003095234851116402,0.1780270771123469,1.6618213965557516,0.007735623034022865,-0.001176387288069236,0.19281033682636917,-0.2960007970687002,-0.03539140739303548,0.517573619261384,-0.4196641957387328,0.1112618031911552,0.2605029576225206,0.8905535968951881,0.003095234851116402,0.17802565405145288,1.6618213965557516,0.007735623034022865,0.07693046180065721,0.13268627360230312,0.028298091288888827,0.4921829823870212,0.13765537764993496,0.01264426077977987,0.13706628399086185,0.3193860644241795,0.9026393601670861,48.59957452118397,0.0,0.288812612532638,17.52160605788231,8.525729963548834e-05,3.469892214052379,29.654784336686134,0.0001432379794901184,4.845214579254389,0.010293347790138796,-0.06927363504655659,0.19031550898216665,1.0,,,,
1,16056320,0.2532768764067441,0.8513948926702142,0.002179538044970286,0.16023194114677608,1.573758956976235,0.0058628691690501,-0.001158674074162036,0.21338201372418553,-0.3782300064340234,-0.032184059513383545,0.5160930836573243,-0.4454435920342803,0.18544271728023887,0.2532768764067441,0.8513948926702142,0.002179538044970286,0.16023194114677608,1.573758956976235,0.0058628691690501,0.07307269074954093,0.11596854717936367,0.027291783786495216,0.4547901439946145,0.10573706476134248,0.012213374509883579,0.10540955697069876,0.23946985384100117,1.0677718156948686,72.58496443927288,0.0,0.328246213728562,21.670983284711838,7.173433287199771e-05,2.999824184924364,29.56995579600334,0.00014140271493534584,4.714549753814936,0.008548722180421464,-0.08298952737823129,0.1884721927344799,1.0,,,,
1,16121856,0.24318406952079386,0.7770799123682082,0.0009553512881552706,0.15559248952195048,1.429771785158664,0.00474322919626502,-0.0011572756438908982,0.21492345008300617,-0.31587454047985375,-0.03881242423085496,0.5061648720875382,-0.4142869939096272,0.15776637941598892,0.24318406952079386,0.7770799123682082,0.0009553512881552706,0.15559248952195048,1.429771785158664,0.00474322919626502,0.07035392249235883,0.11198901903117076,0.028115818102378398,0.48074608540628105,0.11402436249773018,0.011834256918518804,0.11386350452085026,0.2743625773873646,1.033913022838533,75.75265005975962,0.0,0.2556342619936913,18.224184975028038,5.141590154211784e-05,2.9231737535446882,29.039732679724693,0.00011505072963124974,4.822214849293232,0.007010431872913614,-0.07510348875075579,0.1746166842058301,1.0,,,,
1,16187392,0.2549152715364471,0.8704960816539824,0.0008818087495114924,0.17575907916761935,1.711638506501913,0.004704899976331944,-0.002182662247719236,0.12076592180528678,-0.30918959993869066,-0.036045692206243984,0.504264346556738,-0.4866632840130478,0.17795333522371948,0.2549267818685621,0.8704960816539824,0.0008818087495114924,0.17575630953069776,1.711638506501913,0.004704899976331944,0.07537544128717855,0.13111339148599654,0.02879881448461674,0.4627576449420303,0.12391653569648042,0.012496492883656174,0.12255785864545032,0.29064171167556196,1.0837991209700704,93.75839716941118,0.0,0.2763788838637993,17.73281989991665,5.238452287037454e-05,3.423719108104706,30.408066987991333,0.00011694565299613657,4.742077242583036,0.009288761462812545,-0.07275919243693352,0.19950069300830364,1.0,,,,
1,16252928,0.21713584498502314,0.8666153126396239,0.0009091614414273863,0.17190497706178576,1.6253470885567367,0.004989387636214815,-0.0014935645882587778,0.19440687116002664,-0.26368544017896056,-0.04255032035871409,0.5057774349115789,-0.5774813203606755,0.1730944559094496,0.21714651386719197,0.8666153126396239,0.0009091614414273863,0.17190298263449222,1.6253470885567367,0.004989387636214815,0.07561122794868425,0.1255515580996871,0.029908513723057695,0.531473716488108,0.08194518581149168,0.012607741620740853,0.0803843368194066,0.21844703587703407,1.432208888232708,102.17231042683125,0.0,0.32877475838176906,16.598622664809227,5.699657749635989e-05,3.6038651894778013,33.35576343536377,0.00013225711294140297,4.651693947613239,0.007845073992939433,-0.0726315847132355,0.19269014615565538,1.0,,,,
1,16318464,0.13149600071677317,0.8325111458947261,0.00968806027485698,0.07776507456476489,1.469310668768982,0.0037180953040903356,-0.0007195263851516151,0.11015009865547958,-0.21161277260185063,-0.007769661004535161,0.46063377211311796,-0.25545687199007566,0.1002118487159411,0.2617297387914732,0.8565028081648052,0.0011942038661345578,0.18316804338246584,1.5681221829727292,0.005298515572576434,0.08125196129549295,0.1356434688786976,0.02789563304395415,0.48572107346262783,0.13228348371922038,0.013580278246081434,0.1321063034411054,0.3093233573017642,1.053656147327274,26.81127853691578,0.0,0.38621229433920234,15.65448085218668,7.643759014719365e-05,3.2909710966050625,28.773486703634262,0.000154273241537356,4.816148333251476,0.009681360701506492,-0.07264045695774257,0.19916754274163395,1.0,,,,
1,16384000,0.29874679388012737,0.879938283469528,0.0032905666654414745,0.1530494731850922,1.6332399742677808,0.006865037496027071,-0.0011753673246062135,0.1015291310268367,-0.230613874620758,-0.008930963523198443,0.5086676140781492,-0.3241385534638539,0.09006006276467815,0.14762202236823826,0.8370824362633817,0.009071434384792834,0.08502163887248342,1.4851110837568182,0.004021415033433636,0.047334029661850574,0.051887652965778686,0.01980961643226714,0.3490438559204789,0.1209100627530428,0.0071961867895835715,0.1204109652229467,0.4344784143119237,0.5961153156135276,36.229967406906006,0.0,0.12276887688897999,12.7329903435164,3.683316535665391e-05,1.419622823724338,26.722427939721214,5.396305201054337e-05,4.804447716977223,0.0032890132840830448,-0.061377798712038134,0.1638639796334487,1.0,,,,
1,16449536,0.22913108917418867,0.8386022774502635,0.0030740962083655177,0.1669890774646774,1.6362681109458208,0.006891785515108495,-0.0016611364981145016,0.09589508408680558,-0.3236200764076784,-0.027355302074283827,0.49966821214184165,-0.41843586857430637,0.15470113861374557,0.22913108917418867,0.8386022774502635,0.0030740962083655177,0.1669890774646774,1.6362681109458208,0.006891785515108495,0.07354676991235465,0.12215549300890416,0.029043033355264924,0.5189754646271467,0.07881145959254354,0.012165691412519664,0.07815219237818383,0.2023447301471606,0.9492838294245303,50.91060872375965,0.0,0.23327563283964992,18.542064763605595,7.122322491159849e-05,2.587686639279127,28.829998046159744,0.0001407595641111925,4.716709911823273,0.00777854535044753,-0.06809527240693569,0.18887921515852213,1.0,,,,
1,16515072,0.26418108958750963,0.8760469947010279,0.003125305908270093,0.17010913067497313,1.5307483291253448,0.007598801079438999,-0.00010449082640207052,0.18738438544096425,-0.3085186274256557,-0.018537319170718547,0.5045677670277655,-0.38294769602362067,0.0934808412566781,0.264192292583175,0.8760469947010279,0.003125305908270093,0.1701100623467937,1.5307483291253448,0.007598801079438999,0.08060993504477665,0.12125060014659539,0.02797975280554965,0.5331612190930173,0.13215452758595347,0.013668183761183172,0.1308416264000698,0.2862655206990894,1.0490892843808979,105.02435712516308,0.0,0.34213660564273596,18.092481076717377,8.739038634053564e-05,2.6748593198135495,28.909603878855705,0.00015595492693876167,4.867547411471605,0.009547662761178799,-0.0671658031642437,0.230231560068205,1.0,,,,
1,16580608,0.25572776270564646,0.8678171127103269,0.0032629644340431696,0.16821752453688532,1.6870511206798255,0.007272376071796316,-0.0014812440563218843,0.1957421296974644,-0.45955966238398105,-0.018662764523469377,0.5029747597873211,-0.41064590448513627,0.1932404136750847,0.25572776270564646,0.8678171127103269,0.0032629644340431696,0.16821752453688532,1.6870511206798255,0.007272376071796316,0.07863301824545488,0.12038958596531302,0.02830527506012004,0.5165973476832733,0.10531808147788979,0.013207139934820589,0.10493317522923462,0.24230836401693523,1.020914466585964,38.39134602993727,0.0,0.40716856345534325,26.330829367041588,8.612520532502721e-05,2.5800568033009768,28.827472686767578,0.0001342735151226293,4.742340628057718,0.008894154212612193,-0.07818938605487347,0.2288367273285985,1.0,,,,
1,16646144,0.24677844741381705,0.8188856546767056,0.001351331230125652,0.16848729352932423,1.6051493738777936,0.006062078027298412,-0.0010034060990165017,0.12312012683833018,-0.2633369351970032,-0.03175194420327898,0.4849669127725065,-0.4561312459409237,0.15794410649687052,0.24677844741381705,0.8188856546767056,0.001351331230125652,0.16848729352932423,1.6051493738777936,0.006062078027298412,0.07484825421124697,0.1232375688268803,0.028836095196311362,0.4731954039307311,0.116000115260249,0.012278815760510042,0.11551044321095105,0.276774107653182,1.0315737496130168,49.68731652200222,0.0,0.26667856448329985,15.088095150887966,6.62179642842986e-05,2.8037027548998594,28.447118267416954,0.0001294757591976392,4.836585592478514,0.007319266849663109,-0.07238293578848243,0.1893887754995376,1.0,,,,
1,16711680,0.248044571490027,0.840718646068126,0.0017747474857969792,0.1772947902791202,1.623820302542299,0.006226256497029681,4.22670027546701e-05,0.21897400490706787,-0.2807677343953401,-0.031237186252838,0.46997289452701807,-0.3903336962684989,0.15196505247149616,0.248044571490027,0.840718646068126,0.0017747474857969792,0.1772947902791202,1.623820302542299,0.006226256497029681,0.07823647221084684,0.130837430129759,0.028229109666426666,0.47651855181902647,0.1109477362188045,0.012829062332457397,0.11080934008350596,0.27254166011698544,1.1671137055382133,153.57841336727142,0.0,0.3289686148054898,17.064304552972317,6.199537200535232e-05,2.9778857175260782,27.49883723258972,0.0001458017192064176,4.762152429670095,0.009561452698108042,-0.06925805704668164,0.16343012638390064,1.0,,,,
1,16777216,0.2169475321425125,0.8926704893819988,0.0015831467842417624,0.17377965711057186,1.6463276511058211,0.00566547966991493,-0.001388420548664726,0.11540457303635776,-0.25349651486612856,-0.034838625506381504,0.4995600755792111,-0.41699395794421434,0.17702687671408057,0.2169475321425125,0.8926704893819988,0.0015831467842417624,0.17377965711057186,1.6463276511058211,0.00566547966991493,0.07412170548923314,0.12943706545047462,0.028500166139565408,0.49444863421376795,0.08337833182304166,0.012177987096947618,0.08309909905074164,0.2151116234017536,1.0219066184945405,59.80352212488651,0.0,0.2510902064386755,14.524280615150928,6.897036576841709e-05,3.392364738509059,28.77509844303131,0.0001315014170177875,4.6963502541184425,0.010213684545306023,-0.07198068406432867,0.18527891021221876,1.0,,,,
1,16842752,0.14240290615086754,0.8541411620875199,0.011058510211065974,0.09139922015368938,1.6206813128540913,0.004386762130331287,-0.0014207054263120729,0.1974129814724438,-0.26394644261192296,-0.03731591429985087,0.46498001273934886,-0.4340465978328818,0.13046628445386887,0.267122523044236,0.9007790773175657,0.00045940135242972246,0.1654416136443615,1.5464226258918643,0.002144000366911314,0.07649305945960805,0.11967920727329329,0.026897372998064384,0.44971268344670534,0.12966434654663317,0.01284100166958524,0.12952389832935296,0.2781539666466415,0.9129271502606571,24.013227596879005,0.0,0.2799271133262664,15.565993912518024,4.1675473635836846e-05,2.792198285460472,29.396026849746704,6.462869954049211e-05,4.859664611518383,0.009166736112092622,-0.07260710606351495,0.20118457195349038,1.0,,,,
1,16908288,0.2918845316162333,0.8943635663017631,0.002177807225507422,0.17736498248996213,1.7517692572437227,0.004779558288191765,-0.0010946797403903474,0.25420354993548244,-0.2797794498037547,-0.035177831014152616,0.5218147239647806,-0.4525436086114496,0.1657299748621881,0.1568218162339405,0.8580180203250374,0.010202538838963946,0.0996853188044919,1.633316295445863,0.004424622000968441,0.05439882201327752,0.061749699775196884,0.02268003082219848,0.36002513053770885,0.13413575014060206,0.008279936976873889,0.1330151320911989,0.5547492849943508,0.9460966613211007,60.161021239483304,0.0,0.23221851720408737,16.61019594754732,4.8249065381547105e-05,2.8638583244138722,27.9204488349293,8.443915947814797e-05,4.7522782406893125,0.004106642678385492,-0.06752430555601437,0.15775585448346943,1.0,,,,
1,16973824,0.21396008564624935,0.8883835175074637,0.0017748794475664909,0.18043933098670095,1.5511577585712075,0.005057204669355997,-0.001432762152376199,0.2041817224235274,-0.2887560602976009,-0.056734774640062824,0.494876881595701,-0.4577878136187792,0.1747756144613959,0.21397105883806944,0.8883835175074637,0.0017748794475664909,0.18043766694609076,1.5511577585712075,0.005057204669355997,0.07420061394805089,0.13685927231563255,0.028756889834767208,0.45748555148020387,0.08297253175987862,0.012137493635236751,0.08120828890241683,0.22584287205245346,1.3554122671484947,118.91509069502354,0.0,0.3078853362239897,16.962194226682186,5.2986484014416746e-05,4.196351515129209,29.408923730254173,0.00011954187931584315,4.68067742139101,0.010854322907107417,-0.07142439717426896,0.18733775720465928,1.0,,,,
1,17039360,0.2616550262318924,0.8780117365531623,0.002762180362537947,0.15892455779248849,1.5705570336431265,0.006159011548334092,-0.0016274702506962058,0.07784079122939147,-0.2502374331234023,-0.035432031043455936,0.5101717819925398,-0.44278230471536517,0.08314690040424466,0.2616604652721435,0.8780117365531623,0.002762180362537947,0.15892519237240776,1.5705570336431265,0.006159011548334092,0.07226447551511228,0.11522002978017554,0.026955991066643037,0.44825906958431005,0.12545176790445112,0.012013998253678437,0.12520429966389202,0.2797375872032717,0.9091798281297088,31.086733788251877,0.0,0.1974183542188257,14.344809465110302,6.463078097240782e-05,2.847622776404023,29.369009897112846,0.00012969430558129602,4.883401531726122,0.008118491979985265,-0.06461007567122579,0.17746971792075783,1.0,,,,
1,17104896,0.24156323121860623,0.8725485452450812,0.002953506755602575,0.1713778949342668,1.6751105450093746,0.006702061733449227,-0.0027286344966341858,0.10338697396218777,-0.30451050703413785,-0.03346396557753906,0.5220176961738616,-0.3937674812041223,0.13892893982119858,0.241572646307759,0.8725485452450812,0.002953506755602575,0.1713781455764547,1.6751105450093746,0.006702061733449227,0.0734606784535572,0.1280315985204652,0.02755760698346421,0.5168421218404546,0.1000977234216407,0.011990758554020431,0.09809077903628349,0.24478892982006073,1.2104370361194015,123.15188026428223,0.0,0.2626850550295785,17.44716702401638,7.094164148391258e-05,2.8958686348050833,29.909411072731018,0.00012927522145389503,4.760703392326832,0.009739152679685503,-0.06099687283858657,0.18686001608148217,1.0,,,,
1,17170432,0.25908577360678464,0.8521254849620163,0.0027971665163022408,0.14670692436629906,1.5571804749779403,0.006859363085823134,-0.0024722185225982685,0.11050269845873117,-0.38665162213146687,-0.0199271518686146,0.520691849058494,-0.4096741172252223,0.14695143344579265,0.25910009699873626,0.8521254849620163,0.0027971665163022408,0.1467084772302769,1.5571804749779403,0.006859363085823134,0.07090094898012467,0.10257576778531075,0.02662526497442741,0.45037466299254447,0.11363078511203639,0.011869737369124778,0.112092501934967,0.24404924261034466,1.2616912969388068,154.6794822216034,0.0,0.28761799668427557,22.15350642055273,6.509576095381497e-05,2.1089560259133577,29.968359977006912,0.00010563875096769593,4.887235518544912,0.005924272918491624,-0.06280659232288599,0.170080067939125,1.0,,,,
1,17235968,0.25223901530262083,0.9046948687173426,0.00278085754894164,0.1669116506818682,1.6822404377162457,0.006810201095049706,-0.001337542194960406,0.13578027434414253,-0.3074175192741677,-0.012083453290870239,0.5087474365718663,-0.3966235718689859,0.15729838798870333,0.25223901530262083,0.9046948687173426,0.00278085754894164,0.1669116506818682,1.6822404377162457,0.006810201095049706,0.07483509671874344,0.12211513426154852,0.027263944008154795,0.5206437233136967,0.11254387864028104,0.012215897448186297,0.11247622469090857,0.25324006064329296,0.9354638918302953,97.8532509803772,0.0,0.269004714791663,17.757714044302702,7.574904990767517e-05,2.3483318127691746,29.834128752350807,0.00011713534264279346,4.775660175830126,0.008538026784663089,-0.061972727067768574,0.1977857300080359,1.0,,,,
1,17301504,0.21588498342316598,0.8291409313678741,0.0010344952709147037,0.1683059261413291,1.6175407455302775,0.005144502077655488,-0.0013680297092832916,0.16104240372078493,-0.3020286726532504,-0.03264359210152179,0.5047648032195866,-0.5170215233229101,0.14089218410663307,0.21588498342316598,0.8291409313678741,0.0010344952709147037,0.1683059261413291,1.6175407455302775,0.005144502077655488,0.07301037647994235,0.12400436215102673,0.029327918426133692,0.48838948109187186,0.08064596637268551,0.011916958406800404,0.08051282053929754,0.2141541593009606,0.9417549702338874,26.10322082042694,0.0,0.274173844140023,17.780650466680527,5.198110732285155e-05,2.8598904758691788,29.976599618792534,0.00010490497641857388,4.691515404731035,0.008122421921143541,-0.07260985812172294,0.18366237333975732,1.0,,,,
1,17367040,0.13918667766265572,0.829993263632059,0.009946231651526128,0.07788891602617999,1.4717416982228557,0.003649371298858265,-0.0008435471085550717,0.1817263333328204,-0.2526875850945362,-0.015070696853632246,0.472644583657869,-0.500039307235032,0.11669189264376958,0.26299177552573383,0.876308536157012,0.0010244038800237831,0.16832579753827304,1.6473944149911404,0.005107689819851657,0.07680480732233264,0.12279549241065979,0.027040980363381095,0.4506418874952942,0.13470079483522568,0.01280863769352436,0.134560394420987,0.28906462859595194,0.8505973378196359,21.606995090842247,0.0,0.2864764353726059,18.384507440030575,5.902482894448724e-05,2.940080229192972,29.649638041853905,9.430123304854376e-05,4.849241524934769,0.009356100683362456,-0.07263047085143626,0.19250025693327188,1.0,,,,
1,17432576,0.29835543397348374,0.88179239211604,0.002085447560375542,0.14602637919597328,1.6709357993677258,0.005188896900108375,-0.0005272278497017169,0.13210082679870538,-0.19847977941390127,-0.007490388321002683,0.520388224394992,-0.2881379765458405,0.07838877174071968,0.1545411929830415,0.8349859507148525,0.009188565715029687,0.08445680961405566,1.4909411296585058,0.003797759308617312,0.046959970948701524,0.05191994759153171,0.019027185652977282,0.32931347716465054,0.12687212374083787,0.007152890547736918,0.12584185935080006,0.435177930343913,0.7233847132435136,58.95656397078096,0.0,0.1845992363692003,15.259362788023763,3.555897848086707e-05,1.7741535929458059,32.03653290828533,5.0464504376781704e-05,4.760346407990858,0.0034460361086903176,-0.06707428875996406,0.14772679996732846,1.0,,,,
1,17498112,0.21714731771498919,0.8571276175789535,0.0005555462945494583,0.16383931681048125,1.5388827109709382,0.0037368664764017012,-0.00021915708572350923,0.1380701814778149,-0.22548892197664827,-0.032406171259935945,0.5006132367998362,-0.43428202671930194,0.12769834100618027,0.21715370274614543,0.8571276175789535,0.0005555462945494583,0.16383860085625201,1.5388827109709382,0.0037368664764017012,0.07080837938701734,0.12122324149822816,0.027780868287663907,0.46406469761859626,0.07407816560589708,0.01162906573881628,0.07341531931888312,0.19370257802074775,0.8877689023502171,61.20748569816351,0.0,0.18456103559583426,13.721835069358349,6.468898420908253e-05,2.6245298609137535,29.885611340403557,2.688942760520341e-05,4.737588819116354,0.007445068986271508,-0.07265956210903823,0.18292125803418458,1.0,,,,
1,17563648,0.2534753674408421,0.8477619886398315,0.0009498002565351271,0.16923926875460893,1.6131184622645378,0.004520819024946832,-0.0003830912150988297,0.20163687807507813,-0.29051191837061197,-0.035919541274779476,0.5169219425879419,-0.4163522804155946,0.0974501515738666,0.2534753674408421,0.8477619886398315,0.0009498002565351271,0.16923926875460893,1.6131184622645378,0.004520819024946832,0.07391499076038599,0.1249455627403222,0.028099308066884987,0.4681528682122007,0.13555540767265484,0.012093513258150779,0.13539447558287065,0.31227327696979046,0.8434861181303859,27.387647181749344,0.0,0.25882401200942695,17.26789964735508,5.151034702421953e-05,2.939366277307272,29.61744599044323,8.456383977106796e-05,4.822764415293932,0.007149001208745176,-0.0726471533998847,0.20154058281332254,1.0,,,,
1,17629184,0.24352013203315437,0.8753032106906176,0.0010679326110505372,0.18976325448602438,1.6530548040755093,0.005681275912138517,0.0008447545062040263,0.22001452930271626,-0.25638256093952805,-0.04694835506961681,0.5169897428713739,-0.46316282846964896,0.18285137810744345,0.24352013203315437,0.8753032106906176,0.0010679326110505372,0.18976325448602438,1.6530548040755093,0.005681275912138517,0.07997636526124552,0.14415923960041255,0.027897188672795892,0.456932540750131,0.11143377996631898,0.012858548478106968,0.1104759628069587,0.2768981213448569,1.0461087515577674,76.33126320689917,0.0,0.31658558605704457,16.081693433225155,5.956057440298368e-05,3.9642950370907784,30.181022495031357,8.931967854031164e-05,4.710081174969673,0.01195669628214091,-0.0725976787507534,0.19168889219872653,1.0,,,,
1,17694720,0.25039368448778987,0.8329502246342599,0.00046390962631903676,0.15639352751895785,1.4379520392976701,0.0023383494809650074,0.00020472785445235786,0.23934601712971926,-0.2506895107217133,-0.031278704838769045,0.44034071010537446,-0.49488078290596604,0.14276654494460672,0.2504073139280081,0.8329502246342599,0.00046390962631903676,0.15639045590069145,1.4379520392976701,0.0023383494809650074,0.07412997458595783,0.11147037014598027,0.02675049389654305,0.4384911978850141,0.11265824727888685,0.012398084123560693,0.11117530458432157,0.24888436935725622,1.1997069548815489,99.0244564190507,0.0,0.29799985949648544,15.018455237150192,4.356214832001992e-05,2.9558989200741053,29.721543297171593,5.4321460991990644e-05,4.842414379119873,0.008600819815910654,-0.0726000270806253,0.18194551090709865,1.0,,,,
1,17760256,0.2561499347211793,0.8899215296842158,0.0019915807955612763,0.15643065457697958,1.7176713491789997,0.005773161296929175,-0.0006445692910688194,0.13902658951701596,-0.24168933928012848,-0.024103138959617354,0.4433922143653035,-0.39083512406796217,0.15568252676166594,0.2561499347211793,0.8899215296842158,0.0019915807955612763,0.15643065457697958,1.7176713491789997,0.005773161296929175,0.07163858681451529,0.11289463570574299,0.026505231828195974,0.4601639722241089,0.1147000641503837,0.011853085612528957,0.11452890059445053,0.25743111048359424,0.8388662510551512,29.23295682668686,0.0,0.22699751117033884,14.25616094097495,5.6379490666391696e-05,2.2788197118788958,27.62494918704033,0.00012132520228558263,4.7936071790754795,0.0058627728940336965,-0.07061326946131885,0.1906089778058231,1.0,,,,
1,17825792,0.20281349343713373,0.8819336644373834,0.0026986531611328246,0.16719976579770446,1.7451540385372937,0.006707524617013405,-0.0004212174281974512,0.11290393935632892,-0.2305569730233401,-0.03539764796732925,0.5077596446499228,-0.3896368951536715,0.19003588543273509,0.20282002829480916,0.8819336644373834,0.0026986531611328246,0.16719928267411888,1.7451540385372937,0.006707524617013405,0.07045368378749117,0.12384548579575494,0.030150802820571698,0.49169351044110954,0.08014030524645932,0.011544665227120277,0.07946161649306305,0.21956633258378133,0.9301565173082054,57.49338150024414,0.0,0.20245971903204918,13.209941647946835,6.463371655041072e-05,2.9374173916876316,29.166853085160255,0.00014281582696007433,4.695749741047621,0.006453162968682591,-0.06877870904281735,0.18281579308677465,1.0,,,,
1,17891328,0.16020538056269287,0.8397597618401051,0.011772655807593159,0.1192214116640389,1.531625226388375,0.005220707295338798,-0.0001292289020015384,0.25863082487174927,-0.3203342732282666,-0.10637514240687626,0.45388304563559356,-0.6729880998649362,0.14787778571248056,0.2534409180516377,0.8703437354415655,0.002665925418796178,0.1643657316453755,1.6795015563257039,0.007077030310028931,0.07509251180454157,0.11866961017949507,0.028307806263910607,0.4684043364832178,0.13492007079184987,0.012359922147879843,0.13461305198143236,0.2986721418565139,0.8259312496520579,35.96291308104992,0.0,0.24453348212409765,16.102533731609583,7.143498707606888e-05,2.6898251939564943,29.39819085597992,0.00014178898304362253,4.837899710983038,0.007913631354313111,-0.06713500921614468,0.19365212018601596,1.0,,,,
1,17956864,0.25946553563699126,0.8694642526097596,0.001443949636495745,0.17585391295142472,1.735059631522745,0.006170603663122165,-6.690949510357314e-05,0.22164035157766193,-0.3204663950018585,-0.06413593728211708,0.5049320226535201,-0.5784628584515303,0.1159628359018825,0.16978948288709375,0.8426228452877826,0.010777117863390999,0.1246785714840853,1.551233361823013,0.005312263571751652,0.06465774486037756,0.07765105867292732,0.03160410788939727,0.46331127458083704,0.14801326451166702,0.010501352987036177,0.14656254614518216,0.5499904923455183,1.5649322285092468,77.18270394154432,0.0,0.4073045797504384,18.94803920555411,5.400888645840832e-05,6.665108026115432,38.28366057479373,0.00015467166214185087,4.595318469117923,0.0072120013009477684,-0.07018046846321549,0.17947891126779547,1.0,,,,
1,18022400,0.21029816032387316,0.8834239947609603,0.0027050064095419657,0.1851939723128453,1.605541287921369,0.007617950328494771,-0.0031321538168640473,0.1823773271171376,-0.4063043827190995,-0.059308598370989785,0.5009307782165706,-0.5769520422909409,0.15929289907217026,0.21031058381777257,0.8834239947609603,0.0027050064095419657,0.1851901006884873,1.605541287921369,0.007617950328494771,0.07978860166622326,0.13758602167945355,0.030607562643126585,0.5176991035696119,0.08527334115933627,0.012786941464582924,0.08397477070684545,0.22949030512245372,1.2003182931803167,96.768115401268,0.0,0.4659803885733709,23.375833101570606,8.76258433160082e-05,4.512925645336509,33.11926893889904,0.00019567510434836954,4.6626384779810905,0.011951784865232185,-0.06842473591677845,0.19843958388082683,1.0,,,,
1,18087936,0.24970768066123128,0.8753371550701559,0.001316770610628737,0.1709718913771212,1.6420146604068577,0.0056750233102320635,-0.0022699301200646005,0.17745399830164388,-0.4024788769893348,-0.03346354291716125,0.5167055213823915,-0.45605788426473737,0.12614986510016024,0.24971854884643108,0.8753371550701559,0.001316770610628737,0.170968429883942,1.6420146604068577,0.0056750233102320635,0.0780550004565157,0.12420452199876308,0.028281207822146825,0.5080913782585412,0.12490949395578355,0.012924188340548426,0.12349396297940984,0.27674798062071204,1.3280849219299853,96.99119153618813,0.0,0.39170180971268564,23.070667535066605,6.657334462634168e-05,3.40393572114408,31.391107320785522,0.00014353688336843362,4.7649243250489235,0.0095347979622602,-0.07258570333942771,0.18789229728281498,1.0,,,,
1,18153472,0.23555289732757956,0.8788505340926349,0.0008767826255962063,0.17973613098729402,1.6286689741536975,0.004874913427670435,-0.00035330762750618305,0.19256506336387247,-0.2545311483554542,-0.039494954704423435,0.5171002829447389,-0.41206127870827913,0.17977933306246996,0.23555853229481727,0.8788505340926349,0.0008767826255962063,0.17973670805804431,1.6286689741536975,0.004874913427670435,0.07614447077503428,0.13549915590556338,0.028079715571948327,0.4705625153146684,0.11371345879160799,0.012362761830445379,0.11293230985756963,0.2748420157004148,1.0447649406269193,57.591710202395916,0.0,0.26999230892397463,15.578087784349918,5.251713108189726e-05,3.4811331685632467,29.855802685022354,8.756342217886015e-05,4.725557044148445,0.010756507545011118,-0.07261717994697392,0.1842024326324463,1.0,,,,
1,18219008,0.24685678211972117,0.8533986420370638,0.0004157531705004658,0.1524389524711296,1.5390791944228113,0.0024193960556431193,-0.0006337669102549626,0.20320371905108914,-0.2222656905069016,-0.037863901976379566,0.5161125201266259,-0.6607046653516591,0.13301999331451952,0.24685678211972117,0.8533986420370638,0.0004157531705004658,0.1524389524711296,1.5390791944228113,0.0024193960556431193,0.0707079780404456,0.10886958276387304,0.027276607128442265,0.42017852992285043,0.11360205904929899,0.011766915071348194,0.11309591770987026,0.24594767933012918,0.9419166403822601,49.113335222005844,0.0,0.22096345480531454,13.411128379404545,6.151438927459729e-05,2.9642639365047216,38.145645305514336,4.253034735346439e-05,4.814883753657341,0.0075503083353396505,-0.07261423813179135,0.19334852998144925,1.0,,,,
1,18284544,0.24059134384151548,0.8766213352791965,0.0017470289768652947,0.18092921935021877,1.7926385402679443,0.005442146003588277,-9.633641377604363e-05,0.22036850696895272,-0.2646284692455083,-0.04076096139033325,0.5094304401427507,-0.4440102591179311,0.1630973843857646,0.24059778812807053,0.8766213352791965,0.0017470289768652947,0.18092787673231214,1.7926385402679443,0.005442146003588277,0.07540391111979261,0.13584222737699747,0.029654864105395973,0.503636656794697,0.12304856767877936,0.012170886511739809,0.12278937816154212,0.3052267668535933,0.811177568975836,36.37511560320854,0.0,0.28022680757567286,16.39554174244404,7.503827354859993e-05,3.4899738617241383,29.19086953997612,8.371748757973752e-05,4.7017884738743305,0.009386840160004795,-0.06969831278547645,0.19208933133631945,1.0,,,,
1,18350080,0.20215700333938003,0.8845732165500522,0.00233721066661019,0.16901194478850812,1.6903229537419975,0.0062345371861738386,-0.0021014673584431875,0.20117998743080534,-0.2808769535040483,-0.05051793373422697,0.4851839367765933,-0.515230973251164,0.17960726702585816,0.2021581685403362,0.8845732165500522,0.00233721066661019,0.16901186644099653,1.6903229537419975,0.0062345371861738386,0.07177486317232251,0.12505588628118858,0.030411812753300183,0.5116888284683228,0.09044051705859601,0.01191805818962166,0.08963063804549165,0.2386025161249563,0.9560918342322111,63.90506310760975,0.0,0.27235822984948754,17.100380949676037,7.405371712376763e-05,3.913776671513915,29.79408910870552,0.00014902924794513162,4.633292276412249,0.008724144954612711,-0.0696012896951288,0.18549679731950164,1.0,,,,
1,18415616,0.14392622604345282,0.843512979398171,0.009318630993348051,0.09045383727798859,1.239915707608064,0.003982944608190641,-0.0009639989405214541,0.13216182058633422,-0.2494479427835904,-0.03508003458690761,0.4178682885790477,-0.5125172639579008,0.12084918121496835,0.24737493367865682,0.8780416734516621,0.00292481537508138,0.18053476780187339,1.703766815830022,0.007032589192021987,0.07736742537235841,0.13499829912325367,0.028730799982440658,0.519627683213912,0.13096665483317338,0.012654694706725422,0.12976323254406452,0.29604871122865006,1.0256177140399814,85.07595369964838,0.0,0.30960505129769444,14.459499768912792,6.618216535436705e-05,3.811677411198616,35.396788984537125,0.0001841754080542657,4.782725069671869,0.011056981227739016,-0.06730299373157322,0.19751975242979825,1.0,,,,
1,18481152,0.28736437286715955,0.872549164108932,0.001785306997248881,0.1729052482987754,1.4689939664676785,0.006049747833458241,0.0006229975074347749,0.22172018396668136,-0.27780930476728827,-0.03122435671684798,0.48971097776666284,-0.38317676866427064,0.1420516890939325,0.157757485563115,0.8463116478040276,0.008592527475651746,0.09840108428980751,1.261995539787304,0.004182154557614023,0.05608742368261678,0.059061358487850664,0.0231691208613352,0.4034726776193872,0.13030635327148443,0.008828534864251086,0.1297852244783552,0.45785495317372754,0.7493388333458857,44.98858566750514,0.0,0.26257736027992545,14.862174296148503,4.0222078562488155e-05,2.8925033878529423,29.83266374314518,8.120560290313323e-05,4.7228566982659945,0.005016043302963357,-0.06852091180093317,0.18683937269386397,1.0,,,,
1,18546688,0.2096158298663795,0.8848547041416168,0.0010478863066509803,0.17540485877543688,1.6478760396130383,0.005981127951599774,-0.0005676396262970229,0.16427881410345435,-0.2439805952599272,-0.04493693394761067,0.5061680325306952,-0.4371329927816987,0.2031743498519063,0.2096158298663795,0.8848547041416168,0.0010478863066509803,0.17540485877543688,1.6478760396130383,0.005981127951599774,0.0747886955505237,0.12980038387468085,0.030384733254322782,0.49938994098920375,0.08619676734087989,0.012248074308445211,0.08603089567623101,0.23174306674627587,0.9438852462917566,22.78098899871111,0.0,0.2776577405165881,14.101062998175621,5.590570024893715e-05,3.769312109798193,29.068776339292526,0.0001147801398112061,4.634417679160833,0.008860831774654798,-0.07260002242401242,0.20342361787334085,1.0,,,,
1,18612224,0.22499803197570145,0.9046557992696762,0.0024225007887253014,0.1761011115158908,1.6848352178931236,0.0069234125348884845,-0.0014225753624259596,0.16471794061362743,-0.325927292346023,-0.04797947524639312,0.5009657635819167,-0.4888123348355293,0.11461383197456598,0.22499803197570145,0.9046557992696762,0.0024225007887253014,0.1761011115158908,1.6848352178931236,0.0069234125348884845,0.07436784787569195,0.1309513207525015,0.03074592907796614,0.5190194768365473,0.13831022904196288,0.012090128097042907,0.13790452212560922,0.3479975974187255,0.9192178468219936,38.803819976747036,0.0,0.24615619680844247,18.67425849288702,7.367472097286054e-05,3.7777810730040073,29.275420263409615,0.00015177011932365758,4.787664398550987,0.009290867750678444,-0.06988407811149955,0.1788082884158939,1.0,,,,
1,18677760,0.22276626946404576,0.8597389911301434,0.0026294807023532485,0.16507560259196907,1.6993018831126392,0.006757897001079982,-0.0015149222086847658,0.22429368580924347,-0.3137187071843073,-0.03907114786852617,0.5167907590512186,-0.4670173341874033,0.21200698730535805,0.22277829190716147,0.8597389911301434,0.0026294807023532485,0.1650731300469488,1.6993018831126392,0.006757897001079982,0.07448555796872824,0.1188194336136803,0.029885365802329034,0.4963196978205815,0.10489626560593024,0.012214905073051341,0.10335855552693829,0.25438254879554734,1.086198846809566,80.2130436822772,0.0,0.2976754979463294,20.62925048172474,6.911180312055287e-05,3.60079905949533,29.719078823924065,0.0001464467462646002,4.668481662869453,0.009499625855823979,-0.06711407704278827,0.1816531433723867,1.0,,,,
1,18743296,0.2465202866587788,0.8406185209751129,0.0027522295572453004,0.14662553544621915,1.4519181014038622,0.006572236993633851,-0.0013582298990968411,0.15387640963308513,-0.2255710168974474,-0.027677190220856573,0.5036404193378985,-0.4383102327119559,0.12490083603188396,0.2465202866587788,0.8406185209751129,0.0027522295572453004,0.14662553544621915,1.4519181014038622,0.006572236993633851,0.07181424266309477,0.10095619986532256,0.028182141133584082,0.47516093391459435,0.115238125261385,0.012033700229949318,0.1150582431582734,0.25325181434163824,0.9238911611028016,31.73110620677471,0.0,0.26398516981862485,13.116894148290157,6.474453473925834e-05,2.693004253320396,29.218619018793106,0.00012017650609466579,4.826811674982309,0.006797972186177503,-0.06477987999096513,0.18972645048052073,1.0,,,,
1,18808832,0.23897888557985425,0.9147250643000007,0.0025490186174010887,0.17540914879646152,1.819486131425947,0.006930126080533228,-0.001274600763053968,0.17448476213030517,-0.25852028001099825,-0.026972595871484373,0.5194947253912687,-0.44002314866520464,0.15446375403553247,0.23897888557985425,0.9147250643000007,0.0025490186174010887,0.17540914879646152,1.819486131425947,0.006930126080533228,0.07512658089399338,0.12986390647711232,0.029570897138910368,0.5298364496557042,0.12230419329716824,0.012296561231778469,0.12183705807547085,0.2883374827215448,0.9138037883676589,46.435572281479836,0.0,0.26561687840148807,15.279258646070957,6.876761547891519e-05,2.810288271866739,29.943418726325035,0.00013219136157172073,4.708495181053877,0.007575950818136334,-0.06420671311207116,0.18499080184847116,1.0,,,,
1,18874368,0.19622300483752042,0.8678685217164457,0.0010232685973221578,0.1631996891228482,1.6163901626132429,0.005245231802973649,-0.0021798757748001663,0.1713589085265994,-0.3994312323629856,-0.04096589528489858,0.5088831447064877,-0.5159312372561544,0.1829395762179047,0.19622996961697936,0.8678685217164457,0.0010232685973221578,0.16319834731984884,1.6163901626132429,0.005245231802973649,0.07288591848919168,0.11712066794279963,0.03172940161311999,0.48309225437697023,0.08762721149832942,0.011943973651796114,0.08584906131727621,0.2300340336514637,1.2531176111660898,87.79630361497402,0.0,0.33396512153558433,22.885724171996117,4.8902382151716495e-05,3.4373842123895884,30.135567486286163,0.00012332120651592504,4.619775902479887,0.007500100102333818,-0.07269654655829072,0.18686693627387285,1.0,,,,
1,18939904,0.15028878999563555,0.8272572575012843,0.010661588955469294,0.0967943966947496,1.4033368312194945,0.004660108747872679,-0.0015655093155733841,0.17368632907091525,-0.26578211740149227,-0.0425998153026607,0.4779079064557057,-0.7172747806404368,0.1186233788728714,0.25351338495966047,0.8498586560599506,0.00024326314562728157,0.15149367792764679,1.5171310240402818,0.0009140920769823424,0.07116189043154009,0.10706670896615833,0.027864220857736655,0.4458685819990933,0.1335861566476524,0.011760087778384332,0.13328841057955287,0.2898444231468602,0.9230232709087431,34.2298448830843,0.0,0.25126299809198827,19.35827525705099,3.142792257948557e-05,3.00148699991405,29.15178856253624,2.8441381684229938e-05,4.797393467277288,0.0063990253111114725,-0.07261131098493934,0.19133505108766258,1.0,,,,
1,19005440,0.28911589877679944,0.8447237382642925,0.0031341610747404047,0.16659166186582297,1.5871660076081753,0.007272531704984431,-0.002508784763449512,0.0835898660152452,-0.2813887073425576,-0.03197050448216032,0.5165116095449775,-0.5688692051917315,0.09882518416270614,0.16369463286519678,0.8289407737194056,0.009936053738049642,0.10352220829486487,1.4210553060521383,0.0049119085509677874,0.05632052106322743,0.06404030193849634,0.02406004424479016,0.3854142033595996,0.13537689702338482,0.008820724247180554,0.13347013065057067,0.46077917789456896,1.2288624954365015,69.38335064676288,0.0,0.3249357129139994,16.59364952794725,4.849069378972523e-05,3.61715526921683,40.8172323081014,8.838383865083692e-05,4.693713555134923,0.006064252999190596,-0.06478025683437486,0.17563146424019732,1.0,,,,
1,19070976,0.2101639435859397,0.8657174506224692,0.002456239485070455,0.1589477106463164,1.5469801435247064,0.005635672206608433,-0.0010934330272220905,0.1351813716464676,-0.2374010339844972,-0.03962450480321422,0.5053662145510316,-0.5163949194829911,0.140468584257178,0.2101763706887141,0.8657174506224692,0.002456239485070455,0.1589533066144213,1.5469801435247064,0.005635672206608433,0.07131633174140006,0.11481541825924069,0.02897648284852039,0.4994137946050614,0.07963622879469767,0.011821791187685449,0.07857501355465502,0.2036153285880573,1.0029603657312691,60.88656795024872,0.0,0.23604023642838,13.982891827821732,7.604497478475025e-05,3.110300589352846,29.73557437956333,9.766542244360465e-05,4.661259490996599,0.00804018837516196,-0.06995258387178183,0.18707859283313155,1.0,,,,
1,19136512,0.24170898227021098,0.8838890315964818,0.0026958708182291957,0.17019564617658034,1.5817712009884417,0.0070366500403906684,-0.0002945291606124556,0.24368770088767633,-0.2468135377857834,-0.036148631072137505,0.42373892525210977,-0.5159348673187196,0.09432045579887927,0.24171636323444545,0.8838890315964818,0.0026958708182291957,0.17019369936315343,1.5817712009884417,0.0070366500403906684,0.07620264374418184,0.12358901638071984,0.02979209007753525,0.4880729365395382,0.13915313367033377,0.01279914821498096,0.1385462600592291,0.32066774292616174,0.8902646079659462,52.818153873085976,0.0,0.2760060376022011,19.043692134320736,7.276001075240401e-05,3.0509872483089566,30.025429591536522,0.00015720697046894827,4.784343704581261,0.007802202115271939,-0.06719904695637524,0.18391616526059806,1.0,,,,
1,19202048,0.2425342759815976,0.875056971795857,0.0011263913063430664,0.16711840115021914,1.6509125037118793,0.0049824439644226,0.0007748038395902768,0.23026199208106846,-0.2708105589263141,-0.029526935177273117,0.5105737235862762,-0.5728012532927096,0.21561835682950914,0.2425342759815976,0.875056971795857,0.0011263913063430664,0.16711840115021914,1.6509125037118793,0.0049824439644226,0.07688552187755704,0.12031107215443626,0.0286884663219098,0.5181532402057201,0.10946359866647981,0.012741458100208547,0.10913861080189236,0.24883107212372124,0.9819433353841305,34.7048649713397,0.0,0.32839893421623856,16.572057209908962,5.349526889908418e-05,2.9959266521036625,33.59043675661087,0.00011022589406572969,4.698474939912558,0.008169325159542495,-0.07259385148063302,0.19000147213228047,1.0,,,,
1,19267584,0.21941284439526498,0.8632409577257931,0.001055507557339297,0.1639655965846032,1.5334793999791145,0.005481177628553269,-0.0009861437706604192,0.11346367321675643,-0.29100960784126073,-0.03892675346287433,0.4924986569676548,-0.47385394177399576,0.15509017708245665,0.2194202491082251,0.8632409577257931,0.001055507557339297,0.16396404861006886,1.5334793999791145,0.005481177628553269,0.0728010630409699,0.11823527421802282,0.03081381526135374,0.49270009936299175,0.12433138021151535,0.011907150357728824,0.12379663102910854,0.3152637240709737,1.0355212283320725,59.17657183110714,0.0,0.18887514882953838,17.128801584243774,5.40223265287354e-05,3.10479667596519,29.251853585243225,0.00011546504871684515,4.795820001512766,0.0060323973648337414,-0.07281626272015274,0.17459341837093234,1.0,,,,
1,19333120,0.25237765989732,0.9104740424081683,0.0021262717715444523,0.1714438023045659,1.6316785030066967,0.006273803540580047,-0.0006002396578992375,0.15410586714278907,-0.20636600721627474,-0.03141080099157989,0.49895093706436455,-0.44227885152213275,0.1624040820170194,0.25237765989732,0.9104740424081683,0.0021262717715444523,0.1714438023045659,1.6316785030066967,0.006273803540580047,0.07704965135781094,0.1258176288101822,0.0273506252997322,0.47789252374786884,0.1171254588116426,0.012681879299634602,0.11697851461940445,0.2507435563602485,0.8277236553840339,21.783320114016533,0.0,0.27797818230465055,11.904406435787678,7.020597187601396e-05,2.967325836420059,29.248242154717445,0.00013576185368968652,4.716750085353851,0.009470825902099023,-0.06942162243649364,0.19361806171946228,1.0,,,,
1,19398656,0.18980291311163455,0.8713263100944459,0.0010482453034228456,0.1674351633992046,1.548072226345539,0.003841281048607925,-0.0018221148952761723,0.1293483134941198,-0.33652784349396825,-0.046029911522055045,0.5128161900211126,-0.583511229371652,0.18138426449149847,0.18980915553402156,0.8713263100944459,0.0010482453034228456,0.16743363405112177,1.548072226345539,0.003841281048607925,0.07219749194337055,0.12283884640783072,0.03088554469286464,0.48456817911937833,0.08908968957257457,0.01191184594790684,0.08838749013375491,0.25654286181088537,0.9949063463136554,56.638462260365486,0.0,0.23250254755839705,19.294132620096207,6.470938780345215e-05,3.5200554877519608,33.92471086978912,4.533094875681931e-05,4.655290219932795,0.008382740754314,-0.07250079046934843,0.20052525959908962,1.0,,,,
1,19464192,0.14466900734851756,0.8212668234606584,0.010408236023364832,0.10401277680881321,1.3812593259165684,0.004676692837674636,-0.0005741497435121801,0.1139320431741847,-0.22700514951434647,-0.04206554314531388,0.427009834194129,-0.46011981491275944,0.12196971108516058,0.24862628104165196,0.8915866231545806,0.0008812069039549897,0.17828901985194534,1.622350832913071,0.004039608069433598,0.08397284898092039,0.1267727753147483,0.030240913925808854,0.5240990838501602,0.13710385988815688,0.014647965668700635,0.13613227327005006,0.29564898274838924,1.143164865206927,58.42102561891079,0.0,0.610824805451557,19.936527587473392,5.204166751197892e-05,3.778857668861747,30.080457761883736,6.139121159909333e-05,4.781694866716862,0.012855433640652336,-0.07275167596526444,0.20247001794632524,1.0,,,,
1,19529728,0.2772741874214262,0.8646762892603874,0.0018713275689492548,0.18884465016890317,1.6459661656990647,0.004901599968320625,7.525930504925782e-05,0.14959078896208666,-0.2089557617000537,-0.03270322153548477,0.4714213078841567,-0.4494011967908591,0.12412444944493473,0.15745608181782425,0.8254508683570179,0.009585401473541644,0.11218907153065574,1.4067732381847609,0.004698370633399551,0.05942326598851212,0.07077135374006557,0.02598652454143592,0.4275256462215659,0.13176978724175525,0.009337114822049344,0.1312626536966425,0.4975591114868062,0.84165385244302,41.9782911480281,0.0,0.18458583471800077,13.23203674934423,4.562532045752759e-05,3.6058823062999017,27.448214631836233,0.00011657346495139935,4.716615274009935,0.006085498448161402,-0.06611684352967394,0.1742930875934032,1.0,,,,
1,19595264,0.2032286657486111,0.8710532141849399,0.0006083350871222137,0.17770234518684447,1.651863019913435,0.0034340920410613762,-0.00044078490066112863,0.1624902481562458,-0.3386697374517098,-0.036806655625696294,0.5107572551351041,-0.47412664629518986,0.14328003767877817,0.2032346036285162,0.8710532141849399,0.0006083350871222137,0.1777032322715968,1.651863019913435,0.0034340920410613762,0.07716882711974904,0.13131283957045525,0.029962278669700027,0.5436140241799876,0.07868397832498886,0.012737173776258714,0.07802605588221923,0.21417983813444152,1.1257990337908268,60.934181936085224,0.0,0.35084919224027544,19.404346778988838,3.384560847491391e-05,3.580273389816284,29.694004997611046,9.737867080161777e-05,4.649529233574867,0.010569066122116055,-0.07260021008551121,0.1930597322061658,1.0,,,,
1,19660800,0.24776500114239752,0.8513742769137025,0.0021402813422355393,0.15992389025632292,1.7157950410619378,0.005811843636820413,-0.0012993670474088503,0.14258760685333982,-0.2653216164326295,-0.026600902194331866,0.515778633300215,-0.4937473479658365,0.10567304189316928,0.24776500114239752,0.8513742769137025,0.0021402813422355393,0.15992389025632292,1.7157950410619378,0.005811843636820413,0.07381574698956683,0.11391855304827914,0.02907686520484276,0.5125793118495494,0.12981655554904137,0.012262690062925685,0.1289002317498671,0.2812316128402017,1.0445530521683395,53.836026445031166,0.0,0.2551083747530356,15.390608213841915,7.150850332909853e-05,2.966540429741144,29.827573835849762,0.00011035806130016423,4.777836289256811,0.007337167151490576,-0.06990626081824303,0.19148111320100725,1.0,,,,
1,19726336,0.2296009078854695,0.8516542515717447,0.0026614275870997517,0.1561350520933047,1.52536794077605,0.0070797095249872655,-0.0009746954442277911,0.11071184778120369,-0.2142394745023921,-0.026242095249472186,0.503872029017657,-0.5211219706106931,0.18739518546499312,0.2296164643485099,0.8516542515717447,0.0026614275870997517,0.15613527013920248,1.52536794077605,0.0070797095249872655,0.07109398214379326,0.11142798111541197,0.029476891504600644,0.49420860887039453,0.10790801560506225,0.011710642575053498,0.10684893987490796,0.25390371412504464,0.9728499101474881,74.17735244333744,0.0,0.1701437797746621,12.285560753196478,7.327910971266505e-05,2.5265149883925915,31.25843246281147,0.00013853362660576352,4.7121269181370735,0.006321451703115599,-0.06687278510071337,0.18605802487581968,1.0,,,,
1,19791872,0.23929898103233427,0.8533358373679221,0.0029173826621899934,0.1677730749361217,1.6579808411188424,0.007623227372278052,-0.0001764646242463641,0.1996327078086324,-0.28047066379804164,-0.028505696463980712,0.496752378763631,-0.44641475984826684,0.13534705340862274,0.23930479935370386,0.8533358373679221,0.0029173826621899934,0.1677714359248057,1.6579808411188424,0.007623227372278052,0.07593194779474288,0.12055813003098592,0.030430534170591272,0.46204715699423105,0.12084845110075548,0.0122663301663124,0.12022592229186557,0.2740808803064283,0.9436721997335553,54.92516931891441,0.0,0.2841301551088691,16.617056973278522,6.998900821342247e-05,2.708871050737798,29.603284671902657,0.00012763814649030536,4.8034819811582565,0.007315651811950374,-0.06315987859852612,0.192308064782992,1.0,,,,
1,19857408,0.24978021928109229,0.8598402882926166,0.002956883606316296,0.1512769239488989,1.5879291030578315,0.0068177135071891826,0.0003625716060469131,0.19639829685911536,-0.182078288635239,-0.017585085166501813,0.5212330729700625,-0.3583953946363181,0.138537134276703,0.24978021928109229,0.8598402882926166,0.002956883606316296,0.1512769239488989,1.5879291030578315,0.0068177135071891826,0.07023135785129853,0.10747045936295763,0.027519252253114246,0.43315477238502353,0.11014974734280258,0.01155521070904797,0.10979829585994594,0.23841107450425625,0.8194242524914443,35.821627251803875,0.0,0.16293075936846435,13.17535600438714,5.723215325836861e-05,2.2868157913908362,29.864455550909042,0.00012435287389411798,4.7385636530816555,0.005333897250238806,-0.06966505874879658,0.1882570292800665,1.0,,,,
1,19922944,0.19635172106791288,0.8863537744618952,0.002539423716825695,0.17249616375193,1.5424095438793302,0.007088954060236574,-0.00048536093095208344,0.23053671562229283,-0.2440833426080644,-0.026098134796484374,0.5463861809112132,-0.3516147341579199,0.19976988923735917,0.19635620538610965,0.8863537744618952,0.002539423716825695,0.1724945503519848,1.5424095438793302,0.007088954060236574,0.07861350086750463,0.12363055977039039,0.0313564864336513,0.5494891597190872,0.0836731934978161,0.012942933724843897,0.0830068759387359,0.2207192595815286,0.9789917031303048,65.24952683597803,0.0,0.3514726934954524,16.482549473643303,7.466328409488909e-05,3.149215791374445,31.313931554555893,0.00014515063479492163,4.635318178683519,0.009341016764665255,-0.06664925091899931,0.1819629434030503,1.0,,,,
2,19988480,0.14122505694317322,0.8091272007177274,0.010407230570696507,0.09579813042034704,1.4008890205373365,0.004403013701739837,-0.0006694237407096656,0.11760164167363352,-0.21854414880256323,-0.027701462813536182,0.4196456690023479,-0.44218192286813673,0.11426734293500582,0.32276068010833114,0.8363457142841071,0.008954139937486616,0.18769655853975564,1.6350446336437017,0.006831341845554562,0.07854041992686689,0.1430433778441511,0.026453944330569357,0.43926043389365077,0.23856772802537307,0.01270219600701239,0.23842274147318676,0.48539337853435427,0.6851871281396598,13.346719320863485,0.0,0.20786268087977078,10.797666126105469,8.118212516938783e-05,3.383203943594708,24.366549790254794,0.00015903231520075778,4.885157577693462,0.010723115046403109,-0.054546819999814034,0.1631668924819678,1.0,,,,
2,20054016,0.29170028038788587,0.8569267988204956,0.003074794576377826,0.15905566653236747,1.5958567392081022,0.007016683024630765,-0.0007853709871028514,0.1418273110757582,-0.2166112035047263,-0.019815144150925335,0.48663634597323835,-0.39849281939677894,0.15654655708931386,0.15573358970570816,0.8137343908963074,0.009700489751966997,0.10189495223338704,1.419681089806808,0.004654933636476313,0.054814182227499876,0.06251213445569422,0.025015244216949915,0.4107298254181283,0.1290082544795271,0.008538874494212017,0.12860036080041115,0.4541182311599603,0.6614635947485825,33.4916515445606,0.0,0.14199455977552178,12.781750042726431,4.5550533877125196e-05,2.2630203513047062,27.059704384272806,6.62638682327896e-05,4.7234636006585085,0.003491386488075291,-0.06622746010052871,0.15399349507236157,1.0,,,,
2,20119552,0.2221084147458896,0.912018433213234,0.002599678415208473,0.16204176167957485,1.5467360094189644,0.006799343253078405,-0.00046132645104535186,0.12536651955451816,-0.2545232056872919,-0.04503581442986615,0.49332526745274663,-0.49080850812606514,0.18748908955603838,0.22211546474136412,0.912018433213234,0.002599678415208473,0.16204085561912507,1.5467360094189644,0.006799343253078405,0.06995656350045465,0.12036993668880314,0.02747714109136723,0.48235733585897833,0.0707165034400532,0.011633981572231278,0.0700161843560636,0.17042314432910644,0.9329160344786942,58.10880259424448,0.0,0.21516873221844435,14.640825279057026,7.34414950569473e-05,3.2818988114595413,29.161883369088173,0.00015371525598784075,4.698461372405291,0.009431086871700245,-0.06629521818831563,0.19151414919178933,1.0,,,,
2,20185088,0.24965902604162693,0.8740879548713565,0.0025788876605474798,0.18507689685793594,1.5304441465996206,0.007072732383676339,0.001481123908661175,0.18434311862802133,-0.19690108217764646,-0.039751144184265286,0.4652201507706195,-0.5140066544990987,0.07712462591007352,0.24965902604162693,0.8740879548713565,0.0025788876605474798,0.18507689685793594,1.5304441465996206,0.007072732383676339,0.08269768848549575,0.13687261519953609,0.02849551202962175,0.4882178857224062,0.12867063516023336,0.01365109044854762,0.12856074811861617,0.28941551185562275,0.9437127467244864,27.720507502555847,0.0,0.3231818093918264,12.319458708167076,6.60049818082542e-05,3.3976510548964143,29.69095066189766,0.00017979091629793942,4.854174986481667,0.012036326799716335,-0.0655760052613914,0.189927923027426,1.0,,,,
2,20250624,0.22325789206661284,0.8873451366089284,0.0011756691101254546,0.17568202002439648,1.682249981444329,0.005795498947009037,-0.0007993895451363642,0.1976041485904716,-0.34387782332487404,-0.029257777277962305,0.50072205462493,-0.4477191062178463,0.1817888318328187,0.22325789206661284,0.8873451366089284,0.0011756691101254546,0.17568202002439648,1.682249981444329,0.005795498947009037,0.07850162097020075,0.12781580403679982,0.030512391997035593,0.4808036854956299,0.11459068008116446,0.012792048859409988,0.11422398185823113,0.28498555172700435,1.1096893083304167,33.73358619213104,0.0,0.3445871165022254,19.72485699504614,6.543990679475087e-05,2.918358163908124,29.157031372189522,0.00013178130410612665,4.676157981157303,0.00965401088615181,-0.0726657067425549,0.1926779691129923,1.0,,,,
2,20316160,0.22660688066389412,0.8671359834261239,0.0018814517500231887,0.16446970857214183,1.5759893069043756,0.005858835648268723,-0.0023139654554142908,0.2050253763445653,-0.4388554204488173,-0.032316341952537186,0.5040529652033001,-0.4788208219688386,0.16430759959621355,0.22660698962863535,0.8671359834261239,0.0018814517500231887,0.16446823347359896,1.5759893069043756,0.005858835648268723,0.07572659442666918,0.11621333193033934,0.031346336894785054,0.49500265053939074,0.12900612014345825,0.012622387090232223,0.12789424613583833,0.30206240131519735,1.201368996873498,71.2655667513609,0.0,0.33378287171944976,25.60160994529724,6.406378117018718e-05,3.026686371304095,29.643994316458702,0.00011950938715132864,4.7469179928302765,0.006819381032983074,-0.07050723419524729,0.182136986637488,1.0,,,,
2,20381696,0.22844154806807637,0.8760275528766215,0.0027097655852230673,0.16383880260400474,1.6300527760758996,0.0068892768504156265,-0.001751764150640156,0.10602917011419777,-0.20987925643566996,-0.02069980102533009,0.5085828609298915,-0.39673071075230837,0.16444070520810783,0.2284577509853989,0.8797381352633238,0.0027097655852230673,0.16389250732026994,1.6498276814818382,0.0068892768504156265,0.07526327099185437,0.1167287991847843,0.030150127233355306,0.5458801772911102,0.11363824422005564,0.01241312386264326,0.1130622039490845,0.26495087787043303,0.9126013903878629,50.30014297366142,0.0,0.23544862738344818,12.035875909030437,6.906026361508388e-05,2.690573710948229,29.210267812013626,0.0001279046263853445,4.707603141665459,0.007730190278380178,-0.06511205364950001,0.20545303006656468,1.0,,,,
2,20447232,0.20102838869206607,0.8717044326476753,0.002520468961847655,0.17486776551231742,1.5843581720255315,0.006894761588227993,-0.001135031312173851,0.17068166541866958,-0.23709311848506331,-0.03758701984770596,0.4895320732612163,-0.5037356677930802,0.17285997467115521,0.20102838869206607,0.8717044326476753,0.002520468961847655,0.17486776551231742,1.5843581720255315,0.006894761588227993,0.0760983430664055,0.12820259004365653,0.031191195928840898,0.5186868876917288,0.08064210487646051,0.012481552395911422,0.0803222181275487,0.21722628053976223,1.0105780558660626,37.279941372573376,0.0,0.26291506353300065,14.460987165570259,7.864954453040696e-05,3.14545233361423,29.755519539117813,0.0001635791543552756,4.632369190454483,0.008711739694263088,-0.06579204020090401,0.1864247206831351,1.0,,,,
2,20512768,0.1379098467544342,0.800407488917311,0.011110675062482187,0.10756697832917174,1.344406351496776,0.005700873450138412,-0.0009509683839435941,0.05361064361582976,-0.1846185572980418,-0.031791046538387865,0.4603592762871994,-0.42149496217277677,0.10242856949567794,0.2559451190754771,0.9098469563759863,0.002719350244205998,0.18260840082075447,1.6664984007366002,0.007575986560368619,0.07704261032631621,0.1374460034421645,0.028909754793858156,0.4901568207424134,0.14790557607193477,0.012341944173385855,0.1465402408502996,0.3414575377246365,1.003849258646369,86.21259638667107,0.0,0.249332589446567,21.297238908708096,6.969402298473426e-05,3.334006581455469,30.917457461357117,0.000164256942394303,4.783048763871193,0.009582531256455695,-0.06701637292280793,0.21991864801384509,1.0,,,,
2,20578304,0.2703682720893994,0.8541795900091529,0.001921379387624711,0.1684644580236636,1.5750324013642967,0.005266164943691365,-0.0012292334033645602,0.10850537772057578,-0.26237817923538387,-0.02982802012047614,0.4968341561034322,-0.40304821776226163,0.09609241597354412,0.15067692389515375,0.805590342034597,0.010224959816712792,0.1134366149262312,1.3666353683514767,0.005658973835059178,0.058828657509826396,0.0710431651243132,0.028147265897833753,0.41733182880309333,0.12659270829431354,0.0092204367497891,0.1264732457828534,0.5005989483142473,0.7322091633813029,19.257814601232038,0.0,0.12167916438929423,11.063101241224816,5.390110568305947e-05,2.5670691845519187,26.845907574553177,9.367558400706817e-05,4.722488168492375,0.004249813408746541,-0.060080991833504425,0.1626232375323503,1.0,,,,
2,20643840,0.19373940385412425,0.850080095231533,0.0006427127556776213,0.175445920904167,1.5941269076429307,0.002536953634034944,-0.0019800946956820553,0.11896645213710144,-0.27331894636154175,-0.05627884666319005,0.5160386019852012,-0.4636616597417742,0.15314558590762317,0.19374567130580544,0.850080095231533,0.0006427127556776213,0.17544514883775264,1.5941269076429307,0.002536953634034944,0.07275986246531829,0.13111034024041146,0.030996940404293127,0.5045987556222826,0.08725137048168108,0.011784751863160636,0.08624293454340659,0.24659245077054948,1.1534193884581327,82.44784700870514,0.0,0.2767710939515382,15.684245489537716,4.877748125925452e-05,4.227883901447058,29.810385420918465,6.435946792637814e-05,4.617311663925648,0.008898546529962914,-0.07258333032950759,0.17595806648023427,1.0,,,,
2,20709376,0.24439718725625426,0.8830137918703258,0.001089814818897139,0.16180756886024028,1.5180197772569954,0.005053326733104768,0.00042432006682702195,0.15428491140482947,-0.21011525578796864,-0.03438604100665543,0.5057941749691963,-0.4216627518180758,0.1290816073305905,0.24440427217632532,0.8830137918703258,0.001089814818897139,0.1618104453664273,1.5180197772569954,0.005053326733104768,0.075403291702969,0.11552608071360737,0.028353085945127532,0.4535952078877017,0.13673801225377247,0.012221606433740817,0.13644777610898018,0.29536162147996947,0.8567955819889903,36.52698131650686,0.0,0.2930217117536813,12.449275717139244,5.5431005201667105e-05,3.390225499868393,29.113365933299065,0.00012920955928197309,4.7891357988119125,0.008344371324710664,-0.072622504318133,0.18753013864625245,1.0,,,,
2,20774912,0.2271864548092708,0.8708862541243434,0.0022897333312812407,0.17949207010678947,1.6028595929965377,0.007084906221280107,-0.00015094124535153242,0.17350740998517722,-0.2221674647880718,-0.039860599135863595,0.5101550649851561,-0.4219769414048642,0.17571212392067537,0.2271864548092708,0.8708862541243434,0.0022897333312812407,0.17949207010678947,1.6028595929965377,0.007084906221280107,0.07424079795600846,0.13573998340871185,0.029493251888197847,0.44960518495645374,0.11220379962469451,0.012160916332504712,0.11208430730039254,0.2883652560412884,0.8638485013507307,22.896917887032032,0.0,0.23707280738744885,13.088096179068089,6.514497064125102e-05,3.287124438211322,29.22973246872425,0.0001515659628337218,4.695586901158094,0.009025527728226734,-0.06967344367876649,0.1794240444432944,1.0,,,,
2,20840448,0.23560691042803228,0.893712701741606,0.0024878644594537036,0.16845526196993887,1.5877496893517673,0.006367537482219632,-0.0007471497043525233,0.165468618622981,-0.17007691995240748,-0.04277956855366938,0.4807667061686516,-0.4883337065111846,0.17072835890576243,0.23565179598517716,0.9078722554259002,0.0024878644594537036,0.16851314262021333,1.6111495890654624,0.006367537482219632,0.07412169774761423,0.12374633166473359,0.02914694815990515,0.5157479646150023,0.11963925906457007,0.012333485654380638,0.11836987567949109,0.26309891790151596,1.1495329746976495,86.19929228723049,0.0,0.21051276120124385,12.1535067781806,7.446967588231601e-05,3.138207368552685,30.136896893382072,0.000152996839515529,4.815489884465933,0.008624755722848931,-0.06879455107264221,0.2022393352817744,1.0,,,,
2,20905984,0.23168870655354112,0.9168922603130341,0.0008745520740376378,0.18907786416821182,1.6121844542212784,0.003554827717380249,0.0009605471575468982,0.21133547008503228,-0.18555757188005373,-0.052179601188981906,0.5097166965715587,-0.46786443423479795,0.12367189140059054,0.23168870655354112,0.9168922603130341,0.0008745520740376378,0.18907786416821182,1.6121844542212784,0.003554827717380249,0.0774382539675571,0.14595937635749578,0.027419839272624813,0.4648752926150337,0.11022617400158197,0.012819034469430335,0.11010442045517266,0.26761115225963295,0.9200228303670883,37.74922449886799,0.0,0.24945945001672953,13.923784792423248,4.877232359457029e-05,4.018637966364622,29.35551565885544,6.417981952999696e-05,4.735632333904505,0.012903905488201417,-0.07246219855733216,0.20606494811363518,1.0,,,,
2,20971520,0.20866273972205818,0.8319728514179587,0.0005426709359426241,0.15814902039710432,1.5293086864985526,0.0031138907233980717,-4.920205088865259e-05,0.1419552465667948,-0.19557561201509088,-0.03892104062833823,0.5108895769808441,-0.4050723898690194,0.12522374675609171,0.20866273972205818,0.8319728514179587,0.0005426709359426241,0.15814902039710432,1.5293086864985526,0.0031138907233980717,0.07123748073354363,0.11388053314294666,0.029545042241807096,0.47667456639464945,0.06724012104677968,0.011944581863644999,0.0670935622183606,0.17859448661329225,1.0854369034059346,31.15988241136074,0.0,0.19418619689531624,11.252982717007399,4.738176686425177e-05,3.2159941829741,29.271816834807396,1.4917366827349454e-05,4.685573872178793,0.006682500425085891,-0.07265491667203605,0.19029473676346242,1.0,,,,
2,21037056,0.1410305925567324,0.8125831091155609,0.01150834317927244,0.11222061569492023,1.4346139255414407,0.006409126062208089,-0.000701828531987303,0.11045676404425953,-0.18659487250168846,-0.03660668211359204,0.4412673608143814,-0.4553918241312689,0.1138330052793026,0.2393976766616106,0.9101999406702816,0.0006483399702119641,0.1703985967906192,1.6238810024224222,0.003992834115251753,0.07541717274580151,0.12410483614075929,0.03038583001762163,0.45023670699447393,0.14914930233499035,0.012344683469564188,0.14893295586807653,0.34911298321094364,0.8817345225252211,33.80288899689913,0.0,0.19853144499938935,11.46672036126256,5.6352166324713515e-05,2.856365727260709,28.433147072792053,6.045663099452092e-05,4.780403282493353,0.0065699261795089114,-0.0726099160965532,0.1786610740236938,1.0,,,,
2,21102592,0.2755907633109018,0.8264444395899773,0.002455609002709025,0.1725784427835606,1.678824378643185,0.0071492875804324285,-0.000830877629311999,0.10948234898387454,-0.18552421522326767,-0.027169654840690782,0.49560287431813776,-0.45240772794932127,0.08473193412646651,0.15400287767462656,0.8139191409685167,0.010635790487555483,0.11803804709385317,1.45815228246691,0.006480466931434531,0.061423892393730674,0.07273246063738613,0.031082102672634535,0.4533687305962106,0.13149162510365067,0.009851010907609689,0.13125394156317688,0.5239184447283666,0.7607374011078872,26.33350450758744,0.0,0.12776394257867563,11.2326292478457,5.776862114570269e-05,2.8786876910542847,27.525321026327067,0.0001066139570591425,4.711151926991451,0.0033983214977185076,-0.06359053183212338,0.152965355625219,1.0,,,,
2,21168128,0.2005679493304342,0.872734843287617,0.002033081937725001,0.1753583918325603,1.6696727173402905,0.005985242517454026,-0.001050515961878773,0.1272032874985598,-0.2531331809004769,-0.04344670996943023,0.482771840877831,-0.49056557356379926,0.14906629745382816,0.2005679493304342,0.872734843287617,0.002033081937725001,0.1753583918325603,1.6696727173402905,0.005985242517454026,0.07403477717889473,0.1299020824371837,0.031219551208778284,0.4700281881960109,0.08077984169358388,0.012125282977649476,0.08010685615590774,0.22227864240994677,1.0600649961270392,48.574474558234215,0.0,0.22531056380830705,14.672283723950386,6.10871898381049e-05,3.371994014829397,29.58772002160549,0.00016074618405648167,4.639584753662348,0.0074204058037139475,-0.07132910494692624,0.1838344510179013,1.0,,,,
2,21233664,0.2321203777100891,0.8568684281781316,0.0010402285683994705,0.16853432438801974,1.6065964386798441,0.004830390385905048,-0.0012418493463428604,0.12724878045264632,-0.24971434439066797,-0.03921286044351291,0.5065063375514001,-0.5201657023280859,0.07458442146889865,0.23215976997744292,0.8684525974094868,0.0010402285683994705,0.16860131651628762,1.6309838271699846,0.004830390385905048,0.07438618189189583,0.12314930750289932,0.029201534212916158,0.49506574182305485,0.12851253752887715,0.012311050813877955,0.12781346179690445,0.2914324688608758,0.968571478035301,55.875116512179375,0.0,0.2157899572630413,14.31748216599226,6.588934223716869e-05,3.159752774052322,30.772285789251328,0.00011675594323490301,4.794007554650307,0.007511863599575008,-0.07265997468493879,0.23568222345784307,1.0,,,,
2,21299200,0.25261495145969093,0.8688075537793338,0.00032679991795703245,0.17421584750991315,1.5670613679103553,0.0009383598935528425,-0.0008603756885463554,0.22844841633923352,-0.258516181493178,-0.018836621296941303,0.5141000975854695,-0.4092775681056082,0.18424328020773828,0.2526209024945274,0.8688075537793338,0.00032679991795703245,0.174213673803024,1.5670613679103553,0.0009383598935528425,0.08051485440228134,0.12618501036195084,0.027897707172087394,0.49490532325580716,0.10500715774833225,0.01327637599024456,0.10392673042952083,0.23109128497890197,1.080905754584819,84.00763174891472,0.0,0.3497653092490509,16.85957120731473,4.180379888962804e-05,2.6774320593103766,29.555912420153618,2.7028223191838396e-05,4.72086575627327,0.00888654456139193,-0.072653001639992,0.18960998463444412,1.0,,,,
2,21364736,0.2320201190887019,0.8776311315596104,0.0005674267565041191,0.17622346011921763,1.761400945018977,0.0023990444692572055,-0.0007596965072025341,0.29664904612582177,-0.567607227480039,-0.01259401645802427,0.5086875797715038,-0.42261143820360303,0.16963181958999485,0.2320647242013365,0.896106262691319,0.0005674267565041191,0.17628518329001963,1.78479376854375,0.0023990444692572055,0.08153056603623554,0.12571007607039064,0.0318055418174481,0.5556871058652177,0.13690302838222124,0.013608971079520416,0.1360925104818307,0.32131730660330504,1.1036594118922949,63.56813387572765,0.0,0.4077240285696462,34.31255792826414,5.4790973246898744e-05,2.943086047656834,30.166090711951256,2.454373781679564e-05,4.781326692551374,0.009390522882313235,-0.07260035118088126,0.2177975616650656,1.0,,,,
2,21430272,0.24087701248936355,0.8544056946411729,0.0008085073907295737,0.17629054503049701,1.6596581563353539,0.004858616278397676,-0.0005180972690368435,0.2822455139248632,-0.21048440143931657,-0.0257814425081051,0.5052186883985996,-0.448799469973892,0.1527032297453843,0.24088286818005145,0.8544056946411729,0.0008085073907295737,0.17628938029520214,1.6596581563353539,0.004858616278397676,0.07464402780169621,0.13263043446931988,0.027736331379855983,0.4675421353895217,0.11078491184161976,0.012165426873252727,0.10965584104997106,0.24790609459159896,1.013112974818796,70.38033525645733,0.0,0.2368708160938695,17.530950121581554,5.316079867845325e-05,2.9462857842445374,29.772429317235947,4.1847565524610886e-05,4.704510133713484,0.008884568567737006,-0.07263240497559309,0.18853431148454547,1.0,,,,
2,21495808,0.18818514537997544,0.8965666531585157,0.0019334862652158336,0.1861353301210329,1.7444051713682711,0.0057710419382601685,-0.0023081117797119077,0.15474797625211067,-0.3860382828861475,-0.06015010812552646,0.5074914374854416,-0.5345848258584738,0.20663492695894092,0.18818514537997544,0.8965666531585157,0.0019334862652158336,0.1861353301210329,1.7444051713682711,0.0057710419382601685,0.0752925201668404,0.14056747435824946,0.03237135116069112,0.4792573497397825,0.09378364458098076,0.012424241300323047,0.09369733149651438,0.28583264898043126,0.9985326621681452,19.81383264809847,0.0,0.261178781860508,22.297485820949078,8.494746080989213e-05,4.376056596636772,30.72111338376999,0.00013247711702213394,4.598101641982794,0.009310579334851354,-0.07082369271665812,0.1752237647306174,1.0,,,,
3,21561344,0.1584078509795169,0.847086203644673,0.011373187111397176,0.11412262267122666,1.4550609609857201,0.005059930024290225,-0.0379614813981929,0.3159072042384651,-0.49750750626641094,-0.028769803458283907,0.4558228892077265,-0.45348575914783096,0.1371320705115795,0.3287161752814427,0.8627892064396292,0.01212169051177625,0.19524765497772023,1.4282343976665288,0.008521014157850004,0.0896164748701267,0.1445085246959934,0.02735856997605879,0.4543407707242295,0.23662720544962212,0.015593793832522351,0.23641343845520169,0.4620643426897004,0.8021006951457821,12.880450590746477,0.0,0.46146551275160164,14.436402477615047,9.392711220312933e-05,3.7891563036391744,24.535731776151806,0.00020014564053294492,4.908061072230339,0.015924924652154004,-0.051639320561662316,0.16953972110059112,1.0,,,,
3,21626880,0.29033647442702204,0.9161484376527369,0.0022806900683463027,0.22047530522104353,1.6767806098796427,0.006961810586972206,-0.018674731596547645,0.5323303187033162,-0.7138447193428874,-0.021840225552296033,0.5527133566793054,-0.4959780424833298,0.20080995373427868,0.17113854626687355,0.8564477849257998,0.010496801854235648,0.12438801104337516,1.480834868377501,0.005243243813464391,0.0713453398910856,0.07453271766412016,0.028688073400211667,0.4889073835472655,0.14063749793097827,0.012242411889545396,0.13973802067086954,0.44684929053961153,1.8384663842573583,53.095716393182435,0.0,2.6909534381190596,30.635335510349776,7.272170235197844e-05,4.795560472120997,28.14042069784545,0.00019045720348165852,4.658058192715587,0.03022253055853772,-0.06720147887805858,0.20808519383735327,1.0,,,,
3,21692416,0.23483512259554118,0.9430795232765377,0.000514417906174458,0.18956250813789666,1.8847100650891662,0.001434484495121069,-0.01031580751441652,0.4127194262109697,-0.5268349854741246,-0.0034837212580214327,0.6871201330795884,-0.49870691704563797,0.23716053762473166,0.2349045240553096,0.9573930962942541,0.000514417906174458,0.18962607672438025,1.9017711756750941,0.001434484495121069,0.08783802652033046,0.13708243373548612,0.03193768148776144,0.6438111223978922,0.09201406600186601,0.015738095229608007,0.0875880571838934,0.20820703351637349,2.6776456888765097,125.88376231491566,0.0,1.0975309712812304,31.860128834843636,3.6285046348283334e-05,4.767957143485546,39.86094646155834,8.154870875820563e-05,4.6186463087797165,0.020603618715540506,-0.07476257043890655,0.22000554366968572,1.0,,,,
3,21757952,0.24399299686774611,0.8571192035451531,0.0019315727763569157,0.1586688975803554,1.6292383805848658,0.005019601926505857,-0.0058697367403510725,0.13705156351352343,-0.5040594441816211,-0.00519423649438977,0.5227291374467313,-0.49486183817498386,0.09328093472868204,0.24399299686774611,0.8571192035451531,0.0019315727763569157,0.1586688975803554,1.6292383805848658,0.005019601926505857,0.07329431574908085,0.11194437474478036,0.03067201671365183,0.5212963969679549,0.13033992888813373,0.012550126128189731,0.13025213810033165,0.27770867352955975,1.2462492976337671,33.377537950873375,0.0,0.44576766819227487,28.880479216575623,5.985664608820773e-05,2.975422777235508,30.036097392439842,8.615590196558998e-05,4.768968638032675,0.010541019248194061,-0.06956713693216443,0.17388630378991365,1.0,,,,
3,21823488,0.2131453346228227,0.8896756917238235,0.0024951949235401116,0.15655028086621314,1.7767440034076571,0.0065066165016105515,-0.0026900116445176536,0.12667115725344047,-0.41876005521044135,-0.027344976741005667,0.526731881313026,-0.46552719827741385,0.19399271137081087,0.2131848322460428,0.9045346491038799,0.0024951949235401116,0.15661707904655486,1.8027816899120808,0.0065066165016105515,0.07006866583833471,0.11098194029182196,0.031956571925547905,0.49975387030281126,0.12341315404046327,0.011604339764744509,0.12256187514867634,0.29866408358793706,0.9297891855239868,51.56171885877848,0.0,0.2505746877286583,25.04845755547285,7.196465338160651e-05,2.870056631974876,30.611726820468903,0.00012748226926539985,4.659076329320669,0.005987855063722236,-0.06459947279654443,0.20477761141955853,1.0,,,,
3,21889024,0.22249152383301407,0.8686929694376886,0.0026641457502591948,0.16750466474331915,1.7019700012169778,0.007023321986707742,0.00046796697603213033,0.2558548100205371,-0.20043609058484435,-0.03640446778445039,0.5155368666164577,-0.4993432469200343,0.17713393655139953,0.22251425520516932,0.8686929694376886,0.0026641457502591948,0.1675014466745779,1.7019700012169778,0.007023321986707742,0.07287111695040949,0.1213739542872645,0.03194075872306712,0.5080217838985845,0.12232517264783382,0.011829125636722893,0.11971930030267686,0.2897901418036781,1.2410541023127735,112.1881751716137,0.0,0.16906305751763284,16.04304300248623,6.596566164851492e-05,3.2592856381088495,29.77548409998417,0.00012380358248786916,4.756263133138418,0.0062886550767871086,-0.06780712050385773,0.18581347190774977,1.0,,,,
3,21954560,0.23690245021134615,0.8561814604327083,0.00283280514395301,0.1567549182800576,1.6604458605870605,0.006556662503044208,-0.00043215127703888356,0.1551226979936473,-0.18415269471006468,-0.022198686201591045,0.5266923583112657,-0.5135924674104899,0.16291227471083403,0.23690245021134615,0.8561814604327083,0.00283280514395301,0.1567549182800576,1.6604458605870605,0.006556662503044208,0.07066625263541937,0.11189785168971866,0.02959023271978367,0.49353064969182014,0.10910374892409891,0.011721325703547336,0.10898992884904146,0.24926582895568572,0.7630129931494594,29.460066728293896,0.0,0.13811593258287758,11.860714383423328,6.4494714210106e-05,2.526347916573286,30.975864246487617,0.00010555951315538437,4.758284896612167,0.006168997693748679,-0.06580787850543857,0.18564346060156822,1.0,,,,
3,22020096,0.19706876785494387,0.8831672733649611,0.002573731766005949,0.1775509548606351,1.6719325776211917,0.007087349684297806,-0.00021383625949056295,0.16308740922249854,-0.25293614726979285,-0.03585854449192993,0.5118258360307664,-0.466855704318732,0.19753961300011724,0.19706876785494387,0.8831672733649611,0.002573731766005949,0.1775509548606351,1.6719325776211917,0.007087349684297806,0.07652176212286577,0.13018519151955843,0.032302760577294976,0.48780011443886906,0.09690910644712858,0.012452282448066399,0.0968250535079278,0.26349976094206795,0.8347960170358419,23.502461589872837,0.0,0.2923752717906609,14.90751200914383,6.842722663491507e-05,3.639415867626667,29.402102932333946,0.00012846985183134763,4.628436356782913,0.008420587681030156,-0.06604388356208801,0.17760442104190588,1.0,,,,
3,22085632,0.1438972375324617,0.8085322814186414,0.0101652933736356,0.0968539692958196,1.4204459928721191,0.004873802529691602,-0.0008237617044107992,0.08979165249470195,-0.21763238437939436,-0.022980135436641833,0.4658130326414539,-0.6807903730478817,0.10741846099495889,0.24015365878585726,0.8654669397510588,0.0025212563284640055,0.1663640635088086,1.701038331259042,0.00700820871952601,0.07387123967055231,0.1198343129362911,0.03108715840789955,0.48750165989622474,0.140272992401151,0.012108666531275958,0.13955825378070585,0.3241301020607352,0.8441808205097914,57.40230942517519,0.0,0.18768715055193752,13.789761241525412,6.720881834243464e-05,3.126327820122242,29.97928947210312,0.0001309226479060399,4.74660411849618,0.005986565862258431,-0.0680400189012289,0.17381873819977045,1.0,,,,
3,22151168,0.29302825569175184,0.827380443457514,0.00295949846122312,0.16522373771294951,1.6391836521215737,0.006947429519641446,-0.0002891550888080019,0.14644623373169452,-0.20153576123993844,-0.027624924538031337,0.5194812554400414,-0.4682143609970808,0.14028021111153066,0.15827961333926363,0.8105905538043344,0.009470758924246446,0.10344894543424787,1.4431815941604864,0.005073670191373515,0.054921617700594914,0.06422140352366246,0.02505551623068301,0.40016739354300573,0.12883068685011703,0.008469845576447445,0.12821194097113583,0.4251431930299669,0.6386271895986634,42.34103826102408,0.0,0.13039547520379693,12.709918329719432,5.032123636445788e-05,2.3756544511184567,38.61537111167381,7.926715571555156e-05,4.74383234008249,0.0035847839944068826,-0.061262495703546395,0.17282887247492032,1.0,,,,
3,22216704,0.19081638474017382,0.8620283273048699,0.002252341433404581,0.17591827060095966,1.7594512957148254,0.00657280385530612,-0.0008936340969967205,0.1614270608406514,-0.22610572760459036,-0.04953859793022275,0.5268380339257419,-0.4921207211446017,0.1824954601470381,0.19082326348870993,0.8620283273048699,0.002252341433404581,0.1759176388150081,1.7594512957148254,0.00657280385530612,0.07228698505787179,0.1314269610447809,0.03223406174220145,0.47629472136031836,0.08748718767310493,0.01191282486252021,0.08682309102732688,0.25186078011756763,0.9616209757514298,62.025653541088104,0.0,0.20307537005282938,14.225769720971584,7.179692196929155e-05,3.9530825838446617,31.361469507217407,0.00017657817943383947,4.62377105653286,0.007198303243058035,-0.06963447947055101,0.18318312242627144,1.0,,,,
3,22282240,0.24436515476554632,0.9126453469507396,0.002135789059821036,0.16095561278052628,1.6822643373161554,0.006308438504674996,-0.001059615417830173,0.15746076629147865,-0.25540807272773236,-0.03996801262837835,0.5125952058006078,-0.40609836811199784,0.08246307642548345,0.24440546822734177,0.9247712646611035,0.002135789059821036,0.16100823413580656,1.6951975971460342,0.006308438504674996,0.07396529929246753,0.11539353092666715,0.029567188626970164,0.4748437977395952,0.13496233383193612,0.012485967308748513,0.13281748960434925,0.2908020601971657,1.2222075653262436,115.59591753780842,0.0,0.2222842170158401,16.72817987948656,6.25925345568712e-05,3.29082113225013,29.80821491777897,0.00012607536778164175,4.772309187799692,0.007339217476328486,-0.06920080934651196,0.20441728725563735,1.0,,,,
3,22347776,0.21772956335917115,0.8649428649805486,0.0006052462383649981,0.1879417321179062,1.809096917975694,0.0025415999659799127,-0.00033346939721923263,0.17840206166147254,-0.24033577332738787,-0.05368659854866564,0.51651047822088,-0.4367862939834595,0.197683448321186,0.21773354813922197,0.8649428649805486,0.0006052462383649981,0.18793996050953865,1.809096917975694,0.0025415999659799127,0.07518101733876392,0.14383180462755263,0.030357846088008955,0.43169897131156176,0.11363244822132401,0.012286592769669369,0.11333565023960546,0.29892854229547083,0.9750068718567491,32.3962209969759,0.0,0.23325349879451096,14.111481919884682,5.2679772112318446e-05,4.099512115120888,29.637285634875298,8.954420744355929e-05,4.646344870328903,0.00968965227730223,-0.07265340187586844,0.1808943443465978,1.0,,,,
3,22413312,0.23217835021205246,0.8627987187355757,0.0012700066027946377,0.16994739789515734,1.6248285854235291,0.0038331566902343184,-0.0006374322582587411,0.11421362907276489,-0.19733873975928873,-0.05441649767453782,0.5118484494742006,-0.514717081328854,0.16744531609583646,0.23217835021205246,0.8627987187355757,0.0012700066027946377,0.16994739789515734,1.6248285854235291,0.0038331566902343184,0.07376285872305743,0.12413912412011996,0.030877652490744367,0.4601445747539401,0.1302385425369721,0.01231688518601004,0.13014392825425602,0.3093407324049622,0.8868875042535365,23.37725792080164,0.0,0.17529860191280022,11.6372971534729,5.4206301841386306e-05,3.947810200974345,30.441114127635956,7.798735787341651e-05,4.761810142546892,0.006493506778497249,-0.07085933722555637,0.17738919518887997,1.0,,,,
3,22478848,0.2264176735188812,0.8828171165660024,0.00260977332618495,0.18164324923418462,1.8046692609786987,0.006916315245689475,-0.002186220027397212,0.20706246138433926,-0.31865830963943154,-0.05751097170286812,0.5092705290298909,-0.6075611654669046,0.1955888473894447,0.2264176735188812,0.8828171165660024,0.00260977332618495,0.18164324923418462,1.8046692609786987,0.006916315245689475,0.07423102128086612,0.13682073482777923,0.030792682358878665,0.4890539339976385,0.12694642230053432,0.012214809838042129,0.12647166900569573,0.3176665542414412,1.0257522305473685,38.39419246464968,0.0,0.27547735639382154,20.235272265970707,7.856127693539605e-05,4.209769107401371,35.052942126989365,0.00016248702540799798,4.6640290431678295,0.009205628870404325,-0.06933801528066397,0.18692510458640754,1.0,,,,
4,22085632,0.14542860024298232,0.8140282584975163,0.00889157476947124,0.11053829523734748,1.4249297331273556,0.005430800844696933,5.6698250304142076e-05,0.15378507026742833,-0.21542658767163325,-0.03880935702844303,0.45725660286829223,-0.8191561951219046,0.11530973508954048,0.333955236710608,0.8281558712478727,0.014985178559072665,0.16888884297804907,1.557814123108983,0.007447094670169463,0.07329749403288588,0.12509630585554987,0.026815639954293147,0.4301390337641351,0.23458313260925934,0.011919402888452169,0.23449717118637636,0.450188527116552,0.5194387404480949,8.237862902926281,0.0,0.13976840102986898,8.842197995516472,6.365807687469527e-05,2.123720511481224,24.226370949065313,0.0001268398081957639,4.892269439995289,0.005631514517062897,-0.05239014187827706,0.14872403966728598,1.0,,,,
4,22151168,0.28833417571149766,0.850170130841434,0.00306886969997322,0.17796215083217248,1.6836691820062697,0.007001518578363175,0.0015699685445724754,0.19869582462706603,-0.15672951599117368,-0.027236192841883167,0.5061818053945899,-0.44213260849937797,0.15076172213593964,0.15920520451828749,0.8175118124583759,0.008330350184459382,0.11703694613190391,1.4498684751879738,0.005582195325050305,0.06087989960123886,0.07368073239501745,0.028709410084551763,0.4377619692752789,0.13193109633782543,0.009606137840183878,0.13161459721271399,0.4839738971183458,0.7154646569818078,30.33227187665516,0.0,0.16533642357316272,13.361280423569415,5.561887709326507e-05,3.1752151432685576,45.979604159380834,0.00011795379042944207,4.724116205451,0.0055277825257832435,-0.06335181125765105,0.18413902015750666,1.0,,,,
4,22216704,0.19654747052118182,0.895391876809299,0.0023771203972273725,0.17272575909737498,1.563522083684802,0.00685249630441831,0.0007049467160413769,0.28109649242833257,-0.29417682997882366,-0.03912035452958662,0.5101771189365536,-0.42967295553535223,0.1788175402325578,0.19654747052118182,0.895391876809299,0.0023771203972273725,0.17272575909737498,1.563522083684802,0.00685249630441831,0.07703871821286157,0.12542096036486328,0.03114540409296751,0.48275275249034166,0.08287990372627974,0.012673280660237651,0.08257812296506017,0.22317122120875865,0.9397763451561332,31.672236286103725,0.0,0.3176096868701279,19.52056661248207,6.592752189904516e-05,3.631275402382016,29.293779477477074,0.00017220239087922806,4.650879628956318,0.009138273548160214,-0.06737847020849586,0.17988687730394304,1.0,,,,
4,22282240,0.25490491406526417,0.8572383993305266,0.0008792990869608275,0.15480670420220122,1.6293081068433821,0.0025463426528631317,0.0008921036796039061,0.3449669925030321,-0.14586078662250657,-0.016673315882599127,0.5220110742375255,-0.48847218067385256,0.06127295922487974,0.25491735036484897,0.8572383993305266,0.0008792990869608275,0.15480353153543547,1.6293081068433821,0.0025463426528631317,0.07112891777069308,0.11028917616931722,0.02808435347105842,0.46062021621037275,0.12302053478197195,0.011704847660439555,0.12197129039122956,0.2578827885517967,0.9614009484648705,88.9740821570158,0.0,0.1739196013950277,20.37262500077486,4.3433201192488724e-05,2.595922959037125,30.192506730556488,6.0834290588118733e-05,4.838479354977608,0.005902352568227798,-0.07182204909622669,0.1750649546738714,1.0,,,,
4,22347776,0.22130811028182507,0.8534000376239419,0.002224313554791024,0.1677577313967049,1.5961459567770362,0.006089402442512437,-0.00030380593722156846,0.16912658227374777,-0.2714150086976588,-0.02797694317996502,0.512105327565223,-0.414070890750736,0.18220918526640162,0.22131513489875942,0.8534000376239419,0.002224313554791024,0.16775688738562167,1.5961459567770362,0.006089402442512437,0.07386015978408977,0.12231407791841775,0.029853798871045,0.46700857882387936,0.1148309679410886,0.012149759699241258,0.11373916387674399,0.27853369270451367,0.9429984400048852,79.30126509815454,0.0,0.2255067324731499,15.896975606679916,6.773395876624733e-05,2.9077218621969223,29.349330112338066,0.00013450314722973644,4.670971784740686,0.008252079718658933,-0.06460163602605462,0.18284616898745298,1.0,,,,
4,22413312,0.229301153216511,0.8755834517069161,0.002538208070973269,0.15215588291175663,1.5837064781226218,0.006477000596532889,-0.00042119118069194883,0.11242000112542883,-0.20685653295367956,-0.03324191148567479,0.4998599514365196,-0.47340452764183283,0.16770617745351046,0.2293076259084046,0.8755834517069161,0.002538208070973269,0.15215453528799117,1.5837064781226218,0.006477000596532889,0.07086916302796453,0.10675972269382328,0.029810403822921216,0.4876396619947627,0.11918240429076832,0.011843456028145738,0.11884621632634662,0.2613437914988026,0.878759203478694,34.10823600739241,0.0,0.14387019752757624,12.085962198674679,6.053381644693934e-05,2.6930533945560455,29.64050044119358,0.00012141848262103849,4.802586663514376,0.005679673397025908,-0.06536135682836175,0.18256132071837783,1.0,,,,
4,22478848,0.22209186712279916,0.8660053112544119,0.0026093330266121484,0.1872591464780271,1.678907671943307,0.007104248176801775,-0.0019979703349122246,0.14088671791250817,-0.29008296446409076,-0.05261705273005646,0.5174855254590511,-0.5230253268964589,0.15957751544192433,0.22209186712279916,0.8660053112544119,0.0026093330266121484,0.1872591464780271,1.678907671943307,0.007104248176801775,0.07473456795560196,0.14382405421929434,0.02955278159060981,0.4849032504716888,0.11500279858591966,0.012218107221997343,0.11485722995712422,0.2918085785349831,0.8769844528287649,23.821903720498085,0.0,0.2553292993688956,16.659826688468456,8.02526991234842e-05,3.8667790554463863,30.31506234407425,0.00017439510955827298,4.7088785991072655,0.01040415668830974,-0.06956505891866982,0.1867938383948058,1.0,,,,
4,22544384,0.19429242494516075,0.8853239645250142,0.0019849270261147467,0.1714488168945536,1.5407793819904327,0.006428187034543953,-0.0013527305846423587,0.1189956594753312,-0.22559426666703075,-0.05910143253277056,0.5049255713820457,-0.5323677067644894,0.1763449136633426,0.1942995134741068,0.8853239645250142,0.0019849270261147467,0.17144672747235745,1.5407793819904327,0.006428187034543953,0.07267522561596707,0.12668966525234282,0.03135624044807628,0.504092690302059,0.09048409588285722,0.011978148912021425,0.08981101712561212,0.2502782002557069,1.1651099505834281,63.95281063020229,0.0,0.1979173234431073,13.47997522354126,5.728774954505411e-05,4.029755791649222,30.641964852809906,0.0001758594869127536,4.6141554564237595,0.00854864201755845,-0.07089105597697198,0.18042315263301134,1.0,,,,
4,22609920,0.14514854043101272,0.8348861885319153,0.010615801030993074,0.11505093444759647,1.2809549113114675,0.005669445660508548,-0.0006852845625682372,0.10925573694315971,-0.1928423935433481,-0.05979890199622105,0.4617393427408145,-0.5943388963826874,0.12522495066126188,0.24938815052155405,0.8891053767874837,0.001262312870835558,0.16095981921534985,1.4955570097081363,0.005590441420281422,0.07526201114524156,0.11450037604663521,0.029630104429088533,0.4823961656074971,0.14209173643030226,0.012663638721278403,0.1413931044662604,0.3047706245270092,1.0222395514138043,66.3275196030736,0.0,0.2369267513277009,14.329292111098766,6.597980613332055e-05,3.089697616174817,29.82694460451603,0.0001249932397977549,4.7571884617209435,0.007600004679261474,-0.07249756157398224,0.19691505655646324,1.0,,,,
4,22675456,0.27856065426021814,0.8507058802060783,0.0017978263321083432,0.18022681190632284,1.5450087133795023,0.005850252600339445,-0.0011342990978278067,0.10497033821593504,-0.2327404289972037,-0.04876510187750682,0.5148329334333539,-0.4353181980550289,0.12376618548296392,0.15800915726920567,0.8364109780908708,0.009765875758811413,0.12133279050621822,1.306405880185495,0.005686872835432008,0.06264224736979343,0.07753698065097119,0.02890108138777271,0.43474765804719673,0.1318646891060824,0.009945464105883905,0.13163480817561923,0.49743992193456155,0.8510653885552683,29.81309272501483,0.0,0.13175754561173134,11.628827206728733,6.049591759760677e-05,4.189983240356781,34.55650161499584,0.00016473501961551958,4.698325859135892,0.008169003289236044,-0.06626102507832539,0.17671520536743016,1.0,,,,
4,22740992,0.2260092634242028,0.8790354724042118,0.0009545857776629418,0.15958596218843013,1.5416742227971554,0.004650125398256932,-0.0014946850712931337,0.11144442515796982,-0.24329103785566986,-0.038326727400999516,0.5146488251630217,-0.7158432123251259,0.16152893415710423,0.22600910637993366,0.8790354724042118,0.0009545857776629418,0.1595841736998409,1.5416742227971554,0.004650125398256932,0.07173659309046343,0.11604892095783725,0.02772914431989193,0.4532592296600342,0.06914170330855995,0.011928279294806998,0.06845530042483006,0.1673216665221844,1.1506744702346623,62.701991483569145,0.0,0.21174918138422072,14.057772696018219,6.72839684980886e-05,3.1775170043110847,41.01534475386143,0.00010964278432501473,4.699974626302719,0.007313603928196244,-0.0726274426560849,0.19955960847437382,1.0,,,,
4,22806528,0.25486123794689775,0.8781313789077103,0.001678290307950192,0.17807443905621767,1.726341207511723,0.004254322421274992,-0.001738721864285253,0.14422240905696526,-0.2516391755780205,-0.030710697152244393,0.5072706995997578,-0.434114680159837,0.1087701409123838,0.25486123794689775,0.8781313789077103,0.001678290307950192,0.17807443905621767,1.726341207511723,0.004254322421274992,0.07614745415048674,0.13239537418121472,0.029564230237156153,0.511703661060892,0.14824077687808312,0.01227646239567548,0.14798612904269248,0.3348657247261144,0.8665299857966602,37.475500985980034,0.0,0.25970829639118165,14.497438907623291,6.256844733015798e-05,2.8270998308435082,31.35693769156933,0.00011031680878570427,4.787206061184406,0.0070337986489903415,-0.07157264184206724,0.16905473079532385,1.0,,,,
4,22872064,0.23027676483616233,0.87424684362486,0.002017977240257096,0.168824924970977,1.7565524680539966,0.005368153907966189,-0.0002883292773390167,0.24307518976274878,-0.20928947103675455,-0.03773473347246181,0.5185498541686684,-0.48012997047044337,0.19768314296379685,0.23028173483908176,0.87424684362486,0.002017977240257096,0.16882488399278373,1.7565524680539966,0.005368153907966189,0.07280712603824213,0.12430984288221225,0.02934208339138422,0.4704195478698239,0.10645112101337872,0.011767611205868889,0.10592641230323352,0.24934620934072882,0.9562423815950751,51.82381895184517,0.0,0.2253144959686324,14.153807058930397,7.274659625178259e-05,3.101669654250145,29.889197573065758,0.00011377990597427612,4.679014164954424,0.00695942591119092,-0.07031441014260054,0.17915626359172165,1.0,,,,
4,22937600,0.22710461542010307,0.8267230722121894,0.002486959633870356,0.16342605982208624,1.51220029219985,0.006604541217711812,-0.0003613088118754604,0.07763351534958929,-0.19202800339553505,-0.040121301120962016,0.5106167532503605,-0.4925544364377856,0.1313806022517383,0.22710461542010307,0.8267230722121894,0.002486959633870356,0.16342605982208624,1.51220029219985,0.006604541217711812,0.07158807080122642,0.11929846508428454,0.02973090991145,0.4620244458783418,0.11738157251966186,0.011752709033316933,0.11732453180593438,0.2708689902792685,0.8698729858733714,25.045179799199104,0.0,0.11748753499705344,11.198375884443521,7.02801408235254e-05,3.101867239922285,29.791129052639008,0.0001452550407788633,4.820188753306866,0.006701922622596612,-0.06865262659266591,0.18069473886862397,1.0,,,,
4,23003136,0.24738818302284926,0.871341158170253,0.0028417460816854145,0.1742250060196966,1.6590377767570317,0.00735458759663743,2.465852821842418e-05,0.1824829617398791,-0.19669008784694597,-0.03368587978184223,0.5092346693854779,-0.4051847020164132,0.13746845466084778,0.24738818302284926,0.871341158170253,0.0028417460816854145,0.1742250060196966,1.6590377767570317,0.00735458759663743,0.07451654397300445,0.13082815846428275,0.02742974361171946,0.4456793057033792,0.11240209333482198,0.012365010217763484,0.11191419180249795,0.24604115018155426,0.8743098773993552,46.110576182603836,0.0,0.20881681120954454,12.58286190405488,7.739124913097584e-05,2.976012920960784,29.214768663048744,0.00015739656899960153,4.7216296680271626,0.008146041305735707,-0.07013372937217355,0.18850207678042352,1.0,,,,
4,23068672,0.20948593295179307,0.8704417701810598,0.0004992646073560536,0.17047901812475175,1.615097657777369,0.0023200510484002734,-0.00045390874606709986,0.4000811851583421,-0.3514423295855522,-0.025186130238580517,0.5175028548110276,-0.40728122065775096,0.1612772522494197,0.20948593295179307,0.8704417701810598,0.0004992646073560536,0.17047901812475175,1.615097657777369,0.0023200510484002734,0.07546723622363061,0.12467908672988415,0.02931277352035977,0.5458496290957555,0.08471341882250272,0.012318167748162523,0.08456965169170871,0.21577024221187457,1.003075631801039,23.06553788483143,0.0,0.3363022874109447,25.082609742879868,5.119430542666059e-05,2.901307947933674,29.650729820132256,5.6448416250631794e-05,4.66984273865819,0.008891480229067383,-0.07256591133773327,0.1940474989823997,1.0,,,,
4,23134208,0.15631792148264745,0.8283349519222974,0.012688299159514523,0.13113181200809776,1.546932609975338,0.0062978481712343635,-0.0024037134119021175,0.10389948493325696,-0.27547268445705414,-0.08881568635681143,0.4102877708004477,-0.8755978984833928,0.1356238297124704,0.25268188782501966,0.8432119111530483,0.0015445931630893028,0.17209392075892538,1.6301615815609694,0.005828545767144533,0.07523611251963302,0.127493069274351,0.028031341193127446,0.4730584090575576,0.14195850447867997,0.012236201742780395,0.14184358177590184,0.3089681671699509,0.8188965488225222,28.706713140010834,0.0,0.28117093560285866,19.12800842523575,7.883797483154709e-05,2.7242103004828095,29.428427830338478,7.853651943534601e-05,4.796482190489769,0.0083103814322385,-0.0718461275100708,0.18995709531009197,1.0,,,,
4,23199744,0.26599036587867886,0.8464506650343537,0.002670131784725527,0.18660352111328393,1.7166477385908365,0.006886907141051779,-0.0022599133624225942,0.14427215501200408,-0.34918216068763286,-0.06820253178011626,0.5057327290996909,-0.6196540256496519,0.12004283373244107,0.16690485370177102,0.8300810447523752,0.011722692665558958,0.13647689909606903,1.563290694661169,0.006354624939409536,0.06570645517961357,0.08964405805349394,0.03428274995916669,0.4853087536014437,0.1437027364722397,0.010792094163936058,0.14238863024672674,0.5072965483820762,1.1088007469942052,67.93525210150842,0.0,0.2326139625090354,16.266654060527973,5.916491886091617e-05,5.791913446343324,49.079608326615116,0.0001884506425394634,4.646436590028096,0.008669696027279414,-0.0651831937258143,0.20426915534379253,1.0,,,,
4,23265280,0.19991557393223047,0.8718646019697189,0.0023873067452768737,0.17535444383975118,1.6993033434264362,0.006865713112347294,-0.0035372813072171994,0.1858286577044055,-0.4029895525891334,-0.0677549643733073,0.5186881448607892,-0.6737885377369821,0.20357370551209897,0.1999214644310996,0.8718646019697189,0.0023873067452768737,0.17535332043189555,1.6993033434264362,0.006865713112347294,0.07413216808345169,0.12974179862067103,0.031832338296226226,0.5079204385401681,0.09651438129367307,0.012325002295256127,0.09558817802462727,0.2628088886849582,1.188428947236389,75.3114366531372,0.0,0.38303330808412284,23.157169811427593,7.45233468097406e-05,5.151505559682846,38.69340468943119,0.0001913427840367632,4.5913916528224945,0.010256471468892414,-0.06974197691306472,0.19862171914428473,1.0,,,,
4,23330816,0.24046682729385793,0.8957963627763093,0.0026790215970322606,0.18398981832433492,1.8222477505914867,0.007466655250027543,-0.003679981134382615,0.16211349365767092,-0.4730563807534054,-0.047282172585255466,0.5075047228019685,-0.7615459905937314,0.14410812268033624,0.2405003304593265,0.9080121060833335,0.0026790215970322606,0.18405644758604467,1.845641850028187,0.007466655250027543,0.07801780666341074,0.13704700296511874,0.03130268985114526,0.48108866764232516,0.14918393656262197,0.01282451584120281,0.14856389872147702,0.35092320101102814,0.9478518422693014,54.056278705596924,0.0,0.3802337988745421,27.10413432121277,7.436775717328814e-05,4.18107171356678,44.13181126117706,0.00017759143087658913,4.704144138842821,0.009979056969314115,-0.06873295758850873,0.23322293651290238,1.0,,,,
4,23396352,0.22912778449244797,0.900796462316066,0.0016181376422537141,0.19977780256886035,1.7207399290055037,0.005574509336838673,-0.003995910437879502,0.18966079968959093,-0.5389814900700003,-0.04258958058198914,0.5078794423025101,-0.5710873163770884,0.2180226643977221,0.22912582359276712,0.900796462316066,0.0016181376422537141,0.19977687811478972,1.7207399290055037,0.005574509336838673,0.08676983957411721,0.14864943746943027,0.031547875827527605,0.5443762579234317,0.1226452843984589,0.014384506270289421,0.12193484482122585,0.2960104508092627,0.9745088485069573,63.90439645200968,0.0,0.5950554716400802,30.88136500120163,7.073830023718308e-05,4.211441587656736,34.35040220618248,0.00015415866656720567,4.624061040580273,0.014094299069256522,-0.07021899637766182,0.19955006521195173,1.0,,,,
4,23461888,0.2446277403505519,0.8678120318800211,0.0004928237304966387,0.1906225475249812,1.6795007986947894,0.002926317631136044,-0.0033846276331814806,0.3628379087895155,-0.5158056616783142,-0.044323020440060645,0.5105984513647854,-0.5362947368994355,0.19702757825143635,0.2446277403505519,0.8678120318800211,0.0004928237304966387,0.1906225475249812,1.6795007986947894,0.002926317631136044,0.08387340564513579,0.14077540882863104,0.03075186708883848,0.5057954246876761,0.13252446000115015,0.013981205891468562,0.13159475664724596,0.30812161369249225,1.3102426188997924,72.70544128119946,0.0,0.6145704447990283,29.682595752179623,5.364404252500288e-05,3.880197675898671,31.219971537590027,5.3092996430414985e-05,4.74476670473814,0.01213167498644907,-0.07260002661496401,0.18877803371287882,1.0,,,,
4,23527424,0.2423331611789763,0.8850409532897174,0.0016738153760798014,0.1780799871776253,1.8065928192809224,0.004409408580613672,-0.0012106801157187874,0.15568743326002732,-0.29261238465551287,-0.0353718580736313,0.51565275574103,-0.5945452922023833,0.17240773234516382,0.24233938020188361,0.8850409532897174,0.0016738153760798014,0.17807940219063312,1.8065928192809224,0.004409408580613672,0.07549636755720712,0.13330026424955577,0.028631470384425484,0.43730290548410267,0.12013997315079905,0.012094608893676195,0.11976193025475368,0.2771985149011016,1.0522991213947535,45.172966375947,0.0,0.24507829372305423,17.025765754282475,5.50688370597463e-05,3.244287459179759,34.597665786743164,8.044890132530291e-05,4.715210128575563,0.009413293559191516,-0.0710964051540941,0.1866689771413803,1.0,,,,
4,23592960,0.22525702230632305,0.8737908909097314,0.0014666207232494344,0.15322927909437567,1.5270789535716176,0.005441010084908271,-0.00017616848876400582,0.13812150608282536,-0.17534650419838727,-0.04081810000934638,0.49535819329321384,-0.5572126884944737,0.12475876556709409,0.22525702230632305,0.8737908909097314,0.0014666207232494344,0.15322927909437567,1.5270789535716176,0.005441010084908271,0.06873182745766826,0.11094433709513396,0.02816753284423612,0.44408590311650187,0.07015171178500168,0.011490021359350067,0.06987621015287004,0.1605956584098749,0.9562749997712672,40.9296323210001,0.0,0.14987116924021393,11.077151238918304,5.0998080882602714e-05,3.0015017725527287,31.973469123244286,0.00011284966103586314,4.685532409697771,0.007056352973449975,-0.07177617913112044,0.20118586625903845,1.0,,,,
4,23658496,0.14594812981784344,0.8169795013467471,0.00977488967016446,0.11913566456486782,1.4510447744280102,0.005973643779034319,-0.000600380834561444,0.09746451480838005,-0.22588544778390013,-0.043608022383083755,0.4566187500872668,-0.5122697450017828,0.12064623251557349,0.25369406084064394,0.8663787515833974,0.0007598311042897876,0.18748638534452766,1.495044367853552,0.004222020758788858,0.0763160728965886,0.14464385790051892,0.027687103050993755,0.4528366419253871,0.14687812677584589,0.012836790883739013,0.1467457992839627,0.3305672227870673,0.8455701409839094,25.056449830532074,0.0,0.214087606058456,12.751680877059698,4.151938014379519e-05,4.207497149705887,30.023813992738724,0.00010890466224111606,4.791773967444897,0.011907937281648628,-0.07263194071128964,0.20105428714305162,1.0,,,,
4,23724032,0.28237004461698234,0.8459372660145164,0.0018709697249050805,0.17283459537429735,1.6250716052018106,0.005910408111049037,5.58493411517702e-07,0.10488082308438607,-0.11976480021257885,-0.03160717454011319,0.5075202942825854,-0.4684415652882308,0.11754466965794563,0.15910287858099195,0.8207293198589819,0.009013066060982833,0.12431942654706268,1.471015282536307,0.0059675487748911595,0.06196685883648559,0.08043991822569845,0.030399378748184228,0.4446007482572851,0.13294160730382204,0.009882228408662423,0.13261617578394957,0.5073841331436871,0.8096872263991959,33.64321341555207,0.0,0.12398593137931381,12.607408119407651,5.542491872422859e-05,3.247835341500152,30.459346368493716,0.0001259828316429062,4.711645576788719,0.0042445278481370976,-0.06452918784266495,0.18481176019455475,1.0,,,,
4,23789568,0.19536574080120772,0.8629598994739354,0.0009361769098177319,0.17093442229088396,1.6086231307126582,0.004574698615670059,-0.0001418042733121183,0.17154825777106453,-0.21541561046615243,-0.04299837164580822,0.5127216062974185,-0.4676104816608131,0.16603933251462877,0.19536574080120772,0.8629598994739354,0.0009361769098177319,0.17093442229088396,1.6086231307126582,0.004574698615670059,0.07319892948726192,0.1253227291163057,0.03221711074002087,0.48281396250240505,0.08362519371439703,0.012153075171227101,0.08339398333919235,0.2328849039040506,1.0114719066768885,36.06640301644802,0.0,0.21342551690759137,13.493791330605745,5.042045439496157e-05,3.44691332988441,29.707698717713356,0.00013659325429388192,4.637859135866165,0.006458499483414926,-0.07263472443446517,0.17897334205918014,1.0,,,,
4,23855104,0.24912851641420275,0.8701527309603989,0.001068276712885563,0.16167383641004562,1.6430599396117032,0.004999680260198147,-0.0008484841011409117,0.13567540925578214,-0.23286861297674477,-0.03352395506226458,0.5326294845435768,-0.6050876234658062,0.13673985050991178,0.24913986353203654,0.8701527309603989,0.001068276712885563,0.1616731947287917,1.6430599396117032,0.004999680260198147,0.07335222818073817,0.11617311963345855,0.029355955397477373,0.46733312983997166,0.13688949201605283,0.012140453443862498,0.13599314729799516,0.29454244996304624,0.9819612894207239,61.25409510731697,0.0,0.18122247798601165,13.631028186529875,6.607847476564066e-05,3.1378856636583805,35.083232536911964,0.00012626985122388135,4.779526758939028,0.0051664540560523164,-0.07296087103895843,0.1800004974938929,1.0,,,,
4,23920640,0.2374739432707429,0.8556635524146259,0.0025799075206123234,0.1633733978960663,1.512248917017132,0.00649596172343081,-0.0009857568694542351,0.10416121524758637,-0.16493906220421195,-0.02515458387642866,0.5147912476677448,-0.5000662652309984,0.19143825746141374,0.2374739432707429,0.8556635524146259,0.0025799075206123234,0.1633733978960663,1.512248917017132,0.00649596172343081,0.07319544919300824,0.11937415017746389,0.02756217453861609,0.4854870510753244,0.09972044799360447,0.01212876590579981,0.09959668540977873,0.22307689214358106,0.8004551636986434,21.07413548231125,0.0,0.17851749190595,9.630907651036978,7.898242737658379e-05,2.8611240591853857,32.491992235183716,0.00012352911792395949,4.735406816005707,0.006894683199789142,-0.06847768370062113,0.18377337558194995,1.0,,,,
4,23986176,0.23543324938509613,0.8752413708716631,0.0028918075031469925,0.17911078123142943,1.5139898965135217,0.007459343289156095,-0.0005813544505031132,0.18124208715744317,-0.24236046348232776,-0.036933856463292614,0.49043134530074894,-0.5503604065161198,0.15085739130154252,0.23543324938509613,0.8752413708716631,0.0028918075031469925,0.17911078123142943,1.5139898965135217,0.007459343289156095,0.08023864633287303,0.13034873426659033,0.03077150890021585,0.4968235680134967,0.12947226327378303,0.013214657599746715,0.12932489125523716,0.303612403688021,0.8651680485345423,23.339552216231823,0.0,0.2831724036950618,15.109445445239544,7.401491135539118e-05,3.131472719833255,32.09662947058678,0.00016276286283378738,4.810717687010765,0.009230761654180242,-0.06568285636603832,0.1841146828373894,1.0,,,,
4,24051712,0.2315424948465079,0.8899410851299763,0.001157115262572006,0.1923031114274636,1.7321996307000518,0.005728324850679201,0.0004400387293799213,0.25728963693836704,-0.24543921748409048,-0.051448483965941705,0.513364129466936,-0.7335093109868467,0.16478091292083263,0.2315424948465079,0.8899410851299763,0.001157115262572006,0.1923031114274636,1.7321996307000518,0.005728324850679201,0.08040345390327275,0.1450253686052747,0.030299178572022356,0.47635930369142443,0.13225706078810617,0.013077376359433401,0.13195677904877812,0.3291824837215245,1.0240729851648211,31.696803778409958,0.0,0.33419447334017605,16.627051904797554,5.7960824350944407e-05,4.258011102676392,42.31109055876732,0.00015387938480415642,4.650826696306467,0.012197678446682403,-0.07260132837109268,0.19569239998236299,1.0,,,,
4,24117248,0.20215173007454723,0.8757668291218579,0.0008170782981551383,0.17976215912494808,1.646229965146631,0.005235330792402237,0.0018320834442420164,0.2063040531356819,-0.13180966093204916,-0.047550034505547956,0.5246416616719216,-0.6386450994759798,0.13852625899016857,0.2021948117762804,0.8940138621255755,0.0008170782981551383,0.179827525280416,1.66547063132748,0.005235330792402237,0.07590440881904215,0.13482329598627985,0.029845948112779297,0.4906764359911904,0.07529811735730618,0.012318630622758064,0.07486009763670154,0.20556371059501544,1.0974278431385756,46.65526317059994,0.0,0.2513339202851057,13.173653814941645,5.7238576721588275e-05,4.136211233213544,37.567201018333435,0.0001350127809889301,4.659053225070238,0.010245380206470145,-0.07287669950164855,0.22382783680222929,1.0,,,,
4,24182784,0.15682886560447512,0.8160515104234218,0.013242599593838045,0.12881813732286296,1.4928380126009384,0.006186757466178581,-0.001106430838669515,0.10354995585939225,-0.24549258085583764,-0.11711356883877215,0.45722399430300964,-0.8030278589001196,0.11735542133450508,0.2482157483464107,0.8684057598002255,0.002777596806481597,0.17642436211463064,1.6368800094351172,0.007236206695779401,0.0781812455970794,0.12901890970533714,0.030238066683523357,0.48839554376900196,0.13996144154225476,0.012910339581139851,0.1398844162467867,0.3200854033930227,0.8441051840782166,20.080474361777306,0.0,0.2501549607841298,16.72762820124626,8.112402161697396e-05,2.957611594349146,38.4544802159071,0.00015380458678393438,4.779319744557142,0.008498507650074316,-0.06863146228715777,0.17721771681681275,1.0,,,,
4,24248320,0.27210455609019846,0.840200534556061,0.002493104274662983,0.18920325872022659,1.6371313012205064,0.007052073811337323,-0.0012704831865448796,0.10435999967739917,-0.2962400597753003,-0.08578979320009239,0.509499097475782,-0.750370666384697,0.10315532726235688,0.16794150603475072,0.8183791272072907,0.012206503659459727,0.13463824821344342,1.5067457994558366,0.006270161451254122,0.06192512264340577,0.09256289333262178,0.030121335570408726,0.43310402561517725,0.13878884848876272,0.009885426934356857,0.13852827183071928,0.4820415421714445,0.9861132969731936,30.91821158236364,0.0,0.16593173660053198,14.420488096392118,6.137970895603707e-05,7.274544976357825,46.12796878841627,0.00021462823040087158,4.636514734790985,0.015061001770813032,-0.0657975555857621,0.1894584257683032,1.0,,,,
4,24313856,0.206510437768884,0.8784754769876599,0.0024476314526964416,0.1843164418824017,1.632946704979986,0.00685518464888446,3.058029938074469e-05,0.19743264783755876,-0.25722069980110973,-0.07798612111946568,0.5124260024167597,-0.5112522975541651,0.16169546055607498,0.20651406433898956,0.8784754769876599,0.0024476314526964416,0.1843151896027848,1.632946704979986,0.00685518464888446,0.07578252110397443,0.1392745096818544,0.030671825355966575,0.4476760270772502,0.09066659962991253,0.012460937265132088,0.08998828864423558,0.25054911815095693,1.1247099819593132,66.33141969144344,0.0,0.268184088752605,15.26332138478756,7.033414042084685e-05,5.451304782181978,30.389842003583908,0.00021757080354589675,4.6046664491295815,0.013911006441048812,-0.06851373892277479,0.18473497894592583,1.0,,,,
4,24379392,0.24896638840436935,0.9047469808720052,0.0007605068915381707,0.1627122003119439,1.4999456843361259,0.0030514749450958334,0.0005709602666001956,0.23465317027876154,-0.22011413312429795,-0.04535910084086936,0.5158556920941919,-0.5167543455027044,0.15604068338871002,0.24896638840436935,0.9047469808720052,0.0007605068915381707,0.1627122003119439,1.4999456843361259,0.0030514749450958334,0.07497100403998047,0.11709757969947532,0.028721168142510578,0.47122126375325024,0.12503870147338603,0.012643310088606086,0.12498413398861885,0.25825987157440977,1.00540825817734,25.930590197443962,0.0,0.22057697753189132,15.773228950798512,5.35124026075362e-05,3.6871776077896357,31.12928220629692,5.3751366503318465e-05,4.757655575871468,0.009546893095830455,-0.07208799244835973,0.19647203048225492,1.0,,,,
4,24444928,0.22738900850526989,0.8408693806268275,0.0005113254741218043,0.16627291368786246,1.5210824012756348,0.0029290235215739813,0.00012885838958709428,0.236980200803373,-0.1822900329134427,-0.03642336335906293,0.5963209234178066,-0.5571980802342296,0.18598271114751697,0.22738900850526989,0.8408693806268275,0.0005113254741218043,0.16627291368786246,1.5210824012756348,0.0029290235215739813,0.07323733059456572,0.12165899976389483,0.029150849135476165,0.4716063287341967,0.10945641863509081,0.012117569043766707,0.10934207832906395,0.26455453340895474,0.9449982661753893,25.692888021469116,0.0,0.19897049700375646,15.465616300702095,4.2068318828580864e-05,2.9947675224393606,36.82088923454285,4.1309729918156957e-05,4.699928354471922,0.007303330970898969,-0.07260011369362473,0.20189568167552352,1.0,,,,
4,24510464,0.24572020478080958,0.8816946353763342,0.0017111127509679136,0.1569594267057255,1.511787242256105,0.005798466785563505,2.1454280499710876e-05,0.1509500567917712,-0.1877564777387306,-0.03313603263814002,0.5091500508133322,-0.6416497405152768,0.1784731550142169,0.24572252633515745,0.8816946353763342,0.0017111127509679136,0.15695863810833544,1.511787242256105,0.005798466785563505,0.0727094427566044,0.11196415009908378,0.028511256648926064,0.47722996422089636,0.11952267761807889,0.012181877777038608,0.11889062993577681,0.25153435448009986,0.9692376377061009,62.98084579408169,0.0,0.17422609234927222,11.96994598209858,7.208193856778067e-05,2.6501326141878963,37.328609600663185,0.00012148627105057486,4.8281537517905235,0.006605131184187485,-0.06902893166989088,0.1917186601785943,1.0,,,,
4,24576000,0.2345443908125162,0.9312611031346023,0.0011525031392238816,0.18412027484737337,1.7040748265571892,0.00578454664309902,-0.0017104683086017758,0.1760392303694971,-0.2682560441317037,-0.04697317893442232,0.5206494643352926,-0.4464533575810492,0.18671393836848438,0.2345443908125162,0.9312611031346023,0.0011525031392238816,0.18412027484737337,1.7040748265571892,0.00578454664309902,0.07683033961802721,0.13940562424249947,0.02921129595779348,0.4390655974857509,0.1323076625703834,0.012572797895700205,0.13180919253500178,0.3240346630336717,1.0085400817915797,50.455454617738724,0.0,0.27668929495848715,15.968206830322742,6.085419596409125e-05,3.7909563276916742,29.850987404584885,0.00015434699749583558,4.676079243421555,0.010393397831649054,-0.07233573216944933,0.19898834102787077,1.0,,,,
4,24641536,0.21341180114541203,0.8930050227791071,0.0010719481366550099,0.15866061102133244,1.4980518552474678,0.0042152448363594885,-0.0022636253611381107,0.15440662257606164,-0.2602775722043589,-0.03709964883455541,0.5172748314216733,-0.4578454259317368,0.14154634135775268,0.21342939615715295,0.8930050227791071,0.0010719481366550099,0.1586605174234137,1.4980518552474678,0.0042152448363594885,0.07457943126792088,0.11179983092006296,0.029865393706131727,0.4974128305912018,0.08373627316905186,0.012652239805902354,0.08229328496963717,0.19558480678824708,1.286404700949788,100.5172720104456,0.0,0.3094428142067045,15.27788420021534,6.460543321029633e-05,3.5809709820896387,29.637664914131165,9.167048089242513e-05,4.668468791991472,0.008652038115542382,-0.07241510017774999,0.19124781270511448,1.0,,,,
4,24707072,0.1627789464003096,0.8776937983185054,0.00892101578610891,0.11243782203954955,1.4201192698131004,0.004586923738212742,0.015376909081437778,0.38700858311683983,-0.1979592943179887,0.04795267401928564,0.4672944426501635,-0.45460896027555764,0.1643917492032051,0.24623846437316388,0.899131054058671,0.0005257892411236753,0.18127379298675805,1.5373686561360955,0.0018068453454134215,0.0792970372713171,0.13461708126123995,0.02905659715179354,0.46140680473763496,0.14489907352253795,0.013323022656550165,0.14466690775589086,0.32407540595158935,1.0612473613582551,29.049164205789566,0.0,0.3918422379065305,17.88298198580742,6.183705490414582e-05,3.5723598524928093,29.76916652917862,9.606565896103092e-05,4.755601983517408,0.010153345785511192,-0.07261570286937058,0.18133498053066432,1.0,,,,
4,24772608,0.29066471941769123,0.8769888048991561,0.0013936686669921983,0.19945055816788226,1.6021245415322483,0.004250811240581243,0.0067763400766125415,0.4584776482079178,-0.2815149101661518,0.01640838323146454,0.5152307953685522,-0.44113866705447435,0.14804881997406483,0.1751085026105529,0.8776258471455559,0.008195488352941035,0.12082470618805523,1.4376619466053076,0.004554527352898862,0.06897035125833768,0.07269092976306397,0.02872486683786903,0.4653122887823237,0.13974817215285476,0.011937189322660666,0.13907563454241503,0.4493258467101189,1.4097039636437703,46.27087921632386,0.0,1.2289333934804525,22.878187584637452,7.053366410004901e-05,5.565448311527108,29.23775774615828,0.00018806443009783703,4.721558542136687,0.027212568782816967,-0.06751931297132768,0.18135971782998328,1.0,,,,
4,24838144,0.2145564170787111,0.8661202462390065,0.00040701975706269877,0.1656692015239969,1.6289558219723403,0.001412817376831299,0.0006954908480452104,0.19769695831928402,-0.19371206569485366,-0.024779829580438673,0.5284678656607866,-0.5161413992755115,0.1444857306778431,0.21456884406507015,0.8661202462390065,0.00040701975706269877,0.16566810058429837,1.6289558219723403,0.001412817376831299,0.07345014240127057,0.12032723188167438,0.029861326722311787,0.46123113739304245,0.08924055137322284,0.01235127069230657,0.08845707558793947,0.22086894110543653,1.4040993331000209,64.09226849675179,0.0,0.2517782311188057,12.341178610920906,4.3626077636860217e-05,3.200417136773467,30.872243136167526,3.2085178151453064e-05,4.673050917685032,0.008238653445005184,-0.07260492048226297,0.17318957555107772,1.0,,,,
4,24903680,0.23979653674177825,0.9012647941708565,0.002175009134703032,0.18138082069344819,1.5757204690016806,0.005095961301549323,-0.0008759966282809728,0.2488531026756391,-0.2519075518939644,-0.037871275111683644,0.5270905382931232,-0.5654089350719005,0.16524012462468818,0.23979653674177825,0.9012647941708565,0.002175009134703032,0.18138082069344819,1.5757204690016806,0.005095961301549323,0.08602375711780041,0.1284516081213951,0.03135799741721712,0.507495524128899,0.14225679679657333,0.014790447021368891,0.14213264564750716,0.3165590431308374,1.1750945816747844,38.22757992148399,0.0,0.4641861980780959,16.1999309360981,6.413155636797452e-05,3.810218747705221,34.17563444375992,0.000134909956352125,4.730448886752129,0.01125778426649049,-0.06936440826393664,0.20294504996854812,1.0,,,,
4,24969216,0.24815689027309418,0.8945397371426225,0.0020721825576401898,0.1993322134949267,1.6141802798956633,0.007413677755721437,-0.001691022606792103,0.2852353068301454,-0.3834574588108808,-0.0773320677690208,0.5342075526714325,-0.4924633586779237,0.24942333495710045,0.24819365178700536,0.9092688588425517,0.0020721825576401898,0.19939264538697898,1.6340858759358525,0.007413677755721437,0.08266582648502663,0.15294841630384326,0.029121185245458037,0.5032151219202206,0.127586817543488,0.014328171550005209,0.12681657780194655,0.28923631040379405,1.2938137240707874,55.38665996491909,0.0,0.42474440135993063,23.788315787911415,7.311891654770974e-05,6.068759389221668,31.790273308753967,0.00027673462816579786,4.685294169932604,0.0214327439898625,-0.07022239454090595,0.239185648271814,1.0,,,,
4,25034752,0.23553515516687185,0.8707628399133682,0.0012874081257905345,0.1753724841400981,1.5675775646232069,0.0030145165210342384,-0.0007168205158905039,0.13606819516280666,-0.30144416610710323,-0.07111609858111478,0.5156605092342943,-0.4997424322646111,0.1700073261745274,0.23553515516687185,0.8707628399133682,0.0012874081257905345,0.1753724841400981,1.5675775646232069,0.0030145165210342384,0.07337203554925509,0.1316483977716416,0.029344078997382894,0.46112938062287867,0.12255491656833328,0.012263610457011964,0.12181179891922511,0.2986498416867107,1.3194516664370894,56.757652908563614,0.0,0.22231492860009894,17.407124511897564,7.487821926988047e-05,5.12026265822351,30.16376820206642,5.529929985303994e-05,4.76072159036994,0.013746235883445479,-0.07230717688798904,0.1790331252850592,1.0,,,,
4,25100288,0.23045735526829958,0.9267515917308629,0.0025752645369720994,0.17640227521769702,1.709022216964513,0.006928622813575203,-0.0006996650794235393,0.15696266951272264,-0.24651226389687508,-0.04523994070768822,0.5145429100375623,-0.45571372960694134,0.16979796972009353,0.2304703730624169,0.9267515917308629,0.0025752645369720994,0.17640177393332124,1.709022216964513,0.006928622813575203,0.07615983695723116,0.12990597827592865,0.031027266522869468,0.4850575067102909,0.12927294516703114,0.012549422841402702,0.1285585913574323,0.31686524918768555,0.9894282729364932,61.74966388940811,0.0,0.23512465984094888,14.260715894401073,7.651253072138431e-05,3.738172486424446,29.48113752901554,0.0001431951307679924,4.675075426697731,0.008529575148713775,-0.06976763275451958,0.19208337378222495,1.0,,,,
4,25165824,0.22387783252634108,0.900255489628762,0.0018987876341043375,0.1596366921439767,1.5526750879362226,0.004295330148124776,2.0797279773887567e-05,0.1504339452367276,-0.20336742387735285,-0.03365613881032914,0.5137986200861633,-0.43766263499855995,0.16137214575428516,0.22388393233995885,0.900255489628762,0.0018987876341043375,0.15963891136925668,1.5526750879362226,0.004295330148124776,0.07199091307120398,0.1152281827526167,0.028683225231361575,0.4953451215988025,0.0813582063128706,0.012000030706985854,0.08069311987492256,0.19393420056439936,1.1283281240612268,58.041438058018684,0.0,0.1745621672598645,13.159867148846388,6.621612632391749e-05,2.954106919467449,29.438888132572174,0.00011466214324201696,4.69613828510046,0.006692556806228822,-0.07158991764299572,0.1822767333360389,1.0,,,,
4,25231360,0.1375482573127374,0.7954403254886468,0.01079891850230221,0.09716637304984033,1.3198237635071077,0.004935941650959042,-0.0010742440082970005,0.026726184984048208,-0.18688417175794408,-0.016623257686504758,0.4847350183963135,-0.38933142615715044,0.096283790320158,0.24842527182772756,0.8822726872749627,0.002819991586420656,0.16741111886221915,1.73063021665439,0.007188340869106469,0.07238320837495849,0.12299508537398651,0.02896478284674231,0.47345824574586004,0.13185439075459726,0.011782564193708822,0.1311826852906961,0.2961543992860243,1.0375400837510824,60.19835087656975,0.0,0.16766409511910751,14.987232863903046,7.452571924160267e-05,2.7707567838951945,29.449222892522812,0.00012491850203488752,4.781933009624481,0.006071960560802836,-0.06755814584903419,0.18620975618250668,1.0,,,,
4,25296896,0.29805050045251846,0.8433090830221772,0.0030945410751428426,0.16933121666079387,1.6303971535526216,0.007309987891858327,-0.00040183715498187667,0.11420305178398849,-0.16456696635577828,-0.013873561239506671,0.5371903199702501,-0.3450696403160691,0.16529423143947497,0.15301869491098383,0.800054181636457,0.010056327906913355,0.1041219429174685,1.349758548089808,0.005164765385021624,0.05478668008392385,0.06470896038142628,0.025991641442959075,0.3954616047509284,0.12521742495248117,0.008615294356370368,0.12506941253324994,0.452659805623691,0.5110487903984465,15.728263435111078,0.0,0.09563020053277556,10.719323950777593,5.3886679353643265e-05,2.190224768812712,28.16564614250022,8.785252310524391e-05,4.760270951742149,0.0029790648738296103,-0.0617991116301841,0.13989865329924478,1.0,,,,
4,25362432,0.20560360560193658,0.8833928648382425,0.0027548856601242733,0.17381737241521478,1.7486247261986136,0.006941151315913885,-0.0013925801556524675,0.0905393253924558,-0.1800681718159467,-0.024810219067148864,0.5299159104470164,-0.4123207121156156,0.16530112526379526,0.20560360560193658,0.8833928648382425,0.0027548856601242733,0.17381737241521478,1.7486247261986136,0.006941151315913885,0.07257092749932781,0.12996771902544424,0.02995626382471528,0.4651628955034539,0.07051115052308887,0.011872826020407956,0.07022803195286542,0.18972901673987508,0.8972453428432345,32.47677344083786,0.0,0.17192711029201746,10.475034907460213,7.42323648332821e-05,2.9395820014178753,30.36194556951523,0.00014110699470659682,4.680824346840382,0.006895179369166726,-0.06736336182802916,0.1733335917815566,1.0,,,,
4,25427968,0.24982576654292643,0.8382822936400771,0.0029676555623154854,0.16499122802633792,1.6266396269202232,0.006869141074275831,-0.0005500295806939448,0.08602644602797227,-0.18566316168289632,-0.022376975230145035,0.5273263866547495,-0.38696924806572497,0.05269335536286235,0.2498335662530735,0.8382822936400771,0.0029676555623154854,0.16499149438459426,1.6266396269202232,0.006869141074275831,0.07290157122770324,0.12037638883339241,0.028818649385357276,0.48713399306870997,0.12751564498830703,0.011898584765731357,0.1269987325031252,0.2756117403623648,0.818558944389224,45.834811855107546,0.0,0.13771477169939317,10.645089663565159,7.439966396505238e-05,2.514529000967741,30.21357674896717,0.00012357450812672255,4.833088401705027,0.006540499218317564,-0.06437682872638106,0.17476144165266305,1.0,,,,
4,25493504,0.22321174968965352,0.8590867905877531,0.0026756231638955796,0.19391476828604937,1.6672583133913577,0.00725645321290358,-0.00038110542905656075,0.13198520586593077,-0.179691091645509,-0.042736321469419636,0.5143652132246643,-0.4700143621303141,0.23629890475422144,0.22321174968965352,0.8590867905877531,0.0026756231638955796,0.19391476828604937,1.6672583133913577,0.00725645321290358,0.0768875881913118,0.14942089293617755,0.030334531795233488,0.4581163057591766,0.12001146739930846,0.012319511333771516,0.1198638103378471,0.30577330326195806,0.7858812585473061,21.93873929232359,0.0,0.19430957053555176,10.985829342156649,6.838684372745263e-05,3.59888269379735,30.79189620912075,0.00016628169673649218,4.672636538743973,0.010338400588807417,-0.06860377523116767,0.18742328928783536,1.0,,,,
4,25559040,0.2234600867377594,0.8630642583593726,0.0025567800710177835,0.17735600797459483,1.5765955559909344,0.0071670243223707075,-0.0009239897229917915,0.1964140784693882,-0.21305450377985835,-0.06097845593467355,0.5001145519781858,-0.878295955248177,0.1993673702236265,0.2234600867377594,0.8630642583593726,0.0025567800710177835,0.17735600797459483,1.5765955559909344,0.0071670243223707075,0.0754105856467504,0.13096124352887273,0.03212035959586501,0.46330179914366454,0.13263927202206105,0.012659145409998018,0.13255185892921872,0.32840932777617127,0.9661055714823306,25.366510421037674,0.0,0.2438115127151832,13.504573188722134,7.847021372697771e-05,4.295572679489851,50.322652101516724,0.00016369115035530513,4.748144522309303,0.008864421441103332,-0.06868402869440615,0.20255273906514049,1.0,,,,
4,25624576,0.22382289066445082,0.8627958581782877,0.002434548362998612,0.17478541564196348,1.6814688825979829,0.0068837977705697995,-0.001552951478970499,0.12460008905327413,-0.24702563683968037,-0.04506794686312787,0.5202383594587445,-0.6355035642627627,0.163946938700974,0.22382289066445082,0.8627958581782877,0.002434548362998612,0.17478541564196348,1.6814688825979829,0.0068837977705697995,0.0752855145256035,0.12875819409964606,0.030804828013060614,0.4806942635914311,0.12301539609325118,0.012481508325436153,0.12284742039628327,0.2991553053725511,0.9342069611884654,27.850801222026348,0.0,0.22067098802654073,14.357385940849781,6.112512790057423e-05,3.7714615035802126,38.530445620417595,0.00015138623546206986,4.679851233959198,0.0087727783502487,-0.06945512490347028,0.19556487258523703,1.0,,,,
4,25690112,0.1970526756485924,0.8778200703673065,0.0023961914645269644,0.17594121990259737,1.598802528809756,0.00650011847847054,-0.0007274720649093069,0.1639772960334085,-0.21745107497554272,-0.04764500248711556,0.5123762967996299,-0.49257189501076937,0.20536849088966846,0.1970598032930866,0.8778200703673065,0.0023961914645269644,0.1759421129245311,1.598802528809756,0.00650011847847054,0.07420496916165575,0.13060703681549057,0.031192610898870043,0.49800470075570047,0.08301749621750787,0.01210210345016094,0.08236069840495475,0.22384838591096923,1.0430755484849215,53.344868183135986,0.0,0.2357479209313169,13.181123077869415,7.175198333370797e-05,3.7143426965922117,29.822324812412262,0.0001539240227064198,4.620948005467653,0.007355801124504069,-0.06828333623707294,0.18387509533204138,1.0,,,,
4,25755648,0.15371947904117406,0.8388012385119994,0.008478963771782824,0.09208582942063609,1.1423853198935587,0.004037214137806586,-0.0009504204390653588,0.1187100585163959,-0.23425476846377324,-0.033610068772430474,0.4753874703853701,-0.6278594701940892,0.1364129386842251,0.27016383735463023,0.8679898171685636,0.00288759362683777,0.16009848983958364,1.7012700573541224,0.006718792807987484,0.07409287366317585,0.11470486520556733,0.027985573484329507,0.46510662604123354,0.13695625813124934,0.012157098084571771,0.13644962738180766,0.28198137643630616,0.9052009549923241,51.700713366270065,0.0,0.19017846614588052,10.948181863874197,7.459876639237528e-05,2.551482397131622,30.11893303692341,0.00011942955420307655,4.8187212236225605,0.005793667189209373,-0.06814545369707048,0.1905744408722967,1.0,,,,
4,25821184,0.30735492368694395,0.8701891493983567,0.0019751737789874824,0.1743767629377544,1.4879117021337152,0.005043734853529713,-0.0008349017710997941,0.1609546740364749,-0.21413799049332738,-0.037855427857721224,0.5093841466587037,-0.4396621002815664,0.15505816042423248,0.16852929983680776,0.841826579320323,0.007852092447176046,0.10001774675897267,1.175689067579357,0.004134228182695562,0.05623378131976239,0.06140107047710433,0.021450265861222947,0.38744362825191164,0.13042548693104994,0.009247467780194009,0.13020038116633534,0.4127042008148708,0.7540486040861761,31.589249714838722,0.0,0.16978056838242225,13.553965299350983,4.3951402412827195e-05,2.7310422598608737,35.84228214784806,7.93379715568605e-05,4.750085493168199,0.005592967281875436,-0.06683855452182064,0.17638472582112594,1.0,,,,
4,25886720,0.1971288686618209,0.9187582554295659,0.0006775553106876941,0.18783501826692373,1.707972233183682,0.002536852688081126,-0.0010845434161410594,0.13628079590853304,-0.2445175979519263,-0.05871599167585373,0.5219451941084117,-0.44692552206106484,0.20463193859905005,0.19717248622328043,0.9364424841478467,0.0006775553106876941,0.18788685742765665,1.71924093272537,0.002536852688081126,0.07585596840362996,0.14333045267267153,0.03053310669201892,0.49425457743927836,0.08999757203855552,0.012524028723419178,0.08907166359131224,0.25306223949883133,1.2503778818063438,60.55980234593153,0.0,0.249621472787112,15.7764842659235,5.82874775039155e-05,4.368929788470268,30.29178772866726,2.9513651326029677e-05,4.629746422171593,0.009576973778166575,-0.07260094047524035,0.22427936375606805,1.0,,,,
4,25952256,0.25567050313111395,0.8684361609630287,0.0015727036429211694,0.17528894520364702,1.7478222092613578,0.004335962803452276,-0.0010871757240238367,0.14652274420950562,-0.21514181460952386,-0.03249301850883057,0.49270146945491433,-0.49080161727033556,0.08962998166680336,0.25567724264692515,0.8684361609630287,0.0015727036429211694,0.17528791655786335,1.7478222092613578,0.004335962803452276,0.07714524812763557,0.12891138991108164,0.02951031958218664,0.48257128160912544,0.13005029465421103,0.01282477567292517,0.12925238159368746,0.2835624911240302,1.099642934743315,65.8660324960947,0.0,0.2140588290640153,12.984436385333538,6.985142834992075e-05,3.35968014318496,29.566426888108253,0.00010520744324771236,4.798857647925615,0.008954939115938032,-0.07263548579066992,0.17775967973284423,1.0,,,,
4,26017792,0.23718134802766144,0.8554127365350723,0.0026178843316984057,0.1803029793081805,1.781768182758242,0.006418351757929486,-0.0014686945672792717,0.13173778989585117,-0.28418373997556046,-0.028268342080991715,0.5002341696526855,-0.5174253205768764,0.15914825786603615,0.23718134802766144,0.8554127365350723,0.0026178843316984057,0.1803029793081805,1.781768182758242,0.006418351757929486,0.07884676510002464,0.1328229199280031,0.030640878962003626,0.5638686020392925,0.1089643967570737,0.013065224877209403,0.10883844763156958,0.2558153756544925,0.9801681214012206,24.1091465651989,0.0,0.24252911831717938,16.564326245337725,7.276002868406017e-05,3.272294208407402,30.38086000084877,0.00014797722305548433,4.7064241245388985,0.010186640090978472,-0.07168694259598851,0.19717370765283704,1.0,,,,
4,26083328,0.2381418104050681,0.8608751995489001,0.002533707074690028,0.1666584707563743,1.5188896958716214,0.006869303431813023,-0.0013773653654425289,0.14667061023646966,-0.31114924186840653,-0.022106391477791476,0.5102387156803161,-0.6769000315107405,0.14909705321770161,0.2381418104050681,0.8608751995489001,0.002533707074690028,0.1666584707563743,1.5188896958716214,0.006869303431813023,0.07624419184867293,0.1193893410381861,0.030237073966418393,0.5028135363245383,0.12307270597375464,0.013068059903162066,0.1229905548680108,0.2761134584725369,0.9360900013707578,25.617750376462936,0.0,0.2423846481833607,18.473903253674507,9.231401345166645e-05,3.6330855898559093,38.866811633110046,0.00017050036290111592,4.814072452485561,0.009710871534480248,-0.0716859856620431,0.19094118068460375,1.0,,,,
4,26148864,0.23428630956914276,0.8796137189492583,0.0025297662534740084,0.18134400178678334,1.6886049453169107,0.006887053411446686,-0.0005957268168685914,0.1410664000432007,-0.21660236673778854,-0.0412526315813011,0.5146705687511712,-0.735744962003082,0.1630621983204037,0.2342913687461987,0.8796137189492583,0.0025297662534740084,0.18134422088041902,1.6886049453169107,0.006887053411446686,0.07598853332456201,0.1361359796137549,0.030109209299553186,0.48265919100958854,0.12675364001188427,0.012569937054649927,0.12611637316877022,0.30217589577659965,1.0194652401842177,53.43066405504942,0.0,0.21218927227891982,13.063602071255445,7.061986919248975e-05,3.8142273891717196,42.167072489857674,0.0001577282886784867,4.693593803793192,0.009724185882078018,-0.06951473583467305,0.17615732189733535,1.0,,,,
4,26214400,0.21051730262115598,0.8597620213404298,0.0026167076025558345,0.1683215523371473,1.58913449710235,0.0070629050369461766,-0.0008412440728307047,0.08840143689303659,-0.15271155221853405,-0.054642927570967004,0.5278137042187154,-0.7590190793853253,0.17041612998582423,0.21051730262115598,0.8597620213404298,0.0026167076025558345,0.1683215523371473,1.58913449710235,0.0070629050369461766,0.0708838070568163,0.12547468772390857,0.029441940976539627,0.4636534242890775,0.07501301483716816,0.011696277819282841,0.07490525001776405,0.1940654719946906,1.0177875752560794,28.212030366063118,0.0,0.1534943946171552,9.071697782725096,6.40305881809411e-05,4.157020904123783,43.63826410472393,0.000132095590554826,4.652858175337315,0.00845921151631046,-0.06982697267085314,0.19713334529660642,1.0,,,,
4,26279936,0.1689935012999922,0.8459986714025338,0.010133972611129138,0.11523848555671673,1.5472600770990055,0.005238321877404814,-0.00022041347899422209,0.3042439288426734,-0.25335418166825546,-0.028412164204120245,0.48760479157809944,-0.48582034208142433,0.17640098104874294,0.24702381726820022,0.8730345899239182,0.002593747827631887,0.17625665187370032,1.6611794368363917,0.006986765025430941,0.07430464922799729,0.13127983477897942,0.03031890926649794,0.458361022407189,0.1476431155751925,0.012315537511312868,0.1474939386243932,0.3439327533124015,0.8330598580650985,21.919248089194298,0.0,0.17358743021031842,11.833802953362465,6.236086558231158e-05,3.557173488661647,31.34447655081749,0.00011943918400580955,4.777469828724861,0.007607712286699098,-0.06966984667815268,0.20282909483648837,1.0,,,,
4,26345472,0.2941862599691376,0.9156791334971786,0.0018164542422027807,0.1994761461392045,1.8032245421782136,0.005769873678445947,0.00035211183546834945,0.5490175501909107,-0.3355698351515457,-0.027821906751341885,0.488069363636896,-0.4322195404674858,0.20694683329202235,0.1810692903916744,0.8555715643767133,0.00933228409364226,0.12337278686071107,1.5768798991858242,0.0052895557859388995,0.06195795585132058,0.08233689055609775,0.025230340555826403,0.4046248738956918,0.14704013440522354,0.009884338110267376,0.14668696800089745,0.4776293343965368,0.9222175174572292,35.35331940190889,0.0,0.5664241914560244,20.991048790856702,6.344597807816932e-05,4.241476164325645,29.85249949274136,0.0002045708321315467,4.672267093536365,0.015187642361119484,-0.06690525142363755,0.18523227736488523,1.0,,,,
4,26411008,0.21352782507892698,0.9226923920214176,0.0007951875935532371,0.17452090373262763,1.7490797112695873,0.004205615445243893,-0.0001874933515750854,0.18605167092755437,-0.23073632118757814,-0.05430319070001133,0.5093630175106227,-0.8396079041995108,0.22392036812379956,0.21352782507892698,0.9226923920214176,0.0007951875935532371,0.17452090373262763,1.7490797112695873,0.004205615445243893,0.07421159464865923,0.12936363596236333,0.03033983940258622,0.5012866477482021,0.08736144995782524,0.012327706666837912,0.087212995858863,0.2289506841916591,1.2126945341005921,28.99558548629284,0.0,0.24373683193698525,15.136686250567436,5.01612427982745e-05,4.018235132098198,48.515361934900284,0.0001304795676313475,4.622046135365963,0.009695978238596581,-0.07259999820962548,0.20835707522928715,1.0,,,,
4,26476544,0.2555093759438023,0.8789657582528889,0.0018059296021419868,0.16314130439423025,1.5334460558369756,0.0059435909179228474,-0.0009730621815435825,0.10924139261624077,-0.2364971035567578,-0.03928863946930505,0.45022812322713435,-0.647337410133332,0.09639613365288824,0.25551325420383364,0.8789657582528889,0.0018059296021419868,0.16314059076830745,1.5334460558369756,0.0059435909179228474,0.07378960610367358,0.11820660124067217,0.028330095097771846,0.42956024454906583,0.129575524784741,0.012325979172601365,0.1287677303334931,0.2736520506150555,1.067810577340424,74.56737922132015,0.0,0.1859123217582237,13.794345438480377,5.392745981680491e-05,3.0040059983730316,37.11525195837021,0.00010550271265419298,4.795501936227083,0.007536025066656293,-0.06961249466985464,0.19038517237640917,1.0,,,,
4,26542080,0.2240955011220649,0.8846928146667778,0.0016511605779214733,0.1808831230737269,1.7039783098734915,0.006126420861164661,-0.0017086128355003893,0.13485594339726958,-0.2542624647030607,-0.057074131473200396,0.4980679415166378,-0.8902541664429009,0.22668695030733943,0.2241006410913542,0.8846928146667778,0.0016511605779214733,0.1808827823260799,1.7039783098734915,0.006126420861164661,0.07542037405073643,0.1358362909522839,0.03056036349153146,0.47127596742939204,0.12406768533401191,0.012333637700066902,0.12363686837488785,0.31397219153586775,0.9748128983192146,42.645424135029316,0.0,0.276723550981842,14.576314717531204,5.1663030113918706e-05,4.042764546349645,51.00780716538429,0.00014961659472989552,4.642216671258211,0.009183583159028785,-0.07244959706440568,0.20673367497511208,1.0,,,,
4,26607616,0.24178007303271443,0.8908045487478375,0.0009199364679943756,0.16964963520877063,1.6523066833615303,0.0050760772824105516,-0.0023550275986963243,0.17302850761916488,-0.22392428305465728,-0.04474887884862255,0.5048069835174829,-0.6570516999345273,0.1758581893518567,0.24178007303271443,0.8908045487478375,0.0009199364679943756,0.16964963520877063,1.6523066833615303,0.0050760772824105516,0.07572034158511087,0.12354557623621076,0.029794708883855492,0.46481110679451376,0.12072179518872872,0.012606927761225961,0.12066993903135881,0.27318205597111955,0.8844204596243799,24.317023411393166,0.0,0.2754644341766834,13.509064964950085,5.5787237999760375e-05,3.580407904461026,37.80450312793255,0.0001351631233221795,4.780252065509558,0.008319675976963481,-0.07259989948943257,0.18211779231205583,1.0,,,,
4,26673152,0.24725064809899777,0.8869777270592749,0.002051612141485748,0.1629831208847463,1.5514239775948226,0.00620193216741427,-0.0014201790766890099,0.14328702463535592,-0.23753032879903913,-0.02505488345923368,0.5145122418180108,-0.4815945290029049,0.13484520837664604,0.24725476396270096,0.8869777270592749,0.002051612141485748,0.16298558341804892,1.5514239775948226,0.00620193216741427,0.07346166233764961,0.11884860671125352,0.026903208141447976,0.45740349765401334,0.10827795934164897,0.012323023664066568,0.10765581839950755,0.22943799436325207,0.9183663567528129,59.856922037899494,0.0,0.2408239160431549,13.717239074409008,7.259461352993046e-05,3.1691833958029747,30.97433139383793,0.00013049403228215795,4.748770136386156,0.00935893378482433,-0.06991212884895504,0.19132598722353578,1.0,,,,
4,26738688,0.2075664447620511,0.8822777434252203,0.0015490915329792188,0.18221510131843388,1.5154938707128167,0.006789394013594574,-0.0026358221289228823,0.1895218557183398,-0.2807579035870731,-0.04878897420712747,0.49610318057239056,-0.5234798395540565,0.23497249651700258,0.2075664447620511,0.8822777434252203,0.0015490915329792188,0.18221510131843388,1.5154938707128167,0.006789394013594574,0.07799326372332871,0.13513477379456162,0.0311933765624417,0.50394058204256,0.10490682465024292,0.013263556735182647,0.10480594943510368,0.273599665495567,0.990924074780196,17.623535372316837,0.0,0.33797328453511,17.117194943130016,6.868130144876972e-05,3.800155308097601,32.11371132731438,8.649167617802433e-05,4.65581963211298,0.010155923468119,-0.07177882129326463,0.1903391459491104,1.0,,,,
4,26804224,0.15466260026209055,0.8257526711871226,0.009809050703970569,0.1144284189430376,1.3893661646793287,0.005539451117219869,0.00041413398960041075,0.2643716981223163,-0.21501692721988852,-0.04110107102152294,0.47387214436855474,-0.691838983988176,0.12519931962092717,0.26172519056126475,0.8930765930563211,0.00020484806987042248,0.1749068236676976,1.5907108527608216,0.0011429731347334382,0.07541954930638894,0.1307841357192956,0.028056737588485703,0.47547519870568067,0.14280426979530603,0.012640810702578165,0.14265370165230706,0.31154591677477583,0.9567643539048731,23.424707174301147,0.0,0.2507227346068248,19.752159468829632,2.9739101198522633e-05,3.469767576083541,33.57995682954788,2.0398977043978306e-05,4.782132059335709,0.00813215013113222,-0.07260008715093136,0.19944183039478958,1.0,,,,
4,26869760,0.2883621621876955,0.8582677841186523,0.002838991814314795,0.18245007673976943,1.6025258940644562,0.00717833543967572,-0.00012452791509076633,0.19666596403112635,-0.25049168203258887,-0.034053314353514,0.5138151354622096,-0.6416761304717511,0.19854939868673682,0.16755640783616488,0.8300821962710245,0.009137237798943508,0.12099154763686729,1.4121983755290148,0.005697415871191517,0.06186689343583961,0.07803202547127358,0.028005959816748298,0.4286313420161605,0.13888828317825513,0.009752930001024696,0.1384995324699859,0.4874019218406763,0.7533119254049856,32.583599641189785,0.0,0.2254567761899881,17.59332866167807,5.9161659373276206e-05,3.529365672811961,40.05745545971622,0.00013493679235600727,4.695906749152275,0.006286597226044908,-0.06560254810624812,0.18612692833328284,1.0,,,,
4,26935296,0.214535694103688,0.9025410604663193,0.0012287745394132799,0.17944635136518627,1.7368104332126677,0.004944051756410772,-0.0003624703415425756,0.36835123284254223,-0.25786948919994757,-0.04624160523235332,0.5140176508575678,-0.458692446583882,0.20816772850230336,0.21454248134978116,0.9025410604663193,0.0012287745394132799,0.17945046781096607,1.7368104332126677,0.004944051756410772,0.07505913957720622,0.13405286305351183,0.030549123825039715,0.49456558423116803,0.09325893770437688,0.012403701672155876,0.09262153529562056,0.23728666931856424,0.9543811590410769,52.744605518877506,0.0,0.29537228331901133,25.879421643912792,5.154752603941937e-05,3.712575713172555,29.660841301083565,0.00015116491618094585,4.630409434437752,0.008885654679033905,-0.07183039537630975,0.18030939064919949,1.0,,,,
4,27000832,0.24462364299688488,0.886157548520714,0.0009103020666998418,0.17104158212896436,1.5897430344484746,0.00488331940232456,-0.0015609021950240276,0.13327001477591693,-0.22578596882522106,-0.04051020498445723,0.5137299920897931,-0.45075134676881135,0.099008665420115,0.24462364299688488,0.886157548520714,0.0009103020666998418,0.17104158212896436,1.5897430344484746,0.00488331940232456,0.0737536515807733,0.1271183521603234,0.028178740685689263,0.47293612372595817,0.12966581786167808,0.012097611295757815,0.12962566524220165,0.28294358088169247,0.86857177503407,24.157641425728798,0.0,0.2373980224947445,13.03331721574068,6.196915774259182e-05,3.2613973934203386,29.510479971766472,0.0001408366318824683,4.794970735907555,0.008116643602988916,-0.07259989459998906,0.16474264953285456,1.0,,,,
4,27066368,0.2374913963722065,0.8657104610465467,0.00078691873511616,0.17327448085416108,1.6157129784114659,0.0037433515326483757,-0.0012079226029300116,0.10816763626644388,-0.24719312111847103,-0.042776130780112,0.5142868596594781,-0.4472748152911663,0.2023015464656055,0.2374913963722065,0.8657104610465467,0.00078691873511616,0.17327448085416108,1.6157129784114659,0.0037433515326483757,0.07354670675704256,0.1297294299583882,0.029182914367993362,0.44542011350858957,0.10688028033473529,0.012503916455898434,0.10678687479230575,0.24174189858604223,0.8829751419834793,23.39384514093399,0.0,0.1914872148190625,14.163122728466988,4.849564098030612e-05,3.2236879523843527,29.557719334959984,0.00010567211695367007,4.711267825216055,0.006993046783463797,-0.07260896055959165,0.17707326472736895,1.0,,,,
4,27131904,0.23679140431340784,0.8620461164973676,0.0005403314920613411,0.17228864890057594,1.6041912673972547,0.003609025984587788,-0.0004941796636899198,0.14524340664502233,-0.22610402666032314,-0.05027132897521369,0.5121619415003806,-0.5543658249080181,0.14414657111046836,0.23679140431340784,0.8620461164973676,0.0005403314920613411,0.17228864890057594,1.6041912673972547,0.003609025984587788,0.07402282312978059,0.12727421062299982,0.02983387872518506,0.4727477157721296,0.1285129805910401,0.012287851292057894,0.1279757587471977,0.29335028532659635,0.9838831569068134,55.479645781219006,0.0,0.20788628002628684,13.045484781265259,4.797855049032407e-05,3.5844012666493654,32.85827739536762,3.557279123955759e-05,4.789183910936117,0.007607514926348813,-0.07260009553283453,0.1844648674596101,1.0,,,,
4,27197440,0.2355726988753304,0.9034628253430128,0.001375395406739699,0.1898603799054399,1.6953779426403344,0.005473821879604657,0.0012937367480390094,0.2439286551089026,-0.2393345427699387,-0.05030172929400578,0.5065785131882876,-0.6236382117494941,0.16406886337790638,0.2355726988753304,0.9034628253430128,0.001375395406739699,0.1898603799054399,1.6953779426403344,0.005473821879604657,0.08092441759072244,0.14229324756888673,0.030024157880689017,0.5027851818595082,0.12098786269780248,0.013370246175327338,0.12088982498971745,0.28784885175991803,0.9307266641408205,24.984315276145935,0.0,0.3321403143927455,15.217037871479988,7.385357188066655e-05,3.888756189495325,35.747600719332695,9.792357073989955e-05,4.686869386583567,0.010727298496931326,-0.0712617002427578,0.19736553821712732,1.0,,,,
4,27262976,0.22137728275265545,0.8909359443932772,0.0007949816894097239,0.17170676216483116,1.5982524249702692,0.00516447093809802,0.0003778456491545512,0.2517882026731968,-0.2717288477579132,-0.04396056954283267,0.5115754678845406,-0.5323014608584344,0.19180373207200319,0.2213824458885938,0.8909359443932772,0.0007949816894097239,0.1717098708031699,1.5982524249702692,0.00516447093809802,0.07756855414481834,0.12463191844290122,0.029702525047468953,0.45671674492768943,0.0880659453687258,0.012908421624160837,0.08714178702211939,0.2140383369405754,1.3248659279197454,72.4509740024805,0.0,0.3455488895997405,17.493472419679165,5.167478979559159e-05,3.523299565538764,32.09315003454685,0.00010498362437316722,4.62069271877408,0.00947322154752328,-0.0726120553445071,0.19294211664237082,1.0,,,,
4,27328512,0.1622116748522967,0.8668609249591828,0.009290425763495782,0.12451164023950696,1.3046751258522273,0.005518563277267579,0.0011523023604543899,0.2752181295033854,-0.28902288066228116,-0.11385281946909799,0.45843965424302346,-1.0823136793192436,0.14616543531417847,0.2640621338505298,0.871211004909128,0.0005830429335560439,0.17482553783338517,1.6271183798089623,0.003586758695973913,0.07692326279357076,0.12871754344087094,0.028983035575947724,0.44769795541651547,0.15234176648664288,0.0127637875120854,0.15176789290853776,0.3272169680567458,1.0036338018253446,50.3823411911726,0.0,0.24875007709488273,14.56714402884245,5.392315106522716e-05,3.172754503786564,45.434227615594864,7.310466905874335e-05,4.760637987405062,0.008206161626731046,-0.07262282492592931,0.20632449141703546,1.0,,,,
4,27394048,0.2773619667859748,0.9055174198001623,0.0028566808886125727,0.19696635846048594,1.6124755516648293,0.007783970908349147,0.0008558722803400087,0.2549332190537825,-0.2937712454004213,-0.08941019547637552,0.5058479327708483,-0.9855434228666127,0.21378197032026947,0.17333357537681437,0.8735573095190956,0.00867030577555523,0.13151709472266845,1.3425514045205102,0.005736915820022429,0.06989611385962421,0.0816562045365572,0.03183756842479918,0.48429946707426963,0.1476792092182595,0.011805122595137343,0.14622732505471592,0.5120843843141772,1.6819964541200862,66.44338705482701,0.0,0.4263477238639909,18.463320558512,5.5542599602500976e-05,7.4067627044832225,61.539872427510254,0.00020704013582864924,4.6319823186081575,0.009974240068278236,-0.06769795778645091,0.22662968765270997,1.0,,,,
4,27459584,0.20163271576166153,0.9099130788818002,0.0013506300583685515,0.1905197319574654,1.6397775220684707,0.004898828590057747,-0.00039900021477023984,0.24090906220953912,-0.2459760227939114,-0.0857425223221071,0.5135274219792336,-0.934050980489701,0.17697903886437416,0.20165351638570428,0.9099130788818002,0.0013506300583685515,0.19051954918541014,1.6397775220684707,0.004898828590057747,0.07678160257637501,0.14504898904124275,0.03151422330120113,0.4812913436908275,0.08983721912954934,0.013028330853558145,0.08761232948745601,0.25244665483478457,1.688815345056355,99.57567590475082,0.0,0.32243772654328495,16.905168794095516,5.49448805335917e-05,5.911243785172701,53.517179757356644,0.00013405908138608424,4.614929310977459,0.012980184626940172,-0.07229284499771893,0.19422904832754284,1.0,,,,
4,27525120,0.2280261821579188,0.8592112427577376,0.0009282966823320749,0.1842071934370324,1.5887002875097096,0.00486176151480322,0.0002796613825140071,0.1900514182052575,-0.20346656953915954,-0.06535803640144877,0.5082131412345916,-0.6374146747402847,0.10852333786897361,0.22802546725142747,0.8592112427577376,0.0009282966823320749,0.18420544383116066,1.5887002875097096,0.00486176151480322,0.07797154938452877,0.1372145622735843,0.03160751891846303,0.5021549186203629,0.13313604141876567,0.013078423515253235,0.13282200193498284,0.33057343488326296,1.1114950086921453,43.89044851064682,0.0,0.25992127135396004,12.686448588967323,4.603868924490939e-05,4.758197609335184,37.34998947381973,0.00015444993074797964,4.723916135728359,0.010826198540598853,-0.0725997556000948,0.20207124517764896,1.0,,,,
4,27590656,0.22726690582931042,0.8599058659747243,0.0008683831728149016,0.1808241275139153,1.7604797519743443,0.004660018505546759,-0.002285758818288741,0.10768191177339759,-0.27271554502658546,-0.06131186996935867,0.5129897654987872,-0.6413925369270146,0.20005012350156903,0.22726690582931042,0.8599058659747243,0.0008683831728149016,0.1808241275139153,1.7604797519743443,0.004660018505546759,0.07416722847847268,0.13561075524194166,0.03155259523191489,0.4907152589876205,0.1215229514054954,0.012241774937137961,0.12125514983199537,0.3040991445304826,1.0508018820546567,32.215182945132256,0.0,0.253191172843799,15.67416962981224,4.65777696082581e-05,4.27222029492259,36.80572447180748,0.00012710199331600336,4.632929168641567,0.009938066366885323,-0.07259995210915804,0.19441006518900394,1.0,,,,
4,27656192,0.23523980379104614,0.8699317760765553,0.0023616350356405746,0.16090335056651384,1.5030317441560328,0.006292667903835536,-0.0017890772696773638,0.15702006286301184,-0.23203857778571546,-0.04979791125515476,0.5095538750756532,-0.5646562990732491,0.17571480013430119,0.23525170935317874,0.8699317760765553,0.0023616350356405746,0.1609022399643436,1.5030317441560328,0.006292667903835536,0.07521122432081029,0.11364016169682145,0.030262507192674093,0.4780839750310406,0.11681091983336955,0.012794732974725775,0.11563367611961439,0.24618658440886065,1.1842798339203,76.90386880934238,0.0,0.24552602332551032,13.833850741386414,6.534458232199114e-05,3.6586100086569786,32.45270100235939,0.00015703279773493506,4.774702716618776,0.008994691521365894,-0.06890191370621324,0.1869801264256239,1.0,,,,
4,27721728,0.2290735151618719,0.8631064705550671,0.0023873335644566396,0.1877352186711505,1.6591922263614833,0.006849672242424276,-0.0019060589611399337,0.2012431618059054,-0.21463467960711569,-0.05629521107766777,0.5079500209540129,-0.6739794504828751,0.15676441084360704,0.2290735151618719,0.8631064705550671,0.0023873335644566396,0.1877352186711505,1.6591922263614833,0.006849672242424276,0.07739279232919216,0.14188434329116717,0.030485361523460597,0.47667031991295516,0.13003380899317563,0.012753265989886131,0.12987150344997644,0.3209550539031625,1.0220501855947077,22.272950410842896,0.0,0.30032154987566173,13.698049522936344,8.34071414770321e-05,4.233372572809458,38.7074234187603,0.00015063574932661083,4.6767029240727425,0.010367546015913831,-0.06969294417649508,0.19490151782520115,1.0,,,,
4,27787264,0.21026011160574853,0.8766188146546483,0.002486873562020264,0.18999698956031352,1.6357378689572215,0.006908179188030772,-0.003035973852092866,0.18900453310925514,-0.24798560072667897,-0.060631263739196584,0.4969901842996478,-0.5478313015773892,0.20662814128445461,0.21026011160574853,0.8766188146546483,0.002486873562020264,0.18999698956031352,1.6357378689572215,0.006908179188030772,0.08084125490859151,0.1417934576747939,0.03138005634536967,0.5096007045358419,0.09319799178047106,0.013491147517925128,0.09309423822560348,0.2497980948537588,1.108219403307885,21.3573624715209,0.0,0.40677038906142116,14.870551973581314,8.502736639071085e-05,4.477600056678057,31.61262595653534,0.0001638457241011082,4.626745495945215,0.011297086457489058,-0.07043048902414739,0.1953516434878111,1.0,,,,
4,27852800,0.16132855745963753,0.8612807736049095,0.009513044461627942,0.12233970240379373,1.3082719127088784,0.005161422785931791,-0.000792289191920948,0.2441402025493638,-0.3942003417557377,-0.06615309740864936,0.43262378827290376,-0.6141112186235842,0.15308124154806135,0.26525837916415185,0.9136066669598222,0.0009889418794273297,0.16835100285243243,1.6800689524970949,0.0024295365977877736,0.07724018977023661,0.1211620390531607,0.02864260926435236,0.4715274553745985,0.14424333540955558,0.012857178298872896,0.14364077401114628,0.30304638933739625,1.1345176929607987,47.48289369046688,0.0,0.32233825570438057,18.339941315352917,6.84566926691943e-05,3.134188639000058,30.985578775405884,6.88485468054445e-05,4.745217192918062,0.008122870229271939,-0.07180700916796923,0.16111770877614617,1.0,,,,
4,27918336,0.27602715394459665,0.8719851793721318,0.0014960682689206806,0.18647065362893045,1.5619931481778622,0.005725602551137854,0.00036187893113037717,0.24871592712588608,-0.27766394952777773,-0.05370506618055515,0.48244235035963356,-0.49353740992955863,0.1363312948960811,0.1723905269432454,0.8623125235583767,0.008740323864740496,0.12852116619764142,1.3327269715492625,0.005215801558481773,0.0665800323687404,0.08201165938138379,0.02988275937477957,0.46337590850777477,0.14350100890985767,0.011056985026884666,0.1426766353388631,0.49292094099997397,1.1537399070943335,55.23020843497242,0.0,0.42929548382161586,22.710356315625944,5.3548361793036945e-05,4.583239867060209,34.96108806584064,0.0001393848591019851,4.662047992808273,0.008885091804180971,-0.06787873954927347,0.19595542781234507,1.0,,,,
4,27983872,0.21699019812513143,0.8769360492005944,0.00031255540716301766,0.18287420726846904,1.6186601808294654,0.0015705778362757883,-0.0003887757696929839,0.3219966620672494,-0.32744898460805416,-0.056254759401781484,0.510581903392449,-0.5236252543982118,0.16941221139859408,0.2169957656878978,0.8769360492005944,0.00031255540716301766,0.18287317373324186,1.6186601808294654,0.0015705778362757883,0.07899316464317963,0.13542978215264156,0.031002189120044932,0.48330175678711385,0.09574538964079693,0.013129853505233768,0.0950243498373311,0.2531005578348413,1.2391059785149992,66.08023399859667,0.0,0.38892979663796723,23.2104467228055,3.0399697301675133e-05,4.151368297636509,31.53822435438633,4.8599353345335494e-05,4.645118609070778,0.010634436672262382,-0.07260024268180132,0.19072350941132754,1.0,,,,
4,28049408,0.24241975019685924,0.8938512392342091,0.0002725017997136092,0.17435343330726027,1.7680153837427497,0.0014734380065419828,-0.0003707530143799431,0.18304861284559593,-0.21882199484389275,-0.049985718535026535,0.4877809651661664,-0.7338123652152717,0.1303167619917076,0.2424214519560337,0.8938512392342091,0.0002725017997136092,0.17435165774077177,1.7680153837427497,0.0014734380065419828,0.07614263537107036,0.1275543593801558,0.030811940756393597,0.5368034734856337,0.13078550281352364,0.012691711650404613,0.1301463661075104,0.2997071637073532,1.0630386797711253,77.85961405932903,0.0,0.26322089321911335,13.479540340602398,3.770237997137438e-05,3.716771526262164,42.0443519949913,4.257623776249275e-05,4.7112721130251884,0.007770426171191502,-0.07261566026136279,0.20196642819792032,1.0,,,,
4,28114944,0.24434341641608626,0.8648693799041212,0.0003507329046783525,0.174790357821621,1.6691810241900384,0.0021658189892832524,-0.0003091905493874947,0.1970845567411743,-0.20316742826253176,-0.041378511174116284,0.5159216267056763,-0.5379707247484475,0.19200636708410457,0.24434341641608626,0.8648693799041212,0.0003507329046783525,0.174790357821621,1.6691810241900384,0.0021658189892832524,0.07742279465310276,0.12854128796607256,0.029262282070703804,0.4830788359977305,0.11940588860306889,0.012958511564647779,0.11928360626916401,0.26907328120432794,0.9022153308615088,20.199924387037754,0.0,0.28272799169644713,13.417232193052769,5.318882909399747e-05,3.5709470622241497,32.707348108291626,5.352134724123658e-05,4.692246697843075,0.009416936452907976,-0.0726138474419713,0.19606367289088666,1.0,,,,
4,28180480,0.23587785242125392,0.9025475773960352,0.0010627305273374077,0.2039527833694592,1.7672790349461138,0.005522237854620471,0.00027429894498709473,0.2239473508670926,-0.2209021527087316,-0.07530425599543378,0.5048191642854363,-0.6143552707508206,0.21243163966573775,0.23591398901771754,0.9161443086341023,0.0010627305273374077,0.20403219829313457,1.7956519783474505,0.005522237854620471,0.0799763262621127,0.15799805684946477,0.03128708730218932,0.4966082538012415,0.1411861466767732,0.013309487454534974,0.1404247477184981,0.34730780660174787,1.1431810702197254,57.248668283224106,0.0,0.28248704492580146,16.11458294093609,5.478409013839891e-05,5.089221391826868,36.41927281022072,0.00020621426815026211,4.72909689694643,0.015079416625667363,-0.07260132883675396,0.22306435625068843,1.0,,,,
4,28246016,0.23390081233810633,0.9157744841650128,0.0009284520642722782,0.19542734848801047,1.6375810960307717,0.004589031910199992,-0.0005029012779687037,0.22677185997599736,-0.23774003935977817,-0.0849286254378967,0.5104178730398417,-0.6597150964662433,0.18804334406740963,0.23390653496608138,0.9157744841650128,0.0009284520642722782,0.19542510842438787,1.6375810960307717,0.004589031910199992,0.07834469608496875,0.15101848205085844,0.02903302885533776,0.4840378010412678,0.12601992365671322,0.012980898922251072,0.12521084630861878,0.3089660090627149,1.139757581986487,64.96872045099735,0.0,0.3224594318307936,14.965723246335983,6.43425890007876e-05,5.691758614033461,37.798891201615334,0.00018609956687853924,4.651067689061165,0.01631367144000251,-0.0726024538744241,0.18837707629427314,1.0,,,,
4,28311552,0.2059996995376423,0.9145746766589582,0.0005141119081599754,0.19254127086605877,1.684652553871274,0.002825255237212332,-0.002086151606818021,0.18671754020033404,-0.26231832685880363,-0.0785034165601246,0.5282285809516907,-0.6264102668501437,0.1533017671026755,0.20608004834502935,0.9455833337269723,0.0005141119081599754,0.19267452764324844,1.7314509935677052,0.002825255237212332,0.07862387818749994,0.14677316404413432,0.03085868022753857,0.5153021236183122,0.0959677493374329,0.013098834926495329,0.09479672624729574,0.27166207833215594,1.2691479409113526,77.52037771046162,0.0,0.3527479579206556,17.593848802149296,4.63440064069065e-05,5.538825772702694,37.38802598416805,6.740616187039805e-05,4.626619644463062,0.015131499698327389,-0.07262303889729083,0.24829260865226388,1.0,,,,
4,28377088,0.17127190420404076,0.817165873448054,0.00857010538722534,0.11398415230835478,1.3550908162196478,0.004906691866587305,-0.0008358845911376989,0.11023660210397793,-0.19022504294965376,-0.049553460448491175,0.42542631407714604,-0.45140668222287783,0.11184181203444798,0.2680998451542109,0.9010679814964533,0.0007477901907577689,0.15671806770842522,1.6067680353298783,0.003601235578798878,0.07315302116330713,0.11161104746861383,0.02768510693567805,0.4983826030511409,0.136998426518403,0.012556604844576214,0.1355984167312272,0.2725654171736096,1.2653976492583752,77.1722097992897,0.0,0.2921374002471566,17.346595868468285,4.2371109322925093e-05,3.3518320098519325,33.58638192713261,0.00010330115540491125,4.7605138421058655,0.009413933807081776,-0.07267171773128211,0.18629226402845234,1.0,,,,
4,28442624,0.3106401098193601,0.8472454808652401,0.001664434818223981,0.1832505973870866,1.6119980635121465,0.004099657518963795,-0.001821541191588949,0.12811077958031092,-0.22112728748470545,-0.029720782353251707,0.4568241226952523,-0.4947411925531924,0.11653775430750102,0.1847066132811807,0.8200651127171804,0.007904498585393884,0.12066102440255773,1.379852960536997,0.00482890542344287,0.05599674549941198,0.08541421398397041,0.021924517410582895,0.3747222397745733,0.12706320669119112,0.008679854202137542,0.12683237046659054,0.3525690277112451,0.6624028235898319,24.237652186360435,0.0,0.14128579967585111,11.453747507473679,5.5179230664949904e-05,3.38345567422501,27.917653251949876,0.00012070988089094784,4.765549469784082,0.00875544721566257,-0.06530947998973978,0.16494099412629581,1.0,,,,
4,28508160,0.21371357096359134,0.8616315857507288,0.0005855868285209453,0.17825736734084785,1.503231083508581,0.0032333963547444,-0.001023442259793228,0.2269849036820233,-0.24460761458612978,-0.04245950357289985,0.5061224650125951,-0.4233043398708105,0.17422107583843172,0.2137194147799164,0.8616315857507288,0.0005855868285209453,0.17825622763484716,1.503231083508581,0.0032333963547444,0.0769456066773273,0.13261070009320974,0.029725043365033343,0.4914515248965472,0.09222559732734226,0.012888134020613506,0.09165614467929117,0.2343569957301952,1.0367237511090934,50.09548754990101,0.0,0.3095705969026312,15.785889156162739,4.100766720327442e-05,3.477856198325753,29.03277224302292,0.00010086018513638662,4.665081486105919,0.010316900930774864,-0.0725995758548379,0.19246714445762336,1.0,,,,
4,28573696,0.2526404660893604,0.8883238905109465,0.0002629169459567038,0.18261035438627005,1.525156111922115,0.0013000420608477725,-3.141605270684522e-05,0.2349572229431942,-0.2798889654222876,-0.04857331271341536,0.5628168156836182,-0.5638620441313833,0.12278671702370048,0.25264725205488503,0.8883238905109465,0.0002629169459567038,0.18260998488403857,1.525156111922115,0.0013000420608477725,0.0812730748730246,0.1348815797828138,0.029287620607647114,0.44309724657796323,0.13966678630094975,0.013676311238668859,0.13919656348298304,0.2979396498412825,1.2040256783366203,55.357506424188614,0.0,0.3757928293198347,16.880085952579975,3.0967830611405844e-05,3.8994787950068712,34.55031889677048,2.1798184296761836e-05,4.745981320738792,0.01032145648059668,-0.0726002654992044,0.1882518029306084,1.0,,,,
4,28639232,0.24490269855596125,0.8748358292505145,0.000831609489694074,0.1896632667630911,1.5765918768011034,0.004336090526976477,-5.7573707238134375e-05,0.301393638481386,-0.336740814615041,-0.07356268688454293,0.52092444174923,-0.6274098018184304,0.24422899447381496,0.24490846320986748,0.8748358292505145,0.000831609489694074,0.1896628593094647,1.5765918768011034,0.004336090526976477,0.07955542713170871,0.14381447958294302,0.03020905822631903,0.5479146764846519,0.12356104742502794,0.013680414187547285,0.12262238218681887,0.2945666561136022,1.457840956747532,62.51286435127258,0.0,0.38080943399108946,20.739054799079895,4.810026193169392e-05,4.780316818505526,38.427814081311226,6.525219653497061e-05,4.649901431053877,0.012688782946497668,-0.07221450679935515,0.19977380556520075,1.0,,,,
4,28704768,0.23152457817923278,0.936785158701241,0.002806946572718516,0.18354100757278502,1.616742909885943,0.006990356499045447,-0.001165570302418928,0.23783779476070777,-0.2757917911512777,-0.07540173034067266,0.6487679849378765,-0.7425750037655234,0.17577740206616,0.23157026118133217,0.9539233022369444,0.002806946572718516,0.1836064571980387,1.639651739038527,0.006990356499045447,0.07627291529206559,0.13901905866805464,0.031217713010846637,0.4645555692259222,0.13079697973444127,0.013216887920862064,0.12917291780468076,0.30050189193570986,1.5324378870427608,96.93692222237587,0.0,0.25778365263249725,18.124330207705498,6.215013076960041e-05,4.930274156853557,45.397155836224556,0.00022859669260411053,4.7623230293393135,0.012191140223876573,-0.07029806752689183,0.23360816785134375,1.0,,,,
4,28770304,0.22646941198036075,0.9761646403931081,0.002718502308425741,0.20396648650057614,1.7726222607307136,0.007861716033403354,-0.002632160917528381,0.2772589902160689,-0.2804157647769898,-0.08191952406195924,0.5779998805373907,-0.5019869946409017,0.16444112197495997,0.22657372488174587,1.011398121714592,0.002718502308425741,0.2040553888073191,1.7963227541185915,0.007861716033403354,0.0821001575095579,0.1574940613936633,0.03228023444535211,0.4894626651657745,0.13196322979638353,0.014303074429335538,0.12883075617719442,0.326452768757008,1.8519382290542126,125.74943378567696,0.0,0.4152351024094969,20.403466299176216,8.157452090551409e-05,5.705228254199028,34.25629226863384,0.000317723681666493,4.627559505403042,0.017376100789988413,-0.06939914962276816,0.2955426423577592,1.0,,,,
4,28835840,0.22755588812287897,0.9131189016625285,0.0013054732529553803,0.17871909379027784,1.5325793414376676,0.003321507584360006,-0.0011413323552460497,0.26788692991249263,-0.2674818114610389,-0.051494105806341395,0.6079118018969893,-0.506003470858559,0.19054420851171017,0.2276125093922019,0.9277318669483066,0.0013054732529553803,0.1787943230010569,1.5567092397250235,0.003321507584360006,0.08087558136321604,0.13044641650049016,0.030297378441900946,0.5050789063097909,0.0964379729994107,0.014027916498889681,0.09395041249808855,0.2224157352175098,1.8548617772758007,111.35559672117233,0.0,0.48105873353779316,18.84646237641573,6.535934255991194e-05,4.2353403102606535,36.39238424599171,0.00011941667318660087,4.623246390372515,0.012717093050014228,-0.0717946351505816,0.2555606139358133,1.0,,,,
4,28901376,0.16045077372652788,0.8530149365464846,0.009102696163657432,0.12171043928091724,1.2957158706088863,0.004263759825529026,-0.0011283268788154525,0.13701550696530224,-0.2694827495156399,-0.07389224466458699,0.43004899117212825,-0.9651012515911135,0.1424684804181258,0.25594101613387465,0.8793908301740885,0.0007050755328918967,0.20153701456729323,1.6484788176603615,0.003012518384366558,0.08427896094508469,0.1536633013165556,0.029257601549034007,0.4644324213732034,0.144094001094345,0.013825522168190219,0.1426949898013845,0.3376392899081111,1.5564221972599626,110.01159343123436,0.0,0.4631051323376596,19.87006089091301,5.345778745657892e-05,3.9947814866900444,34.85810972750187,0.0001124393079612318,4.741021137684584,0.012882160306617152,-0.07259951322339475,0.18783659406471997,1.0,,,,
4,28966912,0.28215359966270626,0.8747704378329217,0.0021023513925229054,0.18954359961207956,1.5875330632552505,0.006842889253675821,0.00042380847355616424,0.2652593036182225,-0.2983733461005613,-0.05815149607951753,0.5062515691388398,-0.5283735280390829,0.11434174474561587,0.1721879253360297,0.8551118523331291,0.008427964137523983,0.12824832350688886,1.3238428289362465,0.004512350613784139,0.0651105353468468,0.083331678108963,0.029330264786061978,0.45263968235869184,0.14198345588856792,0.01064872348902702,0.14128911046027937,0.47354101368327095,0.9365650303942342,45.22934539349054,0.0,0.2531324818485602,15.884069173411657,4.360488967097374e-05,4.9106156236179315,53.04370706506545,0.00010744326756334086,4.667028033051146,0.00786798968070491,-0.06875230167734336,0.20964611541614475,1.0,,,,
4,29032448,0.20269128144718707,0.9046586873009801,0.0007078114113028278,0.17770222725812346,1.5566542446613312,0.005069035801170685,0.000720074363130152,0.2638981962809339,-0.24042682989966124,-0.0784532516845502,0.53305394644849,-0.8578939703293145,0.17182795144617558,0.2026973731117323,0.9046586873009801,0.0007078114113028278,0.17770027869846672,1.5566542446613312,0.005069035801170685,0.07484870520420372,0.13274681812617928,0.031637178821256384,0.4790085854474455,0.09387255576439202,0.012914758903207257,0.09338244740501978,0.2512578454334289,1.3071424388326705,51.27544088661671,0.0,0.3155752045568079,15.96065828949213,4.7934637521507284e-05,5.243177831172943,49.153704449534416,0.0001048795420945936,4.6166168339550495,0.012516433773271274,-0.07260094466619194,0.2149069404695183,1.0,,,,
4,29097984,0.23721326561644673,0.8705164035782218,0.00041438718366748617,0.18022345169447362,1.7357874987646937,0.002095155793824688,-0.0008794300806584943,0.16075825717416592,-0.281061855959706,-0.05711822639568709,0.5281769707798958,-0.49388885125517845,0.10987676866352558,0.23721326561644673,0.8705164035782218,0.00041438718366748617,0.18022345169447362,1.7357874987646937,0.002095155793824688,0.07482557310140692,0.1345869909855537,0.031327896314905956,0.5004440217744559,0.13395425006456207,0.012540371579234488,0.1338467861060053,0.3194469415466301,1.1883057695813477,28.478521391749382,0.0,0.24117182195186615,16.589707754552364,3.6947965581735076e-05,4.195246485993266,31.232254698872566,3.769566403510893e-05,4.71627664193511,0.00806477962032659,-0.07260049344040453,0.1933289086446166,1.0,,,,
4,29163520,0.24760723009239882,0.9313974035903811,0.0020857723886820168,0.1806092483457178,1.658705205656588,0.005599035765726512,-0.0051357154042079856,0.3347976095392369,-0.4950168606592342,-0.03949434103560634,0.49449352035298944,-0.6233031630981714,0.25142092851456255,0.2476128302514553,0.9313974035903811,0.0020857723886820168,0.18060769117437303,1.658705205656588,0.005599035765726512,0.08653908991254866,0.12717823567800224,0.03209574236825574,0.5787939871661365,0.1393296921160072,0.015326333217672072,0.1384383112890646,0.3029385928530246,1.3389383261092007,67.0203203856945,0.0,0.6714945599669591,29.33990727365017,7.35987080831002e-05,4.00436744838953,36.424678936600685,0.0001396327178793122,4.6106023751199245,0.012693796463281615,-0.07059737527742982,0.20311556628439575,1.0,,,,
4,29229056,0.2602644566213712,0.9139590836130083,0.0014517154514805952,0.16736492107156664,1.6112917731516063,0.006245593837775232,-0.008653284354295465,0.24795139208436012,-0.6389691266231239,-0.023472216264053714,0.5192824923433363,-0.7220234498381615,0.23472821479663253,0.26027525740209967,0.9139590836130083,0.0014517154514805952,0.16736178623978049,1.6112917731516063,0.006245593837775232,0.07964006258407608,0.11792378529207781,0.030241718894103542,0.5335929339053109,0.13798774196766317,0.013776762280031107,0.13668691326165572,0.2868223865516484,1.6195371728390455,80.26570731401443,0.0,0.7730589522980154,36.6102347522974,5.507119224645862e-05,3.5154782328754663,41.39080522954464,0.0001432651620536518,4.700011793524027,0.011228117480641231,-0.07221067999489605,0.19975687935948372,1.0,,,,
4,29294592,0.2532021150691435,0.9181956234388053,0.0021812728377881285,0.1850885358871892,1.7949419734068215,0.006813921022512659,-0.004440646031071083,0.2757763850968331,-0.48472160985693336,-0.01898137273019529,0.5217736579943448,-0.6192238470539451,0.2004179428331554,0.2532429661368951,0.9359450903721154,0.0021812728377881285,0.18515075056347996,1.8205370805226266,0.006813921022512659,0.08356127649312839,0.13561063184170052,0.030076594033744186,0.524702857946977,0.12319194746669382,0.0142046570617822,0.12252311268821359,0.2655508363386616,1.2652600235305727,51.48484444618225,0.0,0.5285024046897888,28.973402991890907,7.30163102187209e-05,3.2562737725675106,36.459309831261635,0.0001725717902534285,4.689234010875225,0.012294098843995016,-0.07055850746110082,0.2302439878694713,1.0,,,,
4,29360128,0.22748721623793244,0.883796195499599,0.002915246848033348,0.1800821367651224,1.6204053363762796,0.007050983907902264,-0.004176886863206164,0.2304013127577491,-0.5609611440449953,-0.025068943061341997,0.5090692162048072,-0.4256391287781298,0.20012005837634206,0.22748721623793244,0.883796195499599,0.002915246848033348,0.1800821367651224,1.6204053363762796,0.007050983907902264,0.08063420798862353,0.13105993857607245,0.03138846439833287,0.5381699046120048,0.10723118064925075,0.013434147695079446,0.1068918724777177,0.25832147779874504,1.2226124089211226,36.387071430683136,0.0,0.4715423157904297,32.14070646464825,7.890062927962127e-05,3.1722916662693024,30.733552992343903,0.00015265469210135052,4.612495429813862,0.010731757334724534,-0.06809552828781307,0.18646154005546123,1.0,,,,
4,29425664,0.1588465513692548,0.815863299469153,0.011581353841866076,0.12291470701185365,1.4607508914669354,0.005240988253038571,-0.0017492967499572387,0.18492368573623633,-0.27371848071498484,-0.05645179105452826,0.4256441981612685,-0.8839581910136136,0.1254070148865382,0.2479452076368034,0.9099111584946513,0.001993890638004814,0.18695120501797646,1.7029558294452727,0.005208897639022325,0.08108055964112282,0.13829163665650412,0.03095141968515236,0.538565703202039,0.15550358808832243,0.013531105956644751,0.1547040557488799,0.3641276394482702,1.1231876048259437,52.99376630783081,0.0,0.3630999275483191,24.91288897395134,7.696500490067537e-05,3.8328549079596996,34.28858771920204,0.00015007065639283113,4.692764662206173,0.010445690542837838,-0.0715035276953131,0.24028172879479825,1.0,,,,
4,29491200,0.2892377383541316,0.8469239617697895,0.002141376143981688,0.18989389430498704,1.6923755700699985,0.0063752445130376145,-0.0006647832186672531,0.2719832843868062,-0.28700884676072747,-0.05439802780165337,0.49637526157312095,-0.9219513717107475,0.1920628756051883,0.17142066486033958,0.818857098245118,0.010671476473395291,0.12937077029653074,1.4830761616937367,0.005350314157616792,0.06201075755497328,0.08670109953922052,0.02932870669671929,0.4264987695748996,0.1410411925353839,0.009826279523731938,0.14040252745519,0.4684755555746785,0.8975757917849324,47.21269204257707,0.0,0.26298752578861834,17.64804423074743,4.799660649318561e-05,3.974017917617583,51.06990703110617,0.0001151454596278892,4.678770279848432,0.007281945334047539,-0.06821556315274842,0.2030937322808138,1.0,,,,
4,29556736,0.2069828527746722,0.8940907935611904,0.001383937222158238,0.1982309699524194,1.7825825880281627,0.0058433171584511,-0.0017202899911268332,0.2288372220355086,-0.2082342344801873,-0.0849555910390336,0.5046601933427155,-0.5958616780117154,0.21589274960570037,0.2069828527746722,0.8940907935611904,0.001383937222158238,0.1982309699524194,1.7825825880281627,0.0058433171584511,0.07567605411168188,0.15445600228849798,0.031382793764350936,0.47143111005425453,0.09350756328785792,0.012323123584792484,0.09331396812922321,0.2693213355378248,1.0369796943850815,34.042169362306595,0.0,0.2968347540590912,14.357134453952312,5.701996296259004e-05,5.713502310216427,34.6166105568409,0.00015028261994853853,4.600849710404873,0.01436642900807783,-0.0711443331092596,0.19134432426653802,1.0,,,,
5,29425664,0.17560193702578544,0.8619025023529927,0.007918411800716663,0.12313727516060075,1.4386414991070828,0.005035761922614863,0.008001779512856046,0.41289733164235565,-0.23020139186516947,-0.03098053732544334,0.476752400854748,-0.3658991931437049,0.15275189275542894,0.34167951438575983,0.8354204425122589,0.021234214472315216,0.20223503094166517,1.579299196600914,0.008059856067120563,0.08247988671064377,0.15607352944789454,0.027541163537534885,0.35471542583157617,0.25638953025918454,0.013257134611194488,0.25621107750339434,0.5104946725768968,0.637894693238195,50.84711077606926,,0.25185165047150804,12.364894970145542,8.023427965686558e-05,3.9299086196842836,24.431551174726337,0.00017114076890223373,4.809294678270817,0.01185297327765511,-0.05332377413287759,0.1421408643363975,1.0,-0.09778281224658714,-36.49646397602434,0.00028666186683039995,-0.3935824131903549
5,29491200,0.2834675784688443,0.8950849715620279,0.0029501332539894065,0.21113291970686987,1.7548175500705838,0.0073589710582382395,0.013125219498760998,0.5095618326449767,-0.2962798548396677,-0.02880235479096882,0.5150857835542411,-0.47910750820301473,0.15523717436008155,0.18602734685493968,0.8719614054110035,0.0074395415793453625,0.13166543871658035,1.4864739432526999,0.005259685694723139,0.06908877013834665,0.08486716443930853,0.028349868968656534,0.4755323872261916,0.14706873566582687,0.01145353980982362,0.14589755559909573,0.43393218491495733,1.2409188289430935,61.466245587017525,,0.7739594573371045,25.03763346970979,7.38752532111532e-05,4.0771761533786,28.207573228796203,0.0001776045736046409,4.663997980126416,0.014721707791911932,-0.06469617804220643,0.18092477719400482,1.0,0.2694246592000127,-43.006293281912804,-0.0001727047465465148,-0.4392339444020763
5,29556736,0.2449682243168354,0.887617280241102,0.00046429789597368654,0.16491579881403595,1.7071273890323937,0.002635667916820239,0.003503802292243563,0.5487760039977729,-0.2626518097240478,-0.03330313456535805,0.5114158370997757,-0.5371243527624756,0.18399067665450275,0.24498535075690597,0.887617280241102,0.00046429789597368654,0.16491545306053013,1.7071273890323937,0.002635667916820239,0.07439145678654313,0.11958637286443263,0.02843311794276815,0.4490417658817023,0.09847488172817975,0.01243569198413752,0.09700993314618245,0.21882901940261945,1.5347694056108594,98.73224830627441,,0.4519139729673043,31.44254930317402,5.586765060638932e-05,2.960819501429796,32.292707934975624,4.479830251113981e-05,4.665665805339813,0.0093829415673099,-0.07263919548131526,0.18686209886800498,1.0,0.34452405176125467,-47.97440780699253,0.000700148059422645,-0.35501190449576825
5,29622272,0.2278390460414812,0.859497791621834,0.0010171727407168873,0.16672323120292276,1.707072417717427,0.0036750867470800586,-0.00042280688455775817,0.28597226677811705,-0.22613602550700307,-0.03526792816410307,0.5106421478558332,-0.43502796115353703,0.136152672348544,0.22784500499255955,0.859497791621834,0.0010171727407168873,0.16672166110947728,1.707072417717427,0.0036750867470800586,0.07046389041352086,0.12321385706309229,0.029838651695172302,0.5397030574968085,0.11654054140672088,0.011614776762144174,0.11586354579776525,0.2763671441935003,1.0226383623667061,61.10222069919109,,0.18388777278596535,19.025409385561943,5.664868999932793e-05,2.8438582699745893,29.293117314577103,7.006499898565277e-05,4.75941414013505,0.006059140561774257,-0.07239884254522622,0.16818300657905638,1.0,0.02927954978076741,-56.67616020143032,0.0010871246302031068,-0.4065493948291987
5,29687808,0.2379058008082211,0.8785470807924867,0.0024419024896360497,0.18489619134925306,1.8439404470846057,0.007352084138801729,-0.0017970922162930947,0.16514232101326343,-0.20100406557321548,-0.053157061425736174,0.5032447332050651,-0.5909919792320579,0.21907876711338758,0.2379058008082211,0.8785470807924867,0.0024419024896360497,0.18489619134925306,1.8439404470846057,0.007352084138801729,0.07351550873136148,0.1417637576814741,0.029732138995314017,0.4629388335160911,0.12860434601316229,0.012175933370599523,0.12850377627182752,0.30305590049829334,0.8013839586637914,17.10554849356413,,0.22859669546596706,12.483722820878029,7.143884487359475e-05,3.7649987246841192,35.198883041739464,0.0001693176676061392,4.681762974709272,0.00903949935673154,-0.06886478303931653,0.18347922014072537,1.0,0.027772755645855796,-12.778126761317253,0.0008578963509080495,-0.37807497568428516
5,29753344,0.2502737663453445,0.8715329780243337,0.0017664861916273367,0.17439927742816508,1.5139473881572485,0.006177199274134182,-0.002073133468911692,0.21106815969687887,-0.23214420408476144,-0.05740121958660893,0.5008725440129638,-0.6185049032792449,0.20323944091796875,0.2502737663453445,0.8715329780243337,0.0017664861916273367,0.17439927742816508,1.5139473881572485,0.006177199274134182,0.07526507246075198,0.12970772897824645,0.028837197678512894,0.5100618016440421,0.12381054941215552,0.013100552554533351,0.12369008947280236,0.26697162410710007,0.9501736899837852,22.42164658010006,,0.286474930588156,14.863209560513496,6.503284269343546e-05,3.9276784863322973,35.53463692963123,0.0001558393646696743,4.773377113044262,0.009853349183686078,-0.0709032486192882,0.17897088639438152,1.0,0.04968081333208829,-21.211757734417915,0.00039773546438937046,-0.38035773858428
5,29818880,0.24265633046161383,0.920542317442596,0.0002816601196684587,0.18308639444876462,1.810850789770484,0.0013186401890834532,-0.001795610728322572,0.20453628119139466,-0.25552068068645895,-0.04910851764725521,0.5171041516587138,-0.6348293719347566,0.19165125070139766,0.24269545183051378,0.9351541646756232,0.0002816601196684587,0.1831579770660028,1.8366944193840027,0.0013186401890834532,0.07487872755154967,0.1393947901087813,0.02889112009142991,0.4798733921488747,0.12367604827159084,0.012541749696538318,0.12243660318199545,0.2868444728665054,1.287356155924499,76.98449286818504,,0.2718938279431313,17.26717261224985,3.2973874696473615e-05,3.669108711183071,39.10131672024727,3.598994614795181e-05,4.712976943701506,0.009135111344221514,-0.07260524458251894,0.22648319997824728,1.0,0.38582063670037314,-25.104596331715584,0.00108727179735979,-0.38601816014852375
5,29884416,0.20857726538088173,0.8694315981119871,0.0002580241910266068,0.19229306967463344,1.6591332154348493,0.0013429296361664456,-0.0017689243736640492,0.2349034416838549,-0.2105438990984112,-0.06420905931736343,0.5116940061561763,-0.5292768660001457,0.1547326638828963,0.20859043195378035,0.8694315981119871,0.0002580241910266068,0.19229550997260958,1.6591332154348493,0.0013429296361664456,0.0766769350739196,0.1473651987616904,0.031229266707669012,0.5007926994003356,0.09829856548458338,0.012735106371110305,0.09756511927116662,0.2767276488011703,1.188300218898803,58.68720971047878,,0.30222514749038965,14.407896742224693,3.2339023090716124e-05,4.595550745725632,31.245563000440598,2.2143331465329652e-05,4.628538280725479,0.010868839955946896,-0.0726004233583808,0.17265244340524077,1.0,0.35141549457330257,-14.060980074107647,0.0006036998070158006,-0.439778910134919
5,29949952,0.1608124025724828,0.830878237610062,0.009213079364271834,0.12599422954643766,1.405064160351952,0.004980647380313409,-0.0012588600547981817,0.12122497704694979,-0.25151915856753476,-0.0729779258088225,0.47186424104700564,-0.9988481934348238,0.12774188369512557,0.2378619994269684,0.8672838960774243,0.0009181398773989713,0.18788016226608306,1.658824808895588,0.004498815052329519,0.0783343615476042,0.14114705089014024,0.031256914167897776,0.3442386110002796,0.14209169332752936,0.012933851416164543,0.1419162593956571,0.34862994553986937,1.044795068912208,13.410883366651834,,0.35228163946885616,17.86346560716629,5.2433811976282385e-05,4.547556383535266,45.61733074486256,0.0001509182812871046,4.699584409594536,0.01170141230977606,-0.07260081171989441,0.19449705653823912,1.0,-0.1828635139745893,-21.547186463939337,-0.0005713366524287267,-0.35110839893420537
5,30015488,0.2838963936083019,0.8508214480243623,0.0020919398859149396,0.20719723694492131,1.6732087563723326,0.005736898856866901,-0.001012377662163999,0.20630579278804362,-0.2689944675657898,-0.07151632121531293,0.5022415758576244,-0.8878413480706513,0.13692152174189687,0.1726767997908215,0.8328004747584282,0.008526704474791652,0.1338211920179696,1.4309094226189765,0.005053539088896879,0.06299872965978301,0.09204351257516004,0.02773175092136308,0.4345811965078654,0.13788791043341653,0.010021232507200014,0.13771880118117433,0.4487531900809831,0.8490493847730468,22.253976459166104,,0.21133510807896572,15.568364331417392,5.184294613554548e-05,4.933366734396347,57.054654503723675,0.00016462784255392174,4.685849115072963,0.009664130743757082,-0.06768936042236276,0.21382578448336348,1.0,-0.17746585555141792,-23.2203219383955,0.0005704527800389769,-0.35719183704350144
5,30081024,0.20453304867260158,0.8658416075631976,0.0006968336481349979,0.18091357965022326,1.733192419167608,0.0035631464706966653,-0.002411916900655342,0.12018288523540832,-0.2499129337957129,-0.07432494504610077,0.513426253804937,-0.7038776953704655,0.17562949884450063,0.20453304867260158,0.8658416075631976,0.0006968336481349979,0.18091357965022326,1.733192419167608,0.0035631464706966653,0.07453272643033415,0.13527112896554172,0.03288599074585363,0.47844773693941534,0.09133766798186116,0.012612782040378079,0.09125463158125058,0.2593485994730145,1.1346731409430504,23.979541391134262,,0.2869764227652922,14.550540618598461,7.032009521262816e-05,5.232826087623835,40.329239919781685,4.6214326178906084e-05,4.597948811948299,0.0123241135806893,-0.07242314983159304,0.1968117782380432,1.0,-0.0530257232603617,-22.63362665474415,-2.8891033707623137e-06,-0.4046900069806725
6,29949952,0.16858391784752408,0.8455443469434976,0.009717003171754186,0.1035789877610902,1.2072573503106834,0.003940711005173701,-0.0016953458965197872,0.10200789315732739,-0.2629349112699856,-0.042853351411029056,0.4644147230380137,-0.7496510303775721,0.11869813730319341,0.340872275759466,0.8535796930082142,0.020997066932295638,0.21105708414688706,1.5887760361656547,0.00786215716652805,0.08952592976856977,0.16131463114288636,0.028272435112739913,0.3087324443521599,0.2617086837417446,0.014719317321578274,0.26073938712943345,0.5232800939120352,0.930532330297865,19.598129813460012,,0.3618807862367248,13.437964805576485,7.359587078709096e-05,3.6911040433624294,23.834931596706156,0.0002125747447170312,4.7903290670365095,0.012944955276907422,-0.05566669371910393,0.16252145438920707,1.0,-0.28786562050421105,-28.590969952316954,0.001190976695094529,-0.3296504716388881
6,30015488,0.2845255113206804,0.8722338345833123,0.0023134104030759772,0.17174450540915132,1.5385669823735952,0.0063676418703835225,-0.0008483640824579197,0.1122012617852306,-0.26518180896528065,-0.03280966447346145,0.4921978930942714,-0.7228718400001526,0.10897664097137749,0.1797636247896421,0.8481168276798653,0.009003403868749057,0.11014953943485596,1.2391908088227712,0.0041746320524228405,0.05759182074023074,0.07115206970266594,0.024120917869872045,0.40614423831273994,0.13142893337735806,0.009355570027304545,0.13094324758951342,0.3650047606394096,0.8711988913366594,35.883615860636965,,0.20586694473911257,15.2850035358254,4.955582613975599e-05,3.158632368279245,43.31133081992886,9.030744114967735e-05,4.717237754040454,0.0058308506074124114,-0.06865797490330346,0.18836777137749525,1.0,-0.12717598605377134,-46.0414534881711,0.0007954169814183842,-0.39512382639804855
6,30081024,0.21816052577923983,0.8828133009374142,0.0020269445581106993,0.1671667613554746,1.5602491195313632,0.005210629337170758,-0.0009830297051394155,0.2039088497404009,-0.23040568199940026,-0.04859563143691048,0.5074520180933177,-0.5371217052452266,0.16991423664148897,0.21816052577923983,0.8828133009374142,0.0020269445581106993,0.1671667613554746,1.5602491195313632,0.005210629337170758,0.07534909050446004,0.12042772199492902,0.030601652368204668,0.5162227461114526,0.09578060894273221,0.012871079656179063,0.09530605946201831,0.23829802696127445,1.091463037300855,42.24882510304451,,0.26820446678902954,14.938195839524269,5.715340245548983e-05,3.726851923391223,32.98062892258167,0.00011941232136392088,4.6350302286446095,0.008997204145998694,-0.06971013895235956,0.20037805056199431,1.0,0.1665758604358416,-12.932551734149456,0.00037502186660276493,-0.42218486592173576
6,30146560,0.24676264030858874,0.8861391469836235,0.00020859629319147643,0.18050104682333767,1.543198010418564,0.0008502480711740645,-0.0027469272758935404,0.24647402652772143,-0.3982534473761916,-0.057120235869660974,0.5122354133054614,-0.8335056798532605,0.14008864969946444,0.2467687405878678,0.8861391469836235,0.00020859629319147643,0.18050367711111903,1.543198010418564,0.0008502480711740645,0.07959684572415426,0.13236824749037623,0.030989164966740645,0.4887431322131306,0.14275288840872236,0.01374634408421116,0.14241270898492076,0.3229929389199242,1.1373409638181329,34.52199484407902,,0.40338343172334135,23.903550282120705,4.307585092444555e-05,4.445776065811515,47.756358087062836,3.706698922323337e-05,4.704527109861374,0.01137648115036427,-0.07260014628991485,0.2072104406543076,1.0,0.23505379434209317,-13.913591265678406,0.0005112330886731797,-0.4059121769387275
6,30212096,0.24133526359219104,0.8676991364918649,0.0002108235277660242,0.17771307635121047,1.657008043024689,0.0011717428940869468,-0.0023280396208065213,0.16170430643251166,-0.4466971588553861,-0.05543378903530538,0.5109189841896296,-0.49232022697106004,0.21760242275195196,0.24134632165078074,0.8676991364918649,0.0002108235277660242,0.17771181324496865,1.657008043024689,0.0011717428940869468,0.07501864194637164,0.1333568482659757,0.02923160744830966,0.45496675511822104,0.12298275483772159,0.012512236724433023,0.12130395922577009,0.2891427582362667,1.4727531401440501,88.66358108818531,,0.2833215070422739,25.685988403856754,3.1503163516966026e-05,4.073413534089923,31.485051304101944,2.9305794689182818e-05,4.639912512153387,0.009745906412717886,-0.07261091517284513,0.19104829954449087,1.0,0.23954017605865374,-70.18973138928413,0.0005887688603252172,-0.36515664402395487
6,30277632,0.24737959471531212,0.865839883685112,0.0006434115079514413,0.1649991098092869,1.6581094176508486,0.0034609331644332997,-0.00016340577326445782,0.12881859569461085,-0.16456971736624837,-0.04290064118686132,0.5103958081454039,-0.5851299602072686,0.16654688608832657,0.2473856615833938,0.865839883685112,0.0006434115079514413,0.1649971102597192,1.6581094176508486,0.0034609331644332997,0.07314668374601752,0.1207965993671678,0.0288844964816235,0.4502035384066403,0.12066204739676323,0.012302880553761497,0.12019769834296312,0.25830478933494305,1.0982488743029535,51.90347884595394,,0.1657268725684844,9.62344304099679,4.03058969420389e-05,3.3155240453779697,35.70073799788952,7.957166290539774e-05,4.799183528870344,0.007478378316591261,-0.07259996421635151,0.18228153977543116,1.0,0.17533303407253698,-40.64396005868912,0.0005368399821463754,-0.35945627244655043
6,30343168,0.2377817453816533,0.9209663760848343,0.0010864466651128168,0.1998515079030767,1.8108903947286308,0.005300957181134436,0.0005139611327535931,0.22502217016881332,-0.2196435343939811,-0.06106944975908846,0.46994894417002797,-0.744358089286834,0.19839301682077348,0.23778646404389292,0.9209663760848343,0.0010864466651128168,0.19985024293418974,1.8108903947286308,0.005300957181134436,0.0828269585617818,0.15226184035418555,0.030458174442173913,0.4640386829851195,0.13402268872596323,0.013937126670498401,0.13359962176764384,0.3222688540117815,1.0632278826087713,43.16187795996666,,0.32587562885601074,15.030863381922245,6.275038790581888e-05,4.4772988967597485,42.64857742190361,0.0001869350468552966,4.648208770900965,0.012838699556596112,-0.07261194591410458,0.19803567207418382,1.0,-0.07981441216543317,-25.350086629390717,0.0012633198105049814,-0.3794752205722034
6,30408704,0.22782278340309858,0.9034810517914593,0.0003991830255927198,0.17365651379805058,1.6436157650314271,0.0022061858870756623,0.00020203700717047468,0.2757385363802314,-0.2439882749458775,-0.05042884367867373,0.7257686881348491,-0.5395999043248594,0.1571902798023075,0.22783345193602145,0.9034810517914593,0.0003991830255927198,0.17365805921144783,1.6436157650314271,0.0022061858870756623,0.07517293537966907,0.1281408871873282,0.030049838635022752,0.4854991359170526,0.09470265585696325,0.01263824645866407,0.09343520604306832,0.22921539226081222,1.4891448728740215,69.15395453572273,,0.3101856985595077,17.49013790488243,4.171561426069559e-05,3.9057915434241295,42.09039820730686,3.5762659928002816e-05,4.633809816092253,0.010072215605759993,-0.07261849683709443,0.18381483852863312,1.0,0.020290916872909293,-29.18440179526806,0.0010960914964925905,-0.3952904068864882
6,30474240,0.16084365402037898,0.8278150082627933,0.0100950189096208,0.12863506229904792,1.4202824006974697,0.005297746142678079,0.00011928917149589324,0.16051150730316294,-0.1881400163975195,-0.07457364679135177,0.46939822628764283,-0.9428900711043874,0.1327010038991769,0.2483357039745897,0.8702558120712638,0.000681932651787065,0.19138185726478696,1.666394933592528,0.002842787057034002,0.07968074135715142,0.1450013158028014,0.029770610068226233,0.3307364961442848,0.1427912017388735,0.01319373415026348,0.14199667371576652,0.32997619872912765,1.2164166211150587,20.38267267669241,,0.3223668085411191,15.969996027648449,5.846769074313585e-05,3.960868338122964,34.5546990185976,7.12461166467726e-05,4.739978346973658,0.011084403107815888,-0.07181708049029112,0.17233503120951355,1.0,0.25710740491126977,-22.124890428294115,0.0003232490053172417,-0.3537121864097814
6,30539776,0.282711521605961,0.8576624570414424,0.0016044513761812595,0.20032694574911147,1.6763059431686997,0.005642423446261091,0.0007339328924444999,0.2757327647996135,-0.2661280566826463,-0.05225033502210863,0.5095291128382087,-0.4486465719528496,0.13834074640180916,0.172590838501185,0.8306918707956751,0.009276650954590482,0.13554516144893525,1.4449593686465039,0.005330968051457165,0.06381195985027645,0.092883924834419,0.02915042912494952,0.4298754654297358,0.1412867365365691,0.010287564707546866,0.14108375281148802,0.4746432600722435,0.8841161144257759,26.762550002614777,,0.21278859581377538,12.814057497927605,5.6416495105852126e-05,5.246295116788494,51.96759566925298,0.00016971191714078377,4.665737822472331,0.009758738893147696,-0.0677719771951796,0.20322780923199762,1.0,0.3362170229665935,-23.240735575556755,-0.0002605267193303007,-0.40888646501116455
6,30605312,0.2181547578657046,0.8891375702805817,0.0007900167125853841,0.1931061176583171,1.6136832679621875,0.0042441621624220716,0.0009081877686867301,0.23221964575350285,-0.2012767712585628,-0.07193914672825485,0.5054103997536004,-0.6035635971929878,0.16895566158927977,0.21816891652997583,0.8891375702805817,0.0007900167125853841,0.19310394558124244,1.6136832679621875,0.0042441621624220716,0.0795900096418336,0.14701916696503758,0.029825588149833493,0.4718711987370625,0.09751107724150643,0.013265938236145303,0.09641448126058094,0.2564179708715528,1.2916589784435928,91.30345557630062,,0.35278583597391844,14.33235964924097,5.529490377209623e-05,5.145377483218908,34.81986038386822,0.00013886993702083572,4.60053513199091,0.01421282859519124,-0.072621108032763,0.2044797168346122,1.0,0.3402086237911135,-21.711183056235313,0.0005377613865675812,-0.38977901020552963
6,30670848,0.25177023676224053,0.8753028786741197,0.0009001277938978092,0.18252531893085688,1.5523499809205532,0.004805712469988066,0.008895008483705169,0.40227157971821725,-0.19645253804628737,-0.049267916969256476,0.4624039272312075,-0.6909032049588859,0.14647139888256788,0.25177023676224053,0.8753028786741197,0.0009001277938978092,0.18252531893085688,1.5523499809205532,0.004805712469988066,0.09006254863925278,0.12637574021937326,0.032050864756456576,0.5584440102102235,0.12940868100849912,0.016145563073223457,0.12921546044526622,0.2877868413925171,1.1921152803115547,33.3902238458395,,0.7558534808922559,23.05579750984907,5.3826531142053824e-05,3.9223907440900803,39.59608492255211,0.00016164818802444358,4.714447133243084,0.013378014195041033,-0.07262258580885828,0.2189038732321933,1.0,0.18846043429221027,-29.77718487381935,9.318689285464643e-05,-0.45301333407405764
6,30736384,0.26028700335882604,0.9090267797000706,0.0014810214390763576,0.16914439317770302,1.6311963913030922,0.005599941395303176,0.004932256015308667,0.3777574640698731,-0.2190488722990267,-0.02420605191582581,0.6691347635351121,-0.4994280159007758,0.2376848568674177,0.2602936647599563,0.9090267797000706,0.0014810214390763576,0.16914446803275496,1.6311963913030922,0.005599941395303176,0.08004318812163547,0.11969719879562035,0.029855427026632242,0.5036244082730263,0.13263958346215077,0.013804205620544963,0.13187271123751998,0.27827537583652884,1.3124602707102895,62.80227842926979,,0.5173649056814611,21.704359263181686,5.616378808959155e-05,3.062297197058797,39.69313155114651,0.00011765895782733793,4.666906651109457,0.008663125383463921,-0.07244561961852014,0.19676011241972446,1.0,0.4111561335157603,-24.709507264196873,0.00038839288049530296,-0.4275601386325434
6,30801920,0.2454997164895758,0.8738294905051589,0.001755614365265501,0.15454990428406745,1.6119452212005854,0.005960957351362595,-0.0007826491494142829,0.22183994809165597,-0.34045188035815954,-0.019360144309757743,0.525166355073452,-0.4056798815727234,0.1679787888424471,0.24550663447007537,0.8738294905051589,0.001755614365265501,0.15454929624684155,1.6119452212005854,0.005960957351362595,0.07321083213901147,0.10788895498262718,0.0295371841348242,0.5332669143099338,0.12350114950095303,0.012366377799480688,0.12297177239088342,0.2682388121902477,1.0766106029041111,50.39365618675947,,0.2778432641644031,19.546905755996704,6.1019388791383466e-05,2.6027074977755547,30.093549728393555,0.00011752830689282234,4.777626968920231,0.004960015268807183,-0.07007900718599558,0.18347674841061234,1.0,0.44452311389613897,-9.618771187961102,-0.00010192671680897547,-0.43605442135594785
6,30867456,0.24305626470595598,0.9309831308200955,0.002790484155411832,0.1803899697260931,1.7129126256331801,0.007200965900665324,0.000760607279062242,0.23771258047781885,-0.23083255742676556,-0.024726416791963857,0.5150268133729696,-0.41161490441299975,0.21748556185048074,0.24305626470595598,0.9309831308200955,0.002790484155411832,0.1803899697260931,1.7129126256331801,0.007200965900665324,0.07966764405136928,0.1320948654320091,0.031014351116027683,0.5119988997466862,0.1353014217747841,0.013288282658322714,0.1351636392355431,0.3043137133354321,0.9589747101999819,19.02745720744133,,0.37909490999300033,15.143291488289833,7.742071500427272e-05,3.118745332583785,29.518802002072334,0.00014636062130476968,4.708564035594463,0.008685253404109972,-0.06805346021428704,0.1917259928304702,1.0,0.3533419866580516,-11.222890444099903,0.00024613842811049835,-0.41355474770534784
6,30932992,0.19939366052858531,0.8936933884397149,0.00046480741332288744,0.19892354600597173,1.6370143666863441,0.0018297478736712947,0.001559444493977935,0.5814036731608212,-0.21115183178335428,-0.07460417319089174,0.5190287088043988,-0.5676422258839011,0.18057817104272544,0.19939366052858531,0.8936933884397149,0.00046480741332288744,0.19892354600597173,1.6370143666863441,0.0018297478736712947,0.07991301931906492,0.15149963449221104,0.03258854943851475,0.5215197752695531,0.1014692647731863,0.013432722553261556,0.10039135793340392,0.2860275621060282,1.4232031148858368,65.66199171543121,,0.4369065973442048,33.31197716295719,5.318088054639958e-05,5.534392952919006,32.984822288155556,3.825903940593567e-05,4.5486641973257065,0.014703747037856374,-0.07259669527411461,0.1810513554373756,1.0,0.2762127399328165,-49.625645130872726,0.0007980611126185977,-0.44117191748227924
6,30998528,0.1632530700756858,0.8237952517469724,0.010180434744294569,0.11881631117624541,1.4171440385282041,0.005569403886208116,-0.0006614140448546853,0.13532485044372153,-0.1829233132530741,-0.0638501172186534,0.48948139104332467,-1.0350813699502033,0.11067203044891358,0.2807177676586434,0.8800704614259303,0.0007052764609625228,0.18713984661735594,1.5456187915988266,0.0023689082916007465,0.08802844391902909,0.13473854440962896,0.029083235320285894,0.32931298807263376,0.14829358907445567,0.016015818080632016,0.14721199723135214,0.2960726073361002,1.4147314792498946,15.12013657114158,,0.577029675943777,21.88669938594103,4.267358975604263e-05,4.560185953974724,45.67656201124191,6.166571136762e-05,4.7281398847699165,0.016433913384389598,-0.07243439415469766,0.20291732181794941,1.0,0.3257576171463976,-14.423970202766359,0.00048788909010909264,-0.3368435346148908
6,31064064,0.29728357191197574,0.8379034479148686,0.0015392554453228513,0.1867656734539196,1.6305030416697264,0.006385536369862166,-0.0005250992119272269,0.19335658149793744,-0.17643285950180143,-0.05297812062781304,0.5177266814280301,-1.0147376442328095,0.128178232582286,0.17617167266231615,0.8251550778836371,0.00934754999258645,0.12536564729939473,1.4377087617225677,0.00564806725812658,0.06118029020221747,0.08387424406758229,0.02686869348427393,0.41714417403676063,0.134293544830976,0.009620960789567128,0.13420587766484962,0.40414561183158176,0.7532570891037403,17.21846179723605,,0.1602790266386211,12.287384331363803,5.728833617316031e-05,4.36912605058716,59.43428043203698,0.00013749487775572257,4.712508196751755,0.009183743223784624,-0.06488645812833166,0.21958567519638553,1.0,0.22930460632778704,-17.09616694226861,0.0009735969603070771,-0.34397066105157137
6,31129600,0.20801974390633404,0.8798526278696954,0.0023633313122672917,0.16769136779475957,1.657794674858451,0.006689757120966533,-0.00019486663791212777,0.21159824647475034,-0.16254042531363666,-0.05128975474508479,0.5307919518090785,-0.8206568995956331,0.17096013925038278,0.20802616490982473,0.8798526278696954,0.0023633313122672917,0.167690607951954,1.657794674858451,0.006689757120966533,0.07192782236961648,0.12300378363579512,0.031138115780777298,0.47429768834263086,0.08763947125407867,0.012193963848403655,0.08692012232495472,0.22503974882420152,1.0594433285295963,63.33782948553562,,0.18586126994341612,12.871814507991076,7.031326842232843e-05,3.939047770574689,47.15276388823986,0.00014032458211321597,4.624607227742672,0.007142037899029674,-0.06991300196386874,0.20499888132326305,1.0,0.14607910165796056,-59.88830849528313,0.0010664250846730283,-0.3848336411174387
6,31195136,0.2603018502704799,0.9066685158759356,0.002845416830950853,0.1728891080711037,1.6071706083603203,0.006951516626941157,0.0018021758314148428,0.2012573063839227,-0.2186157670803368,-0.03441887118970044,0.5162187465466559,-0.708978128619492,0.12880198209313676,0.2603018502704799,0.9066685158759356,0.002845416830950853,0.1728891080711037,1.6071706083603203,0.006951516626941157,0.08020660260808654,0.12361434678314254,0.03067863181058783,0.4705976543482393,0.14531528236693703,0.013597023869806435,0.14523169028689153,0.31525343912653625,0.9270815046038479,21.660338081419468,,0.3506151643814519,13.463837809860706,7.810422734655376e-05,3.042981419712305,40.631429851055145,0.00013471881449972356,4.743873059749603,0.007065595776111877,-0.0680356970988214,0.184573978302069,1.0,0.0670085735473549,-16.626952726393938,0.00039498608794019674,-0.3854069729568437
6,31260672,0.23423040367197245,0.8633437538519502,0.0006879248492168699,0.18645557470154017,1.7299296902492642,0.004522634468230535,0.0011184074717220938,0.32087772188242525,-0.19140620657708496,-0.03421483021520544,0.5145695111714303,-0.4363541011698544,0.24257917085196823,0.23423040367197245,0.8633437538519502,0.0006879248492168699,0.18645557470154017,1.7299296902492642,0.004522634468230535,0.07830211770487949,0.1395209290785715,0.0314264375338098,0.5183252647984773,0.12140433338936418,0.01277560895687202,0.12055022313143127,0.2982897193287499,1.2152576064690948,62.88125687837601,,0.3056651259539649,18.417110554873943,5.188178546955413e-05,3.030134979635477,30.74352677166462,2.873454281671073e-05,4.644110023975372,0.007200299598480342,-0.07260027900338173,0.19808745989575982,1.0,0.0061577376327477396,-52.88259429484606,0.0010661511441867333,-0.3912292729364708
6,31326208,0.22183381742797792,0.8696245248429477,0.001409643167107788,0.1854011716786772,1.7667593285441399,0.006169598630549444,-0.00012080911938028294,0.18770273769041523,-0.17746373597765341,-0.04852094943635166,0.5181524611543864,-0.49535203515551984,0.1701983422972262,0.22183923481497914,0.8696245248429477,0.001409643167107788,0.18540130893234164,1.7667593285441399,0.006169598630549444,0.07630765740759671,0.13864210958126932,0.0326910142757697,0.5151704226154834,0.13530871758121066,0.012452919530915096,0.1348099356982857,0.33740719337947667,1.105692037846893,64.75614926218987,,0.22572281275643036,12.418877758085728,5.7549230530584694e-05,3.795810006558895,30.380506590008736,6.407629147486826e-05,4.74100274220109,0.007789678809785983,-0.07109404192306101,0.17118243500590324,1.0,0.2133829470258206,-36.67693241685629,0.00014176046283864707,-0.39206539443694055
6,31391744,0.23265453416388482,0.8918713629245758,0.0024885028599328507,0.19651817483827472,1.7012851918116212,0.00706563250059844,-0.0007830263488131095,0.10620423400541767,-0.188694283249788,-0.05486902335542254,0.515502812108025,-0.5007567706052214,0.13175561069510877,0.23265453416388482,0.8918713629245758,0.0024885028599328507,0.19651817483827472,1.7012851918116212,0.00706563250059844,0.07789125136332586,0.15216855506878346,0.03015711401531007,0.4966690531000495,0.11510236957110465,0.01319310897088144,0.11463561886921525,0.2766280411160551,0.9762214724905789,45.38342264294624,,0.21446814527735114,10.823712199926376,7.87343344228475e-05,4.2875342313200235,30.371368259191513,0.00019347099041411298,4.710486825555563,0.012583832438394893,-0.06988282431848347,0.193490146426484,1.0,0.4179296944057569,-10.085612155497074,-1.605102988833096e-05,-0.3918920448049903
6,31457280,0.23489793424960226,0.8798615108244121,0.002705337104998762,0.16160584276076406,1.4819751060567796,0.006186429649460479,-0.002501886576283141,0.23015501943882555,-0.31735569424927235,-0.04811048801639117,0.5173036318738014,-0.5346856792457402,0.18110240227542818,0.23489793424960226,0.8798615108244121,0.002705337104998762,0.16160584276076406,1.4819751060567796,0.006186429649460479,0.07519561477238312,0.11511052935384214,0.029974367382237688,0.5027594566345215,0.08270128242656938,0.013420130642771255,0.08202057098969817,0.191585154942004,1.4325993601232767,51.61232329905033,,0.3813981842249632,18.719656758010387,7.632375239974287e-05,3.760120978578925,31.147145837545395,0.0001544008767151439,4.64687617495656,0.010240470895951148,-0.07001926051452756,0.20224899635650218,1.0,0.6351702704560012,-17.460245065391064,-0.0010906083841746295,-0.4142072896938771
6,31522816,0.16471196795192855,0.8047864353656768,0.011499994119421899,0.12674338851124048,1.471676977723837,0.005554365613109742,-0.0014741814389238545,0.13942793840416318,-0.25262641883746256,-0.03568726579080021,0.4865849518773999,-0.5828405844768471,0.10479362636804582,0.2640189804369584,0.8871169313788414,0.0031467289095417073,0.18836641625966877,1.5145435547456145,0.007545051231318212,0.08692348940530792,0.13614910241449252,0.03246878592472058,0.3400931081734597,0.15414091397542506,0.015945361454214435,0.15359875271678902,0.326273440849036,1.5120660830289125,19.009026985031863,,0.5084700662409887,16.545783922076225,9.317068108050108e-05,4.385511871427298,31.519090473651886,0.000183811274363066,4.753446880728006,0.01486877134811948,-0.06855752062983811,0.20903421682305634,1.0,0.2176173024189969,-12.243435075667414,-0.0008592950635162803,-0.3542933601699769
6,31588352,0.29292077803984284,0.8327959552407265,0.0015396454873553012,0.17765795736340806,1.6821885569952428,0.0060657111807813635,-0.00028747811327889394,0.14172076375689358,-0.1897985697723925,-0.032035693042416824,0.518800942460075,-0.4263807670213282,0.16767966595944017,0.17707025616833694,0.8074861481247178,0.010539960516331142,0.13165103531925074,1.4919672504246952,0.0056036519328853205,0.06043606811674334,0.09084738349592515,0.02857869292093239,0.43452662017465715,0.1347781260819062,0.00954070029792892,0.1345788065971055,0.3972089747752411,0.7248114817719682,24.053882702455734,,0.21180774175761133,14.33733527925909,5.501749593696593e-05,3.1724201883638212,34.44692438839183,0.00012109776129771871,4.718232801700213,0.006293583076962,-0.06590098730591407,0.19032376953568983,1.0,0.15005509450566024,-33.825490549206734,-7.501045274693752e-05,-0.3807708590175025
6,31653888,0.20516389049589634,0.8898386531509459,0.0020009089059840335,0.19467641972005367,1.7709236252121627,0.006484357484168868,0.0009307596379812821,0.22154924820642918,-0.164358118083328,-0.07483005145331845,0.5157892021816224,-0.8942541750147939,0.15729309152811766,0.2051699385046959,0.8898386531509459,0.0020009089059840335,0.19467533298302442,1.7709236252121627,0.006484357484168868,0.0757989946869202,0.15062823914922774,0.03155974099354353,0.4942724315915257,0.08530847588554025,0.012893701168650296,0.08458827034337446,0.2388569962931797,1.068973541725427,53.550339214503765,,0.25858170387800783,13.493713937699795,6.690316027579968e-05,5.079011199995875,51.361067458987236,0.0002215964728864428,4.640039179474115,0.011381383003026713,-0.06999749294482172,0.2238566481973976,1.0,0.09952129883458838,-49.94934516400099,0.0008856150418523612,-0.4003262339392677
6,31719424,0.231717862887308,0.8873759629204869,0.0006774410968546363,0.1909378020791337,1.6989322314038873,0.003721621408203646,-0.0002571797248833718,0.19903248938499019,-0.2747522414429113,-0.06059192412067205,0.5092951729893684,-1.073636180255562,0.06363380525726825,0.23172784969210625,0.8873759629204869,0.0006774410968546363,0.19093454850371927,1.6989322314038873,0.003721621408203646,0.07663612335454673,0.1455639410414733,0.031666072260122746,0.47130250930786133,0.13942293025320396,0.012702662817901,0.1387387245631544,0.3473267119261436,1.0662227803841233,55.435880869627,,0.24721469468204305,16.7478194758296,5.159333135607014e-05,4.409428168088198,61.51482266187668,7.058642529100823e-05,4.7524335235357285,0.010213679928710917,-0.07260169158689678,0.21958972048014402,1.0,0.0906496906245593,-38.01218993961811,0.0005344529192825576,-0.38748893223237246
6,31784960,0.23439868015702814,0.8678029095754027,0.0015057805828746496,0.1848312629153952,1.674534531775862,0.005904806393118633,-0.0005849336423011664,0.24424512969562784,-0.1881593654397875,-0.05592628425802104,0.5066759889014065,-0.5925262563396245,0.19873783271759748,0.23440946359187365,0.8678029095754027,0.0015057805828746496,0.1848273917566985,1.674534531775862,0.005904806393118633,0.07714928651694208,0.1387799961376004,0.03105534997303039,0.4989134962670505,0.11770493694348261,0.012906555210065562,0.11629419369273819,0.28266272600740194,1.1780875269323587,88.21968053281307,,0.2371389736654237,14.51597397774458,6.580833559510779e-05,4.19431422278285,35.49772971868515,0.00014043741914182561,4.637388315051794,0.010671432653907686,-0.07159972074441612,0.18132091010920703,1.0,0.028938225092133507,-57.46377067267895,0.00040503654281565105,-0.40693007525987923
6,31850496,0.24434909888077527,0.8903131284750998,0.002076948212334173,0.19296932592988014,1.5333217587321997,0.006878552025227691,0.004206923540550633,0.27839791984297335,-0.17905662092380226,-0.03350142525687261,0.5118608609773219,-0.5903121237643063,0.16531621920876205,0.24434909888077527,0.8903131284750998,0.002076948212334173,0.19296932592988014,1.5333217587321997,0.006878552025227691,0.08671126508852467,0.14154108363436535,0.030970197316491976,0.491981124621816,0.1262077905703336,0.014545580001140479,0.12610812432831153,0.2898760288953781,1.0224182331003249,23.176752477884293,,0.4768676870735362,15.95650227367878,8.560330306339736e-05,4.067620061337948,34.13639308512211,0.00019706367551108883,4.784578315913677,0.012922058544063475,-0.07086224667727947,0.18662822991609573,1.0,-0.0936920162930619,-22.536719359457493,0.0003346649244804212,-0.4053926891647279
7,31522816,0.17766458765603604,0.8622245005766551,0.009316077652159341,0.10922809600519637,1.3892748711879055,0.0035824800567782708,0.0146195039444414,0.6222996137384811,-0.1658752957578205,0.004146032342864411,0.4328322789252949,-0.7128060788091777,0.14547004222869875,0.33816454524639994,0.8390929109882563,0.023711946926596283,0.18910282530123368,1.6694194255396724,0.008108032752488725,0.07858835710794665,0.14323404888273217,0.028286529690376483,0.32352343064422406,0.24651039129821584,0.012654424226639094,0.24642788420896977,0.48255603993311524,0.5370015941443853,57.44871780311068,,0.15246424777433276,8.292754409543704,8.509857628458128e-05,2.6828661209729034,24.092767634429038,0.00014312855768405797,4.8417102843523026,0.007485690583507676,-0.05285242828540504,0.15037230326561257,1.0,0.22104673764590793,-16.31132367385629,-0.00035472549759712514,-0.3558865632303059
7,31588352,0.2955062639666721,0.8742558779194951,0.0017579597811163694,0.1946921676862985,1.576075498946011,0.0048953229170365375,0.011120408478745958,0.5422205599024892,-0.3580067586590303,-0.006876311055748374,0.502517459448427,-0.8496617679484189,0.13984772679395974,0.1890355000715613,0.8642256349684244,0.008587584363384115,0.11747935062824154,1.4124932906601624,0.0037090191276465375,0.06524113385169486,0.07291210283166225,0.025923556642584413,0.42697467130373223,0.1430025380103027,0.010920801726120793,0.1420841591652898,0.3968646782646741,1.0070323146408402,56.64443851105241,,1.002750412236299,35.27957093650588,5.394601391688187e-05,3.6740090145904105,44.43749922976818,8.018405523086595e-05,4.675660927970726,0.014565750645159418,-0.06636511121528695,0.2020501279193594,1.0,0.2799181842128746,-9.459571275860071,-0.0007668580810786807,-0.40600714553147554
7,31653888,0.21949290425982326,0.9131605615839362,0.0005158178880719788,0.17239232582505792,1.624639479443431,0.0033483843822068593,0.0019109622844553087,0.7066429904662073,-0.26134261686820537,-0.03358053305419162,0.5170061241369694,-0.8740830845199525,0.17095261672511697,0.21954064595047385,0.925356226041913,0.0005158178880719788,0.1724608348449692,1.6482833251357079,0.0033483843822068593,0.07613333640620112,0.1257767283823341,0.0302745022054296,0.5193017144920304,0.10218980087665841,0.012936684761370998,0.10050672711804509,0.2481751193990931,1.446013979613781,66.35828512907028,,0.42086279345676303,41.31868661940098,4.9650992728633714e-05,3.298366380855441,50.881489634513855,5.7303981565670625e-05,4.639076821506023,0.008881785102857975,-0.07260003965348005,0.23774056043475866,1.0,0.5395254767499864,-16.93683612346649,0.0003461494126213438,-0.40219891269225627
7,31719424,0.23555858503095806,0.8984896503388882,0.0006349287276634641,0.17892276064958423,1.5958732180297375,0.004280205990653485,0.0005867666993708553,0.3877774212160148,-0.1762154158204794,-0.04905715958739165,0.5049974385183305,-0.6353683467023075,0.14734292146749794,0.23555858503095806,0.8984896503388882,0.0006349287276634641,0.17892276064958423,1.5958732180297375,0.004280205990653485,0.07613006897736341,0.1331402396899648,0.03054489821079187,0.5053139462834224,0.12726578078581952,0.012766492669470608,0.1271249252895359,0.3012278515379876,0.9722432177513838,24.21211475878954,,0.2449995995266363,22.88027312979102,3.4917134146272844e-05,3.648799506947398,36.63594502210617,8.427172691760632e-05,4.707061745226383,0.007821835693903267,-0.07260003685951233,0.1818194987718016,1.0,0.1233677314776287,-18.135016169399023,0.00013697177473659394,-0.4257032541790977
7,31784960,0.22942569095175713,0.8855153825134039,0.0005016541919644624,0.1752753951586783,1.490396193228662,0.0028929898480782867,-0.00014676241562483483,0.21999559132382274,-0.20774097426328808,-0.06281555932946503,0.5146097159013152,-0.717402134090662,0.19225593519513495,0.22943109937477857,0.8855153825134039,0.0005016541919644624,0.17527642659842968,1.490396193228662,0.0028929898480782867,0.07540173159213737,0.12946943793212995,0.03071671885845717,0.4978861650452018,0.12706478330073878,0.012747248329105787,0.12633206380996853,0.31282253307290375,1.130119894631207,59.531709134578705,,0.2729217706946656,13.820804167538881,4.400042169786303e-05,4.3126300778239965,41.640339985489845,6.753015139260299e-05,4.6369761526584625,0.008395838278374868,-0.0726002617739141,0.19865686574485153,1.0,0.27730457301368006,-17.00833337754011,0.0006446702191169607,-0.3931421090965159
7,31850496,0.25664902210701257,0.9020497286692262,0.00030833975725386153,0.15726681950036436,1.534645858220756,0.0016515033391897305,-0.00011611753029683314,0.2351679786806926,-0.2044920161133632,-0.04837538770516403,0.5174604561179876,-0.4850895826239139,0.20033054996747524,0.2566513066412881,0.9020497286692262,0.00030833975725386153,0.15726843290030956,1.534645858220756,0.0016515033391897305,0.07256049325224012,0.11210462998133153,0.029582618357380852,0.461105004651472,0.12601554513094015,0.012464179126254749,0.12528384311008267,0.26935043785488233,1.196472318843007,61.39495566487312,,0.21660548879299313,15.3013866096735,3.341498315470072e-05,3.521133655682206,29.76827709376812,2.846892772745413e-05,4.755032040178776,0.006439523807785008,-0.07260016864165664,0.17424394062254578,1.0,0.31850791024044156,-22.154231816530228,0.0004183859030035819,-0.3824374119285494
7,31916032,0.2353495698189363,0.9139539077877998,0.0008704224353550671,0.17476006073411554,1.7636242993175983,0.0051720414448936936,-0.0009495289725123257,0.1312801917665638,-0.21398772951215506,-0.046712378214579076,0.5153163424693048,-0.4935607435181737,0.2128775743767619,0.2353495698189363,0.9139539077877998,0.0008704224353550671,0.17476006073411554,1.7636242993175983,0.0051720414448936936,0.07267539651365951,0.13102111365878955,0.029675287820282392,0.4673489007400349,0.11971336061833426,0.012164979525550734,0.11939980025636032,0.2831064302008599,1.2148924069479108,39.44207103550434,,0.18804134370293468,13.495805226266384,6.602563435431641e-05,3.595346987247467,29.973968133330345,9.265967684157772e-05,4.694528300315142,0.007809393933712272,-0.072617661440745,0.18355656939093024,1.0,0.337116060545668,-36.479457184672356,0.0002725196686697018,-0.39035522867925465
7,31981568,0.2098302619997412,0.8671063198707998,0.001749268692719852,0.18100189114920795,1.6819718764163554,0.0061830810645915335,-0.0006081029764004597,0.18590862324344926,-0.15935419767629355,-0.04894077678909525,0.5193612603470683,-0.5434522444847971,0.12024980271235108,0.2098302619997412,0.8671063198707998,0.001749268692719852,0.18100189114920795,1.6819718764163554,0.0061830810645915335,0.07322356814984232,0.13759024150203913,0.030121586969471537,0.4818859334336594,0.08915271708974615,0.011993136511591729,0.08906808326719329,0.2454242996755056,1.1950669884681702,23.294841393828392,,0.19723344745580107,12.309773188084364,5.787442980764723e-05,3.78963334672153,33.17173798382282,0.00010955250887167978,4.67802818864584,0.008899312855646713,-0.07071057986468077,0.19208617694675922,1.0,0.47309302375651896,-22.88410958647728,0.0007119420131402876,-0.38832437712699175
7,32047104,0.15654607487221558,0.8316733361532291,0.009665401296109242,0.10410353954570989,1.1667985852062701,0.004882398785484838,0.0011028140937444657,0.1759740876290986,-0.1024697796375646,-0.03546866021486229,0.4742040020159523,-0.7451314286861938,0.10869030510385831,0.24309784395154566,0.8759447382763028,0.0017733043252974312,0.2016905021155253,1.6298370771110058,0.005794224293822481,0.08155732078012079,0.1549733168212697,0.030040710989851505,0.3196760617755353,0.13835121065494604,0.013344103841518518,0.13822339495527558,0.3368207811145112,1.0596405286341906,26.4590098738422,,0.28912192839197814,13.892755575478077,7.02738476618947e-05,4.087147058919072,29.628486275672913,0.00011852127243017208,4.757838279008865,0.011526650228915969,-0.07075299602001905,0.1643318320857361,1.0,-0.290175676716414,-11.088517812985229,0.0015585630076626936,-0.31911298605302973
7,32112640,0.2868589013814926,0.8623948451131582,0.001457416705079595,0.1774417647975497,1.5153945200145245,0.005549556067762751,0.00038026787541411977,0.1625372247872292,-0.1776960352435708,-0.03613070536084706,0.5093698143027723,-0.7042541478294879,0.12159878318198025,0.16910933282405857,0.8346344454505716,0.008874270251190723,0.11117280493714814,1.2003981933805599,0.004946703101848975,0.05979959094190005,0.07011723498595003,0.024575307646889734,0.40053790919931537,0.13021606536963792,0.009759135920545984,0.12978453200574508,0.39898427096770583,0.868272276135184,32.69952456089836,,0.1369813308863149,10.411313347543691,5.1762975433503755e-05,2.7238385983559033,43.63103629050339,0.00011646761819442297,4.7369979499693375,0.004815048747441762,-0.0653935690825603,0.19104701236271895,1.0,-0.12323239739635028,-22.39919076859951,0.0011410153116457877,-0.3932389022083953
7,32178176,0.200884205638431,0.8563486477360129,0.0019008442802714853,0.18008136237040162,1.5408461540937424,0.005763920427853009,0.013008565770888936,0.5305626698536798,-0.15037366771139205,-0.03209810482803732,0.6176942884922028,-0.5469772471114993,0.1298916373634711,0.2008873384911567,0.8563486477360129,0.0019008442802714853,0.18007982638664544,1.5408461540937424,0.005763920427853009,0.08420500229112804,0.1265615823213011,0.03421681786130648,0.5615435562795028,0.09143286387552507,0.014849633014819119,0.09049959457479417,0.25403344607912004,1.4657255355268717,84.71949879825115,,0.9122598115354776,30.71274983137846,6.065536449462172e-05,3.6785350013524294,36.79970470070839,0.0001258601842071272,4.616762787103653,0.01213963957343367,-0.07040306692942977,0.20555464760400355,1.0,0.20505230722483248,-61.21308899670839,3.6575906506186584e-05,-0.45094087009783834
7,32243712,0.2583828921196982,0.9066819213330746,0.002777030588049456,0.1524647211190313,1.6673346813768148,0.006866919824460638,0.006058565658349835,0.6365547508466989,-0.12649262972263386,-0.024711276710149832,0.5959345374722034,-0.6422447273507714,0.16065699886530638,0.25838576268870384,0.9066819213330746,0.002777030588049456,0.15246534498874098,1.6673346813768148,0.006866919824460638,0.0728726972010918,0.10574215388623998,0.029650367359863594,0.4874932309612632,0.13814424138399772,0.01233574173238594,0.13687003073573578,0.2857202890299959,1.4628139859996736,95.54568827152252,,0.4475481804693118,36.47190114855766,7.781454041055902e-05,2.8792952029034495,41.184977650642395,0.00011500756188381756,4.735336881130934,0.00698968182587123,-0.06948561617173254,0.1998395244590938,1.0,0.37092019570991397,-59.57580657303333,-4.681446262111422e-05,-0.4049095278605819
7,32309248,0.24542246770579368,0.875973813701421,0.0024114301891131618,0.16511915996670723,1.664380013011396,0.006356003746986971,-0.00010554535674600629,0.2559155478957109,-0.15666684263851494,-0.030509550968417898,0.5181982791982591,-0.6297474917955697,0.20769907184876502,0.24543510866351426,0.875973813701421,0.0024114301891131618,0.16512235125992447,1.664380013011396,0.006356003746986971,0.07288962777238339,0.11994704458629712,0.03000682362471707,0.49665378557983786,0.12047085270751268,0.012151032642577775,0.11946954010636546,0.2644493558909744,1.0887907948344946,74.01534812152386,,0.17306780215585604,15.912023335695267,7.597910931678165e-05,2.8452710639685392,39.489020586013794,0.00012440340687813745,4.675342179834843,0.005244790190772619,-0.06875895010307431,0.19732255209237337,1.0,0.45208485960029066,-14.990716278553009,0.0007685276200390945,-0.3709935828810558
7,32374784,0.25328560604248196,0.8672810448333621,0.0028726089935844357,0.1623834780184552,1.5642822068184614,0.006780904384868336,-0.0006121734272710455,0.13072757158079185,-0.16054213687311858,-0.03504864183196332,0.5034403202589601,-0.6219784785062075,0.17954787472262979,0.25328560604248196,0.8672810448333621,0.0028726089935844357,0.1623834780184552,1.5642822068184614,0.006780904384868336,0.07329871691763401,0.11753304075682536,0.02866503932455089,0.47333351778797805,0.11980388560914434,0.012267238627828192,0.11971787498623598,0.25150370922347065,1.0035303994081914,20.016288980841637,,0.1621637616190128,10.648585971444845,8.123209362986827e-05,2.8013695869594812,36.97621011734009,0.0001426641379165261,4.8343391045928,0.006101539172959747,-0.06892666616477072,0.1896822708658874,1.0,0.2758693473879248,-16.984161972999573,-0.000313657106971732,-0.37062750867335126
7,32440320,0.24532197462394834,0.9027977446094155,0.000906861972111983,0.19870167458429933,1.6867990856990218,0.004073694679618711,-0.000638617190190871,0.23718209235812537,-0.19171130401082337,-0.046684610802913085,0.5055860292632133,-0.5917098983190954,0.16548763902392238,0.24532197462394834,0.9027977446094155,0.000906861972111983,0.19870167458429933,1.6867990856990218,0.004073694679618711,0.08304556919028983,0.15076919429702684,0.02982412077835761,0.4829699652036652,0.13413753488566726,0.013742156283115037,0.1339240906527266,0.3155933633679524,1.1481673368252814,21.92244803160429,,0.31358832970727235,15.627829480916262,6.273374630794137e-05,4.110343029722571,36.140330493450165,0.000113259251090847,4.669603984802961,0.011651962973701302,-0.07258250843733549,0.19732088909950107,1.0,0.40091560734435916,-16.807884119451046,0.0007098893281636265,-0.39596845605410635
7,32505856,0.20976372680161148,0.9163013654761016,0.0008216477594942262,0.19456902553793043,1.6931405388750136,0.004124038988265966,-0.001295364818474809,0.2356016012490727,-0.23346712219063193,-0.06129482755204663,0.5097508213948458,-0.6161905843764544,0.18221443856600672,0.20979684393387288,0.9230383117683232,0.0008216477594942262,0.19464512343984097,1.7165772900916636,0.004124038988265966,0.0795118632959202,0.1483928217785433,0.030604575178585947,0.5025657982332632,0.09647261784994043,0.012989631395612378,0.09463874041102827,0.2580116654280573,1.5769726363942027,98.04133816063404,,0.3378749599214643,15.750136367976665,6.204887164118489e-05,4.4566796869039536,36.13527552783489,0.00012095584941462789,4.602896332740784,0.011707151446898934,-0.07262882217764854,0.1980886938981712,1.0,0.4397173511679284,-60.34035490453243,0.0002092234645942881,-0.41989740543067455
8,32571392,0.18960755327095588,0.8079210405300061,0.008830525972225587,0.10185994197924932,1.3284190126756825,0.004288906391496615,0.0007050000013161177,0.13823299809349313,-0.06066156594228232,-0.02639567612277612,0.4691612508859059,-0.41338154366104085,0.10395148783922195,0.34048088011331856,0.8654498318210244,0.017707064713590626,0.2111464188201353,1.579597373958677,0.008585881994576994,0.08796841019648127,0.1635230725078145,0.026282100967364386,0.28184189612666766,0.254225725249853,0.014556803547748132,0.2539587682695128,0.49198859685566276,0.8319121765089221,5.732345274488131,,0.2775489567575278,12.203544795396738,7.674312862354649e-05,3.769978769843874,25.355762936756946,0.0002297004531914837,4.853277284651995,0.013443184718198609,-0.05449425196275115,0.15120207995641977,1.0,-0.7972785679532293,-18.523237075638026,0.00023267882503811657,-0.28189259487825136
8,32636928,0.31119325826875865,0.8393317265436053,0.0009318153096273818,0.16961589647689834,1.5759206134825945,0.004693506732110109,0.00031412520957019296,0.18439278069126885,-0.20842099774017697,-0.025295351737440797,0.5124012229498476,-0.4206333146430552,0.1481993799097836,0.20132809674299984,0.8109485765313169,0.008069204462577566,0.10839051145678723,1.3522745886570717,0.004327904014688277,0.05352290195878595,0.07399270597267447,0.02066732721728643,0.364431090866137,0.1241261500800614,0.008730802052803001,0.12388782856530259,0.29758622653376315,0.880939507497901,19.040590645880044,,0.09520850568050407,9.007336555752925,4.7243166998153616e-05,2.3068460374116806,27.376292394866876,0.00010049002634351298,4.795645307345563,0.004754835359354806,-0.06627062232379453,0.16908546035593175,1.0,-0.40056835871655494,-11.036528769880533,0.001228426397574367,-0.3421610313234851
8,32702464,0.2155356170842424,0.8722469117492437,0.00029858816481009853,0.17692857852671295,1.5707780551165342,0.0012242091304415226,0.0018998997402377427,0.27027448592707515,-0.08342044564778917,-0.040470076695783064,0.5132354793604463,-0.40082053281366825,0.14518870739266276,0.2155356170842424,0.8722469117492437,0.00029858816481009853,0.17692857852671295,1.5707780551165342,0.0012242091304415226,0.07290858917986043,0.1343669630587101,0.02850679904804565,0.4988072415580973,0.0784067100903485,0.012019709720334504,0.07778869915637188,0.2065475963463541,1.1614540186710656,48.71644518524408,,0.18840378161985427,15.629250153899193,4.694474918087721e-05,3.2659027352929115,29.406227216124535,6.237736297121099e-05,4.68354295194149,0.008109861504635774,-0.07260003359988332,0.18448699940927327,1.0,-0.16836458639591,-17.31636483222246,0.0003606261122968135,-0.3954123284202069
8,32768000,0.25464961607940495,0.8560643885284662,0.00044205360950400063,0.17530488898046315,1.5516547793522477,0.0024804701040750388,0.0013995598291103306,0.2612329311668873,-0.12589833908714354,-0.0364189493120648,0.5101171804126352,-0.42248599557206035,0.07583496044389904,0.25464764737989753,0.8560643885284662,0.00044205360950400063,0.17530300025828183,1.5516547793522477,0.0024804701040750388,0.07727998006157577,0.12971792940516025,0.028418431073077954,0.48358156625181437,0.13450111895508599,0.013053346978267655,0.13430040208913852,0.288126337210997,1.0783881340175867,40.427986435592175,,0.2224121954641305,16.125123601406813,3.659099550462619e-05,3.297375771217048,30.124217927455902,7.708953040186373e-05,4.800588447600603,0.00893147327224142,-0.07260016724467278,0.19149485474918038,1.0,0.01023705065017566,-17.902302406728268,0.00014679440914733277,-0.3815272427164018
8,32833536,0.23271947063039988,0.8428742466494441,0.00038707180885921844,0.16756485274527222,1.6088998229242861,0.002159268229547706,8.011908016669622e-05,0.19517005450325087,-0.16742284476640634,-0.04010985234344844,0.5180349159054458,-0.4294723516795784,0.1930074873380363,0.23271947063039988,0.8428742466494441,0.00038707180885921844,0.16756485274527222,1.6088998229242861,0.002159268229547706,0.07243920670589432,0.12293819745536894,0.029854771099053323,0.49338326836004853,0.12233267299598083,0.0118801494318177,0.12210601559490897,0.2900803794618696,1.0983754429034889,20.18305166065693,,0.14777611894533038,12.430905889719725,3.678613914992468e-05,3.4093725271523,29.681214660406113,3.251904247925097e-05,4.6582792066037655,0.00595304289527121,-0.0726003129966557,0.16702173999510705,1.0,0.3131795747904107,-15.883236154913902,0.0008680538714997965,-0.41380430792924017
8,32899072,0.23872150003444403,0.8599511501379311,0.0011503871378408803,0.16683741519227624,1.5790244629606605,0.004268351827249717,-0.0007789088241736408,0.11973394430242479,-0.17336536961374804,-0.047975718072848395,0.5083700593095273,-0.7718704948201776,0.15634771948680282,0.2387253245105967,0.8599511501379311,0.0011503871378408803,0.1668377942405641,1.5790244629606605,0.004268351827249717,0.07485873013501987,0.12042067683069035,0.03044804291857872,0.4759796796133742,0.1270465498091653,0.012695073120994493,0.12645574784255587,0.2778244868386537,1.1548777036368847,52.20174787938595,,0.17009784077527002,10.58591928705573,4.908886716792349e-05,3.6083074416965246,45.108565509319305,7.01832179816897e-05,4.788365636020899,0.0061614169644599315,-0.07145794900134206,0.19177747960202396,1.0,0.2590090459561907,-48.92326058447361,0.00029197565800131997,-0.39167777681723237
8,32964608,0.2504630459006876,0.914052729960531,0.00256088620153605,0.1814339600969106,1.6307699759490788,0.0069469015861614025,-0.00335021464024976,0.30669625074369833,-0.2501185570145026,-0.038615030935034156,0.5400084028951824,-0.6507801709230989,0.1791055016219616,0.2504630459006876,0.914052729960531,0.00256088620153605,0.1814339600969106,1.6307699759490788,0.0069469015861614025,0.08316456817556173,0.1314588409732096,0.03046611961326562,0.5107018980197608,0.1287032804102637,0.014544724770530593,0.12835778907174245,0.27743031387217343,1.332155704498291,30.797177009284496,,0.4452680847607553,19.42007990181446,7.085724478761435e-05,3.6467003412544727,41.279666006565094,0.00015853248596719993,4.682518124580383,0.00985196861802251,-0.06932639749720693,0.20026706950739026,1.0,0.5556342815980315,-19.783734813332558,-0.00016713993454686715,-0.4145708568394184
8,33030144,0.21730025589931756,0.8836636003106833,0.0011372709295756067,0.17070959554985166,1.5679526198655367,0.003981604079399403,-0.002742733930290342,0.24309889553114772,-0.34102949348744005,-0.027711292161257006,0.6130279109347612,-0.43252740683965385,0.16822123154997826,0.21731240232475102,0.8836636003106833,0.0011372709295756067,0.17070997646078467,1.5679526198655367,0.003981604079399403,0.0754666063003242,0.12436528492253274,0.030513444988173433,0.5393589823506773,0.08772208585287444,0.012714903874439187,0.08659651639754884,0.22297137673012912,1.6808840511366725,80.48334868252277,,0.35959825408644974,19.926391623914242,5.2565933081449856e-05,3.1878689862787724,35.12391231954098,0.00010762677126630038,4.629489462822676,0.007426061631122138,-0.07242244621738791,0.19443158712238073,1.0,0.6158829213818535,-51.88138948380947,0.001102357327908976,-0.4051453263964504
8,33095680,0.17334664434815447,0.8419743123402198,0.008694254982710845,0.09832093571312725,1.3725444127619268,0.004014966581999033,-0.001139164370895666,0.14484384781016463,-0.2314286596121383,-0.015429295430653078,0.45767975099540004,-0.660429288422165,0.12825664048393567,0.27142559143248945,0.8895857599563897,0.0014050954383719727,0.16670552431605756,1.7026182413101196,0.004911275400900195,0.07515919429715723,0.12041779240826145,0.02957612939644605,0.29623151580492657,0.14997077645966783,0.01263068363914499,0.1487126720312517,0.3111511399038136,1.2927181422710419,66.47871491699169,,0.25428200024180114,24.779155768454075,6.305056864153169e-05,2.4964944841340184,32.110601887106895,0.0001057857674862106,4.75538894161582,0.007335876751312753,-0.07105576456524432,0.18453006818890572,1.0,0.2422641879723718,-15.493141317057113,0.00024053208012143537,-0.3102898950191836
8,33161216,0.29870204150211066,0.8569848625920713,0.001983257903134472,0.17295319645199925,1.597923379857093,0.00548567548378287,0.00010600358564261114,0.26885819116432685,-0.20085527611081488,-0.01922161400125333,0.5063163177110255,-0.583115920657292,0.15928402403369546,0.18545198659917497,0.8448816782245075,0.008047411890703484,0.10553716988504741,1.4005230835313538,0.004156721656869765,0.05544107360765338,0.06812856777526259,0.022738592558910687,0.39347209339310607,0.14126095978938694,0.008961624098052439,0.13974376471295213,0.38416006164877753,0.8570850994718452,70.24717231367501,,0.19861019000338098,14.628496131307097,4.6668917816522125e-05,2.2981187376503676,39.520534638433254,7.035615742318259e-05,4.713402161038066,0.004728875281720518,-0.06353912646152887,0.18266583929197436,1.0,0.2538437175680883,-28.02162660472095,0.000797428827127078,-0.4058208219357766
8,33226752,0.21306447579991072,0.8830918530002236,0.0020834409426697675,0.18216682656202465,1.6620038552209735,0.005848907200629583,-0.0012021240562489766,0.23193294019438326,-0.31792950577801093,-0.04286865808535367,0.5155795435421169,-0.9081114418804646,0.1693880425300449,0.2130709511693567,0.8830918530002236,0.0020834409426697675,0.18216750060673803,1.6620038552209735,0.005848907200629583,0.07484979566652328,0.13755219732411206,0.030604581072111614,0.512544649769552,0.10548552917316556,0.012394517558277585,0.10485819622408599,0.27376189758069813,1.096066553145647,56.599183559417725,,0.2654004032956436,20.384291902184486,7.433579816007452e-05,3.9419986996799707,52.0309534072876,0.0001380352738004076,4.641598898917437,0.009163798218651209,-0.07087789452634752,0.21597622358240187,1.0,0.10175219755910803,-30.768428146839142,0.0018550872225659987,-0.4085519196232781
8,33292288,0.23270122450776398,0.8806128175929189,0.00202263284950277,0.20034060953184962,1.56743918126449,0.006794675199671474,-0.0010566376076894812,0.19963970594108105,-0.27306289703119546,-0.07334902990260161,0.46222181688062847,-0.7432772596366704,0.1477422592579387,0.2327023670077324,0.8806128175929189,0.00202263284950277,0.2003405513241887,1.56743918126449,0.006794675199671474,0.08111327653750777,0.15371230157325044,0.031243295219610445,0.4740663915872574,0.13369995263929013,0.013686192251043394,0.13327172749268357,0.32759762613568455,1.1197334732860327,43.95797137916088,,0.27405118505703285,17.37683480978012,5.708024245947886e-05,5.057242764160037,42.58665058016777,0.00015477743852754244,4.734495721757412,0.013531750464608194,-0.0711163931991905,0.19945388683117926,1.0,-0.14727403812139528,-42.6226220279932,0.0013296199010710552,-0.3813938004896045
8,33357824,0.24254909774754196,0.9074302590452135,0.00035559978118726576,0.17286217701621354,1.634841744787991,0.0022886614729031862,0.00016614831008610054,0.1470884075970389,-0.21881051486707292,-0.0565539074013941,0.51104705943726,-0.6292977696284652,0.23056258726865053,0.2425534442299977,0.9074302590452135,0.00035559978118726576,0.1728607831755653,1.634841744787991,0.0022886614729031862,0.073975769453682,0.12862797523848712,0.029159239420550875,0.4499337336746976,0.1252348402631469,0.012518019349954557,0.12363607680890709,0.2908079027547501,1.4503551125526428,80.15095400810242,,0.18475635454524308,13.489176847040653,3.1202530424212505e-05,4.236177541315556,36.10599331557751,2.7040385922161292e-05,4.658022489398718,0.009546284709358588,-0.07260021567344666,0.2059324198635295,1.0,-0.3785989674506709,-68.44078509509563,0.0015902584424338784,-0.37484048609621823
8,33423360,0.22242009604815394,0.8873702045530081,0.00029157099800158903,0.18381293397396803,1.5889357174746692,0.00178776384836965,0.0007352647396601242,0.15025784887257032,-0.15232875460060313,-0.06754832627484575,0.50619424902834,-0.8555822079069912,0.21243727835826576,0.22242661437485367,0.8873702045530081,0.00029157099800158903,0.18381177179981023,1.5889357174746692,0.00178776384836965,0.07572552835335955,0.13777563103940338,0.033162363892188296,0.5176324701169506,0.13016435838653706,0.012869787315139547,0.1296899353619665,0.330719921621494,1.225032372865826,49.291495963931084,,0.15005634218687192,10.171292785555124,2.5682473371535508e-05,4.6209503300487995,49.05158466100693,2.6564514412186213e-05,4.737643666565418,0.008880353278073017,-0.07260023802518845,0.20514088310301304,1.0,-0.1420220059226267,-26.52315144240856,0.0015696806794949225,-0.44065882719587535
8,33488896,0.2333649912616238,0.9105617785826325,0.00029777750842185924,0.17211840930394828,1.6666897316463292,0.002014011497294632,0.0009671842761918015,0.15468114663963206,-0.17414659992209636,-0.045411133716697805,0.5114488422404975,-0.7824512049555779,0.13893270686094183,0.2333649912616238,0.9105617785826325,0.00029777750842185924,0.17211840930394828,1.6666897316463292,0.002014011497294632,0.07556022788048722,0.1260612902115099,0.030264506523963064,0.4741642802255228,0.11951515733380802,0.012852533560362644,0.11940501438220963,0.27988905704114586,1.0567284990102053,29.157694339752197,,0.1835371641209349,11.012740993872285,2.7071879723061798e-05,3.886587681248784,44.85946114361286,4.6761445820053815e-05,4.724497593939304,0.008677500649355352,-0.07261054986156523,0.20186916552484035,1.0,-0.2357497662305832,-23.350547678768635,0.0002834552569765947,-0.40221679548267275
8,33554432,0.20003056153655052,0.8583560097031295,0.0006995875799589157,0.17792884400114417,1.6970599261112511,0.003899129190358508,0.0006207050073214759,0.2354692045482807,-0.17297164333285764,-0.05004514375468716,0.5092266581486911,-0.6537812913302332,0.16368843358941376,0.20003056153655052,0.8583560097031295,0.0006995875799589157,0.17792884400114417,1.6970599261112511,0.003899129190358508,0.07393172464799136,0.1326901757856831,0.031479810349992476,0.48594809870701283,0.09011861932231113,0.012298281166295055,0.08995909511577338,0.24565358937252313,1.1738801468163729,59.57672464847565,,0.22969070362159982,13.584018480032682,4.726197926130382e-05,3.857586981728673,38.864103347063065,0.00010223371262441106,4.631886467337608,0.007213038610643707,-0.07261065673083067,0.1886726904194802,1.0,-0.0901186779665295,-23.539424166083336,0.0010759339509149868,-0.39366943447384983
8,33619968,0.1910682252732416,0.8722056278586388,0.007050236106268433,0.10445699871517718,1.3082949377596378,0.0015983703470010368,0.007386080362730354,0.5098811670259844,-0.25118444693842323,0.049638041834838685,0.4661564422221758,-0.2573142547229751,0.20558115045229594,0.25122677034232765,0.8693481981754303,0.0006641879339213119,0.17475176334846765,1.54135178681463,0.0034874822003985173,0.07787925330922008,0.12777519621886313,0.02969142828078475,0.32066824519385895,0.13667159524629824,0.01359974083607085,0.13649658285430633,0.30118503706762567,1.1228580814786255,15.181191845486563,,0.24876602937001735,14.274066768586636,5.0492246816968844e-05,3.9080066047608852,36.956300020217896,8.055103548476605e-05,4.762547772377729,0.009231526481016772,-0.07260006805881858,0.19062175485305488,1.0,-0.8503990959818475,-33.327525048007566,0.0009007497113270801,-0.3501624815414349
8,33685504,0.2991083867382258,0.9046879420056939,0.0003407855587056474,0.18960056407377124,1.5737888920120895,0.0021691747272143402,0.0034998922501472407,0.5435720575042069,-0.3051267449045554,0.018430579402775038,0.5086034135892987,-0.32607060100417584,0.22722058719955385,0.20148782037108778,0.8753364533185959,0.006403542077587683,0.11266337859960475,1.3338847164827656,0.0016533876366601505,0.06492805811548494,0.06888002821479935,0.02355780018807714,0.42688180107892637,0.15336180369072336,0.011203619203016902,0.15270947047133357,0.4130295272018895,1.1788354605402662,38.58073296234102,,0.7457212061261483,29.764183581021268,4.243912034130172e-05,4.089966537297636,27.078412978853805,7.763128632330746e-05,4.715101862887302,0.019289541575317454,-0.06895927761692598,0.17850827107048897,1.0,-0.3795822177780792,-33.543342653661966,-0.00014646136253304576,-0.42579888773616403
8,33751040,0.257673405460082,0.9275156711228192,0.0026411403075599083,0.18092245201114565,1.686235902365297,0.0071347502125718165,0.016017749723687302,0.7952324533835053,-0.26324075600132346,0.023394464333250653,0.5361784545239061,-0.430291150463745,0.1980279559502378,0.2576768641592935,0.9275156711228192,0.0026411403075599083,0.18092061346396804,1.686235902365297,0.0071347502125718165,0.08994926128070801,0.12623785308096558,0.030889920803019777,0.5025113299489021,0.1150692641385831,0.016612636762147304,0.11465338058769703,0.24367127427831292,1.3673584023490548,36.85860939323902,,1.258965771412477,45.56346380710602,8.578462476460658e-05,3.4175946805626154,31.28472763299942,0.00016953482090209526,4.674291700124741,0.019171204265148845,-0.06402114033699036,0.2800405714660883,1.0,0.2015087783220224,-31.095095440745354,-0.0010890459180785683,-0.43203180376440287
8,33816576,0.2595310666365549,0.9336137375794351,0.0010560335913396557,0.1806759008904919,1.6440644767135382,0.005686661239451496,0.007763134724882548,0.5999189850408584,-0.21862338739447296,-0.01554170347390027,0.5166858276352286,-0.5787129234522581,0.19367936626076698,0.2595322177512571,0.9336137375794351,0.0010560335913396557,0.18067588552366942,1.6440644767135382,0.005686661239451496,0.08179684972856194,0.13145042024552822,0.0302541452110745,0.5000934471609071,0.1389980973326601,0.014027077391801868,0.13756864931201562,0.2987456675618887,1.5675584506243467,102.49239614605904,,0.7556582291144878,34.37282629311085,6.511842775469567e-05,2.9086733404546976,34.39194677770138,5.559027962909191e-05,4.7096931375563145,0.012829560662794393,-0.07177581777796149,0.28585436288267374,1.0,0.6998919474426657,-52.88915652036667,0.0001788081716540546,-0.4170444959308952
8,33882112,0.24407559086102992,0.8593503506854177,0.0007106679247499414,0.1640833808341995,1.666301283519715,0.0031468755253172276,-0.00041337660695717204,0.20397621739539318,-0.1496842943597585,-0.02508375015167985,0.5222756797447801,-0.6662362231872976,0.21904044866096228,0.24408169207163155,0.8593503506854177,0.0007106679247499414,0.1640821221517399,1.666301283519715,0.0031468755253172276,0.07259332085959613,0.11938168661436066,0.029374768913839944,0.49538596789352596,0.11521803174400702,0.012232130677148234,0.11486535705626011,0.266699108062312,1.0947191137820482,35.26459888368845,,0.19933758629485965,13.20795639231801,3.952880024749028e-05,3.105940632522106,38.25790809094906,4.113881706879763e-05,4.702761277556419,0.0062860080106474925,-0.07259229058399796,0.1852308475645259,1.0,0.36667854245752096,-20.296723246574402,0.0010117576995298805,-0.3972525119315833
8,33947648,0.22829375672154129,0.9056982016190886,0.0005677188969457347,0.1979127445956692,1.7396285999566317,0.0033249151757672735,-0.0013951778263958658,0.16656658230931498,-0.21575325762387365,-0.04966984369093552,0.5215625979471952,-0.5727299663703889,0.16412703413516283,0.2283247016603127,0.9160441854037344,0.0005677188969457347,0.19799181527923793,1.7702883994206786,0.0033249151757672735,0.08285585814155638,0.14930528058903292,0.03227608639281243,0.5559667949564755,0.13469232770148665,0.013720809736696538,0.13408511859597638,0.3327488756040111,1.0377860702574253,51.1499105617404,,0.2635957195889205,15.01712004840374,4.5928435283532076e-05,4.299799390137196,34.35016772150993,8.553903416819164e-05,4.764162216335535,0.011055779876187444,-0.0725948850158602,0.20610265503637493,1.0,0.11018329630314838,-19.0501913651824,0.0004064178283442743,-0.4526543284300715
8,34013184,0.24062419112306088,0.9404756701551378,0.0002800855372981914,0.1872459010919556,1.7578805764205754,0.0016479256923958019,-0.0012168593251544735,0.15016972651937976,-0.2070963256410323,-0.05679943595896475,0.5118138182442635,-0.6811905403155833,0.19959759784978814,0.24065768590662628,0.9483769754879177,0.0002800855372981914,0.1873259445419535,1.7865467420779169,0.0016479256923958019,0.07703212497290224,0.14192596293287352,0.030407021462451667,0.5185632319189608,0.1209728577232454,0.012842709395044949,0.11977253889199346,0.2883759231772274,1.1110678077675402,78.57468785345554,,0.2164005347294733,12.469246048480272,2.7592015327204678e-05,4.2885732762515545,39.41231806576252,4.191205837078549e-05,4.681742962449789,0.01116905418530223,-0.07259997818619013,0.21726512955501676,1.0,-0.06644886294088792,-41.80862019211054,0.00048804064158503024,-0.4295010627247393
8,34078720,0.21986992342863232,0.8830840378068388,0.00021342422985526355,0.19712121388874948,1.6968427281826735,0.0012216748007176648,-0.0003858660789433088,0.15918050077743828,-0.1761048550833948,-0.06717001053038985,0.5126609588041902,-0.6813520209398121,0.13758430373854935,0.21986992342863232,0.8830840378068388,0.00021342422985526355,0.19712121388874948,1.6968427281826735,0.0012216748007176648,0.0769963450729847,0.15344579855445772,0.02997247109306045,0.4947063085855916,0.09305157384369522,0.012798538773495238,0.0929610627645161,0.24857684108428657,1.0404145801439881,24.714040145277977,,0.18743948626797646,11.773476220667362,3.2548390092701496e-05,4.9046039916574955,39.13621211051941,3.474691327981505e-05,4.689613610506058,0.013439392809232231,-0.07262358022853732,0.18574596336111426,1.0,0.0850537889637053,-24.066311180591583,0.0005087336679707732,-0.3916981950169429
9,34144256,0.15856723151790597,0.824717839807272,0.008240455708170582,0.11234636436526974,1.411486024223268,0.005056891651135326,0.0028573059065780627,0.2583755521914767,-0.14241415308667152,-0.04539675309914552,0.4935519939564013,-1.0377606802259107,0.11885845815141996,0.33438347827177495,0.8707402104046196,0.016527576214912187,0.1964470828534104,1.4886503315065056,0.005757304311146072,0.08299181118491106,0.15127127824234776,0.027844688171171583,0.327937899256746,0.23632593546062708,0.014802510377194267,0.23566254181787372,0.44572341814637184,1.2148112654103898,17.150172019898893,,0.2517215905536432,11.386283393832855,8.971731775098135e-05,3.8778673122869805,24.9889705167152,0.00019337724398216238,4.907955039292574,0.01613520917180722,-0.05386171769350767,0.18730672949459404,1.0,0.14846749941896026,-16.755281844992812,-0.0008123190282276482,-0.33921340769156816
9,34209792,0.27832498971838504,0.8495543734170496,0.0016352416262179759,0.17706102423835546,1.6651929006911814,0.006382016827046755,0.002113975162501447,0.23166618577670306,-0.08671561432856834,-0.038034742829040624,0.5160325176548213,-1.0577915594913065,0.12962317978963256,0.17011014797096422,0.8271117225648409,0.007603808567741415,0.11858392194339848,1.435939699063549,0.00518461455965691,0.05901253178536174,0.07791081599116954,0.0268580300308461,0.4160982203411769,0.13369022634918998,0.009424066017466003,0.13360413311917899,0.41832860844232234,0.7518731321612127,19.832201299268796,,0.23722890515794912,15.102747111912278,5.7147777374209546e-05,3.9980557465845865,60.08018331043422,0.0001084676927152516,4.717085638498685,0.007020886600419391,-0.06451543425041509,0.21847235842282514,1.0,0.09899674254847923,-24.4759162068367,4.7309576302723144e-05,-0.3743436668301001
9,34275328,0.22208983974996954,0.889496645424515,0.002380666330736858,0.1683879168704152,1.7286699153482914,0.006522759215158658,0.0002732228883814969,0.15764945119735785,-0.13891053177940194,-0.03791029554849956,0.5186846002470702,-0.850353239569813,0.1608057501143776,0.2221204264787957,0.8997691120021045,0.002380666330736858,0.16846698289737105,1.7539595533162355,0.006522759215158658,0.07398755080066621,0.12305853614816442,0.03013483171525877,0.548157669370994,0.08710775000508875,0.012412675343512092,0.08653477398911491,0.21677071100566536,0.9948233086615801,46.60516083240509,,0.16809511167230085,11.156592261046171,5.485378487612991e-05,3.6580197978764772,49.10276114940643,0.0001392471610870416,4.667066026479006,0.009159609569906024,-0.06945721572265029,0.2230216790921986,1.0,0.187661848787684,-22.713154897093773,9.874405805021524e-06,-0.4233485512668267
9,34340864,0.2487711061257869,0.8857356309890747,0.0012736803055304335,0.1795806714799255,1.6496908306144178,0.004431324225606659,0.0025551365658884606,0.3139724455541,-0.20882367645390332,-0.032845023917616345,0.5119171254336834,-0.6531386657152325,0.12737395614385605,0.2487711061257869,0.8857356309890747,0.0012736803055304335,0.1795806714799255,1.6496908306144178,0.004431324225606659,0.08206647558836266,0.12952463171677664,0.03087464111740701,0.5126347659388557,0.13706596168049145,0.013886468899727333,0.1367708032921655,0.29640193574596196,1.0629456187598407,35.235650308430195,,0.36889737902674824,17.993842162191868,6.705689096514478e-05,3.8476158175617456,38.855853855609894,9.928674497250434e-05,4.725848641246557,0.010101885585754644,-0.07232816237956285,0.19724056462291628,1.0,-0.06734663774841465,-33.59296848624945,-0.0002737625384270359,-0.4153855156619102
9,34406400,0.23963476833887398,0.8848032220266759,0.00042574332383082947,0.1979873103555292,1.6187157118692994,0.002453660274795766,0.0023606083013874013,0.2991694363299757,-0.21806462318636477,-0.05419592522957828,0.520042622461915,-0.5296807137783617,0.19208397436887026,0.23966888873837888,0.8942225845530629,0.00042574332383082947,0.198066035984084,1.6478772414848208,0.002453660274795766,0.08465371065540239,0.1488552485825494,0.030634372524218634,0.511670297360979,0.1287350159836933,0.01440770534100011,0.1275898774038069,0.30214968358632177,1.3892132034525275,81.2343707382679,,0.33997609885409474,18.356649577617645,4.652612639505227e-05,4.852392440661788,31.908410251140594,3.1241235008194757e-05,4.635995998978615,0.013616427073429804,-0.07260436285287142,0.21497511735651642,1.0,0.256790564279072,-28.51921959966421,0.0003903040535533364,-0.41130989079829305
9,34471936,0.25970473524648696,0.9003925938159227,0.000581254173994239,0.16143257438670844,1.6210892228409648,0.003344933315020171,0.00024026190439485617,0.1090974516409915,-0.23642849898897111,-0.04516312535270117,0.5227292329072952,-0.45819977461360395,0.17223132238723338,0.2597104588057846,0.9003925938159227,0.000581254173994239,0.16143078193999827,1.6210892228409648,0.003344933315020171,0.07191314295050688,0.11807845806470141,0.02730644891562406,0.46275570860598236,0.11629212170373648,0.012131930438044947,0.11551429363316856,0.23706000426318496,1.2515866137109697,65.59608918428421,,0.14182240242371336,13.688172787427902,3.879860603106522e-05,3.771366296336055,29.99637731909752,4.9899469051872813e-05,4.810233488678932,0.009126558859861689,-0.07260020403191447,0.17286211566533893,1.0,0.3578183220815845,-24.008371368050575,0.00023988780799300002,-0.3388640154735185
9,34537472,0.24059623759239912,0.9209271385334432,0.0013401625462847733,0.18008831178303808,1.748057207558304,0.005682602887645771,0.00043500429538312346,0.1844116378633771,-0.20395180443301797,-0.04852073345682584,0.5122653769794852,-0.4473314397037029,0.1909478179877624,0.24059623759239912,0.9209271385334432,0.0013401625462847733,0.18008831178303808,1.748057207558304,0.005682602887645771,0.07652201596647501,0.13397727510891855,0.030381731077795848,0.48018014046829194,0.13876859535230324,0.012655044658458792,0.13863175734877586,0.3383759844582528,0.9484369955025613,19.271975733339787,,0.197986533283256,12.808348562568426,4.777732458238759e-05,3.9152398575097322,29.35266613960266,0.00011942897276595588,4.657417416572571,0.00891579490780714,-0.07142659765668213,0.18302374565973878,1.0,0.08206907785643125,-17.036526910960674,0.0004403614939292311,-0.39199169911444187
9,34603008,0.21418661810457706,0.883652453776449,0.0020873986767355746,0.19529734016396105,1.547042902559042,0.0071687078570903395,0.0003996087868927134,0.17801073074224405,-0.21668947872240096,-0.08534206805052236,0.5119989402592182,-0.8591030577663332,0.14396162633784115,0.2141918233828619,0.883652453776449,0.0020873986767355746,0.19529611733742058,1.547042902559042,0.0071687078570903395,0.07722782844211906,0.15083951852284372,0.030907152220606804,0.48369151016231626,0.09375692758476362,0.013130752384313382,0.09318592786439694,0.24823367723729461,1.1149520478211343,53.85878521203995,,0.23205884895287454,14.052517123520374,6.343314184487081e-05,5.722290571779013,49.52743326127529,0.0002611019847780227,4.630055967718363,0.01528119076101575,-0.07158064981922507,0.21095666917972267,1.0,-0.0031507069361396134,-25.666267231106758,0.0011069576767113176,-0.3722159204771742
9,34668544,0.1799859119579196,0.8654180820286275,0.00865587510439885,0.11944879226696989,1.2581168487171333,0.004113639791491247,-2.674546549466565e-05,0.20674591229200207,-0.20292478297662456,-0.07104831318497115,0.4749178460943707,-0.5431925739661285,0.14508407707015675,0.2537001030286774,0.8894972391426563,0.002528689753034996,0.1881047923816368,1.509423088748008,0.006920632229594048,0.0787752506439574,0.14244714262895286,0.029141243765479885,0.3151372639338176,0.13689302127750125,0.013338642689632252,0.13671773178793956,0.31324542238144204,1.1216581286862493,27.870893245016536,,0.29220927762798965,14.44859454780817,8.264987417261338e-05,5.114606384187937,48.25326770544052,0.00019013612797103008,4.740758020430803,0.014745058993867133,-0.07008207915350795,0.19684919936116785,1.0,-0.7205503048848672,-29.26261999127921,0.0030039678523462498,-0.30643622325733305
9,34734080,0.3017150633968413,0.8756948290392756,0.0014647100180127381,0.19294372643344104,1.5511356806382537,0.00513003999412831,0.0009762228540353135,0.2576270914869383,-0.2362579214386642,-0.046547018631827086,0.5089113847352564,-0.490359099349007,0.16701145190745592,0.1917350280199604,0.8708334159420197,0.00796275075872308,0.12655255630758244,1.29186527695821,0.004211606076082772,0.06391041487713445,0.0850932962984879,0.024059525935024202,0.3990719861698797,0.1431525778235778,0.010785554300051138,0.14231609531498726,0.40106694868496473,1.1774580513228134,42.81056982662574,,0.3157775052388322,13.414322888049442,4.3021614826958266e-05,4.886104148012412,31.77460660611515,0.00011641234303485835,4.677745840994708,0.014024565463907755,-0.06875902279672852,0.1940850893215063,1.0,-0.16467899797135033,-18.479291662573814,0.002120134564847831,-0.37661575758829713
9,34799616,0.2212146936217323,0.9084896524436772,0.0004205443569844647,0.20058796019293368,1.572283327113837,0.00317886160883063,-0.0005623030671131346,0.20596305513754487,-0.18069687549723312,-0.059868837270187214,0.51950563210994,-0.4902149923145771,0.20387228904291987,0.2212146936217323,0.9084896524436772,0.0004205443569844647,0.20058796019293368,1.572283327113837,0.00317886160883063,0.0813715853728354,0.1544030358782038,0.029257946080178954,0.4785823845304549,0.108019674255047,0.013470178106217645,0.10762568045174703,0.2793126019532792,1.0917811673134565,35.15357256680727,,0.28046180645469576,12.626409895718098,3.7821779198810024e-05,5.1032540164887905,30.3855512291193,7.888480564943734e-05,4.599374022334814,0.01625746101490222,-0.07260010857135057,0.1971399289323017,1.0,-0.004389852605527267,-17.27155540138483,0.0008008629833966552,-0.41488090867642313
9,34865152,0.24842366576194763,0.9029802759177983,0.00072692089395332,0.1989320742432028,1.7517265384085476,0.004030769753853747,-0.002313020367637364,0.20527271181344986,-0.23256670380942523,-0.0653434336418286,0.5155498292297125,-0.7488356004469097,0.17195005575194955,0.2484571806853637,0.9124234193004668,0.00072692089395332,0.1990060448879376,1.77928675012663,0.004030769753853747,0.08112698962213472,0.15186830359743908,0.03105932430480607,0.5007015314185992,0.1516646994277835,0.013542438100557774,0.15084631700301543,0.3674971398431808,1.1491550062783062,57.97742846608162,,0.3171172175789252,15.03393730521202,4.795971688453804e-05,5.021394593641162,43.503553941845894,0.00011519301177376207,4.678394868969917,0.013748098139330978,-0.07260870165191591,0.2059620413929224,1.0,0.19308860690216534,-17.61952493339777,0.0013392199930422066,-0.3892367879161611
9,34930688,0.242389842052944,0.9222610397264361,0.0006484906292030246,0.19038569647818804,1.8280224669724703,0.0033461259790783515,-0.0014312286944004882,0.1737018891144544,-0.2352578170830384,-0.0767354485578835,0.5139880320057273,-0.8742803572677076,0.24619024898856878,0.2423923077294603,0.9222610397264361,0.0006484906292030246,0.19038430182263255,1.8280224669724703,0.0033461259790783515,0.0751919134054333,0.14743755536619574,0.0290437333896989,0.46437827148474753,0.13179331939318217,0.0125265517126536,0.1309848863456864,0.3146086718188599,1.2469642469659448,62.39466808736324,,0.2264997506281361,14.19579790532589,3.97577667422544e-05,5.3018735740333796,50.092575162649155,8.166101058137976e-05,4.611662048846483,0.013295218821440358,-0.07260546809993684,0.18808576127048582,1.0,0.11117217689752579,-60.246731862425804,0.0009143115532879165,-0.38336574868299067
9,34996224,0.23658752033952624,0.858006932772696,0.0008918874139567379,0.18118824413977563,1.690586022567004,0.0021927098181322435,-0.0012323130740696797,0.14817068065167405,-0.1864770103711635,-0.07919327501440421,0.506678125122562,-0.7616618084721267,0.1761579605517909,0.23658752033952624,0.858006932772696,0.0008918874139567379,0.18118824413977563,1.690586022567004,0.0021927098181322435,0.07327527547022328,0.13837449689162895,0.029145458509447053,0.471294786548242,0.11998229776509106,0.012398235798173118,0.11985820974223316,0.28801220026798546,1.160213544499129,27.63041079044342,,0.19629311235621572,11.745128080248833,4.6494155707454965e-05,5.26546723023057,43.66530855000019,6.438026689847831e-05,4.755708429962397,0.01227047601423692,-0.07261139806360006,0.1886514152865857,1.0,0.2659550403477624,-25.369833633303642,0.0009683537614364468,-0.3776868110289797
9,35061760,0.23499753326177597,0.89652348915115,0.0008800168286597909,0.18767551030032337,1.6829357631504536,0.0022680608720975215,-0.0006082903527158123,0.1609864310885314,-0.2035726640606299,-0.052427307586185634,0.5089986699167639,-0.49623006768524647,0.13593494426459074,0.2350038137519732,0.89652348915115,0.0008800168286597909,0.1876742182066664,1.6829357631504536,0.0022680608720975215,0.08015620830701664,0.14010183472419158,0.030559965613065287,0.4449635916389525,0.12741202185861766,0.013460646565363277,0.1267331622657366,0.3073609771672636,1.2300203200429678,56.73569270968437,,0.2815186941297725,12.514652576297522,5.9494561521100664e-05,4.1978803258389235,29.778677508234978,8.781516614098095e-05,4.725763872265816,0.010164159084524726,-0.07259974116459489,0.17991318425629288,1.0,0.4898295362945646,-19.859887540340424,-0.00010746779071268975,-0.38159264635760337
9,35127296,0.22055794997140765,0.9039172711782157,0.0003839856200897884,0.18646121339406818,1.5665529337711632,0.00102578131759401,0.000758248731472122,0.26059038285166025,-0.26657687476836145,-0.048402525804704055,0.5134243050124496,-0.605001971591264,0.22282297327183187,0.2205696296878159,0.9039172711782157,0.0003839856200897884,0.18645794643089175,1.5665529337711632,0.00102578131759401,0.08180962095502764,0.13707433687523007,0.03151945701392833,0.5047239225823432,0.11155898286961019,0.014059125729545485,0.11028864403488114,0.2778216489823535,1.5822205254808068,84.82012447714806,,0.438467844389379,17.832899495959282,4.0711899762513326e-05,4.427333915606141,34.752073273062706,4.2660488197010515e-05,4.551090467721224,0.012079359781637322,-0.0726181932259351,0.19720622489694506,1.0,0.662881781347096,-21.78664030134678,0.00018586227821515422,-0.41240615490823984
9,35192832,0.15888129396053652,0.8246533333510161,0.01085662828543415,0.12546296890825032,1.4652617911746104,0.005240784002186653,-0.00019582909955488505,0.09549594872296438,-0.15563252840637384,-0.06939293485621267,0.47585977277029695,-1.0701021100804307,0.12018405124545098,0.2683805684791878,0.9142282214015722,0.000981160392370839,0.1974783370969817,1.6296988753601909,0.0038411369216646563,0.09348544996464625,0.14138118689879775,0.031993101016269065,0.3484044270093242,0.17374306789133698,0.015957882591465022,0.17135126260109246,0.37648997141513973,1.7441210076212883,22.454467504173518,,0.53349365061149,19.40895936638117,5.1590348586705304e-05,3.8698842599987984,35.378972709178925,0.00010469843986971039,4.644969407469034,0.013255675621621776,-0.07251750491559505,0.18866451014764607,1.0,0.06154554176687573,-17.4761937272083,4.001708985015285e-05,-0.36804967081795137
9,35258368,0.27817968104500324,0.8515307819470763,0.0024558390382480866,0.18045909091597423,1.6610099752433598,0.007601943561439839,8.623512570693492e-06,0.17457538688904606,-0.15493217374751111,-0.0530366111343028,0.501865888480097,-0.8854138408787549,0.1983991137240082,0.17038255906944355,0.827243930806058,0.010046913659199349,0.13076379986659412,1.4841290860246104,0.005468365646452021,0.062498783019472315,0.08739033103527794,0.030316742085178483,0.44442480151732283,0.14018896996153726,0.010104385351534956,0.13993447491459418,0.46934366214975537,0.7850451485467065,24.251215597850283,,0.11183778842467905,9.97876521645125,5.730608748960586e-05,4.803108539494703,60.534164286025025,0.00011737537602819173,4.668292345052742,0.007185615117364305,-0.06679691618914346,0.2210315318879144,1.0,0.09083433187333867,-11.679042290896177,-0.00028159428484286764,-0.40248830732889473
9,35323904,0.24159847223199904,0.8889057859778404,0.0027252301983935467,0.16787478455808014,1.7106189145706594,0.006668039789929026,1.784344436828178e-05,0.15825306699844077,-0.15545271948212758,-0.010569146277703112,0.5163444594945759,-0.44230774510651827,0.17121337773278356,0.24159847223199904,0.8889057859778404,0.0027252301983935467,0.16787478455808014,1.7106189145706594,0.006668039789929026,0.07504031900316477,0.12190746422857046,0.02972528246755246,0.5321956892730668,0.08218839700566605,0.013126016849128064,0.08206896821502596,0.18349735176889226,0.9793435726314783,22.562434554100037,,0.22442325914744288,10.04106117412448,7.703512420009773e-05,3.654494782909751,29.60235568881035,0.00014863955348709545,4.667621627449989,0.010609956683765631,-0.06938794907182455,0.1783327260054648,1.0,-0.04078942192427348,-20.711056485772133,-1.7659046989138005e-06,-0.4398772029671818
9,35389440,0.2461679456755519,0.8738993774168193,0.0012963025380940962,0.18534250848460943,1.600517480634153,0.005599237820206326,-0.0026205787044091267,0.1772226774774026,-0.2571097791660577,-0.011403261587929592,0.51950514735654,-0.4232711673248559,0.13226771191693842,0.2461679456755519,0.8738993774168193,0.0012963025380940962,0.18534250848460943,1.600517480634153,0.005599237820206326,0.08415024465648457,0.13423111254815012,0.03156813245732337,0.5428343920502812,0.1442472983035259,0.014448923873715103,0.14392705012869556,0.31934764166362584,1.0244352375157177,32.60281617194414,,0.33990183798596263,15.038142330944538,8.045694274017023e-05,3.57911061309278,29.765452697873116,7.66749334550898e-05,4.737835291773081,0.011704179221851518,-0.0713898481335491,0.1759187113493681,1.0,-0.0581881865800824,-19.223873764276505,0.00011522944885200559,-0.4473084358032793
9,35454976,0.2596859165932983,0.8847054950892925,0.002361158093094673,0.19046782713849097,1.5584100605919957,0.006507531925308285,-0.00394558318930649,0.1997871578205377,-0.24673080642241985,-0.0325149318377953,0.565081462264061,-0.5940974107943475,0.21983141655800864,0.2596859165932983,0.8847054950892925,0.002361158093094673,0.19046782713849097,1.5584100605919957,0.006507531925308285,0.08752133307280019,0.13827302842400968,0.030386081605684012,0.5166363627649844,0.12993220385396853,0.015090294320543762,0.1296614368329756,0.2873023330466822,1.292195938527584,22.599561639130116,,0.4797624587081373,15.118911232799292,6.931510371899208e-05,3.6816663406789303,35.8675397336483,0.00014132231023822328,4.656861234456301,0.013308969457284547,-0.07026713015511632,0.18486645712982863,1.0,-0.09171658699051477,-19.4310507401824,-0.0006000662699534587,-0.4231241826200858
9,35520512,0.2424830977106467,0.882286548614502,0.001215949101606384,0.195622211904265,1.7187053374946117,0.006583815097656043,-0.0023805496698514617,0.24377410963643342,-0.3537120851688087,-0.03934980552003253,0.5234222218859941,-0.6473395901266485,0.20886372518725693,0.24248970847111195,0.882286548614502,0.001215949101606384,0.19562076521106064,1.7187053374946117,0.006583815097656043,0.08660660858731717,0.14306581014534459,0.03282933504669927,0.6038238164037466,0.13709442064282484,0.014710941024532076,0.1362975308438763,0.320810052100569,1.6493266131728888,62.65003287792206,,0.500940375495702,20.630747094750404,7.381245970783379e-05,3.6889466177672148,37.16621235013008,0.0001707758291569876,4.742646172642708,0.011165623338456498,-0.0726199820637703,0.1838114622514695,1.0,-0.34789757322869264,-61.21847161650658,0.0001857155934885668,-0.48606914444826543
9,35586048,0.2586591684957966,0.9556533149443567,0.0008184135831470485,0.1963325151009485,1.8477324838750064,0.004403583698149305,-0.0014089501037233276,0.22885176504496485,-0.30962716683279723,-0.059187817154452205,0.5126950656995177,-0.7309506577439606,0.2306846419814974,0.2587016928009689,0.9704446834512055,0.0008184135831470485,0.19640787632670254,1.8781980755738914,0.004403583698149305,0.08188200130825862,0.1481522266403772,0.03137832571519539,0.48721634375397116,0.1482106929179281,0.014135612822428811,0.14706653880421072,0.3352146209217608,1.4829606553539634,73.59781748056412,,0.3735223892144859,19.165156684815884,4.6068677736599284e-05,4.394277444109321,42.02070079743862,0.0001497768785281295,4.617763377726078,0.011919379452592693,-0.072620541555807,0.2273331293836236,1.0,-0.11071700212778524,-72.09896039962769,-0.00013369255839279504,-0.4015983457211405
9,35651584,0.2022799818078056,0.8588991495780647,0.0005032315260109499,0.1873738638823852,1.7545419563539326,0.002717593392503659,-0.0012313133590851066,0.2254560929723084,-0.23808078560978174,-0.07907438807887957,0.5161803043447435,-1.011649465188384,0.15297450474463403,0.2022799818078056,0.8588991495780647,0.0005032315260109499,0.1873738638823852,1.7545419563539326,0.002717593392503659,0.07437571155605838,0.14157788566080853,0.03349160501966253,0.5325151126598939,0.09346548400935717,0.01284930497786263,0.09331476563238539,0.2729075396200642,1.5805056458339095,31.123068004846573,,0.3399098226800561,14.916802078485489,4.907652966346099e-05,5.287609081715345,57.96324551105499,8.190095952720355e-05,4.608356602489948,0.011579063298995607,-0.07260005222633481,0.21093620941974223,1.0,0.25352041464066133,-30.605466544628143,0.0004037497249100852,-0.43129934614989907
9,35717120,0.1705349692919602,0.8342384457836549,0.008583421666802073,0.13146233293538293,1.3300771992653608,0.005698868028654639,0.0016959602581414401,0.13373886769797538,-0.1698916858070879,-0.07827691250259855,0.4692901792203581,-0.8250807508895135,0.12295667777458827,0.24723485100548714,0.8915740018710494,0.0007945835583029748,0.19236480921972543,1.6337215499952435,0.0037699535928368277,0.07806137367151678,0.14624688506592065,0.03168743803689722,0.3370692798743645,0.1386518050567247,0.013564336339186411,0.13843129205633886,0.3216852246550843,1.332619748543948,19.590545226869484,,0.26678960758727044,13.58008711785078,4.8246667520013276e-05,4.7578339073807,44.15830257534981,7.319220870805054e-05,4.7192623019218445,0.012980628933291882,-0.0725233640987426,0.20023727021180093,1.0,-0.09861404346612593,-17.380947532913414,0.0004266263284807792,-0.33653610167404013
9,35782656,0.2884589306777343,0.8467712365090847,0.0020580519144459686,0.19134929543361068,1.540554175619036,0.006856890255221515,0.0012527529554517969,0.18645613227272406,-0.16996232024757774,-0.06280458357650787,0.5113516538403928,-0.7576977107673883,0.13868669443763793,0.18190195151402738,0.835446425612612,0.007954470365370158,0.13723449815760355,1.350364136745233,0.005810484628805663,0.06292249160224056,0.09590296552752156,0.027609108053063637,0.424848479218781,0.13882067636279907,0.010387422270436087,0.13862479182462706,0.42859630687274486,1.131240124466369,23.02587898666914,,0.21509138686675017,11.003265891936664,6.112097705060459e-05,5.241089216572322,47.16354433384006,0.00016295114741657178,4.688440356987068,0.010745942186350662,-0.06638320452387793,0.19834106930542783,1.0,-0.06250338451354764,-22.52367477118969,0.0010322911781486255,-0.3756330896867439
9,35848192,0.2131348184775561,0.8930811993777752,0.0007099477722931624,0.19032815657556057,1.690165985841304,0.003603203361421947,0.0010713772041981429,0.2549014624673873,-0.18164837011136115,-0.07816769811324775,0.5083197790663689,-0.729569785296917,0.18525172886438668,0.2131348184775561,0.8930811993777752,0.0007099477722931624,0.19032815657556057,1.690165985841304,0.003603203361421947,0.07477958628442138,0.1459258224349469,0.03178587180445902,0.5134420683607459,0.09851696988334879,0.012834550710977055,0.09837183271883987,0.2751429189229384,1.008082459680736,19.300189644098282,,0.2077576353913173,15.329710893332958,4.8845978330436246e-05,5.256406255066395,41.80127000808716,9.012116005946424e-05,4.60631125792861,0.012442098231986165,-0.07260380801744759,0.19308569189161062,1.0,-0.07484359374211635,-19.206761866807938,0.001322357591106993,-0.40659344161394984
9,35913728,0.24840264883823693,0.8603140492923558,0.0005984488284411782,0.18176455004140735,1.7009851788170636,0.0034870619015237025,0.00029628809144810475,0.17334896998363547,-0.1648469895735616,-0.05547606342588551,0.5083806372713298,-0.6372301075607538,0.0748247528099455,0.24840914783999324,0.8603140492923558,0.0005984488284411782,0.18176229030359536,1.7009851788170636,0.0034870619015237025,0.07479237200459465,0.13759949197992682,0.02981602969521191,0.4552015117369592,0.1275018836458912,0.012716468663711566,0.12698304852528963,0.2873438593815081,1.06310122506693,47.324912548065186,,0.15570261856191792,11.415564175695181,3.5559667354412294e-05,4.04884253628552,36.56975345313549,7.784651911446616e-05,4.773096781224012,0.009850474329141434,-0.07264743652194738,0.1813838027883321,1.0,-0.08798479780671187,-19.11841120570898,0.0012954010562680196,-0.36987614177633077
9,35979264,0.25041163933929056,0.8674558913335204,0.0005722577017195363,0.16472588339820504,1.6390601112507284,0.0035777380762738176,0.0001826777795201906,0.17519084548257524,-0.18882843690516893,-0.03396098638768308,0.5183090171776712,-0.6208467681426555,0.2003193947020918,0.25041163933929056,0.8674558913335204,0.0005722577017195363,0.16472588339820504,1.6390601112507284,0.0035777380762738176,0.07189737455337308,0.12114042264875025,0.028405982273397967,0.45919594320002943,0.11777058657025918,0.01200264343060553,0.11761241551721469,0.2652970506460406,0.9431179300881922,18.56126993894577,,0.13092993877944537,12.928671097382903,3.981309643430464e-05,3.0174347180873156,36.146887078881264,5.413480291216466e-05,4.6940572783350945,0.006714105147693772,-0.07259987201541662,0.1798007618635893,1.0,-0.2582677269820124,-17.23038648813963,0.0003666955701646657,-0.3992516421712935
9,36044800,0.24385713879019022,0.8956230939365923,0.0007427182417814038,0.17031193303409964,1.5571541204117239,0.00433592379295078,-0.00010296181520175196,0.23190606449497864,-0.26246017377707176,-0.026373967660219932,0.5192463360726833,-0.4888502035755664,0.17621152359060943,0.24385713879019022,0.8956230939365923,0.0007427182417814038,0.17031193303409964,1.5571541204117239,0.00433592379295078,0.07881888441625051,0.12177580612478778,0.03009873055270873,0.5220114211551845,0.13806433463469148,0.013491151097696275,0.13797097618225962,0.30062700086273253,0.9467869694344699,16.86571004986763,,0.2347943324712105,16.395799359306693,4.17439469515557e-05,2.958044394850731,31.07624126970768,8.380616403025343e-05,4.776769571006298,0.007761385506455554,-0.07259991858154535,0.17586983588989824,1.0,-0.33784398972056806,-15.458846792578697,0.0014407732496692915,-0.40910594316665083
9,36110336,0.23906683572568,0.8984163990244269,0.00042101179157327806,0.21001858985982835,1.7092956262640655,0.0020423135609917153,-0.00042952293961207033,0.3165796746034175,-0.2910121788154356,-0.05765457031520782,0.5064340131357312,-0.6238709008321166,0.19673034572042525,0.23906683572568,0.8984163990244269,0.00042101179157327806,0.21001858985982835,1.7092956262640655,0.0020423135609917153,0.0870022913441062,0.15976371488068253,0.03236339169961866,0.543893713853322,0.1462035253061913,0.014622557166148908,0.14593394548865035,0.36590588686522096,1.2881530039012432,30.61168736219406,,0.3975692866370082,19.061366327106953,4.988232947411575e-05,4.596913006156683,35.77275334298611,6.557313641208928e-05,4.659550320357084,0.014375968923559412,-0.07262050616554916,0.19085092621389776,1.0,-0.6975685441866517,-30.463624849915504,0.0015146293383168086,-0.4125753300031647
9,36175872,0.20967989519704133,0.8916126042604446,0.00020841167922469594,0.19023857335560024,1.703371761366725,0.0009733992063729602,0.0004955379796456327,0.32794865022879094,-0.3478116283658892,-0.07446130533935502,0.5217191118281335,-0.721588350366801,0.21612950810231268,0.20968239451758564,0.8916126042604446,0.00020841167922469594,0.19023688114248216,1.703371761366725,0.0009733992063729602,0.07879336818587035,0.14353815338108689,0.032039776851888746,0.5107665112009272,0.0948641583090648,0.013381454402406234,0.09400473316782154,0.2515714974142611,1.672467790544033,74.55009916424751,,0.4468851643614471,21.089708536863327,3.1681862632249036e-05,5.313930902630091,41.37877231836319,3.899666233131427e-05,4.546202167868614,0.013459661764500197,-0.07260871445760131,0.18213051569182426,1.0,-0.8180268986616284,-73.63973784446716,0.0007811462214704079,-0.4060116517357528
9,36241408,0.16667285659350456,0.8453659916420777,0.008168595423558144,0.12461273015476763,1.2744603609790404,0.003267433448630375,-0.0002430082412236819,0.18108606426986323,-0.20923770550036958,-0.06534985918717817,0.45687936226181286,-0.9470442995880148,0.12775655195116997,0.26017688028514385,0.8803596771322191,0.0010514722072230143,0.16937045252416283,1.5991791412234306,0.004758861386562785,0.07633468706626445,0.12310912896646187,0.029261185642099008,0.3594131778677304,0.14417524635791779,0.012912280784803443,0.1435657044639811,0.31028393385349773,1.2184019442647696,19.625183172499142,,0.28158005594741553,18.896081298589706,5.853587202153676e-05,3.9394012428820133,41.77855370938778,0.0001247735892535573,4.76316475123167,0.009349366911919788,-0.07259977189823985,0.20449770474806428,1.0,-1.025394044535157,-53.13036166903092,0.003930756992237244,-0.37520699196184676
9,36306944,0.29058462264947593,0.8725931770168245,0.0005751705408556518,0.19040588731877506,1.4892844436690211,0.0021456871909322217,-3.3732723068169435e-05,0.2258137494791299,-0.23993078514467925,-0.06635792211454827,0.4987061177380383,-0.762517592869699,0.18477250658906996,0.17863075018030064,0.8479902986661497,0.00743669904932176,0.13095423535174544,1.2951662966600024,0.003159313327406457,0.06766187831905322,0.08478179555779031,0.028453282530823475,0.4589505758114069,0.1409672289113346,0.011491340627130794,0.13978040628962735,0.4407411682901971,1.455475655120674,53.77977218151272,,0.2554360573405838,13.8860925983228,5.036248699460654e-05,4.503887990186642,53.380849810109574,0.00022668179651697017,4.694579409547599,0.009323339388645829,-0.06904479879212666,0.20992492797997703,1.0,-0.33508366090245545,-35.917528346180916,0.0009975620361046822,-0.3969718491425738
9,36372480,0.18234351905994117,0.8797865537926555,0.0003370089474969973,0.20368357212282717,1.8169711418449879,0.0018344364272593339,-0.0008799653440973998,0.2715403145411983,-0.24754524312447757,-0.11022910580504686,0.5030079553835094,-0.8781880917958915,0.14855526061728597,0.18235380772966892,0.8797865537926555,0.0003370089474969973,0.20368042995687574,1.8169711418449879,0.0018344364272593339,0.07608826557407156,0.1591074940515682,0.03319743450265378,0.47323389421217144,0.09727198994369246,0.012817714057746343,0.0953046161448583,0.31004072714131325,1.7449352946132421,115.57248312234879,,0.4099607227835804,17.02152419835329,3.852922264790948e-05,7.141365867108107,50.31647202372551,2.3919805794081483e-05,4.5572397373616695,0.015225160248519387,-0.0726066930219531,0.20609622378833592,1.0,0.08658464057953097,-63.545222982764244,0.0021979997122798522,-0.3759845260065049
9,36438016,0.24045491847209632,0.8810144895687699,0.00042115960332012037,0.17887455527670681,1.7446049680002034,0.002912381348664894,-0.0004104629531411774,0.23538829328026623,-0.22703471418935806,-0.07178618881152943,0.5170793572906405,-0.7438560049049556,0.10525136186333839,0.24050304084084928,0.8943392122164369,0.00042115960332012037,0.17894010443706065,1.7649302198551595,0.002912381348664894,0.07926414694520645,0.13027886545751244,0.03196692987694405,0.5065216432558373,0.13274769079725957,0.013596758144558407,0.1317676202452276,0.30479781310714316,1.2998136230744421,49.104235142469406,,0.3129724928876385,15.311569549143314,4.113799177041244e-05,5.364256959408522,42.81796245276928,3.67649197379194e-05,4.7016652673482895,0.012560746905364795,-0.07261042762547731,0.2290814343141392,1.0,0.1540458020172082,-26.957727558910847,0.0002559878339525312,-0.430641166632995
9,36503552,0.22858817328233272,0.8614266701042652,0.000955358657506622,0.19386253447737545,1.5971115487627685,0.005220362658519662,0.00013877590720312583,0.232227094064001,-0.21040189382620156,-0.06040991534246132,0.511114600347355,-0.7036631405353546,0.17264834861271083,0.2285940464353189,0.8614266701042652,0.000955358657506622,0.19386226299684495,1.5971115487627685,0.005220362658519662,0.08154110430041328,0.14605849474901333,0.030891007336322218,0.49629634560551494,0.12182552032754757,0.013474710031005088,0.12104272490250878,0.2954157890053466,1.1986013688147068,69.37672314047813,,0.343523814692162,14.777676772326231,6.898595495785642e-05,4.801895517855883,40.31979621946812,0.00015572148308085065,4.644224800169468,0.012671727628912777,-0.07260739267803729,0.1953598263207823,1.0,0.24085785989882424,-16.593520522117615,0.001030192686130249,-0.38838259200565517
9,36569088,0.24306618818081915,0.881564365234226,0.001518417144666273,0.1759796243859455,1.6604133825749159,0.005638949794047221,-2.4380882848618057e-05,0.16278275597142056,-0.248013595235534,-0.049580852981307544,0.5140697748865932,-0.7364643958862871,0.18409891170449555,0.24306923290714622,0.881564365234226,0.001518417144666273,0.17597844928968698,1.6604133825749159,0.005638949794047221,0.07736750022741035,0.12896776053821668,0.03042019670829177,0.5067719266517088,0.12580976038589142,0.013041151585639454,0.12519235294894315,0.28190546680707484,1.1854153689928353,55.191783145070076,,0.25840508949477226,14.287956789135933,6.844616818124649e-05,3.9484658148139715,43.294971123337746,0.0001386819728876887,4.775916989892721,0.009284212359489175,-0.07112061628140509,0.18701214622706175,1.0,0.18921455235977191,-23.12839126586914,-0.00017020477230289544,-0.4026892699766904
9,36634624,0.24778933299239725,0.8884292934089899,0.002504169096937403,0.18041148805059493,1.7166770501062274,0.00719275419760379,0.0005730444924552103,0.22065415419638157,-0.21074363042134792,-0.03612539007735904,0.5179186235181987,-0.5675397086888552,0.162917067296803,0.24778933299239725,0.8884292934089899,0.002504169096937403,0.18041148805059493,1.7166770501062274,0.00719275419760379,0.07858633215073496,0.13267836207523942,0.030618851524195634,0.4798402303131297,0.1335452612838708,0.012972525881195907,0.13343325478490442,0.31002483784686774,1.097561123315245,29.724907368421555,,0.287036134977825,14.284791503101587,7.99729492663992e-05,3.377022258937359,34.293313056230545,0.000166949836347019,4.677510630339384,0.008233159307565074,-0.06979662808589637,0.19539613323286176,1.0,0.40768070821650326,-23.89827076345682,0.0001421890231085854,-0.39623068063519895
9,36700160,0.21777185064274818,0.8712079003453255,0.001618256742972335,0.15824349713511765,1.7128775236196816,0.005882168892640038,5.819464590217649e-05,0.14794935073587112,-0.1485918319085613,-0.025866455063805915,0.511756046442315,-0.5557387000881135,0.18876024126075208,0.21777185064274818,0.8712079003453255,0.001618256742972335,0.15824349713511765,1.7128775236196816,0.005882168892640038,0.07127710239728913,0.11312868149252608,0.030410979816224426,0.5137919895350933,0.08469003293430433,0.011941507968003862,0.08453520023613237,0.19847180804936215,1.1052820542827249,30.031301096081734,,0.15786699019372463,9.969879869371653,6.0980177548408676e-05,2.5849327109754086,34.24913661181927,0.00011253653415055354,4.658458523452282,0.005222881769441301,-0.0716822484973818,0.19280952960252762,1.0,0.3363285850500688,-24.79301480948925,-0.00011447451106505468,-0.392684017540887
9,36765696,0.15838316767166058,0.8178136856108904,0.008097965076043087,0.12070252581809958,1.4184393675376972,0.005344605701878512,-0.00044425925446072746,0.11715578157867032,-0.19991095541782367,-0.04769122445328473,0.4647215722978074,-0.8313557141342123,0.10490739062428474,0.2628884414443746,0.8950105751864612,0.002092460859955736,0.18337190337479115,1.5843841284513474,0.005271709801036195,0.08326269019744359,0.13402250985382125,0.029774930109851994,0.3497556709249814,0.13950963865499943,0.0143691739285714,0.1393834086775314,0.28549231198849156,1.0754466480575502,33.068562876445554,,0.2564398249378428,11.628037191927433,7.002369225972416e-05,2.6514836940914392,29.941969767212868,0.00013442935811291967,4.77974871173501,0.009018576829475933,-0.06742933113127947,0.19060349161736667,1.0,-0.5808624298109983,-18.869329775893906,0.0015023086523190917,-0.3556584192812443
9,36831232,0.28299595322459936,0.8341247192583978,0.001584334212111571,0.18059521494433284,1.5897908471524715,0.005937573674600571,-0.0008332743257142283,0.18197173939552158,-0.2336516875802772,-0.03583042979153106,0.4927287201862782,-0.7484440368134528,0.13263331865891814,0.17039830786602414,0.8193858334323368,0.007470145233736434,0.12647525745118599,1.4349551728017718,0.005401759241417987,0.06226408727051892,0.08325359828108136,0.029099299958822912,0.43732432245714475,0.13743055059051376,0.010319647913958585,0.13701391528803766,0.4488564527212047,1.1604378561949336,37.51286837355379,,0.1508417570365997,12.274092063619138,5.634763323443955e-05,3.491992551819365,47.689142452429486,0.0001688713308280017,4.697759293468602,0.003703764664471719,-0.06561010869511638,0.19332007367545403,1.0,-0.4953289176337421,-27.22372132539749,0.0014524148962209438,-0.37693103996571153
9,36896768,0.2277178434887901,0.8761254423297942,0.0006158698326999001,0.17852323758415878,1.7370129339396954,0.0035310863327140396,-0.0003195582812622888,0.17628204001812264,-0.1486033332766965,-0.04317542081116699,0.5100098415277898,-0.5584706019144505,0.15113944874610752,0.22772446216549724,0.8761254423297942,0.0006158698326999001,0.17852279962971807,1.7370129339396954,0.0035310863327140396,0.07496665616054088,0.13381983118597418,0.02976093209872488,0.5166590637527406,0.08885860742884688,0.012549861210572999,0.08808331890031695,0.2160231087473221,1.2844371050596237,66.74800306558609,,0.17724789411295205,11.139756202697754,5.584555817694792e-05,3.437558129429817,33.07060255110264,3.378711118573463e-05,4.673373959958553,0.0076077207195339724,-0.0726019695866853,0.19966914877295494,1.0,-0.6738966535776854,-65.62172468006611,0.0006961500902207263,-0.41025539219845086
9,36962304,0.2407208395889029,0.8680377299897373,0.0004388389015730354,0.18544781603850424,1.7273706565611064,0.0024847968129506626,-0.0014482004830824735,0.19342192087788135,-0.2270391273777932,-0.04003641023882665,0.5209417855367064,-0.4625090796034783,0.09826899063773453,0.24075397732667625,0.8806207473389804,0.0004388389015730354,0.1855255727423355,1.7581503209657967,0.0024847968129506626,0.07905261142877862,0.13890703400829807,0.03001874814799521,0.4906935546314344,0.1304541624558624,0.013320979283889756,0.13000804887269624,0.30274062510579824,1.2385517708025873,45.53358820080757,,0.29037504154257476,15.443408951163292,4.75064836789052e-05,3.363277666270733,31.069410055875778,2.4074268958219208e-05,4.744179751724005,0.007834008894860744,-0.07261416618712246,0.2187135813292116,1.0,-0.21400049538351595,-39.15511333942413,0.0004258936619407905,-0.4230695910518989
9,37027840,0.23404601227957755,0.8930319868959486,0.0006082495043528979,0.1799398164730519,1.7312661777250469,0.003718311525062745,0.000221863032948022,0.3257093895226717,-0.20929908123798668,-0.04205882950918749,0.5087573656346649,-0.6582047978881747,0.1923581340815872,0.23405306262429804,0.8930319868959486,0.0006082495043528979,0.17993965791538358,1.7312661777250469,0.003718311525062745,0.07888308865949512,0.1307009495794773,0.03220801726274658,0.537716053891927,0.13729754515225068,0.013265206485812087,0.13644998898962513,0.33046593342442065,1.3094842312857509,83.53355427086353,,0.3501968957716599,18.661773577332497,2.8263244634910145e-05,3.372986016795039,39.021357506513596,5.8312567341234356e-05,4.615564256906509,0.006680698508716887,-0.07260014908388257,0.19748040940612555,1.0,0.4350442737923004,-14.980228260159492,0.0003224776896786352,-0.45702093571890146
9,37093376,0.24145047226920724,0.8759883041493595,0.0014763123240300047,0.17863194306846708,1.517999092116952,0.006075119286833797,0.001336987638978826,0.30507072852924466,-0.24139531911350787,-0.04079858552722726,0.5058364677242935,-0.7645225054584444,0.18537084688432515,0.24145047226920724,0.8759883041493595,0.0014763123240300047,0.17863194306846708,1.517999092116952,0.006075119286833797,0.0848058647243306,0.1254951010341756,0.031490806315559894,0.5095000230940059,0.13594751511118375,0.014577849578927271,0.13550365643459372,0.2937485736911185,1.257275739684701,53.775178387761116,,0.45261010830290616,18.802895195782185,5.1760469407469145e-05,3.331092329695821,44.626386523246765,0.00011597484933911772,4.726853504776955,0.007848067609302234,-0.0703738674055785,0.20257914322428405,1.0,0.20692746754502878,-32.33152216672897,0.0005689522595275776,-0.39688295032829046
9,37158912,0.2414187757531181,0.9227789822034538,0.0008801413496826171,0.1911356768105179,1.6698961546644568,0.0035420501740190957,0.003280603089251599,0.31906610121950507,-0.24070095212664455,-0.03844458815001417,0.5012151238042861,-0.5508685633540154,0.21465461747720838,0.2414254390168935,0.9227789822034538,0.0008801413496826171,0.19113416969776154,1.6698961546644568,0.0035420501740190957,0.08737099851714447,0.13749242015182972,0.032164037285838276,0.5296287236269563,0.13990403123898432,0.014945224902476184,0.13925249298335984,0.32737467158585787,1.3902837061323225,65.01069132238626,,0.49612107779830694,19.607918709516525,5.819651834482187e-05,3.5471010245382786,34.826394736766815,6.320396207315504e-05,4.656120371073484,0.009250427159713581,-0.07205950631760061,0.1887606967939064,1.0,0.16498706534184748,-44.6570485830307,0.0003851570797905879,-0.44281792757101357
9,37224448,0.21308460959699005,0.9053369276225567,0.0007483997896997607,0.17699246970005333,1.7842473438940942,0.003019565228441934,0.00034184416847438115,0.3320819353684783,-0.18231334339361638,-0.029271896288264543,0.5305651533417404,-0.444351801648736,0.14318959694355726,0.21316944994032383,0.933610828127712,0.0007483997896997607,0.17712225811555982,1.8206856711767614,0.003019565228441934,0.07710647670319304,0.1299823634326458,0.03127142580342479,0.5316840638406575,0.09187973607913591,0.012953682002262212,0.08966297903680243,0.22507767949718982,1.6236662063747644,111.30883605778217,,0.3341547064483166,20.630357444286346,6.051807044987756e-05,3.1722110398113728,31.734556511044502,2.026416148348531e-05,4.596331290900707,0.00863563036909909,-0.07261560042388737,0.24674918549135327,1.0,0.030855192497256212,-89.29149153828621,0.0003190647717019601,-0.4466244167415425
9,37289984,0.16706990100132924,0.8094845390319825,0.008568083374405736,0.12318436987698078,1.4021639043341079,0.005266007543541491,2.8849495015871685e-05,0.08874172500538408,-0.12099098862701793,-0.03419919437898519,0.46907548609490424,-0.860400671310878,0.10651725272337595,0.2516387617215514,0.8467073091305792,0.0014635853544859856,0.1783173471922055,1.7066486231051385,0.0042354910301583,0.07455682853469625,0.1331382070784457,0.030276163030066527,0.28913028581067923,0.14107052300823852,0.012301556169404648,0.14064343180507421,0.32563972927164286,1.0032685552723706,13.805492559981843,,0.15343727078288794,10.223990444093943,6.203191526243934e-05,3.057698115706444,34.95639333128929,4.8815517104117134e-05,4.76994501426816,0.006973445455514593,-0.07240234548225999,0.1822342004161328,1.0,-0.4840570599740992,-12.714710438139736,0.0011416240566783625,-0.2951785060825447
9,37355520,0.2934688760433346,0.8345292387530208,0.0015758772441358815,0.1851018129964359,1.6499866037629545,0.0052744953914043435,-0.00021478424872611868,0.12381312024081126,-0.18948063245625235,-0.033267822036577854,0.5148129612207413,-0.7833442569244653,0.1173663551453501,0.17925373695128743,0.8118984859930464,0.007894135795584544,0.12915250275800205,1.4260504295802618,0.0052668256493595975,0.057308938761006095,0.09358165335998568,0.022608995812114733,0.37032065617414306,0.12967374207713522,0.008941664058204561,0.12955009459558395,0.37844027869869024,0.791105688100748,17.387888027186765,,0.08237226748718397,8.524056197592921,5.532651394003205e-05,2.7936067810164293,50.08244539533338,0.00015094895378898503,4.772672794669507,0.006577745966981649,-0.06223992892282914,0.1980306489494102,1.0,-0.14864096006203908,-11.326932061463594,0.0009548689647544961,-0.3472220184048638
9,37421056,0.21238591009750962,0.8989859335124493,0.00044712601146557063,0.18435992440208793,1.831964120734483,0.002899635657286126,-0.0004189614220990734,0.17934584128670394,-0.1432083305553533,-0.0541316693124827,0.5257156728766859,-0.7181352216284722,0.16788767417892814,0.21242562495172024,0.914802944753319,0.00044712601146557063,0.1844406210584566,1.8648866801522672,0.002899635657286126,0.07332542113726959,0.14175342983799055,0.02952865594124887,0.5289177317172289,0.09120499136042781,0.012419242098985706,0.09051521404762752,0.23767965781735256,1.109212355222553,50.35315306484699,,0.17970606801100075,12.714896634221077,3.3205683292902854e-05,4.269006660208106,41.97149455547333,7.9364420505601e-05,4.651999473571777,0.009287635039072484,-0.07260043197311461,0.22456253925338387,1.0,-0.02905721071874723,-18.53230671584606,0.0012591297040671634,-0.4213151872390881
9,37486592,0.24405862425919622,0.8844513334333897,0.0018590849504676044,0.1868180301389657,1.6830979767255485,0.0063764629394427175,-0.0012524712884669498,0.14791714859893546,-0.23004309192765504,-0.049760360256186686,0.5094237246084958,-0.6672838632948697,0.10017367289401591,0.24406627658754587,0.8844513334333897,0.0018590849504676044,0.1868192003457807,1.6830979767255485,0.0063764629394427175,0.07755930157145485,0.1408714953577146,0.030582882347516716,0.47116544551681727,0.145941783383023,0.01303881015337538,0.14510011859238148,0.33748014422599226,1.2528595570474863,70.57551570236683,,0.2212648713029921,13.533904895186424,5.948816131765011e-05,4.03053162433207,38.285087525844574,0.00014751996097750464,4.756545450538397,0.00844930246603326,-0.0707604200579226,0.17503890139050782,1.0,-0.07373707521765027,-59.683127492666245,0.001141207907835451,-0.38156010722741485
9,37552128,0.23046548664569855,0.8935115542262793,0.0026812889932443795,0.178712266148068,1.7442772923968732,0.007298286429431755,-0.0017629621706873877,0.22091162065044045,-0.25231821986380965,-0.045475779130356386,0.5198435564525425,-0.551191319944337,0.18205034965649247,0.2305129055166617,0.906063228379935,0.0026812889932443795,0.1787803788902238,1.7646602815948427,0.007298286429431755,0.07621181150898337,0.13343133922899142,0.029947965536848642,0.49129516386892647,0.1150510857696645,0.012676481244852766,0.11347736979951151,0.2707419355865568,1.3416430605575442,75.78212076425552,,0.2786089419387281,16.99972654879093,7.876477838589246e-05,3.98820623382926,32.77776260674,0.0001582462287323949,4.647174794226885,0.008768209154368378,-0.06968355318531394,0.20756941032595932,1.0,-0.13151416726759635,-44.32707804441452,0.0013689347299532528,-0.411359088961035
9,37617664,0.22492601140402257,0.8779264250770211,0.0010178542149787972,0.19208988768514246,1.5716852261684835,0.004415037861690507,-0.0008343920343349964,0.2378253565984778,-0.22147143387701362,-0.0634402216237504,0.5179549586027861,-0.506867240415886,0.15038475207984447,0.22496071504428983,0.8901272648945451,0.0010178542149787972,0.19215937505941838,1.5924288197420537,0.004415037861690507,0.07866522623226047,0.14648497238522395,0.031072506768396124,0.530678917770274,0.12841716248658486,0.013350372602872085,0.12765370481065474,0.3034653026552405,1.2655727686360478,54.89377295970917,,0.22998139320407063,14.895788364112377,5.547835024000136e-05,4.738933006301522,30.814023315906525,9.149454229273601e-05,4.782436870038509,0.011456073727458715,-0.07217791862785816,0.20631598052568734,1.0,-0.37241381756030023,-53.8739247918129,0.0006328895536853452,-0.4310581001918763
9,37683200,0.23208436858840287,0.9173569614067674,0.0005273147937714384,0.20024642872158438,1.6687934612855315,0.003063484613903711,-0.000621874388912147,0.27652128564659506,-0.21755036525428295,-0.06744088759296574,0.5060709905810654,-0.6713273404166102,0.19047105498611927,0.2320968572748825,0.9173569614067674,0.0005273147937714384,0.20024420705158263,1.6687934612855315,0.003063484613903711,0.07972415629774332,0.15501060360111296,0.030745230717002414,0.5025049744872376,0.13511495740385726,0.01367977428890299,0.1337451878353022,0.33431315468624234,1.4231435395777225,98.27295838296413,,0.28481029416434467,16.42272900789976,4.6008998436875004e-05,4.897822238504887,38.55452360212803,6.417684195070272e-05,4.675422307103872,0.0121828310075216,-0.07262483052909374,0.1908489529741928,1.0,-0.09016948787029833,-53.455765411257744,0.0007382393747548122,-0.4036136781796813
9,37748736,0.220157730858773,0.8889287323690951,0.0005333914821221697,0.16600437252782285,1.5562311504036188,0.0012486884005511456,-0.00023756599352964258,0.2574789085192606,-0.23784032213734463,-0.04774135534535162,0.5254786256700754,-0.5925586500670761,0.18352783378213644,0.22020245238672942,0.9067060854285955,0.0005333914821221697,0.1660703105153516,1.5813312847167253,0.0012486884005511456,0.07356529281241819,0.12084562756353989,0.029824818411725573,0.4723933122586459,0.08300723708816804,0.012482756093959324,0.08194658334832639,0.2052305736579001,1.5666052270680666,64.0993603169918,,0.27275103563442826,17.963130950927734,4.5770272320000416e-05,3.8019300773739815,36.5227864831686,2.922608398320259e-05,4.626937385648489,0.007795713270752458,-0.07260056072846055,0.2333548100432381,1.0,0.07018631932442077,-48.90964566171169,0.00010635475541675987,-0.3746187244541943
9,37814272,0.19055152290190258,0.8503148750712475,0.008447292066054313,0.13918261977223056,1.3399861105903983,0.0032760812938189094,0.0009987324521849436,0.19731801263735785,-0.19241169477114456,-0.1202203984387673,0.46209092393068807,-0.9735255973958798,0.11634573171536128,0.2632220323430374,0.8939917860552669,0.0007123532757304929,0.17961914429906756,1.473968708422035,0.0013154583591585833,0.08244721184019,0.13044417969649658,0.029921934808953665,0.35240424901247025,0.1595382696541492,0.014199197968991939,0.1582891533325892,0.33883935306221247,1.5576828373596072,23.47134711784621,,0.3600262881955132,17.560510531067848,4.742500499621549e-05,3.4595336634665728,40.45696134865284,5.383400847702724e-05,4.738774701952934,0.010021497433626791,-0.07245910912752151,0.22069611214101315,1.0,-0.7506083052855683,-33.7853376340121,0.0012202062131723324,-0.36869012464458745
9,37879808,0.29545235785190016,0.8880811920389533,0.0005508932566726799,0.20431715913582593,1.5790936662815511,0.003256361269450281,0.0011645343016652987,0.24169038294348866,-0.2332932883873582,-0.07627796861925162,0.5169453914277256,-0.8216019715182483,0.21301095746457577,0.20067508498498474,0.8555905395467956,0.0076861933856319856,0.14546481773246034,1.3637406283944666,0.00327418056857856,0.06651277648543108,0.10362849234749215,0.026554143515623074,0.448216672706227,0.13829512548554374,0.011798663379719862,0.13728074890881192,0.36252302900573846,1.5907332041828208,45.66712155915707,,0.26679854755533905,13.595464690462181,4.657466506539034e-05,7.597639296901642,55.08976764792958,0.00012942590303332378,4.702220389282847,0.01998968184931752,-0.06926605266978941,0.21757987357047667,1.0,-0.6750191878527403,-64.69301049411297,0.0022207889392120705,-0.4037151735974476
9,37945344,0.20005489233881235,0.9079814511351287,0.00036015830028190976,0.1837840530788526,1.7107078866101801,0.0019251811040703615,-0.00021038958732333413,0.16056414996273816,-0.18041902856202796,-0.05243921568035148,0.5771401226520538,-0.5112690553069115,0.1715069068595767,0.2000619142781943,0.9079814511351287,0.00036015830028190976,0.18378545786254108,1.7107078866101801,0.0019251811040703615,0.07592304446734488,0.13828277686843649,0.0314109098399058,0.5276964236982167,0.08384855423355475,0.012839643670304213,0.08332280328613706,0.23244814615463838,1.355667520314455,46.83176003396511,,0.25899627699982375,11.000136017799377,3.829750973860513e-05,4.3992519695311785,33.257046923041344,2.149428417924648e-05,4.642687384039164,0.009173812566587003,-0.07262700865976512,0.18172170710749924,1.0,-0.5463289751205593,-44.955487847328186,0.00015915228209451016,-0.4331234039273113
9,38010880,0.23919156368356198,0.8647977141663432,0.0021283501260995763,0.18570239486871287,1.5891676880419254,0.005869763754617452,-0.0017887237602280948,0.14796518167713657,-0.2752927008550614,-0.04553250533354003,0.5084871971048415,-0.44520768988877535,0.06925394618883729,0.23919156368356198,0.8647977141663432,0.0021283501260995763,0.18570239486871287,1.5891676880419254,0.005869763754617452,0.08077101223170757,0.13777186954393983,0.030940727490815334,0.5285418537678197,0.1321209389334399,0.013888898793084081,0.13199475739929767,0.2855483787388948,1.1393467895686626,20.543177537620068,,0.30341734969988465,15.889817960560322,6.682711140992836e-05,3.8258983101695776,29.16881661117077,0.000187529365431649,4.774066764861345,0.010961441068502609,-0.06946619297377765,0.18272130144760013,1.0,-0.04032373764493968,-15.746016263961792,7.215789378278714e-05,-0.43964585731737316
9,38076416,0.26110160583630204,0.8819225458428264,0.0007910497400871463,0.15303115267306566,1.6843749657273293,0.001996240280618622,-0.0017791968562050897,0.18597927907831036,-0.3009025671053678,-0.025215218847733922,0.5704504589084536,-0.4377880459651351,0.22895274451002479,0.26114373945165426,0.8914632052183151,0.0007910497400871463,0.15310448850505054,1.7046528290957212,0.001996240280618622,0.07201384371728636,0.10737769032130018,0.02901145319628995,0.5307729372289032,0.1254979023069609,0.012453888208256103,0.12344519313774072,0.2608046083478257,1.4914778647944331,93.07753527164459,,0.24833166494499892,17.377685215324163,4.5299192059311544e-05,2.6572022642940283,33.058768540620804,4.538179091184702e-05,4.651818037033081,0.004981040219718125,-0.07227904349565506,0.21754409547429532,1.0,0.5343369933543727,-22.81321209669113,7.937991733797389e-05,-0.4196314507862553
9,38141952,0.24414127692580223,0.8977320427075028,0.0012506223705202046,0.1601802795776166,1.520376279950142,0.003312997176578847,-0.0012396268220982165,0.12114242900133831,-0.19025749410502613,-0.030659434778499417,0.5091003146953881,-0.4341848965268582,0.19028648943640292,0.2441478482214734,0.8977320427075028,0.0012506223705202046,0.16017934068804607,1.520376279950142,0.003312997176578847,0.07421215565409511,0.11397059285081923,0.02956448531767819,0.48797940101940185,0.12278568287729286,0.012841410221881233,0.12187315608025528,0.25267582837841474,1.1978002078831196,73.30305777490139,,0.1778197925304994,11.736160308122635,5.3455543145605744e-05,2.7535049822181463,29.169956535100937,7.606170541119006e-05,4.776445344090462,0.005139517195857479,-0.07161014317534864,0.17385750426910818,1.0,0.23634967348334612,-12.866220317780972,0.0009343280419216171,-0.3750066002830863
9,38207488,0.22517927014268935,0.8639640789479017,0.0024516333253359335,0.18789286236278713,1.7080353684723377,0.007228097216284368,-0.0022157420385156,0.10834492168214638,-0.23031912313308567,-0.045404239295748994,0.5101887271739542,-0.4529675308149308,0.13517429027706385,0.22519170807208866,0.8639640789479017,0.0024516333253359335,0.18789240042679012,1.7080353684723377,0.007228097216284368,0.07847900601336733,0.14029985113302246,0.03235996459261514,0.5384949848521501,0.13442933501210064,0.012922976653499063,0.13283961702836677,0.3365987619617954,1.2487422716803849,108.77206753194332,,0.23817929066717625,13.42203775793314,6.722944418569021e-05,3.7680122163146734,29.25571084022522,0.0001664898333633147,4.670937094837427,0.008166114410414593,-0.0699507265817374,0.18668031971901655,1.0,0.122980860323878,-24.875518292188644,0.0012015829299798497,-0.388660378055647
9,38273024,0.1905074283713475,0.8751344094052911,0.002385978933716615,0.1919242178555578,1.7308114897459745,0.0066995002916883095,-0.0016388700350944418,0.16478410269337473,-0.27563530788756907,-0.07119168530334719,0.5137223447673023,-0.5092021024320275,0.18067330369376577,0.1905136201530695,0.8751344094052911,0.002385978933716615,0.19192321540322155,1.7308114897459745,0.0066995002916883095,0.07573192199924961,0.1454784767702222,0.034506883486756124,0.49956746120005846,0.09911981454933994,0.012944028079800773,0.09858490023179911,0.29559510271064937,1.2247373973950744,58.67049829661846,,0.2361258304445073,17.07047490030527,7.199812629277158e-05,4.993070047348738,30.30193981528282,0.00020759443568429958,4.573092568665743,0.009000278689200059,-0.07043121941387653,0.18260189844295382,1.0,-0.002951504255179316,-34.185031309723854,0.0005097729358567449,-0.40762444387655705
9,38338560,0.1646537387215843,0.8261882029225429,0.00804273209119856,0.10489502813046178,1.312682384798924,0.0045888955024323275,0.00029095510498374703,0.10750244531222658,-0.1056103763874853,-0.0043674829114608345,0.4747914844549571,-0.5164982633331481,0.10805687710642814,0.24513376248069108,0.8742533279582858,0.0015256789457112063,0.19040983507875353,1.8002936127595603,0.004643593118998979,0.07832400110783055,0.14354773046215996,0.03194078366504982,0.3002492123780151,0.151054721995024,0.013395238485827576,0.15031480573816225,0.35852415522094816,1.178059599827975,21.1281491259858,,0.295938543160446,15.011730201542377,5.9353374820769744e-05,4.664091909304261,31.252878308296204,0.00013047725145654,4.687181148678064,0.010046472219983116,-0.07260889816097915,0.17272422625683248,1.0,0.007777188617813711,-8.397523071973895,-0.0002340243185547782,-0.32363856584454576
9,38404096,0.31057047622743994,0.8741543097421527,0.003176631204496516,0.1809771864209324,1.6625692527741194,0.00790770293224341,-0.00012520185204323298,0.13264972787874285,-0.13821024368371582,-0.007983926619999693,0.5076117184944451,-0.42183267790824175,0.1518658958375454,0.17872126308180034,0.8308114421340715,0.007573710318986314,0.11222807056528616,1.3464064202664128,0.0049087805559080945,0.05716068008129137,0.0739230172700215,0.023654814714184368,0.39458399511739073,0.12744628640694028,0.009259211678262687,0.1271504557895592,0.3554342790329352,0.6365916092307812,21.772956226705517,,0.10527737545346033,8.22569578243083,5.3422557753417505e-05,2.56386772633519,31.771129927581107,9.956599785609253e-05,4.780726625258664,0.0067191304456556905,-0.06534718890416336,0.1671698485804071,1.0,0.27293566086154897,-9.429363772273064,-0.000635694400898501,-0.3832150821108371
9,38469632,0.1933080528397113,0.8698313036002219,0.002557755310590437,0.19268637336790562,1.7338862442411482,0.007113260547157552,-8.081757300715253e-05,0.20804009976563975,-0.20687388128135353,-0.03374179506499786,0.5106702547054738,-0.5930966048035771,0.18110681022517383,0.1933080528397113,0.8698313036002219,0.002557755310590437,0.19268637336790562,1.7338862442411482,0.007113260547157552,0.07791345665464178,0.14632125629577786,0.032899478799663484,0.5360352069837973,0.09281292534433305,0.013008695968892425,0.0924104829900898,0.2653953651897609,1.1326257949694991,52.013629630208015,,0.2356279098894447,14.633907414972782,7.964199446086617e-05,3.781372342258692,35.07685147225857,0.0001871342888186689,4.617100529372692,0.010766732546471758,-0.06911567645147443,0.17762985755689442,1.0,0.31812621641438454,-20.25151564925909,-0.00014669265169686696,-0.3910740640712902
9,38535168,0.24267196527216583,0.8638450461439788,0.0007524036637960307,0.18706956022651866,1.7316770134493709,0.0033751681007743173,-0.00020890085204428033,0.2314266766043147,-0.1908933041850105,-0.04631901155516971,0.5105228601023555,-0.6518273581750691,0.08181925117969513,0.24270857369992882,0.8772765677422285,0.0007524036637960307,0.18713347503216937,1.7514763856306672,0.0033751681007743173,0.07856110448483378,0.13944154104683548,0.03198195139702875,0.49638477235566825,0.14281351635872852,0.013215868770203087,0.14083804987603799,0.32566164358286187,1.4662474221549928,133.22654062509537,,0.2319747710134834,14.709489841014147,5.516706629171697e-05,3.9238537047058344,38.07304881513119,6.398906093552092e-05,4.7104711681604385,0.009324838225438725,-0.0721758606377989,0.2198948012664914,1.0,0.18986969857360236,-52.09691080451012,0.0007923814860077982,-0.3892931641312316
9,38600704,0.21211071102879941,0.8540626037865877,0.0009453657220319656,0.17981741216499358,1.7898547830991447,0.004791189047864464,-0.0006975010726932851,0.1503268223023042,-0.1980588355800137,-0.06057749150204472,0.5126229266170412,-0.8230024734511971,0.19192588061559945,0.21212679846212268,0.8540626037865877,0.0009453657220319656,0.1798136942088604,1.7898547830991447,0.004791189047864464,0.07247458613710478,0.1351409690687433,0.032115736772539094,0.4739082724554464,0.12236216859309934,0.012070211821992416,0.12065669224830344,0.3209128559101373,1.2578685339540243,82.21555249392986,,0.16331286868080497,12.08538806810975,6.351595674702892e-05,4.274745685979724,47.158078983426094,0.0001271049591182738,4.620514191687107,0.0077319783631537575,-0.07262998376972973,0.19380340375937521,1.0,-0.27862115057359915,-77.70423403382301,0.0013012758900003973,-0.3646614970639348
9,38666240,0.2224132113624364,0.8500254955142736,0.0022518541552472016,0.18408513732720166,1.7108460702002048,0.006860269540993613,-0.0005202380575610732,0.20346767490264028,-0.223736580228433,-0.0659826000337489,0.5066722987685353,-0.585209280019626,0.1261647217324935,0.2224201005883515,0.8500254955142736,0.0022518541552472016,0.18408393417485058,1.7108460702002048,0.006860269540993613,0.07327580396668054,0.13953160209348425,0.032634874631185085,0.5146437898511067,0.13188521307893097,0.012432538511347957,0.1310974950902164,0.32697785808704793,1.0612172116525471,64.43750781565905,,0.168230515148025,15.433174781501293,6.0761540002785e-05,4.444150112569332,33.9650352448225,0.00014075570498572887,4.756317276507616,0.008279351408418734,-0.06990961451083422,0.16868118732236326,1.0,0.13579131870938,-22.06230939924717,0.0010602550376006548,-0.4222574117593467
9,38731776,0.23414749326184392,0.8927974137477577,0.0013916776266569286,0.19449505559168756,1.7400430529378355,0.006042319564812715,-0.0007789524328245534,0.23893990565557033,-0.23922792507801205,-0.06150132298353128,0.519878153456375,-0.7122400747612119,0.18638483504764736,0.23415328050032258,0.8927974137477577,0.0013916776266569286,0.1944950792239979,1.7400430529378355,0.006042319564812715,0.08189639874035493,0.14510285353753716,0.03282172555918805,0.5062792315147817,0.14066628785803914,0.013915592113335151,0.1399187125498429,0.3453005455667153,1.0760710714384913,58.50765599310398,,0.33808181271888316,15.390242449939251,7.325078457887102e-05,5.029387386515737,41.01343530416489,0.00019125764504224207,4.620642948895693,0.011349612745107152,-0.0723316059447825,0.19855244981590658,1.0,0.4010532604297623,-10.551315292716026,-0.00039202991251841013,-0.41817110567353666
9,38797312,0.22934824018739164,0.9018980972468853,0.001128002453924637,0.18452309793792665,1.7024657307192683,0.0056386294827461825,-0.0021530441695176705,0.16569701212574728,-0.20443107385654002,-0.04650465757003985,0.5163495119195431,-0.5301389142405242,0.19189990987069905,0.22938939195591956,0.9134816657751799,0.001128002453924637,0.18459630850702524,1.7312701353803277,0.0056386294827461825,0.07771193544613197,0.13923077762592584,0.028865277505246922,0.47309335379395634,0.08639210838009603,0.013144187279976904,0.08515769022051245,0.2016781193233328,1.2943349443376064,66.38843896985054,,0.2976357424631715,14.181208077818155,7.374161468348683e-05,4.145977307111025,31.464255839586258,0.00017977294056822912,4.631556611508131,0.011908322689123452,-0.07261239597573876,0.21741395094431937,1.0,0.3740590426605195,-14.973748225718737,0.0008864200128755328,-0.3801313827279955
9,38862848,0.16561420200703045,0.8264577599614858,0.007969716585090887,0.13424609871891638,1.4606236539532742,0.005686338758605416,-0.00027309659839374944,0.12675068294673109,-0.19055069101072147,-0.05520223191949905,0.47884512691520587,-0.5636850773104136,0.10756057818730672,0.25653789250645787,0.8929367372766137,0.000890154945636823,0.2066446403041482,1.5389197994954884,0.005444687074941612,0.08228350267745554,0.16134820162551478,0.029061533336061984,0.3406134931432704,0.1431794402305968,0.014258114111726172,0.14250764215830714,0.3201583515619859,1.2842210056260228,9.342301579254368,,0.2921836260939017,16.031563237309456,6.115742086532094e-05,4.51828502677381,33.8062919229269,0.00017825080052480402,4.772127103060484,0.01375242637732299,-0.07260217587463558,0.19328206952195615,1.0,-0.952943536969833,-25.222042168509212,0.0017477184366725851,-0.35992666078110536
9,38928384,0.2830324179958552,0.854804381262511,0.0019400367041271238,0.18902272381819785,1.652141914702952,0.005628112699923804,-0.0002234905696241185,0.10750269022537395,-0.18915353074407903,-0.04073278224677779,0.5144368193577975,-0.4684556587599218,0.14172232360579073,0.1769341864589467,0.8291899644242353,0.007388542620660646,0.1395256154334554,1.4790832453508334,0.005680726608371043,0.06416643864800592,0.09750716030143246,0.02839764949784289,0.44222294321530553,0.1362200471706175,0.010662323996180624,0.13589499564140092,0.43268701144639987,1.1749988040292119,26.193253717564765,,0.1503028066033576,11.60950254175969,5.94009775550061e-05,4.171774566073969,32.70614429936374,0.0021221888269406085,4.709603690777916,0.008710542685756915,-0.06670008391052125,0.1732082313252052,1.0,-0.5462923143059015,-15.240761242806911,0.0012621317171124247,-0.3905651707900688
9,38993920,0.20459818828385323,0.8707960871979594,0.000592001884911042,0.18257799581624568,1.5583049086853862,0.00370462963837781,-0.00044629328476730734,0.1360417645482812,-0.23584727197885513,-0.042820837057661265,0.5054757825564593,-0.4751097308471799,0.13046602928079665,0.20460367458872497,0.8707960871979594,0.000592001884911042,0.18257687077857554,1.5583049086853862,0.00370462963837781,0.07515962439356372,0.13840830512344837,0.029896615451434627,0.49651128822006285,0.08749787893611938,0.012451905284251552,0.08680495456792414,0.23069579113507643,1.1300543709658086,58.86841390654445,,0.20328203565441072,14.001424208283424,4.1681755535427634e-05,3.5302257910370827,29.96956115961075,2.826325263605156e-05,4.6813846826553345,0.008386076609895099,-0.07260010857135057,0.1821972648613155,1.0,-0.369307778775692,-9.701056152582169,0.0009437175732500691,-0.409657584852539
9,39059456,0.2484022764256224,0.9150412958115339,0.0008725595989744761,0.18827792047522962,1.5764790903776884,0.004897014237940311,-7.748722325118251e-05,0.19022678537294269,-0.22690038569271564,-0.038433362380601466,0.46814323868602514,-0.6119639065582305,0.13211023528128862,0.2484022764256224,0.9150412958115339,0.0008725595989744761,0.18827792047522962,1.5764790903776884,0.004897014237940311,0.08037444378715008,0.1408605525502935,0.030108794177067466,0.4799664180027321,0.13984343901393004,0.01388187766133342,0.1397554155701073,0.3149754400947131,0.9738102196715772,17.136289298534393,,0.238587953557726,14.500140067189932,4.658630964488042e-05,3.559858273714781,35.130278781056404,9.695980614443656e-05,4.738142795860767,0.010289988142176298,-0.0725996089167893,0.22548701986670494,1.0,-0.16245057788910344,-16.048193089663982,-0.00022761900959267223,-0.4184839026420377
9,39124992,0.2440602828282863,0.8957209610380232,0.0011253996051436843,0.18420333426911384,1.597706401720643,0.005732314643864811,-0.0006988778920344885,0.2764768158085644,-0.33848297817166895,-0.04207675394718535,0.5112015411723405,-0.47046355390921235,0.2228238593088463,0.24406730383634567,0.8957209610380232,0.0011253996051436843,0.1842062345240265,1.597706401720643,0.005732314643864811,0.07853293616790324,0.13789441587869078,0.03033847016922664,0.5073473027441651,0.13067205177503638,0.013495927625626791,0.12936325004557148,0.3022412633872591,1.1930486168712378,91.8497876226902,,0.27053126331884414,21.0633005797863,6.373693015326864e-05,3.6010837517678738,29.400135472416878,0.00013566342040327584,4.654752183705568,0.010137744895473588,-0.0725992233492434,0.23004635772667825,1.0,0.12761982706433628,-58.819678112864494,-1.903302950267971e-05,-0.414535804069601
9,39190528,0.20996366254985332,0.8545125457458198,0.0009775659416391136,0.17907147423829883,1.5201506880111992,0.005290524241445382,-0.0005938961909919271,0.15602991564082913,-0.1816250163828954,-0.04981205295189284,0.5121847705449909,-0.47994021768681705,0.156558929476887,0.20996366254985332,0.8545125457458198,0.0009775659416391136,0.17907147423829883,1.5201506880111992,0.005290524241445382,0.07448230125010014,0.13397001445991918,0.0316194743354572,0.4961279070703313,0.12169951753458008,0.012482437712606043,0.12157039696467109,0.3123584751156159,0.92854816140607,23.602108664810658,,0.15971512184478343,12.428322046995163,6.461790753453656e-05,3.7626203149557114,29.477615252137184,0.0001054454638591551,4.795778684318066,0.00779823488483089,-0.07259909715503454,0.17424787767231464,1.0,0.013848642316588666,-19.900340989232063,0.0006486375907570618,-0.39236706029623747
9,39256064,0.23778396903071553,0.8974625617265701,0.0010026732829828688,0.19758277002256364,1.7679960941895843,0.005726422490624827,-0.0009809489343979294,0.16784944847313454,-0.25188073224853724,-0.05908070903387852,0.5138159801717848,-0.4757793473545462,0.1815951915923506,0.23778396903071553,0.8974625617265701,0.0010026732829828688,0.19758277002256364,1.7679960941895843,0.005726422490624827,0.07908420538296923,0.1521444572135806,0.03077072049200069,0.5156421777792275,0.13109871628694236,0.013253680961497594,0.13100051117362455,0.31702005735132843,1.0924228397198021,19.094053477048874,,0.24027272942475975,15.82752212882042,4.904473635680695e-05,4.4651507921516895,29.625748097896576,0.0001644617903808765,4.675651997327805,0.01114026470168028,-0.0725998948328197,0.18094162410125136,1.0,-0.3874250261578709,-19.094053477048874,0.0017750923184394196,-0.4078154982998967
9,39321600,0.20328203204553574,0.8891777796670794,0.0007641435154255305,0.191568253794685,1.62110048905015,0.0036763967482329463,-0.0005593002130126479,0.17357034751330502,-0.18054635770386085,-0.05743597654509358,0.5104761095717549,-0.6658036541193724,0.14423225284554064,0.20328203204553574,0.8891777796670794,0.0007641435154255305,0.191568253794685,1.62110048905015,0.0036763967482329463,0.075886883540079,0.1479399452218786,0.03037178667727858,0.5103650650708005,0.08864604803966358,0.012776427014614455,0.08848488942021504,0.24523365346249193,1.2906346824020147,22.582583144307137,,0.21632364229299128,12.747291054576635,4.8466661793256094e-05,4.343836609274149,38.512413427233696,0.00012481597246427611,4.637128956615925,0.010931397730018944,-0.07265572249889374,0.19343726430088282,1.0,-0.5509950960986316,-21.818186670541763,0.0021095383776810195,-0.4084248424042016
9,39387136,0.16512034951088328,0.8107468085984388,0.008667443187550816,0.12032977721653879,1.387403212636709,0.005288321217473519,-0.00034231161177558536,0.12256415009110544,-0.15344005949116157,-0.03027707621497484,0.4766468346681116,-0.41937328005306573,0.10215013926227887,0.24913537222892046,0.8770156162790954,0.0005903469134409534,0.18427028402220458,1.6301285731606185,0.00293086686474453,0.0760956657177303,0.14055716607253999,0.02949314312718343,0.3070614863062898,0.1366180786571931,0.012923925067298114,0.13524677531677298,0.2952471856260672,1.362193841021508,20.471231384165584,,0.21987230808008462,15.194944240152836,4.684690229561639e-05,3.797149894759059,47.48967170715332,0.000107525719931445,4.767526686191559,0.010030572109826608,-0.07260375400073826,0.2088819071650505,1.0,-0.6282242246635724,-19.600112657658755,0.0022914719475617554,-0.3247104544440905
9,39452672,0.28712000348605216,0.8356976211071014,0.0019039012264556732,0.18740530067589134,1.5861275577917695,0.006055251507405046,0.0010090064665746468,0.1568551218661014,-0.18958091893000528,-0.028690040191577282,0.507630140054971,-0.41688814596273005,0.10041547741275281,0.17688182314734413,0.8131597548364157,0.00801553552865008,0.12679468357026666,1.4065573663865945,0.005362242209274148,0.060018121629549434,0.08785260762284364,0.024808784426436817,0.40233672645885543,0.13054186952452376,0.009642570158564878,0.1302241515168792,0.374210199308217,1.0463008983285134,31.993055144403446,,0.15350999808673893,10.081286857802287,5.877794408265858e-05,2.6785446663516157,27.89018368259835,0.00013586521231208766,4.740176459572401,0.0068736676170023615,-0.060915446918771925,0.17758431122918805,1.0,-0.21160037157824263,-18.736419141292572,0.0014006135677391285,-0.3665520034264773
9,39518208,0.20931837055832148,0.8769201315008104,0.0005580121921298087,0.1953540574759245,1.6153208022005856,0.002584917504009354,-0.00082758391971538,0.16263322945451364,-0.23043416917789727,-0.04955469966807868,0.5052496655844152,-0.6000326594803482,0.16406644438393414,0.2093236908549443,0.8769201315008104,0.0005580121921298087,0.19535353302489966,1.6153208022005856,0.002584917504009354,0.07767241791589186,0.15073675976600498,0.029896463311160915,0.494481508503668,0.0941500389308203,0.012998648213397246,0.09380916025838815,0.25275360769592226,1.0439522513188422,34.3092455714941,,0.22830663819331676,13.370920531451702,4.4906748780448175e-05,3.866539979353547,34.784758508205414,0.00010713136241102816,4.649496879428625,0.011031555652152747,-0.07260009506717324,0.19791364902630448,1.0,-0.16857644997071475,-17.1693200096488,0.002085112873714934,-0.39206354663474485
9,39583744,0.26345220278017223,0.8900712104514241,0.00019137024327875451,0.1761505207978189,1.6959898248314857,0.0008564158590615989,-0.0007950565283181277,0.22756337304599583,-0.2577055712463334,-0.03957077584345825,0.5151191791519523,-0.5749061696697026,0.11740784964058548,0.26348723913542926,0.9029069682583213,0.00019137024327875451,0.17622675804886967,1.724824613891542,0.0008564158590615989,0.07664268621010706,0.13077959266956896,0.02867884463921655,0.4712324681458995,0.14123592167743482,0.013107593927998096,0.14055998051480856,0.3017556278500706,1.1532923723571002,47.16227689385414,,0.27096194436307997,16.749332763254642,3.041501907519173e-05,3.3651223750784993,34.73133784532547,3.953556022073812e-05,4.735292535275221,0.008514333219864056,-0.07262447872199118,0.23205159488134086,1.0,0.03221770084928721,-20.938052967190742,0.0009087998971608613,-0.3803195037180558
9,39649280,0.2362975423457101,0.8868525382131338,0.00018535900568394936,0.19215563382022083,1.7389973406679928,0.0009070731603060267,-0.000540889186908089,0.19329071138054132,-0.21292599628213793,-0.045146382704842836,0.5128242983482778,-0.6904744177591056,0.20356068247929215,0.23630786244757473,0.8868525382131338,0.00018535900568394936,0.1921526681398973,1.7389973406679928,0.0009070731603060267,0.07650247245328501,0.14844726130831987,0.029484253449481912,0.4598697437904775,0.12682114483322948,0.012756003037793562,0.12538769873208366,0.30444355588406324,1.3426879420876503,71.87489140033722,,0.22665238566696644,14.008508708328009,3.187453325176337e-05,3.6972831338644028,39.822407364845276,3.1111383083998884e-05,4.632821511477232,0.007969527003297117,-0.07263592607341707,0.20303663634695113,1.0,0.40279641520464793,-19.204252772033215,0.0017143507313903683,-0.3649940559407696
9,39714816,0.2249930517282337,0.841520537622273,0.0006912394260325527,0.18373183836229146,1.5290023102425039,0.002617011989570983,-0.00124795125162791,0.10770997406507377,-0.2015722079668194,-0.04487842373782769,0.4929989008232951,-0.675906132441014,0.17020311625674367,0.22499938518740237,0.841520537622273,0.0006912394260325527,0.18373134918510914,1.5290023102425039,0.002617011989570983,0.07825067202793434,0.13673841184936464,0.031299397014663555,0.5249546127161011,0.12812621693592519,0.013201097506680526,0.12739531518309377,0.3146715085604228,1.1169486637227237,60.39906591176987,,0.2063540352974087,11.786076113581657,4.122947917487019e-05,3.5433442629873753,38.7265692204237,7.781401070872107e-05,4.774636682122946,0.008269322566775372,-0.07256006426177919,0.19318313896656036,1.0,0.16156803307239898,-23.422381844371557,0.0007030518831925292,-0.4102278989739716
9,39780352,0.24774312681984156,0.927296977955848,0.0008835026981159899,0.16878343920689076,1.6994610875844955,0.004024474965945046,-0.001636394564229704,0.1377809334662743,-0.20275047689210624,-0.021334607466997113,0.5225987194571644,-0.48420877382159233,0.19722242403076962,0.24778415565378964,0.9432033449411392,0.0008835026981159899,0.16884996776934713,1.7209865413606167,0.004024474965945046,0.07636787567753345,0.12179620383540168,0.030046561048948206,0.5251325414283201,0.1267921173130162,0.012625710201973561,0.1261929342581425,0.27761138638015836,1.108303362969309,41.853884026408195,,0.27583311789203435,13.081573247909546,6.306830314195544e-05,2.7634033635258675,31.48829409480095,0.00012142816865257089,4.690727971494198,0.006517930725749466,-0.07260333956219256,0.22017433925066143,1.0,0.08950758779246826,-16.68654141947627,0.00041642956307441636,-0.4146463564829901
9,39845888,0.23500142840202898,0.9174227509647608,0.0008542811267489014,0.18432480818592012,1.6475461614318192,0.005011616146475717,-0.003437408388890617,0.1496327809873037,-0.26949357497505844,0.002852435762179084,0.5221389832440764,-0.37127976887859404,0.17774487659335136,0.23505464929621667,0.934055530000478,0.0008542811267489014,0.1843891473254189,1.6704631852917373,0.005011616146475717,0.08168590383138508,0.13616606208961457,0.02928128093481064,0.5057607373455539,0.09415150963468477,0.013750204438110813,0.09252228925470263,0.2025607550458517,1.464132291264832,74.49088141322136,,0.3766983434325084,18.34178563207388,5.4277183510809124e-05,3.011673118919134,30.27005422115326,0.00012331469377668824,4.636238276958466,0.011287562781944871,-0.07260896288789809,0.21118018752895296,1.0,0.3176398917566985,-41.51796345412731,0.0005483606812504149,-0.41012076276820153
9,39911424,0.18784749412288268,0.8420424816260735,0.006229167008750664,0.12621354466304185,1.312571297734976,0.004615510255171103,-0.0016388420217549537,0.10129338827561393,-0.21005032718264072,-0.030877096577236217,0.4826115771955908,-0.4145425319974311,0.136717236439387,0.2798834863351658,0.8996888259425759,0.003751750132835241,0.218600116786547,1.7300115074031055,0.0076068830112490105,0.11781761812744662,0.14444199623540044,0.036466899429797195,0.30769578559945027,0.15811137726996094,0.02318205127812689,0.15746623725863174,0.3249055390479043,1.794099424034357,36.49193545106799,,2.573076549684629,36.19899061322212,0.00010819581019383406,4.017867516726255,30.925457432866096,0.0002024272403371441,4.72107071056962,0.030456438602413982,-0.06442530918866396,0.23640173254534602,1.0,-0.21085451361218777,-22.76976280281165,-0.0011918147072719875,-0.31588140908628703
9,39976960,0.3072542086010799,0.8531734626740217,0.0010378940108921597,0.190560354385525,1.588738173712045,0.005138748924309766,-0.001987438052424295,0.1334998836100567,-0.2395744703244418,-0.026694457934354432,0.512229744810611,-0.4885776478331536,0.18082846282050014,0.19936646372416472,0.8431153472692493,0.0057288033463064715,0.132415093307619,1.3391897918050548,0.004665942897979648,0.060371953707906496,0.09516285810933774,0.022880706829523825,0.3979137978034027,0.14114099316565806,0.009558488533857379,0.14029204759133856,0.3845646778817277,0.8206839983194438,47.12570304076849,,0.18234044462877202,12.540619705307174,5.115961093774693e-05,2.689899524412236,28.120737079141033,0.00012095859894942854,4.74381082747356,0.006544694435740302,-0.06809000870639301,0.18208227369440608,1.0,-0.1507066219637636,-14.144346162676811,0.00043481999250616354,-0.37740997201763093
9,40042496,0.2236684183590114,0.9359658723697066,0.0009935144763630888,0.18092205293942243,1.596062277443707,0.004817485908006347,-0.002210355927445562,0.13291784076136537,-0.26724422781262547,-0.018559448057203554,0.5140139504801482,-0.5800425454508513,0.2154603892704472,0.22368159412872046,0.9359658723697066,0.0009935144763630888,0.18092069798149168,1.596062277443707,0.004817485908006347,0.07964707067003474,0.13294124865205958,0.03020271314017009,0.515508272103034,0.10167057393118739,0.013566432979132514,0.10002138395793736,0.24516218225471675,1.2326848641969264,88.56815315783024,,0.2686779919313267,15.781558968126774,6.35418870016391e-05,2.8208443988114595,33.65963877737522,0.00012637644460244957,4.6373958215117455,0.007876956253312528,-0.0725998249836266,0.18419753049965948,1.0,-0.011143287279992364,-14.483776353299618,0.0008819415853622559,-0.42753150779753923
9,40108032,0.24481304676737636,0.9222733080387115,0.001887144463353252,0.19037677929736674,1.6625436982139945,0.0063404534421351855,-0.0015766976980557956,0.13351583408075385,-0.2634728270350024,-0.02249248144653393,0.5199933850672096,-0.40493322000838816,0.1304325577802956,0.24482030980288982,0.9222733080387115,0.001887144463353252,0.1903770563658327,1.6625436982139945,0.0063404534421351855,0.08134679024806246,0.14214067277498543,0.030752794671570882,0.4873724350472912,0.14267540708533488,0.013422972209809814,0.14252753301116172,0.3220429696375504,0.9958889889530838,23.35351625829935,,0.2609582005534321,15.20165515691042,5.6720854129999054e-05,2.769105509854853,29.793426662683487,0.00015696800548070655,4.752545464783907,0.008558829973480897,-0.06964021152816713,0.17115438589826226,1.0,-0.2848860911326483,-18.193440154194832,0.0009581032998084993,-0.3874137568054721
9,40173568,0.2202481182757765,0.8916221214458346,0.0009667480723010158,0.1949505873490125,1.6088885269127786,0.004802249373824452,-0.0014110384577179502,0.1893921298906207,-0.2873209414537996,-0.06679389360942878,0.5121002292726189,-0.5390336508862674,0.1949562265072018,0.2202481182757765,0.8916221214458346,0.0009667480723010158,0.1949505873490125,1.6088885269127786,0.004802249373824452,0.07785388047341257,0.14941953925881535,0.031419906503288075,0.4984244870720431,0.12516844310448505,0.012960935120645445,0.12502475135261193,0.32143709575757384,1.1234150477685034,19.873883187770844,,0.25491033878643066,16.769412256777287,5.456622846988779e-05,4.782715143635869,31.551371678709984,0.00016135344597922874,4.625482395291328,0.011853036241518566,-0.07278404152020812,0.16326727403793484,1.0,-0.2889205440878868,-19.101082287728786,0.0007387383832337946,-0.42284024821128696
9,40239104,0.2337542602326721,0.911759096197784,0.0009193556049922336,0.19816031714435667,1.5666222460567951,0.005221938099111867,-6.202587030657014e-05,0.1534382422978524,-0.22118387511000037,-0.08428806299343705,0.51282276539132,-0.5405731522478163,0.1623016356024891,0.233759667375125,0.911759096197784,0.0009193556049922336,0.19815809011925012,1.5666222460567951,0.005221938099111867,0.07669455982977524,0.1557270711637102,0.030546962065272965,0.4395747361704707,0.12545193705591373,0.013361092016566545,0.12452417649910785,0.2846422566799447,1.3345862682908773,71.62182933092117,,0.1793397826841101,13.240455225110054,5.548783851017092e-05,5.701454199850559,31.40541163086891,0.00023453525498551286,4.77151819691062,0.015395776194054633,-0.0725999535061419,0.19146657676901668,1.0,-0.34959713311400265,-35.5586424022913,0.0017687127062799846,-0.3710336667718366
9,40304640,0.23738895962014794,0.8826352246105671,0.0018116273525379256,0.19669039314612746,1.6342850429937243,0.006351057682422834,-0.0005911344998139612,0.1462961273791734,-0.2534880939638242,-0.06328075414057821,0.509779579937458,-0.6080478439107537,0.12990641221404076,0.23738895962014794,0.8826352246105671,0.0018116273525379256,0.19669039314612746,1.6342850429937243,0.006351057682422834,0.07835926971165463,0.15290267020463943,0.029158193661714904,0.4650344217661768,0.12141336017521098,0.01321496404852951,0.12106457934714854,0.29587179725058377,1.4023981550708413,36.1315653026104,,0.24103944469243288,14.742833949625492,5.790367795421858e-05,4.638967160135508,35.835663869977,0.0002037400625702901,4.727195382118225,0.012398264640069101,-0.07204190525226295,0.20099808822851628,1.0,-0.6043673967942595,-30.048532620072365,0.0006821004678840836,-0.39321133855264634
9,40370176,0.20674453722313046,0.885805357247591,0.0009009374437596307,0.18742361257318407,1.6132342009805143,0.004635619203781971,-0.0005652914793756736,0.31116409169044346,-0.2815085087204352,-0.06369933663518168,0.5114822271279991,-0.5952327351551503,0.19952498347265646,0.2067537740804255,0.885805357247591,0.0009009374437596307,0.18742271477822214,1.6132342009805143,0.004635619203781971,0.07377789006568491,0.14427059597801417,0.031002881194581278,0.4766104305163026,0.09887109024566598,0.012576687870023306,0.09760508587351069,0.2669349655043334,1.6248366134241223,92.97536939382553,,0.2543413824168965,19.30788592994213,5.904663770489593e-05,4.467905083671212,34.74397552013397,0.00014892786739989505,4.6266132071614265,0.010502886078029405,-0.07260866579599679,0.18109840340912342,1.0,-0.5754800187423825,-78.6166418492794,0.0002190587290442636,-0.40446548559702933
9,40435712,0.18190355844795703,0.8553100866079331,0.007609878000039316,0.11272651236193876,1.1932654514287908,0.0053860872190368055,-0.0033559627537899433,0.12099307593482081,-0.21974636112815157,-0.06445250401649066,0.4160688104616626,-0.5698433254711077,0.1056538961827755,0.25570541922934353,0.8828822844661772,0.0007024264585879791,0.18555175582878292,1.6216869377531111,0.0038398130477617087,0.07524444593582302,0.14263957139337435,0.028786415889044292,0.3685048091163238,0.1419387135829311,0.012802798715711106,0.14171856510802172,0.31230594927910715,1.1719700684770942,47.12208180633684,,0.1803497421205975,17.751199319958687,3.5744125266523596e-05,3.6691386736929417,29.39660632610321,0.0001209209160741298,4.779931396245956,0.009341978380689397,-0.07266045454889536,0.18611732544377446,1.0,1.0310674930425983,-48.279704013119144,-0.0010905887920792641,-0.36264412324565154
9,40501248,0.29482129914686084,0.8972194483503699,0.003438215090227459,0.18475490011041984,1.4371750690042973,0.007917337286016846,-0.0016730971323681842,0.151279188816261,-0.22826536098727956,-0.06900720842531882,0.5427604629658163,-0.5852145422250032,0.1905045963358134,0.1928249203027731,0.8638484843344574,0.007207790008732149,0.11968651363704667,1.2230581455269312,0.0056300631291071705,0.062285103644412684,0.07824916503369718,0.0270075346897244,0.4634724822209542,0.13257311293413493,0.011542008466687593,0.13003858293634413,0.3207363998973237,1.7931549769815012,69.97468693933664,,0.2962740214460204,13.411500688389797,6.330353512812638e-05,4.364588840382807,33.043342448947726,0.0011209732197796534,4.736676611993686,0.014280080180820316,-0.06275297919041421,0.23649238932496272,1.0,0.8020244524814188,-50.66659561544657,-0.0008460829644718615,-0.40895340021234006
9,40566784,0.1980279915733263,0.909319109749049,0.0029759297667624196,0.18942523293662816,1.5968248727731407,0.007516464614127472,-0.00375904223346879,0.1469610630592797,-0.31612997606862336,-0.07093728624749929,0.5396972056478262,-0.6109225410036743,0.15191439457703382,0.1980588419828564,0.909319109749049,0.0029759297667624196,0.18942553421948105,1.5968248727731407,0.007516464614127472,0.07773285749135539,0.14389392221346498,0.032079709810204804,0.5320238276617602,0.08587562260800041,0.013606733453343622,0.0826915544748772,0.2345530212041922,1.947914818301797,118.47104585170746,,0.3619989949511364,18.144772946834564,7.409982288930639e-05,4.934513323009014,35.31847995519638,0.0001932933592021513,4.648232936859131,0.015208944729238283,-0.06890632910653949,0.24593946267850697,1.0,0.8854666356928647,-74.55828512459993,0.0004297388481404596,-0.4033734559779987
9,40632320,0.24854793772101402,0.8681362397037446,0.002648990066973056,0.1713514142902568,1.5759872822090983,0.007136865471693454,-0.0016194305586623159,0.14317306852899492,-0.27309790230356157,-0.04329239408252761,0.5195789656136185,-0.6485129552893341,0.06535250949673355,0.24856627883855253,0.8681362397037446,0.002648990066973056,0.17135237494949251,1.5759872822090983,0.007136865471693454,0.07456040472607128,0.12644260347587988,0.029578778019640595,0.4902654025936499,0.13221451293793507,0.012326765376201365,0.1307296377926832,0.28177043118921574,1.352149737533182,89.92610913515091,,0.24064061196986586,15.712786078453064,8.645113282740313e-05,3.813977312296629,37.15705579519272,0.00014646558250153152,4.780078060925007,0.009557985336869024,-0.0694590755738318,0.18862293544225395,1.0,0.28619922226062045,-70.83175371587276,-0.000393553701997007,-0.3766509748529643
9,40697856,0.24784996849484742,0.8553396556526423,0.002880594136968284,0.17539210862014443,1.6270860396325588,0.006635802532400703,0.00047910032998288443,0.16649076202884316,-0.20229748176643625,-0.017465057386289118,0.538997262250632,-0.4505943020340055,0.18323636753484607,0.2478555957786739,0.8553396556526423,0.002880594136968284,0.1753903324715793,1.6270860396325588,0.006635802532400703,0.07647061970783398,0.1301077085081488,0.028502740533440374,0.523109054658562,0.11030206788564101,0.012761475241859443,0.10932017289451323,0.23763162386603653,1.0787522764876485,74.3634646832943,,0.19384818139951676,13.400216411799192,7.293625972293327e-05,2.921313541010022,31.932668402791023,0.00012976565062627898,4.712272573262453,0.007824808853911236,-0.06859508669003844,0.17043457319959998,1.0,0.096169213677058,-17.994285084307194,0.0003497530510685465,-0.4068618768360466
9,40763392,0.2575775309232995,0.884793046861887,0.0027934594277212454,0.16638358135242015,1.4338366598822176,0.007085454822117754,0.0009262846646151957,0.22806710290024057,-0.3057882051834895,-0.017775587242795154,0.5357355671003461,-0.43363096681423485,0.17491772887296975,0.2575835402822122,0.884793046861887,0.0027934594277212454,0.16638183407485485,1.4338366598822176,0.007085454822117754,0.07700015589944087,0.11924576811725274,0.02926674766058568,0.4908578039612621,0.13184002009802498,0.01326270495337667,0.13140306941932067,0.2629440748714842,1.0176680721342564,45.41180311143398,,0.2532337721204385,19.789529487490654,7.916471749025433e-05,2.8007119512185454,32.734570652246475,0.00014711518289978187,4.814563766121864,0.007745004513708409,-0.06707292841747403,0.17512759135570377,1.0,-0.19669267331482843,-14.088361453264952,0.001159578287797558,-0.3785108011215925
9,40828928,0.24592246243264526,0.8997991946525872,0.001668520507195126,0.19057194131892174,1.663928387220949,0.004814247073682054,0.0011467238562943294,0.21362577471882105,-0.22593907988630235,-0.027279372661723755,0.5413070151116699,-0.5455622647423297,0.18473017087671906,0.24592354835476726,0.8997991946525872,0.001668520507195126,0.19057316821999848,1.663928387220949,0.004814247073682054,0.0796620866167359,0.14468953746836632,0.02914741942367982,0.4869392738910392,0.13468673214083537,0.013295398159243632,0.1339537298772484,0.29805558040970936,1.1860446520149708,56.03405302017927,,0.2528372365050018,14.22851449251175,5.524078793328613e-05,3.4771277606487274,33.35718497633934,0.0001262222515867606,4.709512792527676,0.010496085684280843,-0.07050687680020928,0.19329014827962965,1.0,-0.4672904494218528,-53.33169672638178,0.0002768913584532129,-0.411732628243044
9,40894464,0.19174958229996264,0.8969815061427653,0.002459760487454332,0.19619698345195502,1.607313038315624,0.007614840384121635,-0.0007657590679173154,0.20762398146325722,-0.2930998969823122,-0.0619603444065433,0.5251557943411171,-0.7452693674713373,0.17777022259542719,0.19175663474015892,0.8969815061427653,0.002459760487454332,0.19619428180158138,1.607313038315624,0.007614840384121635,0.0774053986533545,0.15080475353170186,0.032017260979046114,0.4933428110089153,0.094804653985193,0.012835274064855184,0.09389195707626641,0.27562942868098617,1.4494952419772744,70.95351468026638,,0.24041902972385287,18.46154974400997,7.020193979800915e-05,4.707726769149303,43.15144023299217,0.00023356367448279514,4.631347976624966,0.012361250875983387,-0.06906506791710854,0.1955520687624812,1.0,0.030421711649978533,-20.371225096285343,-4.3395839952609094e-05,-0.41456673271022737
9,40960000,0.1658971875999123,0.8124139530956744,0.009298323380996103,0.13272324750820796,1.4928581655522186,0.006156993747402643,0.00033985568562760213,0.13303095201204995,-0.19244765058363555,-0.04891414792049583,0.4846592497957075,-0.5874745865691027,0.1051323390007019,0.25347020104527473,0.9005983206443489,0.000897342580969962,0.16785611025989056,1.7846147050149739,0.002724568315443321,0.0735967222135514,0.1221440669032745,0.03046233933127951,0.36778829752157133,0.14526003471110016,0.012327977419772651,0.14299033270799555,0.31701214364147745,1.469240618404001,28.05533213408043,,0.1798433616058901,15.859360627830029,6.203451948438854e-05,3.3605753630399704,38.80166734755039,7.892661347064234e-05,4.734576869755983,0.00622877263231203,-0.07231896207667887,0.20890341233462095,1.0,-0.3989927948118809,-27.738058468281913,0.0014894603227124511,-0.36076221080186466
9,41025536,0.27307412843219936,0.8283911356702447,0.0023396468352530064,0.1865636222064495,1.5661588041111827,0.007312924936286436,0.0010174963822464633,0.168722728791181,-0.16986544285464333,-0.04133517455193214,0.515797458589077,-0.5706367213279009,0.13291456014849246,0.1762326337672007,0.8146751192230058,0.008627607569358216,0.13792029902877578,1.5020214999206813,0.006268408801752888,0.06492794294987457,0.0940285803952131,0.029585596685247295,0.4577936158930681,0.13856451960048408,0.010649293695130464,0.13816895405148263,0.4404943058020379,1.0618809384899774,40.63353658224041,,0.19334206065437926,11.649131566302918,6.0927661454110134e-05,4.944484133543362,33.982839882957286,0.00016887634794961545,4.6945381514638305,0.010706786591872077,-0.06497173798999872,0.1799540343548519,1.0,-0.262837039452279,-25.122948572039604,0.00041382506151421694,-0.4026392692467198
9,41091072,0.1964046653592959,0.8610215205699205,0.0025627557033658377,0.20380856550764292,1.720930652692914,0.00754988086555386,0.0006385711907341829,0.17406802519690245,-0.20031051538535394,-0.06707134647876956,0.551775518571958,-0.6470511748921126,0.14658660674467683,0.1964046653592959,0.8610215205699205,0.0025627557033658377,0.20380856550764292,1.720930652692914,0.00754988086555386,0.07785243063699454,0.1585189908510074,0.03241226692625787,0.5011249345261604,0.0983805867144838,0.012726706045214087,0.09827954974025488,0.2950775109929964,0.9517532302998006,23.107606634497643,,0.2039085894357413,12.820124819874763,8.169523331535977e-05,5.414671102538705,38.185865104198456,0.0002223409558315126,4.631642144173384,0.013160132933990099,-0.06982201198115945,0.18737213220447302,1.0,-0.18027356098173186,-20.653015673160553,0.0009727519463922363,-0.40081583871506155
9,41156608,0.2505442949477583,0.8852847991511226,0.002641685016556039,0.2072282531298697,1.6394811114296317,0.0073913008673116565,0.0007012469274059185,0.23115008953027427,-0.26142927852924913,-0.06248072333983146,0.5184077587909997,-0.6303243183065206,0.11067813352565281,0.2505442949477583,0.8852847991511226,0.002641685016556039,0.2072282531298697,1.6394811114296317,0.0073913008673116565,0.0870467429049313,0.157836809521541,0.030132707426673733,0.4932688919361681,0.1310418587672757,0.014852424028504174,0.13093139966076706,0.28474759294476826,1.0875491709448397,22.589818686246872,,0.34786026389338076,16.577454522252083,8.174483640566166e-05,5.105126511305571,37.207181453704834,0.00027847390233270986,4.727850466966629,0.015771889353345614,-0.06903718574903905,0.19891127501614392,1.0,-0.011092849890701473,-22.179665878415108,0.0007393914129352197,-0.41191068734042346
9,41222144,0.2368667497066781,0.8653744906187057,0.00026696422975192036,0.1925830930704251,1.5860366863198578,0.0011834389163709602,0.00013875166069965417,0.23491898458451033,-0.29879169375635684,-0.053415833215694875,0.5144185125827789,-0.6799733359366655,0.21560240141116083,0.23687258537393063,0.8653744906187057,0.00026696422975192036,0.19258570321835577,1.5860366863198578,0.0011834389163709602,0.07923105463851243,0.1470016692765057,0.0293292611167999,0.4651577550685033,0.13224864739459008,0.013287871646753047,0.13143679779022932,0.328677496756427,1.320331098511815,63.57523885369301,,0.2918738826410845,17.845709703862667,6.165308107186629e-05,4.1596593875437975,38.95991471409798,4.7397609729049606e-05,4.656968027353287,0.011161074726260267,-0.07259994000196457,0.20438046683557332,1.0,0.2825547200627625,-23.43193268030882,0.0015809900089607254,-0.35565354442223907
9,41287680,0.22357841522898525,0.860446167178452,0.00036806280513701495,0.17853475909214467,1.6088283662684262,0.0020599547672190965,0.0005860830295887354,0.2037336340872571,-0.20202800643164665,-0.04772652135579847,0.5149849313311279,-0.7295814044773579,0.15395239577628672,0.2235856776824221,0.860446167178452,0.00036806280513701495,0.1785356031032279,1.6088283662684262,0.0020599547672190965,0.07386594411218539,0.133903996727895,0.031076447790837847,0.4702432024059817,0.12334442870633211,0.012231097403855529,0.1223624949270743,0.2937154528917745,1.3119073864072561,78.94592541456223,,0.16142356547061354,13.331186600029469,4.551510331518571e-05,3.741452692076564,42.08234220743179,2.2096476061439496e-05,4.788686666637659,0.007252942221384728,-0.07260011788457632,0.189497503452003,1.0,0.37802605447359383,-19.834911249578,0.0005548496960727789,-0.38428370479959995
9,41353216,0.2481016416568309,0.8889000895433128,0.0008074026625308761,0.16646956326439977,1.8235643836669624,0.004145287931351049,0.00014276315391725802,0.22247460659127682,-0.2379335812292993,-0.026213081109744962,0.5382724972441792,-0.711059698369354,0.14591595367528498,0.24810800363775343,0.8889000895433128,0.0008074026625308761,0.1664670961908996,1.8235643836669624,0.004145287931351049,0.07175526622449979,0.12299014633754268,0.02865786707843654,0.4822779222158715,0.12382796249585226,0.011874075105879456,0.12336212140507996,0.26213347574230283,1.0188053795136511,46.157670363783836,,0.1922990723978728,16.318442083895206,4.667523979406951e-05,2.8913763612508774,43.26472371816635,7.859578612467999e-05,4.715120829641819,0.006084222446588683,-0.07263192650862038,0.19891885039396584,1.0,0.07849582284870849,-15.441499687731266,-4.077626340404095e-05,-0.4104943150887266
9,41418752,0.2222191580804065,0.874476897995919,0.001047373653818795,0.1634429048281163,1.5878527206368744,0.005448764680295426,-0.0005584325333245488,0.14982596258050762,-0.22912737319711596,-0.03229038334393408,0.5272197714075446,-0.8502095255535096,0.12463572609703988,0.22222851193509996,0.874476897995919,0.001047373653818795,0.1634402316994965,1.5878527206368744,0.005448764680295426,0.06984311470296234,0.12082298618042842,0.02911886924994178,0.49032989726401865,0.08510892273625359,0.011703433017828502,0.08381342356733512,0.1945058990677353,1.1175156491808593,89.54700841009617,,0.14329115790314972,13.70765183493495,4.8603344493636236e-05,2.7852329667657614,48.81436941027641,0.0001081273767655766,4.693351604044437,0.00523433112539351,-0.0726163643412292,0.19906271109357476,1.0,0.20228129245515447,-12.303327463567257,0.0008019095407689747,-0.38752844114787877
9,41484288,0.15616109234280884,0.8167192617555459,0.009029462495018379,0.11700134553636113,1.4160749388734502,0.005426295310850643,7.155166139038253e-05,0.0949515921152973,-0.11573679051585108,-0.02277896126756559,0.49031924908998914,-1.003568467022075,0.10584959641098976,0.25727096444461495,0.8678860156796873,0.0012510207930063189,0.16820846556220204,1.595390626695007,0.005894347030334757,0.07195229845819995,0.12542380072409287,0.027837624089443125,0.3274274288614591,0.135326643998269,0.011997224792139605,0.135014788917033,0.28292432479793206,0.8550326344557106,10.99471892464285,,0.1261179090361111,11.77223539724946,6.266831182033528e-05,2.5750765968114138,47.37882010638714,0.00011717622755247348,4.811836201697588,0.006505033084977185,-0.07264688098803163,0.19987975992262363,1.0,-0.8886865421399125,-11.09520928405691,0.0024015439312521873,-0.3411906314703326
9,41549824,0.29235986177809536,0.8546360330656171,0.001831043657148257,0.18274429970188066,1.613628116901964,0.0066661831788223935,9.963374191102048e-05,0.14511764381313697,-0.15760078529274324,-0.02495896664549946,0.5409365869127214,-0.40797195257619023,0.13689355866517872,0.16928937699903834,0.8203738903155527,0.008335638992573067,0.1233378536887018,1.435116209044873,0.005545802575233462,0.060983645754967286,0.0823662615527051,0.026129648614680416,0.4173889412342694,0.13382569467017696,0.009895523501972455,0.13361053290378572,0.42892001267432806,1.035395869631769,16.530330653650214,,0.10042818686546175,8.774822644098291,5.507542215875054e-05,2.494055416885236,56.20784846226494,0.006371959408528171,4.746619314493903,0.006205751305049446,-0.06141990979751909,0.21323277218918124,1.0,-0.49899255111813545,-15.477996118366718,0.0016312590826146334,-0.38210631301626563
9,41615360,0.2110173567198217,0.8761596889235079,0.0008950245720598105,0.18275829043705016,1.6781202284619212,0.004741275677588419,-0.0008434921630851022,0.13856704301724676,-0.2421119906794047,-0.04059114577830769,0.5183006436564028,-0.4551197928376496,0.1619442310766317,0.2110173567198217,0.8761596889235079,0.0008950245720598105,0.18275829043705016,1.6781202284619212,0.004741275677588419,0.07426361163379624,0.13888175319880247,0.03050847485428676,0.5228249806677923,0.092600294330623,0.012303369643632323,0.09237903673783876,0.2391889374703169,1.0536106303334236,24.331861577928066,,0.1916819714824669,14.621657641604543,5.80983134386287e-05,3.465643869712949,29.70655308663845,0.00014585963952740144,4.650671985000372,0.007089879181876313,-0.07260504411533475,0.18663558876141906,1.0,-0.3966919651720673,-18.271696992218494,0.00216617032447175,-0.36960257356986403
9,41680896,0.23716767912264913,0.8806720343418419,0.0013840599272043619,0.19411902700085193,1.6615561353974044,0.0057681898560986156,1.3166804876618698e-05,0.2583216913626529,-0.21947984326106962,-0.05366006912663579,0.47704208409413695,-0.5756538538262248,0.0885213054716587,0.23716767912264913,0.8806720343418419,0.0013840599272043619,0.19411902700085193,1.6615561353974044,0.0057681898560986156,0.0786183652235195,0.1492038022261113,0.0296061903500231,0.46110065118409693,0.13641528617881704,0.01321847016515676,0.13629538724489976,0.301681193173863,1.0214637164026499,21.418342426419258,,0.22276329604210332,17.581974931061268,5.0482824102138224e-05,4.130542866885662,34.440708309412,0.0002384659090681751,4.776288911700249,0.009858482491836185,-0.07182889338582754,0.1942969539668411,1.0,-0.35930831322912127,-18.850788570940495,0.0011782252086049994,-0.3716742459218949
9,41746432,0.2325004891026765,0.8862048238515854,0.0007051228972159151,0.19765826221555471,1.6088606053963304,0.003329430256599153,-0.0019470301597834805,0.18767704884521663,-0.3329746286617592,-0.046253700682427734,0.5133862101938576,-0.7659596344456077,0.19071185763459653,0.23250424943398684,0.8862048238515854,0.0007051228972159151,0.19765804067719728,1.6088606053963304,0.003329430256599153,0.0807425626553595,0.15124690521042794,0.030127499136142433,0.5190685553243384,0.1261432686878834,0.013623104503494687,0.12532855934114195,0.3069758304627612,1.2898553228005767,66.58272604644299,,0.3284846672322601,19.71127324551344,3.764288073992983e-05,3.842612039297819,43.88625490665436,0.0001111000181453492,4.6507594510912895,0.009759388223756105,-0.07260214746929705,0.19390069192741066,1.0,-0.546989195747301,-64.28035858273506,0.0014160512791931978,-0.4316679012263194
9,41811968,0.2460308502195403,0.8827714258804917,0.0006771243353114187,0.19404420990031213,1.6549043832346797,0.0036599177014977613,-0.0007884386382102093,0.23265878047095612,-0.27152159367688,-0.050939327280502766,0.5174536237027496,-0.878083236515522,0.20046561850176658,0.2460796853993088,0.8978114165365696,0.0006771243353114187,0.19410753052216023,1.6776364231482148,0.0036599177014977613,0.07881701929727569,0.14917472592787817,0.0298893950675847,0.49940342525951564,0.1329265568347182,0.013353622234717477,0.1306229680776596,0.28761880344245583,1.582935187034309,100.2687069028616,,0.2648077344056219,17.436242520809174,5.006497810500221e-05,3.8612478896975517,50.634809732437134,0.00011474794165455826,4.7623011358082294,0.010397623362223385,-0.0726001220755279,0.24070504074916244,1.0,-0.7415690165944397,-96.31324073672295,0.001556845329787393,-0.4007720840163529
9,41877504,0.23061404132749885,0.8870929041877389,0.0008891838923545947,0.20344071090221405,1.7159243803471327,0.00514305145952676,6.2817773596179904e-06,0.18685674801236019,-0.24552283354569227,-0.060380361712304875,0.5164273113477975,-0.7256099786609411,0.1618104763329029,0.23062917694915086,0.8870929041877389,0.0008891838923545947,0.20348375313915312,1.7283972734585404,0.00514305145952676,0.07875843264628202,0.15974801871925592,0.029104276167345233,0.4522895956179127,0.1313896582578309,0.012969625066034496,0.13036583736538887,0.32521348039153963,1.3773520393297076,67.3696669191122,,0.233941616024822,14.10808627307415,5.718436110835334e-05,4.700956864282489,43.150940254330635,0.0001738243964153341,4.708622723817825,0.013296737743075937,-0.07262579910457134,0.2141826986335218,1.0,-0.5922912224195898,-48.044810988008976,0.0011169193589921633,-0.37483885418623686
9,41943040,0.19452633417677134,0.8704325715079904,0.0009531219275231706,0.19167750829365104,1.6677025761455297,0.00512486374054788,0.0002946368954326317,0.20887195703107864,-0.2575904814293608,-0.06607633992098272,0.5131176523864269,-0.46604223595932126,0.13746150348742958,0.19453055236954242,0.8704325715079904,0.0009531219275231706,0.19167546415701509,1.6677025761455297,0.00512486374054788,0.07402013335376978,0.14902730891481042,0.030495442042592913,0.4640527459559962,0.08605149702634662,0.012417368256137706,0.0853620940761175,0.2391696466365829,1.2321846624836326,61.60691423714161,,0.21435946854762733,16.437234438955784,6.130063058984447e-05,4.701899364590645,29.884263411164284,0.0001635011801965902,4.61603694036603,0.01121065158804413,-0.07260357937775552,0.1792608518153429,1.0,-0.4803362220991403,-60.347035348415375,0.0007132951261610287,-0.39723928284365684
9,42008576,0.160303273073708,0.8399334453046322,0.00801943297747736,0.13171560977585614,1.2808191958069801,0.006046557411609683,0.0021328022139050517,0.18569153398702232,-0.11528522902687352,-0.038381581334735605,0.49225459112675707,-0.7048277533923586,0.11841217661897341,0.2553811135003343,0.8760981005616486,0.000703523367519665,0.18719441536813974,1.4926609694957733,0.004051816583341861,0.07857086684089154,0.1421404725406319,0.029155201846151613,0.3674726433431109,0.1446870779618621,0.01336721827101428,0.14443136466434225,0.3126957112981472,1.16399005940184,12.259653869693476,,0.25747826643055305,14.317893125116825,4.945923659827045e-05,3.7502673007547855,38.15220630168915,9.00809007564618e-05,4.769584011286497,0.009492844637861708,-0.07260367483831942,0.20441780146211386,1.0,-0.714661527989277,-16.658950305753,0.0011526494479403482,-0.3815898884894947
9,42074112,0.2847584047121927,0.8940254175104201,0.0026631049255456674,0.191947371175047,1.5974554442800581,0.007452986104908632,0.001996067180641603,0.2136515667079948,-0.14922738866880536,-0.03632442239904776,0.52840317459777,-0.41712624090723693,0.2048880819347687,0.1723139736358166,0.8465530892991158,0.007503160394158642,0.1375273961478463,1.3131243602249278,0.006182116803734883,0.067564700239237,0.09197465664179749,0.0297725337763676,0.4632955824125962,0.1370450043878995,0.011250105410525351,0.1367459275418926,0.44499997378338174,1.0512115595895932,18.632098330936607,,0.21324838541310662,12.3529052052602,6.212322586995788e-05,3.5194479097809968,40.8070947502246,0.0002359564677834957,4.719108806855707,0.007517664587356259,-0.0647632084921541,0.19411070863660201,1.0,-0.507527579087764,-17.269873149693012,0.0018036279450370785,-0.3700108822667971
9,42139648,0.1858396523166448,0.8858692236244678,0.0014381025828242855,0.1928821929031983,1.6461483472958207,0.006144393852991925,0.0003492416561812206,0.16572113434085622,-0.23973960935109062,-0.04116953784250654,0.5678421086631715,-0.4474018723703921,0.13175153540214524,0.1858396523166448,0.8858692236244678,0.0014381025828242855,0.1928821929031983,1.6461483472958207,0.006144393852991925,0.07775508356280625,0.14718296192586422,0.03172139363596216,0.4851673000957817,0.0813156625663396,0.012759629869833589,0.0812272667826619,0.24593272397760302,1.1373404734767973,19.13301160186529,,0.2274628560990095,14.993505548685789,7.000387584277235e-05,3.9000046998262405,32.67110787332058,0.00018908978783471753,4.674718257039785,0.00904893842380261,-0.0719592240639031,0.17615660920273513,1.0,-0.46071803919039667,-17.863455317914486,0.0014898799971660992,-0.4154552414547652
9,42205184,0.2370755757438019,0.8767310651019216,0.0012146397029937361,0.19559468724764884,1.5802980083972216,0.005784806072369975,-0.0029287246675266942,0.23541962739545852,-0.3171457276912406,-0.02607883471500827,0.5278934272937477,-0.42811920610256493,0.06110050389543176,0.2370755757438019,0.8767310651019216,0.0012146397029937361,0.19559468724764884,1.5802980083972216,0.005784806072369975,0.08696030610008165,0.14372926525538787,0.03153903798374813,0.5461974164936692,0.14124231007735943,0.014843572200334165,0.14114336319471477,0.3150002813199535,1.128030666615814,18.441908411681652,,0.4656202858313918,18.763033978641033,7.262964125882843e-05,3.6086897999048233,30.36174589395523,0.0001531179469862476,4.7683016657829285,0.01254674587835325,-0.07260923902504146,0.19978105765767395,1.0,-0.3542621161323041,-17.163557767868042,0.001009016474768032,-0.44630546716507524
9,42270720,0.24763138324487954,0.9135640682652593,0.0008337735141594749,0.21144436951726675,1.7410281472839415,0.0051752391404988884,-0.0049975817837548675,0.23100761894602329,-0.4769084076397121,-0.03517257401836105,0.5266694838646799,-0.5528801393229514,0.2699671455193311,0.24765375175047666,0.9135640682652593,0.0008337735141594749,0.21147030114661902,1.743792921770364,0.0051752391404988884,0.09391435998259112,0.15583481139037758,0.03268899323302321,0.6443914754781872,0.1505280471756123,0.016257099094218574,0.1486572016729042,0.3514138606842607,1.6453676195815206,95.36827327311039,,0.6131027715746313,27.842918500304222,5.9120948610047463e-05,4.373970223590732,33.026289001107216,0.00015751989175027958,4.570701774209738,0.0165311794844456,-0.08045557560399175,0.23067677742801607,1.0,-0.577064236276783,-39.092321172356606,0.0016894634190975921,-0.5102306212065741
9,42336256,0.2324523146962747,0.8860203363001347,0.00047852154534666624,0.18719050439540297,1.7331490982323885,0.0021835454174379265,-0.0025205152969647315,0.33763335121329874,-0.3625345015898347,-0.049089525011368096,0.6760813165456057,-0.7131269094534218,0.23996954213362187,0.2324554764200002,0.8860203363001347,0.00047852154534666624,0.18718918599188328,1.7331490982323885,0.0021835454174379265,0.07824687502579764,0.13977949606487527,0.03248427383368835,0.4925144368316978,0.13729501000489108,0.0131442643905757,0.13633883258444257,0.328087349771522,1.5849438272416592,88.29968278110027,,0.40848210430704057,22.997225761413574,4.046447854211266e-05,4.085359480232,44.50053994357586,4.218235193365061e-05,4.691150441765785,0.01036219088564394,-0.0773512152954936,0.19543723412789404,1.0,-0.5002261842601001,-29.456575825810432,0.0009899449767090118,-0.4301314305048436
9,42401792,0.24075881752651185,0.8868951173499227,0.0006184506781892196,0.18075971759390086,1.7554445872083306,0.003051468704825311,-0.0009029630585928317,0.47557679598685354,-0.32160849345382303,-0.0537456740566995,0.5126406692434102,-0.7778253019787371,0.16087210859404877,0.24075881752651185,0.8868951173499227,0.0006184506781892196,0.18075971759390086,1.7554445872083306,0.003051468704825311,0.07526022632373497,0.13626166759058833,0.029800040545524098,0.5036129842046648,0.1298882363771554,0.012682311120443046,0.12972399228601716,0.29461738327518106,1.251696608029306,97.35127976536751,,0.3116967077367008,28.477665305137634,4.120831811293968e-05,4.247285258024931,44.56610758602619,6.941815853411804e-05,4.64635194838047,0.009001872916996945,-0.0727169697638601,0.26785140903666615,1.0,-0.22396645840490237,-17.752209946513176,0.000947636547834918,-0.41554434853605926
9,42467328,0.22010231914464384,0.9131396957673132,0.0005634247952457372,0.17188595875632018,1.6178500386886299,0.003416387013203348,6.283970185450016e-05,0.13586583196592983,-0.19008098702761345,-0.048620631714584306,0.5155036309733987,-0.7139118439517915,0.15091366576962173,0.22010457364376634,0.9131396957673132,0.0005634247952457372,0.1718854063656181,1.6178500386886299,0.003416387013203348,0.0728397000930272,0.1288678403943777,0.02841292387165595,0.5503921345807612,0.08449003106215969,0.012414710312441457,0.08332711769617163,0.19103853695560247,1.1944808475673199,86.9493717327714,,0.14919319009641185,12.822782097384334,3.5551725412918955e-05,3.7088958639651537,41.341170608997345,8.4444269991657e-05,4.700321428477764,0.0090490473266982,-0.07260678615421057,0.20433205203153193,1.0,-0.1121773222257616,-11.666415102779865,0.0008750066572247306,-0.4563091896707192
9,42532864,0.15426067435493074,0.8428107839822769,0.007453664848171684,0.11489507366903126,1.2286651047567525,0.0033818541413650864,0.00018677128260681758,0.12360408262199296,-0.1581826788460603,-0.023654618222941886,0.5380672942228072,-0.4065294677723432,0.11472993791103364,0.2453615184640512,0.9149560504592955,0.00043922784357164346,0.19715850474312901,1.562073570676148,0.0031815622040767266,0.08761659282026812,0.14567551406798884,0.03220843126473483,0.35252949541434647,0.12792951299343258,0.01604717177542625,0.12753593060187995,0.27236179797910154,1.4404161609709263,13.279932322949172,,0.6385062574408948,19.927096001803875,3.6659942248228744e-05,4.827433172613382,52.96362644433975,2.7989285569463007e-05,4.796117432415485,0.018307195667148335,-0.07260022219270468,0.21484608377795666,1.0,-1.046597401947171,-23.076233043515433,0.002237920503199954,-0.36482232632736367
9,42598400,0.28261850867420435,0.8547935974784195,0.0008220684451316629,0.17851894663181156,1.5015682261437178,0.005093363762171066,0.0006328862504858535,0.15708358046686044,-0.1586135357447347,-0.030731570441275835,0.5390279162675142,-0.4071698486804962,0.13044710829854012,0.16663476169468408,0.8439657539578087,0.0068144748334208385,0.12102725685304816,1.254969020071159,0.003546818924093374,0.06324603616579784,0.0775739596876125,0.027622951641370238,0.45134829740455173,0.13230334731774035,0.010765483971763716,0.13177689748356142,0.4304484325567687,1.2625881234486869,26.421392710610146,,0.11907786597548255,10.482170943201643,4.203738485533313e-05,2.6354357702341997,31.26171767524814,0.0003021910181582793,4.757812261401889,0.006348297072055361,-0.06780894046806428,0.15370791074988174,1.0,-0.5684377716388553,-18.996591866016388,0.0019710652914000093,-0.4172151430975646
9,42663936,0.1986869249958545,0.8961746143177152,0.0006208330360095715,0.18692539969924837,1.5933641223236918,0.004207330958251987,0.001749550742943029,0.22481917240656912,-0.20030968387436587,-0.05096195015357807,0.6012918185442686,-0.4400872408878058,0.14498641062527895,0.1986869249958545,0.8961746143177152,0.0006208330360095715,0.18692539969924837,1.5933641223236918,0.004207330958251987,0.07661021879175678,0.1420317916199565,0.0319875347049674,0.5314334590220824,0.08282934769522399,0.01314593045390211,0.08206575218355283,0.21080797800095752,1.2389051606878638,62.49527604877949,,0.23585795884719118,16.082614548504353,6.982127135646277e-05,4.102325335144997,34.451483979821205,2.223142744883777e-05,4.682618908584118,0.011609052307903767,-0.07260815869085491,0.1922734179534018,1.0,-0.6008755413349718,-59.9236066788435,0.0011963074578034139,-0.427289915503934
9,42729472,0.25249282945878804,0.8780572512187064,0.0008564983104264456,0.19229505764087662,1.63573293434456,0.0034932203776634196,0.012487709369452205,0.4236504908185452,-0.25822808709926903,-0.05679318023612723,0.6958763343282044,-0.5715277688577771,0.10806504799984396,0.2525044762296602,0.8780572512187064,0.0008564983104264456,0.1922942884848453,1.63573293434456,0.0034932203776634196,0.0930077213270124,0.13486287096748129,0.03423035728337709,0.5848208176903427,0.12941658862109762,0.01756906890659593,0.12847021410561865,0.26322204935422633,1.668959978967905,74.542730525136,,0.9458116588648409,24.321361489593983,6.514620957087658e-05,4.858727240934968,40.039414659142494,7.499992463833038e-05,4.785242889076471,0.01822919191181427,-0.0722960066050291,0.21757910319138318,1.0,-0.38647709642827976,-72.36495593190193,0.0015903797489045246,-0.48128759441897273
9,42795008,0.23401281458791345,0.8438497562892735,0.0003618380979730773,0.18359978299122304,1.737537365872413,0.0016080910739333376,0.002742191927836757,0.3173435397911817,-0.2481941671576351,-0.0376925573364133,0.5396532958839089,-0.5398405753076077,0.17358076153323054,0.23404155555181205,0.8450397732667625,0.0003618380979730773,0.18364888383075595,1.758639260660857,0.0016080910739333376,0.07713012007297948,0.13732143153902143,0.030773679754929617,0.5120808297069743,0.12729195301653817,0.012863192445365712,0.12321656185667962,0.3026514486409724,2.1561712799593806,127.62435038387775,,0.3919150960864499,18.61181054264307,4.743811176677326e-05,3.4972737040370703,31.79258418083191,2.494460062174575e-05,4.6644810773432255,0.008489663847285556,-0.07256380864419043,0.2416770327836275,1.0,0.33686788263730705,-104.8864745348692,0.000488632736960426,-0.4097416423028335
9,42860544,0.21307049365714192,0.8708196524530649,0.0013268809107955803,0.19121992320287973,1.7699684365652502,0.005088987533440559,-3.1376810142091927e-05,0.23251451541727874,-0.22774903954996262,-0.04278729218640365,0.5164431533776224,-0.444763483479619,0.16015378665179014,0.21307809674181044,0.8708196524530649,0.0013268809107955803,0.19121878745499998,1.7699684365652502,0.005088987533440559,0.07468243667972274,0.1469855208415538,0.03224098894861527,0.47907015320379287,0.12612559788976796,0.012235453141329344,0.12531614149338566,0.32233248616103083,1.3697932022623718,81.33725740015507,,0.19050762281403877,15.735731286928058,6.529710471281369e-05,3.531207676976919,29.596297591924667,6.542924329609734e-05,4.778468433767557,0.007329104715608992,-0.07181454263627529,0.1549220933811739,1.0,0.44623901636805385,-16.0935280546546,0.0005084327713120729,-0.4014317615656182
9,42926080,0.2497120627667755,0.9374287179671228,0.00276532725092693,0.18640218419022858,1.7181861591525376,0.007232522489175608,-0.0004677140377111755,0.21329895421513356,-0.19040516210952774,-0.051553792000049725,0.5229942623991519,-0.5114263668656349,0.18036543647758663,0.2497120627667755,0.9374287179671228,0.00276532725092693,0.18640218419022858,1.7181861591525376,0.007232522489175608,0.07602536852937192,0.14333739451831207,0.028471095574786887,0.488074105232954,0.12500907154753804,0.013318485085619614,0.12450125312898308,0.25941597094060853,1.124426992610097,44.10662777721882,,0.18943833617959172,14.618510156869888,8.061425030803093e-05,4.115065477788448,30.658017680048943,0.0001896303733621152,4.7003951743245125,0.010709417063480942,-0.07055913819931448,0.19427569909021258,1.0,0.4244242273271084,-40.044706739485264,-0.0008714986115592183,-0.393137956620194
9,42991616,0.19370199588593096,0.8801284772343934,0.001416131000723908,0.1952975313179195,1.6109673688188195,0.005953626055998029,-0.001774332592049177,0.2216259364358848,-0.23052881192415953,-0.04955674722441472,0.5172500319313258,-0.5536857282277197,0.12104374286718667,0.19371993676759303,0.8801284772343934,0.001416131000723908,0.19529548834543675,1.6109673688188195,0.005953626055998029,0.07760627870447934,0.15080526075325906,0.030538788996636868,0.5047146746655926,0.087389047810575,0.013092988476273604,0.08511219211504795,0.24105858383700252,1.809051789343357,110.49109189212322,,0.2582094178069383,16.16461157798767,6.171757299822112e-05,4.0016243904829025,31.809063881635666,0.00017848027419908874,4.680075939744711,0.010624932139762677,-0.0720699904486537,0.2075154585763812,1.0,1.0015084696933627,-72.14657324552536,-0.0005570616408476781,-0.4232305421028286
9,43057152,0.1631706511601806,0.8179370044420162,0.008820896770860903,0.1358631787728518,1.4313793215279778,0.005343976884808702,-0.0007510302253975472,0.13386153936007758,-0.21721015779403385,-0.040262658088652946,0.4926865728923986,-0.44406806212946925,0.1080524323383967,0.26507958490401506,0.9139870768412948,0.00078564964655925,0.2075211436022073,1.6534023648127913,0.0047716170747662545,0.10220637900056317,0.14501641754759476,0.034116203896701336,0.36324256943538785,0.15035096756764688,0.018105147246387787,0.14842849945125636,0.31593709817389026,1.8089595818892121,28.949926279857756,,0.8564892247086391,21.811667166650295,6.211958699769982e-05,3.609675733372569,30.28352116048336,6.731496093848044e-05,4.743296328932047,0.015723110296676168,-0.07260009786114097,0.1900348539929837,1.0,-0.5410073301475495,-22.141111295227894,0.0010726518596008343,-0.3693456561801334
9,43122688,0.28534281766042113,0.8495836406946182,0.002588458080026612,0.19979596883058548,1.6593211265280843,0.007679037926209276,-0.0011694342158818927,0.20993056456791237,-0.2064980462891981,-0.03990598308155313,0.5227367402985692,-0.5030633911956102,0.14317501545883715,0.1749517477386777,0.8209872826350382,0.008220179788611814,0.14202461569255823,1.4533496159858195,0.0055690430092810465,0.06504857804098851,0.09940852277704615,0.028648768695413572,0.45958179012165373,0.13926978817725755,0.01055778693148294,0.1386867382932533,0.434579456365297,0.9670384960215405,39.01462586058012,,0.2150064024938192,13.100183864960066,6.313688740894129e-05,4.221044335855839,28.791224516193235,0.0002620931099746305,4.695025842053345,0.010613627955996002,-0.06581500951335373,0.15108231356345028,1.0,-0.41674529935698956,-40.126900136470795,0.0013501622645435418,-0.39371946721803397
9,43188224,0.2158066522097215,0.8878169031813741,0.000823233851861005,0.1930553816491738,1.6012720223516226,0.0033485594517514983,0.0002575484218141355,0.26340830547269434,-0.21995183581020683,-0.051321147300768644,0.5675158575177193,-0.5385031586047262,0.19757970864884555,0.21581682784017175,0.8878169031813741,0.000823233851861005,0.1930496538989246,1.6012720223516226,0.0033485594517514983,0.08004474063636735,0.14646934915799648,0.03058629010047298,0.5360802898649126,0.0994979904498905,0.013429536491457839,0.09821386350085959,0.24491975974524394,1.4418828645721078,64.47329621016979,,0.3274360104696825,16.818066969513893,4.819403947915746e-05,4.4415786769241095,33.791630640625954,0.0001010184264260694,4.6382331140339375,0.012922675472509582,-0.07181527651846409,0.18905659252777696,1.0,-0.5511207490344532,-54.059409350156784,0.0022606650736634037,-0.4127766756573692
9,43253760,0.24450337688904256,0.8980769668705761,0.0004264097890427365,0.18587146722711623,1.569065073505044,0.0023207634940263233,0.001999094581378813,0.1971042153891176,-0.24244865444052266,-0.04635542459436692,0.5800181166268885,-0.5371097382158041,0.08826961414888501,0.24450337688904256,0.8980769668705761,0.0004264097890427365,0.18587146722711623,1.569065073505044,0.0023207634940263233,0.07950609846739098,0.13931516814045608,0.031311062004533596,0.49660557496827096,0.12438341822416987,0.014035504500498064,0.12421388660004595,0.2631551038939506,1.3922419343143702,29.235166981816292,,0.30108132492750883,15.989248774945736,4.0264048035032474e-05,4.041949198581278,34.14493726193905,3.9343040415085184e-05,4.780176602303982,0.011742079055693466,-0.07260018680244684,0.1969617676222697,1.0,-0.6669878440443426,-28.660158306360245,0.0016682434968515736,-0.4074722637888044
9,43319296,0.22759164252784103,0.8943890794180334,0.00042755511390168977,0.1860156370094046,1.7324559325352311,0.0022603533529945707,0.0009557704020153324,0.22550351382233202,-0.2574107442051172,-0.030009556663571857,0.6492623640224338,-0.42370173474773765,0.17727192374877632,0.22759164252784103,0.8943890794180334,0.00042755511390168977,0.1860156370094046,1.7324559325352311,0.0022603533529945707,0.07667529961327091,0.14093454816611484,0.030474346727714874,0.5106035278877243,0.12410948210163042,0.01282235505641438,0.12381477723829448,0.30524691194295883,1.4546225033700466,24.090704709291458,,0.28094938944559544,16.322682730853558,3.557326468004525e-05,3.3354715798050165,37.300770342350006,2.274767577847836e-05,4.682664513587952,0.007286066673259484,-0.07260723575018346,0.19045220280531794,1.0,-0.7284004839602858,-21.58789623528719,0.0004067227888526759,-0.43587956146802753
9,43384832,0.2313056072453037,0.8615351184271276,0.0004941648736576099,0.1738726336043328,1.5178625406697392,0.0028250286623006104,0.0013061028091669868,0.20966803428018466,-0.1754488948499784,-0.034054503033985384,0.5238964916206896,-0.4766982684377581,0.16217390960082412,0.2313056072453037,0.8615351184271276,0.0004941648736576099,0.1738726336043328,1.5178625406697392,0.0028250286623006104,0.07619130276725627,0.12829742033500224,0.030076681228820235,0.5302373894955963,0.11898675879638176,0.01285291670501465,0.1187279800651595,0.2564022851875052,1.1987935560755432,25.894212514162064,,0.2238869136199355,12.601538989692926,5.285854121339639e-05,3.1680375654250383,30.131219014525414,2.130167601499533e-05,4.800733353942633,0.007730192617600551,-0.07260032556951046,0.17185961548238993,1.0,-0.5581614333204925,-17.38788788765669,0.000741682877560379,-0.41265242360532284
9,43450368,0.25010433746501803,0.9035073025152087,0.0010039498104106315,0.17504495184402913,1.6026448756456375,0.004202745837460498,0.00025323171757918317,0.23441673495108262,-0.26531236059963703,-0.02613862432190217,0.5407104133628309,-0.5105054776649922,0.12940284179057926,0.2501125222770497,0.9035073025152087,0.0010039498104106315,0.17504673032090068,1.6026448756456375,0.004202745837460498,0.07984255679184571,0.12671231798594818,0.029479636970791034,0.49900748557411134,0.1240771615121048,0.013653311732923612,0.1227559962135274,0.2653064906480722,1.342582618817687,62.114413529634476,,0.29915945942047983,16.87326867878437,5.963925758256661e-05,2.9840641114860773,31.09525117278099,4.585904614848313e-05,4.753092251718044,0.007858617922465783,-0.07222281605936587,0.18353756133001298,1.0,-0.5916497521102428,-60.045657992362976,0.00027356868974948156,-0.4096368099562824
9,43515904,0.20065377722494304,0.8823441229760647,0.0016477847194664719,0.20956688898149878,1.6295621693134308,0.005348163909957293,0.0008189959746687236,0.2812557420693338,-0.23962632843176834,-0.058449753720196895,0.5165307193528861,-0.6001736694015563,0.16751097125234082,0.2006649571703747,0.8823441229760647,0.0016477847194664719,0.2095644047949463,1.6295621693134308,0.005348163909957293,0.08215061289956793,0.16287613799795508,0.031874180436716415,0.490762131405063,0.09935653445427306,0.013840134895872325,0.09738739623571746,0.27516558195929974,1.641075475141406,100.29205095767975,,0.3115724881645292,17.83290458470583,6.593401512877684e-05,4.39012592472136,34.78098499774933,0.00013443869565932243,4.610575474798679,0.012276694636966567,-0.07034749304875731,0.20367535098921508,1.0,-0.61399837146746,-89.91947282850742,0.0010693714040144187,-0.4024993578204885
9,43581440,0.17922590249528486,0.8270808938145637,0.0076081088029968675,0.1275202512430648,1.2946766783048709,0.005546013072841258,0.005479122757133912,0.3264144439982677,-0.08174260024893253,0.0023693485934469056,0.48995642485586965,-0.3530885004098915,0.10136332303285599,0.24376701971050352,0.8730248725041747,0.001316098991992476,0.20677730662282556,1.6804203446954489,0.0060091387313150335,0.0821096024592407,0.1607220455771312,0.03151316397998016,0.31437075045580665,0.15057972457725555,0.014298122507170774,0.14976020698668435,0.35909382440149784,1.4981818916276097,9.247793055102228,,0.35641314869280905,15.737663526088,7.50782908314207e-05,6.196760646998882,63.95420390367508,0.0002501107876522468,4.716079022735357,0.017028006790496875,-0.07230692217126489,0.23384294426068664,1.0,-0.8086244981720423,-17.038361060181632,-0.0011648241067693257,-0.3448648280153672
9,43646976,0.30642384628299624,0.8451159433461726,0.003387565027878736,0.19610163068864495,1.5126218958757818,0.007874528753745835,0.003862727306113811,0.44736899086274207,-0.17344171696458943,-0.01151454512410055,0.5239623771049082,-0.4067062237299979,0.15454211249016225,0.19148745915168022,0.8288192118417068,0.00720130940298548,0.13413048931678018,1.315683446263513,0.005770448319193506,0.0634659259644595,0.09477935819493899,0.023854573260773962,0.4163463383475431,0.13085840190685402,0.010325207798924095,0.1305899179869483,0.3562702650964507,1.0567372655496001,19.225646230504367,,0.3741061943029166,20.27272855933105,7.038990024458071e-05,3.1824440914037897,28.83303449724251,0.00021632740037848616,4.786453279565616,0.013564444085774546,-0.051409797260470416,0.14384345217686462,1.0,-0.413145650876686,-22.39906459674239,0.0003799390699441574,-0.3679093567188829
9,43712512,0.19863119767978787,0.8756820200942457,0.002562477204833158,0.19609244691673666,1.74236592464149,0.007595877666972228,0.0021531416168727446,0.31111325533129275,-0.2132042467710562,-0.04280382649449166,0.5203208341263235,-0.9311811800580472,0.15773900132626295,0.19864567182958126,0.8756820200942457,0.002562477204833158,0.196088372846134,1.74236592464149,0.007595877666972228,0.07681650196900591,0.15111259080003947,0.03165254801569972,0.4986414925660938,0.09006002120440826,0.012538036513433326,0.08841852852492593,0.25684746995102614,1.2298274361528456,86.45865146070719,,0.28785668429918587,18.578020572662354,7.606280184901948e-05,3.756886065006256,53.508321568369865,0.00016677407020715407,4.673422712832689,0.009469634358538315,-0.0675413713324815,0.2118444488150999,1.0,-0.12023178621893749,-45.95031559467316,0.0003661432392085828,-0.4119465172989294
9,43778048,0.22680525004398078,0.8662649816833436,0.0020432008494140064,0.19443679839605466,1.7645490858703852,0.006914988213793549,0.0012474366162678052,0.25805684784427285,-0.1951425271035987,-0.053551080301986076,0.526434674160555,-0.801619135774672,0.0747414412908256,0.22680525004398078,0.8662649816833436,0.0020432008494140064,0.19443679839605466,1.7645490858703852,0.006914988213793549,0.07632153746089898,0.1507929905783385,0.030875485332217067,0.4489894425496459,0.1335525167378364,0.0128845884319162,0.13341765287623275,0.313381792337168,1.0834750682115555,34.68708833307028,,0.22891727671958506,15.87759517133236,7.573776956265599e-05,4.151027902960777,45.98778073489666,0.00015722172489196495,4.78279834985733,0.011287930985417916,-0.06600212445482612,0.19506626774091274,1.0,-0.25239667686400935,-19.629467725753784,0.001429463308340928,-0.37020754208788276
9,43843584,0.21869225788395852,0.8550520008429885,0.0006998954122536816,0.19903006043750793,1.8223395212553442,0.004492087181461102,0.001177659286781818,0.28248991281725466,-0.2514543223660439,-0.05573418806307018,0.5391955226659775,-0.9166570082306862,0.18717378843575716,0.21869733987841755,0.8550520008429885,0.0006998954122536816,0.19902827381156385,1.8223395212553442,0.004492087181461102,0.07501362694893032,0.15641065954696387,0.030451721395365894,0.46008074562996626,0.1221510577306617,0.012310745514696464,0.1212424814584665,0.3223376873647794,1.3915662756189704,72.83838911354542,,0.2516629697056487,17.34470373392105,5.4501934017958664e-05,4.1953168250620365,52.53079213202,2.2962296007844607e-05,4.649705894291401,0.00949609076269553,-0.07262310711666942,0.20550035033375025,1.0,-0.5196833930676803,-60.69820161163807,0.0015452524426109449,-0.3889506158302538
9,43909120,0.2278309875400737,0.8612502831965685,0.0007134967587489882,0.191832325886935,1.5435384926386178,0.004682440075157501,0.0017410323708872966,0.2940583620220423,-0.14683729910757393,-0.05459637455351185,0.5243652178905904,-0.9351914725266397,0.17901964351767674,0.22783630969934165,0.8612502831965685,0.0007134967587489882,0.19183085567783564,1.5435384926386178,0.004682440075157501,0.07593735738191754,0.14884825405897573,0.030246413924032822,0.4750116030918434,0.12452380063768942,0.013004471635213122,0.1236866119725164,0.28243067578296177,1.367526758927852,75.90857908129692,,0.2724697245284915,16.976914450526237,5.8070508044627545e-05,4.115541201084852,53.98889145255089,4.1408063117365224e-05,4.789579853415489,0.010294828683981905,-0.07260000193491578,0.21859750570729375,1.0,0.3315924877533689,-17.490729555487633,0.0003737824661129707,-0.392989058396779
9,43974656,0.22586729808244854,0.8818998443894088,0.00039851072227747864,0.2021990369539708,1.6791550507768989,0.002126631315945815,0.00011319598496584149,0.22050580818904564,-0.23456298478413373,-0.06373587454436347,0.5180601519532502,-0.5775812854990363,0.1281459762249142,0.22587640583515167,0.8818998443894088,0.00039851072227747864,0.20219289185479283,1.6791550507768989,0.002126631315945815,0.07852026162436232,0.15895814797841012,0.029550463164923713,0.4725013480056077,0.12667152771609835,0.013390895925113,0.12475717384950258,0.30491243151482195,1.64060493465513,74.13109359145164,,0.30421754939015955,15.510662540793419,4.48674304336788e-05,4.912618054077029,33.37596885859966,3.8310780266836986e-05,4.727785337716341,0.014800964047026355,-0.07259999541565776,0.19713482982479036,1.0,0.938582302769646,-13.32184099406004,0.0013622828630559525,-0.41161093581467867
9,44040192,0.19260053453035653,0.876205746550113,0.00024291580041335692,0.20736923511140049,1.6814934695139527,0.0013855486390639271,-0.0002712932123358769,0.24674259044695646,-0.24499045172706246,-0.06244450982194394,0.5295597338117659,-0.6238577752374113,0.1842148802243173,0.19261291553266346,0.876205746550113,0.00024291580041335692,0.20736898970790207,1.6814934695139527,0.0013855486390639271,0.08030266489367932,0.16106518462765962,0.032037072131060995,0.5232053168583661,0.09599663590779528,0.013212608595495112,0.09452729127951898,0.28522365912795067,1.653307049535215,82.03919923305511,,0.3317229289095849,16.011393390595913,3.473541277178305e-05,5.106796633452177,35.82434818148613,1.4879390794170222e-05,4.6110306568443775,0.012805159341951367,-0.07261181273497641,0.19011868652887642,1.0,0.09204240204417147,-79.15471214056015,0.0016348035048849852,-0.432587836519815
9,44105728,0.18848534812529882,0.864623970091343,0.007938635049761918,0.13619343673810363,1.3966872820382317,0.003566952473635562,-0.005215633097657246,0.24377706010020728,-0.31245157244624955,-0.051567870627615475,0.48050746893590257,-0.713400033267535,0.1373935605585575,0.2789238567929715,0.8987822416238487,0.00047395079127454665,0.21212703408673406,1.71867720130831,0.0025101884114064887,0.10338009230326861,0.14997669111471623,0.03201631552656181,0.4165428570906321,0.14963583612188813,0.018507596229028422,0.14901471523626242,0.30181850523513276,1.3082985682412982,49.647921351914604,,0.7147260271012783,16.891472183167934,5.436730745689289e-05,4.1672295313328505,34.2588754594326,2.6202717155143773e-05,4.753501035273075,0.016351394311641343,-0.07260017143562436,0.1940078925108537,1.0,-1.5115943136978118,-66.91191449582267,0.004518499806751303,-0.3800067144756516
9,44171264,0.2888352501904592,0.8829698734916747,0.0006748940664920156,0.2075446507660672,1.6189282005652785,0.003631552109027325,-0.007610352955452981,0.2818682926008478,-0.32663879776373506,-0.04554783941421192,0.5170258064754307,-0.770839802455157,0.15784809697652236,0.19818337981768672,0.866392249937158,0.007238515436916626,0.14306954298370395,1.4181080934625254,0.003573178944516696,0.07589304972585874,0.09198981828297521,0.02903093252729355,0.5023338119499385,0.15333327646395303,0.013174627286224929,0.15102814639853987,0.4359676036647106,2.2341446270156338,82.54823992650462,,0.7434319782362555,18.680978671975815,5.5910658119753855e-05,4.363809178351896,41.23650959944801,0.009123802142026982,4.649057424750673,0.014367800709170483,-0.06923848527472422,0.18621529914797788,1.0,-1.1159970175940543,-71.05269712209702,0.0021453919945315647,-0.44436466065235436
9,44236800,0.22510041971690953,0.9204375403933227,0.00045834696334168257,0.21327054093126208,1.6933449171483517,0.0023965379801893505,-0.004349799278770661,0.2539056339301169,-0.3212764351628721,-0.07460912512033246,0.5185947343707085,-0.8888739789836109,0.18878733448218554,0.22512977686710656,0.9204375403933227,0.00045834696334168257,0.21326309617143124,1.6933449171483517,0.0023965379801893505,0.08600904163904488,0.16457482823170722,0.03176021155377384,0.49726549140177667,0.11561211169464514,0.01498980861651944,0.11234792944742367,0.28882436745334417,2.3512318609282374,130.21100270748138,,0.5989519709255546,19.52510991692543,4.379157320488769e-05,5.589402060955763,50.928728103637695,2.3643194186462324e-05,4.615915324538946,0.015856514502956998,-0.07262482773512602,0.20026764168869704,1.0,-0.9601289113052189,-112.91002562642097,0.002708337816727635,-0.3908230745000765
9,44302336,0.2387387533672154,0.9077683421783149,0.0004909598760605149,0.17205960291903466,1.5981605905108154,0.002794522706153657,0.000171868038194134,0.250874777440913,-0.3364697778597474,-0.06308235949836671,0.525831613689661,-1.003270223736763,0.13741003279574215,0.23878867726307362,0.9225264121778309,0.0004909598760605149,0.17210180091205984,1.6063978909514844,0.002794522706153657,0.07499943487346172,0.12728625867748633,0.030095407026237808,0.5199968270026147,0.11591900183702819,0.013221615132351872,0.1141441898944322,0.251968169817701,1.8923277957364917,107.40807643532753,,0.33141160546801984,20.60502825677395,4.1324038397405616e-05,4.615142412483692,57.66928619146347,2.5930472180579756e-05,4.74156042188406,0.012026043335936265,-0.07260801130905747,0.24700070230755955,1.0,-0.4892376053612679,-85.0092816054821,0.00011113984146504663,-0.4244681749260053
9,44367872,0.23251880099996924,0.9087465913034976,0.0013774094335303744,0.1832071739481762,1.6103894435800612,0.004945258125189866,0.0006992576641096093,0.2524257132317871,-0.2754194861045107,-0.047960256633814424,0.5236723613925278,-0.8165243067778647,0.20664336389745586,0.23252580733969808,0.9087465913034976,0.0013774094335303744,0.1832048101350665,1.6103894435800612,0.004945258125189866,0.07715453510172665,0.13799737044610083,0.030573134834412485,0.4954553720308468,0.12825952132698148,0.013348524778848514,0.12666845606872812,0.2949401532532647,1.647332314401865,88.2992437928915,,0.28555964422412217,18.05831354111433,6.084212329515726e-05,3.946620598435402,46.783397287130356,8.03100295841408e-05,4.709429658949375,0.011034913419280201,-0.06999683915637434,0.2070601701270789,1.0,0.32031392405042425,-61.677283227443695,0.0005062119589638314,-0.41624801605939865
9,44433408,0.22236606886144727,0.9062303523533046,0.0003257274314591996,0.190732981543988,1.5787304025143385,0.0021854968222214666,0.0022070548993724515,0.2240224394481629,-0.15758338294108398,-0.05727252934593707,0.5178658566437662,-0.9545084326528013,0.17566208576317877,0.22238330857362598,0.9062303523533046,0.0003257274314591996,0.19073309330269694,1.5787304025143385,0.0021854968222214666,0.07882994570536539,0.14509894890943542,0.031015063083032146,0.514496578136459,0.12220606851042248,0.01339039614686044,0.12016980251064524,0.2904443632578477,1.7666291864588857,115.44038134813309,,0.23728109570220113,13.21960585564375,3.621103296602701e-05,4.489097261801362,54.6893050968647,2.4925618195831625e-05,4.785176780074835,0.012544706303742714,-0.07260016491636634,0.219654752407223,1.0,-0.21763434418244287,-80.91206914186478,0.0015317000857066887,-0.41371591784991324
9,44498944,0.21877116698306054,0.906837425660342,0.000457516167415406,0.19655245868489146,1.6133414572104812,0.003166839668438115,0.002633208098814066,0.24355714884586632,-0.17873323165258626,-0.05043264836422168,0.5137134755495936,-0.9798718402162194,0.11118068807991222,0.2187776213977486,0.906837425660342,0.000457516167415406,0.19655253656674176,1.6133414572104812,0.003166839668438115,0.07943843578686938,0.15124035882763565,0.03023104638850782,0.47362722165416926,0.11959667436894961,0.013242256522062235,0.11837621539598331,0.3008337701903656,1.4548778049647808,114.11697420477867,,0.2673535357462242,16.32624199986458,4.3579654807418544e-05,4.163081018254161,56.142521649599075,2.293213439452657e-05,4.751410115510225,0.012808828796551097,-0.0726040480658412,0.2148651066236198,1.0,-0.44721007253974676,-111.38983444869518,0.001134621085384424,-0.40320347936358303
9,44564480,0.20625171239953488,0.8799520912580192,0.0007083532539127191,0.1754652967210859,1.5777409593574703,0.004473272035738773,0.002507053019144223,0.2932854450773448,-0.14033022216972313,-0.03167275707528461,0.6492423885501921,-0.7877020086161792,0.1265417307149619,0.20625171239953488,0.8799520912580192,0.0007083532539127191,0.1754652967210859,1.5777409593574703,0.004473272035738773,0.07411413308000192,0.13131831196369603,0.029971877142088488,0.49777708714827895,0.08591285138390958,0.0122738853606279,0.08580563115538098,0.21293169038835913,1.1421830104663968,21.652163416147232,,0.22953546105418354,16.829011149704456,4.5861703390714936e-05,3.362661199644208,50.06750141084194,2.6882015245602298e-05,4.703694015741348,0.009698213631054386,-0.07260014675557613,0.20261677750386298,1.0,-0.3072986074257642,-21.22005568444729,0.00033655735899174033,-0.4003621340962127
9,44630016,0.17001104823624094,0.8334925062954426,0.007189995630445385,0.14659375922754408,1.3801089502871036,0.003933357597816212,0.0016515072322363265,0.18447604633314768,-0.1794189116820538,-0.06801176095293007,0.48167255502659223,-0.5866704645306648,0.11250393658876419,0.231999690993689,0.8590652253478765,0.0006646656346447344,0.18424408487044275,1.6503564408048987,0.004530143537522235,0.08050619118148461,0.136044054874219,0.030940150856622495,0.35033697942892705,0.12858091373345815,0.013694167108042166,0.12847201657132246,0.29658510780427605,1.0311191212385893,14.458578429922152,,0.27169311861507595,19.409435033798218,4.3764159210424314e-05,3.2941507138311863,63.67721179127693,3.0705877932163395e-05,4.779975052922964,0.008749259632168105,-0.07278440543450415,0.2311117290519178,1.0,-1.1606138983624987,-34.811311801752694,0.00393040890104506,-0.3520364675919215
9,44695552,0.2844124555122107,0.8501455867663026,0.0006120214820839465,0.2044321145513095,1.6123801837675273,0.003721191525528411,0.004130876453928067,0.24821227916982025,-0.12223856982745929,-0.05339093835209496,0.5239891218952835,-0.5559423023369163,0.1136102446471341,0.1810424809108477,0.835097622485405,0.0065559740257840424,0.15216785888131484,1.4024965390563011,0.003912907855908954,0.06844645794424935,0.10888707187834633,0.028617313601559096,0.4367098613945116,0.13667316753515435,0.01142727716402319,0.1360810387350832,0.4333738395158785,1.5165709287141371,37.953840142475016,,0.27261232461987894,12.67085409242974,4.17609639042875e-05,5.094289066079942,33.664371680939595,0.007734445678318064,4.708799509398909,0.011848397437033892,-0.0687773584960455,0.16423727471538516,1.0,-0.5239533857675269,-26.355503037571907,0.001629219507549351,-0.3756986951921135
9,44761088,0.20117746642790735,0.8962914943695068,0.0006062209205310864,0.19739179708994925,1.623171528801322,0.0037757508234790293,0.0022775685083615826,0.26465219794772565,-0.22195538200321607,-0.059493418608326465,0.5241849925369024,-0.9229017007164657,0.182906711474061,0.20117746642790735,0.8962914943695068,0.0006062209205310864,0.19739179708994925,1.623171528801322,0.0037757508234790293,0.07964147388702258,0.151387897785753,0.03163192745705601,0.5201791903236881,0.09217782263294794,0.013359125587157905,0.09128908236743882,0.26192836347036064,1.4388853972777724,67.41682483255863,,0.323337119189091,16.537678435444832,4.98435100868555e-05,4.881141372025013,52.897842824459076,2.9423837151498072e-05,4.628179840743542,0.011578297308005858,-0.07260006666183472,0.2191314238589257,1.0,-0.3062127906596288,-64.44989936798811,0.0007847562562801613,-0.4294633566169068
9,44826624,0.22046653006691486,0.8815927687101066,0.0014765951403603594,0.20258351531811059,1.7263328498229384,0.00589888028207497,-0.0010666042187494895,0.20579864643514156,-0.25260964781045914,-0.05911732339882292,0.5241444543935359,-0.7944280467927456,0.08418260235339403,0.22047871362883598,0.8815927687101066,0.0014765951403603594,0.20257956767454743,1.7263328498229384,0.00589888028207497,0.0817243960336782,0.15463368955533952,0.032828686060383916,0.5124879743671045,0.14500410843174905,0.013544449109758716,0.14438937159138732,0.3734577902359888,1.2102283295243979,52.475735016167164,,0.3035688733216375,14.741406038403511,7.181031716640973e-05,4.818933790549636,45.52234932780266,0.00015731356745973812,4.733747839927673,0.011402311207348248,-0.07154735689982772,0.19878498814068735,1.0,-0.012503106176154688,-48.28409959375858,0.0009242931873814086,-0.4117573245894164
9,44892160,0.22267569310497493,0.8699369048699737,0.0011014323561653327,0.1942759514786303,1.7263133306987584,0.005655483569171338,-0.0012304834592100633,0.24633007118245587,-0.22287926636636257,-0.035992486009490676,0.5300513585098088,-0.5672871135175228,0.19819582370109856,0.22267569310497493,0.8699369048699737,0.0011014323561653327,0.1942759514786303,1.7263133306987584,0.005655483569171338,0.08099085179856047,0.14601221383782104,0.03225312010908965,0.5120620550587773,0.12135261099319905,0.013643330792547204,0.1210086180944927,0.30100345402024686,1.2022085362114012,30.648322626948357,,0.30405014962889254,15.39907157421112,5.736103323528141e-05,4.154559459537268,32.946494832634926,0.00019196959981115924,4.622849874198437,0.0121466601267457,-0.07261033123359084,0.1797702902695164,1.0,-0.047764855858986266,-22.793246284127235,0.0014065799416584923,-0.3794573664199561
9,44957696,0.2467234479263425,0.8739869273267686,0.0011232621045564883,0.16885924141388386,1.5280525768175721,0.004924293916701572,-0.0004585122275102549,0.17413291160482913,-0.18920341634657234,-0.02892389165936038,0.5343588590621948,-0.5437115312088281,0.17268490651622415,0.24673963023815304,0.8739869273267686,0.0011232621045564883,0.16885943384841084,1.5280525768175721,0.004924293916701572,0.07315065883449279,0.12498491222504526,0.02935023166355677,0.4947128259809688,0.12658245116472244,0.012717244302621111,0.12487085384782404,0.25727082122466527,1.4653177950531244,84.79908236861229,,0.18681111483601853,12.50859260559082,6.088218007516133e-05,3.445934623479843,32.47110311686993,0.00014044959980008542,4.7783383168280125,0.008008039514606935,-0.07260629907250404,0.17809274094179273,1.0,-0.2363220431143418,-73.83815656602383,0.0010432243122977525,-0.41385170636931434
9,45023232,0.2404961857246235,0.8966402639634907,0.001022311168185297,0.1782563963206485,1.8234682958573103,0.005031472877817578,0.0003337626882284894,0.23347827012185007,-0.19477432555140695,-0.03139818468480371,0.5251372875645757,-0.63654048088938,0.12800205685198307,0.24053413036745042,0.912631235551089,0.001022311168185297,0.17832618847023696,1.8482125736773014,0.005031472877817578,0.07313720340607688,0.1355554210022092,0.028890673129353672,0.43585223832633346,0.12069383732159622,0.012352411373285577,0.12003655286389403,0.2728934802580625,1.1318835942074656,51.16522718220949,,0.1916619131807238,16.544455386698246,5.549970597407139e-05,3.3035523891448975,37.9617884606123,0.00011759165982994091,4.742881212383509,0.00789174166493467,-0.07260638382285833,0.2192865739343688,1.0,-0.3142327817622572,-48.329664044082165,0.0010380087808243843,-0.3664710719604045
9,45088768,0.19816557981539518,0.8792275530286133,0.0010620332583357595,0.18777797790244222,1.613172251265496,0.005086996268801158,0.0013330902322650218,0.29699407471343875,-0.2714881025021896,-0.05117952739237808,0.5146022618282586,-0.5180733008310199,0.13528115185908973,0.19818037771619856,0.8792275530286133,0.0010620332583357595,0.18777094315737486,1.613172251265496,0.005086996268801158,0.07395213417476043,0.14490603370359167,0.02998349662811961,0.4684309468138963,0.08608657791046426,0.012141773717303295,0.08359363561612554,0.2326872698031366,1.6386000411584973,98.03378176689148,,0.2721210822928697,19.92396891862154,5.9499483972880185e-05,4.171362645924091,31.18348601460457,0.0001682937867215628,4.637048028409481,0.009941762858943548,-0.07262021349743009,0.1902414709329605,1.0,-0.4468341980682453,-88.36446070671082,0.0010835823738943873,-0.3430617358535528
9,45154304,0.19247510543093085,0.8283928969999155,0.008289823478789912,0.15277052637500066,1.417645302762588,0.002727157756929349,0.0006091013572298228,0.21190022049927695,-0.23183924303753883,-0.08043077358798656,0.4750756380952347,-0.6960056051892267,0.1131213225920995,0.2476594338659197,0.8478292813524604,0.0014314586330215207,0.19959485123399645,1.686959205660969,0.005697801909263944,0.07801401312462986,0.15622229117434472,0.029161364887841046,0.350777953453362,0.15066707009100355,0.01319487125147134,0.1497098624240607,0.3458832271862775,1.4458788139745593,25.551805753968658,,0.24343948275782168,15.801451027393341,6.707050956378247e-05,4.705992341041565,42.34084603190422,0.0002124785447783495,4.754147216677666,0.011685364086588379,-0.07171451160684228,0.19036045367829502,1.0,-0.9653537548015205,-34.70223330909697,0.0009844791529273304,-0.36156696488459905
9,45219840,0.2905275078956038,0.8823023033328354,0.0005978860289133081,0.21294677985133603,1.7568274280056357,0.003261145487158501,-0.0006115987000612222,0.2744242037879303,-0.2567729674046859,-0.0675965893024113,0.5139493700116873,-1.0139711033552885,0.2231419552117586,0.20193421961851868,0.8335889843573053,0.007548431917356023,0.15856928226582886,1.4503375557980624,0.002778626453818906,0.06736879759602787,0.11854102891723974,0.02587095923940595,0.4425385310034077,0.1368862003796658,0.011493202163879928,0.13598420776367884,0.36928973258865705,1.8310699522080103,40.16831657169274,,0.32576687036205576,14.698327818501134,4.219100287935939e-05,5.781545025072796,41.635832131172656,0.021707276262935893,4.73966223073293,0.017342694291928418,-0.06925495823912592,0.19190917149500317,1.0,-0.6587000347208232,-27.398207269608974,0.0013505233628166025,-0.40058724669506773
9,45285376,0.19065278815105557,0.9065762320533395,0.00043902837506948345,0.20361322443932295,1.7128568449988961,0.002810408788946006,-0.0011810389452193704,0.2277797837741673,-0.2659651009598747,-0.06321266348822974,0.5393599974922836,-0.6344619374722242,0.11414970651094336,0.19069815939292312,0.9233757755719125,0.00043902837506948345,0.20368264825083315,1.7346348529681563,0.002810408788946006,0.07779713702620938,0.15974216477479786,0.031271532279788516,0.5258560106158257,0.08417264145100489,0.012996064258913975,0.08206539420643821,0.25483673001872376,1.8204296855255961,97.611891746521,,0.3167638670420274,17.98696295917034,4.023556973264952e-05,4.801563162356615,37.23843179643154,2.942187597176904e-05,4.649667989462614,0.01305348096502712,-0.07262630807235837,0.22798184980638325,1.0,-0.4249311388703063,-76.72974702715874,0.0013503533036782756,-0.4160804357379675
9,45350912,0.24849422578699887,0.8615117990411818,0.0004969522872215748,0.1813447903841734,1.6394797484390438,0.0030132078463793732,-6.228593066737176e-05,0.20677556833834387,-0.2862574040191248,-0.029657755185326096,0.5115222320891917,-0.5029574346262962,0.04781070491299033,0.24851154175121337,0.8615117990411818,0.0004969522872215748,0.18133975472301245,1.6394797484390438,0.0030132078463793732,0.0755229021597188,0.13758017623331398,0.029029257872025482,0.47232367109972984,0.12533115722544608,0.01279074505873723,0.12328733441972872,0.26821581803960726,1.4315501367673278,86.99185390025377,,0.21472329282551073,17.65399281308055,3.2998707737097455e-05,3.1014109486714005,30.363422960042953,3.2299924721646e-05,4.8159475810825825,0.00893588440885651,-0.07262117927893996,0.1999036577763036,1.0,-0.13885047246003523,-40.78200516104698,0.0008907983522021823,-0.3918213438009843
9,45416448,0.2328298029024154,0.8494038502685726,0.0005403978885851757,0.18698221654631197,1.608072695787996,0.002885320670884539,0.00016933458755374886,0.20057500118855387,-0.2224905307230074,-0.029569791833637282,0.520202808547765,-0.6851345382165164,0.15312369959428906,0.23283564450684935,0.8494038502685726,0.0005403978885851757,0.18697859800886363,1.608072695787996,0.002885320670884539,0.0756472495268099,0.14406359707936645,0.02816452062688768,0.47319713223259896,0.11487682870938443,0.012719741411274299,0.11305590943084098,0.26329215173609555,1.3711891891434789,105.95696692168713,,0.19451423559803516,14.911495670676231,4.2444179008754856e-05,3.2423947285860777,40.97811062633991,2.845234357862214e-05,4.7205203622579575,0.01036684636346763,-0.07261709100566804,0.19976120628416538,1.0,0.03292163391597569,-72.1259400844574,-0.0002897236674925807,-0.41703702812083066
9,45481984,0.23682461096905172,0.876892099622637,0.00036860023249118967,0.18129078100901097,1.5435764561407268,0.0021033010623341397,0.00036906221521348925,0.22626279020914808,-0.19896985925151967,-0.03610600777028594,0.5075861064251512,-0.9406691698823124,0.1446130729163997,0.23683736275415868,0.876892099622637,0.00036860023249118967,0.18128853081725538,1.5435764561407268,0.0021033010623341397,0.07661111827474087,0.13667280680965632,0.029608233118779026,0.4610529546625912,0.12828257576620672,0.013124485674779862,0.12698030343744904,0.28522775642341003,1.2276088129729033,77.62567654252052,,0.19994954485446215,15.250263713300228,3.3687622442490905e-05,3.2659205496311188,53.97678950428963,2.4653840527966153e-05,4.809705197811127,0.008568338722398039,-0.07260044082067907,0.22130525566171855,1.0,0.3380839574383572,-21.90772957354784,0.0011060028302836145,-0.3686192682944238
9,45547520,0.23441725166048855,0.9020999106578529,0.0004148650823481148,0.20393993880134076,1.5688536213710904,0.002480047969811494,-0.0003277551477367524,0.22557495982619002,-0.2852134812856093,-0.07460633007576689,0.5117307885084301,-0.5977657772600651,0.140633653732948,0.23441725166048855,0.9020999106578529,0.0004148650823481148,0.20393993880134076,1.5688536213710904,0.002480047969811494,0.08089971909066662,0.15989212086424232,0.030380285999854095,0.45399662747513503,0.1298810754378792,0.01425447512883693,0.12966675372445025,0.30633045674767345,1.193170256447047,22.29824758321047,,0.3406788583379239,16.92626378685236,3.0268883724288154e-05,5.236424300819635,34.24945650994778,3.5238417027239066e-05,4.694282241165638,0.016864421901118476,-0.07260011183097959,0.20471434737555683,1.0,-0.26932634704280645,-17.322102092206478,0.0022907707825652324,-0.3644902283558622
9,45613056,0.20898376416880637,0.8991751712746918,0.0005683805334228964,0.1946341898292303,1.5479542962275445,0.0035418596612544206,0.0010565449854311737,0.3019354302668944,-0.2710157110122964,-0.06246224319329485,0.5124839255586267,-0.6537174480035901,0.16159856494050473,0.2089884460438043,0.8991751712746918,0.0005683805334228964,0.1946318803820759,1.5479542962275445,0.0035418596612544206,0.07686561578884721,0.15121539402753115,0.03066739538917318,0.5115634453250095,0.08458035785588436,0.013267477203044109,0.08351687272079289,0.22341276437509805,1.7867022715508938,60.423601031303406,,0.3953937767073512,19.177487052977085,3.976230637342537e-05,4.542218767106533,37.45525124669075,7.256486243001348e-05,4.646267708390951,0.013519348642148543,-0.07260004105046391,0.23521396913565695,1.0,-0.39829372306121513,-20.759278491139412,0.0016086049412251668,-0.40846410987433046
9,45678592,0.15674215004468958,0.840757084513704,0.007836236910758696,0.14192140052405494,1.4388967533782124,0.0054731981216173155,0.0005836770999349028,0.12155818799044937,-0.1255694763182449,-0.04230766484640981,0.4622506002469027,-0.3852083034147896,0.11613921796282133,0.2434767148224637,0.9216088256798685,0.0008438367572125571,0.20178492181003094,1.6133006480522454,0.004821563234600035,0.07898023450979963,0.15819220861885697,0.030893870411091484,0.3697855033539236,0.14362120674923062,0.01371612695947988,0.14201141137164086,0.32357558293733746,1.7263573398813605,8.307453166438886,,0.38050825567916036,19.59540991485119,4.140948328634764e-05,4.032837739214301,35.663465797901154,0.00015967381171366757,4.7701430059969425,0.014076825711526908,-0.07265263143926859,0.24221117328852415,1.0,-0.8731306225402902,-18.26866773498943,0.0024814458681309288,-0.3792677007056773
9,45744128,0.27162837726064026,0.8810165985487401,0.0018743862120800259,0.19872628280427307,1.6929953275248408,0.0069633106659239274,7.402499181807798e-05,0.1280510992219206,-0.22004179500072496,-0.03783717815531418,0.5021609016694129,-0.3907972062006593,0.1443283420521766,0.16781620837815375,0.8446375196014183,0.00726160069883786,0.14739645200400017,1.4633881822116224,0.005616823427092651,0.06691513852642691,0.10369424849709338,0.03094841514753335,0.46274705903312885,0.1338357717652261,0.011378730169682572,0.13361087350345902,0.4539735538615699,1.1927553177923413,19.98421648471246,,0.12680360483053332,9.61247660848312,5.287399623070633e-05,3.5042924888043507,27.444664356492304,0.006814287567128844,4.728338892919472,0.009260528597355532,-0.06696174803178713,0.16909707849284253,1.0,-0.61974417057354,-17.859243854880333,0.0021126377346263325,-0.3787725348956883
9,45809664,0.19619519670959562,0.8647405793890357,0.0008326040334054596,0.17919531976804137,1.7516456535086036,0.004343716069797665,0.0005658628844571467,0.19342296273680404,-0.09647341984236846,-0.02501536809722893,0.528582660946995,-0.3227605631109327,0.15487971273250878,0.1962015621829778,0.8647405793890357,0.0008326040334054596,0.17919651605188847,1.7516456535086036,0.004343716069797665,0.07193141925381497,0.13641153043136,0.030531167882145382,0.48789920937269926,0.08122114578145556,0.01172029584995471,0.08068730623926967,0.2195449421997182,1.1543617872521281,57.67941750586033,,0.12229865847621113,11.258053097873926,4.493371643998767e-05,2.647103074938059,30.285555973649025,0.00013536988750217915,4.6946244686841965,0.006882858910103096,-0.07262012013234198,0.1752198610920459,1.0,-0.4925384216476232,-17.253295972943306,0.0013077250412152353,-0.39995696011465043
9,45875200,0.23754189908504486,0.8509266427718103,0.0009192886611799622,0.18843669130001217,1.6203826502896845,0.004683476216087001,0.0001404688902084672,0.24256134312599897,-0.16444762548781,-0.03336437841062434,0.5309286019764841,-0.3566499256994575,0.10255912644788623,0.23754189908504486,0.8509266427718103,0.0009192886611799622,0.18843669130001217,1.6203826502896845,0.004683476216087001,0.07938142266357318,0.14229801978217438,0.030744185598450713,0.5073613815475255,0.13114012694859412,0.013597064971690997,0.13087710419495124,0.2777845287346281,1.0838600536808372,28.913699075579643,,0.215393272228539,14.40111756324768,5.710349492771272e-05,3.418098371475935,30.41996844112873,0.00015903713003373454,4.772972226142883,0.011217689199838787,-0.07259496673941612,0.18798675236757845,1.0,-0.4919302479829639,-28.759721614420414,0.0013327319829841144,-0.4175304899690673
9,45940736,0.21784320357255638,0.8586899056099355,0.0004782146331763215,0.20846222434192896,1.6815291582606733,0.002880478339648107,0.0017955205592556922,0.32052983983885497,-0.18978836061432958,-0.05692994926357642,0.6631743796169758,-0.5220736204646528,0.18346106718672672,0.2178752264007926,0.8716036188416183,0.0004782146331763215,0.20852990704588592,1.7108570910058916,0.002880478339648107,0.08140430215280503,0.16259279393125325,0.03104712131607812,0.5098979636095464,0.1260777076240629,0.013638549215102103,0.12468801939394325,0.33297532133292407,1.5149746406823397,82.38531295955181,,0.3053537863306701,18.849817655980587,4.2105481341425666e-05,4.7619209587574005,38.80970285832882,3.050099688994834e-05,4.654139172285795,0.01353375865437556,-0.07268651714548469,0.21908526914194226,1.0,-0.6418921495787799,-73.11694498360157,0.0016284983870491487,-0.43339387723244727
9,46006272,0.2205170172965154,0.8743309532292187,0.0005939255645444064,0.20555002545006573,1.7410108889453113,0.0035512004487827653,0.001221990486442337,0.2319192192517221,-0.24408862949348986,-0.06174973174347542,0.6287147852126509,-0.5149468202143908,0.16753458930179477,0.22053068573586643,0.8743309532292187,0.0005939255645444064,0.2055476192617789,1.7410108889453113,0.0035512004487827653,0.0792294466518797,0.16035690827993676,0.03239235968794674,0.5306350394384935,0.1246183906623628,0.013586721448518801,0.12351610710902605,0.3114804613869637,1.3782806294038892,71.1581388860941,,0.25354555959347636,14.960783749818802,5.480478054431526e-05,4.603052981197834,36.560169249773026,2.8803962780488135e-05,4.775734152644873,0.012013947005470982,-0.0727392106782645,0.1803957502124831,1.0,-0.46000035014003515,-64.3476999104023,0.0010590663089260488,-0.45621502737049013
9,46071808,0.2460272735916078,0.916492585092783,0.0005007418684499498,0.18483665538951755,1.6906044743955135,0.0028154218567237876,0.00018167282837566745,0.24050980352330953,-0.2450760517967865,-0.042727636435301974,0.5371913854032755,-0.5722420902457088,0.15486234612762928,0.2460272735916078,0.916492585092783,0.0005007418684499498,0.18483665538951755,1.6906044743955135,0.0028154218567237876,0.07665190054103732,0.1403161000343971,0.029340758643229492,0.4848203989677131,0.1313316923333332,0.013105413876473904,0.13105306919896975,0.29659842152614146,1.1064561801031232,22.713570199906826,,0.23183594353031367,15.735531508922577,4.157086797815929e-05,3.790710961446166,34.81374207139015,3.414456491146467e-05,4.695191964507103,0.009341131280962145,-0.07284208782948554,0.18781143066007644,1.0,-0.34634910186287016,-21.366626776754856,0.0008329974350544944,-0.3980974623700604
9,46137344,0.210367682389915,0.880153342615813,0.0004767549680764205,0.20043270254973322,1.5856504789553583,0.0028447148501982156,-0.00042856873358232406,0.1763204414746724,-0.26198321126867086,-0.05178104035439901,0.5156085784547031,-0.5700872810557485,0.16220111236907542,0.210367682389915,0.880153342615813,0.0004767549680764205,0.20043270254973322,1.5856504789553583,0.0028447148501982156,0.0781295063206926,0.1564242128515616,0.030667421320686117,0.507716870168224,0.08598137221997604,0.01308193272416247,0.08578793954802677,0.23948397918138653,1.2357614738866687,23.96543661504984,,0.23142365575768054,15.666030928492546,3.9182486208044764e-05,4.216080106794834,32.66930651664734,3.918519733936421e-05,4.671376578509808,0.01100844459142536,-0.07263485644944012,0.1834185195621103,1.0,-0.4430856164544821,-20.05426550656557,0.001232243146773726,-0.41895093221683055
9,46202880,0.16167337233200668,0.8118546364456416,0.008727972502359384,0.12400017185757557,1.4585606101651987,0.005493660843543087,0.0006438234243463133,0.10954878792307379,-0.07564800634640657,-0.014936352203303613,0.504383499241053,-0.2586701827682555,0.09665233075618744,0.25728054414503276,0.8947474784217775,0.0009098142826360345,0.18741998076438904,1.596220722887665,0.003192262360926179,0.0790185717632994,0.14197837130632252,0.02953773165063467,0.3260625463972489,0.14166345351259224,0.013514301710529253,0.1414623202290386,0.3124568007187918,1.277340976987034,18.24098037493105,,0.19416171603370458,13.463463295251131,4.538069099924158e-05,3.613946972414851,36.26755349338055,7.290866615800029e-05,4.781955514103174,0.009033562888362212,-0.0722977330442518,0.18017479125410318,1.0,-0.7686149372936537,-19.273370084551473,0.001588500287016359,-0.3205557431591054
9,46268416,0.2890380456810817,0.8298235256224871,0.0017458656363942282,0.1868216252187267,1.626032066065818,0.0059726706731453305,0.001398347061581262,0.18382369045866653,-0.07344763959918055,-0.02046217501083447,0.54969054274261,-0.367972674430348,0.11835815571248531,0.17395668146929827,0.8144422839339598,0.008054998346603705,0.13006200694131204,1.4766840451812169,0.005539830465673424,0.05951676485184804,0.0918978909184842,0.024558597815879452,0.40500624542943686,0.12737884776113087,0.009581818488701415,0.12692122897075375,0.39525121254622037,1.0348312663228576,28.14866932671158,,0.10111451210841223,7.619635426913422,5.9348910935968457e-05,2.5438981810731938,29.457732578655367,0.00022966865343885336,4.7785875474114015,0.008983958449208736,-0.058288848700832174,0.15780845004504165,1.0,-0.6997386291623116,-26.134997844696045,0.0014866863702991395,-0.354809058830142
9,46333952,0.20617615175433457,0.8717767870984972,0.0006581081662488941,0.18808652856387198,1.6098996307700872,0.003944867761674686,0.0004182350337771368,0.12796712800627574,-0.18951578486303333,-0.026126208918867633,0.5230908887460828,-0.40993396169506013,0.11752221488859504,0.2061875406652689,0.8717767870984972,0.0006581081662488941,0.18808408989571035,1.6098996307700872,0.003944867761674686,0.07565162592800334,0.14431276416871697,0.030082680445048027,0.4912203554995358,0.07996982615441084,0.012644443253520876,0.07899177458602935,0.20889230770990252,1.2989130690693855,49.546647757291794,,0.167773496825248,11.989745760336518,5.261402277434435e-05,2.920074984431267,29.970900520682335,3.661909057463275e-05,4.708646908402443,0.009570251288096188,-0.07260006852447987,0.1870741993188858,1.0,-0.73159483470954,-43.89498946070671,0.0013535435314224742,-0.41035797365475446
9,46399488,0.236095858970657,0.8524516690522432,0.0012843795732351282,0.20675094390753657,1.628281181678176,0.006433977652704925,-0.00018930991893739701,0.22511568974005058,-0.20629195956280455,-0.03740169809316285,0.5100183410104364,-0.4825337282381952,0.10372083471156657,0.236095858970657,0.8524516690522432,0.0012843795732351282,0.20675094390753657,1.628281181678176,0.006433977652704925,0.08589789966936223,0.15747795661445707,0.03156857362773735,0.5175773164955899,0.1356316488236189,0.014582880517991725,0.13549744938791264,0.3086207961314358,1.1689856396988034,19.942306742072105,,0.31447444518562406,14.810460077598691,6.585673551748328e-05,3.8377423714846373,30.94439360499382,0.00020044109569949953,4.772045888006687,0.012727272584015736,-0.07153420732356608,0.196361388778314,1.0,-0.521783544216305,-19.320480950176716,0.002064823450609765,-0.43366996303666383
9,46465024,0.24573289521504194,0.8538775891065598,0.0006290393017707174,0.20199729385785758,1.6310783582739532,0.0035946594277902477,-0.0002786631497500025,0.2652587833290454,-0.2143036161432974,-0.039966393902432173,0.516265134094283,-0.4899847044143826,0.17392741428921,0.2457453382667154,0.8538775891065598,0.0006290393017707174,0.20199529733508825,1.6310783582739532,0.0035946594277902477,0.08134576171869412,0.15654828224796802,0.029092279059113935,0.4753833772847429,0.12467555404873565,0.013492384598066565,0.1232235271600075,0.2920881398313213,1.4723577089607716,61.37630635499954,,0.27750983310397714,16.371590238064528,4.9993619517962884e-05,3.5915352944284678,30.486725136637688,0.00010343916376420736,4.677283972501755,0.01110600197716849,-0.07260011043399572,0.2037051833467558,1.0,-0.3288971653673798,-24.13143903017044,0.0009446986002785707,-0.38727692689280957
9,46530560,0.23105441918596625,0.8842608169652522,0.00044209126951955113,0.19153598276898265,1.6922106985002756,0.001887458787905416,-0.0018151089335560755,0.10203931817886769,-0.2823344881180674,-0.033551601532963105,0.514060010900721,-0.7089795551728457,0.16792176372837275,0.23107161291409284,0.8842608169652522,0.00044209126951955113,0.19153267436195165,1.6922106985002756,0.001887458787905416,0.07617233705241233,0.14804919413290918,0.029713666473980993,0.4931649506324902,0.12549272122851107,0.012783068967110012,0.12349251673731487,0.29499436140758917,1.5011274628341198,97.97725926339626,,0.20061509869992733,16.480648286640644,4.051593859166758e-05,2.9416876565665007,40.73237672448158,3.498376454258434e-05,4.817770920693874,0.00890559933395707,-0.07260025525465608,0.20475521683692932,1.0,-0.09733407036401331,-75.07328324019909,0.0010483293071956723,-0.4004142232006416
9,46596096,0.24124741519335657,0.9232362164184451,0.0003597115000957274,0.19219472934491932,1.938857858069241,0.0014588798397880964,0.00021835968732375477,0.23530997952912003,-0.2227581847109832,-0.029195531460572965,0.5303204911760986,-0.5921585399191827,0.14560892072040588,0.2413070648908615,0.9408947993069887,0.0003597115000957274,0.19225722935516387,1.957261181436479,0.0014588798397880964,0.07469515316188335,0.14965927426237613,0.029039559231023304,0.45321706018876284,0.1292439691023901,0.012250446910911705,0.12732857617083937,0.29780276538804173,1.3541830219328403,107.6763626113534,,0.21555652061942965,16.245208866894245,3.580167879213558e-05,2.9426306821405888,36.938029766082764,2.694000603199742e-05,4.707942355424166,0.0086136583086045,-0.07264632452279329,0.2261791320051998,1.0,0.5827575837029144,-43.993278570473194,0.0006101387859871465,-0.3916124477982521
9,46661632,0.18984485836699605,0.8473219415172935,0.00032755724117805585,0.2025355052901432,1.7491195392794907,0.0013366022357104157,0.000984782195587286,0.24326848820783198,-0.19087762967683375,-0.042889423784799874,0.5160538251511753,-0.44268674752674997,0.13197246741037816,0.18984338291920722,0.8473219415172935,0.00032755724117805585,0.2025330784963444,1.7491195392794907,0.0013366022357104157,0.07477504585403949,0.1598052552435547,0.031829594750888646,0.49868320126552135,0.08769875334110111,0.012311261845752597,0.08701293505146168,0.2639325549826026,1.2136332197114825,61.73717679083347,,0.18684405664680526,14.129736132919788,3.812324195207051e-05,3.5431843660771847,29.567706540226936,3.070888436584873e-05,4.674139354377985,0.009802982727705967,-0.07260019471868873,0.17846727650612593,1.0,0.436434319766704,-22.117945484817028,9.546323633458087e-05,-0.42156118096318096
9,46727168,0.1671869657902668,0.8407089861979087,0.008055301776294072,0.13959965916040043,1.4178762276967367,0.0051554035058385735,0.00016885859872824464,0.1685873524286823,-0.2054841837407245,-0.04725389032199928,0.4779438332950182,-0.47749912782242365,0.11003094042340913,0.267715587397106,0.8856528867036104,0.0009442637942811416,0.1815440277568996,1.613015562761575,0.004874508626357965,0.07573576798313297,0.13825668866047636,0.029129812159226276,0.36745883223290243,0.1356311680356157,0.013076788338366896,0.13531114561192226,0.2737578407250112,1.145749403629452,10.646850208919496,,0.14770896476693451,14.599469009786844,4.348078300164815e-05,2.9770958684384823,37.74930277466774,0.00013215722882709002,4.826743014156818,0.010379264942457667,-0.07261079316958785,0.19748161162715405,1.0,-0.9540202790005908,-49.1722865285476,0.0024557860353039964,-0.36814059597750504
9,46792704,0.27770663297269493,0.8454844350926578,0.000791819766163826,0.20163120690267533,1.593854466918856,0.00431711077953878,0.0002534745522382309,0.1659146702149883,-0.16878605227248045,-0.04520610559848137,0.5122896903194487,-0.5265581461135298,0.11774433695245534,0.17785107979764153,0.8420595010764986,0.007355207124715254,0.14558660864818795,1.4378594586917435,0.005074604206918111,0.06622084686027682,0.10339080357183535,0.028882001616419798,0.4588144855484007,0.13601770350346284,0.011334297104517043,0.135106229454739,0.41206785108535043,1.3338937144277685,48.54081644207598,,0.1924740720381792,13.465152632669511,5.351942009583884e-05,3.7804386005771953,30.331487129347018,0.028535178187279207,4.724522629057068,0.010993856201207838,-0.06837303887110159,0.19223367248336415,1.0,-0.8629400921054184,-27.782158002257347,0.0026034174775304564,-0.3704715471249074
9,46858240,0.2044697110541165,0.8846512846648693,0.0004707692303327349,0.20293490204494447,1.6153187002055347,0.0028677405040298254,0.0015186065620582667,0.2646430491004139,-0.15719974777312018,-0.051666017359821126,0.5234515802003443,-0.46074329782277346,0.12451680633239448,0.20447681937366724,0.8846512846648693,0.0004707692303327349,0.20293245185166597,1.6153187002055347,0.0028677405040298254,0.07851511589251459,0.15896542672999203,0.030721391100087203,0.5125393432099372,0.08830828490317799,0.013328451561392285,0.08707900726585649,0.24198656692169607,1.5751825217157602,92.85345362126827,,0.2152301513706334,15.83004854992032,5.4256130431085126e-05,4.097247313708067,31.92080356180668,2.915875267384127e-05,4.6853757463395596,0.013174577601603232,-0.07260017702355981,0.22472415794618428,1.0,-1.0613590581342578,-90.54548839479685,0.001347187311239395,-0.4218084814492613
9,46923776,0.2292305736336857,0.8664192631840706,0.0001908263010079736,0.18995640124194324,1.660848883446306,0.001085681916606518,0.0004677898273257597,0.21582575899083167,-0.25157420395407826,-0.033522711193654686,0.513494857121259,-0.6186678446829319,0.08872329234145582,0.22923319041728973,0.8664192631840706,0.0001908263010079736,0.1899549363879487,1.660848883446306,0.001085681916606518,0.07999364467104897,0.1431174986064434,0.030110112944385037,0.47844454017467797,0.13676223237416707,0.013239780484582298,0.13599813463224564,0.317000430484768,1.3370200148783624,59.85118533670902,,0.28458711865823716,16.326840057969093,3.177666298803672e-05,3.256887066178024,35.49373158812523,2.006035341564627e-05,4.7493761740624905,0.009267081139114453,-0.072600276209414,0.19546468486078084,1.0,-0.705738719785586,-53.6778653934598,0.001251478285439589,-0.37241778161842376
9,46989312,0.23690239700954407,0.8770048501901329,0.0018390110266182091,0.172405427088961,1.6971759367734194,0.005244203382972046,0.00033948001237149583,0.2888569916249253,-0.23360882967244834,-0.02554576205147896,0.5193942268379033,-0.7114043107721955,0.190970980678685,0.23691837850492448,0.8770048501901329,0.0018390110266182091,0.1724046899471432,1.6971759367734194,0.005244203382972046,0.07508595823310316,0.12647856207331643,0.03013455572363455,0.5069638579152524,0.12727931528934278,0.012621148758626077,0.12515725195407867,0.2808326896629296,1.409586241003126,133.88314485549927,,0.2524490844225511,17.919528894126415,6.484671903755901e-05,2.6721819303929806,40.90753710269928,7.9488695916341e-05,4.643994204699993,0.0072147628088714555,-0.06911990931257606,0.1969559050630778,1.0,-0.39772304391954094,-90.81966818869114,0.0013089142116768926,-0.4351695574587211
9,47054848,0.22221322113182396,0.8324670507572591,0.001792716407635453,0.1830763714388013,1.6056938921101391,0.005942842955846572,2.197061849074089e-05,0.18241310131270438,-0.1483506842632778,-0.030446154938545078,0.5241834209300578,-0.6739568861667067,0.12407704652287066,0.22222577792126685,0.8324670507572591,0.001792716407635453,0.1830727458000183,1.6056938921101391,0.005942842955846572,0.07319152232958004,0.13997385691618547,0.03012459485034924,0.44544011587277055,0.1176970756641822,0.011991034320089966,0.11614278788329102,0.27223886421415955,1.1127085709013045,75.06075272709131,,0.11615344634628855,12.805437579751015,7.264811431645368e-05,2.763272506184876,41.862718001008034,0.00013541532408001267,4.792719718068838,0.007042606528557371,-0.06928762467578053,0.19087861850857735,1.0,-0.039564454869832844,-57.44726063683629,0.0008436698708464974,-0.39248903130646795
9,47120384,0.23456959251780063,0.8980349050834775,0.0025765461698483705,0.2091371773276478,1.7416686876676977,0.007485353618449153,0.0021675884367482467,0.2816040243487805,-0.1949149170104647,-0.04588640217843931,0.5154697506222874,-0.4213674727361649,0.18658341269474477,0.2345825107768178,0.8980349050834775,0.0025765461698483705,0.20913572888821363,1.7416686876676977,0.007485353618449153,0.08027797873364761,0.16446355392690748,0.03089637444645632,0.5164103690767661,0.1275316212559119,0.01367721710994374,0.12626247119624168,0.2949727022787556,1.2034415225498378,61.270876213908195,,0.2653885532054119,17.094657491892576,6.886085562540778e-05,3.8130060005933046,29.701627016067505,0.0002835551732562891,4.725623197853565,0.014175056741805747,-0.06782066798768938,0.20257587905507535,1.0,-0.07525209929735865,-55.418961212038994,0.0013530927199099096,-0.41747995850164443
9,47185920,0.1973822017898783,0.8903515823185444,0.0005942282911632901,0.20658340258523822,1.6067205648869276,0.0034782187533437536,0.00316082031440601,0.28492930345237255,-0.20473906767438166,-0.03932072002498899,0.5122249335981905,-0.44447569618932903,0.12127321597654372,0.19738697679713368,0.8903515823185444,0.0005942282911632901,0.20658230525441468,1.6067205648869276,0.0034782187533437536,0.08183711965102702,0.16034346586093307,0.031227808867697604,0.5222710653906688,0.08657895255601034,0.013772629732557107,0.0854700553463772,0.23881130863446742,1.5748664056882262,75.49750311672688,,0.339730454608798,18.578354328870773,3.661602466276115e-05,3.7532800883054733,29.373824670910835,9.310486581348698e-05,4.6582975052297115,0.013073096502921544,-0.07260015932843089,0.19485033000819385,1.0,-0.6705751006957144,-74.44936421513557,0.0005363954290942274,-0.4094779286533594
9,47251456,0.1599165131462117,0.8219650331387918,0.008400474332671971,0.1090740100822101,1.3659009639173747,0.004459590170542167,-0.00025669532005622385,0.17607584362922352,-0.2015032583749659,-0.009658376560558206,0.535895581303057,-0.41020440837547845,0.10614725316564241,0.24588510009925812,0.8491339311003685,0.0005243473148084377,0.2022439386928454,1.6371165132150054,0.003190694129898475,0.0861289426102303,0.1530208406620659,0.02998289343668148,0.3084233289584517,0.14211815991438925,0.014372575722518377,0.14130062391632237,0.3162933287094347,1.377290626987815,40.92125252138823,,0.32218349259346724,15.232609786093235,3.5879537800820316e-05,3.4160294756293297,30.442183390259743,6.648998063596423e-05,4.784228663891554,0.012494278700614814,-0.07260711886920035,0.2176989821018651,1.0,1.4664512834387522,-11.603046983061358,-0.00032272337377435177,-0.32398473359954855
9,47316992,0.2999295442132279,0.8458939283154905,0.0013868294076928578,0.18442937592044473,1.5989406825974584,0.006036316810423159,-0.0016716653320543173,0.22239923625602387,-0.22339692618697882,-0.01766799124015961,0.5471784905530512,-0.38867377187125385,0.14840737031772733,0.17342450579134636,0.8242714326738952,0.007724460363999285,0.11633636067195022,1.38836262354919,0.004611563822578889,0.059633726228858874,0.0763708614892921,0.02410831016766087,0.40388542156195245,0.1318425213384578,0.009777927175458768,0.13056762194778512,0.3990437964661922,1.7068732700434075,41.31879041219377,,0.18658174534050567,13.316110692519963,5.1363522806688555e-05,2.1428957388740515,31.013838312768165,0.00046783366874713917,4.783063920147447,0.006288555048324423,-0.06751411767250085,0.1694332141743367,1.0,0.7671674620360136,-11.836887311190367,-0.00014188000011472468,-0.41262305434793234
9,47382528,0.2097079656086862,0.9041333277709782,0.0009349512359904111,0.18948452977929264,1.6916538584046066,0.005171136659555486,-0.0012052589867721508,0.21984069113386795,-0.21236703300382942,-0.024520849910913967,0.5274141510017216,-0.3605455469805747,0.15102641028352082,0.20972674142103642,0.9041333277709782,0.0009349512359904111,0.18948393629398197,1.6916538584046066,0.005171136659555486,0.07662469561910257,0.1447278152918443,0.03017002815613523,0.4913023351691663,0.09466620339662768,0.012823101773392409,0.09247326920740306,0.2364201679592952,1.6368411388248205,127.99901285767555,,0.28117704088799655,13.958793714642525,5.659757406828447e-05,2.929018871858716,30.218605309724808,0.00014391560753557187,4.673297729343176,0.008884586826752638,-0.07263675658032298,0.19644207297824323,1.0,0.5970120549900457,-69.95095716416836,0.0006278038694063071,-0.4040149715729058
9,47448064,0.2290965609718114,0.9039212870411575,0.0013667208378365103,0.20091944676823914,1.745101073756814,0.005899127440898155,-0.00161596668135644,0.15843085254891776,-0.24757765734102577,-0.03410491030081175,0.5165873067453504,-0.3815882795024663,0.08266416552942246,0.22910965618211776,0.9039212870411575,0.0013667208378365103,0.20091514952946454,1.745101073756814,0.005899127440898155,0.08010138018289581,0.15536294126650319,0.030960926495026797,0.49098661285825074,0.13863116929132957,0.013392371307418216,0.13676520294393413,0.324375560041517,1.456376161891967,128.04360328614712,,0.25618151476373896,15.354903817176819,6.85123725454595e-05,3.2057937290519476,29.59827284514904,0.00019114076586124185,4.7798598147928715,0.010352830409829039,-0.07259986083954573,0.19108313252218068,1.0,0.36454484082059935,-47.06833930313587,0.0013049381655036996,-0.3849017213797197
9,47513600,0.21951696777250618,0.8599792844615877,0.0010886111365380202,0.2026741678128019,1.794442533981055,0.005208301402944926,-0.0011446648976516371,0.19228136315359734,-0.258895258535631,-0.04941615657298826,0.5165967494249344,-0.6395449072588235,0.1860213812906295,0.2195298841688782,0.8599792844615877,0.0010886111365380202,0.2026703575393185,1.794442533981055,0.005208301402944926,0.07714896509423852,0.15884738485328853,0.03070129190746229,0.46843867050483823,0.11763374041765928,0.012728707195492461,0.11624718309030868,0.29540731583256274,1.4339751666411757,69.06283769011497,,0.23804313858272508,15.561583809554577,5.367745584017314e-05,3.9713472202420235,38.819584995508194,0.0001642850782399563,4.663963317871094,0.010986265508108772,-0.07261710986495018,0.20042352052405477,1.0,-0.25531384744954266,-67.14296463131905,0.0009511243561064475,-0.4013716730987653
9,47579136,0.2314286014297977,0.8870015474967659,0.0008142483395658928,0.19997342629358172,1.584014797117561,0.004835314612137154,0.00027058773696353455,0.2447926306631416,-0.20890970597974956,-0.06224524456774816,0.5177833300549537,-1.0029377918690443,0.16914080525748432,0.2314286014297977,0.8870015474967659,0.0008142483395658928,0.19997342629358172,1.584014797117561,0.004835314612137154,0.07931451295735314,0.15533422387670726,0.030384371377294883,0.47056195803452283,0.12840018651331775,0.013717590169108007,0.12821775622433051,0.2915045240079053,1.1877373196184635,30.6786747276783,,0.2541442837100476,15.38473217189312,7.088249683651071e-05,4.431054763495922,57.464103281497955,9.50039432602301e-05,4.810519564896822,0.013318992241693195,-0.07262311317026615,0.21831137232948095,1.0,-0.12110749851854052,-28.389784678816795,0.0008105333999992581,-0.3924724601674825
9,47644672,0.25201085617300123,0.8938278406858444,0.0009611310365471581,0.1859870166517794,1.5095532480627298,0.006132034785878204,-0.00042525694880168885,0.2768691745441174,-0.21114685852080584,-0.06193361699115485,0.39048160379752517,-0.6974703734740615,0.1378108225762844,0.2520271997200325,0.8938278406858444,0.0009611310365471581,0.18598639336414635,1.5095532480627298,0.006132034785878204,0.07763983879704028,0.14189288282068446,0.02915458941424731,0.5086632993770763,0.11951505052275024,0.013940303142589983,0.11756127869011834,0.24820726638427004,1.440473553724587,70.49524350464344,,0.2542351468000561,17.149837285280228,5.9477197607793464e-05,4.217159872874618,39.96210913360119,3.7389985795083236e-05,4.756448972970247,0.01638415237539448,-0.07261307421140373,0.2366909960983321,1.0,0.20989754973561503,-57.967912182211876,-0.00013705056903745572,-0.4031278050970286
9,47710208,0.21717847709078342,0.8974972669966519,0.002303006496731541,0.18011777836363763,1.4564239270985126,0.006871215020964883,-0.0008940157611618815,0.24397851910907775,-0.22640026861336082,-0.05547975134686567,0.2558487547794357,-0.6070668562315404,0.1847526109777391,0.2171965508023277,0.8974972669966519,0.002303006496731541,0.1801185051444918,1.4564239270985126,0.006871215020964883,0.07497289479942992,0.13662190962349996,0.030046426647459157,0.5070090618683025,0.08886224913294427,0.013060885859886184,0.08677915020962246,0.2084400423336774,1.7859120992943645,96.62601551413536,,0.2685754867270589,17.798872381448746,7.095726787742507e-05,3.633555918931961,34.78236909210682,0.00014772938260865232,4.674366001039743,0.015772619168274105,-0.06795916822738945,0.2422524148132652,1.0,0.3148960332182469,-59.65604245662689,6.971512129894109e-05,-0.392486578784883
9,47775744,0.16636624361077945,0.8297551170736551,0.008022178905982098,0.13150091604329645,1.2656370547165472,0.004180651733355869,0.0012675853561442334,0.17734507676189726,-0.1881368089610866,-0.05533389156423823,0.40364137534205535,-0.429976102062404,0.08663543495039144,0.24973053066059947,0.903299049474299,0.0008420510868063502,0.20002168300561607,1.6184110618196428,0.0045194400413492986,0.08013256167760119,0.15579839155543596,0.029460638368618675,0.3461753998200099,0.146462224482093,0.013712006795685738,0.1457207199127879,0.3223459410946816,1.4942563427612185,14.946488374608258,,0.27933845901861787,16.02505961805582,5.2617124741694e-05,3.7600137274712324,35.48606699705124,0.00015311193439337956,4.779830239713192,0.014787965541472659,-0.07259256416000426,0.2411506650969386,1.0,-1.1393151171738283,-41.1681794970079,0.0017108969034355444,-0.3640500129448871
9,47841280,0.297375644906424,0.8617783146910369,0.00047660196838705815,0.19991825858596712,1.5266948230564594,0.002551779366513074,0.0021064635368475138,0.19885957014048472,-0.14639702086424222,-0.04430807851895224,0.49149248842149973,-0.5278019839897752,0.12508226023055613,0.17899620824729104,0.832841690337981,0.007294894381876552,0.13809554845779146,1.290799249255334,0.004023651987154153,0.06552810956869858,0.09630244257102485,0.026304648571973104,0.4465512155824487,0.13024599315868257,0.011342174771553219,0.12949718529336066,0.38477954129738934,1.6556104230918889,43.42588707926986,,0.21866315480809748,12.292749152227069,5.241029861114256e-05,4.204741082051825,26.79166074715981,0.02588581044707805,4.751661205866251,0.014651284210746112,-0.06905521950628384,0.20020926414977713,1.0,-0.8963366616517305,-26.572180047631264,0.0019461177765833781,-0.3767340120393783
9,47906816,0.19523569603916258,0.9167362381704152,0.00043723121632410766,0.20452826097607613,1.7054200847633183,0.002486712435256777,0.0017361006998726225,0.23712309676920995,-0.21328265461488627,-0.04275541048264131,0.5509559395723045,-0.4767889971844852,0.18052527401596308,0.19524187955539674,0.9167362381704152,0.00043723121632410766,0.20452696410939097,1.7054200847633183,0.002486712435256777,0.07847479596966878,0.16025362256914377,0.03163317599683069,0.5179727806244045,0.08573983158566989,0.01317219295015093,0.08478204449056648,0.24725057219620794,1.6453982442617416,84.37789366394281,,0.29061302717309445,14.524379663169384,3.8900943394371e-05,3.989996375516057,31.608816489577293,1.8831841502975344e-05,4.669840198010206,0.011625085833657067,-0.07266005524434149,0.19176488486118615,1.0,-1.023820396978408,-83.18605497479439,0.0011603118032326165,-0.42392210057005286
9,47972352,0.23572282050736248,0.8723220829851925,0.000514932471787688,0.1845553694292903,1.685911017935723,0.0030985685848463618,0.0006776491259188333,0.22764719877159223,-0.20695107181745698,-0.0276262939805747,0.5325384193565696,-0.48624917725101113,0.041552129201591015,0.23572519922163337,0.8723220829851925,0.000514932471787688,0.18455462693236768,1.685911017935723,0.0030985685848463618,0.07737753054243512,0.1387873767525889,0.03078382441890426,0.5157278028782457,0.1283157759353344,0.012960515596205369,0.128021182386874,0.28579514993180055,1.2235838561318815,40.396101631224155,,0.21799303995794617,14.53506731428206,5.290877295627272e-05,2.8447682289406657,30.846783712506294,2.1903022951602624e-05,4.804790824651718,0.007787652932165656,-0.07260825671255589,0.19519380806013942,1.0,-0.5949184081982821,-38.648872531950474,0.0016424943399329095,-0.4071109128417447
9,48037888,0.23358411225490272,0.864798869471997,0.0006482203232280881,0.19464492879342288,1.6840110174380243,0.004257728493485047,-0.0009656948293468304,0.22430878784507513,-0.27820022287778556,-0.019255708051787224,0.5274109584279358,-0.43952885712496936,0.18346211349125952,0.23359669954515994,0.864798869471997,0.0006482203232280881,0.19464561971835792,1.6840110174380243,0.004257728493485047,0.0853160354308784,0.14416166546288878,0.031089894342585467,0.5299098059767857,0.11599671834846959,0.01457929964089999,0.11458200146444142,0.26649649697355926,1.3393517564982176,70.03015752881765,,0.3209018933121115,16.909818656742573,6.589686754243651e-05,2.921029180288315,30.218422293663025,2.7057856035794803e-05,4.689716201275587,0.009919161151628941,-0.07265019067563117,0.20035865635145456,1.0,-0.3688622812042013,-65.08896486461163,0.0015102979350558599,-0.41056195634882897
9,48103424,0.22980790410656482,0.8949574870057404,0.0008004439733895197,0.18422722874674946,1.710291603114456,0.004649358521646718,-0.00045920902073248726,0.2142851868411526,-0.3288318981649354,-0.027362296830688138,0.5280802492052317,-0.5494049228727818,0.1719330966443522,0.22986118542030454,0.9110230850055814,0.0008004439733895197,0.18430321640335023,1.737308434676379,0.004649358521646718,0.0787248284323141,0.1375836001825519,0.03148027349379845,0.5282382934819907,0.13245378495776094,0.013367698935326189,0.13038608356146142,0.2932760438125115,1.5645400462672114,104.71511882543564,,0.2710348905529827,20.79386007040739,5.50481401848657e-05,2.9113319981843233,34.31292514503002,7.954357184333793e-05,4.776742048561573,0.008025517188798403,-0.07261276477947831,0.2315883522387594,1.0,-0.26270148414187133,-76.13688077032566,0.0013140572496013192,-0.4578745197504759
9,48168960,0.23706409882288426,0.8817803910933435,0.0010004770742852998,0.18094094237312675,1.736889477353543,0.00612743992724063,-0.00020843760290745195,0.18387397547485307,-0.27227540232706815,-0.021678532611986157,0.5376118472777307,-0.5092162236105651,0.11943219555541873,0.23711315193213522,0.8959149937145412,0.0010004770742852998,0.18103580793831497,1.7645505857653916,0.00612743992724063,0.07736513164127246,0.13551566418027505,0.02947007503826171,0.532873610383831,0.11731285724090412,0.013154461339581758,0.11637811962282285,0.2657031176495366,1.2878830898553133,58.79879055172205,,0.2498841229826212,17.313627004623413,6.187504367316521e-05,2.764925515279174,34.665452927351,7.410371750171674e-05,4.730282180011272,0.009279770783905406,-0.072618099860847,0.22979195916559547,1.0,-0.6186224545817822,-54.595806159079075,0.0015354436734469346,-0.40853398793842643
9,48234496,0.1924544635694474,0.8745504985563457,0.0005835026888689754,0.19265942159108818,1.6883096829988062,0.0034309277141346683,-0.0005183791346325961,0.20625674701295793,-0.3265242571942508,-0.03250390660832636,0.5238426285795867,-0.37369243800640106,0.2017767687793821,0.19246019062120467,0.8745504985563457,0.0005835026888689754,0.19265763263683766,1.6883096829988062,0.0034309277141346683,0.0755045599071309,0.1488763322122395,0.030955465292208828,0.4974008168792352,0.08944189266185276,0.012382657077978365,0.08855266889440827,0.2493065216112882,1.363832094706595,70.33422194421291,,0.24863256874959916,18.989594258368015,5.2764957736095575e-05,3.0911241434514523,30.013972118496895,2.998399534137608e-05,4.633078828454018,0.009920650474668946,-0.07260028691962361,0.20433484693057835,1.0,-0.5348935389774852,-60.958567313849926,0.0014138269809791382,-0.3934944983338937
9,48300032,0.16428343531054754,0.8588058714071909,0.008722700641384714,0.143718520362551,1.3090000284214813,0.003528904421758246,0.0005290821436093059,0.18003225220377012,-0.24626560598078262,-0.07972490734638768,0.45186337929898096,-0.6498417052818695,0.11906453380982081,0.24417955754324794,0.8782759914174676,0.0005049001727002178,0.20184159523341805,1.7453629248775542,0.0031901754809950944,0.07942839327733964,0.1574659098405391,0.029466305568348616,0.3603996559294561,0.14963584125507623,0.012981294181372505,0.14883430016925558,0.3501354524632916,1.2507591070607305,25.532249094014986,,0.2418896568706259,15.481392990797758,4.519460665186603e-05,3.7685022987425327,29.446906492114067,3.4951444963913234e-05,4.748808454722166,0.012561207076942082,-0.07262051454745233,0.19969860056880862,1.0,-0.8182975565680923,-37.76747613000373,0.002005634051262556,-0.38426646094148353
9,48365568,0.272100901696831,0.8840912785381079,0.000620643000615928,0.20409820566419512,1.6177762760780752,0.003537739977673482,0.0006905847332063786,0.2030128046462778,-0.22045769212127198,-0.05661400445387699,0.541663661133498,-0.5902517118956894,0.14613880100660026,0.17468512206933046,0.8617958045867552,0.007941779422997362,0.14954393826907567,1.3413035313946655,0.003529756041605498,0.06821370249647782,0.10505483857726297,0.03078577100335766,0.46636993945183525,0.14006609845407172,0.012006467318019257,0.1390659804694377,0.4503952750083373,1.4958672270638846,42.82832387159298,,0.24789709233361892,15.165473134537418,4.897154113182281e-05,5.615090227969894,36.99820094769372,0.018209188833669336,4.683222311986498,0.013410632313376065,-0.06882129921521767,0.2065550238903926,1.0,-0.7812122814357281,-25.419229477643967,0.002772056817775592,-0.36376803857274354
9,48431104,0.1921033477410674,0.8930110326036811,0.0008703425633029838,0.19168950093444437,1.5658897277899086,0.0049914721244022076,0.0013037023149991,0.18016285845078528,-0.21610156087263022,-0.043611459783278406,0.5375446286052465,-0.5396328242495656,0.1284626282285899,0.19210122048389167,0.8930110326036811,0.0008703425633029838,0.19168866169638932,1.5658897277899086,0.0049914721244022076,0.07485537073807791,0.14890691626351327,0.031270659470465034,0.5292728244094178,0.07916336857306305,0.012668570343521424,0.07810589636210352,0.2111517929006368,1.5185437444597483,74.57648856937885,,0.19926485640462488,13.940578319132328,4.926991828346772e-05,3.6596283689141273,32.478623405098915,0.00015103080454359485,4.699199195951223,0.011162591996253468,-0.07259996421635151,0.2299133304040879,1.0,-0.6943094546440989,-52.82606443017721,0.0018825957974968333,-0.4240463819587603
9,48496640,0.2334596022265032,0.8649579742923379,0.0005102520332229687,0.20793032157234848,1.6215361854992807,0.002624388977210401,0.003980120198320947,0.25027084234170616,-0.18863165509537794,-0.06432097099605016,0.5096638314425945,-0.6163441524840891,0.08680600603111088,0.23347189067862928,0.8649579742923379,0.0005102520332229687,0.20792971609625965,1.6215361854992807,0.002624388977210401,0.08574855982442386,0.1587194331223145,0.03286354000738356,0.5501400170614943,0.12964696872222703,0.015317785408115014,0.12892358571116347,0.28555696038529277,1.478090195916593,61.44090108573437,,0.3801392804598436,14.939473010599613,4.793274915189383e-05,4.774754649028182,35.318577975034714,4.2964272227219436e-05,4.780938938260078,0.018036942754406482,-0.07260011602193117,0.23773734387941658,1.0,-0.48877386754611507,-17.89729495346546,0.0018456878707411306,-0.45601882168557495
9,48562176,0.23109613230917603,0.8452174738049507,0.00044162051085550047,0.20379338588099927,1.6661052317358553,0.002630769601751126,0.0033260320723229597,0.4116999361431226,-0.19227488769683987,-0.04352283588377759,0.5131900776177645,-0.581087683327496,0.1956244525499642,0.23110116727184504,0.8452174738049507,0.00044162051085550047,0.20379337400663644,1.6661052317358553,0.002630769601751126,0.0834734232048504,0.15652793273329735,0.029966107787913643,0.5028138920897618,0.11919306431082077,0.014014581756782718,0.11818185067386366,0.29213490383699536,1.6124012377113104,66.97763358056545,,0.3862489068415016,23.7629159912467,5.730571232298587e-05,3.9359861239790916,33.34011699259281,1.762089280932244e-05,4.716801252216101,0.012961071923200507,-0.07261413615196943,0.21076391683891416,1.0,-0.5904695852659643,-64.40370947122574,0.0012374980315144057,-0.4052568218903616
9,48627712,0.2294840943068266,0.8836968834511936,0.00043290605378842884,0.19616817345377058,1.6104720393195748,0.002405431729130214,0.00022679951706550128,0.1707645448623225,-0.22887447697576135,-0.029941611937829293,0.5157614455092698,-0.510288217337802,0.1554450724797789,0.22949638578575104,0.8836968834511936,0.00043290605378842884,0.1961650939192623,1.6104720393195748,0.002405431729130214,0.07913497375557199,0.1509405871038325,0.03040674197836779,0.5186201888136566,0.12814764637732878,0.0132677066285396,0.12680020846892148,0.2965371755999513,1.415034641046077,92.50102040171623,,0.24361143575515598,13.899576649069786,3.865717402851132e-05,3.109081725589931,30.5163604170084,2.553770763635832e-05,4.818413428962231,0.009682608517323388,-0.07262098486535251,0.17449770134408027,1.0,-0.19875846653303597,-85.91930922865868,0.0014805058822275896,-0.42211888497695327
9,48693248,0.25097979803103954,0.908885040320456,0.0014912847855157452,0.1924320701509714,1.6826336216181517,0.005173674174784537,0.0013912234248891764,0.27160944970091805,-0.20992421358823776,-0.030704956006957218,0.5374206551350653,-0.574170402251184,0.18048510374501348,0.25097979803103954,0.908885040320456,0.0014912847855157452,0.1924320701509714,1.6826336216181517,0.005173674174784537,0.08087441662792116,0.1459274110966362,0.0306144639471313,0.5039973934181035,0.1323515244293958,0.014043102717550937,0.13174735102802515,0.28855353500694036,1.2575373868457973,48.98892791569233,,0.25738202780485153,16.955343671143055,6.0942500637928276e-05,3.3391426876187325,34.06296783685684,0.00011783420793332056,4.719671718776226,0.011993398147751577,-0.0689123549964279,0.20649288804270327,1.0,-0.13272637994668912,-47.90694236755371,0.0010722592297724987,-0.43286712758708745
