attempt,collected_frames,torque/flipper_torque_FL,torque/flipper_torque_FL_max,torque/flipper_torque_FL_min,torque/flipper_torque_FR,torque/flipper_torque_FR_max,torque/flipper_torque_FR_min,torque/flipper_torque_RL,torque/flipper_torque_RL_max,torque/flipper_torque_RL_min,torque/flipper_torque_RR,torque/flipper_torque_RR_max,torque/flipper_torque_RR_min
0,65536,556.5112810134888,1000.0,1.874084772542119,561.8567628860474,1000.0,2.0027104690670967,534.7093493938446,1000.0,1.7458424046635628,544.0860810279846,1000.0,1.6462648399174213
0,131072,517.518839597702,1000.0,1.6540702087804675,530.0856847763062,1000.0,1.7631745655089617,526.2839713096619,1000.0,1.6643467117100954,518.7714214324951,1000.0,1.8771215341985226
0,196608,530.4370369911194,1000.0,1.6096620000898838,542.9990944862366,1000.0,2.001196652650833,535.0675745010376,1000.0,1.6662000678479671,536.8796422481537,1000.0,1.8015742599964142
0,262144,541.2921335697174,1000.0,1.4582255519926548,534.3107552528381,1000.0,1.9482335485517979,540.4250075817108,1000.0,1.6948787327855825,529.1227884292603,1000.0,1.746578972786665
0,327680,540.9835531711578,1000.0,1.6711668688803911,532.5603194236755,1000.0,1.5826725866645575,534.1342577934265,1000.0,1.6466818787157536,530.2522344589233,1000.0,1.8499849596992135
0,393216,545.0050287246704,1000.0,1.6693964879959822,535.5355451107025,1000.0,2.1097508519887924,535.6413543224335,1000.0,1.9656571885570884,532.6946494579315,1000.0,1.615290094166994
0,458752,531.5570271015167,1000.0,1.7555254846811295,538.6717264652252,1000.0,1.583634739741683,535.430579662323,1000.0,1.6469432339072227,543.9246051311493,1000.0,1.9129499774426222
0,524288,543.6857786178589,1000.0,1.930823551490903,542.5435409545898,1000.0,1.5963692665100098,540.9779360294342,1000.0,1.6484060697257519,542.5813238620758,1000.0,1.5932509638369083
0,589824,250.43457305908203,969.4271082560222,0.7649631511916717,253.18473670959472,973.6613892618815,0.7420264420409997,252.94792096455893,971.2172406005859,0.7632093474393089,255.00725023905437,971.7968872070312,0.8149915233626962
0,655360,534.6829919815063,1000.0,1.69551716838032,532.0448253154755,1000.0,1.6852185726165771,539.4652261734009,1000.0,1.8425832986831665,537.6230919361115,1000.0,1.9799045622348785
0,720896,531.9844467639923,1000.0,1.8593243956565857,540.2824802398682,1000.0,1.7694366201758385,533.0743215084076,1000.0,1.7264492716640234,532.3874859809875,1000.0,2.052129615098238
0,786432,534.0391941070557,1000.0,1.6703631542623043,537.1184785366058,1000.0,1.5016566962003708,534.5400295257568,1000.0,1.7643092907965183,535.2408332824707,1000.0,1.760688427835703
0,851968,537.8070719242096,1000.0,1.7628093222156167,534.1344199180603,1000.0,1.8296119086444378,527.969379901886,1000.0,2.1725925877690315,535.8999636173248,1000.0,1.632710862904787
0,917504,535.249655008316,1000.0,1.4381339363753796,535.3353509902954,1000.0,1.6888561882078648,537.2430951595306,1000.0,1.579877259209752,535.7609813213348,1000.0,1.9844691045582294
0,983040,532.2381908893585,1000.0,1.742443427676335,534.6569340229034,1000.0,1.790112178772688,535.0539453029633,1000.0,1.6581574578303844,529.9951553344727,1000.0,1.6357985213398933
0,1048576,526.7431252002716,1000.0,1.5116193518042564,529.7146427631378,1000.0,1.8304657526314259,530.5573399066925,1000.0,1.5160545222461224,530.1852090358734,1000.0,1.9526574239134789
0,1114112,256.09755743662515,975.8255819702149,0.8228475903471311,251.0986562728882,969.0569294738771,0.7426058804119626,253.941887105306,972.3383979288737,0.7715431096528967,255.3991548792521,974.6884284464518,0.7805043338735898
0,1179648,557.067512512207,1000.0,1.8892001658678055,542.1485645771027,1000.0,1.4683450390584767,535.029349565506,1000.0,1.588637836277485,536.5190477371216,1000.0,1.702509505674243
0,1245184,530.473290681839,1000.0,1.8002600073814392,532.7202105522156,1000.0,1.8299933709204197,529.1820793151855,1000.0,1.5861857384443283,522.340692281723,1000.0,1.713947495445609
0,1310720,538.8535850048065,1000.0,1.7307534962892532,532.7962009906769,1000.0,1.8627349194139242,539.0957906246185,1000.0,1.6351472847163677,542.2818379402161,1000.0,2.004027433693409
0,1376256,529.4092974662781,1000.0,1.8257217686623335,531.5198438167572,1000.0,1.969886528328061,531.9449193477631,1000.0,2.128571717068553,532.5620403289795,1000.0,1.6196250477805734
0,1441792,531.9429557323456,1000.0,1.9548531509935856,536.2607042789459,1000.0,1.6105301454663277,521.374630689621,1000.0,1.5247226880164817,529.573392868042,1000.0,1.837632030248642
0,1507328,537.5506036281586,1000.0,2.08053513802588,538.1672983169556,1000.0,2.0139860548079014,537.9794254302979,1000.0,1.8696627644822001,528.2179093360901,1000.0,1.6066228775307536
0,1572864,527.9368710517883,1000.0,1.7786583825945854,534.399017572403,1000.0,1.6254071742296219,531.1317422389984,1000.0,1.7029899898916483,532.4598090648651,1000.0,1.6993189230561256
0,1638400,251.12207719167074,970.8281881205241,0.7745476405074199,252.293968594869,971.9469721984863,0.773637518460552,254.20083742777507,972.61414159139,0.7815215110157927,250.31645909627278,965.1542308044434,0.7658008874704441
0,1703936,541.2473711967468,1000.0,1.8939778711646795,530.9882950782776,1000.0,1.8551567904651165,538.4931528568268,1000.0,1.759272500872612,540.2846832275391,1000.0,1.7155704032629728
0,1769472,533.4825179576874,1000.0,1.9558801222592592,535.1375570297241,1000.0,1.918303033336997,520.7355997562408,1000.0,1.6673003742471337,529.525069475174,1000.0,1.4296277426183224
0,1835008,534.5867347717285,1000.0,2.05797628313303,535.7812337875366,1000.0,1.9293398819863796,533.0862674713135,1000.0,1.7668062867596745,542.9858047962189,1000.0,1.7079522609710693
0,1900544,529.0062673091888,1000.0,1.608548229560256,539.5804786682129,1000.0,1.816095370799303,528.5911390781403,1000.0,1.5261860359460115,524.9440603256226,1000.0,1.6629462949931622
0,1966080,539.6048536300659,1000.0,1.859913082793355,535.3100693225861,1000.0,1.5000033457763493,534.5362598896027,1000.0,1.6488795075565577,532.5568993091583,1000.0,1.829215433448553
0,2031616,536.8044426441193,1000.0,2.054289370775223,535.3845822811127,1000.0,1.9719152133911848,535.2353432178497,1000.0,1.6116566290147603,526.1676924228668,1000.0,1.7168210484087467
0,2097152,540.7907030582428,1000.0,1.7091631614603102,523.6624503135681,1000.0,1.7520695999264717,528.8219945430756,1000.0,1.9771302789449692,530.2037444114685,1000.0,1.6426772861741483
0,2162688,252.00423316955568,971.2506609090169,0.8002319141228993,252.3424134063721,970.0316911824544,0.7806095065176486,251.71280087788898,969.2583622233074,0.7805584310740232,256.24762432098385,975.1465128072102,0.8343353107074897
0,2228224,537.2714760303497,1000.0,1.7896294500678778,532.6372902393341,1000.0,1.6180153042078018,531.4752352237701,1000.0,1.8068968020379543,531.9937877655029,1000.0,1.7171916021034122
0,2293760,538.0031833648682,1000.0,1.9365511126816273,531.0876588821411,1000.0,1.7676169145852327,522.0311460494995,1000.0,1.6354634137824178,520.7690861225128,1000.0,1.6724314391613007
0,2359296,536.3331964015961,1000.0,1.850542169995606,540.6504738330841,1000.0,1.891794640570879,531.9128365516663,1000.0,1.7132423594594002,544.4908554553986,1000.0,1.8841336481273174
0,2424832,533.8116154670715,1000.0,1.6790110990405083,525.6771581172943,1000.0,1.7023240057751536,529.7506637573242,1000.0,1.9282321876380593,524.4505257606506,1000.0,1.8076475579291582
0,2490368,532.5347480773926,1000.0,1.8079838315024972,539.3588750362396,1000.0,1.5662505698855966,538.4106228351593,1000.0,1.7810845635831356,537.9216120243073,1000.0,1.8992123752832413
0,2555904,540.3520908355713,1000.0,1.8233718145638704,541.5696423053741,1000.0,1.990510642528534,532.6903276443481,1000.0,1.7075380086898804,533.031830072403,1000.0,1.6834586253389716
0,2621440,533.0718874931335,1000.0,1.7593313036486506,534.2472116947174,1000.0,1.624878328293562,526.1882133483887,1000.0,1.8520806543529034,529.4116251468658,1000.0,1.6595200393348932
0,2686976,254.56982635498048,973.9277962239584,0.7563563360398015,252.12521169026692,970.4400541178386,0.7839765405654908,249.7335385131836,964.8649983723958,0.7757091971610983,254.03429141998294,972.9536745707194,0.777807994360725
0,2752512,532.9854068756104,1000.0,1.693235682323575,539.4044528007507,1000.0,2.1347384974360466,534.7860395908356,1000.0,1.8218571341130883,526.6765744686127,1000.0,1.7364826016128063
0,2818048,525.4695119857788,1000.0,1.5069159511476755,529.5380010604858,1000.0,1.7009493121877313,528.7853429317474,1000.0,1.5457769250497222,525.8229854106903,1000.0,1.7793849408626556
0,2883584,539.0052061080933,1000.0,1.7672524359077215,541.5829491615295,1000.0,1.7820844014640898,529.7449052333832,1000.0,1.760080368258059,537.7416529655457,1000.0,1.7572540380060673
0,2949120,531.4750654697418,1000.0,1.7941198162734509,531.2468028068542,1000.0,1.541522592306137,528.3733606338501,1000.0,1.692805653437972,529.0399079322815,1000.0,1.794490858912468
0,3014656,530.0946447849274,1000.0,1.534316211938858,536.0151627063751,1000.0,1.7076428132131696,525.26691198349,1000.0,1.9268537694588304,536.7188363075256,1000.0,1.8601938989013433
0,3080192,537.6033716201782,1000.0,1.897706562653184,537.7845103740692,1000.0,1.7241206709295511,536.2005989551544,1000.0,1.6724170446395874,536.0327541828156,1000.0,1.7202616482973099
0,3145728,530.7077925205231,1000.0,1.6060000732541084,534.1643867492676,1000.0,1.7696835603564978,525.1108295917511,1000.0,1.9673213195055723,530.9590322971344,1000.0,1.529365323483944
0,3211264,252.54240255991618,971.3742111206054,0.7346537712713083,253.28489194234214,970.5398120625814,0.7302086562539141,250.54274064381917,968.2597011820475,0.7827194069822629,252.6012693150838,969.5351590983073,0.752414539506038
0,3276800,534.6499764919281,1000.0,1.808285403996706,533.6297707557678,1000.0,1.6144273951649666,534.8352336883545,1000.0,1.7480052337050438,523.8289039134979,1000.0,1.5196070186793804
0,3342336,532.8030581474304,1000.0,1.6972130946815014,535.3143105506897,1000.0,1.7763593923300505,527.6993870735168,1000.0,1.7782850787043571,522.6219153404236,1000.0,1.714789118617773
0,3407872,532.679915189743,1000.0,1.8720078468322754,536.3337399959564,1000.0,1.4452361734583974,535.5871706008911,1000.0,1.7542123422026634,531.0582447052002,1000.0,1.7629298567771912
0,3473408,531.8969333171844,1000.0,1.4807114684954286,535.316428899765,1000.0,1.8536761049181223,532.1447260379791,1000.0,1.7195489779114723,529.0062465667725,1000.0,1.7891283072531223
0,3538944,529.0067915916443,1000.0,1.5629936642944813,535.2971420288086,1000.0,1.7656510788947344,527.6842329502106,1000.0,1.4382912507280707,533.6511616706848,1000.0,1.8951205387711525
0,3604480,539.969057559967,1000.0,1.953705046325922,532.3259928226471,1000.0,1.7365514375269413,533.472158908844,1000.0,1.503926683217287,530.039014339447,1000.0,1.7741673979908228
0,3670016,532.17120885849,1000.0,1.9045683927834034,534.2224354743958,1000.0,1.7417276408523321,529.5342426300049,1000.0,1.6363973505795002,527.9636650085449,1000.0,1.7400837689638138
0,3735552,250.23702159881591,965.7366456604004,0.7701049107561508,251.98209524790445,971.265194091797,0.7357079050938289,253.35421099344887,971.4740689086914,0.8070595544079939,250.68625287373862,969.0888525390625,0.7544580004395296
0,3801088,537.4257402420044,1000.0,1.8500209972262383,540.7864983081818,1000.0,1.745261407457292,533.4118685722351,1000.0,1.8561991471797228,537.3770408630371,1000.0,1.7848067805171013
0,3866624,530.9916954040527,1000.0,1.9576587937772274,534.1321134567261,1000.0,1.75708619505167,524.9949502944946,1000.0,1.5755353281274438,533.2982783317566,1000.0,1.6458260957151651
0,3932160,529.6829931735992,1000.0,1.6931039355695248,531.6636564731598,1000.0,2.0886029079556465,532.4943647384644,1000.0,1.6793096736073494,534.0371935367584,1000.0,2.0075498204678297
0,3997696,529.0613126754761,1000.0,1.8972270926460624,531.3839535713196,1000.0,1.4303735233843327,531.2249069213867,1000.0,1.7535062097012997,527.7664198875427,1000.0,1.802023527212441
0,4063232,532.9105360507965,1000.0,1.6936188638210297,536.5790297985077,1000.0,2.053814658895135,537.1253702640533,1000.0,1.398517624475062,532.3468472957611,1000.0,1.7637160569429398
0,4128768,539.0546524524689,1000.0,2.2136128074489534,534.1817970275879,1000.0,1.9549021981656551,533.1784329414368,1000.0,1.9403820931911469,527.1243314743042,1000.0,1.699317067861557
0,4194304,531.9639284610748,1000.0,1.674130404368043,525.5840275287628,1000.0,1.7702668787678704,527.046395778656,1000.0,1.7849042834714055,526.331057548523,1000.0,1.6313962023705244
0,4259840,253.0682948811849,969.6088968404134,0.7562874080116551,254.74683422088623,973.2123638916016,0.8332871794700623,249.7280500539144,967.0977603149414,0.7725671288371087,254.30622964223227,971.8587638854981,0.8104194651171566
0,4325376,533.8868114948273,1000.0,1.6237372420728207,529.8699338436127,1000.0,1.678961692377925,536.0667443275452,1000.0,1.7525840997695923,523.6994686126709,1000.0,1.65571940690279
0,4390912,535.6589090824127,1000.0,1.9433902241289616,527.0060999393463,1000.0,1.8253716193139553,522.4892926216125,1000.0,1.752297518774867,530.5775139331818,1000.0,1.6039743945002556
0,4456448,539.8818509578705,1000.0,1.7579683549702168,534.3054440021515,1000.0,1.7421177392825484,533.4943001270294,1000.0,1.5779066001996398,534.3506717681885,1000.0,1.9625106453895569
0,4521984,532.4116530418396,1000.0,1.9614357203245163,530.6575789451599,1000.0,1.5670937085524201,523.9977807998657,1000.0,1.9193890988826752,525.1642534732819,1000.0,1.5478905187919736
0,4587520,536.2231440544128,1000.0,1.4952131598256528,541.4114184379578,1000.0,1.3728562593460083,535.0262956619263,1000.0,1.7644033767282963,524.6198973655701,1000.0,1.9637235067784786
0,4653056,530.5875525474548,1000.0,1.7481110766530037,533.6283814907074,1000.0,1.664009965956211,531.7510170936584,1000.0,1.523417878895998,526.879864692688,1000.0,1.8107567923143506
0,4718592,525.7953763008118,1000.0,1.8639964386820793,531.7540276050568,1000.0,1.7624797392636538,523.4964971542358,1000.0,1.8221366107463837,528.6824336051941,1000.0,1.6982060088776052
0,4784128,252.758038520813,973.3387939961751,0.7642675251265367,248.98740650177,961.7185213216146,0.7554824168483416,250.24613480885824,966.5064920043945,0.8116524746020635,250.22108066558837,967.3343591308594,0.708944438447555
0,4849664,532.2682363986969,1000.0,1.73559053754434,541.5937840938568,1000.0,1.9963491335511208,534.8177168369293,1000.0,1.7557684369385242,536.0557856559753,1000.0,1.8466627416200936
0,4915200,535.9318156242371,1000.0,1.8393418192863464,534.0043838024139,1000.0,1.8870741799473763,529.8551223278046,1000.0,1.9362160377204418,532.8302161693573,1000.0,1.718277346342802
0,4980736,535.8575899600983,1000.0,1.6787200663238764,538.7759039402008,1000.0,1.8735101148486137,532.6516623497009,1000.0,1.8325227163732052,531.4258098602295,1000.0,1.9129824563860893
0,5046272,533.7664387226105,1000.0,1.5632084421813488,534.2686240673065,1000.0,1.6944819977506995,529.4379785060883,1000.0,1.4547445010393858,527.980254650116,1000.0,1.5757238566875458
0,5111808,533.016726732254,1000.0,1.9285546634346247,532.1203744411469,1000.0,1.7032448183745146,529.1655602455139,1000.0,1.702353504486382,534.5525872707367,1000.0,1.7582038268446922
0,5177344,530.6120750904083,1000.0,1.9176813531666994,531.4615383148193,1000.0,1.684095756150782,528.8209986686707,1000.0,1.5324411476030946,524.0881705284119,1000.0,1.5920317815616727
0,5242880,533.4212200641632,1000.0,1.9249798506498337,532.5122873783112,1000.0,1.8203582325950265,529.4258296489716,1000.0,1.6019649119116366,527.0490651130676,1000.0,1.5109677650034428
0,5308416,255.70881361643472,974.4632278442383,0.7449838658422232,252.3179859161377,971.3473559061686,0.7581682487825553,254.7332995223999,974.8398936462402,0.8081104950234295,254.26763894399005,972.1405363464355,0.7782259655371309
0,5373952,532.8581831455231,1000.0,1.7124215103685856,536.4575099945068,1000.0,1.7852852009236813,524.9136180877686,1000.0,1.542970184236765,525.6766316890717,1000.0,2.199493988417089
0,5439488,526.9469084739685,1000.0,1.4508232104126364,529.0885727405548,1000.0,1.6682745004072785,522.9156153202057,1000.0,1.4868794854264706,523.2208621501923,1000.0,1.5813062153756618
0,5505024,528.4779298305511,1000.0,1.796157717704773,536.3569600582123,1000.0,1.6420266963541508,526.2340862751007,1000.0,1.5585933476686478,526.2155799865723,1000.0,1.774016086012125
0,5570560,531.4908039569855,1000.0,1.8953449735417962,530.1236379146576,1000.0,1.814502039924264,523.4274356365204,1000.0,1.5606152713298798,528.2162156105042,1000.0,1.6791612021625042
0,5636096,532.2770936489105,1000.0,1.551688527688384,533.9559772014618,1000.0,1.9950987212359905,527.9832770824432,1000.0,1.4425773853436112,529.3050692081451,1000.0,1.6239166418090463
0,5701632,534.2484467029572,1000.0,1.695124365389347,537.6612811088562,1000.0,1.8206853102892637,525.5629458427429,1000.0,1.7253078110516071,530.2119030952454,1000.0,1.622127741575241
0,5767168,530.829030752182,1000.0,1.748366927728057,528.0020506381989,1000.0,1.709913614206016,526.1389741897583,1000.0,1.6313763447105885,522.9055683612823,1000.0,1.6593467220664024
1,5832704,251.15169105529785,968.9612932332357,0.8069856321811677,254.24459283192954,973.1406543477376,0.7753247148171067,251.2702708053589,969.3597449239096,0.7901512853056192,251.43705117543539,971.2642371114096,0.8111850786705812
1,5898240,542.396564245224,1000.0,1.7326913941651583,540.5017695426941,1000.0,1.8314857073128223,541.3916726112366,1000.0,2.004199642688036,530.5912013053894,1000.0,1.586409043520689
1,5963776,532.4754292964935,1000.0,1.9000776708126068,531.5531537532806,1000.0,1.786963827908039,529.5674531459808,1000.0,1.7305853022262454,522.7473819255829,1000.0,1.6005535535514355
1,6029312,539.8025698661804,1000.0,1.6641219183802605,537.1014258861542,1000.0,1.7214740589261055,529.9638049602509,1000.0,1.6131623722612858,529.3511831760406,1000.0,1.745366953779012
1,6094848,530.0861837863922,1000.0,1.8097431622445583,530.2769899368286,1000.0,1.5992157012224197,525.1172072887421,1000.0,1.8206090666353703,531.6597328186035,1000.0,1.6046835333108902
1,6160384,529.9108037948608,1000.0,1.963706905953586,527.8931329250336,1000.0,1.8401081785559654,524.9270961284637,1000.0,1.9217679165303707,531.6519849300385,1000.0,1.737639106810093
1,6225920,528.2851264476776,1000.0,1.5451853424310684,532.6169812679291,1000.0,1.509325198829174,531.1274302005768,1000.0,1.8515885565429926,524.8962814807892,1000.0,1.772808700799942
1,6291456,535.0129208564758,1000.0,1.8604704290628433,527.9362607002258,1000.0,1.693345881998539,521.2131404876709,1000.0,1.6843540193513036,517.5934619903564,1000.0,1.5530037246644497
1,6356992,255.34790471394854,975.4028529866537,0.7779848962525526,252.88719782511393,969.4976706441244,0.7667744269222021,251.71770323435464,967.7088054911296,0.7960113430768252,250.22765303293863,967.3851235961914,0.7690177725255489
1,6422528,527.55064702034,1000.0,1.5060678529553115,531.2275037765503,1000.0,1.7781457751989365,527.290736913681,1000.0,1.7884382084012032,533.5915324687958,1000.0,1.8350988626480103
1,6488064,529.6991944313049,1000.0,1.799111597938463,529.7998259067535,1000.0,1.6234494000673294,526.1325850486755,1000.0,1.8251130506396294,522.2664313316345,1000.0,1.8231130773201585
1,6553600,535.1189188957214,1000.0,1.6077969670295715,531.6573793888092,1000.0,1.7161208875477314,530.028906583786,1000.0,1.829248782247305,525.2031199932098,1000.0,1.8505546292290092
1,6619136,531.4816358089447,1000.0,1.9594633569940925,528.4718940258026,1000.0,1.6205370500683784,526.2999482154846,1000.0,1.9992306306958199,525.9570252895355,1000.0,1.635738242417574
1,6684672,529.4028770923615,1000.0,1.529375267215073,531.7654197216034,1000.0,1.8542393036186695,529.6130623817444,1000.0,1.5638161953538656,523.3587620258331,1000.0,1.725992776453495
1,6750208,533.1892144680023,1000.0,1.9251699368469417,530.504043340683,1000.0,1.5651921750977635,525.9868712425232,1000.0,1.7572624385356903,527.0846326351166,1000.0,1.7636386258527637
1,6815744,528.7293643951416,1000.0,1.7640245407819748,533.6177666187286,1000.0,1.6394463428296149,525.3370060920715,1000.0,1.5406519528478384,529.6140565872192,1000.0,1.9875765480101109
1,6881280,256.5309253565471,973.7963833618164,0.7872252073884011,257.29626712799075,977.4231565348307,0.7851219800114632,253.3209943008423,971.645069325765,0.7893160211791594,252.04897060394288,970.3971379089355,0.7890917811915279
1,6946816,533.2020258903503,1000.0,1.858626576140523,533.4148638248444,1000.0,1.647070087492466,524.8306894302368,1000.0,1.4965247549116611,531.0234625339508,1000.0,1.8622513059526682
1,7012352,529.80584025383,1000.0,1.9354311507195234,525.2445333003998,1000.0,1.768910899758339,520.233927488327,1000.0,1.9090908393263817,526.2025926113129,1000.0,1.6403417140245438
1,7077888,528.6962778568268,1000.0,1.7477927263826132,528.74351978302,1000.0,1.6807171697728336,528.2345111370087,1000.0,1.8564033545553684,524.5545027256012,1000.0,1.7799743711948395
1,7143424,535.9855310916901,1000.0,1.7360017355531454,536.9747450351715,1000.0,1.5326264034956694,534.6047747135162,1000.0,1.674654085189104,532.2099571228027,1000.0,1.818689901381731
1,7208960,538.1404371261597,1000.0,2.0722967628389597,530.4825005531311,1000.0,1.9050191715359688,526.9840497970581,1000.0,1.9528141394257545,530.5309886932373,1000.0,1.80708571895957
1,7274496,526.4584305286407,1000.0,1.6313215345144272,530.0909872055054,1000.0,1.633337240666151,530.9904103279114,1000.0,1.8089017290621996,531.454407453537,1000.0,1.6829433292150497
1,7340032,533.3142058849335,1000.0,1.529168652370572,535.8209483623505,1000.0,1.7835257556289434,534.26016497612,1000.0,1.9518992006778717,530.0368571281433,1000.0,1.7251936607062817
1,7405568,258.7696314875285,976.94427637736,0.8256987380981445,260.00149537404377,979.508327178955,0.780544168651104,250.6544105911255,967.6418398539225,0.7874567977090676,251.26574887593586,966.7910632324218,0.7748227160423994
1,7471104,535.8371064662933,1000.0,1.8701168969273567,529.1223270893097,1000.0,1.7598808528855443,543.4124224185944,1000.0,1.6525363251566887,530.4686489105225,1000.0,1.687915813177824
1,7536640,531.3744564056396,1000.0,1.8883596612140536,527.4346139431,1000.0,1.7484614197164774,531.7250730991364,1000.0,1.514315202832222,524.149019241333,1000.0,1.5860983072780073
1,7602176,535.7499525547028,1000.0,1.7034015338867903,527.5286140441895,1000.0,1.6014473056420684,531.1459367275238,1000.0,1.4270734041929245,527.4665458202362,1000.0,1.8631046321243048
1,7667712,534.862811088562,1000.0,1.47621089220047,528.0542695522308,1000.0,1.5802183523774147,524.2361421585083,1000.0,1.4980984516441822,522.354017496109,1000.0,1.783204862382263
1,7733248,528.5187177658081,1000.0,1.5091295121237636,528.3909561634064,1000.0,1.6131785809993744,520.3231000900269,1000.0,1.6814018646255136,528.9345805644989,1000.0,1.8454154846258461
1,7798784,530.6443777084351,1000.0,1.4819229394197464,533.5534677505493,1000.0,1.7499688928946853,526.4185647964478,1000.0,1.3164113257080317,528.2583124637604,1000.0,1.7134224902838469
1,7864320,525.9654824733734,1000.0,1.3557738736271858,529.8849098682404,1000.0,1.647932126186788,525.3084745407104,1000.0,1.5926378648728132,520.1059708595276,1000.0,1.3547517945989966
1,7929856,257.69064010620116,976.936576944987,0.778134527405103,258.30314114888506,976.6466793823242,0.8298195593059063,255.20750785827636,975.1503846740723,0.7838840854664644,252.90104487101237,971.298397064209,0.7918577544142802
1,7995392,534.1062831878662,1000.0,1.6881614737212658,526.3984673023224,1000.0,1.7839859668165445,521.7602353096008,1000.0,1.7253113598562777,525.3076319694519,1000.0,1.7535682395100594
1,8060928,526.5672471523285,1000.0,1.60657789837569,531.9537799358368,1000.0,1.6230857567861676,525.8138108253479,1000.0,1.723801240324974,523.8429224491119,1000.0,2.0006442312151194
1,8126464,531.9788162708282,1000.0,1.7293514758348465,536.050021648407,1000.0,1.6097139045596123,525.741110086441,1000.0,1.6096056113019586,528.395859003067,1000.0,1.746822351589799
1,8192000,532.4837062358856,1000.0,1.6182017440441996,531.6562097072601,1000.0,1.8700241558253765,519.8280124664307,1000.0,1.7081078849732876,526.4075176715851,1000.0,1.4941258635371923
1,8257536,531.8073613643646,1000.0,1.5273393671959639,527.6591808795929,1000.0,1.8763251692580525,517.6927418708801,1000.0,1.5249969437718391,525.2027978897095,1000.0,1.6766602843999863
1,8323072,528.3065054416656,1000.0,1.6316375397145748,531.1426689624786,1000.0,1.6832398045808077,528.6922955513,1000.0,1.8306525126099586,523.9923105239868,1000.0,1.6590764205902815
1,8388608,529.0774652957916,1000.0,1.709757980890572,527.7639052867889,1000.0,1.6943187564611435,525.1123294830322,1000.0,1.7134070675820112,525.3353629112244,1000.0,1.4807813111692667
1,8454144,261.3685814285278,978.6964414978028,0.7575624748443563,260.27665615081787,980.0736858622233,0.8089155602951845,250.9167784500122,966.903748219808,0.7754986455043157,253.71843870798745,971.4403475952149,0.7530140202865004
1,8519680,530.3597054481506,1000.0,1.6341199660673738,523.7602698802948,1000.0,1.6396471075713634,533.2448313236237,1000.0,1.660853074863553,530.1322944164276,1000.0,1.5662422515451908
1,8585216,529.0383863449097,1000.0,1.517186239361763,529.3469994068146,1000.0,1.7265613777562976,520.7453939914703,1000.0,1.3773814258165658,525.7635290622711,1000.0,1.8111118599772453
1,8650752,533.3285360336304,1000.0,1.8392625022679567,527.2930624485016,1000.0,1.7925702035427094,522.8863091468811,1000.0,1.5434946683235466,528.7004647254944,1000.0,1.6509726792573929
1,8716288,532.2144713401794,1000.0,1.557124987244606,530.2074091434479,1000.0,1.7298449762165546,528.1721789836884,1000.0,1.7080936580896378,524.6829826831818,1000.0,1.8774241227656603
1,8781824,531.8687968254089,1000.0,1.6075301207602024,535.3478791713715,1000.0,1.6226201876997948,521.6800756454468,1000.0,1.7674332913011312,533.4895331859589,1000.0,1.8451103866100311
1,8847360,530.4024894237518,1000.0,1.5794775517424569,527.9506874084473,1000.0,1.6776377111673355,525.4152915477753,1000.0,1.7801038408651948,525.9286437034607,1000.0,2.0547128110192716
1,8912896,528.8407621383667,1000.0,1.4315126035362482,516.8134500980377,1000.0,1.502813893253915,517.0437769889832,1000.0,1.846557967364788,522.6251668930054,1000.0,1.6907751224935055
1,8978432,259.134241511027,976.795730082194,0.7772322876378894,257.72447896321614,975.7445901489258,0.8042218114559849,254.85450492858888,973.5935153706869,0.8037221346298853,258.0156404495239,975.4806387329102,0.7861516273145874
1,9043968,530.9476284980774,1000.0,2.023427776992321,526.235853433609,1000.0,1.553657066076994,530.8331983089447,1000.0,1.687085660174489,521.0380756855011,1000.0,1.7213181001134217
1,9109504,528.2270159721375,1000.0,1.860211725346744,531.5383243560791,1000.0,1.7977432608604431,527.2448725700378,1000.0,1.5466228891164064,523.9051163196564,1000.0,1.7118529584258795
1,9175040,527.55317902565,1000.0,1.4896853044629097,531.7146804332733,1000.0,1.8348266445100307,525.8313026428223,1000.0,1.481646902859211,527.6509163379669,1000.0,1.725687863305211
1,9240576,523.3472454547882,1000.0,1.8347294311970472,532.818042755127,1000.0,1.6070679370313883,526.9570362567902,1000.0,1.760153735987842,521.4027495384216,1000.0,1.6849915739148855
1,9306112,530.516521692276,1000.0,1.606958482414484,526.6047022342682,1000.0,2.022439742460847,528.1945340633392,1000.0,1.5781401246786118,528.8922848701477,1000.0,1.5855598747730255
1,9371648,525.9645743370056,1000.0,1.784745693206787,525.410315990448,1000.0,1.695501294452697,521.7394845485687,1000.0,1.528055707924068,524.5890455245972,1000.0,1.6736693009734154
1,9437184,534.1381018161774,1000.0,1.8376080729067326,529.9634685516357,1000.0,1.4080460239201784,526.4741501808167,1000.0,1.6113026104867458,523.8450870513916,1000.0,1.8357629664242268
1,9502720,262.442906888326,981.7340147399902,0.8057600235193968,258.89647172292075,977.1449511210124,0.8044494398186604,255.34325168609618,972.9567922973633,0.7837310610665008,253.88821116129557,974.2090511576334,0.7184527672827243
1,9568256,527.1811721324921,1000.0,1.8147051557898521,527.9616084098816,1000.0,1.7062681000679731,522.3386726379395,1000.0,1.7711918819695711,530.3856656551361,1000.0,2.013703875243664
1,9633792,538.2919318675995,1000.0,1.631304799579084,528.625884771347,1000.0,1.8133162781596184,518.3182325363159,1000.0,1.6982839331030846,525.2049036026001,1000.0,1.5766661129891872
1,9699328,526.4295411109924,1000.0,1.708571633324027,533.7466430664062,1000.0,1.7627371083945036,523.5005269050598,1000.0,1.7827050872147083,525.5337846279144,1000.0,1.676482499577105
1,9764864,530.0271937847137,1000.0,1.6602210123091936,522.4638459682465,1000.0,1.9308443292975426,519.700846195221,1000.0,1.802977243438363,522.2449879646301,1000.0,1.6372079937718809
1,9830400,524.7155754566193,1000.0,1.6729635186493397,527.510555267334,1000.0,1.903844602406025,522.9479737281799,1000.0,1.802339220419526,519.8887412548065,1000.0,1.6355231814086437
1,9895936,528.1388626098633,1000.0,1.8640796192921698,523.1479306221008,1000.0,1.581941731274128,522.9263129234314,1000.0,1.5648151189088821,525.9633808135986,1000.0,1.5542574897408485
1,9961472,524.8877606391907,1000.0,1.6958115622401237,527.1996092796326,1000.0,1.7389817265793681,516.9175367355347,1000.0,1.957192056812346,515.2979102134705,1000.0,1.4960023015737534
1,10027008,258.6398308944702,979.726736501058,0.7645829850186905,256.64482213338215,976.6740589396159,0.8227954785277446,251.32195172627766,970.1367745971679,0.7903248014301061,251.81671543121337,971.3329789225261,0.8018030764659245
1,10092544,530.9835412502289,1000.0,1.392176739871502,533.3441672325134,1000.0,1.6853466592729092,531.4646575450897,1000.0,1.8233311884105206,530.3821473121643,1000.0,1.72180512920022
1,10158080,531.1857204437256,1000.0,1.520690070465207,527.8364040851593,1000.0,1.940215028822422,531.8107779026031,1000.0,1.6139664221554995,523.7050149440765,1000.0,1.6747904876247048
1,10223616,529.537219285965,1000.0,1.6266044043004513,524.2423255443573,1000.0,1.4279043804854155,527.2643065452576,1000.0,1.6128719076514244,521.0271852016449,1000.0,1.6309184497222304
1,10289152,530.2789878845215,1000.0,1.8541390942409635,525.2640764713287,1000.0,1.506878349930048,527.0961735248566,1000.0,1.6682537347078323,526.3478698730469,1000.0,1.4682376864366233
1,10354688,529.6761524677277,1000.0,1.7065645386464894,516.7956054210663,1000.0,1.5806024111807346,524.0653929710388,1000.0,1.5985193094238639,530.6316685676575,1000.0,1.8927276730537415
1,10420224,521.1341435909271,1000.0,1.6598403714597225,526.4938442707062,1000.0,1.5661768292775378,517.5944242477417,1000.0,1.5829188972711563,527.4464130401611,1000.0,1.722541693598032
1,10485760,523.5959460735321,1000.0,1.9384537795558572,522.9738321304321,1000.0,1.6690342910587788,522.6708247661591,1000.0,1.415202334523201,519.6860370635986,1000.0,1.7696047276258469
1,10551296,265.53132017771406,981.4593268330892,0.8463412685195605,257.6371439743042,976.5327659098307,0.7949806401878595,254.58574175516765,972.0051815287272,0.8086119312793016,252.76739288330077,969.3668965148926,0.7775491805622975
1,10616832,526.2991967201233,1000.0,1.9309188518673182,532.7143137454987,1000.0,1.7736516762524843,522.9059519767761,1000.0,1.463983127498068,534.7889323234558,1000.0,1.6223382279276848
1,10682368,523.5522003173828,1000.0,1.5053138621151447,523.789365530014,1000.0,1.809098720550537,524.8111243247986,1000.0,1.7402941789478064,521.676146030426,1000.0,1.6481396392919123
1,10747904,536.4585583209991,1000.0,1.6734367636963725,522.117130279541,1000.0,1.8112546131014824,532.8669078350067,1000.0,1.9789708256721497,529.532384634018,1000.0,1.6813575234264135
1,10813440,536.5478818416595,1000.0,1.7415475212037563,526.4499430656433,1000.0,1.4582436252385378,527.7079980373383,1000.0,1.8519372437149286,524.5252063274384,1000.0,1.596695357002318
1,10878976,529.9899582862854,1000.0,1.5126893259584904,529.5681669712067,1000.0,1.6577421240508556,526.0077812671661,1000.0,1.535794566385448,519.4782726764679,1000.0,1.3010210637003183
1,10944512,523.6156413555145,1000.0,1.5792860996443778,526.5449683666229,1000.0,1.6129420213401318,524.9243071079254,1000.0,1.5180605929344893,516.4946014881134,1000.0,1.5336292614229023
1,11010048,522.0737309455872,1000.0,1.915128719061613,525.526930809021,1000.0,1.6154765188694,520.2359840869904,1000.0,1.5215285217855126,518.3890018463135,1000.0,1.5839744787663221
1,11075584,255.84415884653725,972.7465817260743,0.7740520097501575,256.1644795862834,976.2669325764974,0.7667514395465453,253.18070021311442,970.5716115315755,0.7699981634318829,251.46176568349202,969.1079219563802,0.7631931424637636
1,11141120,536.4345948696136,1000.0,2.0118872430175543,529.6122159957886,1000.0,1.6515409462153912,533.0199630260468,1000.0,1.7529260739684105,536.8290729522705,1000.0,1.703683190047741
1,11206656,526.8987381458282,1000.0,1.9244525209069252,525.4033029079437,1000.0,1.7311373725533485,528.6444618701935,1000.0,1.5618014745414257,526.6262204647064,1000.0,1.6990675628185272
1,11272192,523.4914309978485,1000.0,1.7372722625732422,523.8489880561829,1000.0,2.012330876663327,524.3460700511932,1000.0,1.7745599187910557,522.7472198009491,1000.0,1.9003629721701145
1,11337728,524.4066874980927,1000.0,1.7569056879729033,532.3692791461945,1000.0,1.8525213631801307,523.5143132209778,1000.0,1.5593891516327858,527.6587381362915,1000.0,1.7555580376647413
1,11403264,526.4575724601746,1000.0,1.4368809573352337,530.5482747554779,1000.0,1.5846261866390705,534.4663453102112,1000.0,1.6275326181203127,529.1508719921112,1000.0,1.8466036766767502
1,11468800,528.0809118747711,1000.0,1.7000856585800648,530.5869162082672,1000.0,1.9230654388666153,529.030665397644,1000.0,1.6511918655596673,533.0332114696503,1000.0,1.8019737973809242
1,11534336,524.372350692749,1000.0,1.9134817887097597,520.3385903835297,1000.0,1.6189737394452095,525.6602711677551,1000.0,1.6849918449297547,519.6321527957916,1000.0,1.4021965973079205
1,11599872,262.4091036478678,977.8570359293619,0.78295011776189,260.8846436945597,979.1878749084473,0.7888421556353569,258.6930600865682,976.4282955423992,0.7747782686352729,257.88725336710615,975.2751814270019,0.764601016441981
1,11665408,523.1935820579529,1000.0,1.8133528837934136,525.7649810314178,1000.0,1.8994080629199743,519.5862329006195,1000.0,1.6296805310994387,524.663765668869,1000.0,1.3460264764726162
1,11730944,506.9010844230652,1000.0,1.6163393342867494,518.5158774852753,1000.0,1.5757917128503323,514.5458896160126,1000.0,1.6978476289659739,524.0637781620026,1000.0,1.87274324381724
1,11796480,520.605232000351,1000.0,1.674006748944521,522.4955608844757,1000.0,1.8008719813078642,527.4622943401337,1000.0,1.8226504307240248,526.1481332778931,1000.0,1.7229672111570835
1,11862016,534.5362765789032,1000.0,1.7046217732131481,529.7245891094208,1000.0,1.4847001899033785,516.9861106872559,1000.0,1.8447375893592834,526.1765022277832,1000.0,2.0015768073499203
1,11927552,529.4408535957336,1000.0,1.7903394475579262,528.9424424171448,1000.0,1.5696982480585575,531.251424074173,1000.0,1.5529712969437242,520.3486008644104,1000.0,1.502564917667769
1,11993088,528.2745954990387,1000.0,1.784788817167282,525.769364118576,1000.0,1.7382832113653421,530.5496337413788,1000.0,1.506816890090704,523.2737469673157,1000.0,1.6360820569097996
1,12058624,523.1217575073242,1000.0,1.5148656936362386,529.4282827377319,1000.0,1.457201212644577,522.6834120750427,1000.0,2.0237309727817774,519.3367300033569,1000.0,1.5052721286192536
1,12124160,256.75523737589515,977.3515295410157,0.8096052645643552,255.7299029668172,973.223007253011,0.7969894012684624,257.00994998931884,975.0131685384115,0.7598564772307872,252.20631814320882,968.6337160746257,0.7894574140012265
1,12189696,533.9041244983673,1000.0,1.7608541548252106,534.2151482105255,1000.0,1.6504243426024914,520.4450631141663,1000.0,1.9187603779137135,530.6824922561646,1000.0,1.6124684978276491
1,12255232,528.5107667446136,1000.0,1.671751331537962,522.9252111911774,1000.0,1.767926312983036,505.0811357498169,1000.0,1.3668973934836686,523.7147393226624,1000.0,1.4966192841529846
1,12320768,530.9233400821686,1000.0,1.5247944919392467,526.9596288204193,1000.0,1.5019854009151459,521.46533203125,1000.0,1.6409584763459861,532.4203627109528,1000.0,1.5646349941380322
1,12386304,531.4444119930267,1000.0,1.5233952589333057,519.6951241493225,1000.0,1.6758432677015662,516.891576051712,1000.0,1.765143871307373,531.8986532688141,1000.0,1.6985924895852804
1,12451840,530.3965692520142,1000.0,1.8124726302921772,520.7134432792664,1000.0,1.5532216522842646,515.166079044342,1000.0,1.6004351526498795,527.6178042888641,1000.0,1.6870651915669441
1,12517376,537.5934593677521,1000.0,1.5801997762173414,528.3500416278839,1000.0,1.484226893633604,522.295884847641,1000.0,1.3468435555696487,532.1157987117767,1000.0,1.6404504384845495
1,12582912,526.9525372982025,1000.0,1.8503599930554628,520.9362440109253,1000.0,1.6138380812481046,528.4899044036865,1000.0,1.7455019634217024,523.210616350174,1000.0,1.6042630262672901
1,12648448,259.1119204711914,978.3458575439453,0.8222515535354614,260.2056721878052,979.4238190714518,0.7958715406122308,251.51818543752034,969.7311296081543,0.7746447010089954,254.84955455780027,973.0938953653972,0.8067727958224713
1,12713984,538.6052062511444,1000.0,1.6839236160740256,531.6709651947021,1000.0,1.5617159139364958,537.2414991855621,1000.0,1.7442188784480095,525.649736404419,1000.0,1.831809808500111
1,12779520,517.6915080547333,1000.0,1.7983613274991512,512.3611936569214,1000.0,1.8767449026927352,522.8240768909454,1000.0,1.8493366036564112,516.9252760410309,1000.0,1.709163716994226
1,12845056,524.7274959087372,1000.0,1.6125747188925743,521.0827789306641,1000.0,1.6745945736765862,524.909529209137,1000.0,1.753614280372858,526.6095650196075,1000.0,1.8330548824742436
1,12910592,528.4731316566467,1000.0,1.7094898000359535,527.8898386955261,1000.0,1.544582612812519,529.9812049865723,1000.0,1.9031718652695417,522.3555104732513,1000.0,1.7209034161642194
1,12976128,528.2343580722809,1000.0,1.5225987918674946,518.1167507171631,1000.0,1.5833685100078583,519.1416652202606,1000.0,1.5682439357042313,522.0200679302216,1000.0,1.6235030740499496
1,13041664,523.1088812351227,1000.0,1.7432817369699478,521.2781641483307,1000.0,1.5598395876586437,520.2857415676117,1000.0,1.6912765353918076,523.2557916641235,1000.0,1.6928518414497375
1,13107200,521.2237219810486,1000.0,1.8494006088003516,512.5798332691193,1000.0,1.6414724253118038,522.1745798587799,1000.0,1.648376028984785,521.0297131538391,1000.0,1.8038248103111982
1,13172736,261.15312446594237,978.9972933959962,0.7556933605919282,257.90337604522705,977.6011980692546,0.8045605720486492,256.2498698552449,973.295603688558,0.8051628187298775,254.19026223500572,968.5225272623697,0.7872036642829577
1,13238272,527.313159942627,1000.0,1.3547518998384476,530.1271786689758,1000.0,1.792753215879202,520.7977414131165,1000.0,1.9266040958464146,535.410315990448,1000.0,1.3394142985343933
1,13303808,517.5749442577362,1000.0,1.6685187071561813,522.7841346263885,1000.0,1.6709061600267887,516.5645444393158,1000.0,1.563223022967577,525.198410987854,1000.0,1.737556230276823
1,13369344,516.7841086387634,1000.0,1.566126779653132,523.2752275466919,1000.0,1.5061634704470634,526.3278343677521,1000.0,1.7955436948686838,527.3574395179749,1000.0,1.582515962421894
1,13434880,504.45973324775696,1000.0,1.4895302564837039,523.0509734153748,1000.0,1.6869772006757557,523.8005337715149,1000.0,1.5822308659553528,520.117828130722,1000.0,1.8537862058728933
1,13500416,527.924898147583,1000.0,1.675636355765164,530.0077674388885,1000.0,1.632597655057907,527.2429041862488,1000.0,1.5780380181968212,523.8511381149292,1000.0,1.3984976522624493
1,13565952,534.2774112224579,1000.0,1.911082200706005,534.4841990470886,1000.0,1.5931361198890954,538.2091615200043,1000.0,1.8632403649389744,530.6688368320465,1000.0,1.8557833703234792
1,13631488,526.5892796516418,1000.0,1.8016567747108638,506.36842250823975,1000.0,1.5301503231748939,523.435614824295,1000.0,1.4330124333500862,524.993825674057,1000.0,1.522567117586732
1,13697024,261.8751859029134,978.6408190917969,0.7925280685226123,258.02975222269697,978.3156870015462,0.7870832094053428,258.57491256713865,976.5391534932455,0.7604564054682851,256.09724487304686,975.679429321289,0.7793460804348191
1,13762560,523.5977063179016,1000.0,1.714754270389676,535.0612440109253,1000.0,1.5946601945906878,516.5971701145172,1000.0,1.6761263106018305,524.1633265018463,1000.0,1.714808626100421
1,13828096,517.3942542076111,1000.0,1.5953552667051554,530.7401976585388,1000.0,1.8516073934733868,517.4938697814941,1000.0,1.469349730759859,524.9586572647095,1000.0,1.7773643750697374
1,13893632,524.7342264652252,1000.0,1.494146564975381,527.0375640392303,1000.0,1.5209013000130653,529.1251430511475,1000.0,1.5297531969845295,534.3853678703308,1000.0,1.8105107080191374
1,13959168,517.9422597885132,1000.0,1.8007453382015228,530.5504109859467,1000.0,1.827216699719429,530.8775782585144,1000.0,1.8665106147527695,532.4338097572327,1000.0,1.7106092423200607
1,14024704,514.1972002983093,1000.0,1.5626383647322655,522.4063749313354,1000.0,1.6298559326678514,528.0108428001404,1000.0,1.795539252460003,520.3338913917542,1000.0,1.9802253488451242
1,14090240,527.2338652610779,1000.0,1.7583774784579873,531.1074562072754,1000.0,1.5111235864460468,516.7576639652252,1000.0,1.6746438182890415,520.3601150512695,1000.0,1.6765546761453152
1,14155776,521.6857454776764,1000.0,1.5774614783003926,521.9833376407623,1000.0,1.8236166443675756,498.0248348712921,1000.0,1.4144663661718369,517.3142626285553,1000.0,1.6395003916695714
1,14221312,261.12642442067465,977.7000986735026,0.7557479594647885,260.0601721954346,977.8544972229004,0.7807645513614019,261.2788056818644,975.654010365804,0.8066510768979788,257.33569619496666,972.1698388671875,0.8091655468940735
1,14286848,536.1682410240173,1000.0,1.7436795085668564,537.0466241836548,1000.0,1.6291212672367692,517.8254659175873,1000.0,1.5735881621949375,531.5761117935181,1000.0,1.3521921038627625
1,14352384,529.0806837081909,1000.0,1.800586737692356,516.8798158168793,1000.0,1.4410165213048458,530.7578177452087,1000.0,1.4552565887570381,529.2293927669525,1000.0,1.549997417256236
1,14417920,520.8986320495605,1000.0,1.7102746069431305,525.2869153022766,1000.0,1.8160996371880174,528.5891666412354,1000.0,1.6014354694634676,518.3689398765564,1000.0,1.5637893229722977
1,14483456,529.7171697616577,1000.0,1.425468783825636,526.4163076877594,1000.0,1.927963636117056,522.2441627979279,1000.0,1.668598766438663,513.8826220035553,1000.0,1.7276312187314034
1,14548992,519.1805832386017,1000.0,1.436814357060939,520.6891212463379,1000.0,1.6416552520822734,529.6660921573639,1000.0,1.7822602353990078,524.3549919128418,1000.0,1.9414086043834686
1,14614528,524.0207650661469,1000.0,1.798638891428709,520.594411611557,1000.0,1.632595032453537,532.2507269382477,1000.0,1.7428908627480268,519.3782424926758,1000.0,1.6663401778787374
1,14680064,518.9060955047607,1000.0,1.8490561731159687,503.8481767177582,1000.0,1.5356369279325008,527.0485470294952,1000.0,1.5980989560484886,518.3434972763062,1000.0,1.6349867396056652
1,14745600,258.8752042134603,980.1187986246745,0.7686726790169875,260.27213883717855,978.547823638916,0.8252704256027936,255.06289740244546,973.5697731526693,0.7916420677800973,254.5458582941691,975.2634090677898,0.7978587475294868
1,14811136,531.6756284236908,1000.0,1.6483007110655308,527.4923875331879,1000.0,1.5531264238525182,526.2776532173157,1000.0,1.6554481498897076,530.1618967056274,1000.0,1.681382711045444
1,14876672,515.994179725647,1000.0,1.7614259831607342,528.5728552341461,1000.0,1.5796287059783936,512.713205575943,1000.0,1.4831341467797756,519.8872213363647,1000.0,1.4354098066687584
1,14942208,523.1605923175812,1000.0,1.6794011481106281,528.49396276474,1000.0,1.6277393158525229,530.995913028717,1000.0,1.632847622036934,527.5261645317078,1000.0,1.5873329835012555
1,15007744,536.3427395820618,1000.0,1.7435967549681664,529.6386694908142,1000.0,1.5930843288078904,528.3366060256958,1000.0,1.5820583971217275,532.660498380661,1000.0,1.932748888619244
1,15073280,515.0736634731293,1000.0,1.5679343845695257,527.7373034954071,1000.0,1.5901005771011114,526.4832375049591,1000.0,1.6374704875051975,513.2477419376373,1000.0,1.6028525214642286
1,15138816,518.4153883457184,1000.0,1.5021519232541323,532.2787487506866,1000.0,1.7120150811970234,524.1362969875336,1000.0,1.6920558190904558,528.2876882553101,1000.0,1.8649372681975365
1,15204352,516.7832496166229,1000.0,2.027096513658762,516.3515706062317,1000.0,1.488885460421443,510.09080815315247,1000.0,1.3422957127913833,528.8696005344391,1000.0,1.5469929315149784
1,15269888,260.06572415669757,978.8755383300781,0.8212728559474151,262.4624825414022,979.2578169759115,0.8447702832395831,259.99311450958254,976.2419873046875,0.8422477574087679,260.2891521072388,972.9238238016765,0.7921397563954815
1,15335424,529.9278554916382,1000.0,1.6869092248380184,526.21009516716,1000.0,1.6821500416845083,519.9893553256989,1000.0,1.719388697296381,522.6284272670746,1000.0,1.7346176989376545
1,15400960,519.8016455173492,1000.0,1.7041217368096113,520.5690786838531,1000.0,1.664761551655829,532.8170454502106,1000.0,1.4929177016019821,517.0323116779327,1000.0,1.5491165220737457
1,15466496,519.645610332489,1000.0,1.7176702534779906,526.3372230529785,1000.0,1.719169670715928,530.9036865234375,1000.0,1.645994920283556,517.4635617733002,1000.0,1.5627723163925111
1,15532032,526.3844547271729,1000.0,1.537718791514635,516.061192035675,1000.0,1.53351816162467,530.0601007938385,1000.0,1.7347914148122072,524.8791496753693,1000.0,1.8866649121046066
1,15597568,523.1089117527008,1000.0,1.575810769572854,514.4161288738251,1000.0,1.6580888479948044,527.2702753543854,1000.0,1.7436120053753257,532.0884187221527,1000.0,1.7707803416997194
1,15663104,523.4605810642242,1000.0,1.6813582628965378,529.7049088478088,1000.0,1.712483518756926,529.4737801551819,1000.0,1.8981713894754648,528.7936646938324,1000.0,1.7577282302081585
1,15728640,509.3282239437103,1000.0,1.550730420742184,526.8874034881592,1000.0,1.5216658674180508,532.6336357593536,1000.0,1.9825347065925598,525.2916810512543,1000.0,1.506054143421352
1,15794176,263.61476554870603,980.251406809489,0.7918402519573768,259.68806631724044,977.6458774312338,0.8045360496764382,254.67786534627277,972.8354393513998,0.7726674906164408,258.37756355285643,975.7312005106608,0.7696672302857042
1,15859712,523.4948313236237,1000.0,1.6030221739783883,526.6350593566895,1000.0,1.496054490096867,528.1112720966339,1000.0,1.558514037169516,518.8585433959961,1000.0,1.7127395560964942
1,15925248,534.1832427978516,1000.0,1.6007463168352842,521.4766380786896,1000.0,1.6321497671306133,500.5004599094391,1000.0,1.4289366444572806,515.7586410045624,1000.0,1.5855659693479538
1,15990784,535.0497486591339,1000.0,1.5591518618166447,522.2969129085541,1000.0,1.9033908993005753,499.6155502796173,1000.0,1.5093789417296648,529.1950535774231,1000.0,1.466847911477089
1,16056320,532.7352511882782,1000.0,1.671924065798521,500.69691729545593,1000.0,1.4841025415807962,488.2772579193115,1000.0,1.6697329254820943,518.0555579662323,1000.0,1.6482590092346072
1,16121856,514.1021637916565,1000.0,1.425973828881979,501.823007106781,1000.0,1.3900885209441185,493.9428668022156,1000.0,1.4591903784312308,511.9474153518677,1000.0,1.7583541180938482
1,16187392,527.6754412651062,1000.0,1.747043020091951,517.5624778270721,1000.0,1.5758078582584858,511.4333941936493,1000.0,1.6637896988540888,526.0335187911987,1000.0,1.6403122954070568
1,16252928,513.9311547279358,1000.0,1.338455494493246,522.0869777202606,1000.0,1.6716683339327574,517.3700597286224,1000.0,1.3724341988563538,527.1460061073303,1000.0,1.869826452806592
1,16318464,265.3221494166056,980.8828653462729,0.7876436851794522,263.49813020070394,981.8511911519369,0.818123353558282,256.14984849294024,976.8361848958334,0.802423541857861,258.38639399210615,974.8418394978842,0.7731940830995638
1,16384000,519.0130157470703,1000.0,1.9312605150043964,523.7949757575989,1000.0,1.6902166521176696,521.8833422660828,1000.0,1.6174170188605785,517.761994600296,1000.0,1.3764759548939764
1,16449536,510.38619565963745,1000.0,1.3938797302544117,516.4799728393555,1000.0,1.164340759627521,523.8590817451477,1000.0,1.4414423666894436,519.5703537464142,1000.0,1.6127147302031517
1,16515072,515.9449772834778,1000.0,1.5137144532054663,524.9891617298126,1000.0,1.6275221537798643,536.1603255271912,1000.0,1.4961542934179306,529.9484827518463,1000.0,1.649534661322832
1,16580608,521.0304825305939,1000.0,2.1100297458469868,500.36995935440063,1000.0,1.4896266013383865,534.6023359298706,1000.0,1.817438492551446,523.8315410614014,1000.0,1.6902154367417097
1,16646144,526.1490769386292,1000.0,1.4898636993020773,507.9732151031494,1000.0,1.3741672979667783,529.0918056964874,1000.0,1.8109577149152756,524.1692349910736,1000.0,1.5155159449204803
1,16711680,525.3949599266052,1000.0,1.7293052412569523,517.3503534793854,1000.0,1.552868097089231,531.8959667682648,1000.0,1.906116754282266,527.6693525314331,1000.0,1.5304460674524307
1,16777216,518.0208024978638,1000.0,1.486185695976019,512.7482514381409,1000.0,1.6703712372109294,510.53575682640076,1000.0,1.85463235527277,522.2340378761292,1000.0,1.6301988316699862
1,16842752,266.4362382634481,983.006711578369,0.8273509074995915,256.01675572713214,975.4763918558756,0.768264505242308,255.36530885060628,975.2988529968261,0.7771196155746778,257.4863352839152,976.056309967041,0.7821710591266553
1,16908288,521.4639301300049,1000.0,1.5894589722156525,544.9761774539948,1000.0,1.7520128265023232,533.0788421630859,1000.0,1.5847772434353828,524.4192752838135,1000.0,1.4156130142509937
1,16973824,513.111659526825,1000.0,1.7818053904920816,533.6308245658875,1000.0,1.7732159420847893,518.9435286521912,1000.0,1.5168768353760242,514.8806025981903,1000.0,1.4397654831409454
1,17039360,525.7614450454712,1000.0,1.5521284528076649,520.1726222038269,1000.0,1.5874987728893757,515.1984167098999,1000.0,1.6648078141734004,524.2808482646942,1000.0,1.7657843343913555
1,17104896,527.0345811843872,1000.0,1.9236230291426182,523.9032900333405,1000.0,1.677939847111702,512.5998842716217,1000.0,1.527490908280015,526.8500928878784,1000.0,2.209219057112932
1,17170432,502.4507429599762,1000.0,1.6628749836236238,514.588348865509,1000.0,1.543760284781456,523.6016807556152,1000.0,1.6999479262158275,528.9317514896393,1000.0,1.784952632151544
1,17235968,530.5664007663727,1000.0,1.5748388394713402,520.9959232807159,1000.0,1.5647606030106544,532.0398685932159,1000.0,1.6599293015897274,531.5956583023071,1000.0,1.5631187967956066
1,17301504,502.56377506256104,1000.0,1.414750775322318,517.6078491210938,1000.0,1.3737850114703178,508.8294701576233,1000.0,1.8284323625266552,514.6249887943268,1000.0,1.8977875206619501
1,17367040,266.14505724589026,981.349154663086,0.7823386187106371,263.5098636118571,979.4000006103515,0.8098678908435006,259.0549506632487,977.3370457458495,0.812468583409985,259.8562349828084,977.1022159830729,0.7940543269490202
1,17432576,527.2933955192566,1000.0,1.8663230556994677,526.1971521377563,1000.0,1.6147191319614649,531.1681373119354,1000.0,1.6283567063510418,526.9248077869415,1000.0,1.731928477762267
1,17498112,520.427741765976,1000.0,1.4413236938416958,515.5179696083069,1000.0,1.5305339936167002,519.6900882720947,1000.0,1.7240129373967648,504.68979597091675,1000.0,1.8192971460521221
1,17563648,525.7425403594971,1000.0,1.343977252021432,524.7775285243988,1000.0,1.7377545656636357,521.8652427196503,1000.0,1.7338268728926778,502.18635749816895,1000.0,1.6022613383829594
1,17629184,541.8235037326813,1000.0,1.8052563183009624,539.7179219722748,1000.0,1.440383791923523,531.9429214000702,1000.0,1.6011478919535875,517.6466128826141,1000.0,1.730510652065277
1,17694720,489.7455635070801,1000.0,1.524819045793265,538.5552361011505,1000.0,1.6838859941344708,536.9790785312653,1000.0,1.798054697457701,526.2126688957214,1000.0,1.7653514444828033
1,17760256,516.7043480873108,1000.0,1.5739712617360055,532.3609712123871,1000.0,1.8149800198152661,526.179062128067,1000.0,1.5672100558876991,515.0021953582764,1000.0,1.7474539913237095
1,17825792,502.3146517276764,1000.0,1.3655857313424349,509.2319133281708,1000.0,1.4955026237294078,536.8677115440369,1000.0,1.7922245636582375,490.81887102127075,1000.0,1.518312773667276
1,17891328,258.66235800425216,980.5146209716797,0.7870444054653247,263.75474608103434,981.465913696289,0.8297894763574004,258.33050081888837,976.2963977559407,0.7460627678657572,260.01019076029456,975.7156412251791,0.8054931211533646
1,17956864,531.382851600647,1000.0,1.7486514067277312,516.4926133155823,1000.0,1.5977615304291248,518.7541651725769,1000.0,1.718213009648025,518.402366399765,1000.0,1.4904721733182669
1,18022400,539.2246723175049,1000.0,2.1385790882632136,533.3402740955353,1000.0,1.6931473948061466,530.3105089664459,1000.0,1.9101811684668064,535.1995618343353,1000.0,1.792933031450957
1,18087936,535.7480912208557,1000.0,1.775297756306827,525.8008325099945,1000.0,1.6970571912825108,539.3906452655792,1000.0,1.9073569923639297,528.0116086006165,1000.0,1.694609697908163
1,18153472,532.4787931442261,1000.0,1.7047762162983418,530.5961565971375,1000.0,1.5777741111814976,518.9314978122711,1000.0,1.5417028926312923,521.5066802501678,1000.0,1.5514297094196081
1,18219008,517.824285030365,1000.0,1.5783672463148832,520.2138886451721,1000.0,1.7692649960517883,508.6953158378601,1000.0,1.6045083301141858,523.5689134597778,1000.0,1.5733804125338793
1,18284544,528.3503994941711,1000.0,1.5552757596597075,513.5649089813232,1000.0,1.7731609689071774,517.331077337265,1000.0,1.4819131586700678,525.9459729194641,1000.0,1.957012003287673
1,18350080,506.6614158153534,1000.0,1.529079806059599,511.27395582199097,1000.0,1.6703561954200268,485.43882060050964,1000.0,1.4473575614392757,526.1556656360626,1000.0,1.5306608863174915
1,18415616,270.52509412129723,987.7368289693197,0.8155352102220059,257.3791505559285,976.9120624796549,0.772792836241424,254.97915709177653,974.3505187988281,0.7934897557770213,261.8241046778361,977.0505408732097,0.8044975453118484
1,18481152,527.8854939937592,1000.0,1.6686062747612596,539.1281507015228,1000.0,1.7162050642073154,545.6836879253387,1000.0,2.0319223403930664,496.64712500572205,1000.0,1.5801678348216228
1,18546688,523.2676749229431,1000.0,1.6685994332656264,534.932149887085,1000.0,1.6230501029640436,509.0180802345276,1000.0,1.4899103501811624,522.4710624217987,1000.0,1.438473897986114
1,18612224,509.0476405620575,1000.0,1.5163181060925126,509.9887752532959,1000.0,1.443217758089304,526.939740896225,1000.0,1.668208222836256,521.4592082500458,1000.0,1.5246383044868708
1,18677760,512.4472646713257,1000.0,1.5522465859539807,515.51549077034,1000.0,1.6550241149961948,539.8441257476807,1000.0,1.8912626430392265,537.1107618808746,1000.0,1.5443023703992367
1,18743296,506.76120591163635,1000.0,1.5560289397835732,507.3348469734192,1000.0,1.4688420742750168,525.8638818264008,1000.0,1.775730051100254,527.6218585968018,1000.0,1.4566002925857902
1,18808832,516.1347844600677,1000.0,1.7667216397821903,520.307692527771,1000.0,1.6821540279197507,525.8208160400391,1000.0,1.6363765057176352,520.8269627094269,1000.0,1.643240993609652
1,18874368,508.85163617134094,1000.0,1.62209746055305,502.103883266449,1000.0,1.6264160238206387,517.602481842041,1000.0,1.4830484930425882,534.1950860023499,1000.0,1.581073334440589
1,18939904,267.5205852635702,983.1704541015624,0.8468078660468261,256.9118214416504,976.1042547607422,0.7914203682541847,263.76923646291095,979.1257319641113,0.8433631828178962,263.00000860850014,975.7022791544596,0.8049798353885611
1,19005440,520.5720880031586,1000.0,1.5070398449897766,537.7173461914062,1000.0,1.9301319494843483,527.0228087902069,1000.0,1.4442533077672124,521.1488602161407,1000.0,1.713052660226822
1,19070976,512.7478630542755,1000.0,1.8251640386879444,512.6394550800323,1000.0,1.3518466791138053,517.2372758388519,1000.0,1.629522005096078,510.9852375984192,1000.0,1.5362751055508852
1,19136512,511.9777615070343,1000.0,1.6500355694442987,529.036479473114,1000.0,1.6166791040450335,529.6122055053711,1000.0,1.7072349432855844,505.1042106151581,1000.0,1.4065255243331194
1,19202048,538.0244586467743,1000.0,1.6151334326714277,528.9948968887329,1000.0,1.6620590630918741,538.6222562789917,1000.0,1.9146785959601402,498.0263283252716,1000.0,1.5933096455410123
1,19267584,491.7837915420532,1000.0,1.4338486716151237,507.0522427558899,1000.0,1.7154344730079174,522.1406145095825,1000.0,1.7272833166643977,509.692058801651,1000.0,1.6353172194212675
1,19333120,541.8099257946014,1000.0,1.6888516480103135,534.5855379104614,1000.0,1.5784503445029259,528.3810591697693,1000.0,1.5301522575318813,522.0230374336243,1000.0,1.9643787927925587
1,19398656,491.5547385215759,1000.0,1.56954912468791,505.46139669418335,1000.0,1.3219027370214462,510.5563061237335,1000.0,1.5075100492686033,484.2926115989685,1000.0,1.4305968368425965
1,19464192,259.03400390625,980.3520826212565,0.7806715522458156,264.56797840118406,980.7384958394368,0.8130564121032755,259.20490783691406,974.7568032328288,0.7653337548052271,257.3687370554606,977.4945649719239,0.7658679456387958
1,19529728,550.3375356197357,1000.0,1.8756189029663801,521.2139344215393,1000.0,1.6626444198191166,532.438985824585,1000.0,1.6042339922860265,540.4985721111298,1000.0,1.549463358707726
1,19595264,518.809070110321,1000.0,1.4448319212533534,505.1913607120514,1000.0,1.606306366622448,530.3577275276184,1000.0,1.7683974243700504,524.266762971878,1000.0,1.8260888939257711
1,19660800,525.0451543331146,1000.0,1.7499688267707825,529.670018196106,1000.0,1.520879752933979,514.1154160499573,1000.0,1.744716664776206,541.7535378932953,1000.0,1.7523569017648697
1,19726336,505.6969406604767,1000.0,1.3752680569887161,520.0139615535736,1000.0,1.4784209998324513,514.4024844169617,1000.0,1.4172160010784864,508.52880907058716,1000.0,1.6566162295639515
1,19791872,526.9163630008698,1000.0,1.505874590948224,521.2152738571167,1000.0,1.8362213461659849,544.693469285965,1000.0,1.6800573710352182,532.9984257221222,1000.0,1.6156519316136837
1,19857408,529.0241875648499,1000.0,1.9448683336377144,504.8405783176422,1000.0,1.8436668440699577,525.0851056575775,1000.0,1.7244924008846283,510.65318751335144,1000.0,1.4963618032634258
1,19922944,507.55315828323364,1000.0,1.8421431388705969,528.3697650432587,1000.0,1.7092358581721783,535.56125664711,1000.0,1.4043828304857016,541.534200668335,1000.0,1.5789064280688763
2,19988480,264.19765134175617,982.129956258138,0.8458535979191463,267.0436971664429,981.3913115946452,0.799730380307883,262.20590724945066,976.9933604431153,0.8215517269074917,261.65411857604977,975.3321141052246,0.8162830919524033
2,20054016,523.1813468933105,1000.0,1.4785328600555658,508.7564194202423,1000.0,1.4995822682976723,509.46735548973083,1000.0,1.5675898203626275,521.3134829998016,1000.0,1.500079233199358
2,20119552,534.4874632358551,1000.0,1.6062805212568492,473.7098956108093,1000.0,1.2921972554177046,488.785475730896,1000.0,1.658404584042728,497.08851146698,1000.0,1.5955648636445403
2,20185088,543.4073085784912,1000.0,1.7138632349669933,505.8722474575043,1000.0,1.521399686113,535.2051241397858,1000.0,1.7312334775924683,522.036425113678,1000.0,1.569055611267686
2,20250624,491.4708435535431,1000.0,1.5889632012695074,516.0843045711517,1000.0,1.3799391984939575,530.6307961940765,1000.0,1.7316919602453709,530.8045299053192,1000.0,1.5227750269696116
2,20316160,467.3682701587677,1000.0,1.4060792131349444,504.3568081855774,1000.0,1.4850805420428514,534.5252592563629,1000.0,1.5081871370784938,531.4901926517487,1000.0,1.706341392127797
2,20381696,496.4926905632019,1000.0,1.420742867514491,489.7802255153656,1000.0,1.6470684818923473,516.9665756225586,1000.0,1.7191626261919737,527.0809926986694,1000.0,1.7633036272600293
2,20447232,516.4452905654907,1000.0,1.3189065959304571,508.2317051887512,1000.0,1.6270776875317097,525.9366731643677,1000.0,1.6703838165849447,530.0834107398987,1000.0,1.828283030539751
2,20512768,271.45337422688806,984.3465552266439,0.8054486626634996,258.61418066660565,978.3681591796875,0.7846685918544729,259.7458224741618,975.5984903971355,0.8070175690700611,264.61852157592773,974.5923074849446,0.8020505480095744
2,20578304,497.50497698783875,1000.0,1.7178424205631018,531.6319160461426,1000.0,1.7221180396154523,526.9943721294403,1000.0,1.6046914122998714,505.4977524280548,1000.0,1.8598331715911627
2,20643840,486.99046301841736,1000.0,1.3828189857304096,529.1167833805084,1000.0,1.7452918589115143,503.0615339279175,1000.0,1.4314714123029262,496.3017146587372,1000.0,1.3216500356793404
2,20709376,526.8202695846558,1000.0,1.7390202339738607,521.5105702877045,1000.0,1.636956600472331,538.7947058677673,1000.0,1.8609460801817477,485.8782436847687,1000.0,1.6464509973302484
2,20774912,512.506429195404,1000.0,1.5759232761338353,523.8239829540253,1000.0,1.7395284827798605,510.5870327949524,1000.0,1.4771305304020643,485.97590732574463,1000.0,1.5197363924235106
2,20840448,539.4569194316864,1000.0,1.6114863082766533,529.5332310199738,1000.0,1.7952798018231988,487.76564717292786,1000.0,1.6400286289863288,531.7497491836548,1000.0,1.5816536508500576
2,20905984,549.1815619468689,1000.0,1.8286946918815374,526.1824765205383,1000.0,1.7058009766042233,502.04729104042053,1000.0,1.6217272523790598,508.9266357421875,1000.0,1.672208609059453
2,20971520,515.6814126968384,1000.0,1.4894389165565372,501.43792033195496,1000.0,1.4068128895014524,520.895693063736,1000.0,1.4084205986000597,513.2813086509705,1000.0,1.7118032965809107
2,21037056,270.95524592081705,980.8388139343261,0.8637700398576756,260.08186478932697,977.7916915384928,0.7941266910545528,262.24900281270345,974.4216713460287,0.8052019625591735,262.8360185623169,975.614950205485,0.7993202190101147
2,21102592,518.0549423694611,1000.0,1.7315154680982232,520.0674428939819,1000.0,1.4693733546882868,512.3291864395142,1000.0,1.5797249032184482,521.2488522529602,1000.0,1.7022517751902342
2,21168128,523.824481010437,1000.0,1.68195063713938,511.96464371681213,1000.0,1.7651508823037148,520.826831817627,1000.0,1.5785077726468444,510.1692838668823,1000.0,1.5491336081176996
2,21233664,504.5674612522125,1000.0,1.599427480250597,534.3495020866394,1000.0,1.8261951175518334,514.4422240257263,1000.0,1.4783169068396091,504.9030108451843,1000.0,1.7665811851620674
2,21299200,526.2069172859192,1000.0,1.456880059093237,534.7259418964386,1000.0,1.8246300537139177,533.9900634288788,1000.0,1.832957249134779,534.7702386379242,1000.0,1.7232552822679281
2,21364736,496.27120423316956,1000.0,1.337785391137004,497.04234313964844,1000.0,1.4926252327859402,548.8899030685425,1000.0,1.6938720904290676,541.0296039581299,1000.0,1.6715625626966357
2,21430272,510.83229875564575,1000.0,1.6365134427323937,537.8207931518555,1000.0,1.5083572063595057,506.48397636413574,1000.0,1.577044696547091,523.530375957489,1000.0,1.8084610998630524
2,21495808,486.4278919696808,1000.0,1.507195810554549,527.3911590576172,1000.0,1.499740893021226,486.60800862312317,1000.0,1.424928592517972,538.5156633853912,1000.0,1.8615500121377409
3,21561344,282.8253934987386,988.7509528096516,1.0353171109904846,263.32464806874594,985.9933383687337,0.7808907797187568,260.81012692769366,980.6544793701172,0.8347937266528607,269.4668823115031,988.4479060872395,0.8508024639139573
3,21626880,388.1832756996155,1000.0,1.217739500105381,551.6952104568481,1000.0,1.77900620829314,550.3760333061218,1000.0,1.8400226570665836,531.9951858520508,1000.0,1.6580401952378452
3,21692416,448.7333085536957,1000.0,1.2115477551706135,537.7560136318207,1000.0,1.5942928604781628,433.2862184047699,1000.0,1.1987293339334428,533.2407989501953,1000.0,1.463216632604599
3,21757952,457.03865790367126,1000.0,1.2511363171506673,460.6864085197449,1000.0,1.5047043557278812,459.7207248210907,1000.0,1.2637888141907752,535.7634930610657,1000.0,1.5638867057859898
3,21823488,471.89526772499084,1000.0,1.4963775929063559,452.96259903907776,1000.0,1.38201496982947,439.2577602863312,1000.0,1.3691887543536723,503.7457149028778,1000.0,1.3879574574530125
3,21889024,510.2383072376251,1000.0,1.6496781194582582,498.3896472454071,1000.0,1.3339908719062805,478.35029911994934,1000.0,1.593077454250306,533.80983543396,1000.0,1.685430744662881
3,21954560,483.05489206314087,1000.0,1.3527165499981493,507.20587158203125,1000.0,1.72551135905087,513.1007244586945,1000.0,1.7297690622508526,516.9832940101624,1000.0,1.459170924499631
3,22020096,516.5577964782715,1000.0,1.5065088383853436,448.959064245224,1000.0,1.1194258509203792,546.3440275192261,1000.0,1.765884555876255,501.3580780029297,1000.0,1.7210416877642274
3,22085632,266.86083307902015,985.0209041341145,0.8297671296199163,266.1134929148356,979.7259517923991,0.8172219017520548,270.51233019510903,977.3036763509115,0.8546102206905684,267.2447058614095,976.4779717508952,0.8203169018154344
3,22151168,531.7330179214478,1000.0,1.975952848792076,516.0602464675903,1000.0,1.5836081076413393,475.1767370700836,1000.0,1.1658701030537486,493.29827094078064,1000.0,1.7001829673536122
3,22216704,501.8298456668854,1000.0,1.5078013688325882,493.79431915283203,1000.0,1.3996873190626502,473.41845750808716,1000.0,1.5056581627577543,517.8898067474365,1000.0,1.8183031342923641
3,22282240,515.6032021045685,1000.0,1.3239318281412125,498.63254594802856,1000.0,1.3601370314136147,500.3400774002075,1000.0,1.6382617428898811,485.39478278160095,1000.0,1.598786768503487
3,22347776,521.4261240959167,1000.0,1.653082732227631,523.8163022994995,1000.0,1.6827014284208417,521.8280687332153,1000.0,1.8278863998129964,514.7963101863861,1000.0,1.7332557850750163
3,22413312,503.0122137069702,1000.0,1.6590447444468737,527.9964561462402,1000.0,1.5808285702951252,515.648463010788,1000.0,1.536146644037217,523.9166462421417,1000.0,1.6448447033762932
3,22478848,521.800274848938,1000.0,1.5824542213231325,540.5479073524475,1000.0,1.8180383248254657,497.87960267066956,1000.0,1.5368450321257114,520.315016746521,1000.0,1.7015293464064598
4,22085632,265.1855126444499,988.3468072509766,0.793660191471378,266.1678173828125,982.0454028828939,0.8417284130180875,257.67805117289225,976.1752909342448,0.8375294120050967,266.3944018809001,976.2387049357096,0.8194925030414015
4,22151168,540.5984306335449,1000.0,1.6219747848808765,496.5051372051239,1000.0,1.3355392944067717,532.3206870555878,1000.0,1.848258476704359,532.6210253238678,1000.0,1.95144943613559
4,22216704,513.996616601944,1000.0,1.3358314842917025,485.22261118888855,1000.0,1.6349697010591626,528.9616906642914,1000.0,1.7949519455432892,496.1550989151001,1000.0,1.5490475855767727
4,22282240,493.2229423522949,1000.0,1.415299667045474,514.190860748291,1000.0,1.5127145673613995,532.3370404243469,1000.0,1.5432050302624702,496.1860840320587,1000.0,1.5090374303981662
4,22347776,497.5452220439911,1000.0,1.4924542140215635,508.759473323822,1000.0,1.5486940070986748,514.5457019805908,1000.0,1.3665862921625376,502.852739572525,1000.0,1.3588990806601942
4,22413312,511.7372703552246,1000.0,1.6206152960658073,515.0127379894257,1000.0,1.6336408890783787,485.6744735240936,1000.0,1.5840243753045797,532.0594499111176,1000.0,1.4764761105179787
4,22478848,508.8334379196167,1000.0,1.541612533852458,538.0267143249512,1000.0,1.568419978953898,503.7532913684845,1000.0,1.648126776330173,524.3578479290009,1000.0,1.5405797008424997
4,22544384,512.7433135509491,1000.0,1.3111020103096962,517.5703511238098,1000.0,1.5558292530477047,506.22527027130127,1000.0,1.582553654909134,519.7325041294098,1000.0,1.3852455653250217
4,22609920,261.1325568008423,980.8032521057129,0.7796764394144218,261.72173141479493,981.6610125223796,0.7992485654726624,263.0166756057739,974.0869766743978,0.7848461923065284,266.78310469309486,976.8123212178548,0.8735386967907349
4,22675456,538.2737896442413,1000.0,1.3451876007020473,529.6713309288025,1000.0,1.6182028902694583,505.4285099506378,1000.0,1.5344796553254128,509.9166269302368,1000.0,1.6801454350352287
4,22740992,536.0295770168304,1000.0,1.7606072835624218,513.7047996520996,1000.0,1.491510362131521,517.9061877727509,1000.0,1.6162441335618496,530.2507266998291,1000.0,1.834755064919591
4,22806528,532.9109313488007,1000.0,1.741741773672402,516.8707020282745,1000.0,1.7721477011218667,514.4603567123413,1000.0,1.7420031521469355,525.0411593914032,1000.0,1.8219412537291646
4,22872064,532.1895427703857,1000.0,1.6210510302335024,526.1175105571747,1000.0,1.676245056092739,528.976663351059,1000.0,1.648682373110205,503.2766947746277,1000.0,1.4248283188790083
4,22937600,520.6834397315979,1000.0,1.41518459841609,502.97199177742004,1000.0,1.513273386284709,514.9895420074463,1000.0,1.504471180960536,520.6391174793243,1000.0,1.3378363959491253
4,23003136,543.7557437419891,1000.0,1.573609421029687,531.6776895523071,1000.0,1.6170657388865948,538.2095201015472,1000.0,1.9500483572483063,507.9454083442688,1000.0,1.5406715851277113
4,23068672,504.5701251029968,1000.0,1.4325868524610996,510.0356249809265,1000.0,1.394569975323975,533.6099932193756,1000.0,1.5978655125945807,524.0181531906128,1000.0,1.6662917230278254
4,23134208,268.73772059122723,985.4030171203614,0.8241962922240297,264.2608226903279,980.6524088541667,0.8041184953134507,264.03627797444665,974.9676868693034,0.8505659833550453,264.5829753494263,976.748846435547,0.8248983311653137
4,23199744,515.2865228652954,1000.0,1.51683927513659,526.7939841747284,1000.0,1.7718370077200234,524.5698285102844,1000.0,1.711573098320514,535.5847690105438,1000.0,1.518579418770969
4,23265280,509.1530296802521,1000.0,1.4951286800205708,520.9092755317688,1000.0,1.9341983431950212,486.3999927043915,1000.0,1.4711731243878603,541.6656851768494,1000.0,1.45798060297966
4,23330816,517.1892983913422,1000.0,1.5547184366732836,509.5697808265686,1000.0,1.5628661448135972,524.3413052558899,1000.0,1.5504065155982971,530.9750390052795,1000.0,1.5138573162257671
4,23396352,542.7407214641571,1000.0,1.8599947823677212,512.031813621521,1000.0,1.7497055884450674,536.400961637497,1000.0,1.5574377719312906,538.5692427158356,1000.0,1.6968578081578016
4,23461888,543.1790528297424,1000.0,1.9773083478212357,512.2056510448456,1000.0,1.4515108317136765,537.902535200119,1000.0,1.3733918657526374,533.2261257171631,1000.0,1.6977434866130352
4,23527424,542.7508096694946,1000.0,1.4807915017008781,516.4911651611328,1000.0,1.9504495086148381,525.6578230857849,1000.0,1.7397611886262894,518.5957834720612,1000.0,1.6029370361939073
4,23592960,524.1626129150391,1000.0,1.7288535442203283,519.5984153747559,1000.0,1.6170647665858269,478.26621198654175,1000.0,1.446502369362861,469.6206729412079,1000.0,1.2522999988868833
4,23658496,265.4045065434774,984.9881562805176,0.8155745567629735,258.5826442591349,976.3883422342935,0.7984830182790756,261.45802127838135,976.2208571370443,0.7765645594522357,264.75758551279705,975.3694953409831,0.8625242408427098
4,23724032,526.7244281768799,1000.0,1.7612456027418375,536.2011022567749,1000.0,1.7249225033447146,507.39600586891174,1000.0,1.3275898713618517,497.9654643535614,1000.0,1.4234919105656445
4,23789568,516.0513348579407,1000.0,1.7826069435104728,500.8135755062103,1000.0,1.5303786527365446,520.4010956287384,1000.0,1.4087621187791228,480.7235703468323,1000.0,1.5605054423213005
4,23855104,522.6148855686188,1000.0,1.5778341917321086,516.5381026268005,1000.0,1.51601127628237,522.5418748855591,1000.0,1.982602777890861,519.1554679870605,1000.0,1.6507902182638645
4,23920640,530.9664585590363,1000.0,1.747842614306137,520.8575870990753,1000.0,1.390662838704884,518.662504196167,1000.0,1.6229590894654393,536.4750509262085,1000.0,2.0623487513512373
4,23986176,530.5073282718658,1000.0,1.7209425577893853,509.3592073917389,1000.0,1.424545987509191,530.4449818134308,1000.0,1.7079785075038671,526.5540943145752,1000.0,1.3775046039372683
4,24051712,544.2961287498474,1000.0,1.7487368881702423,504.0685467720032,1000.0,1.37752629769966,516.8181850910187,1000.0,1.675779091194272,524.1061060428619,1000.0,1.8088295571506023
4,24117248,537.1779816150665,1000.0,1.6299515254795551,491.7665514945984,1000.0,1.662990314885974,538.1626336574554,1000.0,1.6822431609034538,537.1100263595581,1000.0,1.6472778413444757
4,24182784,266.0186836496989,985.5867074076334,0.7977806775768598,259.91304784139,978.5067573038737,0.7801391740391652,266.93787176767984,975.4564616394043,0.8725861474250753,267.310692431132,976.3976048787436,0.8167761411766211
4,24248320,517.1588003635406,1000.0,1.670251026749611,540.925999879837,1000.0,1.8746794983744621,492.6155984401703,1000.0,1.3264765520580113,509.9196343421936,1000.0,1.6384754590690136
4,24313856,526.0073239803314,1000.0,1.5546695031225681,523.5418424606323,1000.0,1.6928645528387278,535.1388189792633,1000.0,1.4673328762874007,473.55726504325867,1000.0,1.4752616677433252
4,24379392,522.0299427509308,1000.0,1.480672962963581,521.4068393707275,1000.0,1.7550692539662123,524.5914530754089,1000.0,1.5837819334119558,512.2154331207275,1000.0,1.534056392032653
4,24444928,518.2248499393463,1000.0,1.4092897810041904,518.5572247505188,1000.0,1.7550911121070385,527.8553388118744,1000.0,1.5233802860602736,505.56635427474976,1000.0,1.7507910775020719
4,24510464,530.6614847183228,1000.0,1.760814756155014,529.9057939052582,1000.0,1.4828203190118074,535.8367688655853,1000.0,1.6631248649209738,495.8972029685974,1000.0,1.7186635276302695
4,24576000,515.5748744010925,1000.0,1.436701050028205,530.3688449859619,1000.0,1.5891348104923964,519.8458824157715,1000.0,1.5934276478365064,501.7569987773895,1000.0,1.623993864748627
4,24641536,518.8751351833344,1000.0,1.4665572885423899,509.0610604286194,1000.0,1.7078584544360638,504.28178358078003,1000.0,1.121465003117919,536.131505727768,1000.0,1.676267083734274
4,24707072,263.0548285293579,986.5915784708659,0.8082904910047849,267.927169342041,988.0404756164551,0.7961422949532668,264.4850982284546,988.0422215779622,0.8544007914016645,276.40641260782877,986.8269354248048,0.9641462148477633
4,24772608,539.9109859466553,1000.0,1.3632206432521343,528.3575217723846,1000.0,1.5906592719256878,542.5473637580872,1000.0,1.8810835033655167,415.0784361362457,1000.0,1.2115229330956936
4,24838144,508.45637941360474,1000.0,1.4787169769406319,525.2264487743378,1000.0,2.065243201330304,514.7986652851105,1000.0,1.4836294427514076,493.5317780971527,1000.0,1.5036250734701753
4,24903680,519.1368091106415,1000.0,1.6320413104258478,521.0086250305176,1000.0,1.6877033356577158,541.9865026473999,1000.0,2.071371015161276,545.8981685638428,1000.0,1.9640232026576996
4,24969216,553.2818124294281,1000.0,1.8405352588742971,498.890727519989,1000.0,1.581350613385439,502.49132013320923,1000.0,1.3455017134547234,513.6690361499786,1000.0,1.5081047993153334
4,25034752,532.8801789283752,1000.0,1.8888308960013092,502.3627030849457,1000.0,1.6649142373353243,488.92575764656067,1000.0,1.3427439155057073,524.3411898612976,1000.0,1.660386350005865
4,25100288,517.1057648658752,1000.0,1.6012485288083553,524.5008161067963,1000.0,1.604355301707983,512.5015294551849,1000.0,1.493412198498845,475.9856114387512,1000.0,1.4636951475404203
4,25165824,517.6593337059021,1000.0,1.6880152728408575,535.1581151485443,1000.0,1.570853479206562,511.87550950050354,1000.0,1.4210045877844095,496.37682700157166,1000.0,1.4300222764723003
4,25231360,271.68979885101317,981.4775341796875,0.8132606861926616,263.52649113972984,978.3168482462565,0.7942463347067437,260.00422476450603,976.1583790079752,0.7974258533430596,271.93514287312826,980.274873046875,0.9357404291629792
4,25296896,518.4801115989685,1000.0,1.544568132609129,525.3527529239655,1000.0,1.5301765901967883,528.6817338466644,1000.0,2.0127387456595898,509.03773760795593,1000.0,1.5982160121202469
4,25362432,483.78784680366516,1000.0,1.1363385813310742,527.2708125114441,1000.0,1.8080560192465782,526.2887797355652,1000.0,1.6551946680992842,509.3542764186859,1000.0,1.654082665219903
4,25427968,512.0774638652802,1000.0,1.4973775129765272,511.1050429344177,1000.0,1.495695874094963,515.2291874885559,1000.0,1.6623413641937077,494.6581184864044,1000.0,1.4993563566822559
4,25493504,510.87035179138184,1000.0,1.3494888925924897,532.4678394794464,1000.0,1.6914340602234006,536.0915145874023,1000.0,1.9125205390155315,495.5807716846466,1000.0,1.6264159176498652
4,25559040,502.43538880348206,1000.0,1.7111694822087884,520.464394569397,1000.0,1.721284800209105,516.8592457771301,1000.0,1.6276727747172117,507.16494393348694,1000.0,1.6352984635159373
4,25624576,513.6866359710693,1000.0,1.5235150679945946,493.6558747291565,1000.0,1.6782441716641188,495.37220668792725,1000.0,1.4798222044482827,499.7773606777191,1000.0,1.4908127849921584
4,25690112,536.7643563747406,1000.0,1.653828987851739,495.6729202270508,1000.0,1.6018821988254786,512.367938041687,1000.0,1.454016175121069,535.8135805130005,1000.0,2.0001039654016495
4,25755648,273.61910760243734,989.1742929585776,0.8347796892002225,263.4191897837321,982.9960918680827,0.8167317925145229,266.6159514490763,978.1628262837728,0.8437855108827352,266.96381601969404,980.8119875590007,0.7960356559356054
4,25821184,543.5371444225311,1000.0,2.063049441203475,538.4641029834747,1000.0,2.008169962093234,521.5745923519135,1000.0,1.6632366897538304,510.96661043167114,1000.0,1.7245116410776973
4,25886720,520.4321374893188,1000.0,1.4491115659475327,538.5473456382751,1000.0,1.6930434666574001,512.0948030948639,1000.0,1.5295388381928205,499.4485938549042,1000.0,1.5096010193228722
4,25952256,531.0793273448944,1000.0,1.5942241065204144,523.9273903369904,1000.0,1.9236639235168695,505.6951835155487,1000.0,1.7599213924258947,526.0419416427612,1000.0,1.992905018851161
4,26017792,517.7888829708099,1000.0,1.8611676036380231,515.7427935600281,1000.0,1.636733403429389,491.07141399383545,1000.0,1.5768460249528289,519.762983083725,1000.0,1.6946567706763744
4,26083328,519.9811074733734,1000.0,1.3547504767775536,502.85175251960754,1000.0,1.6507281716912985,537.8307800292969,1000.0,1.8072240520268679,533.7219390869141,1000.0,1.6816936638206244
4,26148864,518.3979303836823,1000.0,1.2797620296478271,537.5312874317169,1000.0,1.816118199378252,519.3362708091736,1000.0,1.913971334695816,496.8968856334686,1000.0,1.4053428517654538
4,26214400,534.4405889511108,1000.0,1.5448467154055834,525.1518428325653,1000.0,1.9259704276919365,518.134206533432,1000.0,1.5648984932340682,502.5059938430786,1000.0,1.5773668882902712
4,26279936,265.9350704956055,986.5024174499512,0.8343787080049514,257.2617495346069,979.492015991211,0.787876223505785,265.63396198272704,984.1124514261882,0.7889257505970697,273.9257930119832,986.0939423624675,0.8743215855956077
4,26345472,531.724467754364,1000.0,2.017853671684861,551.9844284057617,1000.0,2.042833528481424,552.671998500824,1000.0,1.757137292996049,475.8668563365936,1000.0,1.4201659224927425
4,26411008,519.4968678951263,1000.0,1.5902584828436375,530.9703500270844,1000.0,1.7746905582025647,518.9916415214539,1000.0,1.4564367700368166,471.3547189235687,1000.0,1.468948039924726
4,26476544,537.6228153705597,1000.0,1.8528247815556824,520.0253133773804,1000.0,1.3607147261500359,525.661378622055,1000.0,1.4589726012200117,474.72456884384155,1000.0,1.3588780532591045
4,26542080,528.0279452800751,1000.0,1.8875538557767868,512.7266314029694,1000.0,1.826545889955014,533.7248823642731,1000.0,1.8507359819486737,468.86893224716187,1000.0,1.3538342462852597
4,26607616,530.80273270607,1000.0,1.6798643451184034,502.1394205093384,1000.0,1.6297894921153784,526.6950948238373,1000.0,1.4832177516072989,539.2792088985443,1000.0,1.8488431386649609
4,26673152,528.5870978832245,1000.0,1.405768796801567,503.4253616333008,1000.0,1.4723173510283232,508.5906479358673,1000.0,1.3759300634264946,537.7199261188507,1000.0,1.7027158727869391
4,26738688,526.3034634590149,1000.0,1.6495278272777796,513.911967754364,1000.0,1.3989109164103866,516.152589559555,1000.0,1.5882127825170755,530.9044353961945,1000.0,1.524002481251955
4,26804224,264.8154988988241,982.4254170227051,0.8373172028580059,265.00281579335535,982.5522074890137,0.8464331953351696,257.66582352956135,975.1403175862631,0.837097231472532,264.85473411560054,976.0972918701173,0.8144483606517314
4,26869760,517.568977355957,1000.0,1.6569042950868607,517.8099503517151,1000.0,1.6512928437441587,542.1492388248444,1000.0,1.4294701665639877,526.5398626327515,1000.0,1.7738260254263878
4,26935296,515.8629741668701,1000.0,1.689792837947607,518.1089453697205,1000.0,1.585439033806324,523.3727569580078,1000.0,1.8473405316472054,514.8107221126556,1000.0,1.769079677760601
4,27000832,516.0797641277313,1000.0,1.8086466761305928,524.2336843013763,1000.0,1.7292863642796874,523.8803832530975,1000.0,1.8015894703567028,521.3235368728638,1000.0,1.8608368029817939
4,27066368,530.3029689788818,1000.0,1.5478975772857666,521.6093602180481,1000.0,1.5681460909545422,506.32026743888855,1000.0,1.5321471989154816,483.8860454559326,1000.0,1.3143387641757727
4,27131904,527.9737823009491,1000.0,1.9451325573027134,518.433079957962,1000.0,1.439468402415514,528.8247127532959,1000.0,1.6024986836127937,512.3320503234863,1000.0,1.7095818426460028
4,27197440,530.6958541870117,1000.0,1.5686773741617799,529.2346153259277,1000.0,1.7570956759154797,540.705399274826,1000.0,1.6281087156385183,484.08576464653015,1000.0,1.281156888231635
4,27262976,524.0752086639404,1000.0,1.7307636491023004,524.3700726032257,1000.0,1.69135457649827,524.1897134780884,1000.0,1.6672861203551292,514.0970640182495,1000.0,1.632003185339272
4,27328512,266.7256959406535,990.3025352986654,0.8309086517244577,263.7115009307861,986.2423162333171,0.8091184332345923,265.452944577535,978.8848247782389,0.814756018454209,260.7762119547526,977.593498433431,0.7728953855981429
4,27394048,554.939813375473,1000.0,1.8969629677012563,542.5713934898376,1000.0,1.7024476639926434,518.1929066181183,1000.0,1.7365790428593755,515.6200165748596,1000.0,1.6788192708045244
4,27459584,539.8029043674469,1000.0,1.9198122303932905,527.9497117996216,1000.0,1.5983742251992226,482.6725387573242,1000.0,1.5268957093940116,515.549558877945,1000.0,1.928556414321065
4,27525120,529.8158004283905,1000.0,2.014162818901241,502.53731083869934,1000.0,1.5908020287752151,535.5022728443146,1000.0,1.670086970552802,524.4192585945129,1000.0,1.7543595489114523
4,27590656,492.80068492889404,1000.0,1.6373249057214707,515.2883567810059,1000.0,1.6222802409902215,504.3929808139801,1000.0,1.4948160033673048,506.8899989128113,1000.0,1.645642310846597
4,27656192,515.2949295043945,1000.0,1.6447574151679873,514.9982285499573,1000.0,1.6211490388959646,532.7356462478638,1000.0,1.6600031778216362,526.8582737445831,1000.0,1.8253029193729162
4,27721728,518.406379699707,1000.0,1.696643034927547,532.5097513198853,1000.0,1.7726366184651852,522.5893943309784,1000.0,1.7465477120131254,525.6187837123871,1000.0,1.5244491626508534
4,27787264,523.8267130851746,1000.0,1.5995424762368202,532.1437208652496,1000.0,1.7370338654145598,520.0250387191772,1000.0,1.4791845185682178,539.9145941734314,1000.0,1.758094111457467
4,27852800,266.02554620107014,988.3299495442709,0.8091851320986947,265.52279083251955,984.9590801493327,0.8103800534332792,261.7700308609009,979.0869457499186,0.8087609687944253,263.90137756347656,982.0921758524577,0.8318804945144802
4,27918336,532.4828670024872,1000.0,2.12771337851882,528.3070497512817,1000.0,1.6279523950070143,538.4699022769928,1000.0,1.7846513576805592,533.1894903182983,1000.0,1.6709861773997545
4,27983872,528.5165312290192,1000.0,1.3644751580432057,509.0653555393219,1000.0,1.7907425938174129,533.9693858623505,1000.0,1.6709204856306314,517.121907711029,1000.0,1.5228144815191627
4,28049408,518.3910181522369,1000.0,1.66615542024374,475.5263366699219,1000.0,1.2269752882421017,524.3439891338348,1000.0,1.5651571992784739,499.6994397640228,1000.0,1.340524572879076
4,28114944,528.8310742378235,1000.0,1.8033853471279144,526.2955193519592,1000.0,1.8684737123548985,539.6221344470978,1000.0,1.793709646910429,515.9616491794586,1000.0,1.5499188527464867
4,28180480,543.561625957489,1000.0,1.7260891208425164,525.3329846858978,1000.0,1.5171932503581047,535.9790909290314,1000.0,1.9175209559034556,505.2027816772461,1000.0,1.5282493364065886
4,28246016,542.9233627319336,1000.0,1.7419270612299442,543.2087621688843,1000.0,1.8663132786750793,525.1025061607361,1000.0,1.773321820423007,489.1291968822479,1000.0,1.4757373221218586
4,28311552,507.32821679115295,1000.0,1.6150788208469748,539.6101174354553,1000.0,1.5562060764059424,520.2631311416626,1000.0,1.5467008696869016,532.470995426178,1000.0,1.465195699594915
4,28377088,259.92237229665125,979.0197077433268,0.7854371966173251,264.07935470581054,982.0084133911132,0.7889761053522428,271.75766120910646,979.279275970459,0.8754293260226647,257.08939750671385,976.4880581156413,0.7640317005788286
4,28442624,543.8292534351349,1000.0,1.7629801649600267,518.2110185623169,1000.0,1.4728995077311993,504.572137594223,1000.0,1.7062462773174047,530.7341051101685,1000.0,1.745601937174797
4,28508160,531.0416376590729,1000.0,1.6231466648168862,500.1140208244324,1000.0,1.3836782509461045,516.9551997184753,1000.0,1.7099764356389642,523.3084237575531,1000.0,1.4155035484582186
4,28573696,543.0021753311157,1000.0,1.9070832449942827,528.8725383281708,1000.0,1.638345094397664,534.0567066669464,1000.0,1.901390679180622,504.64567971229553,1000.0,1.6320855431258678
4,28639232,539.9659070968628,1000.0,1.7412518206983805,528.5900332927704,1000.0,1.310097181238234,493.2580511569977,1000.0,1.1739286361262202,506.7798562049866,1000.0,1.730770556256175
4,28704768,522.7046282291412,1000.0,1.935938749462366,531.2223479747772,1000.0,1.6772701181471348,492.4900312423706,1000.0,1.7498899474740028,491.9446351528168,1000.0,1.3615043801255524
4,28770304,524.0852928161621,1000.0,1.782558985054493,531.7917854785919,1000.0,1.6059388192370534,518.632815361023,1000.0,1.4573674015700817,525.1564240455627,1000.0,1.8798116659745574
4,28835840,538.3793070316315,1000.0,1.6862086169421673,531.120199918747,1000.0,1.882083885371685,534.5510878562927,1000.0,1.4899534126743674,538.4029302597046,1000.0,1.720599789172411
4,28901376,266.11770299275713,986.6364256286621,0.7980715852727494,264.89561107635495,984.6449746195476,0.8186268852899472,257.8300814565023,978.4435805257161,0.7991657459611694,269.23575658162434,977.5808133951823,0.8288338513982793
4,28966912,539.082674741745,1000.0,2.0242959586903453,526.008407831192,1000.0,1.728551539592445,528.6860013008118,1000.0,1.7367960251867771,487.7730071544647,1000.0,1.6388031700626016
4,29032448,537.3143374919891,1000.0,2.1621792467776686,440.3380317687988,1000.0,1.260214600712061,485.20347142219543,1000.0,1.5056662503629923,470.9001362323761,1000.0,1.354297049343586
4,29097984,525.159583568573,1000.0,1.6790106445550919,485.9059019088745,1000.0,1.327588161919266,502.82117104530334,1000.0,1.2504536705091596,513.0944428443909,1000.0,1.522725224494934
4,29163520,525.1386871337891,1000.0,1.7834731815382838,469.8716595172882,1000.0,1.619778161868453,528.0377643108368,1000.0,1.4455823516473174,547.5594856739044,1000.0,1.7789690159261227
4,29229056,521.7827997207642,1000.0,1.5441090925596654,492.7265770435333,1000.0,1.4400055538862944,523.9873859882355,1000.0,1.7281133979558945,533.7034778594971,1000.0,1.650797063484788
4,29294592,529.5022823810577,1000.0,2.020086858421564,484.7681579589844,1000.0,1.4435729070100933,503.153737783432,1000.0,1.638134970329702,538.5448541641235,1000.0,1.79696673899889
4,29360128,514.1217768192291,1000.0,1.5960358511656523,503.97967171669006,1000.0,1.4539942415431142,502.9933431148529,1000.0,1.5331843346357346,532.0244934558868,1000.0,1.505500259809196
4,29425664,265.1594035720825,982.2152856953938,0.7754361144329112,268.5241281763713,982.3420692443847,0.8403764107575019,265.90706389109295,975.9451695251464,0.8619421276139716,263.37394987742107,982.0879684956868,0.8302570433697353
4,29491200,527.3105745315552,1000.0,1.7804953092709184,533.4013905525208,1000.0,1.6800876501947641,516.6958723068237,1000.0,1.5611381623893976,509.97269916534424,1000.0,1.3264675419777632
4,29556736,534.6142189502716,1000.0,1.7146830260753632,527.625,1000.0,1.63626679033041,500.70779180526733,1000.0,1.7476140521466732,497.89726853370667,1000.0,1.2992404168471694
5,29425664,275.8699061203003,992.0790601094563,0.86699484215118,269.9618584950765,986.669793548584,0.795293691555659,254.9190597661336,973.3760675048828,0.7842232177034021,267.8887780507406,980.0924169413249,0.870792016821603
5,29491200,534.2059960365295,1000.0,1.5911525953561068,516.0809271335602,1000.0,1.6909478176385164,551.7081546783447,1000.0,1.7524048509076238,485.2778296470642,1000.0,1.2464709356427193
5,29556736,519.0627298355103,1000.0,1.7541922479867935,511.07894253730774,1000.0,1.4861583323217928,503.67533326148987,1000.0,1.4218945875763893,487.48017716407776,1000.0,1.3362419484183192
5,29622272,480.0055227279663,1000.0,1.4075398985296488,521.7776811122894,1000.0,1.6270722430199385,481.38803482055664,1000.0,1.228154495358467,516.8481938838959,1000.0,1.4088227692991495
5,29687808,524.6134808063507,1000.0,1.604116654023528,533.7999212741852,1000.0,1.6527678910642862,459.54984641075134,1000.0,1.1984747294336557,506.2362174987793,1000.0,1.6844528820365667
5,29753344,524.6415762901306,1000.0,1.4460767284035683,532.5056948661804,1000.0,1.8570825862698257,455.54878854751587,1000.0,1.2617640527896583,519.0299174785614,1000.0,1.5166952647268772
5,29818880,505.53117847442627,1000.0,1.6616703532636166,544.8193633556366,1000.0,1.9296398926526308,497.3295316696167,1000.0,1.445385285653174,518.0904850959778,1000.0,1.527347297873348
5,29884416,501.84102988243103,1000.0,1.4211841206997633,535.5497772693634,1000.0,1.6417896337807178,507.1379117965698,1000.0,1.5170965697616339,522.2524130344391,1000.0,1.5716356169432402
5,29949952,263.5731718317668,985.0899348958334,0.8615317952136199,266.7409610748291,985.4474150594076,0.8438920003920793,262.5772494379679,977.6535023498535,0.8447023760899901,258.3278826268514,976.2107395426433,0.7510846422923108
5,30015488,550.4657244682312,1000.0,1.7699688822031021,526.9327685832977,1000.0,1.4101425744593143,516.3743052482605,1000.0,1.4205590905621648,529.6086668968201,1000.0,1.5547494944185019
5,30081024,509.6285262107849,1000.0,1.4622712880373,443.7915229797363,1000.0,1.2344259261153638,512.0800211429596,1000.0,1.6872517839074135,516.6902315616608,1000.0,1.5521421823650599
6,29949952,271.1612574005127,987.9232288614909,0.8279459174598256,266.91641871134436,984.8441524759928,0.8733371261631449,263.1045933532715,976.3924977111817,0.7949087676405906,260.5694616317749,976.5455905151367,0.7636535439391932
6,30015488,527.1180598735809,1000.0,1.6412847405299544,514.7802360057831,1000.0,1.758774091489613,509.9682283401489,1000.0,1.5484578292816877,524.7674515247345,1000.0,1.4483763631433249
6,30081024,503.8600902557373,1000.0,1.3997237496078014,514.9467658996582,1000.0,1.3741164449602365,497.4285342693329,1000.0,1.4750017020851374,531.9217202663422,1000.0,1.558153192512691
6,30146560,521.6178317070007,1000.0,1.8539972975850105,532.170072555542,1000.0,1.6091513731516898,520.8047487735748,1000.0,1.6009640037082136,545.9721636772156,1000.0,1.69358098693192
6,30212096,523.2244162559509,1000.0,1.4635275676846504,530.15372133255,1000.0,1.5394784156233072,519.4561424255371,1000.0,1.396363782696426,515.2270483970642,1000.0,1.888859770493582
6,30277632,534.0637583732605,1000.0,1.7862049099057913,511.22193932533264,1000.0,1.7552160727791488,525.8609373569489,1000.0,1.5504442043602467,507.99174904823303,1000.0,1.7671579401940107
6,30343168,546.8575642108917,1000.0,1.8171579875051975,525.5148077011108,1000.0,1.770317669492215,537.9837489128113,1000.0,1.6917198300361633,533.9612896442413,1000.0,1.4872494922019541
6,30408704,497.99590015411377,1000.0,1.3746250662952662,526.00732588768,1000.0,1.5503175677731633,533.1614165306091,1000.0,1.7093040272593498,495.3919131755829,1000.0,1.6741081811487675
6,30474240,263.7613750203451,986.1344151814778,0.7199020131739478,260.3639651870727,982.6537598673503,0.7998640187084675,256.3338937886556,975.8952051289875,0.7921117183814446,261.7662734603882,978.295650024414,0.7858463449651996
6,30539776,532.0137343406677,1000.0,1.501835061237216,539.4831635951996,1000.0,1.3447898388840258,547.3249702453613,1000.0,2.022182465530932,527.7527301311493,1000.0,1.665272368118167
6,30605312,541.149665594101,1000.0,1.778265468776226,516.3087291717529,1000.0,1.6227429565042257,508.7992389202118,1000.0,1.3282603304833174,522.9318194389343,1000.0,1.712041987106204
6,30670848,526.8303060531616,1000.0,1.6437595710158348,497.81329560279846,1000.0,1.6576225850731134,518.0816094875336,1000.0,1.6792090903036296,532.1303753852844,1000.0,1.5644730273634195
6,30736384,526.9700658321381,1000.0,1.625700581818819,515.5343656539917,1000.0,1.7370469169691205,527.1317067146301,1000.0,1.3918873220682144,528.3410604000092,1000.0,1.7300504092127085
6,30801920,464.44894552230835,1000.0,1.334276067558676,502.9917595386505,1000.0,1.644518805667758,523.1399202346802,1000.0,1.410146426409483,531.2749080657959,1000.0,1.7417862843722105
6,30867456,484.19301557540894,1000.0,1.4994695037603378,521.3678929805756,1000.0,1.4417413491755724,534.0272784233093,1000.0,1.5394353196024895,525.894061088562,1000.0,1.8407247196882963
6,30932992,503.2365212440491,1000.0,1.739821121096611,544.9219543933868,1000.0,1.91530486010015,535.5598502159119,1000.0,1.9688904732465744,538.2178254127502,1000.0,1.7246918976306915
6,30998528,273.35077880859376,984.179863840739,0.8691339431578915,270.67913305918375,986.3950658162435,0.8537309562166532,263.1674509302775,976.0965498352051,0.8308986186360319,270.2837099075317,978.2729267374674,0.8366573417062562
6,31064064,495.6185164451599,1000.0,1.6666524671018124,544.9396436214447,1000.0,1.660652419552207,508.5747878551483,1000.0,1.5996279530227184,462.7897002696991,1000.0,1.533655110746622
6,31129600,487.7749979496002,1000.0,1.392905481159687,502.57164692878723,1000.0,1.578920892905444,519.6036775112152,1000.0,1.6912765046581626,509.730943441391,1000.0,1.6335005201399326
6,31195136,530.7556064128876,1000.0,1.8913429388776422,475.1377942562103,1000.0,1.5279188193380833,531.1465177536011,1000.0,1.870017339475453,511.74290800094604,1000.0,1.755445035174489
6,31260672,517.6325759887695,1000.0,1.437851443886757,515.2034680843353,1000.0,1.775642054155469,513.8561263084412,1000.0,1.4093329875468044,534.1395666599274,1000.0,1.740451701451093
6,31326208,508.8017418384552,1000.0,1.612203306518495,523.4433529376984,1000.0,1.8008773941546679,522.2063252925873,1000.0,1.6388054117560387,524.1664893627167,1000.0,1.5534870773553848
6,31391744,492.79041481018066,1000.0,1.242934255860746,541.1699109077454,1000.0,1.649741000495851,529.7410740852356,1000.0,1.4251515064388514,490.53280377388,1000.0,1.45916897803545
6,31457280,518.3942170143127,1000.0,1.4925277307629585,509.9040479660034,1000.0,1.2731146197766066,526.487496137619,1000.0,1.4096332117915154,488.1641857624054,1000.0,1.2557594813406467
6,31522816,272.7222844314575,980.0131105041504,0.8946281864183645,273.8369235483805,979.7052659098308,0.8575241034229597,268.18269430796306,975.9164840189617,0.8108600577960412,265.8209476470947,975.4466418457031,0.8402460491160552
6,31588352,523.5552010536194,1000.0,1.719695080537349,480.6131868362427,1000.0,1.6354242293164134,514.8904836177826,1000.0,1.71060985699296,493.9368808269501,1000.0,1.436883807182312
6,31653888,533.8835837841034,1000.0,1.6197093967348337,480.2300777435303,1000.0,1.3831805158406496,520.2826523780823,1000.0,1.3425714801996946,487.3131377696991,1000.0,1.652465008199215
6,31719424,525.6652731895447,1000.0,1.7602809872478247,515.0210077762604,1000.0,1.418583347927779,504.3178927898407,1000.0,1.4124123621731997,510.2129418849945,1000.0,1.6491306312382221
6,31784960,541.9282960891724,1000.0,1.6267502568662167,508.5041444301605,1000.0,1.6957115051336586,526.0588691234589,1000.0,1.8138458263128996,530.787811756134,1000.0,1.539940427057445
6,31850496,533.5759565830231,1000.0,2.044471336528659,498.458683013916,1000.0,1.6277025802992284,544.3961033821106,1000.0,1.8067835941910744,516.6021108627319,1000.0,1.6146618975326419
7,31522816,274.8674408086141,993.5054900614421,0.8311130552366376,268.14273405710856,987.2650751241048,0.8390617749840021,261.23950916290283,985.4362188212077,0.7970227583746116,263.95820514678957,980.5420204671224,0.7858830990518133
7,31588352,530.821133852005,1000.0,1.4453502260148525,534.8905000686646,1000.0,1.8673266167752445,547.199807882309,1000.0,1.5722394362092018,509.98256754875183,1000.0,1.597602926660329
7,31653888,512.0933258533478,1000.0,1.5403336053714156,508.1322388648987,1000.0,1.4489823272451758,517.7126619815826,1000.0,1.605385297909379,538.4676442146301,1000.0,1.510307990014553
7,31719424,539.8745441436768,1000.0,1.5159551752731204,504.19172954559326,1000.0,1.8741634730249643,519.6449069976807,1000.0,1.5758247943595052,513.7782473564148,1000.0,1.6796082593500614
7,31784960,533.4277815818787,1000.0,1.4847505930811167,527.5958528518677,1000.0,1.3557241633534431,512.5431621074677,1000.0,1.5106735420413315,517.0965847969055,1000.0,1.5119436923414469
7,31850496,513.551896572113,1000.0,1.7728701969608665,526.61283659935,1000.0,1.7218251121230423,487.20525598526,1000.0,1.4740412954706699,494.07558846473694,1000.0,1.462786689400673
7,31916032,516.2023031711578,1000.0,1.6693257177248597,527.5408816337585,1000.0,1.5796369183808565,503.0773105621338,1000.0,1.6867962973192334,489.35846853256226,1000.0,1.4350550416857004
7,31981568,514.729474067688,1000.0,1.4693989316001534,520.3669228553772,1000.0,1.4678039327263832,506.8229184150696,1000.0,1.6912012975662947,510.54067754745483,1000.0,1.556303495541215
7,32047104,267.70544542948403,986.6128638203938,0.8130010511974494,268.2504093551636,983.9734100341798,0.8082572714177271,269.8936715316772,980.9722713216146,0.80527453734229,266.29604623158775,977.943417561849,0.8186663458372156
7,32112640,533.2041294574738,1000.0,1.9534209039993584,509.32606291770935,1000.0,1.5207265131175518,522.3162574768066,1000.0,1.429958440712653,484.95674085617065,1000.0,1.3892295118421316
7,32178176,506.9550292491913,1000.0,1.473288479493931,470.69052267074585,1000.0,1.3198579684831202,531.2013206481934,1000.0,1.6069874037057161,487.56262493133545,1000.0,1.454805226996541
7,32243712,503.3602240085602,1000.0,1.238652199972421,478.1736936569214,1000.0,1.2866183975711465,524.4882860183716,1000.0,1.3765936698764563,494.5409719944,1000.0,1.6208199001848698
7,32309248,514.5989639759064,1000.0,1.891470154747367,519.9656682014465,1000.0,1.6878543477505445,455.3034896850586,1000.0,1.200998005690053,525.057642698288,1000.0,1.6931528225541115
7,32374784,534.3623998165131,1000.0,1.5857161041349173,517.0209379196167,1000.0,1.6220069685950875,508.4808313846588,1000.0,1.5182173494249582,529.8514592647552,1000.0,1.567586213350296
7,32440320,540.6807315349579,1000.0,1.7631328366696835,530.460155248642,1000.0,1.5398025149479508,536.3828773498535,1000.0,1.6193401478230953,541.819179058075,1000.0,1.5754880183376372
7,32505856,527.8019728660583,1000.0,1.6054626870900393,537.3378069400787,1000.0,1.4466990195214748,531.7038683891296,1000.0,1.7062263570260257,521.9668354988098,1000.0,1.5174150373786688
8,32571392,265.6524464670817,984.3331418355306,0.8129823146015406,268.3305645370483,982.7781532287597,0.8491191565742096,266.70074661254887,979.0661620585124,0.7869562080254158,261.44808828989665,978.2822477213542,0.7800393305532634
8,32636928,547.6738502979279,1000.0,2.064151437021792,517.0374467372894,1000.0,1.4567571058869362,495.04588866233826,1000.0,1.546971032395959,526.5257675647736,1000.0,1.6080169780179858
8,32702464,534.9448113441467,1000.0,1.7163536921143532,453.2698848247528,1000.0,1.3074307776987553,473.6138503551483,1000.0,1.381246728822589,508.2158725261688,1000.0,1.3142220196314156
8,32768000,532.0815620422363,1000.0,1.9033219516277313,491.5666534900665,1000.0,1.4637207798659801,530.3303577899933,1000.0,1.6203997880220413,514.3725192546844,1000.0,1.5572702633216977
8,32833536,500.56523871421814,1000.0,1.263810602016747,505.43772649765015,1000.0,1.715736461803317,514.1950032711029,1000.0,1.309855481609702,493.449960231781,1000.0,1.4617165941745043
8,32899072,496.3698983192444,1000.0,1.4508445523679256,509.053174495697,1000.0,1.4994793902151287,525.919175863266,1000.0,1.299627136439085,515.4380643367767,1000.0,1.986351603642106
8,32964608,514.237325668335,1000.0,1.5946532990783453,524.8771162033081,1000.0,1.5103182755410671,506.8943934440613,1000.0,1.5175531171262264,531.9561729431152,1000.0,1.6146792313084006
8,33030144,491.45208740234375,1000.0,1.45160018093884,520.495139837265,1000.0,1.683017872273922,508.03825545310974,1000.0,1.5014971382915974,537.1620199680328,1000.0,1.7554680509492755
8,33095680,267.36468565622965,986.6013102722168,0.7957851416058839,270.9506919225057,988.0757788594564,0.8049043171914916,270.0206121444702,981.3698128763834,0.8754079629729191,261.63015544891357,982.3200983174643,0.8038112654040257
8,33161216,532.0401182174683,1000.0,1.7123783538118005,520.7070701122284,1000.0,1.6375465411692858,512.6601774692535,1000.0,1.89610430970788,525.5610115528107,1000.0,1.674517473205924
8,33226752,512.6923089027405,1000.0,1.5342430789023638,517.8135540485382,1000.0,1.6161177437752485,504.2662091255188,1000.0,1.4050209363922477,511.22674560546875,1000.0,1.5061845052987337
8,33292288,537.0224430561066,1000.0,1.7271658554673195,530.362500667572,1000.0,1.8439132114872336,529.1117746829987,1000.0,2.000719826668501,524.441076040268,1000.0,1.7195389429107308
8,33357824,529.1865382194519,1000.0,1.7368018268607557,510.66681599617004,1000.0,1.4239267408847809,521.5452156066895,1000.0,1.5543670421466231,478.84967947006226,1000.0,1.3308229986578226
8,33423360,527.7008204460144,1000.0,1.7726456355303526,463.09295296669006,1000.0,1.1737005416071042,501.8736960887909,1000.0,1.5709143271669745,475.0163745880127,1000.0,1.4793541645631194
8,33488896,507.0030508041382,1000.0,1.9931948496960104,499.3056676387787,1000.0,1.4363456256687641,537.3976917266846,1000.0,1.6273092711344361,481.72551012039185,1000.0,1.755751977674663
8,33554432,497.51038432121277,1000.0,1.439545460510999,513.9655728340149,1000.0,1.629202088341117,503.87408661842346,1000.0,1.609376611188054,494.2201144695282,1000.0,1.3743562186136842
8,33619968,277.2437811660767,994.015769704183,0.8638121304909387,268.1285725784302,987.9668586222331,0.7923060008510947,261.2574442164103,983.7668137613932,0.8282458976656198,274.1748886489868,986.8740206400553,0.8642343875020742
8,33685504,521.3775510787964,1000.0,1.8147463630884886,522.6262991428375,1000.0,1.6491798534989357,547.4862728118896,1000.0,1.693611279129982,472.74313020706177,1000.0,1.5308110397309065
8,33751040,495.05715823173523,1000.0,1.6101157928351313,504.4856951236725,1000.0,1.391874609515071,539.42422747612,1000.0,1.7726033329963684,503.58288645744324,1000.0,1.3187153306789696
8,33816576,520.5483348369598,1000.0,1.8119631558656693,521.6833674907684,1000.0,1.484346670564264,513.3130486011505,1000.0,1.7290424325037748,525.0644533634186,1000.0,1.7181170117110014
8,33882112,478.3088798522949,1000.0,1.4732630862854421,502.55648136138916,1000.0,1.690313056576997,462.48165011405945,1000.0,1.3563855765387416,519.4449617862701,1000.0,1.7518011054489762
8,33947648,536.9728846549988,1000.0,1.533070592675358,514.0641293525696,1000.0,1.4599030427634716,468.22804975509644,1000.0,1.1711505502462387,540.6597211360931,1000.0,1.7994361533783376
8,34013184,541.6009924411774,1000.0,1.8187121078372002,523.0353004932404,1000.0,1.4385700253769755,405.14201855659485,1000.0,1.2825279855169356,529.3250887393951,1000.0,1.478126261383295
8,34078720,539.0527856349945,1000.0,1.7004978759214282,521.5969631671906,1000.0,1.5746668502688408,457.9391632080078,1000.0,1.4171956880018115,525.3044521808624,1000.0,1.6651275716722012
9,34144256,267.9579005177816,983.7024474080404,0.8308289167533318,269.27761999766034,986.0928762308756,0.8247109571968516,274.18411277770997,981.2544911702473,0.8643477948009968,265.400622660319,976.7297360229493,0.8238826119899749
9,34209792,527.4411852359772,1000.0,1.5028078630566597,513.5602209568024,1000.0,1.421483900398016,485.3121118545532,1000.0,1.7329188669100404,491.71525168418884,1000.0,1.5770777193829417
9,34275328,501.8647446632385,1000.0,1.465395748615265,432.52782368659973,1000.0,1.19144286820665,462.0950381755829,1000.0,1.3747957441955805,520.7383453845978,1000.0,1.723631864413619
9,34340864,533.3899998664856,1000.0,1.7811633571982384,443.8602809906006,1000.0,1.1124731879681349,542.0818018913269,1000.0,1.8496988490223885,524.7430067062378,1000.0,1.5510803940705955
9,34406400,523.5259578227997,1000.0,1.5609171390533447,535.0279536247253,1000.0,1.5402321801520884,524.048210144043,1000.0,1.3254859652370214,498.3404850959778,1000.0,1.4999208450317383
9,34471936,538.5399496555328,1000.0,1.6982766911387444,491.3253057003021,1000.0,1.4528609719127417,517.765967130661,1000.0,1.4516559412004426,515.799097776413,1000.0,1.3940894985571504
9,34537472,527.7410237789154,1000.0,1.7882005423307419,481.6227037906647,1000.0,1.4533104673027992,529.0606653690338,1000.0,1.8675510650500655,520.7524425983429,1000.0,1.7330151312053204
9,34603008,547.0457406044006,1000.0,1.7710753474384546,483.940908908844,1000.0,1.503310900181532,502.4059760570526,1000.0,1.7989388564019464,511.290682554245,1000.0,1.4803319089114666
9,34668544,272.320100517273,992.2305614217123,0.8158391442274054,267.66089026133216,986.6482081604004,0.8216414053241412,259.51948084513344,978.7220175170899,0.8291482889652252,259.16640015920007,978.0117668151855,0.7772295867775878
9,34734080,519.4215106964111,1000.0,1.639588302001357,529.9213542938232,1000.0,1.6568123162724078,530.1452014446259,1000.0,1.5688706301152706,539.0732598304749,1000.0,1.9294136241078377
9,34799616,510.6357355117798,1000.0,1.7140809572301805,533.0877392292023,1000.0,1.6012231893837452,501.1549537181854,1000.0,1.6885252445936203,523.9581642150879,1000.0,1.5489402115345001
9,34865152,507.50315380096436,1000.0,1.4515418400987983,541.1840431690216,1000.0,1.5921710915863514,499.40219044685364,1000.0,1.2807842642068863,536.503668308258,1000.0,1.8019277919083834
9,34930688,518.9068431854248,1000.0,1.67351344646886,547.8573422431946,1000.0,1.6008296087384224,458.5333044528961,1000.0,1.269039096776396,480.83594846725464,1000.0,1.42041689530015
9,34996224,493.2620356082916,1000.0,1.4573618564754725,538.5529508590698,1000.0,1.6781625859439373,517.6761288642883,1000.0,1.6069049760699272,495.24751830101013,1000.0,1.604127150028944
9,35061760,529.0167465209961,1000.0,1.8294208198785782,535.3588144779205,1000.0,1.7418740168213844,538.26921916008,1000.0,1.488519361242652,523.4245493412018,1000.0,1.7656841203570366
9,35127296,504.098388671875,1000.0,1.565094880759716,537.68630027771,1000.0,1.7283178009092808,546.1404521465302,1000.0,1.864787316415459,495.4599733352661,1000.0,1.4316992023959756
9,35192832,269.1612643941244,987.5992387390137,0.8376842758680383,270.4216021347046,986.1454020182291,0.8541027964030703,266.85338223775227,976.7711906941731,0.7814361926168203,261.7752177810669,977.0125007629395,0.8194638097534577
9,35258368,518.6202805042267,1000.0,1.7793513322249055,493.03847336769104,1000.0,1.5782954506576061,500.06061363220215,1000.0,1.4850213611498475,528.8331120014191,1000.0,1.6215712651610374
9,35323904,511.7385632991791,1000.0,1.5346399899572134,478.4370083808899,1000.0,1.5488017341122031,523.3184776306152,1000.0,1.5086568873375654,549.6482219696045,1000.0,1.7900860095396638
9,35389440,518.1629800796509,1000.0,1.7355906963348389,504.8182315826416,1000.0,1.6495750858448446,527.4837408065796,1000.0,1.764200635254383,546.5046122074127,1000.0,1.9112238697707653
9,35454976,529.8857600688934,1000.0,1.8750847987830639,510.84093976020813,1000.0,1.6297658691182733,518.4358463287354,1000.0,1.6452260185033083,541.6094937324524,1000.0,1.6128102587535977
9,35520512,520.6013810634613,1000.0,1.8806541077792645,524.7137463092804,1000.0,1.77095996029675,532.3975503444672,1000.0,1.7875544857233763,536.6611609458923,1000.0,1.7698136609978974
9,35586048,527.1212470531464,1000.0,1.6371096763759851,541.242936372757,1000.0,1.6914802100509405,517.8412792682648,1000.0,1.7113782069645822,487.49453496932983,1000.0,1.5713749304413795
9,35651584,504.2445402145386,1000.0,1.5694796373136342,533.1110422611237,1000.0,1.902167872292921,513.8415172100067,1000.0,1.4899346441961825,484.80922412872314,1000.0,1.385026527568698
9,35717120,263.0708721415202,984.1249325561523,0.8548730999976397,263.05563543955486,985.050326944987,0.8209959596581757,262.6268512471517,981.2331425984701,0.8015200853782396,271.4368219502767,977.8372738647461,0.831470105474194
9,35782656,550.7375483512878,1000.0,1.8983743730932474,537.2511043548584,1000.0,1.4685715716332197,530.5626232624054,1000.0,1.8845243179239333,463.8864531517029,1000.0,1.3700557053089142
9,35848192,527.1473038196564,1000.0,1.4537857989780605,527.6785042285919,1000.0,1.7157990466803312,502.21575260162354,1000.0,1.3162631765007973,492.15985012054443,1000.0,1.5635597240179777
9,35913728,528.4049062728882,1000.0,1.737134911119938,531.0633397102356,1000.0,1.8854531161487103,510.1750888824463,1000.0,1.518876289948821,525.4531760215759,1000.0,1.5405227292794734
9,35979264,524.6055738925934,1000.0,1.7715509086847305,495.4354085922241,1000.0,1.51151093095541,514.966682434082,1000.0,1.6513400990515947,510.8545095920563,1000.0,1.371382249519229
9,36044800,527.9704580307007,1000.0,1.4892345312982798,483.43525862693787,1000.0,1.3624361669644713,492.9107701778412,1000.0,1.406381665263325,533.024313211441,1000.0,1.255674570798874
9,36110336,546.2499842643738,1000.0,1.7633133940398693,517.7325961589813,1000.0,1.692303355783224,505.48634696006775,1000.0,1.5946194846183062,541.4316964149475,1000.0,1.5114035997539759
9,36175872,535.6615209579468,1000.0,1.7456579809077084,519.5302538871765,1000.0,1.4390513561666012,498.0249264240265,1000.0,1.254770739004016,529.219722032547,1000.0,1.418784199282527
9,36241408,278.98811818440754,994.4804039510091,0.8231260086906453,269.2005082066854,992.9174392191569,0.8240279365455111,264.6040640640259,979.4989539082845,0.8005703955764571,263.7427489598592,978.2827570597331,0.8141895191619793
9,36306944,529.8659591674805,1000.0,1.6890388689935207,546.7093684673309,1000.0,1.9753688089549541,520.4133787155151,1000.0,1.9677209425717592,520.1288735866547,1000.0,1.6467059487476945
9,36372480,494.05913376808167,1000.0,1.4857166139408946,541.0715208053589,1000.0,1.6948721427470446,514.0141260623932,1000.0,1.4625591072253883,496.653582572937,1000.0,1.3429113854654133
9,36438016,495.8723545074463,1000.0,1.4027219619601965,512.4719753265381,1000.0,1.8674240931868553,528.5913100242615,1000.0,1.710285134613514,525.8107485771179,1000.0,1.7772000432014465
9,36503552,512.748202085495,1000.0,1.366470979526639,544.0019705295563,1000.0,1.7768150912597775,532.8645341396332,1000.0,1.8391868639737368,474.5779552459717,1000.0,1.3071968294680119
9,36569088,510.7781300544739,1000.0,1.649983525276184,514.3209366798401,1000.0,1.5563680860213935,531.174117565155,1000.0,1.8745139883831143,508.1722776889801,1000.0,1.5741800218820572
9,36634624,498.75464725494385,1000.0,1.5107195018790662,508.9374785423279,1000.0,1.7376272417604923,543.653379201889,1000.0,1.6649604495614767,491.1244056224823,1000.0,1.445253943093121
9,36700160,481.3171832561493,1000.0,1.517133543267846,462.6851553916931,1000.0,1.5175215769559145,492.75801634788513,1000.0,1.4457652103155851,523.3060154914856,1000.0,1.6691305041313171
9,36765696,279.74142314910887,993.5280330403646,0.8213010404569407,276.02671965281166,981.8691994222006,0.8739985674371322,270.61241697947185,975.7662101236979,0.8735844257101416,260.57528945922854,980.4923168436686,0.7637474103892843
9,36831232,521.2981090545654,1000.0,1.814487013965845,501.2692074775696,1000.0,1.514526994433254,513.6634900569916,1000.0,1.5764806913211942,523.7749764919281,1000.0,1.6872382946312428
9,36896768,544.3444406986237,1000.0,1.8505505663342774,526.4974493980408,1000.0,1.7179773962125182,505.2408413887024,1000.0,1.4563368810340762,510.3283779621124,1000.0,1.5588784394785762
9,36962304,510.3693709373474,1000.0,1.3861342146992683,523.565685749054,1000.0,1.8488763896748424,522.4905681610107,1000.0,1.6641628295183182,518.438042640686,1000.0,1.5988657660782337
9,37027840,519.2921924591064,1000.0,1.458863701671362,496.51645851135254,1000.0,1.5781544344499707,513.722847700119,1000.0,1.393043464049697,529.2266476154327,1000.0,1.529347182251513
9,37093376,523.6198856830597,1000.0,1.6399611779488623,540.8991813659668,1000.0,1.506663266569376,544.1390416622162,1000.0,1.8336090557277203,536.4060454368591,1000.0,1.5662628151476383
9,37158912,528.3552267551422,1000.0,1.448670519690495,523.5118551254272,1000.0,1.5902453195303679,511.76718163490295,1000.0,1.5172100774943829,510.38937425613403,1000.0,1.3765886398032308
9,37224448,498.1728148460388,1000.0,1.4816618617624044,526.6377582550049,1000.0,1.65936379134655,490.5970869064331,1000.0,1.4172173733823001,531.444090127945,1000.0,1.8072543367743492
9,37289984,268.91959692637124,986.0381160990397,0.8011850466330845,260.0097141901652,978.943255513509,0.7902130478993058,272.73720878601074,976.4248373413086,0.9056317111849785,271.9511791356405,979.4068584696452,0.8600856321677566
9,37355520,530.7013347148895,1000.0,1.4497143123298883,538.45720744133,1000.0,1.7835293719545007,489.8365263938904,1000.0,1.265196293592453,488.9655804634094,1000.0,1.7896857392042875
9,37421056,515.094048500061,1000.0,1.6989738158881664,531.1525411605835,1000.0,1.6290119178593159,490.8010678291321,1000.0,1.4551251661032438,528.0821578502655,1000.0,1.559773056767881
9,37486592,498.9664297103882,1000.0,1.6636455403640866,542.4171361923218,1000.0,1.7585116494446993,510.571298122406,1000.0,1.7008947366848588,516.0519428253174,1000.0,1.5770273972302675
9,37552128,530.0005021095276,1000.0,1.693480670452118,530.9422068595886,1000.0,1.8748756926506758,500.96666860580444,1000.0,1.525823736563325,526.1732087135315,1000.0,1.7973395278677344
9,37617664,539.870659828186,1000.0,1.8580246861092746,528.9276645183563,1000.0,1.4828038178384304,511.40024280548096,1000.0,1.6025572046637535,509.7745246887207,1000.0,1.4312367481179535
9,37683200,530.9315867424011,1000.0,1.8214912400580943,538.2723727226257,1000.0,1.7484384644776583,495.5442132949829,1000.0,1.3517153798602521,516.5105175971985,1000.0,1.289286531507969
9,37748736,510.0146179199219,1000.0,1.6365916971117258,519.6863479614258,1000.0,1.4893287643790245,521.2012329101562,1000.0,1.592102276161313,496.9220507144928,1000.0,1.632503928616643
9,37814272,268.77617090861,990.0113345845541,0.8137649623304606,272.1408997853597,983.8748249816895,0.8771797731270392,268.7845441945394,980.0285493977865,0.7889026445274552,262.68008884429935,980.2887436930339,0.7967853372792403
9,37879808,550.7568254470825,1000.0,1.7044168943539262,490.02790236473083,1000.0,1.2186236581765115,495.4300367832184,1000.0,1.4838845115154982,519.190060377121,1000.0,1.7624859604984522
9,37945344,526.87362241745,1000.0,1.4841853603720665,490.2581615447998,1000.0,1.380943475291133,504.0694980621338,1000.0,1.5435746870934963,520.6547093391418,1000.0,1.755051227286458
9,38010880,524.9666292667389,1000.0,1.6079441159963608,536.5024058818817,1000.0,1.7868444062769413,520.4866709709167,1000.0,1.791299981647171,514.2692546844482,1000.0,1.8291537892073393
9,38076416,487.53414964675903,1000.0,1.6683714967221022,493.87324500083923,1000.0,1.5008865352720022,499.5050320625305,1000.0,1.442487696185708,512.8187544345856,1000.0,1.6836860235780478
9,38141952,493.467885017395,1000.0,1.478086968883872,510.53345108032227,1000.0,1.622674860060215,506.3766539096832,1000.0,1.4651731722988188,529.0393195152283,1000.0,1.3703083731234074
9,38207488,484.5296742916107,1000.0,1.3526208866387606,515.9963104724884,1000.0,1.5834616869688034,491.7111964225769,1000.0,1.3159554956946522,512.6952319145203,1000.0,1.4756163386628032
9,38273024,500.4982259273529,1000.0,1.6247473694384098,506.20477080345154,1000.0,1.579218503087759,507.5808696746826,1000.0,1.5610531222773716,511.8887598514557,1000.0,1.588088009506464
9,38338560,276.0555243682861,986.8359279378255,0.8638246684273084,265.24035597483316,983.9010483805339,0.7988002618402242,266.0519481150309,983.899887898763,0.8482904231051605,265.3382517623901,978.8060508219401,0.8247604332243403
9,38404096,496.7747859954834,1000.0,1.541917466558516,527.9444537162781,1000.0,1.5608386574313045,524.4535348415375,1000.0,1.6124303312972188,495.90356731414795,1000.0,1.5638409620150924
9,38469632,491.7114291191101,1000.0,1.6138919293880463,473.81534123420715,1000.0,1.2640104293823242,534.6224970817566,1000.0,1.9709726609289646,511.07046365737915,1000.0,1.6957039213739336
9,38535168,507.3437912464142,1000.0,1.5222759637981653,511.2495017051697,1000.0,1.5857969806529582,510.5539503097534,1000.0,1.667302650399506,496.25865054130554,1000.0,1.5188372610136867
9,38600704,483.8863322734833,1000.0,1.7127711102366447,514.4971508979797,1000.0,1.4648213237524033,490.3658137321472,1000.0,1.5544048892334104,484.3523950576782,1000.0,1.3436446031555533
9,38666240,466.568829536438,1000.0,1.4856115505099297,527.7319240570068,1000.0,1.5633683088235557,516.9873449802399,1000.0,1.533112475182861,477.0425326824188,1000.0,1.4382586581632495
9,38731776,510.24583196640015,1000.0,1.487962474115193,512.8427288532257,1000.0,1.5215487275272608,524.0864613056183,1000.0,1.7152384091168642,520.7516150474548,1000.0,1.382094754371792
9,38797312,526.4224760532379,1000.0,1.8025840213522315,546.0099935531616,1000.0,1.6398035511374474,485.348504781723,1000.0,1.3663660490419716,534.1687169075012,1000.0,1.647846259176731
9,38862848,273.40060452779136,989.267625579834,0.8164766321331263,270.56480063120523,982.4237346903483,0.8180118386323254,262.4060288874308,974.6702460225423,0.8355732948457202,264.1948965835571,977.0322074890137,0.8043132464215159
9,38928384,534.313277721405,1000.0,1.7400214234367013,506.3942542076111,1000.0,1.7189621143043041,522.4408876895905,1000.0,1.650128923356533,531.35813164711,1000.0,1.738752443343401
9,38993920,527.3946237564087,1000.0,1.8479149099439383,506.6350269317627,1000.0,1.677130937576294,538.6290397644043,1000.0,1.6913584806025028,481.35512924194336,1000.0,1.6106560106854886
9,39059456,505.70146560668945,1000.0,1.691379233263433,538.993631362915,1000.0,1.848075469955802,546.0684566497803,1000.0,1.9919685497879982,468.0127785205841,1000.0,1.3116731462068856
9,39124992,521.279648065567,1000.0,1.825817747041583,520.8549468517303,1000.0,1.4812678378075361,524.3467373847961,1000.0,1.5943114375695586,503.0572667121887,1000.0,1.8078143810853362
9,39190528,519.645688533783,1000.0,1.4045435078442097,498.2124969959259,1000.0,1.5022586963605136,518.0575075149536,1000.0,1.4055186584591866,517.5865049362183,1000.0,1.6062723654322326
9,39256064,531.1639487743378,1000.0,1.7729334402829409,512.9705674648285,1000.0,1.4199373973533511,488.6473755836487,1000.0,1.6712477840483189,508.9042639732361,1000.0,1.57757927197963
9,39321600,513.9426393508911,1000.0,1.340062597882934,496.23175072669983,1000.0,1.4428575169295073,488.8841621875763,1000.0,1.3850268526002765,532.0865807533264,1000.0,1.4494906049221754
9,39387136,273.78383597056074,988.7802854919433,0.8441243710462004,270.0352024459839,983.5282286071777,0.8723494005420556,259.398008740743,976.6663553873698,0.8220139711226027,271.21037968953453,980.3518845113118,0.9056366546824575
9,39452672,530.201308965683,1000.0,1.3604044723324478,522.4973537921906,1000.0,1.5643243775703013,522.7382221221924,1000.0,1.7344517977908254,514.8644535541534,1000.0,1.8865754071157426
9,39518208,500.1099991798401,1000.0,1.535962525755167,536.5450959205627,1000.0,1.5754161574877799,505.27119493484497,1000.0,1.6686445027589798,530.0896747112274,1000.0,1.5218607671558857
9,39583744,499.2088191509247,1000.0,1.6523901401087642,541.9313759803772,1000.0,1.5494750756770372,506.7368609905243,1000.0,1.5178693793714046,519.0564177036285,1000.0,1.8097490817308426
9,39649280,508.8361623287201,1000.0,1.579827502835542,541.6787624359131,1000.0,1.7377680204808712,490.47677993774414,1000.0,1.501779525540769,519.6428155899048,1000.0,1.3554545724764466
9,39714816,515.0283095836639,1000.0,1.616193967871368,516.838609457016,1000.0,1.807088952511549,499.86776423454285,1000.0,1.677780037280172,543.2691593170166,1000.0,1.487571170553565
9,39780352,480.9019865989685,1000.0,1.56973647326231,520.6332211494446,1000.0,1.5816186126321554,503.8043141365051,1000.0,1.6571577936410904,519.0405621528625,1000.0,1.6197999455034733
9,39845888,488.0290951728821,1000.0,1.4811710759531707,528.6760668754578,1000.0,1.582707685418427,520.8485927581787,1000.0,1.715508846566081,535.4543318748474,1000.0,1.5963648897595704
9,39911424,273.03254494984947,991.53447362264,0.8130058123916388,266.01568884531656,988.7816232808432,0.813151639898618,271.2784455235799,981.6047961425782,0.8554821721464396,262.40276868184407,983.4469800821939,0.7957562801366052
9,39976960,538.6862151622772,1000.0,1.8655982557684183,534.0449042320251,1000.0,1.7027990110218525,475.461350440979,1000.0,1.3845482487231493,520.5890686511993,1000.0,1.5002575870603323
9,40042496,519.2279365062714,1000.0,1.619523748755455,509.0849919319153,1000.0,1.734064295887947,496.1688687801361,1000.0,1.4458430455997586,514.5056245326996,1000.0,1.6854383507743478
9,40108032,509.5900490283966,1000.0,1.5596129577606916,523.7401387691498,1000.0,1.4089090023189783,528.628381729126,1000.0,1.6770386258140206,533.9307610988617,1000.0,1.575674940366298
9,40173568,535.2148213386536,1000.0,1.8360776584595442,530.378974199295,1000.0,1.5077724605798721,493.044233083725,1000.0,1.4485424626618624,510.70256423950195,1000.0,1.5437484700232744
9,40239104,548.6871826648712,1000.0,1.5691389730200171,523.113926410675,1000.0,1.5474803755059838,454.80593967437744,1000.0,1.2461879346519709,475.0645797252655,1000.0,1.32314657792449
9,40304640,546.0907220840454,1000.0,1.5466184695251286,530.7962257862091,1000.0,1.8809354156255722,506.4738709926605,1000.0,1.7518209116533399,485.6198606491089,1000.0,1.1943373284302652
9,40370176,539.7077040672302,1000.0,1.7225926853716373,490.00381541252136,1000.0,1.5836538476869464,489.796658039093,1000.0,1.5334022073075175,429.91616463661194,1000.0,1.4337425795383751
9,40435712,281.1693379974365,992.934492594401,0.8996274120174348,278.7937882868449,993.8270693969727,0.8592611238608758,270.9744377644857,981.9285578918457,0.8107911142334342,271.02514926910396,981.7477899169921,0.849340102300048
9,40501248,522.667377948761,1000.0,1.518590934574604,534.9084658622742,1000.0,1.7268335563130677,503.848025560379,1000.0,1.547637414187193,481.3653395175934,1000.0,1.5444445726461709
9,40566784,487.3328456878662,1000.0,1.3932405840605497,519.7032001018524,1000.0,1.72023596893996,482.2806658744812,1000.0,1.5019605532288551,509.1701970100403,1000.0,1.597370719886385
9,40632320,518.3256959915161,1000.0,1.3810335099697113,488.90384244918823,1000.0,1.339055479504168,523.1003293991089,1000.0,1.5513225961476564,483.7664113044739,1000.0,1.5044898348860443
9,40697856,503.4886133670807,1000.0,1.4901129398494959,470.55541920661926,1000.0,1.358989535830915,532.2315244674683,1000.0,1.8644728884100914,530.033962726593,1000.0,1.5095386803150177
9,40763392,496.8069930076599,1000.0,1.7089682463556528,482.45052695274353,1000.0,1.3636887650936842,541.8327481746674,1000.0,1.6038866071030498,517.0168144702911,1000.0,1.6553966961801052
9,40828928,528.7070951461792,1000.0,1.6495930538512766,495.68549156188965,1000.0,1.6495488416403532,530.8120868206024,1000.0,1.480073345825076,524.9389865398407,1000.0,1.4674581186845899
9,40894464,513.792032957077,1000.0,1.6567417201586068,509.89993476867676,1000.0,1.482145712710917,519.8540306091309,1000.0,1.6420520041137934,525.8504054546356,1000.0,2.0841920487582684
9,40960000,274.67540402730305,992.1919880167643,0.870544541204969,277.94160396575927,981.4212363179524,0.8754451113566757,266.65620154062907,982.1059632364909,0.8293824081247052,269.44954849243163,980.2002036031088,0.8150288330266873
9,41025536,532.1502995491028,1000.0,2.0913532562553883,421.85466480255127,1000.0,1.2150453554932028,525.3795883655548,1000.0,1.819210359826684,527.3399324417114,1000.0,1.4628759855404496
9,41091072,525.8393244743347,1000.0,1.628109861165285,493.25934982299805,1000.0,1.3643446983769536,517.7663681507111,1000.0,1.77709068544209,536.5977005958557,1000.0,1.4372192928567529
9,41156608,544.0515792369843,1000.0,1.5680082365870476,532.7840187549591,1000.0,1.4666204140521586,521.6066515445709,1000.0,1.7442459957674146,530.7354373931885,1000.0,1.8240283727645874
9,41222144,526.4974446296692,1000.0,1.5417936742305756,512.7593276500702,1000.0,1.6487825494259596,499.7644057273865,1000.0,1.3963569551706314,507.48209404945374,1000.0,1.4036501459777355
9,41287680,530.1681816577911,1000.0,1.8471687454730272,505.18918657302856,1000.0,1.5913987830281258,485.1994695663452,1000.0,1.660122910514474,506.34305596351624,1000.0,1.428979743970558
9,41353216,520.3923597335815,1000.0,1.7762760780751705,508.5175335407257,1000.0,1.502758470363915,480.41856575012207,1000.0,1.5407869331538677,515.2735702991486,1000.0,1.8365657860413194
9,41418752,505.39716362953186,1000.0,1.6626136293634772,512.6385579109192,1000.0,1.8772221822291613,507.24213790893555,1000.0,1.5288061052560806,489.4910604953766,1000.0,1.3494232892990112
9,41484288,283.84906759897865,991.4228974405925,0.8974977315217256,270.3242943954468,985.4419618733724,0.8844299521405871,266.44947420756023,981.9778034973144,0.8376656740407149,267.04176972707114,978.1816558329265,0.8412134718522429
9,41549824,517.1561024188995,1000.0,1.7209477992728353,515.8483798503876,1000.0,1.697131186723709,523.5735650062561,1000.0,1.8871028684079647,515.5679032802582,1000.0,1.5094548612833023
9,41615360,472.01885199546814,1000.0,1.4397484847577289,522.9105219841003,1000.0,1.8072970919311047,508.5238962173462,1000.0,1.4908626414835453,506.53567695617676,1000.0,1.3965856693685055
9,41680896,530.8245666027069,1000.0,1.5281505789607763,543.2133574485779,1000.0,1.8585676699876785,522.3067989349365,1000.0,1.6306570954620838,502.60761427879333,1000.0,1.4331114627420902
9,41746432,515.3717226982117,1000.0,1.6035422245040536,532.5752608776093,1000.0,1.5096394941210747,507.266774892807,1000.0,1.8451723624020815,538.4236981868744,1000.0,1.497877249494195
9,41811968,532.8241677284241,1000.0,2.041949232108891,534.1424670219421,1000.0,1.6477596266195178,506.26813077926636,1000.0,1.387250941246748,507.6285774707794,1000.0,1.5573473959229887
9,41877504,520.3380260467529,1000.0,1.5910697453655303,531.1011719703674,1000.0,1.4217268116772175,514.4421412944794,1000.0,1.645417308434844,480.61732625961304,1000.0,1.19487826526165
9,41943040,524.4402487277985,1000.0,1.5281781498342752,529.1817653179169,1000.0,1.6777848489582539,490.07969069480896,1000.0,1.5575895346701145,504.29253363609314,1000.0,1.3854869436472654
9,42008576,273.40212322235107,991.1889523824057,0.8418346138174335,274.9360122299194,983.6713381449381,0.8275795967597515,262.22673896789547,985.3937892659505,0.7708096229595442,267.23890094757076,977.7286824035644,0.8382950941224894
9,42074112,538.0483329296112,1000.0,1.5161848226562142,515.5214426517487,1000.0,1.6951813250780106,540.0572764873505,1000.0,1.7946796007454395,518.6727378368378,1000.0,1.4546444499865174
9,42139648,497.23894119262695,1000.0,1.4740897654555738,510.17973470687866,1000.0,1.4929600767791271,517.8084967136383,1000.0,1.6342754978686571,523.455906867981,1000.0,1.6346886027604342
9,42205184,516.9685711860657,1000.0,1.7126563377678394,529.2681348323822,1000.0,1.450338127091527,522.1831302642822,1000.0,1.5196707271970809,546.279294013977,1000.0,2.128728674724698
9,42270720,526.8886280059814,1000.0,1.6099312715232372,532.9788484573364,1000.0,1.6225261939689517,515.4486467838287,1000.0,1.7399067943915725,543.3979082107544,1000.0,1.707933368626982
9,42336256,510.2510025501251,1000.0,1.7001839121803641,525.229186296463,1000.0,1.7313719252124429,489.7457067966461,1000.0,1.3565505091100931,537.5000166893005,1000.0,1.6598956659436226
9,42401792,517.5363392829895,1000.0,1.691236665006727,532.3164985179901,1000.0,1.9111667769029737,484.5623459815979,1000.0,1.3573247604072094,522.0694773197174,1000.0,1.6599369449540973
9,42467328,522.8267214298248,1000.0,1.52001329138875,526.8261232376099,1000.0,1.7571395933628082,493.4511194229126,1000.0,1.5602643229067326,486.6766142845154,1000.0,1.3555918186903
9,42532864,282.6099024327596,993.8252141825358,0.8394089666754008,271.90198609670006,988.3657748921712,0.8661861962173134,268.47317502339683,979.9843934122721,0.8550954426576693,270.95422101338704,975.6560368855794,0.8883599624037742
9,42598400,505.90139603614807,1000.0,1.6601751055568457,515.4787476062775,1000.0,1.458012143149972,515.2285223007202,1000.0,1.610490886028856,497.7743401527405,1000.0,1.6967594362795353
9,42663936,527.1796278953552,1000.0,1.6490139663219452,497.16039657592773,1000.0,1.5647067157551646,525.4708909988403,1000.0,1.4693928193300962,457.58609414100647,1000.0,1.3356435783207417
9,42729472,517.084591627121,1000.0,1.5826844684779644,527.1190481185913,1000.0,1.635170003399253,547.5554535388947,1000.0,1.9867203421890736,504.58086490631104,1000.0,1.6833342304453254
9,42795008,518.6680374145508,1000.0,1.804712500423193,524.8083717823029,1000.0,1.7181816436350346,499.752516746521,1000.0,1.6404209360480309,442.2723009586334,1000.0,1.1757805664092302
9,42860544,495.8798999786377,1000.0,1.294230753555894,523.4251215457916,1000.0,1.4842463419772685,485.0061135292053,1000.0,1.5534360366873443,489.51634788513184,1000.0,1.4391311053186655
9,42926080,475.06110286712646,1000.0,1.4450144609436393,541.0525305271149,1000.0,1.910413193050772,510.75881814956665,1000.0,1.4823547154664993,479.76876735687256,1000.0,1.5136149760801345
9,42991616,471.58031249046326,1000.0,1.6005439078435302,532.3194472789764,1000.0,1.589524257928133,513.0422217845917,1000.0,1.701445854268968,512.3085279464722,1000.0,1.5070471558719873
9,43057152,277.6152632776896,992.9927309163411,0.833195501882583,266.3524188613892,986.704874013265,0.7879214334115386,277.8231627782186,982.6102239481609,0.8617381979773442,263.49184079488117,981.2871003723144,0.765096516336004
9,43122688,526.7302966117859,1000.0,1.7837796788662672,527.3668344020844,1000.0,1.676071023568511,484.3960928916931,1000.0,1.6192524316720665,517.4776382446289,1000.0,1.4335729591548443
9,43188224,510.3758211135864,1000.0,1.4548047576099634,520.2932031154633,1000.0,1.5798472091555595,493.13388776779175,1000.0,1.4313348354771733,511.42175126075745,1000.0,1.6945834700018167
9,43253760,525.7060286998749,1000.0,1.5372501695528626,493.8819122314453,1000.0,1.3957311229314655,517.9780485630035,1000.0,1.7561033675447106,479.5549454689026,1000.0,1.5573841761797667
9,43319296,528.0486285686493,1000.0,1.533849485218525,467.1442255973816,1000.0,1.440287766046822,519.8394334316254,1000.0,1.500706274062395,454.1169822216034,1000.0,1.2587047286797315
9,43384832,512.7177886962891,1000.0,1.5152962189167738,469.03968620300293,1000.0,1.2501965422998182,539.4218077659607,1000.0,1.8296186672523618,477.112398147583,1000.0,1.4982102420181036
9,43450368,524.5513858795166,1000.0,1.511791456490755,484.91432428359985,1000.0,1.626173671334982,527.1132225990295,1000.0,1.6567780275363475,531.6927547454834,1000.0,1.475937906652689
9,43515904,529.6474697589874,1000.0,1.7068054175470024,533.5525286197662,1000.0,1.8468521889299154,517.2215945720673,1000.0,1.3252874528989196,511.4361414909363,1000.0,1.4628564398735762
9,43581440,281.04184647878014,994.3439962259929,0.8527362956479192,269.66041309356694,986.1813515218099,0.8260195602864648,264.58634576161705,988.4006321716308,0.7962792184017599,275.3173833847046,975.7761467997233,0.9368951250116031
9,43646976,530.8990659713745,1000.0,1.5210394258610904,509.76905584335327,1000.0,1.8441223874688148,550.8285365104675,1000.0,1.78408595174551,469.26965856552124,1000.0,1.2702626562677324
9,43712512,514.6383934020996,1000.0,1.3485652883537114,476.84638500213623,1000.0,1.5838304068893194,520.0618574619293,1000.0,1.6254407349042594,472.2382814884186,1000.0,1.475633456837386
9,43778048,533.8490328788757,1000.0,1.783149592578411,459.1339032649994,1000.0,1.3634917363524437,478.3459849357605,1000.0,1.5297182649374008,498.16291332244873,1000.0,1.4800078282132745
9,43843584,512.317732334137,1000.0,1.408672135323286,485.9180340766907,1000.0,1.4869650637265295,468.88408732414246,1000.0,1.5907019637525082,458.45257210731506,1000.0,1.2658811639994383
9,43909120,513.1869332790375,1000.0,1.306868765503168,528.1312201023102,1000.0,1.7512755263596773,516.3425240516663,1000.0,1.5667143035680056,505.40278482437134,1000.0,1.503936837427318
9,43974656,540.9382078647614,1000.0,1.7208017464727163,528.5215044021606,1000.0,1.6150964125990868,490.5521779060364,1000.0,1.5023535825312138,493.81661677360535,1000.0,1.366350445896387
9,44040192,508.57037258148193,1000.0,1.573815457522869,525.8118352890015,1000.0,1.5145072247833014,518.4297287464142,1000.0,1.5876235514879227,518.9173936843872,1000.0,1.5790451597422361
9,44105728,290.79577691396076,998.2991894022623,0.9086042915036281,279.18815254211427,995.907905883789,0.8310212086016933,276.32222994486494,983.813824971517,0.8431741152207056,264.51287839253746,987.5686569213867,0.7980569778258602
9,44171264,530.3248748779297,1000.0,1.362289546057582,542.7287368774414,1000.0,1.7231203559786081,493.56579065322876,1000.0,1.6584596482571214,536.991443157196,1000.0,1.7483553048223257
9,44236800,529.3973648548126,1000.0,1.4255378041416407,541.7883965969086,1000.0,1.7724331468343735,451.66402292251587,1000.0,1.436119994148612,526.3271305561066,1000.0,1.7061715824529529
9,44302336,509.250364780426,1000.0,1.5593389933928847,527.595855474472,1000.0,1.9688644940033555,438.2052893638611,1000.0,1.2280162791721523,462.64480113983154,1000.0,1.4541720822453499
9,44367872,511.13136053085327,1000.0,1.5494501776993275,529.1052193641663,1000.0,1.690501645207405,482.1244888305664,1000.0,1.3237513680942357,477.78486680984497,1000.0,1.4107896834611893
9,44433408,516.4800062179565,1000.0,1.691827247850597,520.9294018745422,1000.0,1.785722325090319,506.26542234420776,1000.0,1.5361609887331724,471.18707036972046,1000.0,1.3153588906861842
9,44498944,517.1117610931396,1000.0,1.4510359652340412,499.9750337600708,1000.0,1.4193735141307116,517.9015398025513,1000.0,1.6407351177185774,457.6338086128235,1000.0,1.3350401581265032
9,44564480,512.3545844554901,1000.0,1.8530479725450277,469.6467502117157,1000.0,1.544941183179617,519.0819540023804,1000.0,1.3824913501739502,491.2132897377014,1000.0,1.6864950964227319
9,44630016,284.4901208750407,994.8700015767415,0.8208370641805232,277.07332613627113,992.2871219889323,0.8004546904563903,261.2490773264567,979.4874505106608,0.8159009628742933,272.6646030934652,975.7383948262533,0.9562026941776276
9,44695552,542.8984336853027,1000.0,1.5631734700873494,525.7742657661438,1000.0,1.5989433228969574,525.5965719223022,1000.0,1.7507677730172873,489.2848825454712,1000.0,1.5042333379387856
9,44761088,515.2122392654419,1000.0,1.4719754327088594,513.9914381504059,1000.0,1.73053496517241,491.1691336631775,1000.0,1.2219283487647772,505.0665295124054,1000.0,1.4352786485105753
9,44826624,503.7116129398346,1000.0,1.6342234779149294,517.9467527866364,1000.0,1.6868652738630772,464.7215464115143,1000.0,1.325875397771597,549.2945373058319,1000.0,1.6284852246753871
9,44892160,500.03571009635925,1000.0,1.5433196150697768,504.138956785202,1000.0,1.6032754089683294,503.8932740688324,1000.0,1.4389540934935212,551.1640357971191,1000.0,1.9092040751129389
9,44957696,497.2496829032898,1000.0,1.3952597342431545,507.89523696899414,1000.0,1.4345756005495787,490.3829879760742,1000.0,1.1751736626029015,530.5710732936859,1000.0,1.6560568986460567
9,45023232,519.639928817749,1000.0,1.4015325782820582,529.5645537376404,1000.0,1.5847641970030963,458.4427320957184,1000.0,1.2609624760225415,497.43850564956665,1000.0,1.3471341636031866
9,45088768,528.6643919944763,1000.0,1.8469286039471626,524.1401610374451,1000.0,1.5116369160823524,463.3575747013092,1000.0,1.2330823754891753,502.63881373405457,1000.0,1.4327972810715437
9,45154304,287.02560686747233,997.0763702901204,0.9098136763523021,278.66109279632565,992.4431005859375,0.8613782867199431,277.6995620473226,982.5543270365397,0.9610989842377603,263.81991364796954,981.1429693603516,0.8140947021047273
9,45219840,558.0379693508148,1000.0,1.6665514912456274,527.1317927837372,1000.0,1.7256205072626472,480.5872480869293,1000.0,1.6158746159635484,532.6885130405426,1000.0,1.6961030242964625
9,45285376,525.351108789444,1000.0,1.684991616755724,515.8911995887756,1000.0,1.5707262796349823,492.41416335105896,1000.0,1.4698994867503643,500.7984428405762,1000.0,1.4090075958520174
9,45350912,528.8004477024078,1000.0,1.810718834400177,513.0022892951965,1000.0,1.443515693768859,512.7783436775208,1000.0,1.548669571056962,467.20516324043274,1000.0,1.3304139282554388
9,45416448,500.7973027229309,1000.0,1.9108815470244735,543.2694883346558,1000.0,1.734866339713335,523.2875239849091,1000.0,1.6933654695749283,513.4251272678375,1000.0,1.5218109814450145
9,45481984,513.4313566684723,1000.0,1.438903946429491,514.6889202594757,1000.0,1.6010337360203266,505.2864077091217,1000.0,1.4864327739924192,504.08425998687744,1000.0,1.439332988113165
9,45547520,533.1603963375092,1000.0,1.9203639030456543,531.5039834976196,1000.0,1.8022143440321088,499.08457803726196,1000.0,1.3927533952519298,494.59594798088074,1000.0,1.5658591128885746
9,45613056,525.3379333019257,1000.0,1.7000849023461342,521.3398399353027,1000.0,1.5481068957597017,476.9782238006592,1000.0,1.5500791314989328,473.6811430454254,1000.0,1.4475738909095526
9,45678592,287.80491771697996,994.3929453023275,0.9035728457383811,274.75383365631103,987.6227567036947,0.8441947215547164,272.51864988962814,979.3282384236654,0.9461486324295402,272.6093321736654,981.0530235290528,0.8856033868590991
9,45744128,527.5864470005035,1000.0,1.4280714020133018,507.57548332214355,1000.0,1.5075568724423647,495.53232884407043,1000.0,1.3630915398243815,535.4392530918121,1000.0,2.123856855556369
9,45809664,493.72844195365906,1000.0,1.5750064998865128,486.27211236953735,1000.0,1.3644853718578815,485.10021567344666,1000.0,1.367726364172995,521.8956372737885,1000.0,1.9119402151554823
9,45875200,520.0281345844269,1000.0,1.6528920298442245,513.9633107185364,1000.0,1.591954161413014,507.97373628616333,1000.0,1.4341200983617455,537.811959028244,1000.0,1.6744352504611015
9,45940736,528.3147020339966,1000.0,1.6467589978128672,512.194239616394,1000.0,1.4590467038797215,514.4212825298309,1000.0,1.665430738357827,521.1167750358582,1000.0,1.468617029953748
9,46006272,525.135187625885,1000.0,1.6407302357256413,508.1076486110687,1000.0,1.4583063889294863,524.7655961513519,1000.0,1.9758670339360833,487.6047706604004,1000.0,1.355166464112699
9,46071808,536.6592607498169,1000.0,1.7772308252751827,519.4007394313812,1000.0,1.5311347153037786,488.8003113269806,1000.0,1.3902169428765774,502.34843468666077,1000.0,1.4674632819369435
9,46137344,539.2064428329468,1000.0,1.672705853357911,512.4359452724457,1000.0,1.4775930792093277,510.3684592247009,1000.0,1.345664257183671,511.8492982387543,1000.0,1.5451465221121907
9,46202880,281.82261246999104,990.8676316833496,0.874040090404451,275.378998374939,983.3545832316081,0.8601792452236017,270.8547173690796,981.3949164835612,0.8643927770170072,268.6866474533081,976.5031314086914,0.8531033500035603
9,46268416,525.1539483070374,1000.0,1.7369399331510067,503.7184262275696,1000.0,1.7739241197705269,526.3200595378876,1000.0,1.6063150651752949,491.1323323249817,1000.0,1.3839165521785617
9,46333952,525.0618386268616,1000.0,1.506669083610177,509.00991797447205,1000.0,1.4848322183825076,517.4949119091034,1000.0,1.6756284227594733,512.6371619701385,1000.0,1.468596238642931
9,46399488,526.8506369590759,1000.0,1.647228717803955,530.0985527038574,1000.0,1.9052105215378106,522.3933041095734,1000.0,1.7562119215726852,533.067241191864,1000.0,1.7512079691514373
9,46465024,537.0789730548859,1000.0,1.7692557387053967,534.8351089954376,1000.0,1.5974865038879216,512.8634893894196,1000.0,1.7600972685031593,529.2594685554504,1000.0,1.607380201574415
9,46530560,501.9762885570526,1000.0,1.5478394329547882,522.4536321163177,1000.0,1.7805601847358048,512.9471509456635,1000.0,1.4672503527253866,525.4683742523193,1000.0,1.9079640544950962
9,46596096,495.5709607601166,1000.0,1.311965899541974,537.390700340271,1000.0,1.7187782488763332,514.2745943069458,1000.0,1.5964200971648097,472.53912568092346,1000.0,1.241335871629417
9,46661632,522.9141504764557,1000.0,1.5452584461309016,493.0308711528778,1000.0,1.361846282146871,524.228440284729,1000.0,1.4296423997730017,488.82710123062134,1000.0,1.6581530936527997
9,46727168,293.5283437983195,995.4707094319662,0.9512574526170889,281.376414120992,990.469053548177,0.9112813723708193,278.59216513315835,982.0033829752604,0.9879815067350864,274.56820423126226,980.4692121378581,0.946424379174908
9,46792704,535.9047887325287,1000.0,1.905337866395712,537.73992228508,1000.0,1.7238968815654516,493.92472982406616,1000.0,1.4481187975034118,522.3215169906616,1000.0,1.8035073718056083
9,46858240,533.3701145648956,1000.0,1.7334108389914036,523.3334760665894,1000.0,1.613088734447956,491.9661154747009,1000.0,1.446653829421848,509.70723509788513,1000.0,1.5360388038679957
9,46923776,510.39413499832153,1000.0,1.7372123077511787,514.7827303409576,1000.0,1.814411582890898,535.6707389354706,1000.0,1.841896521858871,528.1879179477692,1000.0,1.5375916678458452
9,46989312,485.05905055999756,1000.0,1.395278817974031,504.3608922958374,1000.0,1.6258953958749771,508.80403780937195,1000.0,1.6762096006423235,521.1136019229889,1000.0,1.8559199408628047
9,47054848,510.3100266456604,1000.0,1.6299314051866531,513.4653635025024,1000.0,1.6474464796483517,502.57192873954773,1000.0,1.3816939713433385,501.7954776287079,1000.0,1.4989222679287195
9,47120384,543.1006994247437,1000.0,1.9865602478384972,511.8269855976105,1000.0,1.7925712382420897,512.7003724575043,1000.0,1.634945023804903,507.2222752571106,1000.0,1.6082082139328122
9,47185920,533.2937748432159,1000.0,1.7751878621056676,475.200546503067,1000.0,1.3287199595943093,534.7369623184204,1000.0,1.4278175719082355,505.8411602973938,1000.0,1.507438838481903
9,47251456,275.50575522104896,988.830225575765,0.8353390929599602,274.4201020685832,992.5946861267089,0.8133463970944286,273.27693813323975,979.5063543701172,0.8724336247642834,261.0475678888957,980.0506678263346,0.8256660377730926
9,47316992,508.80221033096313,1000.0,1.513377119321376,536.0441708564758,1000.0,1.5587816201150417,492.1472761631012,1000.0,1.6769407326355577,523.8521680831909,1000.0,1.6526173874735832
9,47382528,493.42895889282227,1000.0,1.4253889070823789,527.2004957199097,1000.0,1.3761365180835128,484.2746481895447,1000.0,1.519730438478291,524.9127848148346,1000.0,1.5578021761029959
9,47448064,516.926726102829,1000.0,1.5687359548173845,530.0592534542084,1000.0,1.4999863570556045,491.572265625,1000.0,1.6463817791081965,522.6304974555969,1000.0,1.8251775335520506
9,47513600,524.7790007591248,1000.0,1.6547214183956385,533.5988891124725,1000.0,1.7982255220413208,486.1682188510895,1000.0,1.2919584064511582,491.29136085510254,1000.0,1.4198865424841642
9,47579136,529.0293898582458,1000.0,1.5354604674503207,529.790961265564,1000.0,1.6449663257226348,510.5645716190338,1000.0,1.6123021729290485,520.0593974590302,1000.0,1.6298732506111264
9,47644672,524.4966745376587,1000.0,1.7774634952656925,528.7199463844299,1000.0,1.605916341766715,462.22910141944885,1000.0,1.166372182779014,499.3163049221039,1000.0,1.7404201989993453
9,47710208,522.4998817443848,1000.0,1.7622409360483289,510.5495421886444,1000.0,1.6053048344329,471.329696893692,1000.0,1.3292234307155013,489.02365136146545,1000.0,1.5874576903879642
9,47775744,277.40342843373617,991.709266204834,0.9203916727254788,277.56022469838456,984.150715637207,0.8870100018878778,265.0678079605102,980.4670329793294,0.802631901986897,269.3870957819621,980.7771380106608,0.8561061158527931
9,47841280,553.1446216106415,1000.0,1.744049172848463,493.0274317264557,1000.0,1.5496065821498632,515.097127199173,1000.0,1.8827352747321129,511.9740586280823,1000.0,1.6003319788724184
9,47906816,537.0964441299438,1000.0,1.8195158746093512,460.64760875701904,1000.0,1.2973422165960073,504.71436285972595,1000.0,1.2446754705160856,492.4017686843872,1000.0,1.473655743058771
9,47972352,522.6962478160858,1000.0,1.848695244640112,483.9380602836609,1000.0,1.4828492682427168,508.79006028175354,1000.0,1.5621544022578746,507.7082362174988,1000.0,1.476163174957037
9,48037888,527.6379973888397,1000.0,1.8157274425029755,479.77653527259827,1000.0,1.3487297911196947,519.8697974681854,1000.0,1.5555279315449297,533.2548339366913,1000.0,1.5439708910416812
9,48103424,527.4562609195709,1000.0,1.6738149747252464,473.9868097305298,1000.0,1.3150884993374348,504.0929317474365,1000.0,1.5971484370529652,537.8765556812286,1000.0,1.6028484350536019
9,48168960,508.2803919315338,1000.0,1.5402853162959218,472.2699694633484,1000.0,1.2649147976189852,494.86597418785095,1000.0,1.685614436864853,529.5467128753662,1000.0,1.5268210638314486
9,48234496,516.8546822071075,1000.0,1.4775276649743319,502.7986137866974,1000.0,1.720542423427105,493.76796197891235,1000.0,1.6832073368132114,526.428893327713,1000.0,1.565845967270434
9,48300032,283.87726497650146,994.2118984476725,0.8627607642859221,278.9239864222209,984.1314791361491,0.8646730641275644,274.8079119618734,979.5299571736654,1.027355896619459,279.44667344411215,986.723827311198,0.9568285143623749
9,48365568,537.8111515045166,1000.0,1.4419926926493645,493.22600960731506,1000.0,1.2589824395254254,484.15315771102905,1000.0,1.5596855079056695,523.5800902843475,1000.0,1.7074191765859723
9,48431104,526.0281224250793,1000.0,1.8885034397244453,499.38346457481384,1000.0,1.5518848784267902,492.1851279735565,1000.0,1.8518075551837683,467.2883973121643,1000.0,1.536273268982768
9,48496640,543.5198287963867,1000.0,1.5522695393301547,513.9129605293274,1000.0,1.7865350553765893,520.1386160850525,1000.0,1.6985979974269867,498.8891260623932,1000.0,1.4667424345389009
9,48562176,527.6037504673004,1000.0,1.6075054593384266,517.2463891506195,1000.0,1.566211249679327,522.5240128040314,1000.0,1.6060825884342194,495.56296014785767,1000.0,1.2783405184745789
9,48627712,502.45788407325745,1000.0,1.3547492437064648,527.0505051612854,1000.0,1.6237301491200924,531.5313277244568,1000.0,1.7115108463913202,499.06401538848877,1000.0,1.5984649807214737
9,48693248,532.0251228809357,1000.0,1.7712593730539083,510.87268567085266,1000.0,1.6272879857569933,529.1998708248138,1000.0,1.6880559921264648,502.3861081600189,1000.0,1.9071124633774161
