########################################################################
Job ID: 11400127
Running on node: g12
Script arguments received by sbatch script (/var/spool/slurm/d/job11400127/slurm_script): --config configs/baselines/marv_config_ctrac.yaml
Number of arguments: 2
########################################################################
Setting up environment...
Config       : baselines/marv_config_ctrac.yaml
Detected module_name: ctrac
Dispatching to: /ws/src/flipper_training/marv_rl_training/training/train_sac.py
Log directory: /home/sargapav/robot_rodeo_gym_ws/logs/train_ctrac_11400127
Changed directory to /home/sargapav/robot_rodeo_gym_ws
------------------------------------------------------------------------
nvidia-smi output:
Tue Aug 25 08:38:59 2026       
+-----------------------------------------------------------------------------------------+
| NVIDIA-SMI 575.51.03              Driver Version: 575.51.03      CUDA Version: 12.9     |
|-----------------------------------------+------------------------+----------------------+
| GPU  Name                 Persistence-M | Bus-Id          Disp.A | Volatile Uncorr. ECC |
| Fan  Temp   Perf          Pwr:Usage/Cap |           Memory-Usage | GPU-Util  Compute M. |
|                                         |                        |               MIG M. |
|=========================================+========================+======================|
|   0  NVIDIA A100-SXM4-40GB          On  |   00000000:0A:00.0 Off |                    0 |
| N/A   26C    P0             51W /  400W |       0MiB /  40960MiB |      0%      Default |
|                                         |                        |             Disabled |
+-----------------------------------------+------------------------+----------------------+
                                                                                         
+-----------------------------------------------------------------------------------------+
| Processes:                                                                              |
|  GPU   GI   CI              PID   Type   Process name                        GPU Memory |
|        ID   ID                                                               Usage      |
|=========================================================================================|
|  No running processes found                                                             |
+-----------------------------------------------------------------------------------------+
GPU is clear (no active CUDA contexts).
------------------------------------------------------------------------
W&B project : MARV_RL
Copying Omniverse cache to node-local /tmp/omni_cache_11400127 ...
Frame budget: 52428800 frames from /home/sargapav/robot_rodeo_gym_ws/configs/baselines/marv_config_ctrac.yaml (iteration size 65536, 800 iterations)
########################################################################
Starting ctrac training (respawn #0 — 0/52428800 frames done, 52428800 to go)...
########################################################################
[Warning] [omni.isaac.kit.simulation_app] Modules: ['omni.kit_app'] were loaded before SimulationApp was started and might not be loaded correctly.
[Warning] [omni.isaac.kit.simulation_app] Please check to make sure no extra omniverse or pxr modules are imported before the call to SimulationApp(...)
[Info] [carb] Logging to file: /opt/conda/envs/isaaclab/lib/python3.10/site-packages/omni/logs/Kit/Isaac-Sim/4.2/kit_20260825_083903.log
2026-08-25 06:39:03 [0ms] [Warning] [omni.kit.app.plugin] No crash reporter present, dumps uploading isn't available.
2026-08-25 06:39:03 [4ms] [Warning] [omni.ext.plugin] [ext: containers] Extensions config 'extension.toml' doesn't exist '/home/sargapav/robot_rodeo_gym_ws/containers' or '/home/sargapav/robot_rodeo_gym_ws/containers/config'
2026-08-25 06:39:03 [5ms] [Warning] [omni.ext.plugin] [ext: src] Extensions config 'extension.toml' doesn't exist '/home/sargapav/robot_rodeo_gym_ws/src' or '/home/sargapav/robot_rodeo_gym_ws/src/config'
2026-08-25 06:39:03 [5ms] [Warning] [omni.ext.plugin] [ext: configs] Extensions config 'extension.toml' doesn't exist '/home/sargapav/robot_rodeo_gym_ws/configs' or '/home/sargapav/robot_rodeo_gym_ws/configs/config'
2026-08-25 06:39:03 [5ms] [Warning] [omni.ext.plugin] [ext: notebooks] Extensions config 'extension.toml' doesn't exist '/home/sargapav/robot_rodeo_gym_ws/notebooks' or '/home/sargapav/robot_rodeo_gym_ws/notebooks/config'
2026-08-25 06:39:03 [5ms] [Warning] [omni.ext.plugin] [ext: optuna] Extensions config 'extension.toml' doesn't exist '/home/sargapav/robot_rodeo_gym_ws/optuna' or '/home/sargapav/robot_rodeo_gym_ws/optuna/config'
2026-08-25 06:39:03 [5ms] [Warning] [omni.ext.plugin] [ext: secrets] Extensions config 'extension.toml' doesn't exist '/home/sargapav/robot_rodeo_gym_ws/secrets' or '/home/sargapav/robot_rodeo_gym_ws/secrets/config'
2026-08-25 06:39:03 [5ms] [Warning] [omni.ext.plugin] [ext: wandb] Extensions config 'extension.toml' doesn't exist '/home/sargapav/robot_rodeo_gym_ws/wandb' or '/home/sargapav/robot_rodeo_gym_ws/wandb/config'
2026-08-25 06:39:03 [5ms] [Warning] [omni.ext.plugin] [ext: slurm] Extensions config 'extension.toml' doesn't exist '/home/sargapav/robot_rodeo_gym_ws/slurm' or '/home/sargapav/robot_rodeo_gym_ws/slurm/config'
2026-08-25 06:39:03 [5ms] [Warning] [omni.ext.plugin] [ext: logs] Extensions config 'extension.toml' doesn't exist '/home/sargapav/robot_rodeo_gym_ws/logs' or '/home/sargapav/robot_rodeo_gym_ws/logs/config'
2026-08-25 06:39:03 [5ms] [Warning] [omni.ext.plugin] [ext: experiments] Extensions config 'extension.toml' doesn't exist '/home/sargapav/robot_rodeo_gym_ws/experiments' or '/home/sargapav/robot_rodeo_gym_ws/experiments/config'
2026-08-25 06:39:03 [5ms] [Warning] [omni.ext.plugin] [ext: scripts] Extensions config 'extension.toml' doesn't exist '/home/sargapav/robot_rodeo_gym_ws/scripts' or '/home/sargapav/robot_rodeo_gym_ws/scripts/config'
2026-08-25 06:39:03 [6ms] [Warning] [omni.ext.plugin] [ext: runs] Extensions config 'extension.toml' doesn't exist '/home/sargapav/robot_rodeo_gym_ws/runs' or '/home/sargapav/robot_rodeo_gym_ws/runs/config'
[0.381s] [ext: omni.kit.async_engine-0.0.1] startup
[0.794s] [ext: omni.stats-1.0.1] startup
[0.801s] [ext: omni.client-1.2.0] startup
[0.965s] [ext: omni.gpu_foundation.shadercache.vulkan-1.0.0] startup
[0.972s] [ext: omni.assets.plugins-0.0.0] startup
[0.988s] [ext: omni.gpu_foundation-0.0.0] startup
[1.144s] [ext: omni.kit.pipapi-0.0.0] startup
[1.145s] [ext: omni.materialx.libs-1.0.4] startup
[1.175s] [ext: omni.kit.pip_archive-0.0.0] startup
[1.176s] [ext: omni.usd.config-1.0.4] startup
[1.192s] [ext: omni.gpucompute.plugins-0.0.0] startup
[1.195s] [ext: omni.usd.libs-1.0.1] startup
[1.632s] [ext: omni.kit.telemetry-0.5.0] startup
[1.690s] [ext: omni.usd.schema.semantics-0.0.0] startup
[1.925s] [ext: omni.usd.schema.audio-0.0.0] startup
[1.959s] [ext: omni.usd.schema.physx-106.1.9] startup
[2.053s] [ext: carb.audio-0.1.0] startup
[2.094s] [ext: omni.kvdb-106.1.9] startup
[2.102s] [ext: omni.timeline-1.0.10] startup
[2.109s] [ext: omni.kit.actions.core-1.0.0] startup
[2.117s] [ext: omni.kit.audiodeviceenum-1.0.1] startup
[2.123s] [ext: omni.localcache-106.1.9] startup
[2.127s] [ext: omni.usd_resolver-1.0.0] startup
[2.138s] [ext: omni.kit.commands-1.4.9] startup
[2.148s] [ext: omni.graph.exec-0.9.4] startup
[2.151s] [ext: omni.usd.core-1.4.1] startup
[2.164s] [ext: omni.kit.usd_undo-0.1.8] startup
[2.165s] [ext: omni.kit.exec.core-0.13.4] startup
[2.174s] [ext: omni.convexdecomposition-106.1.9] startup
[2.184s] [ext: omni.usd-1.12.2] startup
[2.266s] [ext: omni.usdphysics-106.1.9] startup
[2.270s] [ext: omni.physx.foundation-106.1.9] startup
[2.286s] [ext: omni.kit.usd.layers-2.1.36] startup
[2.308s] [ext: omni.physx.cooking-106.1.9] startup
[2.326s] [ext: omni.blobkey-1.1.2] startup
[2.331s] [ext: omni.datastore-0.0.0] startup
[2.398s] [ext: omni.ujitso.default-1.0.0] startup
[2.408s] [ext: omni.hsscclient-1.1.1] startup
[2.423s] [ext: omni.kit.primitive.mesh-1.0.17] startup
[2.429s] [ext: usdrt.scenegraph-7.5.0] startup
[2.553s] [ext: omni.warp.core-1.2.1] startup
[2.681s] [ext: omni.physx-106.1.9] startup
[2.736s] [ext: omni.kit.stage_template.core-1.1.22] startup
[2.738s] [ext: omni.physx.stageupdate-106.1.9] startup
[2.744s] [ext: omni.kit.stage_templates-1.2.5] startup
[2.747s] [ext: omni.physics.tensors-106.1.9] startup
[2.760s] [ext: omni.isaac.version-1.1.0] startup
[2.761s] [ext: omni.physx.tensors-106.1.9] startup
[3.362s] [ext: omni.isaac.nucleus-0.3.1] startup
[3.364s] [ext: omni.kit.loop-isaac-1.2.0] startup
[3.369s] [ext: omni.isaac.core-3.19.5] startup
2026-08-25 06:39:08 [4,700ms] [Warning] [omni.platforminfo.plugin] failed to open the default display.  Can't verify X Server version.
2026-08-25 06:39:08 [4,702ms] [Warning] [omni.platforminfo.plugin] failed to load XRAndR.
[6.852s] [ext: omni.physx.fabric-106.1.9] startup
[6.868s] [ext: omni.isaac.kit-1.13.2] startup
[6.868s] [ext: omni.isaac.cloner-0.8.1] startup
[6.870s] [ext: isaaclab.python.headless-1.2.0] startup
[6.872s] Simulation App Starting
2026-08-25 06:39:10 [6,753ms] [Warning] [gpu.foundation.plugin] [ShaderCache]: Creating driver shaderCache directory failed: /opt/conda/envs/isaaclab/lib/python3.10/site-packages/omni/cache/nv_shadercache

|---------------------------------------------------------------------------------------------|
| Driver Version: 0             | Graphics API: Vulkan
|=============================================================================================|
| GPU | Name                             | Active | LDA | GPU Memory | Vendor-ID | LUID       |
|     |                                  |        |     |            | Device-ID | UUID       |
|     |                                  |        |     |            | Bus-ID    |            |
|=============================================================================================|
| OS: 13 (trixie) debian, Version: 13.00.0, Kernel: 4.18.0-553.51.1.el8_10.x86_64
| Processor: AMD EPYC 7763 64-Core Processor | Cores: 128 | Logical: 256
|---------------------------------------------------------------------------------------------|
| Total Memory (MB): 1031842 | Free Memory: 889041
| Total Page/Swap (MB): 0 | Free Page/Swap: 0
|---------------------------------------------------------------------------------------------|
2026-08-25 06:39:11 [7,533ms] [Warning] [omni.physx.foundation.plugin] PhysXFoundation: Couldn't get driver version, failed to getDeviceInfo
2026-08-25 06:39:11 [7,533ms] [Warning] [omni.physx.foundation.plugin] PhysXFoundation: Unable to get IGpuFoundation, GpuDevices or Graphics!
2026-08-25 06:39:11 [7,533ms] [Warning] [carb.cudainterop.plugin] CUDA_VISIBLE_DEVICES environment variable is set.
2026-08-25 06:39:11 [7,533ms] [Warning] [carb.cudainterop.plugin] Note CUDA device enumeration and Omniverse device enumeration are different.
2026-08-25 06:39:11 [7,533ms] [Warning] [carb.cudainterop.plugin] Setting CUDA_VISIBLE_DEVICES can lead to undesired behavior or crashes.
[8.763s] app ready
[8.927s] Simulation App Startup Complete
2026-08-25 06:39:17 [13,691ms] [Warning] [pxr.Semantics] pxr.Semantics is deprecated - please use Semantics instead
2026-08-25 06:39:19 [16,438ms] [Warning] [omni.isaac.lab.envs.direct_rl_env] Seed not set for the environment. The environment creation may not be deterministic.
2026-08-25 06:39:19 [16,479ms] [Warning] [omni.isaac.lab.envs.direct_rl_env] The render interval (5) is smaller than the decimation (20). Multiple multiple render calls will happen for each environment step.If this is not intended, set the render interval to be equal to the decimation.
[INFO][AppLauncher]: Loading experience file: /opt/IsaacLab/source/extensions/omni.isaac.lab/omni/isaac/lab/app/../../../../../../apps/isaaclab.python.headless.kit
Starting kit application with the following args:  ['/opt/conda/envs/isaaclab/lib/python3.10/site-packages/isaacsim/exts/omni.isaac.kit/omni/isaac/kit/simulation_app.py', '/opt/IsaacLab/source/extensions/omni.isaac.lab/omni/isaac/lab/app/../../../../../../apps/isaaclab.python.headless.kit', '--/app/tokens/exe-path=/opt/conda/envs/isaaclab/lib/python3.10/site-packages/omni', '--/persistent/app/viewport/displayOptions=3094', '--/rtx/materialDb/syncLoads=True', '--/rtx/hydra/materialSyncLoads=True', '--/omni.kit.plugin/syncUsdLoads=True', '--/app/renderer/resolution/width=1280', '--/app/renderer/resolution/height=720', '--/app/window/width=1440', '--/app/window/height=900', '--/renderer/multiGpu/enabled=True', '--/app/fastShutdown=True', '--ext-folder', '/opt/conda/envs/isaaclab/lib/python3.10/site-packages/isaacsim/exts', '--ext-folder', '/opt/conda/envs/isaaclab/lib/python3.10/site-packages/isaacsim/apps', '--/renderer/activeGpu=0', '--/physics/cudaDevice=0', '--portable', '--no-window', '--/app/window/hideUi=True']
Passing the following args to the base kit application:  ['--config', '/ws/configs/baselines/marv_config_ctrac.yaml', '--headless', 'total_frames=52428800', 'scheduler_opts.total_iters=800']
Warp 1.2.1 initialized:
   CUDA Toolkit 11.8, Driver 12.9
   Devices:
     "cpu"      : "CPU"
     "cuda:0"   : "NVIDIA A100-SXM4-40GB" (39 GiB, sm_80, mempool enabled)
   Kernel cache:
     /home/sargapav/.cache/warp/1.2.1
[INFO]: Base environment:
	Environment device    : cuda:0
	Environment seed      : None
	Physics step-size     : 0.005
	Rendering step-size   : 0.025
	Environment step-size : 0.1
[INFO]: Time taken for scene creation : 0.824009 seconds
[INFO]: Scene manager:  <class InteractiveScene>
	Number of environments: 512
	Environment spacing   : 0.0
	Source prim name      : /World/envs/env_0
	Global prim paths     : ['/World/terrain']
	Replicate physics     : True
[INFO]: Starting the simulation. This may take a few seconds. Please wait...
[INFO]: Time taken for simulation start : 10.272633 seconds
[INFO]: Completed setting up the environment...
2026-08-25 08:39:31,125 [RunLogger][[92mINFO[00m]: RunLogger initialized for run train_ctrac_11400127_attempt_0 at /ws/logs/train_ctrac_11400127/attempt_0 (logutils.py:105)
2026-08-25 08:39:38,604 [ftr_sac_train][[92mINFO[00m]: Seed: 42 (train_sac.py:223)
2026-08-25 08:39:38,780 [ftr_sac_train][[92mINFO[00m]: No training checkpoint found — starting a fresh run. (train_sac.py:403)
2026-08-25 08:39:39,357 [ftr_sac_train][[92mINFO[00m]: Initialized FtrSACTrainer. (train_sac.py:350)
2026-08-25 08:39:39,357 [ftr_sac_train][[92mINFO[00m]: Iteration size: 65536, batch_size: 256, updates/iter: 32 (train_sac.py:579)
########################################################################
Python script finished with exit status: 75
########################################################################
Attempt collected 5832704 frames (job total: 5832704 / 52428800).
Exit code 75 detected (CUDA/W&B error). Respawning (attempt 2)...
########################################################################
Starting ctrac training (respawn #1 — 5832704/52428800 frames done, 46596096 to go)...
########################################################################
[Warning] [omni.isaac.kit.simulation_app] Modules: ['omni.kit_app'] were loaded before SimulationApp was started and might not be loaded correctly.
[Warning] [omni.isaac.kit.simulation_app] Please check to make sure no extra omniverse or pxr modules are imported before the call to SimulationApp(...)
[Info] [carb] Logging to file: /opt/conda/envs/isaaclab/lib/python3.10/site-packages/omni/logs/Kit/Isaac-Sim/4.2/kit_20260825_111855.log
2026-08-25 09:18:55 [0ms] [Warning] [omni.kit.app.plugin] No crash reporter present, dumps uploading isn't available.
2026-08-25 09:18:55 [15ms] [Warning] [omni.ext.plugin] [ext: containers] Extensions config 'extension.toml' doesn't exist '/home/sargapav/robot_rodeo_gym_ws/containers' or '/home/sargapav/robot_rodeo_gym_ws/containers/config'
2026-08-25 09:18:55 [15ms] [Warning] [omni.ext.plugin] [ext: src] Extensions config 'extension.toml' doesn't exist '/home/sargapav/robot_rodeo_gym_ws/src' or '/home/sargapav/robot_rodeo_gym_ws/src/config'
2026-08-25 09:18:55 [16ms] [Warning] [omni.ext.plugin] [ext: logs] Extensions config 'extension.toml' doesn't exist '/home/sargapav/robot_rodeo_gym_ws/logs' or '/home/sargapav/robot_rodeo_gym_ws/logs/config'
2026-08-25 09:18:55 [16ms] [Warning] [omni.ext.plugin] [ext: experiments] Extensions config 'extension.toml' doesn't exist '/home/sargapav/robot_rodeo_gym_ws/experiments' or '/home/sargapav/robot_rodeo_gym_ws/experiments/config'
2026-08-25 09:18:55 [16ms] [Warning] [omni.ext.plugin] [ext: scripts] Extensions config 'extension.toml' doesn't exist '/home/sargapav/robot_rodeo_gym_ws/scripts' or '/home/sargapav/robot_rodeo_gym_ws/scripts/config'
2026-08-25 09:18:55 [16ms] [Warning] [omni.ext.plugin] [ext: secrets] Extensions config 'extension.toml' doesn't exist '/home/sargapav/robot_rodeo_gym_ws/secrets' or '/home/sargapav/robot_rodeo_gym_ws/secrets/config'
2026-08-25 09:18:55 [16ms] [Warning] [omni.ext.plugin] [ext: runs] Extensions config 'extension.toml' doesn't exist '/home/sargapav/robot_rodeo_gym_ws/runs' or '/home/sargapav/robot_rodeo_gym_ws/runs/config'
2026-08-25 09:18:55 [16ms] [Warning] [omni.ext.plugin] [ext: optuna] Extensions config 'extension.toml' doesn't exist '/home/sargapav/robot_rodeo_gym_ws/optuna' or '/home/sargapav/robot_rodeo_gym_ws/optuna/config'
2026-08-25 09:18:55 [16ms] [Warning] [omni.ext.plugin] [ext: slurm] Extensions config 'extension.toml' doesn't exist '/home/sargapav/robot_rodeo_gym_ws/slurm' or '/home/sargapav/robot_rodeo_gym_ws/slurm/config'
2026-08-25 09:18:55 [16ms] [Warning] [omni.ext.plugin] [ext: notebooks] Extensions config 'extension.toml' doesn't exist '/home/sargapav/robot_rodeo_gym_ws/notebooks' or '/home/sargapav/robot_rodeo_gym_ws/notebooks/config'
2026-08-25 09:18:55 [16ms] [Warning] [omni.ext.plugin] [ext: configs] Extensions config 'extension.toml' doesn't exist '/home/sargapav/robot_rodeo_gym_ws/configs' or '/home/sargapav/robot_rodeo_gym_ws/configs/config'
2026-08-25 09:18:55 [16ms] [Warning] [omni.ext.plugin] [ext: wandb] Extensions config 'extension.toml' doesn't exist '/home/sargapav/robot_rodeo_gym_ws/wandb' or '/home/sargapav/robot_rodeo_gym_ws/wandb/config'
[0.315s] [ext: omni.kit.async_engine-0.0.1] startup
[0.706s] [ext: omni.stats-1.0.1] startup
[0.711s] [ext: omni.client-1.2.0] startup
[0.846s] [ext: omni.gpu_foundation.shadercache.vulkan-1.0.0] startup
[0.852s] [ext: omni.assets.plugins-0.0.0] startup
[0.864s] [ext: omni.gpu_foundation-0.0.0] startup
[0.981s] [ext: omni.kit.pipapi-0.0.0] startup
[0.982s] [ext: omni.materialx.libs-1.0.4] startup
[1.006s] [ext: omni.kit.pip_archive-0.0.0] startup
[1.007s] [ext: omni.usd.config-1.0.4] startup
[1.021s] [ext: omni.gpucompute.plugins-0.0.0] startup
[1.023s] [ext: omni.usd.libs-1.0.1] startup
[1.384s] [ext: omni.kit.telemetry-0.5.0] startup
[1.439s] [ext: omni.usd.schema.semantics-0.0.0] startup
[1.648s] [ext: omni.usd.schema.audio-0.0.0] startup
[1.676s] [ext: omni.usd.schema.physx-106.1.9] startup
[1.757s] [ext: carb.audio-0.1.0] startup
[1.794s] [ext: omni.kvdb-106.1.9] startup
[1.800s] [ext: omni.timeline-1.0.10] startup
[1.805s] [ext: omni.kit.actions.core-1.0.0] startup
[1.811s] [ext: omni.kit.audiodeviceenum-1.0.1] startup
[1.815s] [ext: omni.localcache-106.1.9] startup
[1.819s] [ext: omni.usd_resolver-1.0.0] startup
[1.829s] [ext: omni.kit.commands-1.4.9] startup
[1.837s] [ext: omni.graph.exec-0.9.4] startup
[1.839s] [ext: omni.usd.core-1.4.1] startup
[1.849s] [ext: omni.kit.usd_undo-0.1.8] startup
[1.850s] [ext: omni.kit.exec.core-0.13.4] startup
[1.857s] [ext: omni.convexdecomposition-106.1.9] startup
[1.866s] [ext: omni.usd-1.12.2] startup
[1.937s] [ext: omni.usdphysics-106.1.9] startup
[1.941s] [ext: omni.physx.foundation-106.1.9] startup
[1.953s] [ext: omni.kit.usd.layers-2.1.36] startup
[1.970s] [ext: omni.physx.cooking-106.1.9] startup
[1.985s] [ext: omni.blobkey-1.1.2] startup
[1.988s] [ext: omni.datastore-0.0.0] startup
[2.038s] [ext: omni.ujitso.default-1.0.0] startup
[2.046s] [ext: omni.hsscclient-1.1.1] startup
[2.058s] [ext: omni.kit.primitive.mesh-1.0.17] startup
[2.064s] [ext: usdrt.scenegraph-7.5.0] startup
[2.166s] [ext: omni.warp.core-1.2.1] startup
[2.291s] [ext: omni.physx-106.1.9] startup
[2.337s] [ext: omni.kit.stage_template.core-1.1.22] startup
[2.339s] [ext: omni.physx.stageupdate-106.1.9] startup
[2.344s] [ext: omni.kit.stage_templates-1.2.5] startup
[2.346s] [ext: omni.physics.tensors-106.1.9] startup
[2.358s] [ext: omni.isaac.version-1.1.0] startup
[2.359s] [ext: omni.physx.tensors-106.1.9] startup
[2.969s] [ext: omni.isaac.nucleus-0.3.1] startup
[2.971s] [ext: omni.kit.loop-isaac-1.2.0] startup
[2.974s] [ext: omni.isaac.core-3.19.5] startup
2026-08-25 09:18:59 [4,265ms] [Warning] [omni.platforminfo.plugin] failed to open the default display.  Can't verify X Server version.
2026-08-25 09:18:59 [4,266ms] [Warning] [omni.platforminfo.plugin] failed to load XRAndR.
[6.046s] [ext: omni.physx.fabric-106.1.9] startup
[6.060s] [ext: omni.isaac.kit-1.13.2] startup
[6.061s] [ext: omni.isaac.cloner-0.8.1] startup
[6.062s] [ext: isaaclab.python.headless-1.2.0] startup
[6.064s] Simulation App Starting
2026-08-25 09:19:01 [6,008ms] [Warning] [gpu.foundation.plugin] [ShaderCache]: Creating driver shaderCache directory failed: /opt/conda/envs/isaaclab/lib/python3.10/site-packages/omni/cache/nv_shadercache

|---------------------------------------------------------------------------------------------|
| Driver Version: 0             | Graphics API: Vulkan
|=============================================================================================|
| GPU | Name                             | Active | LDA | GPU Memory | Vendor-ID | LUID       |
|     |                                  |        |     |            | Device-ID | UUID       |
|     |                                  |        |     |            | Bus-ID    |            |
|=============================================================================================|
| OS: 13 (trixie) debian, Version: 13.589505315.589505315, Kernel: 4.18.0-553.51.1.el8_10.x86_64
| Processor: AMD EPYC 7763 64-Core Processor | Cores: 128 | Logical: 256
|---------------------------------------------------------------------------------------------|
| Total Memory (MB): 1031842 | Free Memory: 827940
| Total Page/Swap (MB): 0 | Free Page/Swap: 0
|---------------------------------------------------------------------------------------------|
2026-08-25 09:19:01 [6,666ms] [Warning] [omni.physx.foundation.plugin] PhysXFoundation: Couldn't get driver version, failed to getDeviceInfo
2026-08-25 09:19:01 [6,666ms] [Warning] [omni.physx.foundation.plugin] PhysXFoundation: Unable to get IGpuFoundation, GpuDevices or Graphics!
2026-08-25 09:19:01 [6,666ms] [Warning] [carb.cudainterop.plugin] CUDA_VISIBLE_DEVICES environment variable is set.
2026-08-25 09:19:01 [6,666ms] [Warning] [carb.cudainterop.plugin] Note CUDA device enumeration and Omniverse device enumeration are different.
2026-08-25 09:19:01 [6,666ms] [Warning] [carb.cudainterop.plugin] Setting CUDA_VISIBLE_DEVICES can lead to undesired behavior or crashes.
[7.705s] app ready
[INFO][AppLauncher]: Loading experience file: /opt/IsaacLab/source/extensions/omni.isaac.lab/omni/isaac/lab/app/../../../../../../apps/isaaclab.python.headless.kit
Starting kit application with the following args:  ['/opt/conda/envs/isaaclab/lib/python3.10/site-packages/isaacsim/exts/omni.isaac.kit/omni/isaac/kit/simulation_app.py', '/opt/IsaacLab/source/extensions/omni.isaac.lab/omni/isaac/lab/app/../../../../../../apps/isaaclab.python.headless.kit', '--/app/tokens/exe-path=/opt/conda/envs/isaaclab/lib/python3.10/site-packages/omni', '--/persistent/app/viewport/displayOptions=3094', '--/rtx/materialDb/syncLoads=True', '--/rtx/hydra/materialSyncLoads=True', '--/omni.kit.plugin/syncUsdLoads=True', '--/app/renderer/resolution/width=1280', '--/app/renderer/resolution/height=720', '--/app/window/width=1440', '--/app/window/height=900', '--/renderer/multiGpu/enabled=True', '--/app/fastShutdown=True', '--ext-folder', '/opt/conda/envs/isaaclab/lib/python3.10/site-packages/isaacsim/exts', '--ext-folder', '/opt/conda/envs/isaaclab/lib/python3.10/site-packages/isaacsim/apps', '--/renderer/activeGpu=0', '--/physics/cudaDevice=0', '--portable', '--no-window', '--/app/window/hideUi=True']
Passing the following args to the base kit application:  ['--config', '/ws/configs/baselines/marv_config_ctrac.yaml', '--headless', 'total_frames=46596096', 'scheduler_opts.total_iters=800']
[INFO] Respawn detected — loading config from previous attempt: /ws/logs/train_ctrac_11400127/attempt_0/config.yaml
[7.868s] Simulation App Startup Complete
2026-08-25 09:19:07 [11,942ms] [Warning] [pxr.Semantics] pxr.Semantics is deprecated - please use Semantics instead
2026-08-25 09:19:09 [14,394ms] [Warning] [omni.isaac.lab.envs.direct_rl_env] Seed not set for the environment. The environment creation may not be deterministic.
2026-08-25 09:19:09 [14,435ms] [Warning] [omni.isaac.lab.envs.direct_rl_env] The render interval (5) is smaller than the decimation (20). Multiple multiple render calls will happen for each environment step.If this is not intended, set the render interval to be equal to the decimation.
Warp 1.2.1 initialized:
   CUDA Toolkit 11.8, Driver 12.9
   Devices:
     "cpu"      : "CPU"
     "cuda:0"   : "NVIDIA A100-SXM4-40GB" (39 GiB, sm_80, mempool enabled)
   Kernel cache:
     /home/sargapav/.cache/warp/1.2.1
[INFO]: Base environment:
	Environment device    : cuda:0
	Environment seed      : None
	Physics step-size     : 0.005
	Rendering step-size   : 0.025
	Environment step-size : 0.1
[INFO]: Time taken for scene creation : 0.767856 seconds
[INFO]: Scene manager:  <class InteractiveScene>
	Number of environments: 512
	Environment spacing   : 0.0
	Source prim name      : /World/envs/env_0
	Global prim paths     : ['/World/terrain']
	Replicate physics     : True
[INFO]: Starting the simulation. This may take a few seconds. Please wait...
[INFO]: Time taken for simulation start : 9.313745 seconds
[INFO]: Completed setting up the environment...
2026-08-25 11:19:19,687 [RunLogger][[92mINFO[00m]: RunLogger initialized for run train_ctrac_11400127_attempt_1 at /ws/logs/train_ctrac_11400127/attempt_1 (logutils.py:105)
2026-08-25 11:19:27,178 [ftr_sac_train][[92mINFO[00m]: Seed: 42 (train_sac.py:223)
2026-08-25 11:19:27,334 [ftr_sac_train][[92mINFO[00m]: Found training checkpoint: /ws/logs/train_ctrac_11400127/attempt_0/weights/training_state.pth (train_sac.py:398)
2026-08-25 11:19:27,398 [ftr_sac_train][[93mWARNING[00m]: Resumed from training checkpoint: iteration=88, total_collected_frames=5832704. Note that collected_frames and the policy_step_<frames> names are CUMULATIVE across attempts from here on. (train_sac.py:387)
2026-08-25 11:19:27,890 [ftr_sac_train][[92mINFO[00m]: Initialized FtrSACTrainer. (train_sac.py:350)
2026-08-25 11:19:27,890 [ftr_sac_train][[92mINFO[00m]: Iteration size: 65536, batch_size: 256, updates/iter: 32 (train_sac.py:579)
2026-08-25 09:19:27 [32,295ms] [Warning] [ftr_sac_train] Resumed from training checkpoint: iteration=88, total_collected_frames=5832704. Note that collected_frames and the policy_step_<frames> names are CUMULATIVE across attempts from here on.
########################################################################
Python script finished with exit status: 75
########################################################################
Attempt collected 14155776 frames (job total: 19988480 / 52428800).
Exit code 75 detected (CUDA/W&B error). Respawning (attempt 3)...
########################################################################
Starting ctrac training (respawn #2 — 19988480/52428800 frames done, 32440320 to go)...
########################################################################
[Warning] [omni.isaac.kit.simulation_app] Modules: ['omni.kit_app'] were loaded before SimulationApp was started and might not be loaded correctly.
[Warning] [omni.isaac.kit.simulation_app] Please check to make sure no extra omniverse or pxr modules are imported before the call to SimulationApp(...)
[Info] [carb] Logging to file: /opt/conda/envs/isaaclab/lib/python3.10/site-packages/omni/logs/Kit/Isaac-Sim/4.2/kit_20260825_180723.log
2026-08-25 16:07:23 [0ms] [Warning] [omni.kit.app.plugin] No crash reporter present, dumps uploading isn't available.
2026-08-25 16:07:23 [5ms] [Warning] [omni.ext.plugin] [ext: containers] Extensions config 'extension.toml' doesn't exist '/home/sargapav/robot_rodeo_gym_ws/containers' or '/home/sargapav/robot_rodeo_gym_ws/containers/config'
2026-08-25 16:07:23 [6ms] [Warning] [omni.ext.plugin] [ext: src] Extensions config 'extension.toml' doesn't exist '/home/sargapav/robot_rodeo_gym_ws/src' or '/home/sargapav/robot_rodeo_gym_ws/src/config'
2026-08-25 16:07:23 [6ms] [Warning] [omni.ext.plugin] [ext: configs] Extensions config 'extension.toml' doesn't exist '/home/sargapav/robot_rodeo_gym_ws/configs' or '/home/sargapav/robot_rodeo_gym_ws/configs/config'
2026-08-25 16:07:23 [6ms] [Warning] [omni.ext.plugin] [ext: logs] Extensions config 'extension.toml' doesn't exist '/home/sargapav/robot_rodeo_gym_ws/logs' or '/home/sargapav/robot_rodeo_gym_ws/logs/config'
2026-08-25 16:07:23 [6ms] [Warning] [omni.ext.plugin] [ext: experiments] Extensions config 'extension.toml' doesn't exist '/home/sargapav/robot_rodeo_gym_ws/experiments' or '/home/sargapav/robot_rodeo_gym_ws/experiments/config'
2026-08-25 16:07:23 [6ms] [Warning] [omni.ext.plugin] [ext: notebooks] Extensions config 'extension.toml' doesn't exist '/home/sargapav/robot_rodeo_gym_ws/notebooks' or '/home/sargapav/robot_rodeo_gym_ws/notebooks/config'
2026-08-25 16:07:23 [6ms] [Warning] [omni.ext.plugin] [ext: scripts] Extensions config 'extension.toml' doesn't exist '/home/sargapav/robot_rodeo_gym_ws/scripts' or '/home/sargapav/robot_rodeo_gym_ws/scripts/config'
2026-08-25 16:07:23 [6ms] [Warning] [omni.ext.plugin] [ext: secrets] Extensions config 'extension.toml' doesn't exist '/home/sargapav/robot_rodeo_gym_ws/secrets' or '/home/sargapav/robot_rodeo_gym_ws/secrets/config'
2026-08-25 16:07:23 [6ms] [Warning] [omni.ext.plugin] [ext: wandb] Extensions config 'extension.toml' doesn't exist '/home/sargapav/robot_rodeo_gym_ws/wandb' or '/home/sargapav/robot_rodeo_gym_ws/wandb/config'
2026-08-25 16:07:23 [6ms] [Warning] [omni.ext.plugin] [ext: optuna] Extensions config 'extension.toml' doesn't exist '/home/sargapav/robot_rodeo_gym_ws/optuna' or '/home/sargapav/robot_rodeo_gym_ws/optuna/config'
2026-08-25 16:07:23 [6ms] [Warning] [omni.ext.plugin] [ext: slurm] Extensions config 'extension.toml' doesn't exist '/home/sargapav/robot_rodeo_gym_ws/slurm' or '/home/sargapav/robot_rodeo_gym_ws/slurm/config'
2026-08-25 16:07:23 [6ms] [Warning] [omni.ext.plugin] [ext: runs] Extensions config 'extension.toml' doesn't exist '/home/sargapav/robot_rodeo_gym_ws/runs' or '/home/sargapav/robot_rodeo_gym_ws/runs/config'
[0.334s] [ext: omni.kit.async_engine-0.0.1] startup
[0.718s] [ext: omni.stats-1.0.1] startup
[0.725s] [ext: omni.client-1.2.0] startup
[0.898s] [ext: omni.gpu_foundation.shadercache.vulkan-1.0.0] startup
[0.906s] [ext: omni.assets.plugins-0.0.0] startup
[0.923s] [ext: omni.gpu_foundation-0.0.0] startup
[1.088s] [ext: omni.kit.pipapi-0.0.0] startup
[1.090s] [ext: omni.materialx.libs-1.0.4] startup
[1.120s] [ext: omni.kit.pip_archive-0.0.0] startup
[1.121s] [ext: omni.usd.config-1.0.4] startup
[1.135s] [ext: omni.gpucompute.plugins-0.0.0] startup
[1.138s] [ext: omni.usd.libs-1.0.1] startup
[1.588s] [ext: omni.kit.telemetry-0.5.0] startup
[1.645s] [ext: omni.usd.schema.semantics-0.0.0] startup
[1.877s] [ext: omni.usd.schema.audio-0.0.0] startup
[1.912s] [ext: omni.usd.schema.physx-106.1.9] startup
[2.010s] [ext: carb.audio-0.1.0] startup
[2.039s] [ext: omni.kvdb-106.1.9] startup
[2.048s] [ext: omni.timeline-1.0.10] startup
[2.055s] [ext: omni.kit.actions.core-1.0.0] startup
[2.062s] [ext: omni.kit.audiodeviceenum-1.0.1] startup
[2.068s] [ext: omni.localcache-106.1.9] startup
[2.072s] [ext: omni.usd_resolver-1.0.0] startup
[2.082s] [ext: omni.kit.commands-1.4.9] startup
[2.092s] [ext: omni.graph.exec-0.9.4] startup
[2.095s] [ext: omni.usd.core-1.4.1] startup
[2.108s] [ext: omni.kit.usd_undo-0.1.8] startup
[2.109s] [ext: omni.kit.exec.core-0.13.4] startup
[2.118s] [ext: omni.convexdecomposition-106.1.9] startup
[2.129s] [ext: omni.usd-1.12.2] startup
[2.207s] [ext: omni.usdphysics-106.1.9] startup
[2.212s] [ext: omni.physx.foundation-106.1.9] startup
[2.229s] [ext: omni.kit.usd.layers-2.1.36] startup
[2.250s] [ext: omni.physx.cooking-106.1.9] startup
[2.269s] [ext: omni.blobkey-1.1.2] startup
[2.274s] [ext: omni.datastore-0.0.0] startup
[2.341s] [ext: omni.ujitso.default-1.0.0] startup
[2.352s] [ext: omni.hsscclient-1.1.1] startup
[2.366s] [ext: omni.kit.primitive.mesh-1.0.17] startup
[2.373s] [ext: usdrt.scenegraph-7.5.0] startup
[2.498s] [ext: omni.warp.core-1.2.1] startup
[2.625s] [ext: omni.physx-106.1.9] startup
[2.680s] [ext: omni.kit.stage_template.core-1.1.22] startup
[2.682s] [ext: omni.physx.stageupdate-106.1.9] startup
[2.688s] [ext: omni.kit.stage_templates-1.2.5] startup
[2.691s] [ext: omni.physics.tensors-106.1.9] startup
[2.704s] [ext: omni.isaac.version-1.1.0] startup
[2.705s] [ext: omni.physx.tensors-106.1.9] startup
[3.344s] [ext: omni.isaac.nucleus-0.3.1] startup
[3.346s] [ext: omni.kit.loop-isaac-1.2.0] startup
[3.350s] [ext: omni.isaac.core-3.19.5] startup
2026-08-25 16:07:28 [4,739ms] [Warning] [omni.platforminfo.plugin] failed to open the default display.  Can't verify X Server version.
2026-08-25 16:07:28 [4,741ms] [Warning] [omni.platforminfo.plugin] failed to load XRAndR.
[6.621s] [ext: omni.physx.fabric-106.1.9] startup
[6.636s] [ext: omni.isaac.kit-1.13.2] startup
[6.636s] [ext: omni.isaac.cloner-0.8.1] startup
[6.638s] [ext: isaaclab.python.headless-1.2.0] startup
[6.640s] Simulation App Starting
2026-08-25 16:07:30 [6,565ms] [Warning] [gpu.foundation.plugin] [ShaderCache]: Creating driver shaderCache directory failed: /opt/conda/envs/isaaclab/lib/python3.10/site-packages/omni/cache/nv_shadercache

|---------------------------------------------------------------------------------------------|
| Driver Version: 0             | Graphics API: Vulkan
|=============================================================================================|
| GPU | Name                             | Active | LDA | GPU Memory | Vendor-ID | LUID       |
|     |                                  |        |     |            | Device-ID | UUID       |
|     |                                  |        |     |            | Bus-ID    |            |
|=============================================================================================|
| OS: 13 (trixie) debian, Version: 13.1734960750.0, Kernel: 4.18.0-553.51.1.el8_10.x86_64
| Processor: AMD EPYC 7763 64-Core Processor | Cores: 128 | Logical: 256
|---------------------------------------------------------------------------------------------|
| Total Memory (MB): 1031842 | Free Memory: 793167
| Total Page/Swap (MB): 0 | Free Page/Swap: 0
|---------------------------------------------------------------------------------------------|
2026-08-25 16:07:30 [7,328ms] [Warning] [omni.physx.foundation.plugin] PhysXFoundation: Couldn't get driver version, failed to getDeviceInfo
2026-08-25 16:07:30 [7,328ms] [Warning] [omni.physx.foundation.plugin] PhysXFoundation: Unable to get IGpuFoundation, GpuDevices or Graphics!
2026-08-25 16:07:30 [7,328ms] [Warning] [carb.cudainterop.plugin] CUDA_VISIBLE_DEVICES environment variable is set.
2026-08-25 16:07:30 [7,328ms] [Warning] [carb.cudainterop.plugin] Note CUDA device enumeration and Omniverse device enumeration are different.
2026-08-25 16:07:30 [7,328ms] [Warning] [carb.cudainterop.plugin] Setting CUDA_VISIBLE_DEVICES can lead to undesired behavior or crashes.
[8.526s] app ready
[INFO][AppLauncher]: Loading experience file: /opt/IsaacLab/source/extensions/omni.isaac.lab/omni/isaac/lab/app/../../../../../../apps/isaaclab.python.headless.kit
Starting kit application with the following args:  ['/opt/conda/envs/isaaclab/lib/python3.10/site-packages/isaacsim/exts/omni.isaac.kit/omni/isaac/kit/simulation_app.py', '/opt/IsaacLab/source/extensions/omni.isaac.lab/omni/isaac/lab/app/../../../../../../apps/isaaclab.python.headless.kit', '--/app/tokens/exe-path=/opt/conda/envs/isaaclab/lib/python3.10/site-packages/omni', '--/persistent/app/viewport/displayOptions=3094', '--/rtx/materialDb/syncLoads=True', '--/rtx/hydra/materialSyncLoads=True', '--/omni.kit.plugin/syncUsdLoads=True', '--/app/renderer/resolution/width=1280', '--/app/renderer/resolution/height=720', '--/app/window/width=1440', '--/app/window/height=900', '--/renderer/multiGpu/enabled=True', '--/app/fastShutdown=True', '--ext-folder', '/opt/conda/envs/isaaclab/lib/python3.10/site-packages/isaacsim/exts', '--ext-folder', '/opt/conda/envs/isaaclab/lib/python3.10/site-packages/isaacsim/apps', '--/renderer/activeGpu=0', '--/physics/cudaDevice=0', '--portable', '--no-window', '--/app/window/hideUi=True']
Passing the following args to the base kit application:  ['--config', '/ws/configs/baselines/marv_config_ctrac.yaml', '--headless', 'total_frames=32440320', 'scheduler_opts.total_iters=800']
[INFO] Respawn detected — loading config from previous attempt: /ws/logs/train_ctrac_11400127/attempt_1/config.yaml
[8.692s] Simulation App Startup Complete
2026-08-25 16:07:36 [13,299ms] [Warning] [pxr.Semantics] pxr.Semantics is deprecated - please use Semantics instead
2026-08-25 16:07:39 [16,009ms] [Warning] [omni.isaac.lab.envs.direct_rl_env] Seed not set for the environment. The environment creation may not be deterministic.
2026-08-25 16:07:39 [16,053ms] [Warning] [omni.isaac.lab.envs.direct_rl_env] The render interval (5) is smaller than the decimation (20). Multiple multiple render calls will happen for each environment step.If this is not intended, set the render interval to be equal to the decimation.
Warp 1.2.1 initialized:
   CUDA Toolkit 11.8, Driver 12.9
   Devices:
     "cpu"      : "CPU"
     "cuda:0"   : "NVIDIA A100-SXM4-40GB" (39 GiB, sm_80, mempool enabled)
   Kernel cache:
     /home/sargapav/.cache/warp/1.2.1
[INFO]: Base environment:
	Environment device    : cuda:0
	Environment seed      : None
	Physics step-size     : 0.005
	Rendering step-size   : 0.025
	Environment step-size : 0.1
[INFO]: Time taken for scene creation : 0.851190 seconds
[INFO]: Scene manager:  <class InteractiveScene>
	Number of environments: 512
	Environment spacing   : 0.0
	Source prim name      : /World/envs/env_0
	Global prim paths     : ['/World/terrain']
	Replicate physics     : True
[INFO]: Starting the simulation. This may take a few seconds. Please wait...
[INFO]: Time taken for simulation start : 10.338512 seconds
[INFO]: Completed setting up the environment...
2026-08-25 18:07:50,951 [RunLogger][[92mINFO[00m]: RunLogger initialized for run train_ctrac_11400127_attempt_2 at /ws/logs/train_ctrac_11400127/attempt_2 (logutils.py:105)
2026-08-25 18:07:58,470 [ftr_sac_train][[92mINFO[00m]: Seed: 42 (train_sac.py:223)
2026-08-25 18:07:58,656 [ftr_sac_train][[92mINFO[00m]: Found training checkpoint: /ws/logs/train_ctrac_11400127/attempt_1/weights/training_state.pth (train_sac.py:398)
2026-08-25 18:07:58,849 [ftr_sac_train][[93mWARNING[00m]: Resumed from training checkpoint: iteration=304, total_collected_frames=19988480. Note that collected_frames and the policy_step_<frames> names are CUMULATIVE across attempts from here on. (train_sac.py:387)
2026-08-25 18:07:59,445 [ftr_sac_train][[92mINFO[00m]: Initialized FtrSACTrainer. (train_sac.py:350)
2026-08-25 18:07:59,445 [ftr_sac_train][[92mINFO[00m]: Iteration size: 65536, batch_size: 256, updates/iter: 32 (train_sac.py:579)
2026-08-25 16:07:58 [35,208ms] [Warning] [ftr_sac_train] Resumed from training checkpoint: iteration=304, total_collected_frames=19988480. Note that collected_frames and the policy_step_<frames> names are CUMULATIVE across attempts from here on.
########################################################################
Python script finished with exit status: 75
########################################################################
Attempt collected 1572864 frames (job total: 21561344 / 52428800).
Exit code 75 detected (CUDA/W&B error). Respawning (attempt 4)...
########################################################################
Starting ctrac training (respawn #3 — 21561344/52428800 frames done, 30867456 to go)...
########################################################################
[Warning] [omni.isaac.kit.simulation_app] Modules: ['omni.kit_app'] were loaded before SimulationApp was started and might not be loaded correctly.
[Warning] [omni.isaac.kit.simulation_app] Please check to make sure no extra omniverse or pxr modules are imported before the call to SimulationApp(...)
[Info] [carb] Logging to file: /opt/conda/envs/isaaclab/lib/python3.10/site-packages/omni/logs/Kit/Isaac-Sim/4.2/kit_20260825_185408.log
2026-08-25 16:54:08 [0ms] [Warning] [omni.kit.app.plugin] No crash reporter present, dumps uploading isn't available.
2026-08-25 16:54:08 [5ms] [Warning] [omni.ext.plugin] [ext: containers] Extensions config 'extension.toml' doesn't exist '/home/sargapav/robot_rodeo_gym_ws/containers' or '/home/sargapav/robot_rodeo_gym_ws/containers/config'
2026-08-25 16:54:08 [5ms] [Warning] [omni.ext.plugin] [ext: src] Extensions config 'extension.toml' doesn't exist '/home/sargapav/robot_rodeo_gym_ws/src' or '/home/sargapav/robot_rodeo_gym_ws/src/config'
2026-08-25 16:54:08 [6ms] [Warning] [omni.ext.plugin] [ext: experiments] Extensions config 'extension.toml' doesn't exist '/home/sargapav/robot_rodeo_gym_ws/experiments' or '/home/sargapav/robot_rodeo_gym_ws/experiments/config'
2026-08-25 16:54:08 [6ms] [Warning] [omni.ext.plugin] [ext: optuna] Extensions config 'extension.toml' doesn't exist '/home/sargapav/robot_rodeo_gym_ws/optuna' or '/home/sargapav/robot_rodeo_gym_ws/optuna/config'
2026-08-25 16:54:08 [6ms] [Warning] [omni.ext.plugin] [ext: notebooks] Extensions config 'extension.toml' doesn't exist '/home/sargapav/robot_rodeo_gym_ws/notebooks' or '/home/sargapav/robot_rodeo_gym_ws/notebooks/config'
2026-08-25 16:54:08 [6ms] [Warning] [omni.ext.plugin] [ext: runs] Extensions config 'extension.toml' doesn't exist '/home/sargapav/robot_rodeo_gym_ws/runs' or '/home/sargapav/robot_rodeo_gym_ws/runs/config'
2026-08-25 16:54:08 [6ms] [Warning] [omni.ext.plugin] [ext: wandb] Extensions config 'extension.toml' doesn't exist '/home/sargapav/robot_rodeo_gym_ws/wandb' or '/home/sargapav/robot_rodeo_gym_ws/wandb/config'
2026-08-25 16:54:08 [6ms] [Warning] [omni.ext.plugin] [ext: logs] Extensions config 'extension.toml' doesn't exist '/home/sargapav/robot_rodeo_gym_ws/logs' or '/home/sargapav/robot_rodeo_gym_ws/logs/config'
2026-08-25 16:54:08 [6ms] [Warning] [omni.ext.plugin] [ext: configs] Extensions config 'extension.toml' doesn't exist '/home/sargapav/robot_rodeo_gym_ws/configs' or '/home/sargapav/robot_rodeo_gym_ws/configs/config'
2026-08-25 16:54:08 [6ms] [Warning] [omni.ext.plugin] [ext: scripts] Extensions config 'extension.toml' doesn't exist '/home/sargapav/robot_rodeo_gym_ws/scripts' or '/home/sargapav/robot_rodeo_gym_ws/scripts/config'
2026-08-25 16:54:08 [6ms] [Warning] [omni.ext.plugin] [ext: slurm] Extensions config 'extension.toml' doesn't exist '/home/sargapav/robot_rodeo_gym_ws/slurm' or '/home/sargapav/robot_rodeo_gym_ws/slurm/config'
2026-08-25 16:54:08 [6ms] [Warning] [omni.ext.plugin] [ext: secrets] Extensions config 'extension.toml' doesn't exist '/home/sargapav/robot_rodeo_gym_ws/secrets' or '/home/sargapav/robot_rodeo_gym_ws/secrets/config'
[0.346s] [ext: omni.kit.async_engine-0.0.1] startup
[0.721s] [ext: omni.stats-1.0.1] startup
[0.729s] [ext: omni.client-1.2.0] startup
[0.902s] [ext: omni.gpu_foundation.shadercache.vulkan-1.0.0] startup
[0.909s] [ext: omni.assets.plugins-0.0.0] startup
[0.929s] [ext: omni.gpu_foundation-0.0.0] startup
[1.106s] [ext: omni.kit.pipapi-0.0.0] startup
[1.107s] [ext: omni.materialx.libs-1.0.4] startup
[1.139s] [ext: omni.kit.pip_archive-0.0.0] startup
[1.140s] [ext: omni.usd.config-1.0.4] startup
[1.154s] [ext: omni.gpucompute.plugins-0.0.0] startup
[1.158s] [ext: omni.usd.libs-1.0.1] startup
[1.636s] [ext: omni.kit.telemetry-0.5.0] startup
[1.696s] [ext: omni.usd.schema.semantics-0.0.0] startup
[1.933s] [ext: omni.usd.schema.audio-0.0.0] startup
[1.968s] [ext: omni.usd.schema.physx-106.1.9] startup
[2.067s] [ext: carb.audio-0.1.0] startup
[2.110s] [ext: omni.kvdb-106.1.9] startup
[2.118s] [ext: omni.timeline-1.0.10] startup
[2.126s] [ext: omni.kit.actions.core-1.0.0] startup
[2.135s] [ext: omni.kit.audiodeviceenum-1.0.1] startup
[2.141s] [ext: omni.localcache-106.1.9] startup
[2.145s] [ext: omni.usd_resolver-1.0.0] startup
[2.162s] [ext: omni.kit.commands-1.4.9] startup
[2.173s] [ext: omni.graph.exec-0.9.4] startup
[2.176s] [ext: omni.usd.core-1.4.1] startup
[2.190s] [ext: omni.kit.usd_undo-0.1.8] startup
[2.191s] [ext: omni.kit.exec.core-0.13.4] startup
[2.200s] [ext: omni.convexdecomposition-106.1.9] startup
[2.212s] [ext: omni.usd-1.12.2] startup
[2.292s] [ext: omni.usdphysics-106.1.9] startup
[2.296s] [ext: omni.physx.foundation-106.1.9] startup
[2.313s] [ext: omni.kit.usd.layers-2.1.36] startup
[2.337s] [ext: omni.physx.cooking-106.1.9] startup
[2.356s] [ext: omni.blobkey-1.1.2] startup
[2.361s] [ext: omni.datastore-0.0.0] startup
[2.434s] [ext: omni.ujitso.default-1.0.0] startup
[2.444s] [ext: omni.hsscclient-1.1.1] startup
[2.460s] [ext: omni.kit.primitive.mesh-1.0.17] startup
[2.466s] [ext: usdrt.scenegraph-7.5.0] startup
[2.596s] [ext: omni.warp.core-1.2.1] startup
[2.722s] [ext: omni.physx-106.1.9] startup
[2.781s] [ext: omni.kit.stage_template.core-1.1.22] startup
[2.783s] [ext: omni.physx.stageupdate-106.1.9] startup
[2.790s] [ext: omni.kit.stage_templates-1.2.5] startup
[2.793s] [ext: omni.physics.tensors-106.1.9] startup
[2.806s] [ext: omni.isaac.version-1.1.0] startup
[2.808s] [ext: omni.physx.tensors-106.1.9] startup
[3.447s] [ext: omni.isaac.nucleus-0.3.1] startup
[3.449s] [ext: omni.kit.loop-isaac-1.2.0] startup
[3.454s] [ext: omni.isaac.core-3.19.5] startup
2026-08-25 16:54:13 [4,923ms] [Warning] [omni.platforminfo.plugin] failed to open the default display.  Can't verify X Server version.
2026-08-25 16:54:13 [4,925ms] [Warning] [omni.platforminfo.plugin] failed to load XRAndR.
[7.363s] [ext: omni.physx.fabric-106.1.9] startup
[7.380s] [ext: omni.isaac.kit-1.13.2] startup
[7.380s] [ext: omni.isaac.cloner-0.8.1] startup
[7.382s] [ext: isaaclab.python.headless-1.2.0] startup
[7.384s] Simulation App Starting
2026-08-25 16:54:16 [7,327ms] [Warning] [gpu.foundation.plugin] [ShaderCache]: Creating driver shaderCache directory failed: /opt/conda/envs/isaaclab/lib/python3.10/site-packages/omni/cache/nv_shadercache

|---------------------------------------------------------------------------------------------|
| Driver Version: 0             | Graphics API: Vulkan
|=============================================================================================|
| GPU | Name                             | Active | LDA | GPU Memory | Vendor-ID | LUID       |
|     |                                  |        |     |            | Device-ID | UUID       |
|     |                                  |        |     |            | Bus-ID    |            |
|=============================================================================================|
| OS: 13 (trixie) debian, Version: 13.32506.4160919408, Kernel: 4.18.0-553.51.1.el8_10.x86_64
| Processor: AMD EPYC 7763 64-Core Processor | Cores: 128 | Logical: 256
|---------------------------------------------------------------------------------------------|
| Total Memory (MB): 1031842 | Free Memory: 755118
| Total Page/Swap (MB): 0 | Free Page/Swap: 0
|---------------------------------------------------------------------------------------------|
2026-08-25 16:54:16 [8,130ms] [Warning] [omni.physx.foundation.plugin] PhysXFoundation: Couldn't get driver version, failed to getDeviceInfo
2026-08-25 16:54:16 [8,130ms] [Warning] [omni.physx.foundation.plugin] PhysXFoundation: Unable to get IGpuFoundation, GpuDevices or Graphics!
2026-08-25 16:54:16 [8,130ms] [Warning] [carb.cudainterop.plugin] CUDA_VISIBLE_DEVICES environment variable is set.
2026-08-25 16:54:16 [8,130ms] [Warning] [carb.cudainterop.plugin] Note CUDA device enumeration and Omniverse device enumeration are different.
2026-08-25 16:54:16 [8,130ms] [Warning] [carb.cudainterop.plugin] Setting CUDA_VISIBLE_DEVICES can lead to undesired behavior or crashes.
[9.351s] app ready
[INFO][AppLauncher]: Loading experience file: /opt/IsaacLab/source/extensions/omni.isaac.lab/omni/isaac/lab/app/../../../../../../apps/isaaclab.python.headless.kit
Starting kit application with the following args:  ['/opt/conda/envs/isaaclab/lib/python3.10/site-packages/isaacsim/exts/omni.isaac.kit/omni/isaac/kit/simulation_app.py', '/opt/IsaacLab/source/extensions/omni.isaac.lab/omni/isaac/lab/app/../../../../../../apps/isaaclab.python.headless.kit', '--/app/tokens/exe-path=/opt/conda/envs/isaaclab/lib/python3.10/site-packages/omni', '--/persistent/app/viewport/displayOptions=3094', '--/rtx/materialDb/syncLoads=True', '--/rtx/hydra/materialSyncLoads=True', '--/omni.kit.plugin/syncUsdLoads=True', '--/app/renderer/resolution/width=1280', '--/app/renderer/resolution/height=720', '--/app/window/width=1440', '--/app/window/height=900', '--/renderer/multiGpu/enabled=True', '--/app/fastShutdown=True', '--ext-folder', '/opt/conda/envs/isaaclab/lib/python3.10/site-packages/isaacsim/exts', '--ext-folder', '/opt/conda/envs/isaaclab/lib/python3.10/site-packages/isaacsim/apps', '--/renderer/activeGpu=0', '--/physics/cudaDevice=0', '--portable', '--no-window', '--/app/window/hideUi=True']
Passing the following args to the base kit application:  ['--config', '/ws/configs/baselines/marv_config_ctrac.yaml', '--headless', 'total_frames=30867456', 'scheduler_opts.total_iters=800']
[INFO] Respawn detected — loading config from previous attempt: /ws/logs/train_ctrac_11400127/attempt_2/config.yaml
[9.518s] Simulation App Startup Complete
2026-08-25 16:54:22 [14,235ms] [Warning] [pxr.Semantics] pxr.Semantics is deprecated - please use Semantics instead
2026-08-25 16:54:25 [16,590ms] [Warning] [omni.isaac.lab.envs.direct_rl_env] Seed not set for the environment. The environment creation may not be deterministic.
2026-08-25 16:54:25 [16,635ms] [Warning] [omni.isaac.lab.envs.direct_rl_env] The render interval (5) is smaller than the decimation (20). Multiple multiple render calls will happen for each environment step.If this is not intended, set the render interval to be equal to the decimation.
Warp 1.2.1 initialized:
   CUDA Toolkit 11.8, Driver 12.9
   Devices:
     "cpu"      : "CPU"
     "cuda:0"   : "NVIDIA A100-SXM4-40GB" (39 GiB, sm_80, mempool enabled)
   Kernel cache:
     /home/sargapav/.cache/warp/1.2.1
[INFO]: Base environment:
	Environment device    : cuda:0
	Environment seed      : None
	Physics step-size     : 0.005
	Rendering step-size   : 0.025
	Environment step-size : 0.1
[INFO]: Time taken for scene creation : 0.794917 seconds
[INFO]: Scene manager:  <class InteractiveScene>
	Number of environments: 512
	Environment spacing   : 0.0
	Source prim name      : /World/envs/env_0
	Global prim paths     : ['/World/terrain']
	Replicate physics     : True
[INFO]: Starting the simulation. This may take a few seconds. Please wait...
[INFO]: Time taken for simulation start : 10.134726 seconds
[INFO]: Completed setting up the environment...
2026-08-25 18:54:36,430 [RunLogger][[92mINFO[00m]: RunLogger initialized for run train_ctrac_11400127_attempt_3 at /ws/logs/train_ctrac_11400127/attempt_3 (logutils.py:105)
2026-08-25 18:54:44,599 [ftr_sac_train][[92mINFO[00m]: Seed: 42 (train_sac.py:223)
2026-08-25 18:54:44,829 [ftr_sac_train][[92mINFO[00m]: Found training checkpoint: /ws/logs/train_ctrac_11400127/attempt_2/weights/training_state.pth (train_sac.py:398)
2026-08-25 18:54:45,068 [ftr_sac_train][[93mWARNING[00m]: Resumed from training checkpoint: iteration=328, total_collected_frames=21561344. Note that collected_frames and the policy_step_<frames> names are CUMULATIVE across attempts from here on. (train_sac.py:387)
2026-08-25 18:54:45,742 [ftr_sac_train][[92mINFO[00m]: Initialized FtrSACTrainer. (train_sac.py:350)
2026-08-25 18:54:45,742 [ftr_sac_train][[92mINFO[00m]: Iteration size: 65536, batch_size: 256, updates/iter: 32 (train_sac.py:579)
2026-08-25 16:54:45 [36,308ms] [Warning] [ftr_sac_train] Resumed from training checkpoint: iteration=328, total_collected_frames=21561344. Note that collected_frames and the policy_step_<frames> names are CUMULATIVE across attempts from here on.
2026-08-25 19:24:10,843 [ftr_sac_train][[91mERROR[00m]: Training failed: CUDA error: an illegal memory access was encountered
CUDA kernel errors might be asynchronously reported at some other API call, so the stacktrace below might be incorrect.
For debugging consider passing CUDA_LAUNCH_BLOCKING=1
Compile with `TORCH_USE_CUDA_DSA` to enable device-side assertions.
 (train_sac.py:467)
########################################################################
Python script finished with exit status: 75
########################################################################
Attempt collected 524288 frames (job total: 22085632 / 52428800).
Exit code 75 detected (CUDA/W&B error). Respawning (attempt 5)...
########################################################################
Starting ctrac training (respawn #4 — 22085632/52428800 frames done, 30343168 to go)...
########################################################################
[Warning] [omni.isaac.kit.simulation_app] Modules: ['omni.kit_app'] were loaded before SimulationApp was started and might not be loaded correctly.
[Warning] [omni.isaac.kit.simulation_app] Please check to make sure no extra omniverse or pxr modules are imported before the call to SimulationApp(...)
[Info] [carb] Logging to file: /opt/conda/envs/isaaclab/lib/python3.10/site-packages/omni/logs/Kit/Isaac-Sim/4.2/kit_20260825_192426.log
2026-08-25 17:24:26 [0ms] [Warning] [omni.kit.app.plugin] No crash reporter present, dumps uploading isn't available.
2026-08-25 17:24:26 [6ms] [Warning] [omni.ext.plugin] [ext: containers] Extensions config 'extension.toml' doesn't exist '/home/sargapav/robot_rodeo_gym_ws/containers' or '/home/sargapav/robot_rodeo_gym_ws/containers/config'
2026-08-25 17:24:26 [6ms] [Warning] [omni.ext.plugin] [ext: src] Extensions config 'extension.toml' doesn't exist '/home/sargapav/robot_rodeo_gym_ws/src' or '/home/sargapav/robot_rodeo_gym_ws/src/config'
2026-08-25 17:24:26 [6ms] [Warning] [omni.ext.plugin] [ext: logs] Extensions config 'extension.toml' doesn't exist '/home/sargapav/robot_rodeo_gym_ws/logs' or '/home/sargapav/robot_rodeo_gym_ws/logs/config'
2026-08-25 17:24:26 [6ms] [Warning] [omni.ext.plugin] [ext: optuna] Extensions config 'extension.toml' doesn't exist '/home/sargapav/robot_rodeo_gym_ws/optuna' or '/home/sargapav/robot_rodeo_gym_ws/optuna/config'
2026-08-25 17:24:26 [6ms] [Warning] [omni.ext.plugin] [ext: experiments] Extensions config 'extension.toml' doesn't exist '/home/sargapav/robot_rodeo_gym_ws/experiments' or '/home/sargapav/robot_rodeo_gym_ws/experiments/config'
2026-08-25 17:24:26 [7ms] [Warning] [omni.ext.plugin] [ext: scripts] Extensions config 'extension.toml' doesn't exist '/home/sargapav/robot_rodeo_gym_ws/scripts' or '/home/sargapav/robot_rodeo_gym_ws/scripts/config'
2026-08-25 17:24:26 [7ms] [Warning] [omni.ext.plugin] [ext: runs] Extensions config 'extension.toml' doesn't exist '/home/sargapav/robot_rodeo_gym_ws/runs' or '/home/sargapav/robot_rodeo_gym_ws/runs/config'
2026-08-25 17:24:26 [7ms] [Warning] [omni.ext.plugin] [ext: wandb] Extensions config 'extension.toml' doesn't exist '/home/sargapav/robot_rodeo_gym_ws/wandb' or '/home/sargapav/robot_rodeo_gym_ws/wandb/config'
2026-08-25 17:24:26 [7ms] [Warning] [omni.ext.plugin] [ext: notebooks] Extensions config 'extension.toml' doesn't exist '/home/sargapav/robot_rodeo_gym_ws/notebooks' or '/home/sargapav/robot_rodeo_gym_ws/notebooks/config'
2026-08-25 17:24:26 [8ms] [Warning] [omni.ext.plugin] [ext: secrets] Extensions config 'extension.toml' doesn't exist '/home/sargapav/robot_rodeo_gym_ws/secrets' or '/home/sargapav/robot_rodeo_gym_ws/secrets/config'
2026-08-25 17:24:26 [8ms] [Warning] [omni.ext.plugin] [ext: slurm] Extensions config 'extension.toml' doesn't exist '/home/sargapav/robot_rodeo_gym_ws/slurm' or '/home/sargapav/robot_rodeo_gym_ws/slurm/config'
2026-08-25 17:24:26 [8ms] [Warning] [omni.ext.plugin] [ext: configs] Extensions config 'extension.toml' doesn't exist '/home/sargapav/robot_rodeo_gym_ws/configs' or '/home/sargapav/robot_rodeo_gym_ws/configs/config'
[0.333s] [ext: omni.kit.async_engine-0.0.1] startup
[0.702s] [ext: omni.stats-1.0.1] startup
[0.711s] [ext: omni.client-1.2.0] startup
[0.889s] [ext: omni.gpu_foundation.shadercache.vulkan-1.0.0] startup
[0.897s] [ext: omni.assets.plugins-0.0.0] startup
[0.916s] [ext: omni.gpu_foundation-0.0.0] startup
[1.091s] [ext: omni.kit.pipapi-0.0.0] startup
[1.092s] [ext: omni.materialx.libs-1.0.4] startup
[1.123s] [ext: omni.kit.pip_archive-0.0.0] startup
[1.124s] [ext: omni.usd.config-1.0.4] startup
[1.139s] [ext: omni.gpucompute.plugins-0.0.0] startup
[1.142s] [ext: omni.usd.libs-1.0.1] startup
[1.614s] [ext: omni.kit.telemetry-0.5.0] startup
[1.675s] [ext: omni.usd.schema.semantics-0.0.0] startup
[1.930s] [ext: omni.usd.schema.audio-0.0.0] startup
[1.966s] [ext: omni.usd.schema.physx-106.1.9] startup
[2.066s] [ext: carb.audio-0.1.0] startup
[2.107s] [ext: omni.kvdb-106.1.9] startup
[2.116s] [ext: omni.timeline-1.0.10] startup
[2.122s] [ext: omni.kit.actions.core-1.0.0] startup
[2.130s] [ext: omni.kit.audiodeviceenum-1.0.1] startup
[2.136s] [ext: omni.localcache-106.1.9] startup
[2.140s] [ext: omni.usd_resolver-1.0.0] startup
[2.150s] [ext: omni.kit.commands-1.4.9] startup
[2.161s] [ext: omni.graph.exec-0.9.4] startup
[2.164s] [ext: omni.usd.core-1.4.1] startup
[2.177s] [ext: omni.kit.usd_undo-0.1.8] startup
[2.178s] [ext: omni.kit.exec.core-0.13.4] startup
[2.187s] [ext: omni.convexdecomposition-106.1.9] startup
[2.198s] [ext: omni.usd-1.12.2] startup
[2.278s] [ext: omni.usdphysics-106.1.9] startup
[2.283s] [ext: omni.physx.foundation-106.1.9] startup
[2.300s] [ext: omni.kit.usd.layers-2.1.36] startup
[2.324s] [ext: omni.physx.cooking-106.1.9] startup
[2.343s] [ext: omni.blobkey-1.1.2] startup
[2.348s] [ext: omni.datastore-0.0.0] startup
[2.421s] [ext: omni.ujitso.default-1.0.0] startup
[2.432s] [ext: omni.hsscclient-1.1.1] startup
[2.447s] [ext: omni.kit.primitive.mesh-1.0.17] startup
[2.454s] [ext: usdrt.scenegraph-7.5.0] startup
[2.583s] [ext: omni.warp.core-1.2.1] startup
[2.713s] [ext: omni.physx-106.1.9] startup
[2.772s] [ext: omni.kit.stage_template.core-1.1.22] startup
[2.774s] [ext: omni.physx.stageupdate-106.1.9] startup
[2.781s] [ext: omni.kit.stage_templates-1.2.5] startup
[2.784s] [ext: omni.physics.tensors-106.1.9] startup
[2.797s] [ext: omni.isaac.version-1.1.0] startup
[2.798s] [ext: omni.physx.tensors-106.1.9] startup
[3.516s] [ext: omni.isaac.nucleus-0.3.1] startup
[3.518s] [ext: omni.kit.loop-isaac-1.2.0] startup
[3.522s] [ext: omni.isaac.core-3.19.5] startup
2026-08-25 17:24:30 [4,981ms] [Warning] [omni.platforminfo.plugin] failed to open the default display.  Can't verify X Server version.
2026-08-25 17:24:30 [4,983ms] [Warning] [omni.platforminfo.plugin] failed to load XRAndR.
[6.915s] [ext: omni.physx.fabric-106.1.9] startup
[6.932s] [ext: omni.isaac.kit-1.13.2] startup
[6.932s] [ext: omni.isaac.cloner-0.8.1] startup
[6.933s] [ext: isaaclab.python.headless-1.2.0] startup
[6.935s] Simulation App Starting
2026-08-25 17:24:32 [6,869ms] [Warning] [gpu.foundation.plugin] [ShaderCache]: Creating driver shaderCache directory failed: /opt/conda/envs/isaaclab/lib/python3.10/site-packages/omni/cache/nv_shadercache

|---------------------------------------------------------------------------------------------|
| Driver Version: 0             | Graphics API: Vulkan
|=============================================================================================|
| GPU | Name                             | Active | LDA | GPU Memory | Vendor-ID | LUID       |
|     |                                  |        |     |            | Device-ID | UUID       |
|     |                                  |        |     |            | Bus-ID    |            |
|=============================================================================================|
| OS: 13 (trixie) debian, Version: 13.00.3995069784, Kernel: 4.18.0-553.51.1.el8_10.x86_64
| Processor: AMD EPYC 7763 64-Core Processor | Cores: 128 | Logical: 256
|---------------------------------------------------------------------------------------------|
| Total Memory (MB): 1031842 | Free Memory: 806864
| Total Page/Swap (MB): 0 | Free Page/Swap: 0
|---------------------------------------------------------------------------------------------|
2026-08-25 17:24:33 [7,680ms] [Warning] [omni.physx.foundation.plugin] PhysXFoundation: Couldn't get driver version, failed to getDeviceInfo
2026-08-25 17:24:33 [7,680ms] [Warning] [omni.physx.foundation.plugin] PhysXFoundation: Unable to get IGpuFoundation, GpuDevices or Graphics!
2026-08-25 17:24:33 [7,680ms] [Warning] [carb.cudainterop.plugin] CUDA_VISIBLE_DEVICES environment variable is set.
2026-08-25 17:24:33 [7,680ms] [Warning] [carb.cudainterop.plugin] Note CUDA device enumeration and Omniverse device enumeration are different.
2026-08-25 17:24:33 [7,680ms] [Warning] [carb.cudainterop.plugin] Setting CUDA_VISIBLE_DEVICES can lead to undesired behavior or crashes.
[8.937s] app ready
[INFO][AppLauncher]: Loading experience file: /opt/IsaacLab/source/extensions/omni.isaac.lab/omni/isaac/lab/app/../../../../../../apps/isaaclab.python.headless.kit
Starting kit application with the following args:  ['/opt/conda/envs/isaaclab/lib/python3.10/site-packages/isaacsim/exts/omni.isaac.kit/omni/isaac/kit/simulation_app.py', '/opt/IsaacLab/source/extensions/omni.isaac.lab/omni/isaac/lab/app/../../../../../../apps/isaaclab.python.headless.kit', '--/app/tokens/exe-path=/opt/conda/envs/isaaclab/lib/python3.10/site-packages/omni', '--/persistent/app/viewport/displayOptions=3094', '--/rtx/materialDb/syncLoads=True', '--/rtx/hydra/materialSyncLoads=True', '--/omni.kit.plugin/syncUsdLoads=True', '--/app/renderer/resolution/width=1280', '--/app/renderer/resolution/height=720', '--/app/window/width=1440', '--/app/window/height=900', '--/renderer/multiGpu/enabled=True', '--/app/fastShutdown=True', '--ext-folder', '/opt/conda/envs/isaaclab/lib/python3.10/site-packages/isaacsim/exts', '--ext-folder', '/opt/conda/envs/isaaclab/lib/python3.10/site-packages/isaacsim/apps', '--/renderer/activeGpu=0', '--/physics/cudaDevice=0', '--portable', '--no-window', '--/app/window/hideUi=True']
Passing the following args to the base kit application:  ['--config', '/ws/configs/baselines/marv_config_ctrac.yaml', '--headless', 'total_frames=30343168', 'scheduler_opts.total_iters=800']
[INFO] Respawn detected — loading config from previous attempt: /ws/logs/train_ctrac_11400127/attempt_3/config.yaml
[9.100s] Simulation App Startup Complete
2026-08-25 17:24:39 [13,785ms] [Warning] [pxr.Semantics] pxr.Semantics is deprecated - please use Semantics instead
2026-08-25 17:24:42 [16,168ms] [Warning] [omni.isaac.lab.envs.direct_rl_env] Seed not set for the environment. The environment creation may not be deterministic.
2026-08-25 17:24:42 [16,214ms] [Warning] [omni.isaac.lab.envs.direct_rl_env] The render interval (5) is smaller than the decimation (20). Multiple multiple render calls will happen for each environment step.If this is not intended, set the render interval to be equal to the decimation.
Warp 1.2.1 initialized:
   CUDA Toolkit 11.8, Driver 12.9
   Devices:
     "cpu"      : "CPU"
     "cuda:0"   : "NVIDIA A100-SXM4-40GB" (39 GiB, sm_80, mempool enabled)
   Kernel cache:
     /home/sargapav/.cache/warp/1.2.1
[INFO]: Base environment:
	Environment device    : cuda:0
	Environment seed      : None
	Physics step-size     : 0.005
	Rendering step-size   : 0.025
	Environment step-size : 0.1
[INFO]: Time taken for scene creation : 0.831897 seconds
[INFO]: Scene manager:  <class InteractiveScene>
	Number of environments: 512
	Environment spacing   : 0.0
	Source prim name      : /World/envs/env_0
	Global prim paths     : ['/World/terrain']
	Replicate physics     : True
[INFO]: Starting the simulation. This may take a few seconds. Please wait...
[INFO]: Time taken for simulation start : 9.623682 seconds
[INFO]: Completed setting up the environment...
2026-08-25 19:24:52,746 [RunLogger][[92mINFO[00m]: RunLogger initialized for run train_ctrac_11400127_attempt_4 at /ws/logs/train_ctrac_11400127/attempt_4 (logutils.py:105)
2026-08-25 19:25:00,336 [ftr_sac_train][[92mINFO[00m]: Seed: 42 (train_sac.py:223)
2026-08-25 19:25:00,503 [ftr_sac_train][[92mINFO[00m]: Found training checkpoint: /ws/logs/train_ctrac_11400127/attempt_3/weights/training_state.pth (train_sac.py:398)
2026-08-25 19:25:00,688 [ftr_sac_train][[93mWARNING[00m]: Resumed from training checkpoint: iteration=336, total_collected_frames=22085632. Note that collected_frames and the policy_step_<frames> names are CUMULATIVE across attempts from here on. (train_sac.py:387)
2026-08-25 19:25:01,245 [ftr_sac_train][[92mINFO[00m]: Initialized FtrSACTrainer. (train_sac.py:350)
2026-08-25 19:25:01,246 [ftr_sac_train][[92mINFO[00m]: Iteration size: 65536, batch_size: 256, updates/iter: 32 (train_sac.py:579)
2026-08-25 17:25:00 [34,677ms] [Warning] [ftr_sac_train] Resumed from training checkpoint: iteration=336, total_collected_frames=22085632. Note that collected_frames and the policy_step_<frames> names are CUMULATIVE across attempts from here on.
2026-08-25 23:03:49,135 [ftr_sac_train][[91mERROR[00m]: Training failed: CUDA error: an illegal memory access was encountered
CUDA kernel errors might be asynchronously reported at some other API call, so the stacktrace below might be incorrect.
For debugging consider passing CUDA_LAUNCH_BLOCKING=1
Compile with `TORCH_USE_CUDA_DSA` to enable device-side assertions.
 (train_sac.py:467)
########################################################################
Python script finished with exit status: 75
########################################################################
Attempt collected 7340032 frames (job total: 29425664 / 52428800).
Exit code 75 detected (CUDA/W&B error). Respawning (attempt 6)...
########################################################################
Starting ctrac training (respawn #5 — 29425664/52428800 frames done, 23003136 to go)...
########################################################################
[Warning] [omni.isaac.kit.simulation_app] Modules: ['omni.kit_app'] were loaded before SimulationApp was started and might not be loaded correctly.
[Warning] [omni.isaac.kit.simulation_app] Please check to make sure no extra omniverse or pxr modules are imported before the call to SimulationApp(...)
[Info] [carb] Logging to file: /opt/conda/envs/isaaclab/lib/python3.10/site-packages/omni/logs/Kit/Isaac-Sim/4.2/kit_20260825_230404.log
2026-08-25 21:04:04 [0ms] [Warning] [omni.kit.app.plugin] No crash reporter present, dumps uploading isn't available.
2026-08-25 21:04:04 [5ms] [Warning] [omni.ext.plugin] [ext: src] Extensions config 'extension.toml' doesn't exist '/home/sargapav/robot_rodeo_gym_ws/src' or '/home/sargapav/robot_rodeo_gym_ws/src/config'
2026-08-25 21:04:04 [5ms] [Warning] [omni.ext.plugin] [ext: containers] Extensions config 'extension.toml' doesn't exist '/home/sargapav/robot_rodeo_gym_ws/containers' or '/home/sargapav/robot_rodeo_gym_ws/containers/config'
2026-08-25 21:04:04 [5ms] [Warning] [omni.ext.plugin] [ext: experiments] Extensions config 'extension.toml' doesn't exist '/home/sargapav/robot_rodeo_gym_ws/experiments' or '/home/sargapav/robot_rodeo_gym_ws/experiments/config'
2026-08-25 21:04:04 [5ms] [Warning] [omni.ext.plugin] [ext: configs] Extensions config 'extension.toml' doesn't exist '/home/sargapav/robot_rodeo_gym_ws/configs' or '/home/sargapav/robot_rodeo_gym_ws/configs/config'
2026-08-25 21:04:04 [5ms] [Warning] [omni.ext.plugin] [ext: optuna] Extensions config 'extension.toml' doesn't exist '/home/sargapav/robot_rodeo_gym_ws/optuna' or '/home/sargapav/robot_rodeo_gym_ws/optuna/config'
2026-08-25 21:04:04 [5ms] [Warning] [omni.ext.plugin] [ext: runs] Extensions config 'extension.toml' doesn't exist '/home/sargapav/robot_rodeo_gym_ws/runs' or '/home/sargapav/robot_rodeo_gym_ws/runs/config'
2026-08-25 21:04:04 [6ms] [Warning] [omni.ext.plugin] [ext: wandb] Extensions config 'extension.toml' doesn't exist '/home/sargapav/robot_rodeo_gym_ws/wandb' or '/home/sargapav/robot_rodeo_gym_ws/wandb/config'
2026-08-25 21:04:04 [6ms] [Warning] [omni.ext.plugin] [ext: scripts] Extensions config 'extension.toml' doesn't exist '/home/sargapav/robot_rodeo_gym_ws/scripts' or '/home/sargapav/robot_rodeo_gym_ws/scripts/config'
2026-08-25 21:04:04 [6ms] [Warning] [omni.ext.plugin] [ext: secrets] Extensions config 'extension.toml' doesn't exist '/home/sargapav/robot_rodeo_gym_ws/secrets' or '/home/sargapav/robot_rodeo_gym_ws/secrets/config'
2026-08-25 21:04:04 [6ms] [Warning] [omni.ext.plugin] [ext: logs] Extensions config 'extension.toml' doesn't exist '/home/sargapav/robot_rodeo_gym_ws/logs' or '/home/sargapav/robot_rodeo_gym_ws/logs/config'
2026-08-25 21:04:04 [6ms] [Warning] [omni.ext.plugin] [ext: slurm] Extensions config 'extension.toml' doesn't exist '/home/sargapav/robot_rodeo_gym_ws/slurm' or '/home/sargapav/robot_rodeo_gym_ws/slurm/config'
2026-08-25 21:04:04 [6ms] [Warning] [omni.ext.plugin] [ext: notebooks] Extensions config 'extension.toml' doesn't exist '/home/sargapav/robot_rodeo_gym_ws/notebooks' or '/home/sargapav/robot_rodeo_gym_ws/notebooks/config'
[0.413s] [ext: omni.kit.async_engine-0.0.1] startup
[0.809s] [ext: omni.stats-1.0.1] startup
[0.817s] [ext: omni.client-1.2.0] startup
[1.050s] [ext: omni.gpu_foundation.shadercache.vulkan-1.0.0] startup
[1.058s] [ext: omni.assets.plugins-0.0.0] startup
[1.078s] [ext: omni.gpu_foundation-0.0.0] startup
[1.274s] [ext: omni.kit.pipapi-0.0.0] startup
[1.276s] [ext: omni.materialx.libs-1.0.4] startup
[1.310s] [ext: omni.kit.pip_archive-0.0.0] startup
[1.311s] [ext: omni.usd.config-1.0.4] startup
[1.325s] [ext: omni.gpucompute.plugins-0.0.0] startup
[1.331s] [ext: omni.usd.libs-1.0.1] startup
[1.861s] [ext: omni.kit.telemetry-0.5.0] startup
[1.932s] [ext: omni.usd.schema.semantics-0.0.0] startup
[2.191s] [ext: omni.usd.schema.audio-0.0.0] startup
[2.230s] [ext: omni.usd.schema.physx-106.1.9] startup
[2.335s] [ext: carb.audio-0.1.0] startup
[2.379s] [ext: omni.kvdb-106.1.9] startup
[2.387s] [ext: omni.timeline-1.0.10] startup
[2.394s] [ext: omni.kit.actions.core-1.0.0] startup
[2.403s] [ext: omni.kit.audiodeviceenum-1.0.1] startup
[2.408s] [ext: omni.localcache-106.1.9] startup
[2.413s] [ext: omni.usd_resolver-1.0.0] startup
[2.424s] [ext: omni.kit.commands-1.4.9] startup
[2.434s] [ext: omni.graph.exec-0.9.4] startup
[2.437s] [ext: omni.usd.core-1.4.1] startup
[2.453s] [ext: omni.kit.usd_undo-0.1.8] startup
[2.454s] [ext: omni.kit.exec.core-0.13.4] startup
[2.464s] [ext: omni.convexdecomposition-106.1.9] startup
[2.475s] [ext: omni.usd-1.12.2] startup
[2.563s] [ext: omni.usdphysics-106.1.9] startup
[2.569s] [ext: omni.physx.foundation-106.1.9] startup
[2.585s] [ext: omni.kit.usd.layers-2.1.36] startup
[2.608s] [ext: omni.physx.cooking-106.1.9] startup
[2.627s] [ext: omni.blobkey-1.1.2] startup
[2.632s] [ext: omni.datastore-0.0.0] startup
[2.715s] [ext: omni.ujitso.default-1.0.0] startup
[2.725s] [ext: omni.hsscclient-1.1.1] startup
[2.741s] [ext: omni.kit.primitive.mesh-1.0.17] startup
[2.748s] [ext: usdrt.scenegraph-7.5.0] startup
[2.890s] [ext: omni.warp.core-1.2.1] startup
[3.019s] [ext: omni.physx-106.1.9] startup
[3.081s] [ext: omni.kit.stage_template.core-1.1.22] startup
[3.083s] [ext: omni.physx.stageupdate-106.1.9] startup
[3.089s] [ext: omni.kit.stage_templates-1.2.5] startup
[3.091s] [ext: omni.physics.tensors-106.1.9] startup
[3.103s] [ext: omni.isaac.version-1.1.0] startup
[3.104s] [ext: omni.physx.tensors-106.1.9] startup
[3.765s] [ext: omni.isaac.nucleus-0.3.1] startup
[3.767s] [ext: omni.kit.loop-isaac-1.2.0] startup
[3.771s] [ext: omni.isaac.core-3.19.5] startup
2026-08-25 21:04:10 [5,574ms] [Warning] [omni.platforminfo.plugin] failed to open the default display.  Can't verify X Server version.
2026-08-25 21:04:10 [5,576ms] [Warning] [omni.platforminfo.plugin] failed to load XRAndR.
[7.733s] [ext: omni.physx.fabric-106.1.9] startup
[7.753s] [ext: omni.isaac.kit-1.13.2] startup
[7.753s] [ext: omni.isaac.cloner-0.8.1] startup
[7.755s] [ext: isaaclab.python.headless-1.2.0] startup
[7.757s] Simulation App Starting
2026-08-25 21:04:12 [7,707ms] [Warning] [gpu.foundation.plugin] [ShaderCache]: Creating driver shaderCache directory failed: /opt/conda/envs/isaaclab/lib/python3.10/site-packages/omni/cache/nv_shadercache

|---------------------------------------------------------------------------------------------|
| Driver Version: 0             | Graphics API: Vulkan
|=============================================================================================|
| GPU | Name                             | Active | LDA | GPU Memory | Vendor-ID | LUID       |
|     |                                  |        |     |            | Device-ID | UUID       |
|     |                                  |        |     |            | Bus-ID    |            |
|=============================================================================================|
| OS: 13 (trixie) debian, Version: 13.00.0, Kernel: 4.18.0-553.51.1.el8_10.x86_64
| Processor: AMD EPYC 7763 64-Core Processor | Cores: 128 | Logical: 256
|---------------------------------------------------------------------------------------------|
| Total Memory (MB): 1031842 | Free Memory: 884387
| Total Page/Swap (MB): 0 | Free Page/Swap: 0
|---------------------------------------------------------------------------------------------|
2026-08-25 21:04:13 [8,628ms] [Warning] [omni.physx.foundation.plugin] PhysXFoundation: Couldn't get driver version, failed to getDeviceInfo
2026-08-25 21:04:13 [8,628ms] [Warning] [omni.physx.foundation.plugin] PhysXFoundation: Unable to get IGpuFoundation, GpuDevices or Graphics!
2026-08-25 21:04:13 [8,629ms] [Warning] [carb.cudainterop.plugin] CUDA_VISIBLE_DEVICES environment variable is set.
2026-08-25 21:04:13 [8,629ms] [Warning] [carb.cudainterop.plugin] Note CUDA device enumeration and Omniverse device enumeration are different.
2026-08-25 21:04:13 [8,629ms] [Warning] [carb.cudainterop.plugin] Setting CUDA_VISIBLE_DEVICES can lead to undesired behavior or crashes.
[10.068s] app ready
[INFO][AppLauncher]: Loading experience file: /opt/IsaacLab/source/extensions/omni.isaac.lab/omni/isaac/lab/app/../../../../../../apps/isaaclab.python.headless.kit
Starting kit application with the following args:  ['/opt/conda/envs/isaaclab/lib/python3.10/site-packages/isaacsim/exts/omni.isaac.kit/omni/isaac/kit/simulation_app.py', '/opt/IsaacLab/source/extensions/omni.isaac.lab/omni/isaac/lab/app/../../../../../../apps/isaaclab.python.headless.kit', '--/app/tokens/exe-path=/opt/conda/envs/isaaclab/lib/python3.10/site-packages/omni', '--/persistent/app/viewport/displayOptions=3094', '--/rtx/materialDb/syncLoads=True', '--/rtx/hydra/materialSyncLoads=True', '--/omni.kit.plugin/syncUsdLoads=True', '--/app/renderer/resolution/width=1280', '--/app/renderer/resolution/height=720', '--/app/window/width=1440', '--/app/window/height=900', '--/renderer/multiGpu/enabled=True', '--/app/fastShutdown=True', '--ext-folder', '/opt/conda/envs/isaaclab/lib/python3.10/site-packages/isaacsim/exts', '--ext-folder', '/opt/conda/envs/isaaclab/lib/python3.10/site-packages/isaacsim/apps', '--/renderer/activeGpu=0', '--/physics/cudaDevice=0', '--portable', '--no-window', '--/app/window/hideUi=True']
Passing the following args to the base kit application:  ['--config', '/ws/configs/baselines/marv_config_ctrac.yaml', '--headless', 'total_frames=23003136', 'scheduler_opts.total_iters=800']
[INFO] Respawn detected — loading config from previous attempt: /ws/logs/train_ctrac_11400127/attempt_4/config.yaml
[10.232s] Simulation App Startup Complete
2026-08-25 21:04:20 [15,268ms] [Warning] [pxr.Semantics] pxr.Semantics is deprecated - please use Semantics instead
2026-08-25 21:04:22 [17,839ms] [Warning] [omni.isaac.lab.envs.direct_rl_env] Seed not set for the environment. The environment creation may not be deterministic.
2026-08-25 21:04:22 [17,884ms] [Warning] [omni.isaac.lab.envs.direct_rl_env] The render interval (5) is smaller than the decimation (20). Multiple multiple render calls will happen for each environment step.If this is not intended, set the render interval to be equal to the decimation.
Warp 1.2.1 initialized:
   CUDA Toolkit 11.8, Driver 12.9
   Devices:
     "cpu"      : "CPU"
     "cuda:0"   : "NVIDIA A100-SXM4-40GB" (39 GiB, sm_80, mempool enabled)
   Kernel cache:
     /home/sargapav/.cache/warp/1.2.1
[INFO]: Base environment:
	Environment device    : cuda:0
	Environment seed      : None
	Physics step-size     : 0.005
	Rendering step-size   : 0.025
	Environment step-size : 0.1
[INFO]: Time taken for scene creation : 0.927408 seconds
[INFO]: Scene manager:  <class InteractiveScene>
	Number of environments: 512
	Environment spacing   : 0.0
	Source prim name      : /World/envs/env_0
	Global prim paths     : ['/World/terrain']
	Replicate physics     : True
[INFO]: Starting the simulation. This may take a few seconds. Please wait...
[INFO]: Time taken for simulation start : 9.476313 seconds
[INFO]: Completed setting up the environment...
2026-08-25 23:04:33,303 [RunLogger][[92mINFO[00m]: RunLogger initialized for run train_ctrac_11400127_attempt_5 at /ws/logs/train_ctrac_11400127/attempt_5 (logutils.py:105)
2026-08-25 23:04:40,970 [ftr_sac_train][[92mINFO[00m]: Seed: 42 (train_sac.py:223)
2026-08-25 23:04:41,162 [ftr_sac_train][[92mINFO[00m]: Found training checkpoint: /ws/logs/train_ctrac_11400127/attempt_4/weights/training_state.pth (train_sac.py:398)
2026-08-25 23:04:41,386 [ftr_sac_train][[93mWARNING[00m]: Resumed from training checkpoint: iteration=448, total_collected_frames=29425664. Note that collected_frames and the policy_step_<frames> names are CUMULATIVE across attempts from here on. (train_sac.py:387)
2026-08-25 23:04:42,126 [ftr_sac_train][[92mINFO[00m]: Initialized FtrSACTrainer. (train_sac.py:350)
2026-08-25 23:04:42,126 [ftr_sac_train][[92mINFO[00m]: Iteration size: 65536, batch_size: 256, updates/iter: 32 (train_sac.py:579)
2026-08-25 21:04:41 [36,435ms] [Warning] [ftr_sac_train] Resumed from training checkpoint: iteration=448, total_collected_frames=29425664. Note that collected_frames and the policy_step_<frames> names are CUMULATIVE across attempts from here on.
2026-08-25 23:31:18,507 [ftr_sac_train][[91mERROR[00m]: Training failed: CUDA error: an illegal memory access was encountered
CUDA kernel errors might be asynchronously reported at some other API call, so the stacktrace below might be incorrect.
For debugging consider passing CUDA_LAUNCH_BLOCKING=1
Compile with `TORCH_USE_CUDA_DSA` to enable device-side assertions.
 (train_sac.py:467)
########################################################################
Python script finished with exit status: 75
########################################################################
Attempt collected 524288 frames (job total: 29949952 / 52428800).
Exit code 75 detected (CUDA/W&B error). Respawning (attempt 7)...
########################################################################
Starting ctrac training (respawn #6 — 29949952/52428800 frames done, 22478848 to go)...
########################################################################
[Warning] [omni.isaac.kit.simulation_app] Modules: ['omni.kit_app'] were loaded before SimulationApp was started and might not be loaded correctly.
[Warning] [omni.isaac.kit.simulation_app] Please check to make sure no extra omniverse or pxr modules are imported before the call to SimulationApp(...)
[Info] [carb] Logging to file: /opt/conda/envs/isaaclab/lib/python3.10/site-packages/omni/logs/Kit/Isaac-Sim/4.2/kit_20260825_233133.log
2026-08-25 21:31:33 [0ms] [Warning] [omni.kit.app.plugin] No crash reporter present, dumps uploading isn't available.
2026-08-25 21:31:33 [5ms] [Warning] [omni.ext.plugin] [ext: containers] Extensions config 'extension.toml' doesn't exist '/home/sargapav/robot_rodeo_gym_ws/containers' or '/home/sargapav/robot_rodeo_gym_ws/containers/config'
2026-08-25 21:31:33 [5ms] [Warning] [omni.ext.plugin] [ext: src] Extensions config 'extension.toml' doesn't exist '/home/sargapav/robot_rodeo_gym_ws/src' or '/home/sargapav/robot_rodeo_gym_ws/src/config'
2026-08-25 21:31:33 [5ms] [Warning] [omni.ext.plugin] [ext: experiments] Extensions config 'extension.toml' doesn't exist '/home/sargapav/robot_rodeo_gym_ws/experiments' or '/home/sargapav/robot_rodeo_gym_ws/experiments/config'
2026-08-25 21:31:33 [5ms] [Warning] [omni.ext.plugin] [ext: wandb] Extensions config 'extension.toml' doesn't exist '/home/sargapav/robot_rodeo_gym_ws/wandb' or '/home/sargapav/robot_rodeo_gym_ws/wandb/config'
2026-08-25 21:31:33 [6ms] [Warning] [omni.ext.plugin] [ext: logs] Extensions config 'extension.toml' doesn't exist '/home/sargapav/robot_rodeo_gym_ws/logs' or '/home/sargapav/robot_rodeo_gym_ws/logs/config'
2026-08-25 21:31:33 [6ms] [Warning] [omni.ext.plugin] [ext: notebooks] Extensions config 'extension.toml' doesn't exist '/home/sargapav/robot_rodeo_gym_ws/notebooks' or '/home/sargapav/robot_rodeo_gym_ws/notebooks/config'
2026-08-25 21:31:33 [6ms] [Warning] [omni.ext.plugin] [ext: secrets] Extensions config 'extension.toml' doesn't exist '/home/sargapav/robot_rodeo_gym_ws/secrets' or '/home/sargapav/robot_rodeo_gym_ws/secrets/config'
2026-08-25 21:31:33 [6ms] [Warning] [omni.ext.plugin] [ext: scripts] Extensions config 'extension.toml' doesn't exist '/home/sargapav/robot_rodeo_gym_ws/scripts' or '/home/sargapav/robot_rodeo_gym_ws/scripts/config'
2026-08-25 21:31:33 [6ms] [Warning] [omni.ext.plugin] [ext: optuna] Extensions config 'extension.toml' doesn't exist '/home/sargapav/robot_rodeo_gym_ws/optuna' or '/home/sargapav/robot_rodeo_gym_ws/optuna/config'
2026-08-25 21:31:33 [6ms] [Warning] [omni.ext.plugin] [ext: slurm] Extensions config 'extension.toml' doesn't exist '/home/sargapav/robot_rodeo_gym_ws/slurm' or '/home/sargapav/robot_rodeo_gym_ws/slurm/config'
2026-08-25 21:31:33 [7ms] [Warning] [omni.ext.plugin] [ext: configs] Extensions config 'extension.toml' doesn't exist '/home/sargapav/robot_rodeo_gym_ws/configs' or '/home/sargapav/robot_rodeo_gym_ws/configs/config'
2026-08-25 21:31:33 [7ms] [Warning] [omni.ext.plugin] [ext: runs] Extensions config 'extension.toml' doesn't exist '/home/sargapav/robot_rodeo_gym_ws/runs' or '/home/sargapav/robot_rodeo_gym_ws/runs/config'
[0.387s] [ext: omni.kit.async_engine-0.0.1] startup
[0.771s] [ext: omni.stats-1.0.1] startup
[0.780s] [ext: omni.client-1.2.0] startup
[0.999s] [ext: omni.gpu_foundation.shadercache.vulkan-1.0.0] startup
[1.007s] [ext: omni.assets.plugins-0.0.0] startup
[1.029s] [ext: omni.gpu_foundation-0.0.0] startup
[1.219s] [ext: omni.kit.pipapi-0.0.0] startup
[1.220s] [ext: omni.materialx.libs-1.0.4] startup
[1.255s] [ext: omni.kit.pip_archive-0.0.0] startup
[1.256s] [ext: omni.usd.config-1.0.4] startup
[1.271s] [ext: omni.gpucompute.plugins-0.0.0] startup
[1.275s] [ext: omni.usd.libs-1.0.1] startup
[1.814s] [ext: omni.kit.telemetry-0.5.0] startup
[1.876s] [ext: omni.usd.schema.semantics-0.0.0] startup
[2.168s] [ext: omni.usd.schema.audio-0.0.0] startup
[2.208s] [ext: omni.usd.schema.physx-106.1.9] startup
[2.310s] [ext: carb.audio-0.1.0] startup
[2.352s] [ext: omni.kvdb-106.1.9] startup
[2.361s] [ext: omni.timeline-1.0.10] startup
[2.368s] [ext: omni.kit.actions.core-1.0.0] startup
[2.378s] [ext: omni.kit.audiodeviceenum-1.0.1] startup
[2.384s] [ext: omni.localcache-106.1.9] startup
[2.389s] [ext: omni.usd_resolver-1.0.0] startup
[2.399s] [ext: omni.kit.commands-1.4.9] startup
[2.410s] [ext: omni.graph.exec-0.9.4] startup
[2.413s] [ext: omni.usd.core-1.4.1] startup
[2.428s] [ext: omni.kit.usd_undo-0.1.8] startup
[2.429s] [ext: omni.kit.exec.core-0.13.4] startup
[2.439s] [ext: omni.convexdecomposition-106.1.9] startup
[2.451s] [ext: omni.usd-1.12.2] startup
[2.535s] [ext: omni.usdphysics-106.1.9] startup
[2.539s] [ext: omni.physx.foundation-106.1.9] startup
[2.558s] [ext: omni.kit.usd.layers-2.1.36] startup
[2.583s] [ext: omni.physx.cooking-106.1.9] startup
[2.603s] [ext: omni.blobkey-1.1.2] startup
[2.608s] [ext: omni.datastore-0.0.0] startup
[2.693s] [ext: omni.ujitso.default-1.0.0] startup
[2.705s] [ext: omni.hsscclient-1.1.1] startup
[2.721s] [ext: omni.kit.primitive.mesh-1.0.17] startup
[2.727s] [ext: usdrt.scenegraph-7.5.0] startup
[2.862s] [ext: omni.warp.core-1.2.1] startup
[2.990s] [ext: omni.physx-106.1.9] startup
[3.053s] [ext: omni.kit.stage_template.core-1.1.22] startup
[3.056s] [ext: omni.physx.stageupdate-106.1.9] startup
[3.063s] [ext: omni.kit.stage_templates-1.2.5] startup
[3.065s] [ext: omni.physics.tensors-106.1.9] startup
[3.078s] [ext: omni.isaac.version-1.1.0] startup
[3.080s] [ext: omni.physx.tensors-106.1.9] startup
[3.734s] [ext: omni.isaac.nucleus-0.3.1] startup
[3.736s] [ext: omni.kit.loop-isaac-1.2.0] startup
[3.741s] [ext: omni.isaac.core-3.19.5] startup
2026-08-25 21:31:39 [5,470ms] [Warning] [omni.platforminfo.plugin] failed to open the default display.  Can't verify X Server version.
2026-08-25 21:31:39 [5,472ms] [Warning] [omni.platforminfo.plugin] failed to load XRAndR.
[7.624s] [ext: omni.physx.fabric-106.1.9] startup
[7.655s] [ext: omni.isaac.kit-1.13.2] startup
[7.655s] [ext: omni.isaac.cloner-0.8.1] startup
[7.656s] [ext: isaaclab.python.headless-1.2.0] startup
[7.658s] Simulation App Starting
2026-08-25 21:31:41 [7,587ms] [Warning] [gpu.foundation.plugin] [ShaderCache]: Creating driver shaderCache directory failed: /opt/conda/envs/isaaclab/lib/python3.10/site-packages/omni/cache/nv_shadercache

|---------------------------------------------------------------------------------------------|
| Driver Version: 0             | Graphics API: Vulkan
|=============================================================================================|
| GPU | Name                             | Active | LDA | GPU Memory | Vendor-ID | LUID       |
|     |                                  |        |     |            | Device-ID | UUID       |
|     |                                  |        |     |            | Bus-ID    |            |
|=============================================================================================|
| OS: 13 (trixie) debian, Version: 13.00.0, Kernel: 4.18.0-553.51.1.el8_10.x86_64
| Processor: AMD EPYC 7763 64-Core Processor | Cores: 128 | Logical: 256
|---------------------------------------------------------------------------------------------|
| Total Memory (MB): 1031842 | Free Memory: 890151
| Total Page/Swap (MB): 0 | Free Page/Swap: 0
|---------------------------------------------------------------------------------------------|
2026-08-25 21:31:42 [8,478ms] [Warning] [omni.physx.foundation.plugin] PhysXFoundation: Couldn't get driver version, failed to getDeviceInfo
2026-08-25 21:31:42 [8,478ms] [Warning] [omni.physx.foundation.plugin] PhysXFoundation: Unable to get IGpuFoundation, GpuDevices or Graphics!
2026-08-25 21:31:42 [8,479ms] [Warning] [carb.cudainterop.plugin] CUDA_VISIBLE_DEVICES environment variable is set.
2026-08-25 21:31:42 [8,479ms] [Warning] [carb.cudainterop.plugin] Note CUDA device enumeration and Omniverse device enumeration are different.
2026-08-25 21:31:42 [8,479ms] [Warning] [carb.cudainterop.plugin] Setting CUDA_VISIBLE_DEVICES can lead to undesired behavior or crashes.
[9.863s] app ready
[INFO][AppLauncher]: Loading experience file: /opt/IsaacLab/source/extensions/omni.isaac.lab/omni/isaac/lab/app/../../../../../../apps/isaaclab.python.headless.kit
Starting kit application with the following args:  ['/opt/conda/envs/isaaclab/lib/python3.10/site-packages/isaacsim/exts/omni.isaac.kit/omni/isaac/kit/simulation_app.py', '/opt/IsaacLab/source/extensions/omni.isaac.lab/omni/isaac/lab/app/../../../../../../apps/isaaclab.python.headless.kit', '--/app/tokens/exe-path=/opt/conda/envs/isaaclab/lib/python3.10/site-packages/omni', '--/persistent/app/viewport/displayOptions=3094', '--/rtx/materialDb/syncLoads=True', '--/rtx/hydra/materialSyncLoads=True', '--/omni.kit.plugin/syncUsdLoads=True', '--/app/renderer/resolution/width=1280', '--/app/renderer/resolution/height=720', '--/app/window/width=1440', '--/app/window/height=900', '--/renderer/multiGpu/enabled=True', '--/app/fastShutdown=True', '--ext-folder', '/opt/conda/envs/isaaclab/lib/python3.10/site-packages/isaacsim/exts', '--ext-folder', '/opt/conda/envs/isaaclab/lib/python3.10/site-packages/isaacsim/apps', '--/renderer/activeGpu=0', '--/physics/cudaDevice=0', '--portable', '--no-window', '--/app/window/hideUi=True']
Passing the following args to the base kit application:  ['--config', '/ws/configs/baselines/marv_config_ctrac.yaml', '--headless', 'total_frames=22478848', 'scheduler_opts.total_iters=800']
[INFO] Respawn detected — loading config from previous attempt: /ws/logs/train_ctrac_11400127/attempt_5/config.yaml
[10.028s] Simulation App Startup Complete
2026-08-25 21:31:49 [15,350ms] [Warning] [pxr.Semantics] pxr.Semantics is deprecated - please use Semantics instead
2026-08-25 21:31:51 [17,941ms] [Warning] [omni.isaac.lab.envs.direct_rl_env] Seed not set for the environment. The environment creation may not be deterministic.
2026-08-25 21:31:51 [17,983ms] [Warning] [omni.isaac.lab.envs.direct_rl_env] The render interval (5) is smaller than the decimation (20). Multiple multiple render calls will happen for each environment step.If this is not intended, set the render interval to be equal to the decimation.
Warp 1.2.1 initialized:
   CUDA Toolkit 11.8, Driver 12.9
   Devices:
     "cpu"      : "CPU"
     "cuda:0"   : "NVIDIA A100-SXM4-40GB" (39 GiB, sm_80, mempool enabled)
   Kernel cache:
     /home/sargapav/.cache/warp/1.2.1
[INFO]: Base environment:
	Environment device    : cuda:0
	Environment seed      : None
	Physics step-size     : 0.005
	Rendering step-size   : 0.025
	Environment step-size : 0.1
[INFO]: Time taken for scene creation : 0.829360 seconds
[INFO]: Scene manager:  <class InteractiveScene>
	Number of environments: 512
	Environment spacing   : 0.0
	Source prim name      : /World/envs/env_0
	Global prim paths     : ['/World/terrain']
	Replicate physics     : True
[INFO]: Starting the simulation. This may take a few seconds. Please wait...
[INFO]: Time taken for simulation start : 10.158243 seconds
[INFO]: Completed setting up the environment...
2026-08-25 23:32:02,799 [RunLogger][[92mINFO[00m]: RunLogger initialized for run train_ctrac_11400127_attempt_6 at /ws/logs/train_ctrac_11400127/attempt_6 (logutils.py:105)
2026-08-25 23:32:10,514 [ftr_sac_train][[92mINFO[00m]: Seed: 42 (train_sac.py:223)
2026-08-25 23:32:10,708 [ftr_sac_train][[92mINFO[00m]: Found training checkpoint: /ws/logs/train_ctrac_11400127/attempt_5/weights/training_state.pth (train_sac.py:398)
2026-08-25 23:32:11,012 [ftr_sac_train][[93mWARNING[00m]: Resumed from training checkpoint: iteration=456, total_collected_frames=29949952. Note that collected_frames and the policy_step_<frames> names are CUMULATIVE across attempts from here on. (train_sac.py:387)
2026-08-25 23:32:11,866 [ftr_sac_train][[92mINFO[00m]: Initialized FtrSACTrainer. (train_sac.py:350)
2026-08-25 23:32:11,866 [ftr_sac_train][[92mINFO[00m]: Iteration size: 65536, batch_size: 256, updates/iter: 32 (train_sac.py:579)
2026-08-25 21:32:11 [37,246ms] [Warning] [ftr_sac_train] Resumed from training checkpoint: iteration=456, total_collected_frames=29949952. Note that collected_frames and the policy_step_<frames> names are CUMULATIVE across attempts from here on.
2026-08-26 00:30:37,689 [ftr_sac_train][[91mERROR[00m]: Training failed: CUDA error: an illegal memory access was encountered
CUDA kernel errors might be asynchronously reported at some other API call, so the stacktrace below might be incorrect.
For debugging consider passing CUDA_LAUNCH_BLOCKING=1
Compile with `TORCH_USE_CUDA_DSA` to enable device-side assertions.
 (train_sac.py:467)
########################################################################
Python script finished with exit status: 75
########################################################################
Attempt collected 1572864 frames (job total: 31522816 / 52428800).
Exit code 75 detected (CUDA/W&B error). Respawning (attempt 8)...
########################################################################
Starting ctrac training (respawn #7 — 31522816/52428800 frames done, 20905984 to go)...
########################################################################
[Warning] [omni.isaac.kit.simulation_app] Modules: ['omni.kit_app'] were loaded before SimulationApp was started and might not be loaded correctly.
[Warning] [omni.isaac.kit.simulation_app] Please check to make sure no extra omniverse or pxr modules are imported before the call to SimulationApp(...)
[Info] [carb] Logging to file: /opt/conda/envs/isaaclab/lib/python3.10/site-packages/omni/logs/Kit/Isaac-Sim/4.2/kit_20260826_003053.log
2026-08-25 22:30:53 [0ms] [Warning] [omni.kit.app.plugin] No crash reporter present, dumps uploading isn't available.
2026-08-25 22:30:53 [6ms] [Warning] [omni.ext.plugin] [ext: containers] Extensions config 'extension.toml' doesn't exist '/home/sargapav/robot_rodeo_gym_ws/containers' or '/home/sargapav/robot_rodeo_gym_ws/containers/config'
2026-08-25 22:30:53 [6ms] [Warning] [omni.ext.plugin] [ext: src] Extensions config 'extension.toml' doesn't exist '/home/sargapav/robot_rodeo_gym_ws/src' or '/home/sargapav/robot_rodeo_gym_ws/src/config'
2026-08-25 22:30:53 [6ms] [Warning] [omni.ext.plugin] [ext: slurm] Extensions config 'extension.toml' doesn't exist '/home/sargapav/robot_rodeo_gym_ws/slurm' or '/home/sargapav/robot_rodeo_gym_ws/slurm/config'
2026-08-25 22:30:53 [7ms] [Warning] [omni.ext.plugin] [ext: runs] Extensions config 'extension.toml' doesn't exist '/home/sargapav/robot_rodeo_gym_ws/runs' or '/home/sargapav/robot_rodeo_gym_ws/runs/config'
2026-08-25 22:30:53 [7ms] [Warning] [omni.ext.plugin] [ext: optuna] Extensions config 'extension.toml' doesn't exist '/home/sargapav/robot_rodeo_gym_ws/optuna' or '/home/sargapav/robot_rodeo_gym_ws/optuna/config'
2026-08-25 22:30:53 [7ms] [Warning] [omni.ext.plugin] [ext: experiments] Extensions config 'extension.toml' doesn't exist '/home/sargapav/robot_rodeo_gym_ws/experiments' or '/home/sargapav/robot_rodeo_gym_ws/experiments/config'
2026-08-25 22:30:53 [7ms] [Warning] [omni.ext.plugin] [ext: secrets] Extensions config 'extension.toml' doesn't exist '/home/sargapav/robot_rodeo_gym_ws/secrets' or '/home/sargapav/robot_rodeo_gym_ws/secrets/config'
2026-08-25 22:30:53 [7ms] [Warning] [omni.ext.plugin] [ext: notebooks] Extensions config 'extension.toml' doesn't exist '/home/sargapav/robot_rodeo_gym_ws/notebooks' or '/home/sargapav/robot_rodeo_gym_ws/notebooks/config'
2026-08-25 22:30:53 [7ms] [Warning] [omni.ext.plugin] [ext: scripts] Extensions config 'extension.toml' doesn't exist '/home/sargapav/robot_rodeo_gym_ws/scripts' or '/home/sargapav/robot_rodeo_gym_ws/scripts/config'
2026-08-25 22:30:53 [7ms] [Warning] [omni.ext.plugin] [ext: configs] Extensions config 'extension.toml' doesn't exist '/home/sargapav/robot_rodeo_gym_ws/configs' or '/home/sargapav/robot_rodeo_gym_ws/configs/config'
2026-08-25 22:30:53 [7ms] [Warning] [omni.ext.plugin] [ext: wandb] Extensions config 'extension.toml' doesn't exist '/home/sargapav/robot_rodeo_gym_ws/wandb' or '/home/sargapav/robot_rodeo_gym_ws/wandb/config'
2026-08-25 22:30:53 [7ms] [Warning] [omni.ext.plugin] [ext: logs] Extensions config 'extension.toml' doesn't exist '/home/sargapav/robot_rodeo_gym_ws/logs' or '/home/sargapav/robot_rodeo_gym_ws/logs/config'
[0.413s] [ext: omni.kit.async_engine-0.0.1] startup
[0.837s] [ext: omni.stats-1.0.1] startup
[0.846s] [ext: omni.client-1.2.0] startup
[1.053s] [ext: omni.gpu_foundation.shadercache.vulkan-1.0.0] startup
[1.061s] [ext: omni.assets.plugins-0.0.0] startup
[1.090s] [ext: omni.gpu_foundation-0.0.0] startup
[1.296s] [ext: omni.kit.pipapi-0.0.0] startup
[1.298s] [ext: omni.materialx.libs-1.0.4] startup
[1.333s] [ext: omni.kit.pip_archive-0.0.0] startup
[1.334s] [ext: omni.usd.config-1.0.4] startup
[1.349s] [ext: omni.gpucompute.plugins-0.0.0] startup
[1.353s] [ext: omni.usd.libs-1.0.1] startup
[1.898s] [ext: omni.kit.telemetry-0.5.0] startup
[1.965s] [ext: omni.usd.schema.semantics-0.0.0] startup
[2.249s] [ext: omni.usd.schema.audio-0.0.0] startup
[2.298s] [ext: omni.usd.schema.physx-106.1.9] startup
[2.419s] [ext: carb.audio-0.1.0] startup
[2.466s] [ext: omni.kvdb-106.1.9] startup
[2.475s] [ext: omni.timeline-1.0.10] startup
[2.484s] [ext: omni.kit.actions.core-1.0.0] startup
[2.495s] [ext: omni.kit.audiodeviceenum-1.0.1] startup
[2.501s] [ext: omni.localcache-106.1.9] startup
[2.506s] [ext: omni.usd_resolver-1.0.0] startup
[2.518s] [ext: omni.kit.commands-1.4.9] startup
[2.530s] [ext: omni.graph.exec-0.9.4] startup
[2.534s] [ext: omni.usd.core-1.4.1] startup
[2.550s] [ext: omni.kit.usd_undo-0.1.8] startup
[2.551s] [ext: omni.kit.exec.core-0.13.4] startup
[2.562s] [ext: omni.convexdecomposition-106.1.9] startup
[2.576s] [ext: omni.usd-1.12.2] startup
[2.665s] [ext: omni.usdphysics-106.1.9] startup
[2.670s] [ext: omni.physx.foundation-106.1.9] startup
[2.690s] [ext: omni.kit.usd.layers-2.1.36] startup
[2.716s] [ext: omni.physx.cooking-106.1.9] startup
[2.736s] [ext: omni.blobkey-1.1.2] startup
[2.742s] [ext: omni.datastore-0.0.0] startup
[2.838s] [ext: omni.ujitso.default-1.0.0] startup
[2.853s] [ext: omni.hsscclient-1.1.1] startup
[2.871s] [ext: omni.kit.primitive.mesh-1.0.17] startup
[2.878s] [ext: usdrt.scenegraph-7.5.0] startup
[3.026s] [ext: omni.warp.core-1.2.1] startup
[3.158s] [ext: omni.physx-106.1.9] startup
[3.229s] [ext: omni.kit.stage_template.core-1.1.22] startup
[3.232s] [ext: omni.physx.stageupdate-106.1.9] startup
[3.239s] [ext: omni.kit.stage_templates-1.2.5] startup
[3.242s] [ext: omni.physics.tensors-106.1.9] startup
[3.256s] [ext: omni.isaac.version-1.1.0] startup
[3.258s] [ext: omni.physx.tensors-106.1.9] startup
[3.972s] [ext: omni.isaac.nucleus-0.3.1] startup
[3.974s] [ext: omni.kit.loop-isaac-1.2.0] startup
[3.979s] [ext: omni.isaac.core-3.19.5] startup
2026-08-25 22:30:58 [5,771ms] [Warning] [omni.platforminfo.plugin] failed to open the default display.  Can't verify X Server version.
2026-08-25 22:30:58 [5,772ms] [Warning] [omni.platforminfo.plugin] failed to load XRAndR.
[8.059s] [ext: omni.physx.fabric-106.1.9] startup
[8.079s] [ext: omni.isaac.kit-1.13.2] startup
[8.079s] [ext: omni.isaac.cloner-0.8.1] startup
[8.081s] [ext: isaaclab.python.headless-1.2.0] startup
[8.083s] Simulation App Starting
2026-08-25 22:31:01 [8,025ms] [Warning] [gpu.foundation.plugin] [ShaderCache]: Creating driver shaderCache directory failed: /opt/conda/envs/isaaclab/lib/python3.10/site-packages/omni/cache/nv_shadercache

|---------------------------------------------------------------------------------------------|
| Driver Version: 0             | Graphics API: Vulkan
|=============================================================================================|
| GPU | Name                             | Active | LDA | GPU Memory | Vendor-ID | LUID       |
|     |                                  |        |     |            | Device-ID | UUID       |
|     |                                  |        |     |            | Bus-ID    |            |
|=============================================================================================|
| OS: 13 (trixie) debian, Version: 13.00.0, Kernel: 4.18.0-553.51.1.el8_10.x86_64
| Processor: AMD EPYC 7763 64-Core Processor | Cores: 128 | Logical: 256
|---------------------------------------------------------------------------------------------|
| Total Memory (MB): 1031842 | Free Memory: 884588
| Total Page/Swap (MB): 0 | Free Page/Swap: 0
|---------------------------------------------------------------------------------------------|
2026-08-25 22:31:02 [9,025ms] [Warning] [omni.physx.foundation.plugin] PhysXFoundation: Couldn't get driver version, failed to getDeviceInfo
2026-08-25 22:31:02 [9,025ms] [Warning] [omni.physx.foundation.plugin] PhysXFoundation: Unable to get IGpuFoundation, GpuDevices or Graphics!
2026-08-25 22:31:02 [9,025ms] [Warning] [carb.cudainterop.plugin] CUDA_VISIBLE_DEVICES environment variable is set.
2026-08-25 22:31:02 [9,025ms] [Warning] [carb.cudainterop.plugin] Note CUDA device enumeration and Omniverse device enumeration are different.
2026-08-25 22:31:02 [9,025ms] [Warning] [carb.cudainterop.plugin] Setting CUDA_VISIBLE_DEVICES can lead to undesired behavior or crashes.
[10.700s] app ready
[INFO][AppLauncher]: Loading experience file: /opt/IsaacLab/source/extensions/omni.isaac.lab/omni/isaac/lab/app/../../../../../../apps/isaaclab.python.headless.kit
Starting kit application with the following args:  ['/opt/conda/envs/isaaclab/lib/python3.10/site-packages/isaacsim/exts/omni.isaac.kit/omni/isaac/kit/simulation_app.py', '/opt/IsaacLab/source/extensions/omni.isaac.lab/omni/isaac/lab/app/../../../../../../apps/isaaclab.python.headless.kit', '--/app/tokens/exe-path=/opt/conda/envs/isaaclab/lib/python3.10/site-packages/omni', '--/persistent/app/viewport/displayOptions=3094', '--/rtx/materialDb/syncLoads=True', '--/rtx/hydra/materialSyncLoads=True', '--/omni.kit.plugin/syncUsdLoads=True', '--/app/renderer/resolution/width=1280', '--/app/renderer/resolution/height=720', '--/app/window/width=1440', '--/app/window/height=900', '--/renderer/multiGpu/enabled=True', '--/app/fastShutdown=True', '--ext-folder', '/opt/conda/envs/isaaclab/lib/python3.10/site-packages/isaacsim/exts', '--ext-folder', '/opt/conda/envs/isaaclab/lib/python3.10/site-packages/isaacsim/apps', '--/renderer/activeGpu=0', '--/physics/cudaDevice=0', '--portable', '--no-window', '--/app/window/hideUi=True']
Passing the following args to the base kit application:  ['--config', '/ws/configs/baselines/marv_config_ctrac.yaml', '--headless', 'total_frames=20905984', 'scheduler_opts.total_iters=800']
[INFO] Respawn detected — loading config from previous attempt: /ws/logs/train_ctrac_11400127/attempt_6/config.yaml
[10.873s] Simulation App Startup Complete
2026-08-25 22:31:09 [16,494ms] [Warning] [pxr.Semantics] pxr.Semantics is deprecated - please use Semantics instead
2026-08-25 22:31:12 [19,231ms] [Warning] [omni.isaac.lab.envs.direct_rl_env] Seed not set for the environment. The environment creation may not be deterministic.
2026-08-25 22:31:12 [19,277ms] [Warning] [omni.isaac.lab.envs.direct_rl_env] The render interval (5) is smaller than the decimation (20). Multiple multiple render calls will happen for each environment step.If this is not intended, set the render interval to be equal to the decimation.
Warp 1.2.1 initialized:
   CUDA Toolkit 11.8, Driver 12.9
   Devices:
     "cpu"      : "CPU"
     "cuda:0"   : "NVIDIA A100-SXM4-40GB" (39 GiB, sm_80, mempool enabled)
   Kernel cache:
     /home/sargapav/.cache/warp/1.2.1
[INFO]: Base environment:
	Environment device    : cuda:0
	Environment seed      : None
	Physics step-size     : 0.005
	Rendering step-size   : 0.025
	Environment step-size : 0.1
[INFO]: Time taken for scene creation : 0.980117 seconds
[INFO]: Scene manager:  <class InteractiveScene>
	Number of environments: 512
	Environment spacing   : 0.0
	Source prim name      : /World/envs/env_0
	Global prim paths     : ['/World/terrain']
	Replicate physics     : True
[INFO]: Starting the simulation. This may take a few seconds. Please wait...
[INFO]: Time taken for simulation start : 10.852282 seconds
[INFO]: Completed setting up the environment...
2026-08-26 00:31:24,338 [RunLogger][[92mINFO[00m]: RunLogger initialized for run train_ctrac_11400127_attempt_7 at /ws/logs/train_ctrac_11400127/attempt_7 (logutils.py:105)
2026-08-26 00:31:31,799 [ftr_sac_train][[92mINFO[00m]: Seed: 42 (train_sac.py:223)
2026-08-26 00:31:31,996 [ftr_sac_train][[92mINFO[00m]: Found training checkpoint: /ws/logs/train_ctrac_11400127/attempt_6/weights/training_state.pth (train_sac.py:398)
2026-08-26 00:31:32,192 [ftr_sac_train][[93mWARNING[00m]: Resumed from training checkpoint: iteration=480, total_collected_frames=31522816. Note that collected_frames and the policy_step_<frames> names are CUMULATIVE across attempts from here on. (train_sac.py:387)
2026-08-26 00:31:32,928 [ftr_sac_train][[92mINFO[00m]: Initialized FtrSACTrainer. (train_sac.py:350)
2026-08-26 00:31:32,928 [ftr_sac_train][[92mINFO[00m]: Iteration size: 65536, batch_size: 256, updates/iter: 32 (train_sac.py:579)
2026-08-25 22:31:32 [39,030ms] [Warning] [ftr_sac_train] Resumed from training checkpoint: iteration=480, total_collected_frames=31522816. Note that collected_frames and the policy_step_<frames> names are CUMULATIVE across attempts from here on.
########################################################################
Python script finished with exit status: 75
########################################################################
Attempt collected 1048576 frames (job total: 32571392 / 52428800).
Exit code 75 detected (CUDA/W&B error). Respawning (attempt 9)...
########################################################################
Starting ctrac training (respawn #8 — 32571392/52428800 frames done, 19857408 to go)...
########################################################################
[Warning] [omni.isaac.kit.simulation_app] Modules: ['omni.kit_app'] were loaded before SimulationApp was started and might not be loaded correctly.
[Warning] [omni.isaac.kit.simulation_app] Please check to make sure no extra omniverse or pxr modules are imported before the call to SimulationApp(...)
[Info] [carb] Logging to file: /opt/conda/envs/isaaclab/lib/python3.10/site-packages/omni/logs/Kit/Isaac-Sim/4.2/kit_20260826_010556.log
2026-08-25 23:05:56 [0ms] [Warning] [omni.kit.app.plugin] No crash reporter present, dumps uploading isn't available.
2026-08-25 23:05:56 [6ms] [Warning] [omni.ext.plugin] [ext: containers] Extensions config 'extension.toml' doesn't exist '/home/sargapav/robot_rodeo_gym_ws/containers' or '/home/sargapav/robot_rodeo_gym_ws/containers/config'
2026-08-25 23:05:56 [6ms] [Warning] [omni.ext.plugin] [ext: src] Extensions config 'extension.toml' doesn't exist '/home/sargapav/robot_rodeo_gym_ws/src' or '/home/sargapav/robot_rodeo_gym_ws/src/config'
2026-08-25 23:05:56 [6ms] [Warning] [omni.ext.plugin] [ext: configs] Extensions config 'extension.toml' doesn't exist '/home/sargapav/robot_rodeo_gym_ws/configs' or '/home/sargapav/robot_rodeo_gym_ws/configs/config'
2026-08-25 23:05:56 [6ms] [Warning] [omni.ext.plugin] [ext: logs] Extensions config 'extension.toml' doesn't exist '/home/sargapav/robot_rodeo_gym_ws/logs' or '/home/sargapav/robot_rodeo_gym_ws/logs/config'
2026-08-25 23:05:56 [6ms] [Warning] [omni.ext.plugin] [ext: experiments] Extensions config 'extension.toml' doesn't exist '/home/sargapav/robot_rodeo_gym_ws/experiments' or '/home/sargapav/robot_rodeo_gym_ws/experiments/config'
2026-08-25 23:05:56 [6ms] [Warning] [omni.ext.plugin] [ext: optuna] Extensions config 'extension.toml' doesn't exist '/home/sargapav/robot_rodeo_gym_ws/optuna' or '/home/sargapav/robot_rodeo_gym_ws/optuna/config'
2026-08-25 23:05:56 [6ms] [Warning] [omni.ext.plugin] [ext: scripts] Extensions config 'extension.toml' doesn't exist '/home/sargapav/robot_rodeo_gym_ws/scripts' or '/home/sargapav/robot_rodeo_gym_ws/scripts/config'
2026-08-25 23:05:56 [6ms] [Warning] [omni.ext.plugin] [ext: secrets] Extensions config 'extension.toml' doesn't exist '/home/sargapav/robot_rodeo_gym_ws/secrets' or '/home/sargapav/robot_rodeo_gym_ws/secrets/config'
2026-08-25 23:05:56 [6ms] [Warning] [omni.ext.plugin] [ext: runs] Extensions config 'extension.toml' doesn't exist '/home/sargapav/robot_rodeo_gym_ws/runs' or '/home/sargapav/robot_rodeo_gym_ws/runs/config'
2026-08-25 23:05:56 [6ms] [Warning] [omni.ext.plugin] [ext: notebooks] Extensions config 'extension.toml' doesn't exist '/home/sargapav/robot_rodeo_gym_ws/notebooks' or '/home/sargapav/robot_rodeo_gym_ws/notebooks/config'
2026-08-25 23:05:56 [7ms] [Warning] [omni.ext.plugin] [ext: slurm] Extensions config 'extension.toml' doesn't exist '/home/sargapav/robot_rodeo_gym_ws/slurm' or '/home/sargapav/robot_rodeo_gym_ws/slurm/config'
2026-08-25 23:05:56 [7ms] [Warning] [omni.ext.plugin] [ext: wandb] Extensions config 'extension.toml' doesn't exist '/home/sargapav/robot_rodeo_gym_ws/wandb' or '/home/sargapav/robot_rodeo_gym_ws/wandb/config'
[0.325s] [ext: omni.kit.async_engine-0.0.1] startup
[0.737s] [ext: omni.stats-1.0.1] startup
[0.745s] [ext: omni.client-1.2.0] startup
[0.918s] [ext: omni.gpu_foundation.shadercache.vulkan-1.0.0] startup
[0.925s] [ext: omni.assets.plugins-0.0.0] startup
[0.945s] [ext: omni.gpu_foundation-0.0.0] startup
[1.114s] [ext: omni.kit.pipapi-0.0.0] startup
[1.115s] [ext: omni.materialx.libs-1.0.4] startup
[1.147s] [ext: omni.kit.pip_archive-0.0.0] startup
[1.148s] [ext: omni.usd.config-1.0.4] startup
[1.163s] [ext: omni.gpucompute.plugins-0.0.0] startup
[1.166s] [ext: omni.usd.libs-1.0.1] startup
[1.625s] [ext: omni.kit.telemetry-0.5.0] startup
[1.684s] [ext: omni.usd.schema.semantics-0.0.0] startup
[1.925s] [ext: omni.usd.schema.audio-0.0.0] startup
[1.961s] [ext: omni.usd.schema.physx-106.1.9] startup
[2.062s] [ext: carb.audio-0.1.0] startup
[2.103s] [ext: omni.kvdb-106.1.9] startup
[2.111s] [ext: omni.timeline-1.0.10] startup
[2.118s] [ext: omni.kit.actions.core-1.0.0] startup
[2.128s] [ext: omni.kit.audiodeviceenum-1.0.1] startup
[2.133s] [ext: omni.localcache-106.1.9] startup
[2.138s] [ext: omni.usd_resolver-1.0.0] startup
[2.148s] [ext: omni.kit.commands-1.4.9] startup
[2.158s] [ext: omni.graph.exec-0.9.4] startup
[2.162s] [ext: omni.usd.core-1.4.1] startup
[2.175s] [ext: omni.kit.usd_undo-0.1.8] startup
[2.176s] [ext: omni.kit.exec.core-0.13.4] startup
[2.186s] [ext: omni.convexdecomposition-106.1.9] startup
[2.199s] [ext: omni.usd-1.12.2] startup
[2.278s] [ext: omni.usdphysics-106.1.9] startup
[2.283s] [ext: omni.physx.foundation-106.1.9] startup
[2.299s] [ext: omni.kit.usd.layers-2.1.36] startup
[2.321s] [ext: omni.physx.cooking-106.1.9] startup
[2.340s] [ext: omni.blobkey-1.1.2] startup
[2.345s] [ext: omni.datastore-0.0.0] startup
[2.418s] [ext: omni.ujitso.default-1.0.0] startup
[2.430s] [ext: omni.hsscclient-1.1.1] startup
[2.445s] [ext: omni.kit.primitive.mesh-1.0.17] startup
[2.451s] [ext: usdrt.scenegraph-7.5.0] startup
[2.581s] [ext: omni.warp.core-1.2.1] startup
[2.709s] [ext: omni.physx-106.1.9] startup
[2.769s] [ext: omni.kit.stage_template.core-1.1.22] startup
[2.771s] [ext: omni.physx.stageupdate-106.1.9] startup
[2.778s] [ext: omni.kit.stage_templates-1.2.5] startup
[2.780s] [ext: omni.physics.tensors-106.1.9] startup
[2.794s] [ext: omni.isaac.version-1.1.0] startup
[2.795s] [ext: omni.physx.tensors-106.1.9] startup
[3.537s] [ext: omni.isaac.nucleus-0.3.1] startup
[3.539s] [ext: omni.kit.loop-isaac-1.2.0] startup
[3.543s] [ext: omni.isaac.core-3.19.5] startup
2026-08-25 23:06:01 [4,999ms] [Warning] [omni.platforminfo.plugin] failed to open the default display.  Can't verify X Server version.
2026-08-25 23:06:01 [5,001ms] [Warning] [omni.platforminfo.plugin] failed to load XRAndR.
[6.892s] [ext: omni.physx.fabric-106.1.9] startup
[6.910s] [ext: omni.isaac.kit-1.13.2] startup
[6.910s] [ext: omni.isaac.cloner-0.8.1] startup
[6.912s] [ext: isaaclab.python.headless-1.2.0] startup
[6.914s] Simulation App Starting
2026-08-25 23:06:03 [6,848ms] [Warning] [gpu.foundation.plugin] [ShaderCache]: Creating driver shaderCache directory failed: /opt/conda/envs/isaaclab/lib/python3.10/site-packages/omni/cache/nv_shadercache

|---------------------------------------------------------------------------------------------|
| Driver Version: 0             | Graphics API: Vulkan
|=============================================================================================|
| GPU | Name                             | Active | LDA | GPU Memory | Vendor-ID | LUID       |
|     |                                  |        |     |            | Device-ID | UUID       |
|     |                                  |        |     |            | Bus-ID    |            |
|=============================================================================================|
| OS: 13 (trixie) debian, Version: 13.00.0, Kernel: 4.18.0-553.51.1.el8_10.x86_64
| Processor: AMD EPYC 7763 64-Core Processor | Cores: 128 | Logical: 256
|---------------------------------------------------------------------------------------------|
| Total Memory (MB): 1031842 | Free Memory: 882688
| Total Page/Swap (MB): 0 | Free Page/Swap: 0
|---------------------------------------------------------------------------------------------|
2026-08-25 23:06:03 [7,641ms] [Warning] [omni.physx.foundation.plugin] PhysXFoundation: Couldn't get driver version, failed to getDeviceInfo
2026-08-25 23:06:03 [7,641ms] [Warning] [omni.physx.foundation.plugin] PhysXFoundation: Unable to get IGpuFoundation, GpuDevices or Graphics!
2026-08-25 23:06:03 [7,641ms] [Warning] [carb.cudainterop.plugin] CUDA_VISIBLE_DEVICES environment variable is set.
2026-08-25 23:06:03 [7,641ms] [Warning] [carb.cudainterop.plugin] Note CUDA device enumeration and Omniverse device enumeration are different.
2026-08-25 23:06:03 [7,641ms] [Warning] [carb.cudainterop.plugin] Setting CUDA_VISIBLE_DEVICES can lead to undesired behavior or crashes.
[8.843s] app ready
[INFO][AppLauncher]: Loading experience file: /opt/IsaacLab/source/extensions/omni.isaac.lab/omni/isaac/lab/app/../../../../../../apps/isaaclab.python.headless.kit
Starting kit application with the following args:  ['/opt/conda/envs/isaaclab/lib/python3.10/site-packages/isaacsim/exts/omni.isaac.kit/omni/isaac/kit/simulation_app.py', '/opt/IsaacLab/source/extensions/omni.isaac.lab/omni/isaac/lab/app/../../../../../../apps/isaaclab.python.headless.kit', '--/app/tokens/exe-path=/opt/conda/envs/isaaclab/lib/python3.10/site-packages/omni', '--/persistent/app/viewport/displayOptions=3094', '--/rtx/materialDb/syncLoads=True', '--/rtx/hydra/materialSyncLoads=True', '--/omni.kit.plugin/syncUsdLoads=True', '--/app/renderer/resolution/width=1280', '--/app/renderer/resolution/height=720', '--/app/window/width=1440', '--/app/window/height=900', '--/renderer/multiGpu/enabled=True', '--/app/fastShutdown=True', '--ext-folder', '/opt/conda/envs/isaaclab/lib/python3.10/site-packages/isaacsim/exts', '--ext-folder', '/opt/conda/envs/isaaclab/lib/python3.10/site-packages/isaacsim/apps', '--/renderer/activeGpu=0', '--/physics/cudaDevice=0', '--portable', '--no-window', '--/app/window/hideUi=True']
Passing the following args to the base kit application:  ['--config', '/ws/configs/baselines/marv_config_ctrac.yaml', '--headless', 'total_frames=19857408', 'scheduler_opts.total_iters=800']
[INFO] Respawn detected — loading config from previous attempt: /ws/logs/train_ctrac_11400127/attempt_7/config.yaml
[9.009s] Simulation App Startup Complete
2026-08-25 23:06:09 [13,681ms] [Warning] [pxr.Semantics] pxr.Semantics is deprecated - please use Semantics instead
2026-08-25 23:06:12 [16,200ms] [Warning] [omni.isaac.lab.envs.direct_rl_env] Seed not set for the environment. The environment creation may not be deterministic.
2026-08-25 23:06:12 [16,243ms] [Warning] [omni.isaac.lab.envs.direct_rl_env] The render interval (5) is smaller than the decimation (20). Multiple multiple render calls will happen for each environment step.If this is not intended, set the render interval to be equal to the decimation.
Warp 1.2.1 initialized:
   CUDA Toolkit 11.8, Driver 12.9
   Devices:
     "cpu"      : "CPU"
     "cuda:0"   : "NVIDIA A100-SXM4-40GB" (39 GiB, sm_80, mempool enabled)
   Kernel cache:
     /home/sargapav/.cache/warp/1.2.1
[INFO]: Base environment:
	Environment device    : cuda:0
	Environment seed      : None
	Physics step-size     : 0.005
	Rendering step-size   : 0.025
	Environment step-size : 0.1
[INFO]: Time taken for scene creation : 0.868624 seconds
[INFO]: Scene manager:  <class InteractiveScene>
	Number of environments: 512
	Environment spacing   : 0.0
	Source prim name      : /World/envs/env_0
	Global prim paths     : ['/World/terrain']
	Replicate physics     : True
[INFO]: Starting the simulation. This may take a few seconds. Please wait...
[INFO]: Time taken for simulation start : 9.223451 seconds
[INFO]: Completed setting up the environment...
2026-08-26 01:06:22,665 [RunLogger][[92mINFO[00m]: RunLogger initialized for run train_ctrac_11400127_attempt_8 at /ws/logs/train_ctrac_11400127/attempt_8 (logutils.py:105)
2026-08-26 01:06:30,503 [ftr_sac_train][[92mINFO[00m]: Seed: 42 (train_sac.py:223)
2026-08-26 01:06:30,673 [ftr_sac_train][[92mINFO[00m]: Found training checkpoint: /ws/logs/train_ctrac_11400127/attempt_7/weights/training_state.pth (train_sac.py:398)
2026-08-26 01:06:30,741 [ftr_sac_train][[93mWARNING[00m]: Resumed from training checkpoint: iteration=496, total_collected_frames=32571392. Note that collected_frames and the policy_step_<frames> names are CUMULATIVE across attempts from here on. (train_sac.py:387)
2026-08-26 01:06:31,281 [ftr_sac_train][[92mINFO[00m]: Initialized FtrSACTrainer. (train_sac.py:350)
2026-08-26 01:06:31,282 [ftr_sac_train][[92mINFO[00m]: Iteration size: 65536, batch_size: 256, updates/iter: 32 (train_sac.py:579)
2026-08-25 23:06:30 [34,477ms] [Warning] [ftr_sac_train] Resumed from training checkpoint: iteration=496, total_collected_frames=32571392. Note that collected_frames and the policy_step_<frames> names are CUMULATIVE across attempts from here on.
########################################################################
Python script finished with exit status: 75
########################################################################
Attempt collected 1572864 frames (job total: 34144256 / 52428800).
Exit code 75 detected (CUDA/W&B error). Respawning (attempt 10)...
########################################################################
Starting ctrac training (respawn #9 — 34144256/52428800 frames done, 18284544 to go)...
########################################################################
[Warning] [omni.isaac.kit.simulation_app] Modules: ['omni.kit_app'] were loaded before SimulationApp was started and might not be loaded correctly.
[Warning] [omni.isaac.kit.simulation_app] Please check to make sure no extra omniverse or pxr modules are imported before the call to SimulationApp(...)
[Info] [carb] Logging to file: /opt/conda/envs/isaaclab/lib/python3.10/site-packages/omni/logs/Kit/Isaac-Sim/4.2/kit_20260826_015403.log
2026-08-25 23:54:03 [0ms] [Warning] [omni.kit.app.plugin] No crash reporter present, dumps uploading isn't available.
2026-08-25 23:54:03 [5ms] [Warning] [omni.ext.plugin] [ext: src] Extensions config 'extension.toml' doesn't exist '/home/sargapav/robot_rodeo_gym_ws/src' or '/home/sargapav/robot_rodeo_gym_ws/src/config'
2026-08-25 23:54:03 [5ms] [Warning] [omni.ext.plugin] [ext: containers] Extensions config 'extension.toml' doesn't exist '/home/sargapav/robot_rodeo_gym_ws/containers' or '/home/sargapav/robot_rodeo_gym_ws/containers/config'
2026-08-25 23:54:03 [5ms] [Warning] [omni.ext.plugin] [ext: configs] Extensions config 'extension.toml' doesn't exist '/home/sargapav/robot_rodeo_gym_ws/configs' or '/home/sargapav/robot_rodeo_gym_ws/configs/config'
2026-08-25 23:54:03 [6ms] [Warning] [omni.ext.plugin] [ext: experiments] Extensions config 'extension.toml' doesn't exist '/home/sargapav/robot_rodeo_gym_ws/experiments' or '/home/sargapav/robot_rodeo_gym_ws/experiments/config'
2026-08-25 23:54:03 [6ms] [Warning] [omni.ext.plugin] [ext: scripts] Extensions config 'extension.toml' doesn't exist '/home/sargapav/robot_rodeo_gym_ws/scripts' or '/home/sargapav/robot_rodeo_gym_ws/scripts/config'
2026-08-25 23:54:03 [6ms] [Warning] [omni.ext.plugin] [ext: runs] Extensions config 'extension.toml' doesn't exist '/home/sargapav/robot_rodeo_gym_ws/runs' or '/home/sargapav/robot_rodeo_gym_ws/runs/config'
2026-08-25 23:54:03 [6ms] [Warning] [omni.ext.plugin] [ext: secrets] Extensions config 'extension.toml' doesn't exist '/home/sargapav/robot_rodeo_gym_ws/secrets' or '/home/sargapav/robot_rodeo_gym_ws/secrets/config'
2026-08-25 23:54:03 [6ms] [Warning] [omni.ext.plugin] [ext: optuna] Extensions config 'extension.toml' doesn't exist '/home/sargapav/robot_rodeo_gym_ws/optuna' or '/home/sargapav/robot_rodeo_gym_ws/optuna/config'
2026-08-25 23:54:03 [6ms] [Warning] [omni.ext.plugin] [ext: notebooks] Extensions config 'extension.toml' doesn't exist '/home/sargapav/robot_rodeo_gym_ws/notebooks' or '/home/sargapav/robot_rodeo_gym_ws/notebooks/config'
2026-08-25 23:54:03 [6ms] [Warning] [omni.ext.plugin] [ext: logs] Extensions config 'extension.toml' doesn't exist '/home/sargapav/robot_rodeo_gym_ws/logs' or '/home/sargapav/robot_rodeo_gym_ws/logs/config'
2026-08-25 23:54:03 [6ms] [Warning] [omni.ext.plugin] [ext: wandb] Extensions config 'extension.toml' doesn't exist '/home/sargapav/robot_rodeo_gym_ws/wandb' or '/home/sargapav/robot_rodeo_gym_ws/wandb/config'
2026-08-25 23:54:03 [6ms] [Warning] [omni.ext.plugin] [ext: slurm] Extensions config 'extension.toml' doesn't exist '/home/sargapav/robot_rodeo_gym_ws/slurm' or '/home/sargapav/robot_rodeo_gym_ws/slurm/config'
[0.325s] [ext: omni.kit.async_engine-0.0.1] startup
[0.754s] [ext: omni.stats-1.0.1] startup
[0.762s] [ext: omni.client-1.2.0] startup
[0.937s] [ext: omni.gpu_foundation.shadercache.vulkan-1.0.0] startup
[0.944s] [ext: omni.assets.plugins-0.0.0] startup
[0.963s] [ext: omni.gpu_foundation-0.0.0] startup
[1.144s] [ext: omni.kit.pipapi-0.0.0] startup
[1.146s] [ext: omni.materialx.libs-1.0.4] startup
[1.178s] [ext: omni.kit.pip_archive-0.0.0] startup
[1.179s] [ext: omni.usd.config-1.0.4] startup
[1.195s] [ext: omni.gpucompute.plugins-0.0.0] startup
[1.199s] [ext: omni.usd.libs-1.0.1] startup
[1.674s] [ext: omni.kit.telemetry-0.5.0] startup
[1.732s] [ext: omni.usd.schema.semantics-0.0.0] startup
[1.972s] [ext: omni.usd.schema.audio-0.0.0] startup
[2.020s] [ext: omni.usd.schema.physx-106.1.9] startup
[2.122s] [ext: carb.audio-0.1.0] startup
[2.162s] [ext: omni.kvdb-106.1.9] startup
[2.171s] [ext: omni.timeline-1.0.10] startup
[2.177s] [ext: omni.kit.actions.core-1.0.0] startup
[2.187s] [ext: omni.kit.audiodeviceenum-1.0.1] startup
[2.192s] [ext: omni.localcache-106.1.9] startup
[2.197s] [ext: omni.usd_resolver-1.0.0] startup
[2.207s] [ext: omni.kit.commands-1.4.9] startup
[2.217s] [ext: omni.graph.exec-0.9.4] startup
[2.220s] [ext: omni.usd.core-1.4.1] startup
[2.234s] [ext: omni.kit.usd_undo-0.1.8] startup
[2.235s] [ext: omni.kit.exec.core-0.13.4] startup
[2.244s] [ext: omni.convexdecomposition-106.1.9] startup
[2.257s] [ext: omni.usd-1.12.2] startup
[2.339s] [ext: omni.usdphysics-106.1.9] startup
[2.343s] [ext: omni.physx.foundation-106.1.9] startup
[2.359s] [ext: omni.kit.usd.layers-2.1.36] startup
[2.381s] [ext: omni.physx.cooking-106.1.9] startup
[2.400s] [ext: omni.blobkey-1.1.2] startup
[2.405s] [ext: omni.datastore-0.0.0] startup
[2.479s] [ext: omni.ujitso.default-1.0.0] startup
[2.491s] [ext: omni.hsscclient-1.1.1] startup
[2.506s] [ext: omni.kit.primitive.mesh-1.0.17] startup
[2.512s] [ext: usdrt.scenegraph-7.5.0] startup
[2.640s] [ext: omni.warp.core-1.2.1] startup
[2.768s] [ext: omni.physx-106.1.9] startup
[2.829s] [ext: omni.kit.stage_template.core-1.1.22] startup
[2.831s] [ext: omni.physx.stageupdate-106.1.9] startup
[2.837s] [ext: omni.kit.stage_templates-1.2.5] startup
[2.840s] [ext: omni.physics.tensors-106.1.9] startup
[2.853s] [ext: omni.isaac.version-1.1.0] startup
[2.854s] [ext: omni.physx.tensors-106.1.9] startup
[3.541s] [ext: omni.isaac.nucleus-0.3.1] startup
[3.543s] [ext: omni.kit.loop-isaac-1.2.0] startup
[3.547s] [ext: omni.isaac.core-3.19.5] startup
2026-08-25 23:54:08 [5,011ms] [Warning] [omni.platforminfo.plugin] failed to open the default display.  Can't verify X Server version.
2026-08-25 23:54:08 [5,012ms] [Warning] [omni.platforminfo.plugin] failed to load XRAndR.
[7.054s] [ext: omni.physx.fabric-106.1.9] startup
[7.071s] [ext: omni.isaac.kit-1.13.2] startup
[7.072s] [ext: omni.isaac.cloner-0.8.1] startup
[7.073s] [ext: isaaclab.python.headless-1.2.0] startup
[7.075s] Simulation App Starting
2026-08-25 23:54:10 [7,015ms] [Warning] [gpu.foundation.plugin] [ShaderCache]: Creating driver shaderCache directory failed: /opt/conda/envs/isaaclab/lib/python3.10/site-packages/omni/cache/nv_shadercache

|---------------------------------------------------------------------------------------------|
| Driver Version: 0             | Graphics API: Vulkan
|=============================================================================================|
| GPU | Name                             | Active | LDA | GPU Memory | Vendor-ID | LUID       |
|     |                                  |        |     |            | Device-ID | UUID       |
|     |                                  |        |     |            | Bus-ID    |            |
|=============================================================================================|
| OS: 13 (trixie) debian, Version: 13.00.0, Kernel: 4.18.0-553.51.1.el8_10.x86_64
| Processor: AMD EPYC 7763 64-Core Processor | Cores: 128 | Logical: 256
|---------------------------------------------------------------------------------------------|
| Total Memory (MB): 1031842 | Free Memory: 885964
| Total Page/Swap (MB): 0 | Free Page/Swap: 0
|---------------------------------------------------------------------------------------------|
2026-08-25 23:54:11 [7,809ms] [Warning] [omni.physx.foundation.plugin] PhysXFoundation: Couldn't get driver version, failed to getDeviceInfo
2026-08-25 23:54:11 [7,809ms] [Warning] [omni.physx.foundation.plugin] PhysXFoundation: Unable to get IGpuFoundation, GpuDevices or Graphics!
2026-08-25 23:54:11 [7,809ms] [Warning] [carb.cudainterop.plugin] CUDA_VISIBLE_DEVICES environment variable is set.
2026-08-25 23:54:11 [7,809ms] [Warning] [carb.cudainterop.plugin] Note CUDA device enumeration and Omniverse device enumeration are different.
2026-08-25 23:54:11 [7,809ms] [Warning] [carb.cudainterop.plugin] Setting CUDA_VISIBLE_DEVICES can lead to undesired behavior or crashes.
[9.027s] app ready
[INFO][AppLauncher]: Loading experience file: /opt/IsaacLab/source/extensions/omni.isaac.lab/omni/isaac/lab/app/../../../../../../apps/isaaclab.python.headless.kit
Starting kit application with the following args:  ['/opt/conda/envs/isaaclab/lib/python3.10/site-packages/isaacsim/exts/omni.isaac.kit/omni/isaac/kit/simulation_app.py', '/opt/IsaacLab/source/extensions/omni.isaac.lab/omni/isaac/lab/app/../../../../../../apps/isaaclab.python.headless.kit', '--/app/tokens/exe-path=/opt/conda/envs/isaaclab/lib/python3.10/site-packages/omni', '--/persistent/app/viewport/displayOptions=3094', '--/rtx/materialDb/syncLoads=True', '--/rtx/hydra/materialSyncLoads=True', '--/omni.kit.plugin/syncUsdLoads=True', '--/app/renderer/resolution/width=1280', '--/app/renderer/resolution/height=720', '--/app/window/width=1440', '--/app/window/height=900', '--/renderer/multiGpu/enabled=True', '--/app/fastShutdown=True', '--ext-folder', '/opt/conda/envs/isaaclab/lib/python3.10/site-packages/isaacsim/exts', '--ext-folder', '/opt/conda/envs/isaaclab/lib/python3.10/site-packages/isaacsim/apps', '--/renderer/activeGpu=0', '--/physics/cudaDevice=0', '--portable', '--no-window', '--/app/window/hideUi=True']
Passing the following args to the base kit application:  ['--config', '/ws/configs/baselines/marv_config_ctrac.yaml', '--headless', 'total_frames=18284544', 'scheduler_opts.total_iters=800']
[INFO] Respawn detected — loading config from previous attempt: /ws/logs/train_ctrac_11400127/attempt_8/config.yaml
[9.193s] Simulation App Startup Complete
2026-08-25 23:54:17 [13,891ms] [Warning] [pxr.Semantics] pxr.Semantics is deprecated - please use Semantics instead
2026-08-25 23:54:19 [16,255ms] [Warning] [omni.isaac.lab.envs.direct_rl_env] Seed not set for the environment. The environment creation may not be deterministic.
2026-08-25 23:54:19 [16,297ms] [Warning] [omni.isaac.lab.envs.direct_rl_env] The render interval (5) is smaller than the decimation (20). Multiple multiple render calls will happen for each environment step.If this is not intended, set the render interval to be equal to the decimation.
Warp 1.2.1 initialized:
   CUDA Toolkit 11.8, Driver 12.9
   Devices:
     "cpu"      : "CPU"
     "cuda:0"   : "NVIDIA A100-SXM4-40GB" (39 GiB, sm_80, mempool enabled)
   Kernel cache:
     /home/sargapav/.cache/warp/1.2.1
[INFO]: Base environment:
	Environment device    : cuda:0
	Environment seed      : None
	Physics step-size     : 0.005
	Rendering step-size   : 0.025
	Environment step-size : 0.1
[INFO]: Time taken for scene creation : 0.791221 seconds
[INFO]: Scene manager:  <class InteractiveScene>
	Number of environments: 512
	Environment spacing   : 0.0
	Source prim name      : /World/envs/env_0
	Global prim paths     : ['/World/terrain']
	Replicate physics     : True
[INFO]: Starting the simulation. This may take a few seconds. Please wait...
[INFO]: Time taken for simulation start : 9.616283 seconds
[INFO]: Completed setting up the environment...
2026-08-26 01:54:30,423 [RunLogger][[92mINFO[00m]: RunLogger initialized for run train_ctrac_11400127_attempt_9 at /ws/logs/train_ctrac_11400127/attempt_9 (logutils.py:105)
2026-08-26 01:54:38,010 [ftr_sac_train][[92mINFO[00m]: Seed: 42 (train_sac.py:223)
2026-08-26 01:54:38,213 [ftr_sac_train][[92mINFO[00m]: Found training checkpoint: /ws/logs/train_ctrac_11400127/attempt_8/weights/training_state.pth (train_sac.py:398)
2026-08-26 01:54:38,307 [ftr_sac_train][[93mWARNING[00m]: Resumed from training checkpoint: iteration=520, total_collected_frames=34144256. Note that collected_frames and the policy_step_<frames> names are CUMULATIVE across attempts from here on. (train_sac.py:387)
2026-08-26 01:54:38,882 [ftr_sac_train][[92mINFO[00m]: Initialized FtrSACTrainer. (train_sac.py:350)
2026-08-26 01:54:38,883 [ftr_sac_train][[92mINFO[00m]: Iteration size: 65536, batch_size: 256, updates/iter: 32 (train_sac.py:579)
Cleaning up node-local cache...
