attempt,collected_frames,state/lin_velocity,state/lin_velocity_max,state/lin_velocity_min,state/ang_velocity,state/ang_velocity_max,state/ang_velocity_min,state/heading_err_deg,state/heading_err_deg_max,state/heading_err_deg_min,state/yaw_rate,state/yaw_rate_max,state/yaw_rate_min,state/roll,state/roll_max,state/roll_min,state/pitch,state/pitch_max,state/pitch_min,state/success_lin_velocity,state/lin_vel_mean,state/lin_vel_max,state/lin_vel_min,state/ang_vel_mean,state/ang_vel_max,state/ang_vel_min,state/roll_rate_mean,state/pitch_rate_mean,state/yaw_rate_mean,state/vel_fwd_mean,state/vel_lat_abs_mean,state/v_toward_mean,state/approach_frac,state/heading_err_deg_mean,state/roll_deg_mean,state/roll_deg_max,state/roll_deg_min,state/pitch_deg_mean,state/pitch_deg_max,state/pitch_deg_min,state/dist_to_goal,state/clearance_mean,state/clearance_min,state/clearance_max,state/pct_healthy
0,524288,0.3276611464098096,1.0428184207412414,0.008403245842600882,0.30651557561941445,2.807982430793345,0.008073307817539899,0.12891608424706646,33.92341545212548,-21.443221324239857,-0.000353278131863366,0.6164740682579577,-0.5036556814156938,-0.0010120703338376558,0.3610183240487004,-0.36870360410534886,0.04585467538849741,0.3353420650364569,-0.503471533963193,0.0,0.328031993645709,1.2822212150203995,0.008403245842600882,0.30709255166584626,2.985539809335023,0.008073307817539899,0.16006598470994504,0.2096879506134428,0.03669989352420089,-0.001537535849820415,0.035788098317425465,-0.0011448368409219256,-0.004932573936166307,1.820359661403927,1.193712517277163,33.31530053300958,5.688073285109452e-05,3.4660307272715727,41.00793526643247,0.00014836720855240793,6.741884794086218,0.026361915304732975,-0.02756024239351973,0.8543062458047643,1.0
0,1048576,0.3240366034442559,0.9180934386095032,0.00760708948030242,0.30703936656937003,2.320794876664877,0.008077813718500693,0.2390058617456816,26.80972441099584,-21.702043978497386,-0.0001872368969912941,0.5954844852676615,-0.4981586927024182,-0.0003429707895463707,0.38018763875879813,-0.3698709421150852,0.04876143060300819,0.4142146727826912,-0.32208878510573413,0.0,0.32414274057373405,0.9928073702612892,0.00760708948030242,0.3071923725656234,2.3872098752763122,0.008077072669493646,0.1609360794245731,0.209205659586587,0.03650382731211721,0.03340700197213664,0.03577587937252247,0.03349517752531028,0.06810596076229558,1.8892534967744723,1.2003953776293201,27.29158454760909,5.692892394613589e-05,3.594400388537906,29.99213793501258,0.00016060826145375406,6.362635483033955,0.02640115262784093,-0.03022182622225955,0.41734823866863735,1.0
0,1572864,0.3157748407975305,0.8790753736393526,0.006811922371909418,0.3091718814248452,2.141744576394558,0.0075813588158268885,0.18259474271326326,24.860732968896627,-18.097519259899855,-0.0001829762821046188,0.5953173164161853,-0.5018966528296005,-0.00015524010528622512,0.37006292861769907,-0.3924082744924817,0.050691343582002446,0.510386849869974,-0.2798428163805511,0.0,0.31579437557957135,0.8935240173013881,0.006811922371909418,0.3092008919484215,2.1541628814302385,0.0075813588158268885,0.1635385494591901,0.20986600351170637,0.03731225508090574,0.056931342482130276,0.035592944719610387,0.05687347605089599,0.12173767903004773,1.9799096405040473,1.2855098886939231,24.657782247290015,5.292046344653606e-05,3.839394831447862,30.37044270709157,0.0001375323859537647,5.84225182980299,0.028000738098853617,-0.05153130565304309,0.27205184305785224,1.0
0,2097152,0.3064227732247673,0.8909557702718303,0.006001700507930252,0.31326578519656323,2.0971799227409065,0.0077634308192386925,0.20068861386971548,27.217433923855424,-20.375460335984826,-0.00020453490964200682,0.5989784405101091,-0.5153774264908861,-0.00046741583949483356,0.4070839289634023,-0.43114313459955156,0.04895510341702902,0.5147164768422954,-0.2957396465353668,0.0,0.3064227732247673,0.8909557702718303,0.006001700507930252,0.31326578519656323,2.0971799227409065,0.0077634308192386925,0.16750397598661948,0.2116599218279589,0.03795259386970429,0.070948640073766,0.03566355427574308,0.07084882418712368,0.15773345626803348,1.966159000294283,1.433534533251077,26.49833388067782,6.180357624968602e-05,4.075137948151678,29.49790534749627,0.00016308297149636442,5.5148345632478595,0.030245132923482743,-0.06287020479794592,0.22284471098100767,1.0
0,2621440,0.30108244152506813,0.8936782479286194,0.005801847712653796,0.3203690963855479,2.1237637598533183,0.008044208162800714,0.24263430865539704,26.247558671981096,-24.50856038555503,-0.00011406222159848767,0.6139320432557724,-0.5185141631809529,-0.0005031275096882837,0.4412055187858641,-0.4555176887079142,0.0439076703714818,0.5151983318501152,-0.356482394709019,0.003740991451195441,0.30108655599178746,0.8968232335755602,0.005801847712653796,0.32037692147423513,2.1285651298239827,0.008044208162800714,0.17413714827853255,0.21430453928769566,0.03949178378388751,0.08407169560814509,0.03654101202300808,0.08395669779929449,0.1905240735213738,1.8645967297488824,1.7211543523881119,27.88766217045486,6.614890598691248e-05,4.279376842663623,29.886814896017313,0.00016533032143389859,5.341182024218142,0.03328988326029503,-0.06396407861029729,0.2533417595841456,1.0
0,3145728,0.29246278951177374,0.9029929903335869,0.004820749832877169,0.3278610080596991,2.134014426264912,0.007096068347664186,0.27523049163573887,40.222475342452526,-30.45485872309655,-0.00015996899801962172,0.6273250583326444,-0.5253668868099339,-0.001159813079397054,0.47678112477296963,-0.5149540706188418,0.038532333520379325,0.5203262601280585,-0.35924037321819924,0.022908813174581155,0.29246278951177374,0.9029929903335869,0.004820749832877169,0.3278610080596991,2.134014426264912,0.007096068347664186,0.18194671158562414,0.21687245259818155,0.04103896220840397,0.08863577091688057,0.037532795233346405,0.08836165511456784,0.2064813419856364,2.094956676766742,2.0980856512323953,30.78506176546216,6.884006287745381e-05,4.633715493604541,29.852925274521112,0.0001402973400572438,5.096678771078587,0.037023443507678166,-0.06873981305398047,0.27247977518709376,1.0
0,3670016,0.28020745422691107,0.917387526598759,0.0037484617713161583,0.33342138284933753,2.1657919094432145,0.006635751446111726,0.19348307055042824,43.266246523708105,-34.514442287385464,-0.00019096413086572284,0.6410278672119603,-0.5444646657560952,-0.0003400493006324723,0.5538716753944755,-0.5551332200411707,0.032525231701583834,0.5898005074122921,-0.38131450285436586,0.06398067962436471,0.2802102972054854,0.9180139207746834,0.0037484617713161583,0.3334302643488627,2.1681880988180637,0.006635751446111726,0.1877532947983127,0.2183455750637222,0.04272092399332905,0.09217313239787472,0.03802229807843105,0.09163304315734422,0.2259473348094616,2.372389961441513,2.477824467001483,34.700451619923115,6.292961643830641e-05,5.0682113050716,33.854438345879316,0.00015221677749449603,4.814782202243805,0.04067117409067578,-0.07660484994994476,0.2830150647496339,1.0
0,4194304,0.2855236942123156,0.9129458236275241,0.004246341012375865,0.3291241521073971,2.1768017986323684,0.006502413693212361,0.25287257758827764,66.27936610206962,-42.69425557181239,-0.00034440370109223295,0.6601786212995648,-0.5671085901267361,0.0004917109357336358,0.535694666847121,-0.5666728998767212,0.025826606778537098,0.5460429013473913,-0.4185752632038202,0.09710743327013915,0.2855289966391865,0.9167031188262627,0.004246341012375865,0.32913587652728893,2.1839202328119427,0.006502413693212361,0.18331970185681712,0.21702029042353388,0.04251223215760547,0.11444964211113984,0.037076438777148724,0.11376890048995847,0.2728779540047981,2.1752941056038253,2.4007683228701353,35.15782905742526,6.836468545089874e-05,5.136334531707689,31.490121461451054,0.00017697267535222994,4.875037059187889,0.039962509230463183,-0.07997050613630563,0.2730479856545571,1.0
0,4718592,0.20900742985929052,0.8703161329030991,0.015767004191099356,0.1649147388152778,1.7527093332012496,0.0017279697153632393,0.5453413828268336,105.34009472424785,-112.87382507574628,-0.0013680616619027811,0.5097258946920434,-0.5025621889345349,0.0012876384816627251,0.5378256532722541,-0.5775985767219876,-0.07508431287224407,0.426581570913404,-0.4732788050942872,0.17494615472853184,0.2838347879878711,0.9165836747270077,0.00300290551412985,0.3326323785004206,2.193067864049226,0.006210538553922618,0.18660742152133025,0.21826456612325273,0.04340422157838475,0.12619754260231275,0.037719387240940705,0.1245434008014854,0.3009128020494245,2.661831639241427,2.6423943173140287,34.14033814519644,6.185914299869453e-05,5.387267358601093,30.898015081882477,8.965625405310193e-05,4.730885265395045,0.04221446944939089,-0.07995635078987107,0.2652522755670361,1.0
0,5242880,0.27865903184283525,0.9385456517338753,0.0029462011766057117,0.3300788081542123,2.20772643876262,0.006374971882920022,0.3549329139459587,130.7698773737196,-123.3232985958457,-0.00020374592608618514,0.6073262757647817,-0.5834507434628904,-0.00042733079190782064,0.6530764572089538,-0.6620816502836533,0.009283992926611973,0.5403132928768173,-0.514162935432978,0.22486008074702113,0.22987672784496274,0.8971855993095402,0.011932745345643312,0.21432616555123268,1.898563415508404,0.0031177273729503146,0.12251879019384211,0.1235799561124121,0.048940814446187884,0.16723676798342962,0.02588762914915308,0.16283637977196513,0.46267147668611225,3.861277945409311,1.8684088930625808,36.184772645051495,3.410818916286241e-05,7.399304895785803,29.065212048274667,0.002184991343587385,4.4645555655811435,0.03571111267543342,-0.07529289867276344,0.2642141115355575,1.0
0,5767168,0.2787678151507862,0.9675531333778054,0.0030142513744113586,0.33062932564644143,2.2460646072868258,0.006422744664774882,0.29074655842350694,139.32960076630116,-118.30699845403433,-6.0683988778009734e-05,0.6754893701872788,-0.5779853495187126,0.0007653677317875918,0.6296339827240445,-0.6273748428793624,0.013557329239404226,0.5466559665510431,-0.47865479649044573,0.30740194127793075,0.2787990919314325,0.9852394941262901,0.0030142513744113586,0.3306611133739352,2.2640847065486014,0.006422744664774882,0.18483022032887675,0.21721747756237164,0.044778694842534605,0.1435240170249017,0.036777476911083795,0.14067663143214304,0.3470848387805745,3.0328808727208525,2.947708654915914,39.91362429782748,6.492734252238827e-05,5.973907268606126,32.200328443199396,0.00012254278513673666,4.546619149856269,0.04481122427750961,-0.08252777956658974,0.31227781195775606,1.0
0,6291456,0.28152626956580207,0.9728826938662678,0.002860173348288697,0.3285659157554619,2.287045320030302,0.006139408498256671,0.33583660074373256,153.94323802739382,-133.72851346433163,-9.993620784953805e-05,0.6972389657166786,-0.5975037464522757,-0.000841617314470966,0.649351580766961,-0.6763626848696731,0.00660150052510744,0.5446127311442979,-0.5007223673746921,0.3339563430417911,0.28157192934304476,0.9957825033925474,0.002860173348288697,0.32862819905858487,2.3113529791589826,0.006139408498256671,0.18350134819047526,0.21591243889997713,0.04480865020741476,0.15411205394775607,0.03636500112042995,0.14926141891919542,0.36623038694960997,3.5543546825647354,2.9947136025875807,41.66617266088724,6.87391918928193e-05,6.190484932623804,32.349384251981974,0.0001289915340657831,4.4801296861842275,0.044987160930759273,-0.07983701658667997,0.3431068100617267,1.0
0,6815744,0.2795975478948094,0.9943048247369006,0.0022589333195988104,0.32697427656967193,2.2280176451895386,0.005511187980879129,0.4032667214933099,159.0989019870758,-140.88887690007687,-1.7680362333294397e-05,0.6784441453637555,-0.5932680309051648,-0.0019447118519337891,0.6659999209805392,-0.7122919933171943,0.0038035738445785228,0.5517756988992915,-0.5176660735160112,0.37140776371234097,0.2796538918046281,1.019747106707655,0.0022589333195988104,0.32704344333615154,2.2593206255696714,0.005511187980879129,0.1827616413938813,0.21454457854270004,0.045113824133295566,0.1586026841250714,0.03613087016856298,0.15352222134242766,0.378721711342223,3.569764203391969,3.0615147850476205,43.602987095713615,6.84182827480756e-05,6.344832553528249,33.39065995439887,0.00011350207066251894,4.454394906759262,0.04536622003070079,-0.08469785167835653,0.33800835855072364,1.0
2,4718592,0.238436329861482,0.9523542928198974,0.015657824659244094,0.17890509268268945,1.9903355670720337,0.0011723308284657227,0.6261620498588308,117.63641898742566,-119.66448188177,-0.001646843766038728,0.5704502908885479,-0.5557512820946673,0.00034698058242156545,0.6913798191801955,-0.5956474479738972,-0.08497872327809394,0.4341557481172883,-0.4768302361232539,0.24866499344507853,0.2855686611146666,0.969895800575614,0.0038557791474147507,0.3338992029457586,2.253617455775384,0.006544811511716375,0.1878381120332051,0.2186797633767128,0.044707813089189585,0.14976589535945095,0.03764399094325199,0.14641953154932708,0.3518309954088181,3.0994868174166186,2.8744113262582687,36.698102886002744,6.955654579302029e-05,5.736164810863556,31.506371117415256,0.000139418960519673,4.630843682214618,0.04406984175119533,-0.07022103684721515,0.303248916141456,1.0
2,5242880,0.27799607947235927,0.9814908970147371,0.0025845868869929234,0.32872747993678786,2.246389126870781,0.006668727194494295,0.43403573075920576,135.95221950125088,-136.67868138849735,-0.0003694244104366362,0.6624619594609765,-0.6008487913059071,-0.0012235091923002983,0.6511753469821997,-0.6836802785983309,-0.0017026595311904202,0.5402333153760992,-0.5298828757368028,0.31765677806106396,0.2503509164622454,0.9696178081158165,0.011748071306795145,0.22374459450942613,2.080200413659772,0.002816112919240623,0.127589901930992,0.12981721965343665,0.05132130617721911,0.19144808155458384,0.026735796910823784,0.18385951284963253,0.47514905372338595,4.470359818418031,1.9145921362954557,42.110112980808886,3.67297620783563e-05,7.710689212794516,29.464372385462973,0.00016399288999766404,4.385597396816049,0.03717274822632466,-0.07643470585903275,0.2799694824824545,1.0
2,5767168,0.27979063882958144,0.9939487882656977,0.0025300165199091396,0.3302469721529633,2.2666541000362486,0.005776689278874869,0.5666048408056668,157.8976114243269,-131.13494724035263,-0.00013989514937406966,0.6952563273371197,-0.5979093139758334,-0.0007126943724742318,0.6970388389891014,-0.6744821569882333,0.00249719621229616,0.5475227396818809,-0.5093846872332506,0.3722152781301702,0.2798452918068506,1.0175621934467927,0.0025300165199091396,0.3303027742076665,2.2902910276316106,0.005776689278874869,0.1855424353852868,0.21584684003028087,0.045573312519991305,0.16188653241260909,0.0368457627700991,0.15639337569882628,0.3833531564450823,3.609648337122053,3.1888902075588703,42.97510404512286,7.232754894709315e-05,6.450060734525323,32.73299368098378,0.0001335960844707773,4.44792247004807,0.04658656518586213,-0.07808764377841726,0.3454895174363628,1.0
2,6291456,0.2817767604137771,1.0157520009670407,0.002292332519267859,0.3303988002589904,2.337165943812579,0.005934859494523437,0.16299665080805426,158.87136098742485,-151.45330350100994,-2.3005194201175527e-05,0.698053231171798,-0.578949802875286,0.0008705828190116449,0.7104355369810946,-0.7419119971455075,-0.001090918014128306,0.5584913438069634,-0.522750191972591,0.40030071111686993,0.2818571898387745,1.0575623830081895,0.002292332519267859,0.3304903888492845,2.3772210509050637,0.005934859494523437,0.1865519616403617,0.21484851517016068,0.04634605637693312,0.17077130448888056,0.03714429152023513,0.16479202956543304,0.40201647515641525,3.704218869097531,3.178761671297252,46.795011937618256,6.895108301685493e-05,6.62184576317668,34.02187156304717,0.00013785346008890823,4.424586251378059,0.04768983909889357,-0.07928721478674561,0.3651716158783529,1.0
2,6815744,0.28192421747371554,1.0353599372319877,0.0019141954598822508,0.32734145992435515,2.365826210938394,0.005199396751237373,0.3915373194067797,162.8837485909462,-154.37417708337307,-0.00034991540493933826,0.7034013193333521,-0.6028258301666938,-0.0023441230200091923,0.7139108347473666,-0.7338650338351727,-0.004712922098121908,0.5632308075437322,-0.515673233254347,0.41869590335409157,0.28203558368841186,1.08947390364483,0.0019141954598822508,0.3274785354733467,2.4274173881858587,0.005199396751237373,0.18376114350394346,0.21346044490928762,0.04677592884399928,0.1811404854815919,0.036504570074612275,0.17348452142323367,0.4227452927734703,4.1362896780483425,3.26119637908414,48.42225808650255,5.981827719361843e-05,6.89739856403321,34.359221532940865,8.943742308957503e-05,4.366979104466736,0.0473763124391553,-0.0816081422381103,0.40108496113680303,1.0
2,7340032,0.2823325076024048,1.0190733578056097,0.0023530829708429124,0.3267145659774542,2.3148308058734983,0.005813187754583282,0.390726102534245,159.97237752377987,-144.65283731371164,-0.00017585043929368993,0.7149773975252174,-0.6106074237613939,-0.0010519493537923807,0.7539925444871187,-0.7476062859641388,-0.0065844992951724635,0.5458999769180082,-0.5178802848677151,0.44341415489907376,0.2824206115328707,1.052486012224108,0.0023530829708429124,0.3268144920002669,2.364303902955726,0.005813187754583282,0.18393030544393696,0.21217734954552725,0.04728451935807243,0.18752400795347057,0.036501238675555214,0.17977215620339848,0.43569555116118863,4.161295517347753,3.3134231260046363,48.08341671526432,7.07974707045006e-05,6.967455239966512,33.107065729796886,0.00013766560305573938,4.353143867105246,0.0483569485732005,-0.07843369577312842,0.35689140018075705,1.0
2,7864320,0.28229772084159777,1.0384873716393486,0.0021933453281484105,0.32058603811310604,2.31498563173227,0.005445700782402696,0.28646021370150265,162.11559003591537,-155.48006357252598,0.0001076225512832707,0.7082307945820503,-0.6043701881426387,-0.0010964969734104102,0.7404475916409865,-0.7482380646979436,-0.010803579734613322,0.5439792293473147,-0.5506862641195767,0.45552861773467157,0.28238443133886904,1.0682535211089998,0.0021933453281484105,0.32067576044937596,2.3542882164474577,0.005445700782402696,0.17853757392731495,0.20939922047546133,0.04679709271294996,0.19411562746972777,0.03516058824970969,0.18512559024384245,0.4510584040544927,4.380860882811248,3.274322693236172,47.09152901917696,6.50676119615945e-05,7.102787127718329,34.641439497470856,0.00011636282497638241,4.3275567246600986,0.04666188054397935,-0.0800702596316114,0.35519065259722993,1.0
2,8388608,0.2838172538904473,1.0414404795737937,0.00213461282964289,0.31994321913225576,2.331566010834649,0.00536604046061484,0.38618679891987995,162.3707813322544,-145.1819557696581,-9.301500837466392e-05,0.7338311839848757,-0.6226498443284072,-0.0013955693942819813,0.7609586033504456,-0.7520096082007512,-0.012110786954053765,0.5526181866880506,-0.5415824061492458,0.4793732890539104,0.28390632750233635,1.0649431300116703,0.00213461282964289,0.32001460436731577,2.3578914534300566,0.00536604046061484,0.17782666641869582,0.20903802852262743,0.047477851730945986,0.1996553298085928,0.03499273971101502,0.1910181168350391,0.46174950659042224,4.249736178200692,3.309068715199828,47.53287789225578,6.29577708613216e-05,7.224421956576407,33.645485900342464,0.00011010010026096806,4.310385921038687,0.04679653469793266,-0.08080845605581999,0.32301765950978734,1.0
2,8912896,0.29670030834774175,1.0624253317217032,0.016908182279300188,0.19967988047127921,2.2954590621093907,0.0013311115497072023,0.5276266076260556,125.68058634959161,-121.4970840976201,7.178788664532476e-05,0.5804444359987975,-0.6053413513240715,-0.0008359949101759412,0.7729609779902966,-0.6199289599025117,-0.08050027001834072,0.45063034358191845,-0.48744505300147767,0.3477226264774799,0.28691036452073604,1.1065895319916308,0.0019003550047962392,0.3193696964299306,2.440626563737169,0.005329675249640786,0.17834537450107746,0.20767317165154964,0.04771419525059173,0.20845198593451641,0.03512591525577591,0.19871623933431692,0.4781109284958802,4.523698286619037,3.3766836980357766,49.42157485336065,7.535792681549747e-05,7.3268485479056835,34.04841512069106,8.555660998814385e-05,4.29984622541815,0.04751147564093117,-0.07933410193072632,0.38105043745599687,1.0
2,9437184,0.28302014197106473,1.052049683057703,0.002294674446833511,0.3104124380624853,2.3025028915144503,0.006110683936192629,0.6039445760079616,139.97003143219817,-146.92804712057114,-0.00011959266392924661,0.7057813663975657,-0.6110000350163318,-0.0012713175776886132,0.7426378504605964,-0.7430410879896954,-0.02094305010905373,0.623917528486345,-0.5391176757402718,0.5009980976901716,0.2927227227765823,1.0684998684745526,0.012537787413515761,0.23282560979877817,2.307305953317435,0.002760516375572003,0.13095755345257712,0.13975868868928787,0.05027914088040973,0.2522221683289542,0.02592932402208517,0.24150393941117643,0.5437179018403883,4.697300774001769,2.1184537976982387,46.602655618684366,3.545693021292684e-05,7.835490273905779,31.048367489803862,5.86358838314857e-05,4.180181102774967,0.03426020702076657,-0.080395138639713,0.281870092935512,1.0
2,9961472,0.2883772482164204,1.0604275176301599,0.002473544668792016,0.31485718121984974,2.375552379526198,0.006507821518837886,0.3777519955892785,161.71901001036167,-145.94575774669647,-3.8144160591002674e-05,0.7343856088118628,-0.6361830480745994,-0.00302152859104865,0.71102583152242,-0.7274385099299252,-0.018576732458313927,0.5533196835895069,-0.5451559530920349,0.5245891956437845,0.2884893176378682,1.0956592370057479,0.002473544668792016,0.31495606916723773,2.426396317780018,0.006507821518837886,0.17398099938873202,0.2060019328200724,0.047766123032488395,0.21799458281020634,0.03407017061908846,0.20761561539256945,0.498002317850478,4.453968241810799,3.300726866815239,45.252262867987156,7.556279993735371e-05,7.524099869653583,34.310925390571356,0.00015160990523918616,4.266805625520647,0.04737895219295751,-0.07833833998301998,0.36143487150548026,1.0
2,10485760,0.2942519220523536,1.077601267490536,0.0022616002416668834,0.3173478933167644,2.4039878949988633,0.006377812254385162,0.3415329526615096,162.9018386900425,-155.76932069659233,-0.0001649922730670994,0.7480123339919373,-0.6338559204596095,-0.005197705227026006,0.7572488255100325,-0.8175188759341836,-0.017068720611860044,0.5541104943258688,-0.5202477895654738,0.5456393200001912,0.29438456386560574,1.1066911476664245,0.0022616002416668834,0.31745802325895056,2.435943299671635,0.006377812254385162,0.17694976009079255,0.20630547936889343,0.04811680863349466,0.22883391991490498,0.03468736746071954,0.21641429667943157,0.5119631374836899,4.806198128964752,3.349758873693645,49.64904381334782,8.007438864482408e-05,7.516863599419594,33.112196035683155,0.00013886688912298842,4.232573659159243,0.04756054567405954,-0.08002812112681568,0.3441564264940098,1.0
2,11010048,0.2948280972195789,1.0689292078604922,0.0026812549603363323,0.3182903721462935,2.4304994905833155,0.006791596029245284,-0.08021898244442127,160.72863566875458,-154.47521276772022,0.00011872276646673896,0.7633693485404365,-0.6321287533501163,-0.004246161489589895,0.7360704897437245,-0.7385377689497545,-0.014419716537759086,0.5516317686997354,-0.5398559380555525,0.5478184208041057,0.29494109423831105,1.0930561474524438,0.0026812549603363323,0.31836724432650954,2.4541761961299926,0.006791596029245284,0.17889365029986948,0.20557375974021852,0.048702240696002264,0.230821637873305,0.035061296988715185,0.2194353868253529,0.51478410261916,4.711923892144114,3.4252631631679833,46.28462450951338,8.282635361189783e-05,7.473382397554815,33.41222648322582,0.00017726078086977015,4.233026808127761,0.048342875074013136,-0.07840646686963737,0.3388846868183464,1.0
2,11534336,0.2947700799559243,1.0932454833528027,0.0023277263318810526,0.3145933510386385,2.453395475866273,0.006011819424941223,0.5212729970426153,163.2819720506668,-153.02055336534977,7.032001905571406e-05,0.7649556672549807,-0.6537871565087698,-0.005078451122074057,0.7277452427661046,-0.7677831236505881,-0.018201692159891536,0.5555601847590879,-0.5376651302794926,0.561932030483149,0.2949063688865863,1.1294051868608221,0.0023277263318810526,0.31468646123539656,2.489258465124294,0.006011819424941223,0.17534414894180372,0.2041731006174814,0.04837535035039764,0.23419915247359313,0.034163561336754356,0.22151173374732025,0.5222646409529261,4.793255740776658,3.3782666558399796,47.6526667624712,8.026919935441579e-05,7.511502176523209,33.94053388386965,0.000147976438820141,4.227004816755652,0.04752437105344143,-0.08046811871463433,0.3717247015447356,1.0
2,12058624,0.2956871075439267,1.1035322292009369,0.0020473525665991588,0.31189572595758364,2.424185478594154,0.00558213527502005,0.3784692045801421,162.66929692029953,-157.31342631578445,6.544426689103489e-05,0.7255648284335621,-0.6164294622140005,-0.0024495650919504897,0.715906472876668,-0.7505627308273688,-0.020151739414359326,0.5584414362092502,-0.5264155443874188,0.5639774590381421,0.2958439030335285,1.1455822916468605,0.0020473525665991588,0.31200589006766677,2.455724828178063,0.00558213527502005,0.1737496802234091,0.20239054816192947,0.048220951946859714,0.23686473455745727,0.033777341690438334,0.2239961850864347,0.527445737621747,4.881651412695646,3.359583109151572,46.782661110162735,7.531228514015553e-05,7.530985539779067,33.89110107347369,0.00012425344687391282,4.217486212030053,0.047264539171010256,-0.07894503138959408,0.35600731504382566,1.0
2,12582912,0.29986354504944757,1.1033889008685946,0.0022102282134142115,0.3148086765431799,2.4769568499177694,0.006339061985840999,0.09566481481397204,162.41286316514015,-156.25624234974384,-0.00014782307420624363,0.7700346911442466,-0.6484403923968785,-0.006437755974729953,0.7030229239026085,-0.7707358906045556,-0.014351922115224625,0.5497087667463347,-0.5281343521783128,0.5575187776121311,0.3000135811162181,1.134596089599654,0.0022102282134142115,0.31491397914942354,2.5156083162873983,0.006339061985840999,0.1766967509756796,0.20296043576672673,0.048890471225604415,0.2436409033543896,0.03459425486289547,0.23007562645943835,0.5369536599027924,5.010510617867112,3.464169123210013,47.60057986527681,7.423195036476704e-05,7.481191341765225,33.34608093649149,0.00010731302231054007,4.201342664659023,0.0487995789735578,-0.08271160832373425,0.35596888384316117,1.0
2,13107200,0.31278813778112335,1.0846301634361346,0.016580342370340683,0.2094124538823962,2.3053405788044135,0.006285594032621399,0.3406455358597062,126.071960364754,-123.77905125697609,0.00036441280839426325,0.5458222080518802,-0.5865214641019703,-0.0017252292001345873,0.7365734286621834,-0.5641210510356662,-0.04683754333384665,0.4796938408527058,-0.4371985307210222,0.43790665149688723,0.3028254639939405,1.162143933470361,0.002393825961160445,0.31539738934952766,2.5527390455827117,0.006203905810799881,0.17687201095395721,0.20365452373516746,0.04876399063505232,0.2481168219819665,0.034482443836168386,0.23416881210869178,0.5422516106045805,5.047260554973036,3.4910317570902407,51.09124044328928,7.079616462920407e-05,7.491727541200817,34.16552387550473,0.00014863484568782698,4.197608851827681,0.04947503421863075,-0.0798751242691651,0.3825666378252208,1.0
2,13631488,0.29647233930882066,1.1048773508518934,0.002417642910785389,0.3063644596550148,2.4692323254421353,0.006104593577290984,0.35482421437438916,141.66211851566123,-152.39102669805288,5.596265730289929e-05,0.7109894280139113,-0.6574462692369707,-0.006398819997471605,0.7619124846532941,-0.7948595545603894,-0.020512344122835202,0.5510117376106791,-0.523214777931571,0.5704090371436905,0.30803616548601154,1.1099185189667429,0.012344768700193305,0.23845900170435416,2.3711619859335022,0.006231463055326322,0.13261092982089548,0.14886236466058295,0.04607291453274263,0.2778813909199611,0.024154878869352463,0.26629428076340217,0.5984903453701289,4.182868001486445,2.2882374318286116,45.606039967779594,5.8891688716210915e-05,7.0734482545483965,29.6583504431411,0.00011449993476696062,4.159548284851502,0.03392019355724017,-0.08045634350556637,0.2999012162125556,1.0
2,14155776,0.3024992543505505,1.1026015202514827,0.0024432178064444088,0.30823216174030676,2.4495870214886963,0.006505717237899944,-0.09750590791406921,162.5705453902483,-157.44002762436867,0.00014925497484341577,0.7460035614203662,-0.6251357448636554,-0.007306931237373249,0.77739122742787,-0.7688548605656251,-0.017117643661549664,0.5593977479729801,-0.5086315890075639,0.584669254545588,0.30264900269685313,1.134695405839011,0.0024432178064444088,0.3083638591924682,2.4783548458945006,0.006505717237899944,0.16992028217646293,0.2013828562630806,0.047907198255416006,0.24997903482289985,0.03276125585398404,0.2368309301091358,0.5528491019504145,4.801520083565265,3.3330059139989316,50.23320158571005,8.493095104489257e-05,7.424713495187461,33.37857647240162,0.00016262778364314195,4.183457053266466,0.04727689122228185,-0.08115294994786382,0.35464038819191046,1.0
2,14680064,0.30403208697680384,1.0994822088396177,0.002482579468654933,0.30650726053863764,2.4713973172474653,0.0066712732820519705,0.46340437573599047,162.58325704932213,-157.02169297635555,-1.0121562254994387e-05,0.747935734805651,-0.6336661842069589,-0.003028845090565113,0.7303867932641879,-0.7768136784434319,-0.01647544350089447,0.5611869286512956,-0.5058223796659149,0.5961641208850779,0.3041683780029416,1.120046824333258,0.002482579468654933,0.30658917885739356,2.4996201728936285,0.0066712732820519705,0.16720870573772117,0.20164586551254615,0.047724538257170934,0.25210635739495046,0.03222767333863885,0.23811154885333963,0.5538797140470706,4.883227831684053,3.1903489488177,47.565780594944954,7.824909196226795e-05,7.522423500195146,33.17150018364191,0.00014637044282439504,4.183275629766285,0.046111517935059965,-0.08342397375963628,0.32669816428096965,1.0
3,13107200,0.32154527880251405,1.0818263377745945,0.01688120934653701,0.2128551979425053,2.3035457317779464,0.006168181468001421,0.059084918017033486,123.2163051059097,-125.45009017082552,0.0005584576576976967,0.540408474120001,-0.5714684817132851,-0.003693553806165255,0.6900815076686558,-0.5995985987619012,-0.04092953080717658,0.4748727605229942,-0.43321575420559383,0.4551418136060238,0.3144671014160849,1.1143630265141837,0.003371210268426239,0.3132482882356271,2.4302097434410825,0.007680055284595255,0.17371568421367556,0.2040836063606548,0.04781308560632169,0.2629340299463365,0.03379298033178202,0.25031349231721833,0.5684065937530249,4.5101498479780275,3.213374424718495,44.66940091873403,8.62428272305803e-05,7.154173673341575,32.268219634803245,0.0002226913967892305,4.287516562733799,0.04627790468077819,-0.07703905995003879,0.3085445002943743,1.0
3,13631488,0.30150423431769013,1.1068662173347548,0.002620956948078401,0.3072269535041414,2.4742721805814654,0.006919272199098714,0.44504101531265405,141.0389199010575,-154.14825189113617,-0.00016151108951234505,0.6995875570818643,-0.650311857520137,-0.006258301365960506,0.7267305488931015,-0.7524390222970396,-0.012325351683330155,0.5507967068697326,-0.518834859249182,0.568889840200427,0.3156663212298511,1.0958630991316287,0.012616460965689576,0.24109482531496715,2.361996157129652,0.006392806733376313,0.13348101688958008,0.1517659075640873,0.045392813797491806,0.2865717035204729,0.024163064501459372,0.27458495039179504,0.6133784844809882,4.121359303506596,2.2956848208309437,43.50275813899586,6.064820505344734e-05,7.129370062079424,29.042465494057844,0.00012124865227891267,4.134570626872722,0.03491299971853134,-0.0795415669296668,0.2712231002156144,1.0
3,14155776,0.3065830909763463,1.115567721775733,0.0022882649986399883,0.3109173570992425,2.520111261168495,0.00637390682146588,0.21691521995174412,164.00657680630684,-156.05133024603128,1.127474676110296e-05,0.7667386553366669,-0.6393827344872989,-0.00724438447537068,0.7064145534532145,-0.7919357231585309,-0.013876887574497232,0.5612809706944972,-0.5185446185641922,0.5981324736785609,0.3067446959321387,1.148875275393948,0.0022882649986399883,0.31099688971880823,2.545376322232187,0.00637390682146588,0.1722751956549473,0.20215825576451607,0.048684725268685725,0.25649532390525565,0.03345772996908636,0.2411344789143186,0.5585906496853568,5.128184347879142,3.4497631485573947,47.35514309257269,7.568509921847266e-05,7.659939176402986,33.50727396085858,0.00017373891227895344,4.162353767547756,0.04861694950523088,-0.07494559074984863,0.3542294109938666,1.0
3,14680064,0.30947653570910916,1.1050082293804735,0.0023981002405228935,0.3117627897881903,2.4697215375490487,0.006280139385410166,0.008131739957661921,162.99985027313232,-158.2346437573433,0.0001562441400912995,0.7585282350191846,-0.6431501250481233,-0.007551753538109551,0.7185672565829009,-0.771279298234731,-0.012056106958425516,0.5512105001835153,-0.5125055032549426,0.598956166068092,0.30961706617381424,1.1212591661605984,0.0023981002405228935,0.3118389624869451,2.4884218145161867,0.006280139385410166,0.17278023407561705,0.20296260752365924,0.04840743856766494,0.25879030019859783,0.033530656295624794,0.24345431578694843,0.5596720724715851,5.1006688652560115,3.3790826345793903,47.86164378374815,7.577617547699367e-05,7.581031458452344,32.56378662213683,0.00013769544258937505,4.166572981514037,0.04903800308966311,-0.0757843759492971,0.3276242989813909,1.0
3,15204352,0.3138922994257882,1.1117642592871562,0.002285080942229456,0.3106092546368018,2.467859744094312,0.0060106342423296155,0.11346578704126387,163.25409454107285,-157.24229490756989,0.00011826003134629559,0.7559288833290339,-0.622499116754625,-0.005986634620867903,0.7706374083645642,-0.783462768769823,-0.008756184442518133,0.5468064432498068,-0.5090928012505174,0.6021275527309626,0.314051975379698,1.1346174436621368,0.002285080942229456,0.3107115703751333,2.497143226210028,0.0060106342423296155,0.1704335802642163,0.20413035876117647,0.04783134332683403,0.2653234857134521,0.03288848213196616,0.24994416476693004,0.5722032786579803,5.111386980861425,3.433341695461422,49.0014244094491,7.977594510552577e-05,7.5702423164620996,32.372717920690775,0.00016226804015254115,4.139015360735357,0.04968609621573705,-0.07938848552294075,0.3507708118413575,1.0
3,15728640,0.3161294428864494,1.1442841845564544,0.002363190299774942,0.3150559374480508,2.5925350429024547,0.0063120247959460585,0.3580017663821309,162.80775222182274,-155.90339028835297,-0.00014022920802503336,0.76917046593735,-0.6434858405264094,-0.006610831880379919,0.7519045418594033,-0.7712815933628008,-0.007044122800735408,0.5651644133031368,-0.5097439286764711,0.6140668280422688,0.31630020443117246,1.1863704988500103,0.002363190299774942,0.3151569903129712,2.624894170090556,0.0063120247959460585,0.17462426132988185,0.20544006413547322,0.04886178405286046,0.26724389495211653,0.03399530503884307,0.2518743837135844,0.572880806401372,5.005552637390792,3.4777841004543006,49.92835935205221,7.708048006085239e-05,7.5375168872997165,33.790102031081915,0.00014816857044842868,4.146913589909673,0.05094581935554743,-0.0761256255209446,0.37718894879799336,1.0
3,16252928,0.32010086689842865,1.1484815330477431,0.0024364549081283826,0.31382099591428414,2.564323053928092,0.006495723696119171,0.0773021197410344,163.77047181129456,-158.7966774404049,3.896020101024078e-05,0.7433963807416148,-0.6468558064079843,-0.008579960685892729,0.724882350070402,-0.8269147389801219,-0.004807554513156731,0.5686610935954377,-0.5017993994988501,0.6106664933613501,0.3202682654373348,1.1797822235384956,0.0024364549081283826,0.31390577723504975,2.5800563148222864,0.006495723696119171,0.17283631570171565,0.20552853599656373,0.04845679031859618,0.2732001494150609,0.033579245071450714,0.25666413115686737,0.580248259473592,5.1351636974141,3.4491783739067614,50.98854053020477,8.673891266089417e-05,7.599622488953173,33.597303342074156,0.00014844838947805639,4.122463420033455,0.05154990078881383,-0.08115956984693184,0.3525262881303206,1.0
3,16777216,0.3210596378194168,1.134626269689761,0.0024417015676192477,0.31431942159542814,2.5983529123477638,0.006797086814344766,0.11568425397445026,164.06954130530357,-159.23164381086826,-7.488820873224888e-05,0.7748055101837963,-0.6453886972740293,-0.007324759831817573,0.7411842774599791,-0.8281843438744545,-0.0019947303705976083,0.5771305566304363,-0.4987543473835103,0.6114917090744711,0.32122901268303394,1.162753032753244,0.0024417015676192477,0.3144211228354834,2.6190231784712523,0.006797086814344766,0.17393653356702998,0.20501737162703648,0.048768501488666516,0.275532721192576,0.03382879818309448,0.25904590016580187,0.5845159095479175,5.133935566991568,3.5089187156409025,51.14272762089968,9.149888548452834e-05,7.518126499839127,33.909820940345526,0.0001719788976423664,4.11393947340548,0.051013205491472036,-0.07774708117358387,0.35171097368584014,1.0
3,17301504,0.35125929133345685,1.1006498446315527,0.01667867827643931,0.2332433462701738,2.3680963194370266,0.007546858560199325,0.0024039185431320303,130.74279198358454,-126.75592102902631,-8.313157939028315e-05,0.5419951261269549,-0.5581792507320642,-0.005362300465820908,0.6140769999755624,-0.5856468641628938,-0.012127172533828343,0.5011134517743874,-0.4270790866740087,0.4850848953425884,0.3211671150056645,1.1598779790801927,0.0025593253758131596,0.31333479785826057,2.6001799709629267,0.006826618167082188,0.17371837925747968,0.2039529583125841,0.048652290883183014,0.276410459948238,0.0336986230504408,0.2613521066377871,0.5867758041713387,4.872229671571404,3.3987899725325406,48.45588591694832,9.178037755064317e-05,7.4907562378793955,33.15435989573598,0.0001827415439099242,4.121018039062619,0.051687125633179676,-0.07832788693485782,0.3544001890695654,1.0
3,17825792,0.3191025119740516,1.1633939815219492,0.0022768578979182053,0.3138966715778224,2.54839177406393,0.006274936943000853,0.1510899663867349,142.70221276950335,-154.7477039322257,-0.00014657552249097705,0.6875763617012058,-0.6364903337671421,-0.005366933160043885,0.7666210368624888,-0.7424542047083378,0.0006348094619283984,0.5705954734585248,-0.5126305891317315,0.6184561465634033,0.341778347373148,1.1357817224914504,0.012371591808096553,0.25738600219782687,2.434246675503031,0.007162804513117297,0.1398418507686703,0.1675497252433169,0.04405074140761988,0.3148651823540714,0.02519539452623576,0.30075232836060994,0.6475124959007045,4.188785366474642,2.3215744445485575,41.25020489074882,7.847267505426404e-05,6.9184527300063206,30.50385098152785,0.00018093026813242614,4.094940724356152,0.041816323294055296,-0.07726493968724091,0.30309503031111207,1.0
3,18350080,0.3318208037526347,1.1417077467776835,0.0026153795024725923,0.31792499928269535,2.579486155649647,0.0069753751610619474,0.40025410798261873,163.38801422715187,-151.26326623558998,0.00010836497383781563,0.7495945816626772,-0.6218958027311601,-0.0056167508977296166,0.7719214386306703,-0.7497620934154838,-0.002268771635570488,0.5655630772234872,-0.5114259156398475,0.6273026313283481,0.3319837053422816,1.1643059856723994,0.0026153795024725923,0.31801482720766217,2.5966769363731146,0.0069753751610619474,0.17613581256591715,0.20765151586965658,0.04859978277090704,0.2891781947109848,0.03429891421546927,0.2724175449402537,0.6046806268859655,5.126375093124807,3.427415318787098,48.46584966033697,0.0001014863330088267,7.539739150553942,33.385674346238375,0.000205243463898247,4.081106482073665,0.052170033057336695,-0.07877207937417552,0.34580410667695105,1.0
3,18874368,0.3331278789555654,1.1496332077076659,0.0025260549702892376,0.31669735483592376,2.582653935533017,0.0064969318329559655,0.2955621574824363,164.94825035333633,-158.92702232301235,-1.1912900845345575e-05,0.7542472192435525,-0.6294353529810905,-0.005784708867508925,0.7554582048906013,-0.7657658095704392,0.0004956218660900902,0.5674462946481071,-0.5112350074341521,0.6219175599981099,0.33330978237790987,1.180454394663684,0.0025260549702892376,0.3168201806838624,2.616197176044807,0.0064969318329559655,0.17448861079174094,0.20781384021393023,0.04840061234426685,0.29191962751792744,0.03392558814084623,0.2741036916268058,0.6103190138237551,5.263355911709368,3.3879480846226215,49.820736676454544,8.617797077892231e-05,7.624131818301976,33.58088032901287,0.00017260754150663637,4.06147639779374,0.05240322812460363,-0.07885084778536111,0.36692440207116306,1.0
3,19398656,0.3373232719604857,1.1421086275950074,0.0025288061116093274,0.31720052438322455,2.5933435037732124,0.006704324408204343,0.18699233610732335,163.93319886922836,-155.31489059329033,0.0001769173550556502,0.7472975544515066,-0.6313711089314893,-0.007213924183133713,0.7489468433195725,-0.8054919441929087,0.0012662241197967106,0.5742275252123363,-0.523964888707269,0.6213503943872638,0.33746480609988794,1.1537611740641296,0.0025288061116093274,0.3172773706028238,2.6081681456416845,0.006704324408204343,0.17423649842385203,0.20862487802514806,0.048211756969976705,0.29704443947412074,0.03373568197275745,0.2804994514444843,0.6195318757090718,5.095008036121726,3.5148199019022286,48.90519604086876,8.779651253973397e-05,7.600233549252152,33.682559352368116,0.00016163128489166123,4.04761281516403,0.0528149937526905,-0.07784609863301739,0.34377864113776013,1.0
3,19922944,0.338347211596556,1.1531947758048773,0.002448704192261175,0.3135912770521827,2.6508010369725525,0.006676876712049307,0.13273509837654274,164.24050799012184,-159.20998948812485,-4.8759504796436204e-05,0.7666840303572826,-0.6351606945390813,-0.0043697100965260915,0.7219588706502691,-0.7441074538510293,-0.002544998706163426,0.5745380881708115,-0.5318455813103355,0.6298714585136622,0.3385308592696674,1.189806737122126,0.002448704192261175,0.3136909081367776,2.689460547408089,0.006676876712049307,0.17084698818507604,0.20702629277366214,0.04791526484041242,0.30018728150753304,0.03288364492254914,0.2818162117036991,0.6211903217481449,5.315112108364701,3.294473032001406,47.13332002609968,7.850442474766073e-05,7.522811693139374,34.34763879701495,0.0001478013946381966,4.052818371448666,0.05104735179338604,-0.08143059338908643,0.3799442537711002,1.0
3,20447232,0.3367940837633796,1.143961676163599,0.002255894284534321,0.31318407820072025,2.6231118021532893,0.0059396877025506,-0.04937497357832399,164.220198482275,-160.21511451900005,0.00033650283678454684,0.7828560868510976,-0.6373886334476992,-0.008025967085799834,0.7571671021869406,-0.8018002490280196,-0.002919240930574052,0.5677102660993114,-0.5134981724550016,0.6242359338793904,0.3369714902364649,1.1729518100619316,0.002255894284534321,0.313296640815679,2.6507026015315205,0.0059396877025506,0.1707429884991143,0.2066252140502911,0.048093488192535006,0.2981813687365502,0.03285172870164388,0.280821994820144,0.6200211135437712,5.235951978713274,3.3515444989316165,50.421456940472126,7.494455540073275e-05,7.590407942421734,33.56034945696592,0.00014074693171520214,4.054863865021616,0.05145231250207871,-0.0788418619777076,0.3710526050417684,1.0
3,20971520,0.34032655600458384,1.1565233696019277,0.002636295599796057,0.31129950704053044,2.612097696401179,0.006585155223334027,-0.13966400120108347,164.88866731524467,-160.0067938566208,0.00016522377760352924,0.7486077467910945,-0.6085152694140561,-0.009011911846158682,0.7784188156947494,-0.7925957922125235,-0.004342469260487647,0.5704115440603346,-0.519314345146995,0.6254838345339522,0.3405128694139421,1.1831816077465191,0.002636295599796057,0.31139423907734454,2.6428034505806863,0.006585155223334027,0.16965233025257476,0.20550451494636945,0.04759038688644068,0.3032401282689534,0.03242424948257394,0.2839442436234094,0.6239700936712325,5.611694163642824,3.3762029223144054,50.17602087557316,9.42338717209723e-05,7.499850128777325,33.848875410854816,0.00017605124484776358,4.0420140796341,0.05078290410892805,-0.07657056447351351,0.3517396915704012,1.0
3,21495808,0.3819657023251057,1.123364357848962,0.01695831003616149,0.24391413529093067,2.472006264651815,0.007138380519099883,-0.14369103434456823,131.1293139743308,-130.54910708300616,0.0007700560013667967,0.5778369132243097,-0.5732575502991677,-0.004610328110740435,0.6944494135865049,-0.610822244179144,-0.017905086970442123,0.5199947867708397,-0.49998254483012716,0.515373406757911,0.34249679563799873,1.1526745631126687,0.0025769573596789996,0.31132718647131696,2.616440944140777,0.00646009324481156,0.16895360354101285,0.2062046543287579,0.047574858741427306,0.3055467318627052,0.03231994670568383,0.2875826245872304,0.6300018450710922,5.42537984624505,3.3694497169926763,50.58038687705994,8.869764931145052e-05,7.453201004303992,33.06472426280379,0.00015487078270953747,4.043577061034739,0.05078525425051339,-0.07820186647586524,0.33608391490997747,1.0
3,22020096,0.33697943756124005,1.1367854062700644,0.002420569378202231,0.3034636019147001,2.5879050637595356,0.006508106189301088,-0.21487028603110048,143.55104969159882,-156.604141831398,9.870664050737332e-05,0.7217086816868075,-0.648888751922641,-0.0050543520840165,0.7321799315977842,-0.7219341965392232,-0.007006424225124874,0.5588790308684111,-0.529779918899294,0.6231631263508461,0.3686392641339068,1.13748490208081,0.012610574512285826,0.26175098834454874,2.5171629335452743,0.0069481504619476235,0.13778030454120208,0.1742962287297194,0.043302474033183234,0.3454342967021131,0.024432161380101656,0.330125815121927,0.6930497001125434,4.467570923447226,2.379981925349822,44.18729726124607,7.25678434388852e-05,6.938339298073132,31.206971230511947,0.00013219080760630878,4.014989457119291,0.03695865236795301,-0.07822562259769886,0.30122033990571434,1.0
3,22544384,0.3477905991021544,1.1542805330827832,0.00251770327518841,0.3067508944659494,2.6177569339051843,0.00658671595897431,-0.11742063386634527,164.47595196962357,-157.90166279673576,0.0003665632487539483,0.7538315457641147,-0.6342098571476527,-0.007673080370352636,0.7218170425621793,-0.7896339508006349,-0.009463088991878976,0.5661456270609051,-0.5322531035053544,0.6393802907550707,0.34795956686139107,1.1746455740649253,0.00251770327518841,0.3068264860776253,2.639937622472644,0.00658671595897431,0.16493972661555745,0.20448846090584993,0.046704644460987765,0.31401584239210933,0.031094539179321146,0.29532555560581386,0.6458944260375574,5.390364815481007,3.1354916864074767,48.5077009499073,8.046259792998667e-05,7.451382861472666,33.66744115576148,0.00014154680561161148,4.01230672840029,0.04860822117916541,-0.08027964632492512,0.33633491990622133,1.0
3,23068672,0.3482659872970544,1.1606117559131235,0.0021748174535574094,0.3069466807646677,2.6171425748616457,0.0062613899822991925,-0.19374586943786198,164.75552034378052,-159.07466533780098,0.0004919859097727297,0.7824262609356083,-0.6263543772802223,-0.007450767537193315,0.7564686405239627,-0.8142348754918203,-0.008632698313590481,0.5716225409414619,-0.5360708856605925,0.6422130792634562,0.3484539183555171,1.1886500926921144,0.0021748174535574094,0.307073583942838,2.655986883677542,0.0062613899822991925,0.1648890308861155,0.20435391369392164,0.04722452630812768,0.3149764350964688,0.03107903460113448,0.2953320003580302,0.6440915901912376,5.614347512833774,3.284844547510147,50.46932575106621,8.17847444004316e-05,7.548964716494083,34.278208281844854,0.00012872711136209525,4.001754136290401,0.048094032288645394,-0.08017571305390447,0.36666330869775265,1.0
3,23592960,0.3471410805359483,1.1505370242521167,0.0022245875639654855,0.3024484738125466,2.607185852713883,0.005871814822697274,-0.051070621153030515,164.51693403720856,-159.99554458260536,0.000348718678044424,0.7731172246276401,-0.6340203774161637,-0.005625200256709206,0.7571494827279821,-0.7746312045492232,-0.016952887373918202,0.5628306260332465,-0.5401496824924834,0.6376580081414431,0.34731709060724825,1.1748064709827304,0.0022245875639654855,0.302564462646842,2.6342520562466234,0.005871814822697274,0.1619508485600818,0.20133283917675726,0.04698552547051804,0.3148315868456848,0.030354643102327827,0.29632279713405296,0.6495879339054227,5.414846245199442,3.1197376381605864,51.195936277508736,7.430547224374084e-05,7.467445724643767,33.66513257473707,0.00011454233330121522,3.997628313023597,0.046103180953650735,-0.08182274654973298,0.34988118620822206,1.0
3,24117248,0.3538362624240108,1.1600486201932654,0.002304150769298019,0.30605581431882456,2.668553128838539,0.006263844725268086,0.2127448300168453,164.6603301167488,-158.5515656620264,0.00023908457733767818,0.7619046506006271,-0.6265121117467061,-0.0032361751104694747,0.7377062663435936,-0.7774661402218044,-0.011360604974356647,0.5669661053689197,-0.5386662497767247,0.6336130874697119,0.35401151835685596,1.1797996506793424,0.002304150769298019,0.3061247582663782,2.685738522093743,0.00626195321457601,0.1635490110493265,0.20443360388162546,0.04682998807402328,0.32204852846916765,0.03073319949544384,0.30164405569666997,0.655418753856793,5.7328717624768615,3.13586503546685,49.408286049962044,8.087174953070111e-05,7.494623348116875,33.68808361142874,0.00013010484848852838,3.984517668839544,0.04713932283630129,-0.0802829620661214,0.33989987132372335,1.0
3,24641536,0.353498479060363,1.1583275441080332,0.0024725044187619005,0.3020425345748663,2.6336882445029914,0.0064581181257068465,0.31144069816787123,164.20731028914452,-159.8868600577116,0.00014886554258630724,0.7677114818943664,-0.6510417212848552,-0.0044259801988175695,0.7473422266775742,-0.7571510579437017,-0.017050674056008575,0.5734876957722008,-0.5647491908166558,0.6355070439167321,0.3536722685676068,1.1820373889058828,0.0024725044187619005,0.3021513949497603,2.6690723148640245,0.0064581181257068465,0.15979543692083098,0.20282026179484092,0.046645990216347855,0.32241627905750647,0.029937915784103097,0.3030370722990483,0.6608541663736105,5.517115872353315,2.964486551936716,49.243100725114346,7.901499047938479e-05,7.463783023878932,35.390740282833576,0.00012582604284482046,3.9827154530212283,0.044577760199899785,-0.08132353331893682,0.3405702855088748,1.0
3,25165824,0.35602837096666917,1.1547207991825417,0.002439502852880082,0.30109245114726946,2.6031452792230994,0.006053331517193783,0.37182197069932954,164.46164909005165,-158.2515187561512,0.0005803062777998136,0.7824095929390751,-0.6374742150073871,-0.0022643214256383715,0.844616040121764,-0.7839328271802515,-0.0168853021114046,0.6942920883884653,-0.5423657494829968,0.6415377475786954,0.3561799296294339,1.1683402789058164,0.002439502852880082,0.30119381577242166,2.621849792310968,0.006053331517193783,0.15952728452975862,0.20221903186757118,0.04612371150869876,0.32604223175439984,0.02983238767410512,0.30775920528685674,0.670489834039472,5.244177182205021,2.9663218231871724,52.01796592772007,8.234971416250236e-05,7.385578764602542,40.73034746572375,0.00013141065280364295,3.9661109526641667,0.04495045842486434,-0.07760763756232336,0.33039238455239683,1.0
3,25690112,0.40106572821736336,1.1301858223974706,0.015780627908784484,0.2421208585985005,2.5026910089949768,0.006370413584918425,0.11320279648362581,132.92067594791453,-127.77340110927199,0.0010169681907799108,0.5845546815171838,-0.5836255651215713,-0.0012563823052444906,0.7119871004780483,-0.5964330186221438,-0.03631895017915061,0.5343190361260592,-0.5120137725961589,0.5116095855335394,0.3609024294419214,1.199336401419714,0.0023857324238747424,0.3013929086737335,2.733041545143351,0.00636626908496396,0.1594616096408572,0.2024818782811053,0.04591426969273016,0.33085094450507313,0.029755957031738944,0.3123721792944707,0.6751712238183245,5.411599941551685,3.0052087013609707,50.57368542999029,8.301541676322688e-05,7.392463004216552,34.60502366349101,0.0001283893676756187,3.975382002070546,0.04505674902611645,-0.07942112919408828,0.3628251869813539,1.0
3,26214400,0.3537113743950613,1.165670124697499,0.0022113254234810142,0.2941180469933897,2.6411517513915896,0.005904798077096984,0.49494462804977957,144.31750455321134,-158.93576408922672,-3.561374020311092e-05,0.7133017362695988,-0.6347057988168672,0.0006704613845696095,0.8351705193053931,-0.710869298723992,-0.025549268913891865,0.5717799939448014,-0.5444600043119863,0.6398293398087844,0.3870507348676987,1.1656275411423678,0.0117225187543012,0.25776419379948595,2.5724710808527247,0.006231164087252199,0.13611455839214343,0.17020606178416062,0.0430476683024404,0.366470885106197,0.023895197912994076,0.3504159890428603,0.7218348123133183,4.516136126949617,2.2622731529245867,46.53687987475717,5.5484121416314095e-05,6.467867239737431,32.74669272789001,8.367347790884551e-05,3.9633555066919772,0.03084632518897638,-0.07642728581188996,0.33961011474586533,1.0
3,26738688,0.3648630234529264,1.1473706025863066,0.0024150079976834604,0.29722995962947607,2.665676361648366,0.0065428167302030715,0.6309521568300624,164.0142414867878,-155.8388244509697,2.8259771440275472e-05,0.7542696166201495,-0.6254406559164636,-0.0015224836240719242,0.776100430637598,-0.7159407484577969,-0.024539880134398118,0.5587345187086612,-0.5397815239266492,0.6442879379028454,0.3650137792574242,1.1630875015398487,0.0024150079976834604,0.29732565075391904,2.68580111884512,0.0065428167302030715,0.1554545848048292,0.2012012572668027,0.045055863680318,0.3358982195495628,0.028765469080099137,0.3185632467502728,0.6853805545251817,5.071564809419215,2.8037940724752843,48.55374654382467,7.232828811213482e-05,7.182505668140948,33.249409053474665,0.00011944048678560332,3.9573677983134985,0.042696308984886855,-0.07878041814547032,0.3292069330345839,1.0
3,27262976,0.36773332551820204,1.1698785979533568,0.0022826780737830177,0.2979562638211064,2.6816811254248023,0.006090263443951471,0.8042536271032077,164.14943408966064,-155.2879170924425,9.561543419778218e-05,0.7434819476329722,-0.6133556060958654,-0.0035851825053327957,0.7909952865447849,-0.7807194063207135,-0.02518922671879409,0.5811452466296032,-0.5377722118282691,0.6460797181352973,0.3679230064153671,1.2044842283939943,0.0022826780737830177,0.29808097414206713,2.72038028948009,0.006090263443951471,0.15512206795392558,0.20242674357723445,0.04504121307400055,0.3391019229311496,0.028651214022829663,0.3195450556813739,0.6888942128280178,5.385100637562573,2.8247304540127516,51.37726350128651,7.649237899520767e-05,7.250220444984734,34.881494369357824,0.00011285320304940671,3.946488257497549,0.042690651847806294,-0.07723469194024801,0.37373624282190576,1.0
3,27787264,0.36785146698821336,1.1513230641139671,0.0021815591547778013,0.29901217512087896,2.6468276055529714,0.005565998948839024,0.4287243681457369,164.81547766923904,-158.4740128517151,0.0003825990579464644,0.7608873669523746,-0.6127527815988287,-0.001463235570331456,0.8089059346821159,-0.779232285451144,-0.024826991291774902,0.5597807873273268,-0.561049435287714,0.6440330643672496,0.3680128760752268,1.1611285104881972,0.0021815591547778013,0.2991003564093262,2.661540737375617,0.005565998948839024,0.15580787602812052,0.20332664853776805,0.04473306024738122,0.33876883349148557,0.028909962053148774,0.31951060524443164,0.6884742474649101,5.358379905112088,2.8686093613505363,51.3339037746191,6.655433494538732e-05,7.192970053292811,33.9918469786644,0.00010667167613864076,3.9542489810846746,0.0435324465870508,-0.07793102826690301,0.319523901300272,1.0
3,28311552,0.3704391061910428,1.1628753223922104,0.0025943131766652527,0.2999237070325762,2.6616259892471135,0.00660466557349082,0.7590940070695069,164.29415807127953,-155.78492376208305,0.00019850053345038532,0.742985621560365,-0.5994896841002628,-0.0034363704513822313,0.8305806166026741,-0.8017566313501447,-0.01940184029081138,0.5744846153538674,-0.553853297024034,0.6459467761451378,0.3705836843000725,1.1782511946512386,0.0025943131766652527,0.3000255564111285,2.6854038804303855,0.00660466557349082,0.15513909503351897,0.20514845987781882,0.044640070336754434,0.3405676183174364,0.028790893720724853,0.3231960185803473,0.6940179687226191,5.018739973194897,2.926395543385297,52.6926789060235,7.242108119163981e-05,7.178402756340802,34.22072586789727,0.00011957198219011284,3.9507249142043293,0.044847363875305746,-0.0753384322160855,0.333387658407446,1.0
3,28835840,0.3771848501637578,1.1592133053345606,0.0025083487251365,0.30404645862290636,2.694162933854386,0.0065240454386525926,0.5798118214825081,164.674581438303,-159.66960191726685,0.00032793201151015694,0.7504141698591411,-0.6203370077419095,-0.0024770059105989617,0.7767817346611992,-0.7541319592855871,-0.021686235540983034,0.5607727975584567,-0.551035234471783,0.6473674243316054,0.37732016923837364,1.165476976078935,0.0025083487251365,0.30409631883958355,2.7066447134129703,0.0065240454386525926,0.15850462942034937,0.2071972818521317,0.044539724171045236,0.3481452374253422,0.029591923423140543,0.3297934123547748,0.7005389869445935,5.118549035862088,2.8438897798769176,48.17450267076492,7.397493159755353e-05,7.126655767671764,33.16649364680052,0.00010534935983325111,3.942914661485702,0.044821215196861885,-0.07887193467468023,0.30588881712174043,1.0
3,29360128,0.3785506145795807,1.147295531234704,0.0025838264256492494,0.3040247150347568,2.6370545227546245,0.00643275388802067,0.7507363136464846,164.98450100421906,-158.48389840126038,0.00025012807859781105,0.7623039843747392,-0.6295559275604319,-0.003034006307391479,0.7872271803207695,-0.7402712827315554,-0.024164324722733,0.5586364088812843,-0.5605288689257577,0.6448312241118401,0.37870592734543607,1.1568354557966813,0.0025838264256492494,0.3041079523973167,2.650012802099809,0.00643275388802067,0.15838809867273085,0.2070227308140602,0.04483793730469188,0.34965652017854154,0.029569009577244287,0.32980410009622574,0.6988826207816601,5.386850539594889,2.7285378905944526,50.304537393152714,7.408626977277455e-05,7.242963925935328,33.74899518489838,0.00010861360258046515,3.930090369656682,0.04486864154750947,-0.07836870173923671,0.3128546140505932,1.0
3,29884416,0.4371389790872733,1.1571009204536677,0.016082412268515325,0.25577128561834495,2.551677684684594,0.006620587718716707,-0.051971590759349054,131.97681051783263,-132.27293662563588,0.0013454226842391868,0.5967088223062456,-0.5924278722206752,-0.0023048074041086388,0.6683166449980733,-0.5931685210898285,-0.036637727952797836,0.543356765936672,-0.521342082033516,0.51540753642718,0.3753304253332317,1.178193992585875,0.0025757691508943026,0.30237263202434406,2.6882581640966237,0.006946735957924943,0.1566008056688588,0.20651329337852076,0.04478531987842871,0.3464097375399433,0.029104581673891516,0.3269894496188499,0.697944181971252,5.3560367515310645,2.74854035070166,52.96762106567621,7.741761178732542e-05,7.144280386157334,34.312075424939394,0.0001236987236442888,3.939782195724547,0.04366024859336903,-0.07679830712731928,0.34469307033577934,1.0
3,30408704,0.3729112471919507,1.1455262929666787,0.0022787368163506017,0.29764070868259296,2.6279856429900974,0.00617342326211201,0.292575180163567,144.59953735876724,-156.13667745888233,0.00023038437795719346,0.7268493950419198,-0.6208871311391704,-0.0059292867789793036,0.7484795894706622,-0.7284392785513774,-0.02748718033762998,0.5642396287294105,-0.5668453741818666,0.6482521914876997,0.41804768726508196,1.1685733203123385,0.011954210264129616,0.26832170013303513,2.5909555126851966,0.006483405347905751,0.13682186632269175,0.18307537565913015,0.04143825692242168,0.39856717232440675,0.024189815845636425,0.3823758286432685,0.766077243766495,4.411154570588929,2.208842425876423,43.047237282897406,5.8790197073466735e-05,6.10880500656198,32.97749751494658,8.47116864108555e-05,3.926779093029343,0.03216147759087668,-0.07431440946654738,0.3082293277937118,1.0
3,30932992,0.3797125512501225,1.1732161430409178,0.002409878068860394,0.30128348257858306,2.6871779174543917,0.006166113702590792,0.4569902186485706,164.78855472803116,-159.17096169292927,0.00032539146751275894,0.7559884361107834,-0.6165773782413453,-0.0033653504347350705,0.7470826309872791,-0.7396749856416136,-0.02654403001361061,0.5692064285976812,-0.5654585629235953,0.6432472374290228,0.3798872914048843,1.1982991803670302,0.002409878068860394,0.30136598949320614,2.711929648416117,0.006166113702590792,0.15570920196478255,0.20603736586053856,0.04451665154192597,0.3522049920866266,0.02873134181572823,0.332480687124189,0.707558446447365,5.39092786423862,2.749822615645826,47.7404800131917,7.940689748753282e-05,7.0656992578879,34.60300499200821,0.00010515471735117465,3.921330709941685,0.042355740239145234,-0.0795875332551077,0.36094041349133477,1.0
3,31457280,0.3805421633296646,1.166434835176915,0.0027498434448176567,0.29792640276718885,2.692560743307695,0.006710281887990277,0.8045627660721948,163.82130280137062,-158.21684005856514,5.831079201712441e-06,0.7713642087765038,-0.6302288672304712,-0.0019676376490984637,0.7817775593139231,-0.7548553196247667,-0.02785407723422395,0.5727542922832072,-0.5664586802013218,0.6439453683560714,0.3807020093081519,1.1876628836616874,0.0027498434448176567,0.29800583788892254,2.7134408827405423,0.006710281887990277,0.1524335157009773,0.20475279216771014,0.04446204558189493,0.3535493689705618,0.027966157420451054,0.3344274898408912,0.7116065073059872,5.3573617450892925,2.733866181690246,50.80490604788065,7.168767683708721e-05,7.012233763001859,34.79143753275275,0.00011731917498361555,3.926266436930746,0.04199231891107047,-0.07752744026947767,0.3330986046930775,1.0
3,31981568,0.38338748045498505,1.186823186231777,0.0022277705902471467,0.29740411340026185,2.6581250478047878,0.005750304428772779,0.2800499844897786,164.60289016366005,-158.75740852952003,0.0005159081721265446,0.769846954382956,-0.6164267429849133,-0.005778982602159033,0.7632057106820866,-0.7946934920037165,-0.02819154855387751,0.5765195429557934,-0.5616047532530501,0.651535683660768,0.3835415634675883,1.2082121863495559,0.0022277705902471467,0.29747555730864406,2.6882039222400635,0.005750304428772779,0.15182499517686665,0.20478415410616435,0.044200887889019214,0.3565216205897741,0.027943198339926312,0.33795309951528907,0.717158277053386,5.189431312959641,2.730336222331971,50.75056264549494,6.890125551547115e-05,6.99477316532284,34.680876560509205,9.417354012985699e-05,3.914200288709253,0.04099614845472388,-0.07988893589936197,0.32915925851557404,1.0
3,32505856,0.3811328432057053,1.1540053876815364,0.0023023326043123404,0.2948196546640247,2.6542117164935917,0.00623431224900628,0.3141272317666335,164.255497276783,-157.73516799509525,0.0003259677240903258,0.767285511479713,-0.6275865772040561,-0.00369359837987826,0.7401964280288666,-0.7385943977860734,-0.03244175485451706,0.5712813100544736,-0.5765782030066475,0.6460595659445971,0.3812697727116756,1.1608061144361272,0.0023023326043123404,0.2948681634152308,2.6642301667016,0.00623431224900628,0.15002336614998057,0.20321745917317457,0.044223178731044754,0.35460839740699157,0.02742826144094579,0.33606972685083747,0.715250663808547,5.084772089496255,2.6328982706181705,47.95279551297426,6.766574512222234e-05,7.05053049698472,34.4185009971261,0.0001018137828475707,3.9309209315106273,0.039849319524364546,-0.08215457492042333,0.3191837021149695,1.0
3,33030144,0.3839083820930682,1.1827063852688298,0.002334857592970252,0.2959576505818404,2.703392368275672,0.006173140961465151,0.15275464745536738,164.2792049050331,-159.10348796844482,0.0003699160203325391,0.7637205158243887,-0.6237353759934194,-0.005196633989655197,0.7498664240119979,-0.7508931768825278,-0.030091416661889525,0.5789406748954207,-0.5817671355325729,0.643232251284644,0.3840475559118204,1.1992594678886235,0.002334857592970252,0.2960304294829257,2.7220996259711683,0.006173140961465151,0.15065516263712198,0.20395859572454356,0.04430080148449633,0.3575574009446427,0.02758771252410952,0.33926123240962625,0.7201931950403377,5.095233052503318,2.667648507747799,49.550268799066544,6.786162189167944e-05,7.026162524707615,35.332141533493996,9.346162239412537e-05,3.925758541561663,0.04058397014887305,-0.0825504066888243,0.325986415555235,1.0
3,33554432,0.3834577421657741,1.189549362869002,0.002290388089374318,0.29499833489535376,2.720919572515413,0.006027992669203286,0.27705847297420405,164.46390303969383,-154.51302176713943,0.00033437311052786356,0.7608384772902355,-0.6197982392041013,-0.006038739245923352,0.7572296543512493,-0.8265677723102272,-0.03523761414544424,0.5815654105390422,-0.5787459535058588,0.6450500667560846,0.3836372618097812,1.2206632007146254,0.002290388089374318,0.29511961934622377,2.7603769812267274,0.006027992669203286,0.15034409001236781,0.20318049768684432,0.044342833301925566,0.3572776899090968,0.02751841553617851,0.3367832151707262,0.7160590876592323,5.541681196540594,2.776339838746935,53.14185607433319,6.466466704246193e-05,6.996825065463781,35.76131530106068,9.517508613356845e-05,3.9190958398394287,0.039851559296948835,-0.08104177803033963,0.3561322473688051,1.0
3,34078720,0.451833661571145,1.169495998347799,0.015420550694986258,0.2595321571392317,2.5812842099368574,0.005962056656723386,-0.3870753324726684,132.82740431288877,-132.23556544003387,0.0016909756512022036,0.6527817003925641,-0.629058721717447,-0.0019551006987370556,0.6713340999049251,-0.6051557537091625,-0.0396846219979246,0.5628806962298889,-0.5354978658323915,0.5016967002054056,0.3863354251952842,1.1975303082726896,0.002316780697320553,0.2953419677214697,2.7505998585838825,0.006071828054245998,0.14992839717888273,0.20376456339727156,0.044190037209773436,0.36047505494207144,0.02747851045569405,0.34106306300964206,0.7213501259684563,5.302540916949511,2.684425706975162,49.740336164832115,7.035567292983103e-05,6.998693837784231,35.58419040963054,0.00010312755206054458,3.918585310690105,0.0408386551644071,-0.08179870882304385,0.3375630054506473,1.0
3,34603008,0.38492574071278796,1.176160660223104,0.0021720126917230687,0.29090522951446474,2.6712873759679496,0.005633178211773782,0.32070282279801177,145.2659479093468,-158.92124658823013,6.989360558140589e-05,0.7677935741180293,-0.6341175216075499,-0.005427334145451823,0.7199896884849295,-0.7693096637958661,-0.03421661336324178,0.5795899036456831,-0.582465207669884,0.6491635480197147,0.43194627552946036,1.1827476737132976,0.011458371105225303,0.2689181969709973,2.622174941804086,0.005863700486271168,0.1348845160252928,0.18540241835295074,0.04138635387252494,0.4139408185625466,0.02369948833850082,0.3944380492250496,0.7815445391722372,4.95018599836034,2.25365319125796,42.879809571643335,4.93191930764208e-05,5.973765497145386,34.00855146275363,6.469070564529211e-05,3.9098057388980814,0.03185772884989151,-0.0787766037038832,0.3088453985646228,1.0
3,35127296,0.38849610910983756,1.1804130306700245,0.002214726463233063,0.2899214724311605,2.7318620963487774,0.005606922680616577,0.33141867136146175,164.2340358197689,-159.8142290711403,0.0002874348875430144,0.7941232431912795,-0.6464921700244304,-0.0031568492339602017,0.7421495401067659,-0.6780875637196004,-0.035792392864095746,0.5852454085834324,-0.5830334507627413,0.6472079565282911,0.3886506378185004,1.2011587255401537,0.002214726463233063,0.28998281696112826,2.7548686449881643,0.005606922680616577,0.14610330609139055,0.20075473436736502,0.04368948038609233,0.36438372428528965,0.026452258625795366,0.34473170043202117,0.728378715692088,5.319903048686683,2.6316895079798996,46.70047064870596,6.025191331932023e-05,6.905712446197867,35.611489702016115,8.627997049006492e-05,3.9040762879885733,0.03834331940743141,-0.08045892539666966,0.34495918854372576,1.0
3,35651584,0.38749751046998426,1.1769221074646339,0.002379314805537547,0.28943682729732245,2.6775775079149753,0.0058450925044724045,0.5468125720981334,165.24378469586372,-160.50267308950424,0.00034409611363805936,0.8050145985907875,-0.6695278465922456,-0.005096119654620979,0.7343016538070515,-0.7775623962515965,-0.03677251609406085,0.5812465576454997,-0.5646809015888721,0.651387290796265,0.38765094720292836,1.1888673270586878,0.002379314805537547,0.28948478592792526,2.699905216228217,0.0058450925044724045,0.14627754630055279,0.19973184834816493,0.044173310190672055,0.3635245205950923,0.026430895093653817,0.34229365829378366,0.7257019216194749,5.679513706825674,2.6722009666264057,48.4902858287096,6.894496956111329e-05,6.838065505959094,34.85964988917112,9.764972537285033e-05,3.904997310601175,0.038195700115466025,-0.08241614274447784,0.30942276981659234,1.0
3,36175872,0.3915620918851346,1.1764416883233935,0.0024496753473783883,0.293420230911579,2.72758886939846,0.006126315010192229,0.2645106191883997,164.87471678853035,-159.8626094609499,0.0002712489547117558,0.770182014326565,-0.6260621416731738,-0.0030217753676033965,0.7974170837551355,-0.735458669369109,-0.030382169989024987,0.58870877570007,-0.5668022870086133,0.6486676156055182,0.3917198679991998,1.191452526836656,0.0024496753473783883,0.29348686523735523,2.7517971254419535,0.006126315010192229,0.14724429411580786,0.20386050632805564,0.04372546873491956,0.3669140783022158,0.026819432114280062,0.3466302921879105,0.7291806589346379,5.370465983636677,2.646076628472656,48.96780214458704,7.145163993325584e-05,6.822823818773031,35.1168702095747,0.00011503104348462023,3.9115105434320867,0.040263445895107,-0.08355718769598752,0.32403707812773064,1.0
3,36700160,0.39498950383858755,1.1747590955346823,0.0022938338311817574,0.296154587296769,2.684279633453116,0.00575357156348133,0.1817008384696237,165.1982043683529,-162.53060322999954,0.000419299493025882,0.7642439059563912,-0.6371934224735014,-0.002822849167685604,0.7835744234034792,-0.8523250535945408,-0.030618255910667358,0.5778516533900984,-0.56246294954326,0.6479317074408755,0.3951406754204072,1.1876856773160398,0.0022938338311817574,0.2962599291349761,2.7083104122430086,0.00575357156348133,0.15009609301341698,0.204754837352084,0.04402107757050544,0.370240046933759,0.027398233287385665,0.3504352276213467,0.7326134467730299,5.251175234094262,2.616972006391734,54.78600940853357,6.116509837386999e-05,6.841025828383863,34.59861260280013,8.46415665003604e-05,3.9009190457873046,0.040268647790071554,-0.08053134044166654,0.32118342531612143,1.0
3,37224448,0.3988627534126863,1.1875069158850238,0.0023433721008672137,0.2957365898764692,2.6976656927727163,0.006156807574299705,0.5105549324580352,164.00325486063957,-158.93283268809319,0.0003297712233774064,0.7812536653364077,-0.6408928018063307,-0.0032856440166106893,0.7635150684509426,-0.7570425367448479,-0.02840643096351414,0.5817746568936855,-0.5697212485829368,0.6479429927421734,0.39901090640341863,1.2055560569278896,0.0023433721008672137,0.29582398291677237,2.7234521757345647,0.006156807574299705,0.1495265457779169,0.20472812742809765,0.04380035108624725,0.37441279948689044,0.02733469845043146,0.35529729165136814,0.7394518908113241,5.287187314126641,2.5666507678106427,51.080705255270004,6.75937175543262e-05,6.741737333126366,35.22325424104929,9.378424372523397e-05,3.8996668071486056,0.04084223523386754,-0.07877937011653557,0.3296305882395245,1.0
3,37748736,0.4000585316098295,1.167185862432234,0.0024570295639421147,0.2960500907502137,2.6705393658485264,0.0061237182222555475,0.5101509403961018,164.4366036951542,-160.41270503401756,0.0003844497744358577,0.7625819331151433,-0.6154805637488607,-0.002918046078167258,0.7448926598299295,-0.7305293353856541,-0.03101065168812056,0.5784726936835796,-0.5751970058772713,0.6480530833359808,0.40021536470158026,1.1771991652203724,0.0024570295639421147,0.2961221202276647,2.6869351302739233,0.0061237182222555475,0.1506206089979969,0.20420734482468106,0.04402767950523412,0.3755522483261302,0.02767090120323701,0.3542217154172249,0.7364093259675428,5.473988746292889,2.542841847985983,49.21937508881092,6.103775302005593e-05,6.75454624556005,34.729288041591644,8.772480226289237e-05,3.8910940401256084,0.03992665544501506,-0.07914437976432964,0.30597903876332566,1.0
3,38273024,0.47203073412179947,1.1709757039199271,0.01441935820046562,0.2672813903229932,2.5932279887050393,0.005972124546727476,0.062199226113073866,133.53283698409797,-132.10377959055205,0.0011640816645467566,0.6596198130150637,-0.6437067485476533,-0.0014239217702717907,0.657905464162371,-0.5802872481646288,-0.02930866506485169,0.5624905545481791,-0.5252270961439354,0.5195465392371019,0.40178126480896026,1.1866445834748447,0.0022605467466760842,0.29732498788507655,2.7156219696626067,0.0057469843072510685,0.15100029844325036,0.20511473118676804,0.04416003462392837,0.3775547681725584,0.0277120847858896,0.35748338769190013,0.7417630401905626,5.4301216918975115,2.5896410793066025,48.364366710186005,6.344015594560853e-05,6.772667383775115,34.29158106073737,7.50032636348541e-05,3.8854196639731526,0.04040523144794861,-0.08095834421692416,0.327074816217646,1.0
3,38797312,0.40397291857516393,1.1849193356465548,0.0023346022012695755,0.29973922279896215,2.6698207950685173,0.005586881200088101,0.18751473416432418,145.04131816947293,-160.4065115749836,0.00023009247365557428,0.7919694619758106,-0.6551796629501041,-0.00195074598952516,0.7550486089894548,-0.6634390518302098,-0.027557649093068903,0.5840555658214726,-0.5680353631032631,0.6469044196419418,0.45178760755284925,1.1830746622181663,0.010805225565192035,0.27697560109772557,2.624183906520778,0.0058538535736048615,0.13848946262020442,0.19205726343903376,0.04118367416183595,0.43371562456068036,0.02468137784206056,0.41371399928406577,0.8002695501129203,4.980143409714137,2.204203348106348,41.21009315579486,4.7367591219636205e-05,5.760572453976009,33.572115023106896,6.352362733559625e-05,3.8750424161553383,0.033367587676357884,-0.07536216985399478,0.2935624779593722,1.0
3,39321600,0.40833784046117216,1.1859204500215128,0.002033682634344558,0.3008797453949228,2.742563248379156,0.005353002631323989,0.1010331472984376,164.83687010407448,-161.151781976223,0.00033495129864746787,0.7959460759884678,-0.6432530736783519,-0.004759520450079435,0.7844533591996878,-0.7746321973390877,-0.030191096557246055,0.5870378810795955,-0.5733689848566428,0.6494212183170021,0.4084985097288154,1.2016720065148547,0.002033682634344558,0.3009784382302314,2.7620633605401963,0.005353002631323989,0.15306784980930388,0.20767643486033194,0.04421264235134004,0.38411890889983624,0.02820911094022449,0.36279816791648045,0.7465246160281822,5.607219816185534,2.618634312879294,51.23051078617573,5.8610896070036486e-05,6.739928192459047,35.42879535630345,7.136720099340521e-05,3.8745465567335486,0.04051920970232459,-0.07914183841785416,0.32508560142014176,1.0
3,39845888,0.4090175462770276,1.1901587262982503,0.001994501837938145,0.3008849968900904,2.689991732593626,0.005517411056359833,0.4423872793540795,164.9761177301407,-159.88321855664253,0.00026151881440661384,0.788883741130121,-0.6518706917995587,-0.0026806630676716736,0.7814119067043066,-0.7094504234846681,-0.02811895782360807,0.580283822841011,-0.5910473789554089,0.6521330818068236,0.409150208462961,1.1959423872176558,0.001994501837938145,0.3009246867732145,2.7030363702215254,0.005514124126136721,0.1530277059355285,0.2077988750534132,0.04398034334008116,0.3845279373927042,0.02823767968948232,0.36381421016994864,0.7437728120712563,5.400859802030027,2.5800206237472594,48.26688390225172,5.47155567019314e-05,6.808474508114159,35.359805922955275,6.630183882740115e-05,3.8738041962496936,0.040400465732091106,-0.07951295102247968,0.3092936493922025,1.0
3,40370176,0.4085567672154866,1.1871640211902559,0.0018232226165224574,0.30113885534228757,2.728518531192094,0.005189705795828559,0.6282085124387322,165.17330679297447,-160.02325858175755,0.0005194976576383681,0.7795822914340533,-0.6292390147573315,-0.006218605898094864,0.8242067921673879,-0.7317912958096713,-0.028138261372077977,0.579183955094777,-0.6032394026406109,0.6477448674850166,0.4087317668600008,1.205631896154955,0.0018232226165224574,0.3012222363613546,2.757528964895755,0.005189705795828559,0.1529478096344974,0.208080988668371,0.04422456437168876,0.3841212678235024,0.028229236453626072,0.3608519186382182,0.7406998536316678,5.8162737544626,2.608522965107113,51.87152213603258,5.153401923055356e-05,6.8063409412279725,36.25815175101161,7.147838892535008e-05,3.8637276589870453,0.04037392893224023,-0.07930505234980956,0.33562489092582837,1.0
3,40894464,0.4118956698803231,1.1815206340979785,0.002284637261148248,0.30059919029008597,2.7015079697594047,0.005853741087776143,0.07033313814270059,164.99373626708984,-160.34180188179016,0.0006962913909885904,0.7942477952456102,-0.643602863594424,-0.006632927956072621,0.8305068429326639,-0.7513283942826092,-0.03124390239827335,0.5753901113057509,-0.5838989220792428,0.6486009495565668,0.41203817719360813,1.1879179214593023,0.002284637261148248,0.3006522589130327,2.7128454961348325,0.005853741087776143,0.15240026090759784,0.20801660069264472,0.04401248645444866,0.3878957207198255,0.028085432611987926,0.3669542260468006,0.7487212812993675,5.427697074599564,2.6065247296355665,52.599935576319695,6.075893983990138e-05,6.749861705116928,34.80338688567281,7.41898333196725e-05,3.8770390865392983,0.03951083822903456,-0.07881679543061182,0.305122816178482,1.0
3,41418752,0.4148935587727465,1.1875927881337702,0.0018441972400147222,0.30082631343975663,2.7152834075968713,0.00495281188302954,0.10062330450955415,165.3171517252922,-162.23049145936966,0.0006266387850928368,0.7732414990896359,-0.6473581416066736,-0.006624288860166416,0.7496549754869193,-0.6951893103541806,-0.02953289797369507,0.5745122454827651,-0.5755568637978286,0.6478142178384587,0.41503749700495973,1.1964068063534796,0.0018441972400147222,0.3008574229897931,2.7281280064489692,0.00495281188302954,0.15250186427147128,0.20801407541148365,0.04394424166821409,0.39113345864461735,0.028200737287988886,0.3685863736900501,0.7506393218645826,5.877461898140609,2.6092878812924027,47.11071985214949,4.817508967519535e-05,6.659239598549902,34.548145927488804,5.0424927689463744e-05,3.8617005022242665,0.040257645458041225,-0.07818671996938065,0.32877922285115346,1.0
3,41943040,0.41542292101075873,1.1875096776057035,0.0016651932790985313,0.29988135589519516,2.7276642897631973,0.00459384799971474,0.038938618416409554,165.3317073881626,-161.71058216691017,0.0008423789373885882,0.8215721666347235,-0.6675780828227289,-0.00703848280886632,0.7846481659216806,-0.6978105482412502,-0.029751790472801076,0.5894432351924479,-0.5771750523708761,0.6522623879136518,0.415566659939941,1.194543612189591,0.0016651932790985313,0.2999141563195735,2.7384442891925573,0.00459384799971474,0.15204793401062489,0.20743540488183498,0.04404823090590071,0.39172768901335075,0.027991126480628736,0.3682374703348614,0.7496913429349661,5.993014927022159,2.6147956494241953,47.608580000698566,4.982234831268223e-05,6.667181475088,35.29054261371493,5.368233241861975e-05,3.8526759832166135,0.04042837997258175,-0.07833361922530457,0.31869506754446775,1.0
3,42467328,0.4872396681457758,1.1987116956710815,0.01514973916905395,0.27936306012173495,2.612824607764681,0.004614531806564627,-0.19810446897599227,133.56702809239425,-134.29333989289898,0.0015979033576816923,0.6546045812095205,-0.6596432323815922,-0.00592881775222736,0.6387482172780438,-0.5785685166411956,-0.022580611296374023,0.5738850828548311,-0.5273323863326611,0.5220023100574811,0.42060338257579133,1.2029055976308882,0.0017661882099631043,0.3030841270228848,2.7021969768684357,0.004642397229218886,0.15324109277571552,0.21019833194441162,0.043967083605821244,0.3967375280917622,0.02839013448829064,0.3748921996448189,0.7572140455013141,5.71438913512975,2.696959058754146,49.71425352245569,4.492790647567246e-05,6.635666617192328,35.254993576556444,5.333894254517038e-05,3.859264339786023,0.04145560222968925,-0.07874004147015512,0.34766088816104457,1.0
3,42991616,0.41858768626116216,1.2127403832273558,0.001824321781928262,0.30518892616964877,2.737836900865659,0.004978557247468984,-0.10783621481436256,145.590089782881,-160.15633995831013,0.0008986496852223524,0.7923878632468458,-0.643189023132436,-0.007700094141000591,0.7799492576159537,-0.6735438483883627,-0.02448843057754857,0.5928748949663714,-0.5875813238089904,0.6501458388520405,0.46681687439504627,1.213538271975573,0.011164567614025706,0.2870764223179806,2.663220298189287,0.004723399228143501,0.14278210960676738,0.20006230317935278,0.04172882821876556,0.44747031955309563,0.02598288370308327,0.42704768677320437,0.8099390595942457,5.075422207724791,2.296950700096068,41.132971765429964,3.679119319855496e-05,5.607391374805294,34.34358992684136,3.60222753160837e-05,3.8569597374891567,0.03582009795494078,-0.07405258300844754,0.3042225388409657,1.0
3,43515904,0.41950417339103296,1.1956127082230523,0.0018926623671422504,0.3027939749881625,2.7381164834368974,0.005056279701946664,-0.015574763128881841,164.81640562415123,-160.76915153861046,0.0008101290082862533,0.8072821345413104,-0.6566926662344486,-0.00706430708305561,0.8319393317215145,-0.6981451966566965,-0.023984842757272418,0.5804230690700933,-0.5781748067820445,0.6505980169167742,0.41965875832829624,1.2073656242573634,0.0018926623671422504,0.3028729901998304,2.7563613983802497,0.005056279701946664,0.15259054020862095,0.21032017792458646,0.04422092594177229,0.3956733259255998,0.02832150769245345,0.37290714296977967,0.7555772077757865,5.823139730840921,2.6542935711331666,51.49155367910862,4.776648026794117e-05,6.652471638284624,35.01904425024986,5.215357473469309e-05,3.857613985426724,0.04124861745367525,-0.0784964039339684,0.3180339535465464,1.0
3,44040192,0.41938260733149946,1.1958051407709718,0.0017752169208868906,0.301741965347901,2.7368930059019476,0.004527553622210689,0.15004965217053723,164.84351521730423,-160.38901203870773,0.0009996918475412286,0.8050248415675014,-0.6474223419791088,-0.007711623025443259,0.7840507213259116,-0.7002282870234922,-0.028184614195197355,0.5810365792131051,-0.5897612617118284,0.6490938430652022,0.41952773358207196,1.203340464970097,0.0017752169208868906,0.30177086661569774,2.745590407634154,0.004527553622210689,0.15162008986226283,0.2098202940542251,0.044217389600817114,0.39554888813290745,0.028042603964422597,0.3730736715369858,0.7562840328318998,5.752063539810479,2.617005992680788,48.0259418040514,4.2406115402356115e-05,6.706823885440826,35.155871987342834,5.1878786998277304e-05,3.852043181657791,0.040541541544371285,-0.07931624207412824,0.3379454098176211,1.0
3,44564480,0.42389185476349667,1.19448375958018,0.0019501449747636457,0.30378494021715596,2.731130665400997,0.005224168287099928,0.4433345468819425,165.84669440984726,-160.6437021791935,0.000851559792135248,0.7927272218512371,-0.6489984826184809,-0.006248137463956027,0.7808157172985375,-0.7928344327956438,-0.027616585917712655,0.5952836973592639,-0.58785175322555,0.6494150506332517,0.42405375774251297,1.2059092235285789,0.0019501449747636457,0.30383650748990476,2.7559252365026623,0.005224168287099928,0.15305303927743807,0.2109478421334643,0.044234424152818974,0.4000732582062483,0.02839957685137051,0.37575034657493234,0.7576369474409148,5.949337336234748,2.668567741755396,51.42485932260752,5.057277271559163e-05,6.757418389432132,35.81420548632741,5.374521540498899e-05,3.842098515946418,0.04035500909230905,-0.07881370338145643,0.31394040305167437,1.0
3,45088768,0.42418995883781463,1.1914940227288753,0.0017797678029438657,0.30407848255708814,2.7624992148485035,0.0047329053745670535,-0.29775498883964246,165.37662079930305,-162.58623427152634,0.0008377345893961774,0.8107711696065962,-0.6663290424039587,-0.005960440164386682,0.8010960369138047,-0.6409502110909671,-0.029747588705504313,0.581176022416912,-0.5983660811325535,0.6485520350979641,0.4243428699555807,1.1966472486965358,0.0017797678029438657,0.30409864912508056,2.777274166001007,0.0047312376964328,0.15334805415477604,0.21106238520587794,0.04411235244333511,0.4005079045891762,0.028434957523131743,0.375913807481993,0.7565309571800753,6.05111094750464,2.666310834698379,48.20908937603235,4.621411503172301e-05,6.809928643517196,35.641211204230785,4.962709444577065e-05,3.845363972708583,0.040565542403783184,-0.07865327276522294,0.293248524365481,1.0
3,45613056,0.4230774678871967,1.186893603648059,0.0014431857694603423,0.3034419839968905,2.7167158203665167,0.004141170529990745,0.2199837495554675,165.03325325250626,-161.24817438423634,0.0003945650996399763,0.7907888449262828,-0.6538324182038195,-0.004956788131718071,0.7811209905194119,-0.6401794673874974,-0.028704666463454487,0.5812962347408757,-0.5860695184674114,0.6512674298137426,0.42321783502120525,1.1932995460228994,0.0014431857694603423,0.3034667407046072,2.7290483731776476,0.004141170529990745,0.15255414112471044,0.2110321374493651,0.04403101682692068,0.3991168549982831,0.02824335668628919,0.37623361602891237,0.7579742847010493,5.770968130789697,2.6976826721802354,47.203470557928085,3.958921357093831e-05,6.757984204217792,35.09194843098521,3.793750309142446e-05,3.841432798653841,0.04067147751629818,-0.07835153001360595,0.30908602837007493,1.0
3,46137344,0.42407298466423526,1.196518299402669,0.0019205239463211399,0.304004744568374,2.78755914978683,0.0050255277729576164,0.010693006144833817,165.79808247089386,-162.56176608800888,0.0006916534798335761,0.7942716231918894,-0.6599858661647886,-0.005565100016639235,0.7846811130875722,-0.7717206289526075,-0.025885643841320416,0.5959917119471356,-0.5873975990107283,0.6504584054928273,0.42424239084357396,1.2151008526561782,0.0019205239463211399,0.30405032506678253,2.8026059684343636,0.0050255277729576164,0.1531400969834067,0.21104644640581682,0.04436617972532986,0.4003092034254223,0.02843997896707151,0.3752084480947815,0.7556318669812754,6.061890904791653,2.7193599944002926,51.00025103986263,4.600026849952213e-05,6.679066943004727,35.84463744983077,5.132078566643999e-05,3.8420071569271386,0.040515141721698456,-0.08017917652614415,0.32850658777169883,1.0
3,46661632,0.49488585166633126,1.1989128107825917,0.014212969222898362,0.2827808394531409,2.6366300508379936,0.003257292816694341,-0.40419111659027596,133.70926312940816,-135.0262642045816,0.001543806339294965,0.6826466818153858,-0.6617728485912084,-0.005523522901282453,0.6770756697513085,-0.587153485531356,-0.024893204369661057,0.5812888361695028,-0.5396934923182319,0.5306432995200157,0.4291562802391127,1.2116320856148377,0.0018357670377895374,0.3050417457707226,2.7815529173240066,0.0045635956426046675,0.15371688685263507,0.21197066910099238,0.043946107871306594,0.4058214407414198,0.028482073877967196,0.38214767177123576,0.7652612606761977,5.826927182264626,2.706175934523344,48.80272836983204,3.9464338186780135e-05,6.680698450654745,35.29882745817304,4.17329159913566e-05,3.83555302163586,0.04137195755902212,-0.08008206525119022,0.3183686318807304,1.0
3,47185920,0.42737785808276385,1.1986291443463415,0.001653113592652744,0.3056464969413355,2.730864636832848,0.004425250969603667,0.0727040670940653,145.51529608108103,-160.66097271442413,0.0007898201726668219,0.8036059899708239,-0.6347899449174292,-0.005145404172424151,0.8114716098643839,-0.648819065769203,-0.028624317037611036,0.5907308508176357,-0.5828806649660692,0.6470914093079045,0.47479484968374824,1.2053706247672857,0.010456750716656681,0.2895939136011021,2.672031706877958,0.0036065887128915223,0.14247059332050174,0.20289774798509605,0.04197792679715519,0.45575649489726977,0.026072153891219158,0.43424614764332214,0.8192747142688136,5.301216975842368,2.339457144521212,43.02783077496983,2.950823298810285e-05,5.719251082659586,34.57852607334433,2.847635141136991e-05,3.8374213673801068,0.035144226714352196,-0.07277388360664666,0.2938103737814404,1.0
3,47710208,0.43256064550951123,1.2027079617837444,0.0018651185769265055,0.3058086578384973,2.735134767135605,0.004785705614224867,-0.22143877358621467,165.45278096199036,-161.97342386841774,0.0007193822977331621,0.7999500287696719,-0.6567816775641404,-0.004710823834045641,0.7549563242355362,-0.6459009505342692,-0.02609679706802126,0.6006668554618955,-0.5727325961925089,0.6498407317558303,0.4327021576464176,1.2138208964606747,0.0018651185769265055,0.3058395959669724,2.751697030151263,0.004785705614224867,0.15331132506253198,0.2132322646502871,0.04393859809351852,0.4093138388125226,0.02849028956188704,0.387079807696864,0.7714374831411988,5.6592649929225445,2.6656228601932526,45.068657264113426,4.011605916935668e-05,6.5915572848171,35.80610231682658,4.4970053913538643e-05,3.8298924206756055,0.04123474586958764,-0.07535567868035287,0.31820734444772825,1.0
3,48234496,0.4338002183358185,1.1904333669226617,0.001574878150780279,0.30580598959932104,2.704538643360138,0.004128652614497241,0.3486212199950387,165.2989899814129,-161.38556170463562,0.0009517373022962516,0.8065567550365813,-0.648903449124191,-0.0061675316313767325,0.7634230670519173,-0.7433724482543766,-0.02639875077511533,0.5852651236345991,-0.5755472159944475,0.6504452892113477,0.4339477382018231,1.1997182189952582,0.001574878150780279,0.3058392663951963,2.7179073279257864,0.004128652614497241,0.15309538683504798,0.213421382708475,0.043956810572126415,0.4107343448558822,0.028482223642640747,0.3865874104667455,0.7700815272983164,5.95741512440145,2.654937090817839,49.54765620082617,4.068099750879732e-05,6.610762068070471,35.03636780381203,3.706020070966959e-05,3.8272009599022567,0.040969460300402716,-0.0757552805589512,0.31053891126066446,1.0
3,48758784,0.43222899036481977,1.186681514722295,0.0012184744831298389,0.30466937564779073,2.71731515834108,0.0036141147478190305,-0.11617338340147398,165.3836269378662,-162.2778543829918,0.0007851878465019446,0.8076971451519057,-0.6578433924587443,-0.007778753674301697,0.7947468484053388,-0.793295871000737,-0.029053418911644258,0.5828957225312479,-0.5842179687460884,0.6538059731246904,0.4323761490522884,1.188961791456677,0.0012184744831298389,0.3046819302835502,2.7224547625519335,0.0036141147478190305,0.15289279681746848,0.21204451250378042,0.04410720930172829,0.4091438408358954,0.0283630175399594,0.384361038391944,0.7671508438652381,6.029199216514826,2.6692635882645845,50.33701515942812,3.97923350369811e-05,6.689442883245647,34.82590865716338,3.1841921030326126e-05,3.8261389704421163,0.04103009615209885,-0.07522724196314812,0.31417201552540064,1.0
3,49283072,0.4354062909260392,1.1931520785437897,0.0013622564311361884,0.3053585169254802,2.73420562595129,0.0037705610082667818,-0.3525318496103864,165.32322126626968,-162.29485726356506,0.0010245338772616464,0.7983359766076319,-0.6534067508764565,-0.00631292725614685,0.8226850207429379,-0.7985080101061612,-0.029883236857131124,0.5882472735829651,-0.5818875125842169,0.6493744921172038,0.43554912228137255,1.199961834703572,0.0013622564311361884,0.30538223031908274,2.754101303871721,0.0037705610082667818,0.15273747080937028,0.2131332119461149,0.04375971844274318,0.4124808142078109,0.028296410313487286,0.3875142087927088,0.7715580726508051,6.093212857842445,2.6862080018036067,51.623146288096905,3.528633779821544e-05,6.668684984557331,35.269070480018854,2.5936002270826597e-05,3.8222795235924423,0.04058915068162605,-0.07625993742840365,0.3213174186530523,1.0
3,49807360,0.4370143927517347,1.1999463078100234,0.0016040829450361116,0.3035482987179421,2.674197160638869,0.0039846863701882285,-0.03026131391004583,165.37302160263062,-162.47706255316734,0.0008860657990901188,0.8106659383629449,-0.666589533619117,-0.006927947566964576,0.7717010097112507,-0.7974843187257648,-0.029756559848465258,0.5797291732160375,-0.5871770645026118,0.6493045135866851,0.43715164926834404,1.1999463078100234,0.0016040829450361116,0.30354653706308454,2.677836509887129,0.0039846863701882285,0.15189214731799439,0.21175391503493302,0.04378741592518054,0.4144707059022039,0.02808444575566682,0.3893478533718735,0.7728719072183594,6.098388969898224,2.718687256332487,49.16637174040079,3.611376055345566e-05,6.61087088752538,34.834367007017136,3.198309373747543e-05,3.814386459067464,0.04010851203929633,-0.07658496062504128,0.2903476348728873,1.0
3,50331648,0.43256217922316864,1.2096322268480435,0.0013839735546241627,0.30351849604630843,2.7210837667807937,0.0037916063133138778,-0.07657749871123087,165.44942101836205,-162.27094933390617,0.0010888390761465416,0.7935157447936945,-0.6352732029627077,-0.00628535011128406,0.7447846599388868,-0.7727766886819154,-0.03269692979665706,0.5976898563094437,-0.5973957749083638,0.6497584305470809,0.43273043201770633,1.2282961554592475,0.0013839735546241627,0.3035595764522441,2.7360128071159124,0.0037916063133138778,0.1525153861148283,0.21106547300587408,0.0439331140005379,0.40912618272705004,0.028263087646337226,0.38355686113936827,0.7673237822018564,6.171898198314011,2.6360256453044713,48.94931999593973,3.609301318163727e-05,6.722143373452127,36.394659634679556,2.8963044264963128e-05,3.8111218390986323,0.038891740201506764,-0.07742293732007965,0.3305339209618978,1.0
3,50855936,0.4895520862440268,1.197956134453416,0.014000626035090136,0.27774640937025347,2.6291970152159534,0.0029564888400636846,-0.747342729473797,132.02079834232728,-135.68061783100168,0.0013964214156146682,0.6878126498808463,-0.6565078363567591,-0.00537504890115656,0.6633524186788903,-0.5994039879658764,-0.03529352567927466,0.5747544802365397,-0.5501446316498915,0.5329657631119092,0.43875226040836424,1.2061586879426613,0.0015942444810796985,0.3052166146808304,2.7651002458296716,0.004194849686115276,0.15298239700496197,0.21287381518050097,0.043509389739483595,0.4154120240127668,0.02833877139710239,0.3909389734035358,0.7733586903195828,5.880067919380963,2.6057874048128724,49.185040816664696,4.214587785603824e-05,6.538530955091119,34.55182385444641,4.304043147716069e-05,3.8145927735604346,0.03926015748584177,-0.07756270986283198,0.3015955616720021,1.0
3,51380224,0.4327336215064861,1.1833885696250945,0.0016028662156539752,0.3009225519490428,2.7130584625992924,0.004427981621716981,-0.04719235752872919,146.1287834244284,-162.2315173149109,0.0010229880081960019,0.8139695452665475,-0.6793693583458662,-0.005555953743396458,0.8400740785291418,-0.656703494139947,-0.03494145972945262,0.5828082980588078,-0.6019503606949002,0.6548441383056343,0.47266707901851596,1.2040903378695806,0.010292884780679322,0.2846655881545881,2.669665097041386,0.003396561447660932,0.14086525959928878,0.19829020061025343,0.04214165847265449,0.4545183939354442,0.025475342918750962,0.43344044297167633,0.821872431993763,5.230872187946235,2.300384871970109,43.431873687634365,2.7476437519628063e-05,5.9655245100044665,34.77568559453466,2.5260764667786077e-05,3.8237522238882904,0.03357929996479393,-0.07436333457443202,0.3023475164147181,1.0
3,51904512,0.43710163194919005,1.1966266395756975,0.0011321722547208424,0.30282248073490337,2.7474932291079313,0.0034631075861284444,-0.12806606264967968,165.59475645422935,-162.97372779250145,0.00103595450090177,0.8256451842025854,-0.6769177290261723,-0.0066670767971857,0.7720772068714723,-0.6953996325610206,-0.033118324921815656,0.5761293699615635,-0.5868672099895775,0.6530886548571289,0.4372394315432757,1.1997064390452579,0.0011321722547208424,0.3028532319003716,2.7538406730163842,0.003461662262623122,0.1520344371383544,0.2106021819054149,0.043863489176146686,0.4140951595036313,0.02813942545253667,0.389606828102842,0.7736279816599563,6.0525024719536304,2.651495919097215,47.57104769349098,3.1460141958122856e-05,6.6671939548105,34.80799102410674,2.4421981606331106e-05,3.8036199556663632,0.03876636848144699,-0.08068705827463418,0.29950109706260264,1.0
3,52428800,0.43960498191881925,1.2022447305498645,0.001502059843630832,0.30547392839798704,2.7046828321181238,0.003973944782487138,-0.11414253843395272,165.3487963974476,-161.75591027736664,0.0009992180031755393,0.800790021312423,-0.6527327151270583,-0.00854986626018217,0.7681888913502917,-0.655883154598996,-0.032739974307332886,0.585069649037905,-0.5876376202795655,0.653836838202551,0.43975482624955475,1.2119016848737374,0.001502059843630832,0.30551376717630774,2.7196038882248104,0.003973944782487138,0.15291943601914681,0.21316991903586313,0.043896755247260444,0.4162974175415002,0.028339509917714167,0.39166930853389204,0.7739802089054137,6.061757720075548,2.619744195137173,46.77503119409084,3.8272064695189095e-05,6.766224994324148,35.350889313966036,2.9892199377795636e-05,3.8043622076511383,0.03876486676745117,-0.07882570195943117,0.3136900159297511,1.0
3,52953088,0.44094330369262025,1.2010624057147652,0.0015956823478653348,0.306560892960988,2.725577727193013,0.003884344738054324,-0.6908135437095098,165.3804356753826,-163.12592408061028,0.0012615384692367115,0.808727853698656,-0.6503177753766067,-0.008026379507441561,0.7564082613680512,-0.7713151674252003,-0.03211234106129268,0.5930794461164623,-0.5869746278040111,0.6474557261099108,0.4410909354337491,1.206848937785253,0.0015956823478653348,0.30662653606850654,2.739684010623023,0.003884344738054324,0.15378931324812584,0.21363005903549492,0.04398059452068992,0.4173968175891787,0.028673897621047217,0.3931095564039424,0.7774162272689864,5.979800097644329,2.58941279258579,50.263796612620354,3.7289262417916635e-05,6.811491512693465,35.53922087699175,3.302084376085798e-05,3.7985216095112264,0.03938175550865708,-0.07872368243988603,0.3084549913764931,1.0
3,53477376,0.4463596600689925,1.2123646376421675,0.0015631539478810907,0.3124240228207782,2.7155475723557174,0.004248712769296503,-0.51441475921456,165.6976003050804,-163.45021212100983,0.0011467996771648004,0.7906475340714678,-0.6511362455203198,-0.008100684143130366,0.7793081079144031,-0.7032931046560407,-0.029931120581750292,0.588468155125156,-0.5918263595085591,0.6506207725033164,0.4465155440848321,1.215908365440555,0.0015631539478810907,0.3124785505933687,2.720183339435607,0.004248712769296503,0.15698839249671437,0.21793006631196477,0.04391785168991191,0.42278315633302554,0.029391240648692474,0.3960110330954194,0.7780202100984752,6.271848456934094,2.6262619658373296,49.129150159657,4.169653195160855e-05,6.702449265867472,35.294273652136326,3.4078140244773146e-05,3.7899248735047877,0.039727502095047385,-0.07970614166697487,0.3001161218271591,1.0
3,54001664,0.4442172980052419,1.217039222130552,0.0009032327930604822,0.3107597745838575,2.7096831670496613,0.0026560477005617145,-0.38064371901282357,165.0863353908062,-161.1514780819416,0.0012153052713692603,0.828713581780903,-0.6595066521549597,-0.005975567790301284,0.7893165984423831,-0.7676323695341125,-0.030823312834399985,0.5810972176259384,-0.5994355144212022,0.6518245083279908,0.4443581335945055,1.2202896531671286,0.0009032327930604822,0.3107824490289204,2.7175720606464893,0.0026560477005617145,0.1557233766070567,0.216700049379142,0.044022991038218606,0.42128959292313084,0.029030240806605434,0.39631802873918787,0.7813175230985507,6.060999915935099,2.7066487688571215,49.59443715214729,2.586623728987585e-05,6.757819001562893,35.473634749650955,1.99084573418995e-05,3.787733885459602,0.03945235464925645,-0.0797942811041139,0.3234711845871061,1.0
3,54525952,0.4456006162217818,1.2035144094843417,0.0012606183963228546,0.30681612866465,2.7548467558808625,0.0036526785543600226,-0.2633302984713737,165.65543311834335,-163.17605650424957,0.0009508593101443807,0.8146925589535385,-0.6570512831676751,-0.0063750264364443865,0.7767018887680024,-0.7081707048928365,-0.03377242088026833,0.5843548782868311,-0.6096431597834453,0.6522974850377068,0.44575257040560246,1.215771964751184,0.0012606183963228546,0.3068705364712514,2.765043871011585,0.0036526785543600226,0.1529530345578678,0.21448518653050996,0.0438160026242258,0.422978462127503,0.028400951228832128,0.3980340870912187,0.7829641776625067,6.010282297618687,2.608313223347068,48.20513418316841,3.632374501150171e-05,6.697619039565325,36.27117510885,2.1764739404449632e-05,3.7913119145669043,0.03829740526271053,-0.08152092184172943,0.31596403414732777,1.0
3,55050240,0.49694380752742295,1.202239860991637,0.014542343362627434,0.2815648159198463,2.6513612866650025,0.003313715610129293,-0.3545199134584982,135.28286701406043,-135.45923156196872,0.0006365291905770694,0.7002533518212537,-0.6581469580406945,-0.0034874920021216362,0.6578440792657785,-0.6048717818595468,-0.034327837536099345,0.57309687906071,-0.5618549242628312,0.5228995201488336,0.4443245245493017,1.2209114123834297,0.0014007927307559953,0.30537098564673215,2.7363872264977545,0.0035859954923012083,0.15259235783014446,0.21310724929207936,0.04387141613551648,0.42124295682879165,0.028259457569220103,0.39608007424976677,0.7805807454278693,6.038057830184698,2.638251781463623,49.38111546635628,3.64556589494032e-05,6.669974364340305,35.457923747599125,2.358548847607167e-05,3.797056760173291,0.038181175776117016,-0.07897813175804913,0.3152629774995148,1.0
3,55574528,0.4459975526551716,1.1940390496747568,0.0013747947292301888,0.3086353584076278,2.747855408815667,0.0037147010256717294,0.004870313890322109,146.2180199427095,-161.555369079113,0.0005950996048973423,0.8165964777015637,-0.6632044421858154,-0.004085472458108086,0.7803773428313434,-0.6970290646422654,-0.033706645135680446,0.5794576831976883,-0.6040511706378311,0.6570883120875806,0.48181353657393255,1.2043750701454756,0.010604384892826389,0.28964159415303686,2.6863071921446893,0.003433636482067218,0.1424530825303502,0.2028272363039552,0.04235391325870024,0.463946370059781,0.02593418126071751,0.44093471899559006,0.8290879317672453,5.434081971775915,2.2893774964309204,42.4704025533294,2.5303568399572426e-05,5.984203455659613,34.67140454294543,2.5648291342825904e-05,3.809694654195108,0.033505136693076275,-0.0746780370196728,0.29070168939010005,1.0
3,56098816,0.44980895053595304,1.2019957058364525,0.0015574112605207802,0.3090709548559971,2.7366615983191878,0.004063412126527055,-0.4208890082838934,165.61151039600372,-163.22572121024132,0.0008342252615936019,0.8144831625977531,-0.6840099829714745,-0.006528204530724224,0.8125464848708361,-0.7449624030850828,-0.03138462352944771,0.5813005121890455,-0.5821733669145033,0.6561835883185267,0.44995577476220205,1.2070799969369546,0.0015574112605207802,0.30912097019609064,2.7559199139941484,0.004063412126527055,0.15508606284856796,0.2155962927499786,0.0436513196254964,0.4268015790148638,0.028913139725773362,0.4012293698033318,0.7833141410956159,6.257526131346822,2.681394177954644,51.234547950327396,3.835493010807822e-05,6.569352212361991,34.925923977047205,3.4908973490642425e-05,3.7882761382497847,0.03951689074165188,-0.07898232917068526,0.3365703037707135,1.0
3,56623104,0.44542778795585036,1.2041010179091245,0.0012364149504335842,0.30900935287354514,2.7600633238907903,0.003346169524945708,0.025976147735036648,165.2581771016121,-161.74793779850006,0.0008231814478047994,0.817043786868453,-0.6649375359411351,-0.007074389641275047,0.8403622820042074,-0.8328739543212578,-0.03272242746606935,0.5885474661481567,-0.5956099091563374,0.6561143395956606,0.4455773245426826,1.2174452277831733,0.0012364149504335842,0.30911103944526985,2.780737678287551,0.003346169524945708,0.15622411738149822,0.21458147183875553,0.043907380182645284,0.4221595099661499,0.028965557208721293,0.3982029231265187,0.7830641996115446,5.876926518976688,2.7574651520699263,54.52482408285141,3.412636325460759e-05,6.649591255001724,36.11834466457367,2.3638783146050918e-05,3.7882066247984767,0.03942112317599822,-0.07937590323854238,0.32930083194514737,1.0
3,57147392,0.44824625144246966,1.1926753200823441,0.0016051066366209454,0.3100607897504233,2.7315361094661057,0.004180009573204302,-0.021537258308967466,165.50669100880623,-161.83095678687096,0.0004201625656523045,0.8182499526883475,-0.6763154580257833,-0.005059714114189262,0.82365902652964,-0.7225109249120578,-0.033202625330886804,0.5799911797512323,-0.575193832279183,0.6569958883337677,0.44838806334882975,1.195669029490091,0.0016051066366209454,0.3100958280847408,2.7378107546828687,0.004172541047367417,0.15656451659742743,0.215422093460802,0.0439683447839343,0.42496799788204953,0.02922355002738186,0.39997031638631597,0.782322014332749,6.0847746431827545,2.6659636572003365,50.60514613240957,4.0181611274864304e-05,6.612573088146746,34.35532043129206,3.821925691493283e-05,3.787528808694333,0.03929242651065579,-0.08002275560284033,0.2943569046910852,1.0
3,57671680,0.4451699481578544,1.2075840283650905,0.0010863199042105975,0.3102311739930883,2.7244479830842465,0.0032007353745058253,0.024344670343758423,164.89399683475494,-161.25445598363876,0.0008660019153428067,0.7918536854558624,-0.641927462129388,-0.005583802233445567,0.8540657589910552,-0.6922040624776855,-0.031073186040885048,0.6001282032812014,-0.5958567026536912,0.6569767082110047,0.44531264202669263,1.216948011657223,0.0010863199042105975,0.31027519528288394,2.7352093434892595,0.0032007353745058253,0.15766637583146803,0.21456213819328696,0.04406557534093736,0.4219260938698426,0.029450542973791016,0.3984095415798947,0.7821368590230122,5.873708461411297,2.671591841150075,52.061152540147305,3.0777355522959224e-05,6.640252749435604,36.45486868917942,2.4028023997918393e-05,3.7930825548246503,0.03918328813597327,-0.08018844103207812,0.307785801589489,1.0
3,58195968,0.45142937917262316,1.1890989795792848,0.001018849695864077,0.314108325750567,2.7282304835971445,0.0031573245685478923,-0.0669930154776921,165.76570609211922,-162.96648362278938,0.0009242886342049061,0.8064239052473567,-0.650417415658012,-0.007986572247659751,0.7336427565896884,-0.7827793289907277,-0.03141515571405762,0.5749173610238358,-0.6031059579690918,0.65101226803381,0.45157760789152235,1.1959985315334052,0.001018849695864077,0.3141336259432137,2.736880941549316,0.0031573245685478923,0.1587542618799489,0.21842884900979698,0.043960381037322804,0.4285149925854057,0.029704762226174353,0.4025093110394664,0.786807137192227,6.279303232207894,2.6978566595353186,48.97281809896231,3.622203241396564e-05,6.619558968581259,35.571062698960304,2.3412715078822977e-05,3.772126765921712,0.0393654318904737,-0.07896455260924995,0.30597602075431496,1.0
3,58720256,0.45332502032397315,1.211140191880986,0.0014809060616336467,0.31568103726021945,2.7412220290862024,0.0038230858228303077,-0.06090264908687004,165.590069770813,-161.80053839087486,0.0008783642365433053,0.8086527240811847,-0.6519925679313019,-0.005530190048617101,0.7550865708617494,-0.7399639365030453,-0.02797120902687311,0.5769144436926581,-0.5960821503540501,0.6568306452827528,0.4534764676936902,1.2213466223329306,0.0014809060616336467,0.3157482396927662,2.7543406053446233,0.0038230858228303077,0.15999220169032924,0.21933106798678637,0.04388193355407566,0.4303929816232994,0.029983396460011136,0.4036058870260604,0.7857875481713563,6.456550303846598,2.706836314406246,48.25385034829378,3.7975503884457584e-05,6.624728565104306,35.38939882442355,2.934058577442472e-05,3.765570144634694,0.04024594512884505,-0.0785068841651082,0.31371022923849523,1.0
3,59244544,0.5090959260861079,1.2221191888302565,0.013935712873840203,0.2877459451556206,2.6393569742143157,0.0030802744434307292,-0.6570989844940778,133.51510704532268,-135.08279757151382,0.0010002907750962702,0.6916196696584423,-0.646355328783393,-0.003819943450686386,0.6665116981136574,-0.592024927159752,-0.02430643923493335,0.5615496405613765,-0.5653373795289857,0.5311283526817958,0.45612165465718135,1.2233313315082341,0.0016693448470519456,0.3198773477342911,2.7701647807843983,0.004130284951813223,0.16177409657393582,0.22293256752891466,0.043835513592057396,0.4328597810235806,0.03049624244158622,0.40508639451581985,0.787754533928819,6.459507467225194,2.754011231008917,52.3403180167079,4.168580554397838e-05,6.647093080915511,35.60147379338741,4.540863291895014e-05,3.7657284387387335,0.04160528847569367,-0.07844105391995981,0.3189717967179604,1.0
3,59768832,0.45090178499231115,1.2093357041012496,0.0011576782753977,0.32227656635222957,2.7535873895976692,0.0033009918598594368,-0.4343396583597041,145.8935062084869,-163.47011974453926,0.0007159299674768249,0.7953054747918499,-0.6413417581352405,-0.0050500179556536295,0.846157310064882,-0.8116506879450753,-0.027779028921941062,0.5831730817444623,-0.596416772576049,0.6542559671215713,0.49180262105835376,1.2266797722952667,0.010114244582717211,0.2980683713315803,2.686474604271004,0.0031462833904000623,0.14808663714755432,0.2082938856976194,0.04224884694999206,0.47327622137615616,0.027327654597939156,0.4491071821686542,0.8338623308689794,5.5605050949031645,2.3281053097975204,44.7686602746563,2.6038102637117688e-05,5.775064067805195,34.428650246341235,2.3530170815688268e-05,3.79475655211745,0.035606717119101794,-0.07359731319212467,0.3017627220409356,1.0
3,60293120,0.45430440531345084,1.2018211075337604,0.001562665722269596,0.3261856261524372,2.763795910170302,0.004103777343914317,-0.1924751330620893,165.52984872460365,-162.92818304896355,0.0007100967539290792,0.7960370411165059,-0.6417395010357723,-0.004733927464542376,0.8087575356476009,-0.7018274527508765,-0.025824762964475667,0.5798077228246257,-0.6064814798301086,0.6568028823239729,0.4544682858977467,1.21593029552605,0.001562665722269596,0.326298211235553,2.786871673539281,0.004103777343914317,0.1674539006780833,0.22550864345976152,0.04426039083773503,0.43044632161036134,0.03174690730520524,0.40391995618119836,0.7834988991962746,6.314641169272363,2.828583742957562,50.744608260691166,3.798018787621628e-05,6.6467869551852345,36.1781537309289,2.9338005937934453e-05,3.7783203083090484,0.04340848778520012,-0.07682440557982773,0.331733571481891,1.0
3,60817408,0.45334724424174055,1.1989354864927009,0.0011120037551890505,0.3224125580745749,2.7641683833207935,0.003330071804029444,-0.19194164094759003,165.60768550634384,-161.19040596485138,0.0007416258875445614,0.8041512020281516,-0.6750468733080197,-0.0036483371618061256,0.8014275018358603,-0.67804829927627,-0.02172244738721929,0.5796788553707302,-0.5886254489887506,0.6546758123440668,0.45349098840961233,1.2092967446660623,0.0011120037551890505,0.32249815826071426,2.779426900902763,0.003330071804029444,0.16452616138849407,0.22348085272824392,0.04433826871536439,0.4298329867888242,0.031163558222033316,0.4052474037162028,0.7865627924911678,6.111650759354234,2.7734725726768374,49.719714283943176,3.47995078086305e-05,6.5386703312397,35.20260535180569,2.0589379604341832e-05,3.780006770044565,0.04264325889380416,-0.07805437280330807,0.31882081570802256,1.0
3,61341696,0.4562136077438481,1.2083928149659187,0.0014635351710872158,0.3225009416928515,2.7665881763678044,0.0038924487483456005,-0.11245447096052885,165.26609647274017,-162.69988042116165,0.0008118155807528282,0.7965770745067857,-0.6499406233197078,-0.006564549612903647,0.763943268917501,-0.758728381828405,-0.0228600466853095,0.5784176649758592,-0.6026028640335426,0.6568976436974481,0.4563621954875998,1.2214317319449037,0.0014635351710872158,0.3225758009357378,2.7829138494562358,0.003888085489350601,0.16418176106526516,0.2238327850936912,0.04416442407818977,0.43289248237852007,0.03113170670258114,0.40767010796116665,0.7894723762292415,6.038531211204827,2.774427608586848,48.78634034842253,4.202101594920349e-05,6.5607825294137,35.9405824765563,3.441061743818599e-05,3.774231135379523,0.04206635853915941,-0.07639721361920238,0.3165512535488233,1.0
3,61865984,0.4624030531849712,1.200971866492182,0.0016513426158084599,0.3246437258203514,2.7307280218228698,0.00423499073540512,-0.26294481604372777,164.8988943696022,-162.9620091021061,0.0010215608650310237,0.797741269285325,-0.6341790411970578,-0.0049555107167051915,0.7736133368453011,-0.7677463264553808,-0.022997922533249948,0.5723192257573828,-0.6052620426053181,0.6574644652428105,0.462541910528671,1.2080972539260983,0.0016513426158084599,0.3247005984885618,2.7490250286646187,0.00423499073540512,0.16521884239045903,0.22567318647634238,0.04407613594230497,0.43926103168632835,0.031423711458046455,0.4131784955970943,0.7956586830550805,6.189776241779327,2.7342147077433765,51.06222929805517,3.6644584042108685e-05,6.553321239538491,35.51977054029703,2.6370013013549826e-05,3.7644272963516414,0.042336972888733726,-0.07932959962636232,0.31764157250290737,1.0
3,62390272,0.46428224502597004,1.19567672139965,0.0016694673098172075,0.3233017467427999,2.7627133547794074,0.004154689631519659,0.1401839522084174,164.8723030090332,-160.46006627380848,0.0009526789140892333,0.8378866716520861,-0.6506500851246528,-0.005301267093386741,0.78493727510795,-0.7081194698112085,-0.021744982739619445,0.5740398538764566,-0.599938067025505,0.6537976441904902,0.46442292555002496,1.1982649564743042,0.0016694673098172075,0.3233674957882613,2.7720600294414908,0.004154689631519659,0.16397933050757274,0.22518296199268661,0.04389436716155615,0.44165972527116537,0.030998562815511832,0.4153351344866678,0.7990299323573709,6.259745927527547,2.719798137899488,49.4762357249856,4.268928262512431e-05,6.43665858451277,35.2556655369699,3.2247361126343244e-05,3.754803346004337,0.041444384230999276,-0.07735502993455157,0.29790215552202426,1.0
3,62914560,0.46187877451302484,1.2082057984080166,0.001443989123988132,0.3233409062959254,2.761660679941997,0.003947826094147899,0.23095472858585708,165.27266311645508,-161.0645627528429,0.0007202276726081536,0.797175946587231,-0.654486115265172,-0.004265289765823965,0.7706015264848247,-0.7228642590343952,-0.019987504674645606,0.5764636039966717,-0.598156945896335,0.6568926771869883,0.46202124771662056,1.2193356475327164,0.001443989123988132,0.3233928474364802,2.771159862866625,0.003947826094147899,0.163808430719655,0.22544363504857756,0.043896877687075175,0.4393094624392688,0.031027296870888676,0.4142957390868105,0.7999381730332971,5.996882020495832,2.8107737596146762,49.29125214368105,3.4486854342097306e-05,6.457837717607617,35.452236998826265,2.5912927184262857e-05,3.763428632169962,0.042928882787236944,-0.0772750434698537,0.3163728907238692,1.0
3,63438848,0.517382487654686,1.2133138658851386,0.014504494563672476,0.2912371885528167,2.6423877594123284,0.003088429134343945,0.1521033608298573,135.58107861571014,-134.1753073122601,2.4681863219863465e-05,0.680961179882288,-0.6534848311419288,-0.0019091967881612012,0.71773913375946,-0.581728566668753,-0.015092520601944368,0.5634495978220366,-0.5755549222620902,0.5294258025785288,0.463727114838548,1.2178636798635125,0.0016090019253311993,0.32207837811438367,2.789925260003656,0.00403648772189058,0.16232242426485755,0.22516245205770247,0.04374878201633692,0.44121966481907293,0.030640859837149037,0.4117834160570055,0.7960906191729009,6.690946032293141,2.7426392026245594,51.43827321380377,3.744313940512445e-05,6.332569528371096,35.604252118617296,4.0059804721203794e-05,3.7524337717331946,0.04157707602280425,-0.07618169981287792,0.30512922449270263,1.0
3,63963136,0.4634221126907505,1.2080412110080943,0.001316662002583513,0.32427306537283584,2.738574034301564,0.003617348092078032,0.13474804589213818,145.81297667106944,-161.17114490270615,0.00048551786155925925,0.8023507857921525,-0.6686434359289706,-0.001317137697238735,0.7915963599225506,-0.7206144126830623,-0.018675030898521072,0.5786454809713177,-0.6125372953247279,0.6566814292455092,0.5013383141779733,1.216041821934213,0.010560469872505683,0.3011001612225147,2.6785471433268806,0.003246610504881242,0.14693751421574258,0.21317147777772674,0.04171969209227572,0.4838553857162734,0.0270945973951091,0.46092325316689836,0.85059082260895,5.422258552916731,2.412290029541076,44.69367807586547,2.7177273919184567e-05,5.414694055808256,34.718234460574585,2.7703202641718335e-05,3.785248957365473,0.03552592758933315,-0.07197727654651503,0.2903945845351598,1.0
3,64487424,0.4667667720350437,1.225491222110577,0.0019093756987373922,0.32346475357189775,2.778841942315921,0.004351243523572634,0.104213634530538,165.470846503973,-162.57847169041634,0.0005558373506389103,0.8050912861945108,-0.6609188014408574,-0.002926208645970263,0.7556911399587989,-0.7771894885227084,-0.01831833897085744,0.5920004721847363,-0.6141352921258658,0.6575777820544317,0.46692219795659184,1.2488799701677635,0.0019093756987373922,0.32353366760071367,2.8028520250227302,0.004351243523572634,0.16349372724653222,0.22570562199689448,0.04376535437768325,0.44478270353283733,0.03100266036562971,0.4184951694915071,0.8050635248655453,6.195566865615547,2.800549619831145,49.031215630471706,3.751824486211697e-05,6.338799027726054,37.25510101765394,4.0160463785084144e-05,3.7568106604740024,0.04257883561513154,-0.07670414744643494,0.34897521836683154,1.0
3,65011712,0.47100538486847654,1.2241647130576894,0.0015793096684753039,0.3259846512810327,2.775516241788864,0.003935880504855049,0.08541139336466586,165.58928659558296,-161.9732866883278,0.0006915230922182047,0.8046523106750101,-0.6697417338145897,-0.003327888456517769,0.7663616213249043,-0.7896533499006182,-0.01369544007411605,0.582755692768842,-0.6105407747672871,0.6540767388651147,0.471158113097772,1.2412827423540875,0.0015793096684753039,0.326070194656495,2.800894914660603,0.003935880504855049,0.16387563580065034,0.2282892293878831,0.04380737565952586,0.4491678903577849,0.03108327276277123,0.42267915030242875,0.8092322187731043,6.23790486343205,2.7507292916998267,50.146620236337185,3.726907927661949e-05,6.329868028871715,36.52205525711179,3.762054827036697e-05,3.7541873841546476,0.04228337071253918,-0.07601591665297747,0.3377668422181159,1.0
3,65536000,0.47013267246074975,1.2053010215749964,0.0017169539798942424,0.3245514929876663,2.751404778333381,0.003972050750078893,-0.08481280437308669,165.17750975489616,-162.45125663280487,0.0010443580590902002,0.8199353109812364,-0.6790928042610176,-0.005897725147619326,0.9040154151152819,-0.7995105416048318,-0.015228479483994306,0.5763037925353274,-0.6130210715346038,0.6572614075848833,0.4702676543383859,1.2117298104567453,0.0017169539798942424,0.3245956543250941,2.7604292368050665,0.003972050750078893,0.16340018104529008,0.22714829238248058,0.04396292920864653,0.4481847801944241,0.030909384575352306,0.42151261609978974,0.8068432692671195,6.245864737778902,2.789768472779542,55.30478520691395,3.8791738279350674e-05,6.277207843028009,35.87461895123124,3.032584924086458e-05,3.754115749616176,0.04202917517977767,-0.07577559968922287,0.3110204374534078,1.0
3,66060288,0.4720032121986151,1.2149873804301023,0.001443862815669661,0.3249114230275154,2.738399735186249,0.0036875642944380616,-0.3555257120636952,165.8494267463684,-163.44578593969345,0.0007265609181406063,0.8412901567062363,-0.6873429431580007,-0.005234069769912253,0.8056962962727994,-0.752037268364802,-0.01492004018427906,0.5801614743540995,-0.5968020925065503,0.6564744825009257,0.47214793239254504,1.2183220849838108,0.001443862815669661,0.3249464764376171,2.7447810182347894,0.0036875642944380616,0.16229874614509754,0.22844691871432588,0.043778469203971326,0.44987667712848634,0.03079536105360603,0.4206726916600019,0.8055614323820919,6.661092392168939,2.7065664711408317,50.2844974771142,3.366026435552838e-05,6.272643742151558,35.153239738196135,2.4993690970143145e-05,3.745665732771158,0.041431179983192123,-0.07790281972847879,0.2968300004140474,1.0
3,66584576,0.4729768441757187,1.2179060473572463,0.001720230531631728,0.3256381794344634,2.7774742806795985,0.004407453535058892,-0.2946282226771473,165.61776453256607,-163.24620884656906,0.0010066540340325503,0.8560989824472927,-0.6842261856072582,-0.006452524933358461,0.7655587891349569,-0.8223739437526092,-0.013466549010445306,0.5802864508004859,-0.6140862200409174,0.656451134593226,0.4731187228462659,1.2232008571736515,0.001720230531631728,0.32570440700510517,2.7897820903453976,0.004407453535058892,0.16275968361878768,0.22898558515589684,0.043647243510349654,0.4509136048145592,0.030747045540920226,0.4236892082262784,0.8095457243034616,6.288315770216286,2.759601362980902,52.568012438714504,4.439845203733797e-05,6.299974729306996,36.0304402038455,3.5506042507504713e-05,3.755538501776755,0.04215889612532919,-0.07606402633246034,0.3029433864285238,1.0
3,67108864,0.47419741115299985,1.2139601545641199,0.00190170203329032,0.3294169199070893,2.7354181881528348,0.004771879199267914,-0.45512130904387504,165.75357738137245,-163.45302599668503,0.0009074511480342551,0.8168184731621295,-0.6754015474580228,-0.004530617952603677,0.7474009391153231,-0.7151111261919141,-0.012147855879902636,0.5801573178032413,-0.6278350226348266,0.6535671767778695,0.47433506773086265,1.2168823556276038,0.00190170203329032,0.32945993921021,2.7431335158180445,0.004771879199267914,0.1650302509951871,0.23156128724804148,0.04394296681857668,0.45158652431564406,0.03154289682061062,0.42373798869084567,0.807420156779699,6.36388997361064,2.7400119020603597,47.52890306711197,3.7750612361449765e-05,6.390607601962984,36.542614214122295,3.9784592501292126e-05,3.7422106079757214,0.043069274826848414,-0.07627135905204341,0.30858643277315423,1.0
4,67633152,0.5219800062229236,1.2231835059573253,0.015520288925889266,0.2960099994949996,2.664893142431975,0.005017748456733292,-0.5473362163929657,134.66164001556734,-134.88312630465873,0.0009151297472848145,0.6912569697325428,-0.652099108286202,-0.004052692591250964,0.733555258976897,-0.5812250548701073,-0.009390706167020351,0.5675465301720154,-0.6079063402049361,0.5250197785099346,0.472568302298896,1.1966481190756895,0.0052808053769091146,0.3313670865027234,2.7198465847759508,0.006045099592313363,0.16625931118323933,0.2329749021519092,0.04394457221860648,0.44925709953531623,0.031920474366415874,0.4276826282730326,0.8133516237139702,5.3469547920976765,2.7875134153073304,46.89992099869414,5.2197456866770464e-05,6.311574511350045,34.73601471267466,8.824693214527345e-05,3.8793290168978274,0.04427068198270945,-0.07316035474650562,0.30393371608806774,1.0
4,68157440,0.4713147393777035,1.2197929346002638,0.0022809641570624706,0.333839999337215,2.756966293323785,0.005167831482992824,-0.6261707678286257,145.79540768462434,-162.86275175213814,0.0008577371221001329,0.8045678522315955,-0.6715131102828309,-0.006295202155754964,0.7704567756736651,-0.7463942987378687,-0.0094459100926656,0.5875354098388925,-0.6146522968774661,0.6578588221454993,0.5069310102855491,1.2276633895202496,0.011560864695959757,0.30729372219278295,2.6986555911461325,0.005062633100100629,0.14880896147958517,0.21945900476981547,0.04172573729296363,0.48863495129082246,0.027769931911917352,0.4632802262693365,0.8498744399887379,5.730241285210528,2.4736876450789107,45.0722968120772,3.591261913546884e-05,5.526922968263568,35.81948891661574,4.301667346382088e-05,3.777178113496749,0.0380827120218689,-0.07258761667202566,0.2981475640053504,1.0
4,68681728,0.47333271778188646,1.2133213590132073,0.0020987124799063395,0.33379104791674763,2.7511998603586107,0.004894383461135021,-0.5125416592146053,165.7641328573227,-163.15677484869957,0.0009717127457129493,0.8425732327159494,-0.678438348491909,-0.007315181939816284,0.792126081767492,-0.746645616251044,-0.011021263645034196,0.5897213243297301,-0.6262478000717238,0.6564077653456479,0.473488338815514,1.2224251934094355,0.0020987124799063395,0.3338598604314029,2.7661492058541626,0.004894383461135021,0.16774823601008393,0.23452266099047847,0.04441568181209732,0.45001234899973497,0.032167213641514536,0.42041156050981954,0.8029097235994413,6.670592690818012,2.9079062319360673,50.97696465626359,4.5445367231264355e-05,6.410977486521006,37.01545023173094,5.09504531964744e-05,3.7491325247101486,0.044536452885949984,-0.07503235439071432,0.3212273407843895,1.0
4,69206016,0.4758675828925334,1.218737138202414,0.0025600201514777154,0.33251307933824137,2.7874229880981147,0.005496698830143032,-0.24124489454629838,165.75093656778336,-163.19553154706955,0.0012020958259455483,0.8196265174774453,-0.6636290572932921,-0.006953565212143076,0.7884017967153341,-0.8607355823041871,-0.012320776241381282,0.5834891965496354,-0.6312103973468766,0.6587359178811312,0.47601064440095797,1.227505947696045,0.0025600201514777154,0.33254988223779947,2.7981215356849134,0.005494520990509955,0.16628959821537137,0.23413631456787698,0.04413380735059036,0.4530435802298598,0.03181082944138325,0.4254734999849461,0.8095150724984705,6.425742933526635,2.9053045101463795,54.73353752493858,5.5411793165191514e-05,6.357741920277476,37.05808764323592,6.885795066421951e-05,3.7531230323947966,0.04372161025094101,-0.07538346637738869,0.3181115679908544,1.0
4,69730304,0.47677481721621007,1.225837662583217,0.0026695553777891234,0.3325528411078267,2.78097813250497,0.005964792737898961,-0.5534339929067755,166.18222838640213,-163.51065003871918,0.0013088760164787772,0.8328782222233713,-0.6697372446069494,-0.00793700657413865,0.8280491715995595,-0.7617095693713054,-0.010131783899396396,0.5840259623946622,-0.6066088129300624,0.6570407442050055,0.47693083295598626,1.2425238159485161,0.0026695553777891234,0.332637871557381,2.804465262684971,0.005963817175683062,0.1658240100950934,0.23476268554804847,0.04394998701172881,0.4538548100972548,0.03169642468492384,0.4254032088792883,0.808038353221491,6.511516701430082,2.870804046280682,52.321871876716614,5.5344322886508035e-05,6.3808738803491,36.12914318591356,6.375445801473645e-05,3.7414561551995575,0.04449853477126453,-0.0759618675801903,0.3476321136113256,1.0
4,70254592,0.47739816625835374,1.2177555516827852,0.0023003563579209185,0.3338500367826782,2.767610528273508,0.0053793997643367675,-0.9334748520705034,165.86483508348465,-163.95887181162834,0.001140456566445458,0.8244593165582046,-0.6683883959194645,-0.006429556933767344,0.7692494711373001,-0.6949311521020718,-0.009018014402471408,0.5835830343421549,-0.6034907449502498,0.6554469651309773,0.47756468754960224,1.2260398603975773,0.0023003563579209185,0.3339004785520956,2.7800568968523294,0.0053793997643367675,0.16646942059742287,0.23574694190756418,0.044012612459482625,0.45440572657389566,0.0318929030909203,0.42213896714383736,0.8022217963589355,6.949175340123475,2.843359193764627,48.30188409239054,5.6028630481944064e-05,6.434554202482104,35.78663903847337,5.7359819494205017e-05,3.736196070443839,0.04472874285420403,-0.07575491612078622,0.3181710995850153,1.0
4,70778880,0.47957330162171274,1.2222631913609803,0.002551165808480249,0.33609364193398505,2.8012837960850447,0.0058772717330413116,-0.7967493283795193,165.91199478507042,-163.56866669654846,0.0012300694000586532,0.8153981989016756,-0.6443236430350225,-0.007458311908067117,0.7860063995467499,-0.7390969289699569,-0.007016633073220646,0.5881311999983154,-0.6087089609354734,0.6579906344413757,0.4797473209910095,1.2380563074257225,0.002551165808480249,0.33616147172870114,2.818025055108592,0.0058772717330413116,0.1680253308149986,0.2370164259627927,0.04427819739066763,0.4562607364496216,0.03236148895302904,0.42472056532278657,0.8062261496670544,6.829134104773402,2.821856995113194,49.02484607696533,4.990975294683064e-05,6.408787823282182,36.44965000450611,6.15920230131739e-05,3.7368519930168986,0.044723561164573766,-0.07629863306647167,0.33773010614095256,1.0
4,71303168,0.47489945217967033,1.2249180438229814,0.002407828364782816,0.3345786184654571,2.7984665182884783,0.005469355979528245,-0.8281663256343563,165.62495866417885,-163.46574130654335,0.0012726642807503186,0.8147169703152031,-0.6513624964863993,-0.007370610879888773,0.7905365432379767,-0.7344276037765667,-0.007343329732620418,0.5951334243873134,-0.6074710272951052,0.6541832286166027,0.4750583669519983,1.2412308567436412,0.002407828364782816,0.3346500816405751,2.8179609125945717,0.005469355979528245,0.16824518982321024,0.23500820304616354,0.04451707367115887,0.4513354219379835,0.03238427810720168,0.423335901228711,0.8061267568264157,6.483224993571639,2.914752813987434,48.75732246041298,5.893231702579042e-05,6.47307313606143,36.681926153600216,6.882706021109353e-05,3.7469047266058624,0.04501533482107334,-0.07510840002214536,0.34924936009338126,1.0
4,71827456,0.5212469532589117,1.2150582989056904,0.015394154857291748,0.29976036731153727,2.643416497583191,0.006024372307195639,-0.6134106717646743,135.28791610645752,-135.72401306853942,0.0009086255942838762,0.705842579777042,-0.6593674669414759,-0.0027945722288966832,0.70206811952589,-0.5926100518068416,-0.01480073863499759,0.559440809028747,-0.6338151771650883,0.5278415582577387,0.4779109921073541,1.2149610134074464,0.002673355266018973,0.3344429647549987,2.8155185729265213,0.0056127683233739845,0.16733267848030664,0.23546343273483217,0.0442773397808196,0.4550105505040847,0.031996481735404814,0.42861397290835157,0.8141670846380293,6.151141571812332,2.8459723978303373,53.14717594534159,5.685636854121934e-05,6.421824963763356,37.3425477296114,7.325692426533859e-05,3.7423968357034028,0.04452736356324749,-0.07547388254897669,0.3016681181034073,1.0
4,72351744,0.47747733670985326,1.2171444807900116,0.002466603716619886,0.33036379469558597,2.7699909361544997,0.005287694942580856,-0.46153068443004486,146.33174104960722,-162.81804984807968,0.001058645608040365,0.8135334805402661,-0.6532709180028178,-0.004747311521466457,0.8048165083164349,-0.7192757300799713,-0.01670159941431848,0.5854488172917627,-0.6565019879490137,0.6519321877276525,0.5082607709532865,1.2228883544209403,0.011527971338586145,0.30887624673614994,2.688958049220877,0.005803426299663043,0.1475472188049875,0.2220857111371566,0.04174320423261863,0.49050974924221774,0.027380288356075186,0.4646483540674236,0.8491123815841763,5.78863829252458,2.4020579183641733,44.49035971048158,4.211803942028492e-05,5.846424434101209,37.32024453357994,5.644641435731401e-05,3.776153542449541,0.03686597579020191,-0.07117918638564716,0.2993289670758994,1.0
4,72876032,0.4807550761033781,1.2173281261930242,0.0024638390646565256,0.3289914050255902,2.7706671769265085,0.005456859531932423,-0.7678733634597847,165.3117181956768,-162.8803849220276,0.001047248217761254,0.8086641192785464,-0.6670068395906128,-0.005525054023934217,0.7508681936888024,-0.7521194912260398,-0.012783533877154696,0.5775814234511927,-0.6465172859607264,0.6544076105346903,0.48088791070040315,1.222745277103968,0.0024638390646565256,0.3290124651393853,2.780086286831647,0.005456859531932423,0.1625306359201204,0.23333198743057437,0.04359502736770082,0.4590875069843605,0.030862104304105742,0.43197380047058687,0.8180330510949716,6.269578857347369,2.794806936290115,47.73890379071236,5.5200728983295644e-05,6.411720335483551,37.4354435428977,6.71928179946618e-05,3.738206170499325,0.04168089859740576,-0.07580103253712878,0.3038761076750234,1.0
