collected_frames,train/mean_reward,train/mean_state_value,train/value_minus_reward,train/mean_advantage_GAE,train/mean_action_sample_log_prob,train/mean_critic_loss,train/mean_objective_loss,train/mean_entropy_loss,train/mean_entropy,train/mean_kl_approx,train/mean_clip_fraction,train/mean_advantage,train/std_advantage,train/total_grad_norm,train/policy_operator_lr,train/value_operator_lr,train/step_penalty,train/action_bonus_coef
131072,-0.020195499062538147,-0.969436526298523,-0.9492410272359848,-0.35388168692588806,-4.009635925292969,6.182170391082764,-0.011196737177670002,-0.047997694462537766,3.979200839996338,0.016742082312703133,0.26416015625,-0.35388168692588806,10.854926109313965,8.5430908203125,0.0005027336417140863,0.0016984713904652407,-0.05961282574229296,16.29043388277351
262144,0.07939162850379944,-2.22993803024292,-2.3093296587467194,2.1927218437194824,-3.9971394538879395,5.447192668914795,-0.023607462644577026,-0.04757600277662277,3.9442405700683594,0.02109423652291298,0.249755859375,2.1927218437194824,9.695640563964844,8.701017379760742,0.0005025240820468441,0.0016977633990561264,-0.05973676093094636,16.29043388277351
393216,0.08095240592956543,-1.98361337184906,-2.0645657777786255,1.737623929977417,-3.9483442306518555,3.780245065689087,-0.026937225833535194,-0.04671718552708626,3.8730411529541016,0.016217127442359924,0.224365234375,1.737623929977417,9.901327133178711,6.342585563659668,0.0005023145223796019,0.0016970554076470121,-0.059860696119599786,16.29043388277351
524288,0.036779873073101044,-2.133734941482544,-2.170514814555645,0.8528020977973938,-3.8759207725524902,3.137963056564331,-0.02949085645377636,-0.04559934884309769,3.7803683280944824,0.01729491725564003,0.268310546875,0.8528020977973938,10.415857315063477,5.8278374671936035,0.0005021049627123597,0.0016963474162378976,-0.05998463130825319,16.29043388277351
655360,0.020328013226389885,-2.0286803245544434,-2.0490083377808332,0.5612554550170898,-3.777087688446045,3.0221638679504395,-0.03051486611366272,-0.044915761798620224,3.723696231842041,0.014719819650053978,0.209716796875,0.5612554550170898,9.8827543258667,7.105098724365234,0.0005018954030451175,0.0016956394248287834,-0.060108566496906615,16.29043388277351
786432,0.011597391217947006,-2.0286002159118652,-2.0401976071298122,0.3985879123210907,-3.7082247734069824,2.9899940490722656,-0.03559618443250656,-0.04385049268603325,3.6353812217712402,0.01647476851940155,0.220703125,0.3985879123210907,10.056657791137695,9.546492576599121,0.0005016858433778753,0.001694931433419669,-0.060232501685560026,16.29043388277351
917504,0.028506875038146973,-0.5493025183677673,-0.5778093934059143,0.6643489003181458,-3.619582414627075,2.9524693489074707,-0.03577697277069092,-0.04245993494987488,3.5200982093811035,0.018035272136330605,0.232666015625,0.6643489003181458,10.715360641479492,9.580315589904785,0.000501476283710633,0.0016942234420105548,-0.060356436874213444,16.29043388277351
1048576,0.021616211161017418,-0.7563464045524597,-0.7779626157134771,0.619960367679596,-3.5618035793304443,2.879488706588745,-0.039994750171899796,-0.04183492064476013,3.4682822227478027,0.022958913818001747,0.271728515625,0.619960367679596,11.370697975158691,7.173254489898682,0.0005012667240433909,0.0016935154506014405,-0.060480372062866855,16.29043388277351
1179648,0.04649384319782257,-1.1771819591522217,-1.2236758023500443,0.708129346370697,-3.4662981033325195,2.9968209266662598,-0.03645431995391846,-0.04053950682282448,3.360887050628662,0.024685947224497795,0.2841796875,0.708129346370697,10.736806869506836,12.587302207946777,0.0005010571643761486,0.0016928074591923263,-0.06060430725152028,16.29043388277351
1310720,0.3566288948059082,18.650039672851562,18.293410778045654,3.1343255043029785,-3.4608941078186035,6.1431732177734375,-0.030775180086493492,-0.0411432608962059,3.410940647125244,0.017806008458137512,0.263427734375,3.1343255043029785,16.94902229309082,6.279277324676514,0.0005008476047089064,0.001692099467783212,-0.060728242440173684,16.29043388277351
1441792,-0.03551756590604782,4.287513256072998,4.323030821979046,-3.4384379386901855,-3.384511709213257,3.92269229888916,-0.03688836097717285,-0.04009488970041275,3.324026584625244,0.017030522227287292,0.24951171875,-3.4384379386901855,14.331097602844238,16.698455810546875,0.0005006380450416643,0.0016913914763740977,-0.06085217762882711,16.29043388277351
1572864,0.3164607882499695,10.752391815185547,10.435931026935577,3.129962682723999,-3.4196338653564453,5.644890785217285,-0.026337509974837303,-0.04085421934723854,3.3869779109954834,0.02982155606150627,0.26806640625,3.129962682723999,21.733638763427734,10.23625373840332,0.000500428485374422,0.0016906834849649832,-0.06097611281748051,16.29043388277351
1703936,-0.05953269451856613,2.6095099449157715,2.6690426394343376,-2.8038389682769775,-3.2853403091430664,3.0734028816223145,-0.04104442894458771,-0.039625030010938644,3.2850732803344727,0.024551665410399437,0.277099609375,-2.8038389682769775,12.326713562011719,7.494499683380127,0.0005002189257071798,0.001689975493555869,-0.06110004800613394,16.29043388277351
1835008,-0.04547044634819031,1.2508140802383423,1.2962845265865326,-1.6833453178405762,-3.2317094802856445,2.907155752182007,-0.03849390894174576,-0.03770286217331886,3.125717878341675,0.025884339585900307,0.28662109375,-1.6833453178405762,12.161335945129395,8.333921432495117,0.0005000093660399377,0.0016892675021467547,-0.06122398319478735,16.29043388277351
1966080,0.027440477162599564,2.4991321563720703,2.4716916792094707,-0.5083340406417847,-3.168553352355957,3.1496100425720215,-0.04356517642736435,-0.037340741604566574,3.0956969261169434,0.024710146710276604,0.300537109375,-0.5083340406417847,11.950540542602539,6.931502342224121,0.0004997998063726954,0.0016885595107376402,-0.06134791838344077,16.29043388277351
2097152,0.03986159712076187,1.6449201107025146,1.6050585135817528,0.2025918960571289,-3.0838146209716797,3.4552316665649414,-0.043567411601543427,-0.036359675228595734,3.0143628120422363,0.033613093197345734,0.305908203125,0.2025918960571289,12.132477760314941,11.194390296936035,0.0004995902467054532,0.001687851519328526,-0.06147185357209419,16.29043388277351
2228224,0.01111048087477684,2.0065977573394775,1.9954872764647007,-0.788549542427063,-3.0194404125213623,3.0338544845581055,-0.043777722865343094,-0.03612503409385681,2.9949100017547607,0.03213062509894371,0.324462890625,-0.788549542427063,11.923069953918457,10.322125434875488,0.000499380687038211,0.0016871435279194116,-0.061595788760747595,16.29043388277351
2359296,0.017276789993047714,2.738030433654785,2.7207536436617374,-1.156660556793213,-2.9577865600585938,3.1497955322265625,-0.04223989322781563,-0.03473646193742752,2.879791736602783,0.02957814186811447,0.320068359375,-1.156660556793213,11.634679794311523,9.442584037780762,0.0004991711273709688,0.0016864355365102971,-0.06171972394940102,16.29043388277351
2490368,0.015843816101551056,2.326446533203125,2.310602717101574,-0.7906047701835632,-2.9052162170410156,2.7491698265075684,-0.04317841678857803,-0.0342167429625988,2.836704730987549,0.027883926406502724,0.33349609375,-0.7906047701835632,12.060772895812988,9.053634643554688,0.0004989615677037266,0.0016857275451011829,-0.06184365913805443,16.29043388277351
2621440,0.03099818155169487,3.1044559478759766,3.0734577663242817,-0.38653549551963806,-2.7926223278045654,2.976706027984619,-0.04363378882408142,-0.03379766643047333,2.801961898803711,0.03245646506547928,0.29833984375,-0.38653549551963806,12.659939765930176,8.763051986694336,0.0004987520080364843,0.0016850195536920686,-0.06196759432670785,16.29043388277351
2752512,0.2067238688468933,11.8737154006958,11.666991531848907,3.925339698791504,-2.8051929473876953,6.823875904083252,-0.04661329835653305,-0.03353269398212433,2.779994487762451,0.0330997072160244,0.27197265625,3.925339698791504,21.391998291015625,11.264032363891602,0.0004985424483692422,0.0016843115622829543,-0.06209152951536126,16.29043388277351
2883584,0.2787399888038635,15.604422569274902,15.325682580471039,-1.9243122339248657,-2.8808341026306152,5.722797393798828,-0.038120441138744354,-0.03480368107557297,2.885364532470703,0.02793266251683235,0.310791015625,-1.9243122339248657,17.430612564086914,11.963746070861816,0.000498332888702,0.00168360357087384,-0.06221546470401468,16.29043388277351
3014656,-0.057831376791000366,0.3306536078453064,0.38848498463630676,-2.6547393798828125,-2.6692280769348145,3.26971173286438,-0.04213382303714752,-0.03173142299056053,2.630661964416504,0.022691160440444946,0.2861328125,-2.6547393798828125,12.65242862701416,7.717777729034424,0.0004981233290347578,0.0016828955794647258,-0.06233939989266809,16.29043388277351
3145728,-0.011329840868711472,1.9859087467193604,1.9972385875880718,-0.6314400434494019,-2.6290526390075684,3.5677409172058105,-0.04453708976507187,-0.030486781150102615,2.5274760723114014,0.02827710472047329,0.34033203125,-0.6314400434494019,13.949467658996582,6.074427127838135,0.0004979137693675157,0.0016821875880556115,-0.062463335081321514,16.29043388277351
3276800,0.04941675066947937,4.855703353881836,4.806286603212357,-0.8881851434707642,-2.607546091079712,3.681804656982422,-0.04912874847650528,-0.03079608827829361,2.5531187057495117,0.033365268260240555,0.34423828125,-0.8881851434707642,14.560945510864258,12.084151268005371,0.0004977042097002734,0.0016814795966464972,-0.06258727026997492,16.29043388277351
3407872,-0.003797315526753664,5.422745704650879,5.426543020177633,-1.804577350616455,-2.546983242034912,3.236973285675049,-0.039004940539598465,-0.03049292415380478,2.5279855728149414,0.030473127961158752,0.341064453125,-1.804577350616455,12.783140182495117,9.889591217041016,0.0004974946500330311,0.0016807716052373827,-0.06271120545862834,16.29043388277351
3538944,-0.0030427398160099983,5.917316913604736,5.920359653420746,-1.908243179321289,-2.5638818740844727,3.385028600692749,-0.043909430503845215,-0.029916882514953613,2.480228900909424,0.04426216334104538,0.322998046875,-1.908243179321289,13.514742851257324,11.250275611877441,0.0004972850903657889,0.0016800636138282685,-0.06283514064728175,16.29043388277351
3670016,-0.0017543400172144175,3.7217588424682617,3.723513182485476,-2.14970326423645,-2.4953465461730957,2.8385298252105713,-0.04240291565656662,-0.029326103627681732,2.431251287460327,0.03666920214891434,0.328857421875,-2.14970326423645,12.783878326416016,8.124485969543457,0.0004970755306985467,0.001679355622419154,-0.06295907583593517,16.29043388277351
3801088,-0.024613507091999054,2.210470676422119,2.235084183514118,-2.2336249351501465,-2.462461471557617,2.99662446975708,-0.047350767999887466,-0.028975844383239746,2.4022135734558105,0.03537314385175705,0.35009765625,-2.2336249351501465,12.983274459838867,12.015588760375977,0.0004968659710313044,0.0016786476310100395,-0.06308301102458858,16.29043388277351
3932160,-0.005038242321461439,0.7083205580711365,0.7133588003925979,-1.9424481391906738,-2.442507266998291,2.9523792266845703,-0.04976125434041023,-0.027737895026803017,2.2995824813842773,0.02472386695444584,0.350341796875,-1.9424481391906738,12.29178237915039,12.432912826538086,0.0004966564113640622,0.0016779396396009252,-0.06320694621324201,16.29043388277351
4063232,0.13031086325645447,8.111997604370117,7.981686741113663,0.7029801607131958,-2.4003148078918457,5.074941158294678,-0.04034653306007385,-0.028658859431743622,2.37593412399292,0.044438548386096954,0.3515625,0.7029801607131958,17.820669174194336,10.807977676391602,0.00049644685169682,0.001677231648191811,-0.06333088140189543,16.29043388277351
4194304,0.23624029755592346,20.693405151367188,20.457164853811264,-5.4669976234436035,-2.5193679332733154,5.447686195373535,-0.04646587371826172,-0.02924136258661747,2.4242258071899414,0.03271514177322388,0.32666015625,-5.4669976234436035,19.29711151123047,12.018068313598633,0.0004962372920295777,0.0016765236567826967,-0.06345481659054883,16.29043388277351
4325376,-0.051129475235939026,-0.29094046354293823,-0.2398109883069992,-2.8992905616760254,-2.349919319152832,3.08398699760437,-0.04967120289802551,-0.027517888695001602,2.2813429832458496,0.029042160138487816,0.33642578125,-2.8992905616760254,13.1334228515625,11.602880477905273,0.0004960277323623355,0.0016758156653735824,-0.06357875177920226,16.29043388277351
4456448,-0.02174067124724388,-2.784679412841797,-2.762938741594553,-0.904435932636261,-2.3018264770507812,3.105252265930176,-0.04128655791282654,-0.02685803920030594,2.2266387939453125,0.044954799115657806,0.38427734375,-0.904435932636261,13.636361122131348,11.019305229187012,0.0004958181726950932,0.001675107673964468,-0.06370268696785567,16.29043388277351
4587520,0.04298358038067818,-0.6666512489318848,-0.7096348293125629,-0.2929258346557617,-2.287015914916992,3.412179708480835,-0.04434436187148094,-0.027059920132160187,2.243375539779663,0.036054372787475586,0.36474609375,-0.2929258346557617,14.280315399169922,9.547297477722168,0.000495608613027851,0.0016743996825553534,-0.06382662215650908,16.29043388277351
4718592,0.04179489612579346,-1.9167569875717163,-1.9585518836975098,-0.7093334197998047,-2.2501511573791504,3.0660839080810547,-0.04150111973285675,-0.026907959952950478,2.2307772636413574,0.03348010778427124,0.369384765625,-0.7093334197998047,13.674160957336426,7.9551310539245605,0.0004953990533606087,0.001673691691146239,-0.0639505573451625,16.29043388277351
4849664,0.006385112181305885,-4.675065040588379,-4.681450152769685,-0.9284940361976624,-2.225266933441162,2.9891393184661865,-0.04943035542964935,-0.026247162371873856,2.175994634628296,0.038407102227211,0.375244140625,-0.9284940361976624,13.72668743133545,12.539533615112305,0.0004951894936933664,0.0016729836997371244,-0.06407449253381592,16.29043388277351
4980736,0.018880989402532578,-7.558596611022949,-7.577477600425482,-0.08673310279846191,-2.156402111053467,2.918748378753662,-0.03911890089511871,-0.02540082298219204,2.1058297157287598,0.05009213462471962,0.40087890625,-0.08673310279846191,13.39432144165039,10.291972160339355,0.0004949799340261241,0.00167227570832801,-0.06419842772246932,16.29043388277351
5111808,0.012718894518911839,-8.094362258911133,-8.107081153430045,-0.005440063774585724,-2.1395552158355713,2.987459659576416,-0.051214732229709625,-0.026445021852850914,2.1923980712890625,0.035690613090991974,0.367919921875,-0.005440063774585724,13.851698875427246,10.598282814025879,0.000494770374358882,0.0016715677169188957,-0.06432236291112274,16.29043388277351
5242880,0.0023503033444285393,-8.410418510437012,-8.41276881378144,-0.9928947687149048,-2.1406850814819336,2.7850542068481445,-0.048264648765325546,-0.025792758911848068,2.1383228302001953,0.033341363072395325,0.35302734375,-0.9928947687149048,12.557951927185059,8.028937339782715,0.0004945608146916397,0.0016708597255097814,-0.06444629809977616,16.29043388277351
5373952,0.09295010566711426,-3.953125476837158,-4.0460755825042725,1.727101445198059,-2.1206977367401123,4.530170440673828,-0.04281063377857208,-0.025637151673436165,2.125422477722168,0.042900267988443375,0.364990234375,1.727101445198059,18.63362693786621,10.78089714050293,0.0004943512550243974,0.0016701517341006671,-0.06457023328842958,16.29043388277351
5505024,0.2525978088378906,3.1283464431762695,2.875748634338379,-1.1791605949401855,-2.241760492324829,4.76340389251709,-0.04589268937706947,-0.02659480832517147,2.2048158645629883,0.023174945265054703,0.336669921875,-1.1791605949401855,20.043004989624023,8.987297058105469,0.0004941416953571551,0.0016694437426915528,-0.06469416847708298,16.29043388277351
5636096,-0.07516138255596161,-10.2408447265625,-10.165683344006538,-1.735872507095337,-2.122483491897583,3.1328327655792236,-0.05391573905944824,-0.024763211607933044,2.052969217300415,0.029809599742293358,0.350830078125,-1.735872507095337,14.1135892868042,12.650412559509277,0.0004939321356899129,0.0016687357512824386,-0.06481810366573641,16.29043388277351
5767168,0.036065518856048584,-8.313557624816895,-8.349623143672943,0.9315578937530518,-2.089376449584961,4.012149810791016,-0.04993204027414322,-0.025731369853019714,2.1332335472106934,0.044184379279613495,0.371826171875,0.9315578937530518,16.17440414428711,8.565046310424805,0.0004937225760226707,0.0016680277598733243,-0.06494203885438982,16.29043388277351
5898240,0.025392718613147736,-8.700984954833984,-8.726377673447132,-0.5013149976730347,-2.0697431564331055,3.483416795730591,-0.04369667172431946,-0.024876201525330544,2.0623364448547363,0.03708655387163162,0.376953125,-0.5013149976730347,14.695188522338867,6.588746547698975,0.0004935130163554285,0.00166731976846421,-0.06506597404304323,16.29043388277351
6029312,-0.01619766838848591,-10.230875015258789,-10.214677346870303,-0.7654194235801697,-2.066500186920166,3.5854756832122803,-0.05216855928301811,-0.025688536465168,2.1296825408935547,0.0397745743393898,0.352783203125,-0.7654194235801697,14.562610626220703,13.606165885925293,0.0004933034566881863,0.0016666117770550957,-0.06518990923169667,16.29043388277351
6160384,-0.024383455514907837,-12.479046821594238,-12.45466336607933,-0.8886483311653137,-2.0976431369781494,3.076824188232422,-0.04370994120836258,-0.02409626543521881,1.9976768493652344,0.0341128446161747,0.3935546875,-0.8886483311653137,12.721990585327148,9.475996017456055,0.0004930938970209441,0.0016659037856459815,-0.06531384442035007,16.29043388277351
6291456,-0.01523869950324297,-12.747354507446289,-12.732115807943046,-0.6293419599533081,-2.0533533096313477,3.1388397216796875,-0.05035824328660965,-0.024327032268047333,2.016808032989502,0.03201235085725784,0.3583984375,-0.6293419599533081,13.67789363861084,17.063892364501953,0.0004928843373537019,0.0016651957942368672,-0.06543777960900349,16.29043388277351
6422528,-0.015705319121479988,-15.29727554321289,-15.28157022409141,0.1850978583097458,-2.0090067386627197,2.70086932182312,-0.03984222933650017,-0.024061113595962524,1.9947624206542969,0.04485092684626579,0.40185546875,0.1850978583097458,12.955401420593262,7.959424018859863,0.0004926747776864596,0.001664487802827753,-0.0655617147976569,16.29043388277351
6553600,-0.016738146543502808,-15.268621444702148,-15.251883298158646,-0.2922610938549042,-2.023594379425049,2.664691925048828,-0.05219625309109688,-0.023583397269248962,1.95515775680542,0.04262223467230797,0.406982421875,-0.2922610938549042,12.298967361450195,7.847818374633789,0.0004924652180192175,0.0016637798114186387,-0.06568564998631032,16.29043388277351
6684672,0.09851457178592682,-5.185928821563721,-5.2844433933496475,2.352957010269165,-1.9721498489379883,5.7116827964782715,-0.051669828593730927,-0.023403005674481392,1.9402027130126953,0.051387250423431396,0.38330078125,2.352957010269165,20.579938888549805,7.443756580352783,0.0004922556583519753,0.0016630718200095244,-0.06580958517496373,16.29043388277351
6815744,0.19436946511268616,11.79022216796875,11.595852702856064,-5.418652057647705,-2.0487923622131348,6.0686469078063965,-0.04156546667218208,-0.024583913385868073,2.038105010986328,0.04594925045967102,0.408203125,-5.418652057647705,26.15428924560547,13.577281951904297,0.0004920460986847331,0.0016623638286004101,-0.06593352036361715,16.29043388277351
6946816,-0.03381592407822609,-5.987033367156982,-5.953217443078756,-1.853527307510376,-1.8894684314727783,2.976949691772461,-0.05354667454957962,-0.022028518840670586,1.8262522220611572,0.036294713616371155,0.35302734375,-1.853527307510376,14.585417747497559,9.523494720458984,0.000491836539017491,0.0016616558371912958,-0.06605745555227056,16.29043388277351
7077888,0.004004589281976223,-5.790218353271484,-5.794222942553461,-0.6235087513923645,-1.879673719406128,3.6594109535217285,-0.04600030183792114,-0.023319168016314507,1.9332523345947266,0.05068517476320267,0.384765625,-0.6235087513923645,15.85482406616211,11.163595199584961,0.0004916269793502488,0.0016609478457821816,-0.06618139074092398,16.29043388277351
7208960,0.020625486969947815,-6.720315456390381,-6.740940943360329,-1.2640492916107178,-1.8910260200500488,3.1434483528137207,-0.049774833023548126,-0.02263491600751877,1.8765249252319336,0.05267392843961716,0.42236328125,-1.2640492916107178,14.108381271362305,7.664884567260742,0.0004914174196830066,0.0016602398543730673,-0.06630532592957739,16.29043388277351
7340032,-0.030427874997258186,-11.99965763092041,-11.969229755923152,-1.8057961463928223,-1.872666597366333,2.70475435256958,-0.05278453603386879,-0.022916894406080246,1.899902105331421,0.041641585528850555,0.392822265625,-1.8057961463928223,11.997145652770996,10.678664207458496,0.0004912078600157645,0.001659531862963953,-0.06642926111823082,16.29043388277351
7471104,-0.02852204442024231,-15.585433006286621,-15.556910961866379,-0.26748886704444885,-1.8476948738098145,2.893543243408203,-0.04524878412485123,-0.021671060472726822,1.7966175079345703,0.03867851942777634,0.370849609375,-0.26748886704444885,13.601491928100586,11.716930389404297,0.0004909983003485222,0.0016588238715548387,-0.06655319630688422,16.29043388277351
7602176,-0.0026861410588026047,-16.246105194091797,-16.243419053032994,0.14376209676265717,-1.8396217823028564,2.717421054840088,-0.054344695061445236,-0.02193787693977356,1.818737506866455,0.042385902255773544,0.400390625,0.14376209676265717,12.735060691833496,12.054950714111328,0.0004907887406812799,0.0016581158801457243,-0.06667713149553764,16.29043388277351
7733248,0.005009311251342297,-16.62251853942871,-16.627527850680053,0.4460575580596924,-1.7962952852249146,2.5051703453063965,-0.054335664957761765,-0.02121145650744438,1.758514404296875,0.03329267352819443,0.380859375,0.4460575580596924,12.971649169921875,9.576677322387695,0.0004905791810140376,0.0016574078887366098,-0.06680106668419106,16.29043388277351
7864320,-0.010332826524972916,-18.73478889465332,-18.724456068128347,0.5762152671813965,-1.7966949939727783,2.4604907035827637,-0.04926011711359024,-0.020764920860528946,1.7214949131011963,0.05193477123975754,0.3955078125,0.5762152671813965,12.861190795898438,9.363000869750977,0.0004903696213467955,0.0016566998973274955,-0.06692500187284448,16.29043388277351
7995392,0.11961061507463455,-8.379749298095703,-8.499359913170338,3.0609869956970215,-1.7750215530395508,5.138797760009766,-0.045287929475307465,-0.0220187921077013,1.8254458904266357,0.05320160835981369,0.40576171875,3.0609869956970215,21.41193199157715,8.66458797454834,0.0004901600616795533,0.0016559919059183812,-0.06704893706149788,16.29043388277351
8126464,0.13963645696640015,1.5161287784576416,1.3764923214912415,-4.992152214050293,-1.8723393678665161,4.151379585266113,-0.041854698210954666,-0.022985074669122696,1.9055546522140503,0.03524598851799965,0.375244140625,-4.992152214050293,18.06463623046875,10.844923973083496,0.0004899505020123111,0.001655283914509267,-0.06717287225015131,16.29043388277351
8257536,-0.054791901260614395,-12.14364242553711,-12.088850524276495,-0.810117244720459,-1.7585628032684326,2.965336799621582,-0.05612538754940033,-0.020339244976639748,1.6862046718597412,0.03752899914979935,0.390380859375,-0.810117244720459,14.746386528015137,8.857423782348633,0.0004897409423450688,0.0016545759231001524,-0.06729680743880473,16.29043388277351
8388608,0.02866980992257595,-9.78757095336914,-9.816240763291717,0.07182829082012177,-1.7272745370864868,3.628633975982666,-0.042073383927345276,-0.020941194146871567,1.7361088991165161,0.04611159861087799,0.38623046875,0.07182829082012177,15.718375205993652,6.644207000732422,0.0004895313826778266,0.0016538679316910382,-0.06742074262745813,16.29043388277351
8519680,0.010935811325907707,-11.29446029663086,-11.305396107956767,-1.1303913593292236,-1.7447385787963867,2.9890177249908447,-0.05381707474589348,-0.020282626152038574,1.6815106868743896,0.03386912867426872,0.393798828125,-1.1303913593292236,13.54053020477295,7.174208641052246,0.0004893218230105844,0.001653159940281924,-0.06754467781611155,16.29043388277351
8650752,-0.02145329862833023,-13.299328804016113,-13.277875505387783,-0.5612544417381287,-1.7232260704040527,2.939192771911621,-0.049371685832738876,-0.020085258409380913,1.6651482582092285,0.0403214730322361,0.36669921875,-0.5612544417381287,13.656463623046875,11.270537376403809,0.0004891122633433421,0.0016524519488728096,-0.06766861300476497,16.29043388277351
8781824,0.014771709218621254,-13.92609691619873,-13.940868625417352,0.07347393035888672,-1.691194772720337,3.163429021835327,-0.04859841242432594,-0.020314151421189308,1.6841243505477905,0.048612549901008606,0.402099609375,0.07347393035888672,14.075873374938965,8.777573585510254,0.0004889027036760999,0.0016517439574636954,-0.06779254819341839,16.29043388277351
8912896,-0.007794929668307304,-15.578150749206543,-15.570355819538236,-0.34169331192970276,-1.7011293172836304,2.8552913665771484,-0.0034778080880641937,-0.021252071484923363,1.7618815898895264,0.12455224990844727,0.587890625,-0.34169331192970276,13.95848274230957,6.038971900939941,0.0004886931440088577,0.001651035966054581,-0.06791648338207179,16.29043388277351
9043968,-0.019808344542980194,-17.294376373291016,-17.274568028748035,0.27129584550857544,-1.7138453722000122,3.252063274383545,-0.05131141468882561,-0.020446812734007835,1.6951225996017456,0.03486887738108635,0.350341796875,0.27129584550857544,13.751015663146973,12.74970531463623,0.0004884835843416154,0.0016503279746454668,-0.06804041857072522,16.29043388277351
9175040,0.0017338753677904606,-16.53864288330078,-16.54037675866857,0.2537344694137573,-1.709582805633545,2.790091037750244,-0.04817446321249008,-0.019936954602599144,1.65285325050354,0.03919889032840729,0.3662109375,0.2537344694137573,13.533108711242676,7.6228179931640625,0.0004882740246743732,0.0016496199832363525,-0.06816435375937863,16.29043388277351
9306112,0.04510447382926941,-11.832369804382324,-11.877474278211594,0.8838506937026978,-1.7218862771987915,4.397099494934082,-0.04742942750453949,-0.020500533282756805,1.6995761394500732,0.04955742880702019,0.3427734375,0.8838506937026978,17.969362258911133,8.27591609954834,0.00048806446500713097,0.0016489119918272383,-0.06828828894803204,16.29043388277351
9437184,0.14299258589744568,-4.41326904296875,-4.556261628866196,-3.1676502227783203,-1.8373992443084717,4.439878940582275,-0.04646962881088257,-0.022398794069886208,1.8569496870040894,0.02877921238541603,0.351806640625,-3.1676502227783203,17.769372940063477,9.837307929992676,0.00048785490533988875,0.001648204000418124,-0.06841222413668546,16.29043388277351
9568256,-0.05984823405742645,-16.101715087890625,-16.0418668538332,-0.6209560632705688,-1.706302523612976,2.768512725830078,-0.053367745131254196,-0.020777497440576553,1.722537636756897,0.04324302077293396,0.392822265625,-0.6209560632705688,13.961660385131836,8.157506942749023,0.0004876453456726465,0.0016474960090090097,-0.06853615932533888,16.29043388277351
9699328,0.03844478353857994,-13.966106414794922,-14.004551198333502,0.9027816653251648,-1.7382595539093018,3.96085524559021,-0.04854341596364975,-0.020993854850530624,1.7404744625091553,0.04284694790840149,0.396728515625,0.9027816653251648,16.435882568359375,8.900470733642578,0.0004874357860054043,0.0016467880175998954,-0.0686600945139923,16.29043388277351
9830400,0.015644753351807594,-13.416181564331055,-13.431826317682862,-0.2202153205871582,-1.7345616817474365,3.1589126586914062,-0.05011093616485596,-0.021573714911937714,1.788547158241272,0.03145984560251236,0.366943359375,-0.2202153205871582,15.591523170471191,7.723299026489258,0.0004872262263381621,0.0016460800261907812,-0.06878402970264572,16.29043388277351
9961472,-0.01707450859248638,-14.31039810180664,-14.293323593214154,-0.14210106432437897,-1.7153973579406738,3.1050071716308594,-0.05317883566021919,-0.020519720390439034,1.7011668682098389,0.04021461308002472,0.38330078125,-0.14210106432437897,14.748346328735352,9.139668464660645,0.00048701666667091986,0.0016453720347816667,-0.06890796489129912,16.29043388277351
10092544,0.004303025547415018,-13.668524742126465,-13.67282776767388,-0.19167545437812805,-1.7106400728225708,3.3532543182373047,-0.04663276672363281,-0.020501315593719482,1.6996409893035889,0.03838486224412918,0.39111328125,-0.19167545437812805,15.450174331665039,6.6681365966796875,0.00048680710700367764,0.0016446640433725524,-0.06903190007995254,16.29043388277351
10223616,-0.00855950452387333,-14.020940780639648,-14.012381276115775,-1.0896632671356201,-1.7270407676696777,3.130324602127075,-0.04534002020955086,-0.020396776497364044,1.690974235534668,0.0455193817615509,0.3818359375,-1.0896632671356201,14.31320571899414,11.62414264678955,0.0004865975473364354,0.0016439560519634381,-0.06915583526860596,16.29043388277351
10354688,-0.03172265365719795,-17.384227752685547,-17.35250509902835,-0.5650061964988708,-1.7235404253005981,3.2316248416900635,-0.05074756592512131,-0.020014841109514236,1.6593103408813477,0.04835119470953941,0.39697265625,-0.5650061964988708,14.2829008102417,7.763583183288574,0.0004863879876691932,0.0016432480605543239,-0.06927977045725937,16.29043388277351
10485760,0.004632284864783287,-16.27480697631836,-16.279439261183143,0.5479133725166321,-1.685927152633667,3.1367249488830566,-0.050255417823791504,-0.01944005861878395,1.6116585731506348,0.045182548463344574,0.383544921875,0.5479133725166321,15.051491737365723,8.964982032775879,0.00048617842800195097,0.0016425400691452096,-0.06940370564591279,16.29043388277351
10616832,0.04952056705951691,-11.334579467773438,-11.384100034832954,1.326858401298523,-1.707113265991211,4.672103404998779,-0.052558716386556625,-0.02071901224553585,1.7176889181137085,0.040230270475149155,0.38671875,1.326858401298523,19.680471420288086,9.674134254455566,0.00048596886833470875,0.0016418320777360953,-0.0695276408345662,16.29043388277351
10747904,0.11518290638923645,-6.720956802368164,-6.8361397087574005,-2.968817710876465,-1.8246867656707764,4.417511463165283,-0.046603646129369736,-0.021250169724225998,1.7617242336273193,0.043446414172649384,0.37744140625,-2.968817710876465,18.342374801635742,7.95209264755249,0.00048575930866746653,0.001641124086326981,-0.06965157602321963,16.29043388277351
10878976,-0.05402962863445282,-17.72751808166504,-17.673488453030586,-0.5226126909255981,-1.6728066205978394,2.6348443031311035,-0.05508103966712952,-0.020728277042508125,1.7184572219848633,0.04546527564525604,0.411376953125,-0.5226126909255981,14.098302841186523,7.6509623527526855,0.0004855497490002243,0.0016404160949178665,-0.06977551121187303,16.29043388277351
11010048,0.04483799636363983,-15.224722862243652,-15.269560858607292,1.1232831478118896,-1.7123229503631592,3.8893203735351562,-0.05256394296884537,-0.020652342587709427,1.712161660194397,0.04594849795103073,0.40576171875,1.1232831478118896,16.552000045776367,8.398353576660156,0.0004853401893329821,0.0016397081035087523,-0.06989944640052645,16.29043388277351
11141120,0.004176817834377289,-14.348403930664062,-14.35258074849844,-0.06555599719285965,-1.7250027656555176,3.677896022796631,-0.046573456376791,-0.020921509712934494,1.734476923942566,0.056594785302877426,0.441162109375,-0.06555599719285965,16.15043830871582,8.543906211853027,0.00048513062966573986,0.001639000112099638,-0.07002338158917987,16.29043388277351
11272192,-0.014103999361395836,-15.096986770629883,-15.082882771268487,-0.5596180558204651,-1.743389368057251,3.049060344696045,-0.045884959399700165,-0.02015901356935501,1.6712627410888672,0.04726909101009369,0.420166015625,-0.5596180558204651,13.917878150939941,8.38891315460205,0.00048492106999849764,0.0016382921206905237,-0.07014731677783329,16.29043388277351
11403264,0.013646823354065418,-14.851122856140137,-14.864769679494202,0.12662188708782196,-1.6899628639221191,3.31547212600708,-0.051953136920928955,-0.020279457792639732,1.6812481880187988,0.05058172345161438,0.41357421875,0.12662188708782196,14.833064079284668,11.182135581970215,0.0004847115103312554,0.0016375841292814095,-0.07027125196648669,16.29043388277351
11534336,-0.0008041784167289734,-15.171792984008789,-15.17098880559206,-0.24804657697677612,-1.7112975120544434,3.1086483001708984,-0.0493079349398613,-0.020502304658293724,1.6997230052947998,0.04843303561210632,0.4033203125,-0.24804657697677612,14.883148193359375,7.787876129150391,0.0004845019506640132,0.0016368761378722952,-0.07039518715514012,16.29043388277351
11665408,-0.020996706560254097,-17.744102478027344,-17.72310577146709,-0.03831957280635834,-1.6927061080932617,2.919252872467041,-0.05235251411795616,-0.020355142652988434,1.6875227689743042,0.034502096474170685,0.38330078125,-0.03831957280635834,14.092540740966797,7.41567850112915,0.000484292390996771,0.001636168146463181,-0.07051912234379354,16.29043388277351
11796480,-0.01199311576783657,-17.45867919921875,-17.446686083450913,-0.060294777154922485,-1.707766056060791,3.1819257736206055,-0.050234176218509674,-0.020617220550775528,1.7092500925064087,0.0468398779630661,0.388916015625,-0.060294777154922485,13.960494041442871,11.297648429870605,0.00048408283132952875,0.0016354601550540666,-0.07064305753244694,16.29043388277351
11927552,0.0325329527258873,-12.669914245605469,-12.702447198331356,1.0428200960159302,-1.7124207019805908,4.857556343078613,-0.05217677354812622,-0.02035033330321312,1.6871241331100464,0.04532303288578987,0.4111328125,1.0428200960159302,18.962400436401367,8.35964298248291,0.00048387327166228653,0.0016347521636449524,-0.07076699272110035,16.29043388277351
12058624,0.08147574961185455,-3.0295181274414062,-3.110993877053261,-3.7737181186676025,-1.8385014533996582,4.238522529602051,-0.05043226107954979,-0.021816987544298172,1.8087154626846313,0.04135012999176979,0.374755859375,-3.7737181186676025,19.28044891357422,9.538917541503906,0.0004836637119950443,0.001634044172235838,-0.07089092790975378,16.29043388277351
12189696,-0.039226144552230835,-15.869771957397461,-15.83054581284523,-1.302893042564392,-1.715202808380127,2.6890130043029785,-0.048160213977098465,-0.020207636058330536,1.6752939224243164,0.04605107009410858,0.43701171875,-1.302893042564392,14.63746452331543,5.990375518798828,0.0004834541523278021,0.0016333361808267238,-0.0710148630984072,16.29043388277351
12320768,0.023805098608136177,-15.11525821685791,-15.139063315466046,0.7653389573097229,-1.7275302410125732,4.12103796005249,-0.051670804619789124,-0.020809518173336983,1.7251923084259033,0.04972454905509949,0.41796875,0.7653389573097229,17.439311981201172,10.85395336151123,0.00048324459266055987,0.0016326281894176095,-0.0711387982870606,16.29043388277351
12451840,0.011853402480483055,-14.450142860412598,-14.46199626289308,-0.2941443920135498,-1.7023433446884155,3.4097304344177246,-0.053839147090911865,-0.019744325429201126,1.6368834972381592,0.05640409141778946,0.451171875,-0.2941443920135498,16.295333862304688,7.242377281188965,0.00048303503299331764,0.0016319201980084953,-0.07126273347571403,16.29043388277351
12582912,-0.011109049431979656,-16.743427276611328,-16.73231822717935,-0.4701191782951355,-1.6783497333526611,3.0550875663757324,-0.051708586513996124,-0.020357251167297363,1.6876976490020752,0.05155685544013977,0.419677734375,-0.4701191782951355,14.201096534729004,8.840633392333984,0.0004828254733260754,0.001631212206599381,-0.07138666866436744,16.29043388277351
12713984,-0.00467356201261282,-17.467668533325195,-17.462994971312582,-0.3252823054790497,-1.6920514106750488,2.7180213928222656,-0.053597353398799896,-0.020309891551733017,1.6837711334228516,0.05169132724404335,0.43017578125,-0.3252823054790497,14.058115005493164,8.050683975219727,0.0004826159136588332,0.0016305042151902667,-0.07151060385302085,16.29043388277351
12845056,-0.0056019192561507225,-19.068031311035156,-19.062429391779006,-0.2648806571960449,-1.680378794670105,2.9414052963256836,-0.051773302257061005,-0.020073987543582916,1.6642138957977295,0.053744129836559296,0.4306640625,-0.2648806571960449,14.135933876037598,8.093582153320312,0.000482406353991591,0.0016297962237811524,-0.07163453904167427,16.29043388277351
12976128,-0.011784044094383717,-19.578523635864258,-19.566739591769874,0.4533502757549286,-1.684140920639038,3.093040704727173,-0.05117354914546013,-0.021344218403100967,1.7695209980010986,0.05316997691988945,0.414306640625,0.4533502757549286,15.686253547668457,6.384390830993652,0.00048219679432434876,0.0016290882323720382,-0.07175847423032769,16.29043388277351
13107200,-0.022129250690340996,-18.106624603271484,-18.084495352581143,0.4165637493133545,-1.7036592960357666,3.458819627761841,-0.04690200835466385,-0.019544478505849838,1.6203153133392334,0.04151025414466858,0.4130859375,0.4165637493133545,16.42682456970215,9.175907135009766,0.00048198723465710654,0.001628380240962924,-0.0718824094189811,16.29043388277351
13238272,0.028984013944864273,-14.627572059631348,-14.656556073576212,1.6682965755462646,-1.665584921836853,4.134061813354492,-0.04927389323711395,-0.0202590674161911,1.6795576810836792,0.039719320833683014,0.405029296875,1.6682965755462646,19.73159408569336,7.172001361846924,0.0004817776749898643,0.0016276722495538096,-0.07200634460763453,16.29043388277351
13369344,0.1526903510093689,-3.938608407974243,-4.091298758983612,-1.6301754713058472,-1.7522897720336914,5.0684075355529785,-0.054044459015131,-0.02161647193133831,1.792091965675354,0.046478837728500366,0.373046875,-1.6301754713058472,22.928390502929688,11.940173149108887,0.0004815681153226221,0.0016269642581446953,-0.07213027979628793,16.29043388277351
13500416,-0.061057548969984055,-14.731346130371094,-14.67028858140111,-1.0032318830490112,-1.6180107593536377,3.2672853469848633,-0.060494668781757355,-0.019037289544939995,1.5782673358917236,0.049467481672763824,0.404541015625,-1.0032318830490112,17.925329208374023,10.997005462646484,0.00048135855565537987,0.001626256266735581,-0.07225421498494135,16.29043388277351
13631488,0.0246322862803936,-13.183586120605469,-13.208218406885862,1.1187654733657837,-1.608412504196167,4.140647888183594,-0.0562923364341259,-0.0200657919049263,1.6635342836380005,0.0517100989818573,0.423828125,1.1187654733657837,19.300382614135742,7.1558637619018555,0.00048114899598813765,0.0016255482753264668,-0.07237815017359477,16.29043388277351
13762560,0.01472184993326664,-14.77965259552002,-14.794374445453286,-0.23614931106567383,-1.658988356590271,3.461629629135132,-0.05023428797721863,-0.01994401216506958,1.6534384489059448,0.04932880401611328,0.414794921875,-0.23614931106567383,16.431901931762695,8.557831764221191,0.0004809394363208954,0.0016248402839173525,-0.07250208536224818,16.29043388277351
13893632,-0.03008943423628807,-17.829099655151367,-17.79901022091508,-0.049251481890678406,-1.6528818607330322,2.8184404373168945,-0.057433512061834335,-0.019264716655015945,1.5971221923828125,0.037236787378787994,0.399169921875,-0.049251481890678406,15.032873153686523,9.197033882141113,0.0004807298766536532,0.0016241322925082383,-0.07262602055090159,16.29043388277351
14024704,0.009711054153740406,-17.366439819335938,-17.376150873489678,0.5366654992103577,-1.6130104064941406,3.6012659072875977,-0.0506928376853466,-0.019036615267395973,1.5782115459442139,0.05116769298911095,0.405029296875,0.5366654992103577,16.893678665161133,10.216346740722656,0.000480520316986411,0.001623424301099124,-0.072749955739555,16.29043388277351
14155776,0.0034022065810859203,-18.802709579467773,-18.80611178604886,1.0289782285690308,-1.6594617366790771,3.0728631019592285,-0.0546519011259079,-0.020114244893193245,1.6675513982772827,0.050239741802215576,0.4267578125,1.0289782285690308,15.959916114807129,7.226459980010986,0.00048031075731916876,0.0016227163096900097,-0.07287389092820844,16.29043388277351
14286848,0.010782778263092041,-17.424694061279297,-17.43547683954239,0.9934990406036377,-1.643897294998169,2.7801129817962646,-0.053677476942539215,-0.020085498690605164,1.665168046951294,0.05199740082025528,0.4541015625,0.9934990406036377,14.716944694519043,7.29417610168457,0.00048010119765192654,0.0016220083182808952,-0.07299782611686184,16.29043388277351
14417920,0.03175816684961319,-16.810497283935547,-16.84225545078516,0.877356767654419,-1.6235113143920898,2.761113405227661,-0.05728601664304733,-0.0194975808262825,1.6164274215698242,0.036543965339660645,0.41455078125,0.877356767654419,14.695075035095215,7.222274303436279,0.0004798916379846843,0.0016213003268717807,-0.07312176130551526,16.29043388277351
14548992,0.06849323958158493,-9.98412799835205,-10.052621237933636,1.9543057680130005,-1.676353931427002,4.716104030609131,-0.05386067181825638,-0.020676974207162857,1.7142038345336914,0.0459723025560379,0.405517578125,1.9543057680130005,21.759305953979492,7.608926773071289,0.0004796820783174421,0.0016205923354626665,-0.07324569649416868,16.29043388277351
14680064,0.13431045413017273,-8.319070816040039,-8.453381270170212,-2.2868528366088867,-1.7519972324371338,4.887012481689453,-0.05484432727098465,-0.02208307944238186,1.830775499343872,0.042434096336364746,0.413818359375,-2.2868528366088867,22.91842269897461,8.118348121643066,0.0004794725186501999,0.0016198843440535522,-0.0733696316828221,16.29043388277351
14811136,-0.08975262194871902,-22.972963333129883,-22.883210711181164,-0.8826820850372314,-1.6477110385894775,2.963958740234375,-0.05816730111837387,-0.020047897472977638,1.6620508432388306,0.04709029570221901,0.411376953125,-0.8826820850372314,15.677370071411133,9.967984199523926,0.00047926295898295765,0.001619176352644438,-0.0734935668714755,16.29043388277351
14942208,0.014088964089751244,-20.248876571655273,-20.262965535745025,1.4784326553344727,-1.6434409618377686,3.8867697715759277,-0.059260666370391846,-0.019806476309895515,1.6420361995697021,0.05399440601468086,0.42333984375,1.4784326553344727,16.56951141357422,5.633762359619141,0.00047905339931571543,0.0016184683612353236,-0.07361750206012893,16.29043388277351
15073280,-0.011072417721152306,-20.75470733642578,-20.74363491870463,0.22062009572982788,-1.6388002634048462,3.416907787322998,-0.05478904768824577,-0.020060809329152107,1.663121223449707,0.048294760286808014,0.42333984375,0.22062009572982788,16.021865844726562,7.633059501647949,0.0004788438396484732,0.0016177603698262094,-0.07374143724878233,16.29043388277351
15204352,-0.013169613666832447,-22.07769775390625,-22.064528140239418,0.9949686527252197,-1.6130419969558716,3.2659103870391846,-0.0562659353017807,-0.020070884376764297,1.663956642150879,0.04565957188606262,0.42431640625,0.9949686527252197,15.645370483398438,6.487514972686768,0.000478634279981231,0.001617052378417095,-0.07386537243743575,16.29043388277351
15335424,-0.005162615329027176,-22.202486038208008,-22.19732342287898,1.105776309967041,-1.626969575881958,3.2706973552703857,-0.05037631094455719,-0.02002272754907608,1.6599640846252441,0.050641290843486786,0.43505859375,1.105776309967041,14.930389404296875,10.8095064163208,0.00047842472031398877,0.0016163443870079808,-0.07398930762608916,16.29043388277351
15466496,-0.007314224727451801,-20.40077781677246,-20.39346359204501,1.1108753681182861,-1.6436443328857422,2.970674991607666,-0.04937398433685303,-0.019731812179088593,1.6358461380004883,0.05440413951873779,0.4091796875,1.1108753681182861,14.547490119934082,6.406073570251465,0.00047821516064674654,0.0016156363955988665,-0.07411324281474259,16.29043388277351
15597568,-0.0023219760041683912,-19.456632614135742,-19.454310638131574,0.9665268659591675,-1.645768165588379,2.727165699005127,-0.050274740904569626,-0.0194784477353096,1.6148412227630615,0.062361449003219604,0.42822265625,0.9665268659591675,14.498119354248047,5.357115268707275,0.0004780056009795043,0.0016149284041897523,-0.074237178003396,16.29043388277351
15728640,0.015414544381201267,-16.160720825195312,-16.176135369576514,0.7902871370315552,-1.6124327182769775,2.7960667610168457,-0.04860421270132065,-0.019724497571587563,1.635239601135254,0.06153244152665138,0.418212890625,0.7902871370315552,15.462838172912598,7.394580364227295,0.0004777960413122621,0.001614220412780638,-0.07436111319204941,16.29043388277351
15859712,0.0784381628036499,-9.604087829589844,-9.682525992393494,1.6512140035629272,-1.6219887733459473,6.013999938964844,-0.05748020112514496,-0.019168121740221977,1.5891139507293701,0.052222587168216705,0.4052734375,1.6512140035629272,22.78175926208496,7.148737907409668,0.00047758648164501993,0.0016135124213715237,-0.07448504838070283,16.29043388277351
15990784,0.15907081961631775,-4.458621978759766,-4.617692798376083,-3.681173801422119,-1.6679236888885498,4.530109405517578,-0.05417998135089874,-0.02021879144012928,1.6762186288833618,0.03633365035057068,0.38671875,-3.681173801422119,19.66521644592285,10.120862007141113,0.0004773769219777777,0.0016128044299624092,-0.07460898356935625,16.29043388277351
16121856,-0.055845629423856735,-17.743898391723633,-17.688052762299776,0.03822550177574158,-1.5608904361724854,3.0618813037872314,-0.05458759143948555,-0.018608108162879944,1.5426865816116333,0.047475166618824005,0.409912109375,0.03822550177574158,16.593769073486328,7.338893890380859,0.0004771673623105355,0.001612096438553295,-0.07473291875800966,16.29043388277351
16252928,0.028361158445477486,-14.345809936523438,-14.374171094968915,0.7422252893447876,-1.6129359006881714,4.891661167144775,-0.050258323550224304,-0.019302694126963615,1.600270390510559,0.0625571459531784,0.44873046875,0.7422252893447876,20.104637145996094,8.628271102905273,0.00047695780264329327,0.0016113884471441807,-0.07485685394666308,16.29043388277351
16384000,-0.0059537505730986595,-15.629226684570312,-15.623272933997214,-0.29080384969711304,-1.6552776098251343,3.3875064849853516,-0.050578512251377106,-0.0207928828895092,1.7238130569458008,0.058041490614414215,0.427734375,-0.29080384969711304,16.91693115234375,10.860549926757812,0.00047674824297605105,0.0016106804557350664,-0.0749807891353165,16.29043388277351
16515072,-0.013854535296559334,-16.332717895507812,-16.318863360211253,0.11751803755760193,-1.6056957244873047,3.0165462493896484,-0.053912386298179626,-0.019330933690071106,1.6026115417480469,0.05571436882019043,0.432373046875,0.11751803755760193,15.812755584716797,6.60999059677124,0.0004765386833088088,0.0016099724643259521,-0.0751047243239699,16.29043388277351
16646144,-0.0020253569819033146,-14.518638610839844,-14.51661325385794,0.3322222828865051,-1.6504952907562256,3.6214330196380615,-0.051124028861522675,-0.01989281177520752,1.6491934061050415,0.04289895296096802,0.431640625,0.3322222828865051,17.09967613220215,6.454366207122803,0.0004763291236415666,0.0016092644729168379,-0.07522865951262334,16.29043388277351
16777216,-0.004528189077973366,-12.603910446166992,-12.599382257089019,-0.06618666648864746,-1.6837706565856934,3.3496954441070557,-0.05035635828971863,-0.020496560260653496,1.699246883392334,0.0582619346678257,0.42919921875,-0.06618666648864746,16.66438865661621,6.576529502868652,0.0004761195639743244,0.0016085564815077236,-0.07535259470127674,16.29043388277351
16908288,-0.003291909582912922,-12.772455215454102,-12.769163305871189,-0.05225253105163574,-1.6981654167175293,2.8085267543792725,-0.04820214956998825,-0.020442510023713112,1.6947656869888306,0.06303437799215317,0.431640625,-0.05225253105163574,15.83414077758789,11.389226913452148,0.00047591000430708216,0.0016078484900986093,-0.07547652988993016,16.29043388277351
17039360,-0.0007092263549566269,-12.492388725280762,-12.491679498925805,-0.38465893268585205,-1.7375667095184326,3.238434076309204,-0.04951797425746918,-0.020460110157728195,1.6962249279022217,0.0492437407374382,0.430908203125,-0.38465893268585205,15.723974227905273,8.464569091796875,0.00047570044463983994,0.0016071404986894948,-0.07560046507858356,16.29043388277351
17170432,0.045824985951185226,-6.809835433959961,-6.855660419911146,1.2459510564804077,-1.7770699262619019,4.913048267364502,-0.053571417927742004,-0.02185998484492302,1.8122800588607788,0.06425569206476212,0.445068359375,1.2459510564804077,22.72163200378418,8.44275951385498,0.0004754908849725977,0.0016064325072803803,-0.075724400267237,16.29043388277351
17301504,0.15664948523044586,7.841376781463623,7.684727296233177,-5.523947715759277,-1.802045226097107,5.12916898727417,-0.0518827885389328,-0.021670158952474594,1.796542763710022,0.035134587436914444,0.395751953125,-5.523947715759277,24.102371215820312,13.447281837463379,0.0004752813253053555,0.001605724515871266,-0.0758483354558904,16.29043388277351
17432576,-0.07993112504482269,-7.008935928344727,-6.929004803299904,-2.3552746772766113,-1.643902063369751,3.0943052768707275,-0.0495680570602417,-0.019254308193922043,1.5962592363357544,0.04629971832036972,0.4345703125,-2.3552746772766113,17.858675003051758,8.08751392364502,0.00047507176563811327,0.0016050165244621518,-0.07597227064454382,16.29043388277351
17563648,0.016689876094460487,-7.223669052124023,-7.240358928218484,-0.4796810746192932,-1.6587049961090088,3.549818515777588,-0.05568351969122887,-0.02000102587044239,1.6581649780273438,0.05270102620124817,0.4404296875,-0.4796810746192932,19.026081085205078,8.975183486938477,0.00047486220597087105,0.0016043085330530373,-0.07609620583319725,16.29043388277351
17694720,0.006161556113511324,-9.577800750732422,-9.583962306845933,-1.9079593420028687,-1.685143232345581,3.254082679748535,-0.05422336608171463,-0.019818242639303207,1.643011450767517,0.04606518894433975,0.41748046875,-1.9079593420028687,15.815267562866211,7.347135543823242,0.00047465264630362883,0.0016036005416439228,-0.07622014102185065,16.29043388277351
17825792,-0.026105109602212906,-14.344280242919922,-14.318175133317709,-0.28619247674942017,-1.627052903175354,2.7508764266967773,-0.055592380464076996,-0.019417326897382736,1.609774112701416,0.039235204458236694,0.41455078125,-0.28619247674942017,15.903107643127441,9.259025573730469,0.0004744430866363866,0.0016028925502348085,-0.07634407621050406,16.29043388277351
17956864,0.010486820712685585,-12.363617897033691,-12.374104717746377,-0.009259119629859924,-1.6180096864700317,3.0594139099121094,-0.05651916190981865,-0.020089615136384964,1.6655093431472778,0.05748641863465309,0.427001953125,-0.009259119629859924,16.115808486938477,10.679941177368164,0.0004742335269691444,0.0016021845588256943,-0.07646801139915749,16.29043388277351
18087936,0.01338743232190609,-13.058649063110352,-13.072036495432258,-0.09532063454389572,-1.644205093383789,2.8052382469177246,-0.05008076876401901,-0.02019951492547989,1.6746203899383545,0.054515693336725235,0.4267578125,-0.09532063454389572,15.58918285369873,7.146244525909424,0.00047402396730190216,0.00160147656741658,-0.0765919465878109,16.29043388277351
18219008,-0.0028023282065987587,-14.673924446105957,-14.671122117899358,-0.5442615747451782,-1.6390650272369385,2.6553611755371094,-0.05207737907767296,-0.019345607608556747,1.6038280725479126,0.050100281834602356,0.444091796875,-0.5442615747451782,15.094446182250977,8.856070518493652,0.00047381440763465994,0.0016007685760074657,-0.07671588177646431,16.29043388277351
18350080,0.01135009340941906,-15.166940689086914,-15.178290782496333,0.6810047030448914,-1.624086618423462,3.2709131240844727,-0.04874545335769653,-0.01994510367512703,1.6535288095474243,0.04320396110415459,0.42822265625,0.6810047030448914,16.128576278686523,10.448989868164062,0.0004736048479674177,0.0016000605845983514,-0.07683981696511774,16.29043388277351
18481152,0.08097449690103531,-6.21127986907959,-6.292254365980625,2.5887041091918945,-1.6673164367675781,5.169766902923584,-0.05323217064142227,-0.020435836166143417,1.6942124366760254,0.04521738365292549,0.4013671875,2.5887041091918945,23.89434814453125,6.5425028800964355,0.0004733952883001755,0.0015993525931892372,-0.07696375215377114,16.29043388277351
18612224,0.07054822146892548,1.472485899925232,1.4019376784563065,-4.854650497436523,-1.8232090473175049,4.090015888214111,-0.05290229618549347,-0.021303396672010422,1.766136884689331,0.03318048641085625,0.37353515625,-4.854650497436523,19.77480125427246,10.737032890319824,0.0004731857286329333,0.0015986446017801229,-0.07708768734242456,16.29043388277351
18743296,-0.04743904992938042,-10.706725120544434,-10.659286070615053,-1.8645603656768799,-1.7307664155960083,2.515679359436035,-0.058634087443351746,-0.02062103897333145,1.709566593170166,0.03888922184705734,0.418701171875,-1.8645603656768799,13.893754959106445,7.878728866577148,0.00047297616896569105,0.0015979366103710084,-0.07721162253107797,16.29043388277351
18874368,0.03204061836004257,-9.868264198303223,-9.900304816663265,0.5366230010986328,-1.7281990051269531,4.822149753570557,-0.056160781532526016,-0.02067655883729458,1.7141693830490112,0.05409280210733414,0.4228515625,0.5366230010986328,19.29920196533203,10.61221981048584,0.00047276660929844883,0.0015972286189618941,-0.0773355577197314,16.29043388277351
19005440,0.00411405973136425,-10.279467582702637,-10.283581642434001,-0.6221246123313904,-1.7037506103515625,3.2218761444091797,-0.058011509478092194,-0.021098734810948372,1.7491695880889893,0.060163989663124084,0.4267578125,-0.6221246123313904,15.735689163208008,10.119619369506836,0.0004725570496312066,0.0015965206275527799,-0.0774594929083848,16.29043388277351
19136512,-0.0017514806240797043,-12.773966789245605,-12.772215308621526,-0.07056644558906555,-1.6949552297592163,3.457186222076416,-0.05602213367819786,-0.020492034032940865,1.6988714933395386,0.04963305592536926,0.424072265625,-0.07056644558906555,16.11908721923828,11.615975379943848,0.0004723474899639644,0.0015958126361436656,-0.07758342809703822,16.29043388277351
19267584,0.012216843664646149,-13.862622261047363,-13.87483910471201,-0.6675056219100952,-1.7163105010986328,3.063079357147217,-0.048447154462337494,-0.020980510860681534,1.7393683195114136,0.05477694422006607,0.430419921875,-0.6675056219100952,16.50457191467285,9.302600860595703,0.00047213793029672217,0.0015951046447345513,-0.07770736328569164,16.29043388277351
19398656,-0.01586538925766945,-16.507572174072266,-16.491706784814596,-0.6317391395568848,-1.6705150604248047,2.787207841873169,-0.05279826372861862,-0.019292108714580536,1.5993931293487549,0.06166449934244156,0.4404296875,-0.6317391395568848,14.957658767700195,7.777456283569336,0.00047192837062947995,0.001594396653325437,-0.07783129847434506,16.29043388277351
19529728,-0.027246009558439255,-18.393817901611328,-18.36657189205289,0.5623921155929565,-1.6730132102966309,2.964040994644165,-0.04949931800365448,-0.02011123299598694,1.6673016548156738,0.05466003715991974,0.434814453125,0.5623921155929565,16.244632720947266,6.754025459289551,0.0004717188109622377,0.0015936886619163228,-0.07795523366299847,16.29043388277351
19660800,0.012282689101994038,-16.29221534729004,-16.304498036392033,0.47052001953125,-1.6639864444732666,3.231797218322754,-0.052642758935689926,-0.019628280773758888,1.627262830734253,0.05798018351197243,0.44775390625,0.47052001953125,16.34497833251953,7.027388095855713,0.0004715092512949955,0.0015929806705072085,-0.07807916885165189,16.29043388277351
19791872,0.02305893413722515,-13.761539459228516,-13.78459839336574,1.2258076667785645,-1.6685419082641602,4.70637321472168,-0.05718574672937393,-0.021211061626672745,1.7584818601608276,0.06569834053516388,0.450927734375,1.2258076667785645,19.8504581451416,13.368424415588379,0.0004712996916277533,0.0015922726790980942,-0.0782031040403053,16.29043388277351
19922944,0.04929308220744133,-7.2835373878479,-7.332830470055342,-3.3339040279388428,-1.7812609672546387,4.21047830581665,-0.04986868053674698,-0.020646121352910995,1.7116459608078003,0.03359846770763397,0.404296875,-3.3339040279388428,19.184295654296875,7.144871711730957,0.00047109013196051106,0.00159156468768898,-0.07832703922895871,16.29043388277351
20054016,-0.0456828847527504,-16.567506790161133,-16.521823905408382,-0.488968163728714,-1.6999201774597168,2.494246244430542,-0.05489339679479599,-0.02075296640396118,1.7205040454864502,0.06229168176651001,0.44873046875,-0.488968163728714,14.249162673950195,6.137294292449951,0.00047088057229326884,0.0015908566962798657,-0.07845097441761213,16.29043388277351
20185088,0.030530937016010284,-13.007186889648438,-13.037717826664448,0.5646228790283203,-1.7163207530975342,4.008263111114502,-0.054727908223867416,-0.021086836233735085,1.748183012008667,0.06339211016893387,0.45166015625,0.5646228790283203,17.293140411376953,9.410598754882812,0.0004706710126260266,0.0015901487048707514,-0.07857490960626555,16.29043388277351
20316160,-0.0026955651119351387,-15.359071731567383,-15.356376166455448,-0.42504817247390747,-1.7575067281723022,3.0697968006134033,-0.052183642983436584,-0.02161705121397972,1.7921397686004639,0.04993540793657303,0.417724609375,-0.42504817247390747,15.999822616577148,10.335596084594727,0.0004704614529587844,0.0015894407134616371,-0.07869884479491897,16.29043388277351
20447232,-0.014828592538833618,-16.44489288330078,-16.430064290761948,0.3580457270145416,-1.7505916357040405,3.342186450958252,-0.051529817283153534,-0.021393034607172012,1.7735681533813477,0.05230628699064255,0.447998046875,0.3580457270145416,16.11249351501465,8.970208168029785,0.00047025189329154217,0.0015887327220525228,-0.07882277998357237,16.29043388277351
20578304,0.021256353706121445,-14.579879760742188,-14.601136114448309,0.15755170583724976,-1.7269694805145264,3.426694393157959,-0.05156051367521286,-0.021190185099840164,1.7567511796951294,0.05996444448828697,0.4365234375,0.15755170583724976,15.911310195922852,12.104765892028809,0.00047004233362429995,0.0015880247306434086,-0.0789467151722258,16.29043388277351
20709376,-0.01558251865208149,-17.378572463989258,-17.362989945337176,-0.41348257660865784,-1.7227870225906372,2.738924026489258,-0.04852529242634773,-0.020221129059791565,1.6764123439788818,0.04244840890169144,0.446533203125,-0.41348257660865784,15.035256385803223,6.466869354248047,0.00046983277395705773,0.0015873167392342943,-0.07907065036087921,16.29043388277351
20840448,0.002187608741223812,-17.908802032470703,-17.910989641211927,0.5226843357086182,-1.7198185920715332,2.883603096008301,-0.05350438505411148,-0.020128006115555763,1.6686922311782837,0.05573050677776337,0.4462890625,0.5226843357086182,15.80622386932373,6.141125202178955,0.0004696232142898155,0.00158660874782518,-0.07919458554953263,16.29043388277351
20971520,9.038392454385757e-05,-18.152957916259766,-18.15304830018431,-0.31531500816345215,-1.7124743461608887,2.8258471488952637,-0.04961495101451874,-0.02053324691951275,1.7022883892059326,0.057399872690439224,0.455078125,-0.31531500816345215,14.61709213256836,8.27765941619873,0.0004694136546225733,0.0015859007564160657,-0.07931852073818604,16.29043388277351
21102592,0.015241398476064205,-15.894195556640625,-15.90943695511669,1.0244286060333252,-1.696584701538086,4.353578090667725,-0.05309431627392769,-0.02049054019153118,1.6987476348876953,0.06189202517271042,0.456787109375,1.0244286060333252,19.233545303344727,6.203431129455566,0.00046920409495533106,0.0015851927650069513,-0.07944245592683946,16.29043388277351
21233664,0.06818537414073944,-5.691410541534424,-5.759595915675163,-3.704866647720337,-1.8240838050842285,4.5921735763549805,-0.05405578762292862,-0.02186773344874382,1.812922477722168,0.042566344141960144,0.39892578125,-3.704866647720337,19.490032196044922,7.9471211433410645,0.00046899453528808884,0.001584484773597837,-0.07956639111549287,16.29043388277351
21364736,-0.06728057563304901,-17.19847297668457,-17.13119240105152,-1.0622308254241943,-1.6900060176849365,2.6640114784240723,-0.05588902533054352,-0.020453307777643204,1.695660948753357,0.05434906482696533,0.436279296875,-1.0622308254241943,15.27469253540039,10.336668968200684,0.0004687849756208466,0.0015837767821887227,-0.0796903263041463,16.29043388277351
21495808,0.01596379280090332,-14.220951080322266,-14.236914873123169,0.9114497900009155,-1.7526121139526367,4.3072662353515625,-0.046188607811927795,-0.0209970586001873,1.7407400608062744,0.06503386795520782,0.438232421875,0.9114497900009155,18.931285858154297,8.675071716308594,0.0004685754159536044,0.0015830687907796084,-0.07981426149279972,16.29043388277351
21626880,2.132263034582138e-05,-13.88884162902832,-13.888862951658666,-0.13544988632202148,-1.8124662637710571,3.3681252002716064,-0.01900496892631054,-0.022498439997434616,1.8652105331420898,0.12295320630073547,0.58984375,-0.13544988632202148,16.8846492767334,11.192096710205078,0.0004683658562863622,0.0015823607993704942,-0.07993819668145312,16.29043388277351
21757952,-0.019178001210093498,-16.454008102416992,-16.4348301012069,0.007336772978305817,-1.8588069677352905,2.9266135692596436,-0.053723156452178955,-0.022479873150587082,1.8636715412139893,0.04009074717760086,0.382080078125,0.007336772978305817,15.581145286560059,10.278569221496582,0.00046815629661911995,0.0015816528079613799,-0.08006213187010654,16.29043388277351
21889024,0.0028237234801054,-16.706403732299805,-16.70922745577991,0.30189377069473267,-1.8783501386642456,2.8101367950439453,-0.05146007612347603,-0.021827377378940582,1.8095767498016357,0.040214598178863525,0.37841796875,0.30189377069473267,15.262036323547363,8.703554153442383,0.00046794673695187773,0.0015809448165522656,-0.08018606705875995,16.29043388277351
22020096,0.0010242117568850517,-17.252090454101562,-17.253114665858448,0.3514522314071655,-1.8781306743621826,3.016723155975342,-0.051019906997680664,-0.02300695888698101,1.9073688983917236,0.05247238278388977,0.395751953125,0.3514522314071655,15.720606803894043,9.904831886291504,0.0004677371772846355,0.0015802368251431511,-0.08031000224741337,16.29043388277351
22151168,-0.0007637427188456059,-17.671714782714844,-17.670951039995998,0.5532163381576538,-1.8952116966247559,3.0310659408569336,-0.052424825727939606,-0.023238321766257286,1.9265497922897339,0.04269513487815857,0.393798828125,0.5532163381576538,16.032045364379883,11.16571044921875,0.0004675276176173933,0.0015795288337340369,-0.08043393743606678,16.29043388277351
22282240,-0.00788058340549469,-17.892253875732422,-17.884373292326927,0.7944774627685547,-1.9288116693496704,3.2272825241088867,-0.055831022560596466,-0.02262905240058899,1.876038908958435,0.04902280867099762,0.41259765625,0.7944774627685547,16.303131103515625,5.813168525695801,0.00046731805795015107,0.0015788208423249226,-0.08055787262472021,16.29043388277351
22413312,0.04024650901556015,-13.221739768981934,-13.261986277997494,1.789128065109253,-1.918472409248352,4.842968940734863,-0.054196424782276154,-0.0231496449559927,1.9191981554031372,0.05283919349312782,0.40869140625,1.789128065109253,20.243061065673828,9.046566009521484,0.00046710849828290884,0.001578112850915808,-0.08068180781337361,16.29043388277351
22544384,0.05191323533654213,-5.105360984802246,-5.157274220138788,-4.076523303985596,-1.9634299278259277,4.5105390548706055,-0.050339795649051666,-0.023713361471891403,1.9659323692321777,0.03535594791173935,0.379150390625,-4.076523303985596,19.914766311645508,9.416176795959473,0.0004668989386156666,0.0015774048595066938,-0.08080574300202703,16.29043388277351
22675456,-0.04419789835810661,-15.54660415649414,-15.502406258136034,-0.33474376797676086,-1.8806161880493164,2.6000163555145264,-0.055163051933050156,-0.022337239235639572,1.85184645652771,0.052855171263217926,0.428955078125,-0.33474376797676086,15.027351379394531,9.367340087890625,0.0004666893789484244,0.0015766968680975793,-0.08092967819068045,16.29043388277351
22806528,0.02233266830444336,-13.504528045654297,-13.52686071395874,0.43086326122283936,-1.8806864023208618,3.91680908203125,-0.05792120099067688,-0.023097138851881027,1.9148452281951904,0.04704803228378296,0.415283203125,0.43086326122283936,17.648401260375977,10.114606857299805,0.0004664798192811822,0.001575988876688465,-0.08105361337933387,16.29043388277351
22937600,0.0005368194542825222,-17.371440887451172,-17.371977706905454,-0.12327338755130768,-1.8858118057250977,3.180985927581787,-0.052313387393951416,-0.022579461336135864,1.8719276189804077,0.052349306643009186,0.416748046875,-0.12327338755130768,15.903824806213379,6.426085948944092,0.00046627025961393996,0.0015752808852793508,-0.08117754856798727,16.29043388277351
23068672,-0.014224974438548088,-18.77634620666504,-18.76212123222649,0.8171818852424622,-1.8234933614730835,3.1292150020599365,-0.051067523658275604,-0.02178315259516239,1.805910348892212,0.04180210456252098,0.427490234375,0.8171818852424622,16.785690307617188,8.187061309814453,0.00046606069994669774,0.0015745728938702365,-0.0813014837566407,16.29043388277351
23199744,0.011492637917399406,-16.440494537353516,-16.451987175270915,0.5566096305847168,-1.8530915975570679,3.2024900913238525,-0.056405458599328995,-0.02157706581056118,1.7888250350952148,0.051141124218702316,0.41650390625,0.5566096305847168,16.23172378540039,7.404194355010986,0.0004658511402794555,0.001573864902461122,-0.0814254189452941,16.29043388277351
23330816,-0.0071070026606321335,-19.032833099365234,-19.025726096704602,0.11627377569675446,-1.847412347793579,3.2986698150634766,-0.05425038933753967,-0.021878674626350403,1.8138296604156494,0.03593844920396805,0.416259765625,0.11627377569675446,15.854097366333008,9.77765941619873,0.0004656415806122133,0.0015731569110520077,-0.08154935413394752,16.29043388277351
23461888,-0.007558066863566637,-19.42340850830078,-19.415850441437215,0.8491919040679932,-1.8457225561141968,3.3173298835754395,-0.049737945199012756,-0.02318372204899788,1.9220232963562012,0.059940800070762634,0.429931640625,0.8491919040679932,17.30322265625,8.115532875061035,0.00046543202094497107,0.0015724489196428935,-0.08167328932260094,16.29043388277351
23592960,-0.004182239528745413,-20.126413345336914,-20.12223110580817,0.3118436634540558,-1.8962689638137817,3.3523874282836914,-0.04930899292230606,-0.022875875234603882,1.8965013027191162,0.06301060318946838,0.414306640625,0.3118436634540558,16.440921783447266,5.585580348968506,0.00046522246127772885,0.0015717409282337792,-0.08179722451125436,16.29043388277351
23724032,0.033217478543519974,-16.983856201171875,-17.017073679715395,1.2390443086624146,-1.8872019052505493,4.527480125427246,-0.05288908630609512,-0.02323676273226738,1.9264205694198608,0.048320066183805466,0.421630859375,1.2390443086624146,20.09736442565918,6.2800517082214355,0.00046501290161048663,0.001571032936824665,-0.08192115969990776,16.29043388277351
23855104,0.06817960739135742,-6.7253570556640625,-6.79353666305542,-4.2121171951293945,-1.913729190826416,4.7444305419921875,-0.05643736943602562,-0.023294055834412575,1.9311704635620117,0.028223801404237747,0.386474609375,-4.2121171951293945,20.017772674560547,9.44411563873291,0.0004648033419432444,0.0015703249454155506,-0.08204509488856118,16.29043388277351
23986176,-0.062005236744880676,-20.285293579101562,-20.223288342356682,-1.357363224029541,-1.850650668144226,2.6193480491638184,-0.06699652969837189,-0.021641237661242485,1.794145107269287,0.04256746917963028,0.431640625,-1.357363224029541,14.746163368225098,11.211024284362793,0.0004645937822760022,0.0015696169540064362,-0.08216903007721461,16.29043388277351
24117248,0.010917605832219124,-18.95488166809082,-18.96579927392304,2.19932222366333,-1.8536268472671509,4.33518123626709,-0.05199245363473892,-0.02165687084197998,1.7954411506652832,0.05424971878528595,0.45361328125,2.19932222366333,18.727294921875,11.160477638244629,0.00046438422260875996,0.0015689089625973219,-0.08229296526586802,16.29043388277351
24248320,0.015745343640446663,-18.485511779785156,-18.501257123425603,0.08034384250640869,-1.8309922218322754,3.193537712097168,-0.05591317266225815,-0.022049404680728912,1.8279838562011719,0.04276910051703453,0.444091796875,0.08034384250640869,15.235884666442871,8.606945037841797,0.00046417466294151774,0.0015682009711882076,-0.08241690045452144,16.29043388277351
24379392,-0.00034392811357975006,-19.429523468017578,-19.429179539904,0.6817953586578369,-1.8247661590576172,3.000936508178711,-0.052778467535972595,-0.02140209637582302,1.7743192911148071,0.05070929601788521,0.41357421875,0.6817953586578369,15.82352066040039,6.9673686027526855,0.0004639651032742755,0.0015674929797790933,-0.08254083564317485,16.29043388277351
24510464,0.005653688684105873,-19.170623779296875,-19.17627746798098,0.33376938104629517,-1.8221373558044434,2.934347629547119,-0.05041976645588875,-0.021795587614178658,1.8069415092468262,0.07571231573820114,0.424072265625,0.33376938104629517,15.697425842285156,10.848369598388672,0.0004637555436070333,0.001566784988369979,-0.08266477083182827,16.29043388277351
24641536,-0.013917194679379463,-20.09066390991211,-20.07674671523273,0.6653199195861816,-1.8148964643478394,3.023763656616211,-0.04977916553616524,-0.022273549810051918,1.8465662002563477,0.05732779577374458,0.431396484375,0.6653199195861816,16.168987274169922,9.966625213623047,0.0004635459839397911,0.0015660769969608648,-0.08278870602048168,16.29043388277351
24772608,0.0017712097615003586,-18.766733169555664,-18.768504379317164,0.641582727432251,-1.8339314460754395,3.216963291168213,-0.0521257147192955,-0.022284094244241714,1.847440481185913,0.0668235719203949,0.449462890625,0.641582727432251,16.72591209411621,5.435291290283203,0.00046333642427254885,0.0015653690055517505,-0.08291264120913511,16.29043388277351
24903680,-0.0034626119304448366,-18.95815658569336,-18.954693973762915,0.05534882843494415,-1.8306710720062256,3.117722988128662,-0.05341928452253342,-0.021823478862643242,1.8092536926269531,0.04875466972589493,0.4296875,0.05534882843494415,15.309539794921875,17.79553985595703,0.00046312686460530663,0.0015646610141426362,-0.08303657639778851,16.29043388277351
25034752,0.041744623333215714,-14.032922744750977,-14.074667368084192,2.034419536590576,-1.8678038120269775,4.56449031829834,-0.056023117154836655,-0.022317547351121902,1.8502137660980225,0.054275430738925934,0.411865234375,2.034419536590576,21.036130905151367,5.151129722595215,0.0004629173049380644,0.001563953022733522,-0.08316051158644193,16.29043388277351
25165824,0.07230322808027267,-1.2078349590301514,-1.280138187110424,-4.153889179229736,-1.9104212522506714,4.393223285675049,-0.05320370942354202,-0.023673133924603462,1.9625972509384155,0.03143079951405525,0.3818359375,-4.153889179229736,19.952831268310547,8.079279899597168,0.0004627077452708222,0.0015632450313244077,-0.08328444677509535,16.29043388277351
25296896,-0.07390156388282776,-14.978631019592285,-14.904729455709457,-1.7038657665252686,-1.836183786392212,3.1298530101776123,-0.06239458546042442,-0.02179083228111267,1.8065471649169922,0.03892264515161514,0.42431640625,-1.7038657665252686,15.04719352722168,16.070796966552734,0.00046249818560357997,0.0015625370399152934,-0.08340838196374877,16.29043388277351
25427968,0.02801811881363392,-16.206451416015625,-16.23446953482926,1.4260348081588745,-1.823164463043213,3.678802490234375,-0.05743248760700226,-0.021058842539787292,1.7458622455596924,0.05941930040717125,0.432373046875,1.4260348081588745,17.694059371948242,5.171912670135498,0.00046228862593633774,0.0015618290485061791,-0.08353231715240218,16.29043388277351
25559040,0.021474910899996758,-15.914483070373535,-15.935957981273532,0.22597087919712067,-1.8471249341964722,3.3597187995910645,-0.061531685292720795,-0.022195788100361824,1.8401193618774414,0.059591881930828094,0.43896484375,0.22597087919712067,15.639297485351562,10.073593139648438,0.0004620790662690955,0.0015611210570970649,-0.08365625234105559,16.29043388277351
25690112,0.0031038224697113037,-19.073137283325195,-19.076241105794907,0.4193519055843353,-1.8527437448501587,2.885499954223633,-0.05575571209192276,-0.022405285388231277,1.8574877977371216,0.05768309533596039,0.45263671875,0.4193519055843353,15.260870933532715,6.168244361877441,0.0004618695066018533,0.0015604130656879506,-0.083780187529709,16.29043388277351
25821184,-0.0012298482470214367,-19.6204891204834,-19.619259272236377,0.824662446975708,-1.8957135677337646,3.262197971343994,-0.052162352949380875,-0.022829357534646988,1.8926451206207275,0.06193935126066208,0.43603515625,0.824662446975708,16.140092849731445,6.839257717132568,0.0004616599469346111,0.0015597050742788363,-0.08390412271836242,16.29043388277351
25952256,0.0002723592333495617,-21.379230499267578,-21.379502858500928,0.60821533203125,-1.9101839065551758,3.001554012298584,-0.05444038286805153,-0.023159567266702652,1.920020580291748,0.046810805797576904,0.42041015625,0.60821533203125,15.28411865234375,7.150940895080566,0.00046145038726736886,0.001558997082869722,-0.08402805790701584,16.29043388277351
26083328,-0.0071327039040625095,-21.504032135009766,-21.496899431105703,0.8633682727813721,-1.9047420024871826,3.085890769958496,-0.05220014974474907,-0.023536860942840576,1.9512999057769775,0.061083972454071045,0.453125,0.8633682727813721,16.207664489746094,8.710094451904297,0.00046124082760012664,0.0015582890914606078,-0.08415199309566926,16.29043388277351
26214400,0.000492684543132782,-21.477066040039062,-21.477558724582195,1.0305215120315552,-1.9643504619598389,3.298025369644165,-0.05683951452374458,-0.023460526019334793,1.9449713230133057,0.06666766107082367,0.44384765625,1.0305215120315552,15.883441925048828,6.10691499710083,0.0004610312679328844,0.0015575811000514935,-0.08427592828432268,16.29043388277351
26345472,0.03438892960548401,-18.156906127929688,-18.19129505753517,1.5933382511138916,-1.9720278978347778,4.0165605545043945,-0.05225512757897377,-0.024546321481466293,2.0349884033203125,0.061315104365348816,0.435546875,1.5933382511138916,19.67382049560547,7.719465255737305,0.0004608217082656422,0.0015568731086423792,-0.08439986347297608,16.29043388277351
26476544,0.07755595445632935,-9.416682243347168,-9.494238197803497,-3.2292654514312744,-2.0155835151672363,4.279120922088623,-0.05364241078495979,-0.024458296597003937,2.0276906490325928,0.02558090351521969,0.38623046875,-3.2292654514312744,19.929912567138672,8.662164688110352,0.00046061214859839997,0.001556165117233265,-0.08452379866162951,16.29043388277351
26607616,-0.04785166680812836,-21.588645935058594,-21.540794268250465,-0.29725855588912964,-1.943536639213562,3.0256028175354004,-0.05758128687739372,-0.023373540490865707,1.9377599954605103,0.05436395853757858,0.474365234375,-0.29725855588912964,14.226487159729004,15.849942207336426,0.00046040258893115775,0.0015554571258241507,-0.08464773385028292,16.29043388277351
26738688,0.01980573497712612,-20.789234161376953,-20.80903989635408,2.0232274532318115,-1.9881178140640259,4.4145307540893555,-0.05426932871341705,-0.023482706397771835,1.946810245513916,0.0553877018392086,0.42822265625,2.0232274532318115,19.654701232910156,6.704120635986328,0.0004601930292639155,0.0015547491344150362,-0.08477166903893633,16.29043388277351
26869760,0.003087329212576151,-20.39905548095703,-20.402142810169607,0.9245166182518005,-1.97674560546875,3.020480155944824,-0.05847253277897835,-0.024434242397546768,2.025696277618408,0.05765119567513466,0.423095703125,0.9245166182518005,15.786258697509766,8.52388858795166,0.0004599834695966733,0.001554041143005922,-0.08489560422758975,16.29043388277351
27000832,-0.012051435187458992,-21.28130340576172,-21.26925197057426,1.236392617225647,-1.9778413772583008,3.7207818031311035,-0.05625316500663757,-0.02483900636434555,2.0592527389526367,0.053308259695768356,0.447021484375,1.236392617225647,16.670080184936523,10.10785961151123,0.0004597739099294311,0.0015533331515968076,-0.08501953941624317,16.29043388277351
27131904,0.011429933831095695,-21.20378875732422,-21.215218691155314,0.3164409101009369,-2.022336721420288,3.352797746658325,-0.053509533405303955,-0.024185843765735626,2.00510311126709,0.0638807937502861,0.44189453125,0.3164409101009369,16.720760345458984,8.113744735717773,0.00045956435026218886,0.0015526251601876934,-0.08514347460489657,16.29043388277351
27262976,-0.013849075883626938,-22.365129470825195,-22.35128039494157,0.4451107382774353,-2.0034842491149902,2.744713306427002,-0.052152056246995926,-0.024219783022999763,2.0079169273376465,0.05006368085741997,0.4267578125,0.4451107382774353,15.838241577148438,9.201713562011719,0.00045935479059494664,0.001551917168778579,-0.08526740979354999,16.29043388277351
27394048,-0.004888628609478474,-25.21387481689453,-25.208986188285053,1.6389702558517456,-1.9997334480285645,3.108100414276123,-0.0538896843791008,-0.024362780153751373,2.0197720527648926,0.06058170646429062,0.439453125,1.6389702558517456,16.007966995239258,6.905521869659424,0.0004591452309277044,0.0015512091773694648,-0.08539134498220342,16.29043388277351
27525120,-0.006668508052825928,-24.11585235595703,-24.109183847904205,1.3575853109359741,-2.000072479248047,3.258150577545166,-0.051664043217897415,-0.025027398020029068,2.07487154006958,0.04853782802820206,0.4326171875,1.3575853109359741,15.513757705688477,12.33830451965332,0.0004589356712604622,0.0015505011859603506,-0.08551528017085683,16.29043388277351
27656192,0.030850127339363098,-20.597002029418945,-20.62785215675831,2.090771198272705,-2.0151846408843994,4.58929443359375,-0.05410795286297798,-0.02437039092183113,2.020402669906616,0.05723290890455246,0.41650390625,2.090771198272705,20.470077514648438,6.409527778625488,0.00045872611159322,0.0015497931945512363,-0.08563921535951023,16.29043388277351
27787264,0.11181499809026718,-10.327095031738281,-10.438910029828548,-2.2690794467926025,-2.050124168395996,4.536153793334961,-0.05648881942033768,-0.024821840226650238,2.0578298568725586,0.038053639233112335,0.346923828125,-2.2690794467926025,19.679122924804688,17.086132049560547,0.00045851655192597775,0.001549085203142122,-0.08576315054816366,16.29043388277351
27918336,-0.041869260370731354,-22.830968856811523,-22.789099596440792,0.12447379529476166,-1.993598222732544,2.6780571937561035,-0.059031061828136444,-0.023636991158127785,1.9596012830734253,0.06592552363872528,0.462158203125,0.12447379529476166,14.781962394714355,7.89110803604126,0.00045830699225873553,0.0015483772117330075,-0.08588708573681708,16.29043388277351
28049408,0.035758599638938904,-19.10002326965332,-19.13578186929226,1.611188530921936,-2.028639793395996,4.8997955322265625,-0.05633232742547989,-0.024331258609890938,2.0171585083007812,0.045355137437582016,0.427734375,1.611188530921936,19.426090240478516,6.505072593688965,0.0004580974325914933,0.0015476692203238932,-0.08601102092547049,16.29043388277351
28180480,-0.004386518150568008,-19.52198028564453,-19.517593767493963,0.38067275285720825,-2.017963171005249,3.338381052017212,-0.05530392751097679,-0.02430051751434803,2.0146100521087646,0.05476570129394531,0.427978515625,0.38067275285720825,16.54421043395996,8.347895622253418,0.0004578878729242511,0.001546961228914779,-0.08613495611412392,16.29043388277351
28311552,-0.014493128284811974,-20.50992202758789,-20.49542889930308,0.9642413854598999,-2.01218318939209,3.334368944168091,-0.049741096794605255,-0.02390807494521141,1.9820749759674072,0.05654639005661011,0.430419921875,0.9642413854598999,17.0422420501709,5.438090801239014,0.00045767831325700887,0.0015462532375056647,-0.08625889130277732,16.29043388277351
28442624,0.008926532231271267,-19.310935974121094,-19.319862506352365,0.8579927086830139,-2.0262985229492188,3.498276948928833,-0.05164559930562973,-0.023746319115161896,1.9686647653579712,0.05839613080024719,0.44775390625,0.8579927086830139,17.218786239624023,6.2625861167907715,0.00045746875358976664,0.0015455452460965504,-0.08638282649143074,16.29043388277351
28573696,-0.001625092700123787,-20.330821990966797,-20.329196898266673,0.13299372792243958,-1.968139886856079,3.0782418251037598,-0.05979561805725098,-0.023616887629032135,1.9579342603683472,0.043392013758420944,0.42529296875,0.13299372792243958,15.047840118408203,13.517014503479004,0.0004572591939225244,0.0015448372546874361,-0.08650676168008416,16.29043388277351
28704768,-0.007204161956906319,-22.05441665649414,-22.047212494537234,1.0886459350585938,-1.9916164875030518,2.826296806335449,-0.051998719573020935,-0.024657009169459343,2.0441646575927734,0.060270100831985474,0.423095703125,1.0886459350585938,15.933943748474121,5.684032440185547,0.0004570496342552822,0.0015441292632783219,-0.08663069686873758,16.29043388277351
28835840,-0.0015176497399806976,-21.818696975708008,-21.817179325968027,1.121829867362976,-2.0063247680664062,3.0828945636749268,-0.05521852895617485,-0.024421267211437225,2.024620771408081,0.06099005788564682,0.432373046875,1.121829867362976,16.09799575805664,5.480890274047852,0.00045684007458804,0.0015434212718692076,-0.08675463205739098,16.29043388277351
28966912,0.03304874151945114,-19.02375030517578,-19.056799046695232,1.9498850107192993,-2.0240092277526855,4.648191452026367,-0.05457444489002228,-0.024664923548698425,2.044820547103882,0.04997890815138817,0.432861328125,1.9498850107192993,19.544679641723633,8.736082077026367,0.00045663051492079776,0.0015427132804600933,-0.0868785672460444,16.29043388277351
29097984,0.0384809710085392,-5.878299713134766,-5.916780684143305,-5.0701398849487305,-2.0471935272216797,4.490384101867676,-0.05404071509838104,-0.024360068142414093,2.0195469856262207,0.034847911447286606,0.373046875,-5.0701398849487305,19.790050506591797,8.19861125946045,0.00045642095525355553,0.001542005289050979,-0.08700250243469781,16.29043388277351
29229056,-0.06861993670463562,-18.589134216308594,-18.520514279603958,-1.5241305828094482,-2.003124237060547,2.734708547592163,-0.05773084610700607,-0.02361389994621277,1.9576865434646606,0.0432872548699379,0.450439453125,-1.5241305828094482,14.552576065063477,10.333962440490723,0.0004562113955863133,0.0015412972976418648,-0.08712643762335123,16.29043388277351
29360128,0.017962027341127396,-16.850017547607422,-16.86797957494855,1.2790484428405762,-1.994657039642334,3.8526926040649414,-0.057959042489528656,-0.023763582110404968,1.9700958728790283,0.06079640984535217,0.42919921875,1.2790484428405762,17.99588394165039,5.780130863189697,0.0004560018359190711,0.0015405893062327505,-0.08725037281200465,16.29043388277351
29491200,0.00940568745136261,-18.54137420654297,-18.55077989399433,-0.03276798874139786,-2.0156991481781006,3.049696922302246,-0.0510668121278286,-0.024199869483709335,2.0062661170959473,0.055656224489212036,0.474365234375,-0.03276798874139786,15.06594467163086,9.945595741271973,0.00045579227625182887,0.0015398813148236362,-0.08737430800065807,16.29043388277351
29622272,-0.015576367266476154,-21.900875091552734,-21.885298724286258,0.3427557349205017,-1.9842292070388794,2.6209049224853516,-0.06078534573316574,-0.023956134915351868,1.9860591888427734,0.04212387651205063,0.444580078125,0.3427557349205017,14.1250638961792,8.833537101745605,0.00045558271658458665,0.0015391733234145217,-0.08749824318931147,16.29043388277351
29753344,-0.0003321056719869375,-21.2869815826416,-21.286649476969615,1.3619107007980347,-1.970154047012329,2.985283851623535,-0.055769357830286026,-0.024206995964050293,2.006856679916382,0.05080116167664528,0.431396484375,1.3619107007980347,15.708074569702148,6.000986576080322,0.0004553731569173444,0.0015384653320054073,-0.08762217837796489,16.29043388277351
29884416,0.0033404547721147537,-20.706371307373047,-20.70971176214516,0.5965099334716797,-2.0056393146514893,2.666710138320923,-0.05381050333380699,-0.02416686713695526,2.0035300254821777,0.05502352863550186,0.43115234375,0.5965099334716797,15.05224895477295,9.621053695678711,0.0004551635972501022,0.001537757340596293,-0.08774611356661832,16.29043388277351
30015488,0.0009861586149781942,-20.939495086669922,-20.9404812452849,1.4215285778045654,-1.9811798334121704,3.38339900970459,-0.05137762427330017,-0.02409682236611843,1.997722864151001,0.058199264109134674,0.44287109375,1.4215285778045654,16.069232940673828,10.538009643554688,0.00045495403758286,0.0015370493491871787,-0.08787004875527173,16.29043388277351
30146560,-0.0017923135310411453,-19.411283493041992,-19.40949117951095,0.9581009149551392,-1.9992846250534058,3.1512930393218994,-0.05382106453180313,-0.023998644202947617,1.9895834922790527,0.07077297568321228,0.439453125,0.9581009149551392,17.246919631958008,6.936476230621338,0.00045474447791561776,0.0015363413577780642,-0.08799398394392514,16.29043388277351
30277632,0.027609651908278465,-16.318077087402344,-16.345686739310622,2.097015857696533,-1.987245798110962,4.681911468505859,-0.047917842864990234,-0.024471160024404526,2.028757095336914,0.06482039391994476,0.43408203125,2.097015857696533,20.615646362304688,11.242743492126465,0.00045453491824837554,0.00153563336636895,-0.08811791913257855,16.29043388277351
30408704,0.1723702847957611,-1.4358201026916504,-1.6081903874874115,-3.590100049972534,-2.0100224018096924,4.867100238800049,-0.05933018773794174,-0.023746374994516373,1.9686694145202637,0.03329108655452728,0.362060546875,-3.590100049972534,21.65460205078125,12.670206069946289,0.0004543253585811333,0.0015349253749598357,-0.08824185432123198,16.29043388277351
30539776,-0.054591402411460876,-18.455215454101562,-18.4006240516901,-0.9256457686424255,-1.9578524827957153,2.512320041656494,-0.05997372046113014,-0.023924974724650383,1.9834762811660767,0.05640743672847748,0.46044921875,-0.9256457686424255,15.09837818145752,8.94631290435791,0.0004541157989138911,0.0015342173835507214,-0.08836578950988538,16.29043388277351
30670848,0.020932484418153763,-17.110822677612305,-17.13175516203046,1.6150140762329102,-2.0070786476135254,3.70205020904541,-0.05572616308927536,-0.02449307031929493,2.0305733680725098,0.05563601106405258,0.44091796875,1.6150140762329102,17.888473510742188,7.319185733795166,0.0004539062392466489,0.0015335093921416071,-0.0884897246985388,16.29043388277351
30801920,0.00784831028431654,-17.208589553833008,-17.216437864117324,-0.5310226678848267,-2.0337419509887695,3.431067943572998,-0.05413106456398964,-0.02395491860806942,1.9859585762023926,0.050851937383413315,0.40087890625,-0.5310226678848267,16.45741844177246,13.739425659179688,0.00045369667957940665,0.0015328014007324928,-0.08861365988719222,16.29043388277351
30932992,-0.017218023538589478,-19.588647842407227,-19.571429818868637,0.6668189764022827,-1.9793578386306763,2.820159435272217,-0.05149288475513458,-0.024227503687143326,2.008556842803955,0.05016288161277771,0.4404296875,0.6668189764022827,16.981752395629883,7.022607326507568,0.00045348711991216443,0.0015320934093233786,-0.08873759507584564,16.29043388277351
31064064,0.0025778785347938538,-19.551130294799805,-19.5537081733346,0.6552666425704956,-2.0366551876068115,3.141674041748047,-0.058277666568756104,-0.02428464964032173,2.0132946968078613,0.050983790308237076,0.447265625,0.6552666425704956,16.008750915527344,5.424015045166016,0.0004532775602449222,0.0015313854179142643,-0.08886153026449904,16.29043388277351
31195136,-0.01954326406121254,-20.432592391967773,-20.41304912790656,-0.05466408282518387,-2.029975414276123,2.7823712825775146,-0.05343130975961685,-0.024364683777093887,2.0199296474456787,0.05472753196954727,0.434814453125,-0.05466408282518387,13.76235580444336,10.68669319152832,0.00045306800057768,0.00153067742650515,-0.08898546545315247,16.29043388277351
31326208,-0.01012540515512228,-21.993667602539062,-21.98354219738394,0.8440977334976196,-2.0200750827789307,2.7634687423706055,-0.052023399621248245,-0.02433343231678009,2.017338752746582,0.05343366414308548,0.40869140625,0.8440977334976196,14.898067474365234,6.935979843139648,0.00045285844091043776,0.0015299694350960358,-0.08910940064180589,16.29043388277351
31457280,0.0035383752547204494,-20.55228042602539,-20.55581880128011,0.6399481296539307,-2.0489931106567383,2.9628446102142334,-0.055554479360580444,-0.02486945502460003,2.061777114868164,0.05828278884291649,0.444580078125,0.6399481296539307,15.089935302734375,6.239137172698975,0.00045264888124319554,0.0015292614436869215,-0.0892333358304593,16.29043388277351
31588352,0.041929565370082855,-15.076543807983398,-15.118473373353481,2.6029629707336426,-2.0516016483306885,5.462207794189453,-0.05774081498384476,-0.024992581456899643,2.0719850063323975,0.06032100319862366,0.412841796875,2.6029629707336426,22.49594497680664,12.08012866973877,0.0004524393215759533,0.0015285534522778072,-0.08935727101911271,16.29043388277351
31719424,0.025608250871300697,-3.50616455078125,-3.5317728016525507,-4.470830917358398,-2.009669780731201,3.887669563293457,-0.05390653759241104,-0.02456720732152462,2.036719799041748,0.02833155170083046,0.352294921875,-4.470830917358398,19.645097732543945,7.710794448852539,0.0004522297619087111,0.001527845460868693,-0.08948120620776613,16.29043388277351
31850496,-0.05824693292379379,-14.66385269165039,-14.605605758726597,-1.6586198806762695,-1.9938364028930664,2.7769641876220703,-0.05974546819925308,-0.023837819695472717,1.9762506484985352,0.06538821756839752,0.4306640625,-1.6586198806762695,14.727823257446289,12.314374923706055,0.0004520202022414689,0.0015271374694595787,-0.08960514139641955,16.29043388277351
31981568,0.0007651131600141525,-14.29185676574707,-14.292621878907084,0.38505542278289795,-1.999424934387207,3.7888903617858887,-0.05919741466641426,-0.02391211874783039,1.982410192489624,0.0642094612121582,0.42138671875,0.38505542278289795,17.492916107177734,10.500106811523438,0.00045181064257422666,0.0015264294780504644,-0.08972907658507295,16.29043388277351
32112640,0.0024129697121679783,-16.14282989501953,-16.1452428647317,-0.03702756017446518,-2.0437963008880615,3.22172212600708,-0.051531724631786346,-0.024835292249917984,2.0589449405670166,0.04389491677284241,0.4111328125,-0.03702756017446518,16.04972267150879,10.099821090698242,0.00045160108290698443,0.0015257214866413501,-0.08985301177372637,16.29043388277351
32243712,-0.01701989956200123,-17.477737426757812,-17.46071752719581,0.22915232181549072,-2.0057127475738525,2.869230270385742,-0.05627657473087311,-0.023662999272346497,1.9617573022842407,0.05237488076090813,0.451904296875,0.22915232181549072,15.310772895812988,4.916012287139893,0.0004513915232397422,0.0015250134952322358,-0.08997694696237979,16.29043388277351
32374784,-0.005532065872102976,-17.996440887451172,-17.99090882157907,1.0653572082519531,-1.9703667163848877,3.4192116260528564,-0.05587584897875786,-0.023217085748910904,1.924789309501648,0.04454037547111511,0.419677734375,1.0653572082519531,16.98366355895996,7.191376686096191,0.0004511819635725,0.0015243055038231216,-0.09010088215103321,16.29043388277351
32505856,-0.0009429058991372585,-15.956689834594727,-15.95574692869559,0.8692120313644409,-1.978740930557251,3.269160747528076,-0.05832669138908386,-0.02352801151573658,1.950566291809082,0.03428710997104645,0.373779296875,0.8692120313644409,16.749513626098633,8.743046760559082,0.00045097240390525777,0.0015235975124140073,-0.09022481733968662,16.29043388277351
32636928,-0.0009223059751093388,-14.489392280578613,-14.488469974603504,0.3221484124660492,-1.9375584125518799,2.9842734336853027,-0.05413670092821121,-0.022446803748607635,1.8609296083450317,0.04839501529932022,0.421875,0.3221484124660492,15.95745849609375,6.43910551071167,0.00045076284423801555,0.001522889521004893,-0.09034875252834004,16.29043388277351
32768000,0.0017923745326697826,-13.253466606140137,-13.255258980672807,0.32514336705207825,-1.905464768409729,3.332735538482666,-0.05855217203497887,-0.02234293520450592,1.8523187637329102,0.04355618357658386,0.414306640625,0.32514336705207825,15.989724159240723,7.618025779724121,0.0004505532845707733,0.0015221815295957787,-0.09047268771699346,16.29043388277351
32899072,0.027703048661351204,-9.191242218017578,-9.21894526667893,0.4580231308937073,-1.907433032989502,3.8745675086975098,-0.053461141884326935,-0.023247722536325455,1.927329182624817,0.06545321643352509,0.42138671875,0.4580231308937073,18.929058074951172,8.359406471252441,0.0004503437249035311,0.0015214735381866645,-0.09059662290564688,16.29043388277351
33030144,0.01623024418950081,-2.928243398666382,-2.9444736428558826,-4.626715660095215,-1.8980873823165894,4.865671157836914,-0.05066100135445595,-0.022631950676441193,1.8762791156768799,0.04013699293136597,0.3642578125,-4.626715660095215,18.813589096069336,14.430218696594238,0.0004501341652362889,0.0015207655467775502,-0.09072055809430028,16.29043388277351
33161216,-0.06103787571191788,-13.82127857208252,-13.760240696370602,-1.54983389377594,-1.8742049932479858,3.0049123764038086,-0.05262155830860138,-0.021929390728473663,1.8180341720581055,0.05237000808119774,0.4287109375,-1.54983389377594,14.584074974060059,14.174439430236816,0.00044992460556904666,0.001520057555368436,-0.0908444932829537,16.29043388277351
33292288,-0.0012272349558770657,-14.629612922668457,-14.62838568771258,0.40514034032821655,-1.8807578086853027,3.391608238220215,-0.05691540986299515,-0.021670032292604446,1.796532154083252,0.06055246293544769,0.470947265625,0.40514034032821655,15.159019470214844,8.754528999328613,0.00044971504590180444,0.0015193495639593217,-0.09096842847160713,16.29043388277351
33423360,0.004961654543876648,-12.674736976623535,-12.679698631167412,-0.14577654004096985,-1.8760311603546143,3.2223355770111084,-0.060219716280698776,-0.02185438945889473,1.8118164539337158,0.0476636067032814,0.443115234375,-0.14577654004096985,15.257773399353027,8.658247947692871,0.0004495054862345622,0.0015186415725502074,-0.09109236366026054,16.29043388277351
33554432,0.004939621314406395,-13.676456451416016,-13.681396072730422,0.068443663418293,-1.8700535297393799,2.976323127746582,-0.056518375873565674,-0.023210424929857254,1.9242370128631592,0.036645807325839996,0.41796875,0.068443663418293,14.871095657348633,8.223224639892578,0.00044929592656732,0.001517933581141093,-0.09121629884891394,16.29043388277351
33685504,-0.0023556500673294067,-12.968016624450684,-12.965660974383354,0.2289750725030899,-1.8521476984024048,3.1023340225219727,-0.04774034023284912,-0.02269558236002922,1.881554365158081,0.04170067608356476,0.41748046875,0.2289750725030899,15.576578140258789,13.286112785339355,0.0004490863669000778,0.0015172255897319788,-0.09134023403756736,16.29043388277351
33816576,0.002865031361579895,-13.23474407196045,-13.23760910332203,0.30796635150909424,-1.8290308713912964,3.1745126247406006,-0.058384574949741364,-0.02141975238919258,1.7757831811904907,0.05489529296755791,0.4228515625,0.30796635150909424,16.13202667236328,6.184558391571045,0.00044887680723283555,0.0015165175983228646,-0.09146416922622079,16.29043388277351
33947648,-0.000625604297965765,-12.668188095092773,-12.667562490794808,-0.31573450565338135,-1.8384385108947754,2.9381155967712402,-0.05703289434313774,-0.022228755056858063,1.8428528308868408,0.04882900416851044,0.42724609375,-0.31573450565338135,15.650132179260254,7.190531253814697,0.00044866724756559333,0.0015158096069137503,-0.0915881044148742,16.29043388277351
34078720,-0.0010549742728471756,-12.733526229858398,-12.732471255585551,0.05819914489984512,-1.8498871326446533,3.328631639480591,-0.06040331721305847,-0.02221524529159069,1.8417327404022217,0.05556466430425644,0.436767578125,0.05819914489984512,15.558707237243652,13.60145092010498,0.0004484576878983511,0.001515101615504636,-0.0917120396035276,16.29043388277351
34209792,0.020950760692358017,-9.205734252929688,-9.226685013622046,0.586534857749939,-1.8433634042739868,4.226799964904785,-0.055824656039476395,-0.02236076071858406,1.8537964820861816,0.06509675085544586,0.4248046875,0.586534857749939,18.347537994384766,7.522568702697754,0.0004482481282311089,0.0015143936240955217,-0.09183597479218103,16.29043388277351
34340864,0.059346310794353485,6.093208312988281,6.033862002193928,-5.296576023101807,-1.8600441217422485,4.691572666168213,-0.05704363435506821,-0.022109365090727806,1.83295476436615,0.032352153211832047,0.37841796875,-5.296576023101807,22.549503326416016,8.313973426818848,0.00044803856856386666,0.0015136856326864075,-0.09195990998083445,16.29043388277351
34471936,-0.03253854811191559,-5.565016746520996,-5.5324781984090805,-2.028125286102295,-1.8221256732940674,3.450809955596924,-0.06214887648820877,-0.022172896191477776,1.8382216691970825,0.06183163821697235,0.4375,-2.028125286102295,15.808385848999023,18.986026763916016,0.00044782900889662444,0.0015129776412772932,-0.09208384516948785,16.29043388277351
34603008,0.017539365217089653,-7.770334243774414,-7.787873608991504,0.22461840510368347,-1.826149582862854,3.6283469200134277,-0.056760888546705246,-0.022839760407805443,1.893507480621338,0.05173667520284653,0.435791015625,0.22461840510368347,18.01453971862793,12.147438049316406,0.0004476194492293822,0.001512269649868179,-0.09220778035814128,16.29043388277351
34734080,0.02129952982068062,-7.929492950439453,-7.950792480260134,-0.7876694798469543,-1.8686718940734863,4.310153484344482,-0.06020279601216316,-0.022222943603992462,1.8423707485198975,0.029679235070943832,0.357177734375,-0.7876694798469543,16.59885597229004,25.86602783203125,0.00044740988956214,0.0015115616584590646,-0.0923317155467947,16.29043388277351
34865152,-0.024856582283973694,-8.593879699707031,-8.569023117423058,-1.1865627765655518,-1.8529525995254517,3.100766181945801,-0.053267233073711395,-0.02266751416027546,1.8792275190353394,0.055322904139757156,0.444091796875,-1.1865627765655518,15.824938774108887,11.991483688354492,0.0004472003298948978,0.0015108536670499504,-0.0924556507354481,16.29043388277351
34996224,0.006928585469722748,-7.353316307067871,-7.360244892537594,0.0871376246213913,-1.844669222831726,3.0727362632751465,-0.06177835166454315,-0.02212384343147278,1.8341550827026367,0.05242893844842911,0.449462890625,0.0871376246213913,15.748604774475098,14.981417655944824,0.00044699077022765556,0.0015101456756408359,-0.09257958592410152,16.29043388277351
35127296,0.0010280716232955456,-6.6363677978515625,-6.637395869474858,-1.0411911010742188,-1.8673704862594604,3.310387134552002,-0.058662716299295425,-0.02320777252316475,1.924017310142517,0.04745666682720184,0.41748046875,-1.0411911010742188,15.285202026367188,14.096921920776367,0.00044678121056041333,0.0015094376842317216,-0.09270352111275494,16.29043388277351
35258368,-0.01319524273276329,-8.764392852783203,-8.75119761005044,-1.6513314247131348,-1.8621203899383545,3.039304494857788,-0.05439390614628792,-0.023016422986984253,1.9081535339355469,0.05474134907126427,0.428466796875,-1.6513314247131348,14.843607902526855,5.646021842956543,0.0004465716508931711,0.0015087296928226073,-0.09282745630140836,16.29043388277351
35389440,-0.0146813178434968,-10.779617309570312,-10.764935991726816,-1.2205071449279785,-1.8925492763519287,2.9460668563842773,-0.05523793026804924,-0.02349487692117691,1.9478192329406738,0.04320794343948364,0.42724609375,-1.2205071449279785,14.356695175170898,10.91550350189209,0.0004463620912259289,0.001508021701413493,-0.09295139149006176,16.29043388277351
35520512,0.012421609833836555,-9.854515075683594,-9.86693668551743,0.21874189376831055,-1.9050397872924805,4.215662956237793,-0.05494467169046402,-0.0229379590600729,1.9016485214233398,0.04745602607727051,0.425048828125,0.21874189376831055,18.660470962524414,8.39138412475586,0.00044615253155868667,0.0015073137100043788,-0.09307532667871518,16.29043388277351
35651584,0.004306190647184849,-2.7681021690368652,-2.77240835968405,-3.997339963912964,-1.8887197971343994,4.08128023147583,-0.0526651106774807,-0.022477081045508385,1.863439917564392,0.045283444225788116,0.40576171875,-3.997339963912964,18.42217445373535,9.417259216308594,0.00044594297189144445,0.0015066057185952645,-0.0931992618673686,16.29043388277351
35782656,-0.039278142154216766,-12.746455192565918,-12.707177050411701,-1.7532918453216553,-1.866673231124878,2.8278584480285645,-0.05612434446811676,-0.02313518151640892,1.917999029159546,0.06568454205989838,0.462890625,-1.7532918453216553,14.395593643188477,7.826548099517822,0.0004457334122242022,0.00150589772718615,-0.09332319705602202,16.29043388277351
35913728,0.007594653870910406,-14.142538070678711,-14.150132724549621,0.5776516199111938,-1.863752841949463,3.366417646408081,-0.05639990046620369,-0.022615643218159676,1.874927282333374,0.050329405814409256,0.459228515625,0.5776516199111938,16.31886863708496,7.671511173248291,0.00044552385255696,0.0015051897357770357,-0.09344713224467543,16.29043388277351
36044800,0.010472317226231098,-11.254467964172363,-11.264940281398594,0.02933301031589508,-1.882853388786316,3.5604915618896484,-0.05450417101383209,-0.02259400300681591,1.8731331825256348,0.050710368901491165,0.461181640625,0.02933301031589508,16.75433921813965,7.543769836425781,0.0004453142928897178,0.0015044817443679215,-0.09357106743332884,16.29043388277351
36175872,-0.0029627885669469833,-13.275246620178223,-13.272283831611276,-0.03378060460090637,-1.897566318511963,4.00778865814209,-0.06042086333036423,-0.02238987386226654,1.8562099933624268,0.025795601308345795,0.341064453125,-0.03378060460090637,15.339678764343262,12.398262977600098,0.00044510473322247556,0.0015037737529588072,-0.09369500262198226,16.29043388277351
36306944,-0.0016572941094636917,-14.599645614624023,-14.59798832051456,0.138949915766716,-1.894286036491394,3.1062231063842773,-0.05745362490415573,-0.022444766014814377,1.8607608079910278,0.05776608735322952,0.428466796875,0.138949915766716,15.232767105102539,7.559261798858643,0.00044489517355523334,0.001503065761549693,-0.09381893781063569,16.29043388277351
36438016,-0.0018188636749982834,-13.790990829467773,-13.789171965792775,-0.05976134538650513,-1.8967894315719604,2.9617533683776855,-0.05733546242117882,-0.022616669535636902,1.8750123977661133,0.058355607092380524,0.43115234375,-0.05976134538650513,15.070809364318848,7.11519193649292,0.0004446856138879911,0.0015023577701405787,-0.09394287299928909,16.29043388277351
36569088,-0.006777472328394651,-14.111358642578125,-14.10458117024973,-0.3305153250694275,-1.8997762203216553,3.0620131492614746,-0.05905357748270035,-0.022328849881887436,1.8511508703231812,0.058245815336704254,0.427490234375,-0.3305153250694275,15.039688110351562,12.304243087768555,0.0004444760542207489,0.0015016497787314644,-0.09406680818794251,16.29043388277351
36700160,-0.004560386296361685,-13.768152236938477,-13.763591850642115,0.212368443608284,-1.8937028646469116,3.0603854656219482,-0.06107689440250397,-0.02231370471417904,1.8498952388763428,0.06832395493984222,0.459228515625,0.212368443608284,15.754691123962402,9.942340850830078,0.00044426649455350667,0.0015009417873223499,-0.09419074337659594,16.29043388277351
36831232,0.022792909294366837,-9.490423202514648,-9.513216111809015,0.5059465169906616,-1.8986459970474243,3.744882106781006,-0.059743113815784454,-0.02335527166724205,1.9362454414367676,0.055776968598365784,0.454833984375,0.5059465169906616,17.749406814575195,7.031540870666504,0.00044405693488626445,0.0015002337959132356,-0.09431467856524935,16.29043388277351
36962304,-0.012619121000170708,-0.9987881183624268,-0.986168997362256,-5.316205978393555,-1.8810887336730957,4.613524436950684,-0.0590762197971344,-0.022646553814411163,1.8774899244308472,0.03836600482463837,0.395751953125,-5.316205978393555,18.917984008789062,13.947904586791992,0.00044384737521902223,0.0014995258045041213,-0.09443861375390275,16.29043388277351
37093376,-0.05752681568264961,-11.66972541809082,-11.61219860240817,-2.059549570083618,-1.8797204494476318,3.112084150314331,-0.057628609240055084,-0.02256113663315773,1.870408535003662,0.05007103085517883,0.46044921875,-2.059549570083618,14.772459030151367,14.534013748168945,0.00044363781555178,0.001498817813095007,-0.09456254894255617,16.29043388277351
37224448,-0.013412275351583958,-14.962369918823242,-14.948957643471658,0.21507860720157623,-1.898527979850769,3.1290316581726074,-0.054827965795993805,-0.023032695055007935,1.9095025062561035,0.07316836714744568,0.48681640625,0.21507860720157623,15.29180908203125,7.846141338348389,0.0004434282558845378,0.0014981098216858928,-0.0946864841312096,16.29043388277351
37355520,-0.0022203875705599785,-15.1549654006958,-15.15274501312524,0.002229250967502594,-1.8861273527145386,3.619070529937744,-0.06145116686820984,-0.022827304899692535,1.89247465133667,0.04468335956335068,0.4296875,0.002229250967502594,15.021804809570312,17.65385627746582,0.00044321869621729556,0.0014974018302767785,-0.094810419319863,16.29043388277351
37486592,-0.013032536953687668,-15.38040828704834,-15.367375750094652,0.4651971161365509,-1.8648302555084229,3.223902702331543,-0.05541832000017166,-0.022069117054343224,1.829617977142334,0.03531405329704285,0.43408203125,0.4651971161365509,15.388012886047363,6.136379241943359,0.00044300913655005334,0.0014966938388676642,-0.09493435450851641,16.29043388277351
37617664,0.012087326496839523,-12.570624351501465,-12.582711677998304,0.38450053334236145,-1.852966547012329,3.585538148880005,-0.05629291757941246,-0.021935895085334778,1.818573236465454,0.057100966572761536,0.41552734375,0.38450053334236145,15.937192916870117,11.430416107177734,0.0004427995768828111,0.00149598584745855,-0.09505828969716984,16.29043388277351
37748736,0.0005096485838294029,-9.580673217773438,-9.581182866357267,-0.3968261480331421,-1.8676037788391113,3.0145931243896484,-0.058299168944358826,-0.02262864075601101,1.8760048151016235,0.052309632301330566,0.447509765625,-0.3968261480331421,15.854331970214844,11.928022384643555,0.0004425900172155689,0.0014952778560494357,-0.09518222488582326,16.29043388277351
37879808,0.0036790361627936363,-8.93165397644043,-8.935333012603223,-0.379704087972641,-1.9058512449264526,3.2536892890930176,-0.06165211275219917,-0.02366042137145996,1.9615435600280762,0.0455307774245739,0.423095703125,-0.379704087972641,16.851736068725586,8.089753150939941,0.0004423804575483267,0.0014945698646403214,-0.09530616007447666,16.29043388277351
38010880,-0.002198931761085987,-8.46109390258789,-8.458894970826805,-0.5172989368438721,-1.8648054599761963,3.5130414962768555,-0.060434456914663315,-0.022712772712111473,1.8829796314239502,0.059408992528915405,0.4345703125,-0.5172989368438721,16.137819290161133,11.664864540100098,0.00044217089788108445,0.0014938618732312072,-0.09543009526313008,16.29043388277351
38141952,0.021058339625597,-5.65695858001709,-5.678016919642687,-0.17867209017276764,-1.8830397129058838,3.620448112487793,-0.05741783604025841,-0.023283295333385468,1.9302784204483032,0.05805191770195961,0.4375,-0.17867209017276764,18.270843505859375,10.745868682861328,0.00044196133821384223,0.0014931538818220929,-0.0955540304517835,16.29043388277351
38273024,0.012635293416678905,1.8478543758392334,1.8352190824225545,-4.9332075119018555,-1.8971920013427734,4.658108711242676,-0.057461537420749664,-0.02208882011473179,1.8312513828277588,0.03801511973142624,0.43310546875,-4.9332075119018555,19.16217613220215,8.844271659851074,0.0004417517785466,0.0014924458904129786,-0.09567796564043692,16.29043388277351
38404096,-0.03629562631249428,-9.0699462890625,-9.033650662750006,-2.0242910385131836,-1.8665345907211304,4.466080188751221,-0.06310264766216278,-0.0231963861733675,1.9230730533599854,0.0426955409348011,0.43212890625,-2.0242910385131836,14.929718017578125,33.07376480102539,0.0004415422188793578,0.0014917378990038643,-0.09580190082909033,16.29043388277351
38535168,-0.0026392913423478603,-13.412924766540527,-13.41028547519818,0.10368666052818298,-1.8746592998504639,3.3915510177612305,-0.05765348672866821,-0.02286112681031227,1.8952786922454834,0.07145828008651733,0.479736328125,0.10368666052818298,15.955077171325684,7.120418071746826,0.00044133265921211557,0.00149102990759475,-0.09592583601774375,16.29043388277351
38666240,-0.0061269402503967285,-13.67026424407959,-13.664137303829193,0.018044602125883102,-1.8865236043930054,3.051499605178833,-0.059225715696811676,-0.022263646125793457,1.8457450866699219,0.06120966374874115,0.46533203125,0.018044602125883102,15.044493675231934,8.489882469177246,0.00044112309954487335,0.0014903219161856358,-0.09604977120639717,16.29043388277351
38797312,-0.0010069739073514938,-12.984790802001953,-12.983783828094602,0.4946243166923523,-1.871030330657959,3.5288002490997314,-0.06297574937343597,-0.022788234055042267,1.8892357349395752,0.05448893457651138,0.4189453125,0.4946243166923523,15.26451301574707,9.454808235168457,0.0004409135398776311,0.0014896139247765215,-0.09617370639505057,16.29043388277351
38928384,0.006239823065698147,-12.198698997497559,-12.204938820563257,-0.1444813460111618,-1.8684430122375488,3.399418830871582,-0.04919303208589554,-0.022298868745565414,1.848665475845337,0.053103119134902954,0.423583984375,-0.1444813460111618,15.703278541564941,13.847589492797852,0.0004407039802103889,0.0014889059333674072,-0.09629764158370399,16.29043388277351
39059456,-0.006531095132231712,-13.580732345581055,-13.574201250448823,0.06362876296043396,-1.8735363483428955,4.881752967834473,-0.05788639932870865,-0.02235260233283043,1.8531200885772705,0.04906969517469406,0.4189453125,0.06362876296043396,15.456599235534668,18.63633155822754,0.0004404944205431467,0.001488197941958293,-0.09642157677235741,16.29043388277351
39190528,0.0008658850565552711,-12.731138229370117,-12.732004114426672,0.12058790773153305,-1.8758960962295532,4.315225124359131,-0.05081562697887421,-0.02213011123239994,1.834674596786499,0.02841520495712757,0.327392578125,0.12058790773153305,15.377381324768066,23.200910568237305,0.00044028486087590446,0.0014874899505491785,-0.09654551196101083,16.29043388277351
39321600,0.01166338101029396,-15.17027473449707,-15.181938115507364,0.3364257216453552,-1.8676552772521973,3.5402469635009766,-0.05554826185107231,-0.022713687270879745,1.8830556869506836,0.055429793894290924,0.435546875,0.3364257216453552,16.01312255859375,6.181725025177002,0.00044007530120866224,0.0014867819591400642,-0.09666944714966424,16.29043388277351
39452672,0.010877015069127083,-13.56696891784668,-13.577845932915807,0.8016894459724426,-1.860776662826538,3.7928385734558105,-0.0577545091509819,-0.022263724356889725,1.8457516431808472,0.05694273114204407,0.477783203125,0.8016894459724426,17.435190200805664,16.341814041137695,0.00043986574154142,0.00148607396773095,-0.09679338233831765,16.29043388277351
39583744,0.02350865863263607,-7.3508453369140625,-7.374353995546699,-2.977735996246338,-1.8429737091064453,4.431844234466553,-0.052984483540058136,-0.02198946103453636,1.823014259338379,0.03834929317235947,0.4326171875,-2.977735996246338,18.369543075561523,16.34619903564453,0.0004396561818741778,0.0014853659763218357,-0.09691731752697107,16.29043388277351
39714816,-0.044301919639110565,-18.226015090942383,-18.181713171303272,-0.6623377203941345,-1.8291606903076172,3.1858229637145996,-0.05552195757627487,-0.02292165532708168,1.9002968072891235,0.06282468140125275,0.498291015625,-0.6623377203941345,15.258976936340332,13.880356788635254,0.00043944662220693557,0.0014846579849127214,-0.0970412527156245,16.29043388277351
39845888,-0.010321026667952538,-18.986454010009766,-18.976132983341813,0.30979281663894653,-1.8586292266845703,3.6728172302246094,-0.052040159702301025,-0.021437153220176697,1.7772257328033447,0.06955458223819733,0.4892578125,0.30979281663894653,16.59000587463379,16.634605407714844,0.00043923706253969335,0.001483949993503607,-0.0971651879042779,16.29043388277351
39976960,-0.015260299667716026,-20.219236373901367,-20.20397607423365,0.6513373851776123,-1.8731682300567627,3.15431547164917,-0.05909974128007889,-0.0232554841786623,1.9279725551605225,0.08333580940961838,0.494384765625,0.6513373851776123,16.41959571838379,7.163477420806885,0.00043902750287245113,0.0014832420020944928,-0.0972891230929313,16.29043388277351
40108032,-0.018329167738556862,-19.996227264404297,-19.97789809666574,0.7910747528076172,-1.8727519512176514,4.185791015625,-0.06079450994729996,-0.02231770008802414,1.8502264022827148,0.07503059506416321,0.464599609375,0.7910747528076172,15.77105712890625,19.672422409057617,0.0004388179432052089,0.0014825340106853786,-0.09741305828158474,16.29043388277351
40239104,0.007946186698973179,-19.376659393310547,-19.38460558000952,0.5734139680862427,-1.9082679748535156,3.295060157775879,-0.06132493540644646,-0.02376526966691017,1.970235824584961,0.06292909383773804,0.484130859375,0.5734139680862427,16.008298873901367,7.883605003356934,0.0004386083835379667,0.0014818260192762643,-0.09753699347023816,16.29043388277351
40370176,-0.007183297071605921,-18.974384307861328,-18.967201010789722,1.4147368669509888,-1.914008617401123,3.1776270866394043,-0.05783063918352127,-0.023801637813448906,1.9732509851455688,0.057609207928180695,0.462890625,1.4147368669509888,16.485658645629883,7.698831558227539,0.00043839882387072446,0.00148111802786715,-0.09766092865889156,16.29043388277351
40501248,0.01165575161576271,-16.48112678527832,-16.492782536894083,0.6489548683166504,-1.9314680099487305,3.5959973335266113,-0.05892486125230789,-0.023125458508729935,1.9171929359436035,0.06363557279109955,0.476806640625,0.6489548683166504,14.728331565856934,21.5967960357666,0.00043818926420348224,0.0014804100364580357,-0.09778486384754498,16.29043388277351
40632320,0.008298400789499283,-17.62590789794922,-17.634206298738718,0.760999858379364,-1.939347743988037,3.1968724727630615,-0.0616566501557827,-0.0231429822742939,1.9186456203460693,0.06891272217035294,0.4736328125,0.760999858379364,15.61933708190918,11.109678268432617,0.00043797970453624,0.0014797020450489215,-0.09790879903619841,16.29043388277351
40763392,0.027925748378038406,-14.937413215637207,-14.965338964015245,1.532048225402832,-1.9322724342346191,4.054672718048096,-0.05679561197757721,-0.02361479215323925,1.9577605724334717,0.05505954474210739,0.413330078125,1.532048225402832,18.210111618041992,8.387723922729492,0.0004377701448689978,0.0014789940536398072,-0.09803273422485181,16.29043388277351
40894464,-0.00552678108215332,-7.991253852844238,-7.985727071762085,-3.089265823364258,-1.9541010856628418,5.313039779663086,-0.06139754503965378,-0.02408178150653839,1.9964758157730103,0.019841991364955902,0.313720703125,-3.089265823364258,19.520597457885742,31.01136016845703,0.0004375605852017556,0.001478286062230693,-0.09815666941350522,16.29043388277351
41025536,-0.04292939975857735,-13.316375732421875,-13.273446332663298,-1.6541709899902344,-1.9365787506103516,3.2435450553894043,-0.05560021102428436,-0.023427333682775497,1.9422194957733154,0.042247138917446136,0.452880859375,-1.6541709899902344,15.32619857788086,8.27405071258545,0.00043735102553451335,0.0014775780708215786,-0.09828060460215865,16.29043388277351
41156608,0.0030688089318573475,-14.331645965576172,-14.33471477450803,1.1196355819702148,-1.915452480316162,3.9898698329925537,-0.05589433014392853,-0.02291051670908928,1.8993734121322632,0.04919914901256561,0.3955078125,1.1196355819702148,16.708139419555664,8.54118824005127,0.00043714146586727113,0.0014768700794124644,-0.09840453979081207,16.29043388277351
41287680,0.001861844677478075,-11.62980842590332,-11.631670270580798,0.42845475673675537,-1.9040464162826538,3.657939910888672,-0.06113385781645775,-0.0232480987906456,1.9273602962493896,0.057872362434864044,0.455810546875,0.42845475673675537,15.809852600097656,16.337236404418945,0.0004369319062000289,0.00147616208800335,-0.09852847497946547,16.29043388277351
41418752,0.003400750458240509,-11.007060050964355,-11.010460801422596,-0.07788492739200592,-1.8879637718200684,2.9409892559051514,-0.06138666346669197,-0.023243073374032974,1.9269437789916992,0.0546894446015358,0.483154296875,-0.07788492739200592,15.219807624816895,6.945645332336426,0.0004367223465327867,0.0014754540965942358,-0.09865241016811889,16.29043388277351
41549824,0.0066186971962451935,-9.996514320373535,-10.00313301756978,-0.018924899399280548,-1.8890321254730225,3.2071313858032227,-0.056170754134655,-0.02275220677256584,1.8862491846084595,0.061706047505140305,0.469482421875,-0.018924899399280548,15.294498443603516,10.274442672729492,0.00043651278686554447,0.0014747461051851215,-0.09877634535677231,16.29043388277351
41680896,0.010646183043718338,-7.945666313171387,-7.956312496215105,0.0357840396463871,-1.900005578994751,3.441434383392334,-0.05774776637554169,-0.022831643000245094,1.8928344249725342,0.06377972662448883,0.452880859375,0.0357840396463871,16.575021743774414,8.859182357788086,0.00043630322719830225,0.0014740381137760073,-0.09890028054542573,16.29043388277351
41811968,0.007860932499170303,-7.494207382202148,-7.502068314701319,-0.7846904993057251,-1.9299514293670654,3.6962389945983887,-0.06104906275868416,-0.02381254732608795,1.974155306816101,0.05427972227334976,0.435791015625,-0.7846904993057251,16.810897827148438,21.32500648498535,0.00043609366753106,0.001473330122366893,-0.09902421573407914,16.29043388277351
41943040,0.010338008403778076,-8.221555709838867,-8.231893718242645,-0.18501241505146027,-1.9475185871124268,3.2890243530273438,-0.058052100241184235,-0.023529943078756332,1.9507262706756592,0.05911076068878174,0.46142578125,-0.18501241505146027,16.507177352905273,15.429596900939941,0.0004358841078638178,0.0014726221309577787,-0.09914815092273255,16.29043388277351
42074112,0.004959454759955406,-7.297060489654541,-7.302019944414496,-1.0269970893859863,-1.9837442636489868,3.6227385997772217,-0.05360168218612671,-0.024302979931235313,2.0148143768310547,0.05859726294875145,0.45361328125,-1.0269970893859863,16.633342742919922,9.150805473327637,0.0004356745481965756,0.0014719141395486645,-0.09927208611138597,16.29043388277351
42205184,-0.006624662317335606,-3.601865768432617,-3.5952411061152816,-4.13920783996582,-2.0044336318969727,4.515358924865723,-0.051268257200717926,-0.02348405122756958,1.9469218254089355,0.03941050544381142,0.433837890625,-4.13920783996582,17.331872940063477,6.9651103019714355,0.00043546498852933336,0.00147120614813955,-0.09939602130003938,16.29043388277351
42336256,-0.05304110422730446,-12.117980003356934,-12.06493889912963,-1.451799750328064,-1.9555363655090332,5.3123979568481445,-0.059680476784706116,-0.023184511810541153,1.922088623046875,0.038898952305316925,0.343994140625,-1.451799750328064,13.712197303771973,25.86472511291504,0.00043525542886209114,0.0014704981567304355,-0.0995199564886928,16.29043388277351
42467328,0.008254998363554478,-10.978610038757324,-10.986865037120879,-0.06532813608646393,-1.9793143272399902,3.318145275115967,-0.055759988725185394,-0.02342141792178154,1.9417290687561035,0.08078332245349884,0.497802734375,-0.06532813608646393,15.830803871154785,11.74885082244873,0.0004350458691948489,0.0014697901653213212,-0.09964389167734622,16.29043388277351
42598400,-0.012129450216889381,-13.485166549682617,-13.473037099465728,-0.8260616660118103,-2.0055532455444336,3.051870822906494,-0.057804130017757416,-0.024500727653503418,2.0312085151672363,0.06104631721973419,0.46923828125,-0.8260616660118103,14.345805168151855,6.812420845031738,0.0004348363095276067,0.001469082173912207,-0.09976782686599964,16.29043388277351
42729472,-0.01739448495209217,-13.213793754577637,-13.196399269625545,0.6729841828346252,-1.9878180027008057,6.705504417419434,-0.06357432156801224,-0.024514764547348022,2.032371997833252,0.0469515398144722,0.42431640625,0.6729841828346252,15.192757606506348,55.85453796386719,0.00043462674986036447,0.0014683741825030927,-0.09989176205465305,16.29043388277351
42860544,0.0037339571863412857,-19.117223739624023,-19.120957696810365,0.7943116426467896,-1.9944084882736206,3.0983142852783203,-0.058107100427150726,-0.024068651720881462,1.9953875541687012,0.07101276516914368,0.49072265625,0.7943116426467896,14.816987037658691,6.43988037109375,0.00043441719019312225,0.0014676661910939784,-0.10001569724330646,16.29043388277351
42991616,-0.004098107106983662,-18.311532974243164,-18.30743486713618,1.290348768234253,-2.012098789215088,3.368239641189575,-0.05347590520977974,-0.024062635377049446,1.9948886632919312,0.05521354079246521,0.462158203125,1.290348768234253,15.238224983215332,10.396283149719238,0.00043420763052588003,0.0014669581996848639,-0.10013963243195988,16.29043388277351
43122688,0.0063535720109939575,-16.076152801513672,-16.082506373524666,0.32798588275909424,-1.992647409439087,2.9807612895965576,-0.05708824843168259,-0.02313639223575592,1.9180994033813477,0.0664365142583847,0.4599609375,0.32798588275909424,15.27459716796875,7.1736931800842285,0.0004339980708586378,0.0014662502082757496,-0.10026356762061331,16.29043388277351
43253760,-0.00748907495290041,-16.522624969482422,-16.51513589452952,0.4283525049686432,-2.011782169342041,3.2124476432800293,-0.058738961815834045,-0.024465132504701614,2.028257131576538,0.054322499781847,0.44580078125,0.4283525049686432,15.289459228515625,8.487848281860352,0.0004337885111913956,0.0014655422168666353,-0.10038750280926671,16.29043388277351
43384832,0.011150436475872993,-14.856863021850586,-14.868013458326459,0.9834302663803101,-1.9987671375274658,3.5219993591308594,-0.058414820581674576,-0.02362346649169922,1.958479642868042,0.05863654240965843,0.463134765625,0.9834302663803101,17.299543380737305,25.145503997802734,0.00043357895152415336,0.0014648342254575209,-0.10051143799792012,16.29043388277351
43515904,-0.0229977797716856,-8.557085037231445,-8.53408725745976,-3.529794216156006,-1.978845238685608,4.372206687927246,-0.05008724704384804,-0.023556875064969063,1.9529590606689453,0.031206311658024788,0.404296875,-3.529794216156006,17.502735137939453,8.375068664550781,0.00043336939185691114,0.0014641262340484066,-0.10063537318657355,16.29043388277351
43646976,-0.04237335920333862,-16.332473754882812,-16.290100395679474,-0.5656629800796509,-1.9649714231491089,2.900503635406494,-0.062417641282081604,-0.023908395320177078,1.982101559638977,0.04244512319564819,0.4443359375,-0.5656629800796509,13.964343070983887,5.256726264953613,0.0004331598321896689,0.0014634182426392923,-0.10075930837522697,16.29043388277351
43778048,0.006844483781605959,-13.36928939819336,-13.376133881974965,0.9359480738639832,-1.954106092453003,3.3307299613952637,-0.062368713319301605,-0.02441459521651268,2.0240674018859863,0.0572751946747303,0.45458984375,0.9359480738639832,16.10904312133789,6.01109504699707,0.0004329502725224267,0.001462710251230178,-0.10088324356388037,16.29043388277351
43909120,-0.003169707953929901,-13.133892059326172,-13.130722351372242,-0.22112177312374115,-1.9737775325775146,3.1400976181030273,-0.05635742470622063,-0.023486826568841934,1.9471518993377686,0.055292628705501556,0.44921875,-0.22112177312374115,14.757506370544434,8.642355918884277,0.0004327407128551845,0.0014620022598210638,-0.10100717875253377,16.29043388277351
44040192,-0.011894125491380692,-14.750276565551758,-14.738382440060377,0.303520143032074,-1.950378179550171,3.4183731079101562,-0.061872001737356186,-0.02369629219174385,1.96451735496521,0.05693614110350609,0.43212890625,0.303520143032074,15.247218132019043,8.382161140441895,0.00043253115318794225,0.0014612942684119495,-0.1011311139411872,16.29043388277351
44171264,0.014815157279372215,-10.730286598205566,-10.745101755484939,0.11233220249414444,-1.9600238800048828,3.3064167499542236,-0.05476927384734154,-0.02396177127957344,1.986526608467102,0.06251035630702972,0.43896484375,0.11233220249414444,15.09716796875,5.476919651031494,0.00043232159352070003,0.0014605862770028352,-0.10125504912984062,16.29043388277351
44302336,0.005832508206367493,-10.787273406982422,-10.79310591518879,-0.20800235867500305,-1.9730923175811768,3.4012656211853027,-0.05951710790395737,-0.023086003959178925,1.9139220714569092,0.05734868720173836,0.463134765625,-0.20800235867500305,15.187811851501465,23.711212158203125,0.0004321120338534578,0.001459878285593721,-0.10137898431849403,16.29043388277351
44433408,-0.0019245138391852379,-8.660699844360352,-8.658775330521166,0.32315778732299805,-1.9512078762054443,3.33310604095459,-0.06153062358498573,-0.023605799302458763,1.9570151567459106,0.06196261942386627,0.436767578125,0.32315778732299805,15.819123268127441,12.757168769836426,0.0004319024741862156,0.0014591702941846067,-0.10150291950714746,16.29043388277351
44564480,0.001993395620957017,-7.932413101196289,-7.934406496817246,-1.0541459321975708,-1.96083664894104,3.3483777046203613,-0.0568697452545166,-0.023537250235676765,1.9513320922851562,0.05860457569360733,0.440185546875,-1.0541459321975708,15.47054386138916,11.89594841003418,0.00043169291451897337,0.0014584623027754924,-0.10162685469580088,16.29043388277351
44695552,0.004218532703816891,-8.061935424804688,-8.066153957508504,0.04070426523685455,-1.972726583480835,5.250888347625732,-0.06611873209476471,-0.023571643978357315,1.954183578491211,0.048801835626363754,0.397216796875,0.04070426523685455,15.664530754089355,19.005584716796875,0.00043148335485173114,0.0014577543113663781,-0.10175078988445428,16.29043388277351
44826624,-0.02151935175061226,-7.804994583129883,-7.7834752313792706,-3.0596773624420166,-1.9486461877822876,4.491816997528076,-0.05429275333881378,-0.023145901039242744,1.9188878536224365,0.05551743134856224,0.441650390625,-3.0596773624420166,19.132612228393555,18.236082077026367,0.0004312737951844889,0.0014570463199572638,-0.1018747250731077,16.29043388277351
44957696,-0.04481089860200882,-16.795597076416016,-16.750786177814007,-0.4473501443862915,-1.9196314811706543,3.1031627655029297,-0.06027928367257118,-0.02309153601527214,1.9143807888031006,0.06907006353139877,0.534912109375,-0.4473501443862915,13.795382499694824,8.177018165588379,0.0004310642355172467,0.0014563383285481496,-0.10199866026176112,16.29043388277351
45088768,0.0033662263303995132,-15.732239723205566,-15.735605949535966,1.1119962930679321,-1.9377974271774292,3.7525126934051514,-0.05923537164926529,-0.023316942155361176,1.933067798614502,0.06906668096780777,0.442138671875,1.1119962930679321,15.362054824829102,12.718064308166504,0.0004308546758500045,0.0014556303371390353,-0.10212259545041454,16.29043388277351
45219840,0.010569218546152115,-15.003128051757812,-15.013697270303965,0.6711990833282471,-1.9736438989639282,3.9160842895507812,-0.05476205796003342,-0.024217654019594193,2.0077402591705322,0.05949365720152855,0.476806640625,0.6711990833282471,14.677163124084473,35.6800537109375,0.00043064511618276226,0.001454922345729921,-0.10224653063906795,16.29043388277351
45350912,-0.0021249856799840927,-15.885156631469727,-15.883031645789742,1.0993562936782837,-1.942519187927246,5.339102745056152,-0.07019412517547607,-0.023543385788798332,1.951840877532959,0.0400107204914093,0.42919921875,1.0993562936782837,16.13446807861328,17.346277236938477,0.00043043555651552004,0.0014542143543208067,-0.10237046582772136,16.29043388277351
45481984,0.028413571417331696,-10.565357208251953,-10.593770779669285,1.9370195865631104,-1.9398144483566284,3.760166645050049,-0.04583132266998291,-0.02420903369784355,2.007025718688965,0.061521369963884354,0.473388671875,1.9370195865631104,16.142322540283203,13.168401718139648,0.0004302259968482778,0.0014535063629116925,-0.10249440101637478,16.29043388277351
45613056,0.025375068187713623,-6.672112464904785,-6.697487533092499,0.15900766849517822,-1.9536528587341309,3.16922926902771,-0.059937722980976105,-0.023249153047800064,1.92744779586792,0.06533592194318771,0.478515625,0.15900766849517822,15.056896209716797,17.502361297607422,0.0004300164371810356,0.0014527983715025782,-0.1026183362050282,16.29043388277351
45744128,0.007612094283103943,-5.604053020477295,-5.611665114760399,-0.7841138243675232,-1.941853642463684,3.4002599716186523,-0.04892925173044205,-0.023357313126325607,1.9364148378372192,0.05265132710337639,0.443115234375,-0.7841138243675232,15.066180229187012,19.201173782348633,0.00042980687751379337,0.001452090380093464,-0.10274227139368161,16.29043388277351
45875200,0.0016598859801888466,-6.773447036743164,-6.775106922723353,-0.015990912914276123,-1.9283380508422852,3.66040301322937,-0.06244569271802902,-0.023746417835354805,1.9686729907989502,0.05741238221526146,0.47607421875,-0.015990912914276123,16.069435119628906,6.916621685028076,0.00042959731784655115,0.0014513823886843497,-0.10286620658233502,16.29043388277351
46006272,0.015546850860118866,-4.161609172821045,-4.177156023681164,0.00792955607175827,-1.9175739288330078,3.6530189514160156,-0.05856980010867119,-0.023431474342942238,1.9425629377365112,0.07190847396850586,0.453857421875,0.00792955607175827,16.64675521850586,6.117013931274414,0.0004293877581793089,0.0014506743972752354,-0.10299014177098843,16.29043388277351
46137344,-0.007481846492737532,-1.023871660232544,-1.0163898137398064,-3.948733329772949,-1.9450843334197998,6.002264976501465,-0.05437017232179642,-0.024471160024404526,2.028756856918335,0.030870452523231506,0.288330078125,-3.948733329772949,18.134187698364258,21.8432674407959,0.0004291781985120667,0.0014499664058661211,-0.10311407695964186,16.29043388277351
46268416,-0.03824200853705406,-8.848674774169922,-8.810432765632868,-1.6331316232681274,-1.9409642219543457,5.431746006011963,-0.05288110673427582,-0.022778252139687538,1.8884081840515137,0.02505991980433464,0.30615234375,-1.6331316232681274,13.876255989074707,14.341907501220703,0.0004289686388448245,0.0014492584144570068,-0.10323801214829527,16.29043388277351
46399488,0.0060893171466887,-11.052145957946777,-11.058235275093466,-0.2683291435241699,-1.9380767345428467,3.9798576831817627,-0.04932606965303421,-0.02317526564002037,1.9213221073150635,0.07015469670295715,0.44921875,-0.2683291435241699,15.76993465423584,13.64029598236084,0.00042875907917758226,0.0014485504230478926,-0.10336194733694869,16.29043388277351
46530560,-0.0050214193761348724,-11.157958984375,-11.152937564998865,-0.43048420548439026,-1.9101135730743408,3.0244362354278564,-0.0565195269882679,-0.022006673738360405,1.8244411945343018,0.08298083394765854,0.5029296875,-0.43048420548439026,15.006793022155762,7.580143451690674,0.00042854951951034004,0.0014478424316387783,-0.10348588252560212,16.29043388277351
46661632,0.010217275470495224,-10.423633575439453,-10.433850850909948,0.6413620710372925,-1.9073855876922607,3.230159282684326,-0.058760128915309906,-0.023011842742562294,1.907773733139038,0.07268039882183075,0.474853515625,0.6413620710372925,15.198554992675781,7.396511077880859,0.0004283399598430978,0.001447134440229664,-0.10360981771425552,16.29043388277351
46792704,0.014015832915902138,-8.459193229675293,-8.473209062591195,-0.16767653822898865,-1.9095728397369385,3.4823157787323,-0.06205972284078598,-0.022918635979294777,1.9000465869903564,0.05420916900038719,0.471923828125,-0.16767653822898865,15.143452644348145,7.829398155212402,0.0004281304001758556,0.0014464264488205497,-0.10373375290290893,16.29043388277351
46923776,-3.2836105674505234e-05,-9.001862525939941,-9.001829689834267,-0.8392455577850342,-1.9196436405181885,3.255650758743286,-0.06094503402709961,-0.02341371774673462,1.9410908222198486,0.06570561230182648,0.46044921875,-0.8392455577850342,14.714661598205566,11.157322883605957,0.0004279208405086134,0.0014457184574114355,-0.10385768809156236,16.29043388277351
47054848,-0.015802869573235512,-10.847616195678711,-10.831813326105475,-1.0589632987976074,-1.9043633937835693,3.7771873474121094,-0.06745702028274536,-0.022897198796272278,1.8982694149017334,0.046544499695301056,0.4345703125,-1.0589632987976074,14.759750366210938,29.49850845336914,0.00042771128084137115,0.0014450104660023212,-0.10398162328021578,16.29043388277351
47185920,-0.015770751982927322,-8.746959686279297,-8.73118893429637,-0.6360369920730591,-1.9371241331100464,3.3819069862365723,-0.05740959197282791,-0.023735549300909042,1.9677717685699463,0.05612516030669212,0.462158203125,-0.6360369920730591,15.098226547241211,7.038079738616943,0.00042750172117412893,0.001444302474593207,-0.10410555846886918,16.29043388277351
47316992,0.008636435493826866,-6.02675724029541,-6.035393675789237,-0.7074955105781555,-1.9313386678695679,3.5911035537719727,-0.05599147081375122,-0.023435046896338463,1.9428592920303345,0.06688162684440613,0.44287109375,-0.7074955105781555,16.625823974609375,8.324734687805176,0.0004272921615068867,0.0014435944831840926,-0.10422949365752258,16.29043388277351
47448064,-0.0272663701325655,-2.4522032737731934,-2.424936903640628,-4.317058563232422,-1.9296009540557861,4.8214826583862305,-0.048086874186992645,-0.02297048270702362,1.9043447971343994,0.030884867534041405,0.3515625,-4.317058563232422,17.15926742553711,8.593364715576172,0.0004270826018396445,0.0014428864917749784,-0.10435342884617602,16.29043388277351
47579136,-0.045644745230674744,-11.429473876953125,-11.38382913172245,-1.8116235733032227,-1.9269561767578125,2.8771185874938965,-0.0633074939250946,-0.023175720125436783,1.9213597774505615,0.08043719828128815,0.494140625,-1.8116235733032227,13.117929458618164,6.427587985992432,0.00042687304217240227,0.001442178500365864,-0.10447736403482943,16.29043388277351
47710208,-0.007658994756639004,-12.6350679397583,-12.627408945001662,0.16244670748710632,-1.934269666671753,3.4905107021331787,-0.05396221578121185,-0.023442726582288742,1.943495750427246,0.05353158712387085,0.46826171875,0.16244670748710632,14.759321212768555,11.668036460876465,0.00042666348250516004,0.0014414705089567498,-0.10460129922348284,16.29043388277351
47841280,0.007241653278470039,-11.229232788085938,-11.236474441364408,0.1884332150220871,-1.9511432647705078,3.5094196796417236,-0.0564945712685585,-0.02289324253797531,1.8979413509368896,0.07259081304073334,0.46142578125,0.1884332150220871,15.302173614501953,8.589512825012207,0.0004264539228379178,0.0014407625175476353,-0.10472523441213626,16.29043388277351
47972352,-0.008643003180623055,-10.675703048706055,-10.667060045525432,-0.35250574350357056,-1.927751064300537,3.1953537464141846,-0.060493674129247665,-0.02318527363240719,1.9221519231796265,0.05843454599380493,0.4619140625,-0.35250574350357056,13.657173156738281,15.116182327270508,0.0004262443631706756,0.001440054526138521,-0.10484916960078967,16.29043388277351
48103424,-0.00022241566330194473,-10.007791519165039,-10.007569103501737,-0.08231161534786224,-1.951981782913208,3.212557077407837,-0.05587057024240494,-0.023124340921640396,1.917100191116333,0.05566751956939697,0.456298828125,-0.08231161534786224,14.595987319946289,5.240809440612793,0.0004260348035034334,0.0014393465347294068,-0.10497310478944309,16.29043388277351
48234496,0.0062070875428617,-10.47923755645752,-10.485444644000381,-0.327793687582016,-1.9201632738113403,3.18156361579895,-0.061309248208999634,-0.023443128913640976,1.9435291290283203,0.051865704357624054,0.463134765625,-0.327793687582016,13.900174140930176,9.899307250976562,0.00042582524383619116,0.0014386385433202925,-0.10509703997809651,16.29043388277351
48365568,-0.005848057568073273,-10.573615074157715,-10.567767016589642,-0.7545362710952759,-1.9169797897338867,3.1966776847839355,-0.05538273602724075,-0.023056525737047195,1.911478042602539,0.055329568684101105,0.435546875,-0.7545362710952759,14.409290313720703,9.075723648071289,0.00042561568416894894,0.0014379305519111782,-0.10522097516674993,16.29043388277351
48496640,0.0030115237459540367,-11.117708206176758,-11.120719729922712,0.20883174240589142,-1.9232735633850098,3.23486590385437,-0.05732285603880882,-0.023052193224430084,1.911118984222412,0.0681658387184143,0.447509765625,0.20883174240589142,14.91834831237793,15.131294250488281,0.0004254061245017067,0.001437222560502064,-0.10534491035540335,16.29043388277351
48627712,0.005675188731402159,-9.967777252197266,-9.973452440928668,0.2494494915008545,-1.916572093963623,3.525322675704956,-0.05937620997428894,-0.02281232550740242,1.891232967376709,0.05222582444548607,0.42333984375,0.2494494915008545,16.77727699279785,10.75074291229248,0.0004251965648344645,0.0014365145690929497,-0.10546884554405675,16.29043388277351
48758784,-0.004001732915639877,-5.473202705383301,-5.469200972467661,-4.234375953674316,-1.9239416122436523,4.077059745788574,-0.053312674164772034,-0.023921791464090347,1.9832121133804321,0.03561251983046532,0.405517578125,-4.234375953674316,17.601552963256836,26.889781951904297,0.00042498700516722227,0.0014358065776838354,-0.10559278073271017,16.29043388277351
48889856,-0.06201741099357605,-14.719156265258789,-14.657138854265213,-1.82194185256958,-1.9370732307434082,2.819779872894287,-0.061975087970495224,-0.02367204613983631,1.9625072479248047,0.06513066589832306,0.487548828125,-1.82194185256958,14.468363761901855,7.962515354156494,0.00042477744549998005,0.0014350985862747211,-0.10571671592136359,16.29043388277351
49020928,-0.006329477299004793,-15.868392944335938,-15.862063467036933,0.4331984519958496,-1.9207878112792969,3.7269420623779297,-0.062012962996959686,-0.02280990034341812,1.8910318613052368,0.0651027113199234,0.46142578125,0.4331984519958496,16.30953598022461,8.219944953918457,0.0004245678858327378,0.0014343905948656069,-0.105840651110017,16.29043388277351
49152000,-0.010357687249779701,-15.655445098876953,-15.645087411627173,-0.17079076170921326,-1.9165658950805664,3.2310194969177246,-0.05873175337910652,-0.023410728201270103,1.940842866897583,0.0550602450966835,0.438232421875,-0.17079076170921326,14.528034210205078,12.6279878616333,0.0004243583261654956,0.0014336826034564926,-0.10596458629867042,16.29043388277351
49283072,-0.008826470002532005,-13.163579940795898,-13.154753470793366,0.9045917987823486,-1.9213581085205078,4.864343643188477,-0.06012966111302376,-0.023318445309996605,1.933192253112793,0.030841752886772156,0.34814453125,0.9045917987823486,15.912982940673828,43.7703742980957,0.0004241487664982534,0.0014329746120473783,-0.10608852148732383,16.29043388277351
49414144,0.022619711235165596,-13.773981094360352,-13.796600805595517,0.3793591558933258,-1.972259759902954,3.2322349548339844,-0.05641518905758858,-0.023995669558644295,1.9893369674682617,0.05727509409189224,0.477294921875,0.3793591558933258,15.370267868041992,6.921618938446045,0.00042393920683101116,0.0014322666206382638,-0.10621245667597724,16.29043388277351
49545216,-0.004098222590982914,-14.569032669067383,-14.5649344464764,0.4323189854621887,-1.9697024822235107,3.146472692489624,-0.05881330743432045,-0.023477744311094284,1.9463990926742554,0.07009745389223099,0.448974609375,0.4323189854621887,15.022705078125,6.834626197814941,0.00042372964716376894,0.0014315586292291496,-0.10633639186463067,16.29043388277351
49676288,0.0008972156792879105,-12.855722427368164,-12.856619643047452,0.5472419261932373,-1.983252763748169,3.5311927795410156,-0.05534019321203232,-0.02452630177140236,2.0333285331726074,0.07622449100017548,0.482666015625,0.5472419261932373,15.667405128479004,16.22806739807129,0.0004235200874965267,0.0014308506378200353,-0.10646032705328408,16.29043388277351
49807360,0.007083036005496979,-11.371477127075195,-11.378560163080692,0.42572513222694397,-1.9896808862686157,3.2309162616729736,-0.053008366376161575,-0.023727644234895706,1.9671165943145752,0.06568547338247299,0.4775390625,0.42572513222694397,15.83099365234375,8.623896598815918,0.0004233105278292845,0.001430142646410921,-0.10658426224193748,16.29043388277351
49938432,0.0006480589509010315,-9.123893737792969,-9.12454179674387,-0.24676352739334106,-1.995246410369873,3.5874271392822266,-0.060907237231731415,-0.024224523454904556,2.008309841156006,0.053811974823474884,0.442626953125,-0.24676352739334106,16.483301162719727,14.588841438293457,0.0004231009681620423,0.0014294346550018067,-0.10670819743059091,16.29043388277351
50069504,0.036870379000902176,-5.119828224182129,-5.156698603183031,-3.388659954071045,-1.9911375045776367,5.404448509216309,-0.06311167776584625,-0.023760981857776642,1.9698805809020996,0.040452420711517334,0.382080078125,-3.388659954071045,22.057207107543945,23.088064193725586,0.00042289140849480005,0.0014287266635926925,-0.10683213261924433,16.29043388277351
50200576,-0.05666152760386467,-19.197715759277344,-19.14105423167348,-0.8851804733276367,-1.9708631038665771,3.3792409896850586,-0.05707073584198952,-0.023910246789455414,1.9822548627853394,0.06211712956428528,0.47265625,-0.8851804733276367,15.728482246398926,11.890894889831543,0.00042268184882755783,0.0014280186721835782,-0.10695606780789774,16.29043388277351
50331648,-0.01603509485721588,-18.320575714111328,-18.304540619254112,1.876606822013855,-1.9753481149673462,3.5922369956970215,-0.06698720902204514,-0.023593220859766006,1.9559720754623413,0.0688110888004303,0.484130859375,1.876606822013855,16.740814208984375,15.556344032287598,0.0004224722891603156,0.001427310680774464,-0.10708000299655115,16.29043388277351
50462720,0.035550594329833984,-14.651987075805664,-14.687537670135498,1.3394945859909058,-1.9893150329589844,3.552133083343506,-0.06639812886714935,-0.024590210989117622,2.0386266708374023,0.06026476249098778,0.462646484375,1.3394945859909058,15.974605560302734,10.45305347442627,0.0004222627294930734,0.0014266026893653496,-0.10720393818520459,16.29043388277351
50593792,0.006590730044990778,-14.25795841217041,-14.264549142215401,0.7921581268310547,-1.9858754873275757,3.822269916534424,-0.06369832903146744,-0.02358677238225937,1.9554376602172852,0.051345959305763245,0.438232421875,0.7921581268310547,14.846879005432129,21.766536712646484,0.00042205316982583117,0.0014258946979562354,-0.10732787337385799,16.29043388277351
50724864,0.019055625423789024,-13.888670921325684,-13.907726546749473,1.5377647876739502,-1.9588708877563477,3.704017162322998,-0.05595453083515167,-0.023165255784988403,1.9204922914505005,0.05906949192285538,0.451416015625,1.5377647876739502,15.89633846282959,7.441622734069824,0.00042184361015858894,0.001425186706547121,-0.1074518085625114,16.29043388277351
50855936,0.03478482365608215,-10.567138671875,-10.601923495531082,2.15017032623291,-1.9599618911743164,4.070122241973877,-0.058587074279785156,-0.023071909323334694,1.9127534627914429,0.06702761352062225,0.445556640625,2.15017032623291,16.43733787536621,14.520940780639648,0.0004216340504913467,0.0014244787151380068,-0.10757574375116483,16.29043388277351
50987008,0.03179706633090973,-7.4062724113464355,-7.438069477677345,1.310640573501587,-1.9559781551361084,3.737459421157837,-0.06679937243461609,-0.022979069501161575,1.9050564765930176,0.051395483314991,0.45263671875,1.310640573501587,16.331417083740234,7.659480094909668,0.0004214244908241045,0.0014237707237288926,-0.10769967893981824,16.29043388277351
51118080,0.03389338403940201,-4.386246681213379,-4.420140065252781,0.40205568075180054,-1.9373692274093628,5.3141984939575195,-0.06310474127531052,-0.022989600896835327,1.9059298038482666,0.04362519085407257,0.4296875,0.40205568075180054,15.780755043029785,36.015682220458984,0.0004212149311568623,0.0014230627323197783,-0.10782361412847165,16.29043388277351
51249152,0.0505116805434227,-4.382903099060059,-4.433414779603481,1.22227144241333,-1.9441306591033936,4.111581802368164,-0.06052832305431366,-0.023676913231611252,1.9629108905792236,0.0715014636516571,0.4443359375,1.22227144241333,18.22052764892578,8.702388763427734,0.00042100537148962006,0.001422354740910664,-0.10794754931712507,16.29043388277351
51380224,-0.0023870659060776234,-3.8123786449432373,-3.8099915790371597,-2.2694554328918457,-1.9370472431182861,4.749405860900879,-0.05926632508635521,-0.02397856116294861,1.9879186153411865,0.052007000893354416,0.463134765625,-2.2694554328918457,19.616348266601562,11.757697105407715,0.00042079581182237783,0.0014216467495015497,-0.10807148450577848,16.29043388277351
51511296,-0.04944426938891411,-11.54586410522461,-11.496419835835695,-1.913612961769104,-1.9551907777786255,3.1843578815460205,-0.06803781539201736,-0.02314368635416031,1.9187040328979492,0.05539353936910629,0.479248046875,-1.913612961769104,14.931527137756348,13.728804588317871,0.0004205862521551356,0.0014209387580924355,-0.1081954196944319,16.29043388277351
51642368,-0.007480574306100607,-12.012928009033203,-12.005447434727103,0.16171270608901978,-1.9154117107391357,4.495399475097656,-0.06276154518127441,-0.023500222712755203,1.9482624530792236,0.05692621320486069,0.48291015625,0.16171270608901978,16.02376365661621,35.618873596191406,0.0004203766924878934,0.0014202307666833212,-0.10831935488308532,16.29043388277351
51773440,0.006719343364238739,-7.102616310119629,-7.109335653483868,-0.8584386110305786,-1.89072847366333,3.684022903442383,-0.06628348678350449,-0.021819688379764557,1.8089392185211182,0.04456330090761185,0.442626953125,-0.8584386110305786,15.4651460647583,11.016639709472656,0.00042016713282065117,0.0014195227752742067,-0.10844329007173872,16.29043388277351
51904512,0.013139144517481327,-8.296333312988281,-8.309472457505763,-0.23470497131347656,-1.8609111309051514,3.4880032539367676,-0.06299105286598206,-0.02222553640604019,1.842585802078247,0.06737026572227478,0.4677734375,-0.23470497131347656,14.940561294555664,14.891672134399414,0.00041995757315340895,0.0014188147838650924,-0.10856722526039214,16.29043388277351
52035584,0.017642764374613762,-7.160545349121094,-7.1781881134957075,-0.964932918548584,-1.854488730430603,5.330779075622559,-0.06967714428901672,-0.022729061543941498,1.8843300342559814,0.06288345158100128,0.43603515625,-0.964932918548584,15.970545768737793,41.5202751159668,0.0004197480134861667,0.0014181067924559781,-0.10869116044904556,16.29043388277351
52166656,-0.02000373601913452,-13.01941204071045,-12.999408304691315,-0.850596010684967,-1.8620460033416748,3.160609722137451,-0.06185578927397728,-0.02267911098897457,1.880189061164856,0.05834195762872696,0.472900390625,-0.850596010684967,14.382078170776367,9.476300239562988,0.0004195384538189245,0.0014173988010468639,-0.10881509563769898,16.29043388277351
52297728,0.007595796603709459,-13.549951553344727,-13.557547349948436,-0.7175238728523254,-1.873340368270874,3.2963199615478516,-0.06553108990192413,-0.022477347403764725,1.863461971282959,0.052589014172554016,0.446044921875,-0.7175238728523254,14.629026412963867,8.450944900512695,0.0004193288941516823,0.0014166908096377496,-0.1089390308263524,16.29043388277351
52428800,-0.023087723180651665,-16.016250610351562,-15.99316288717091,-0.11877365410327911,-1.8671125173568726,3.3999862670898438,-0.05987672135233879,-0.02264091745018959,1.8770225048065186,0.0550580769777298,0.428466796875,-0.11877365410327911,14.854785919189453,7.92486047744751,0.00041911933448444006,0.0014159828182286353,-0.10906296601500581,16.29043388277351
52559872,0.004694385454058647,-13.269566535949707,-13.274260921403766,0.7353477478027344,-1.8603886365890503,6.290998935699463,-0.0712963342666626,-0.022510062903165817,1.866174340248108,0.0735764354467392,0.453125,0.7353477478027344,16.39858627319336,45.67213439941406,0.00041890977481719784,0.001415274826819521,-0.10918690120365923,16.29043388277351
52690944,-0.01489380281418562,0.5841088891029358,0.5990026919171214,-5.648493766784668,-1.874789834022522,7.411348342895508,-0.05163691192865372,-0.02281775325536728,1.8916829824447632,0.020189138129353523,0.271728515625,-5.648493766784668,17.99082374572754,56.96779251098633,0.0004187002151499556,0.0014145668354104068,-0.10931083639231264,16.29043388277351
52822016,-0.058187633752822876,-4.419737815856934,-4.361550182104111,-3.1440768241882324,-1.8672279119491577,4.783165454864502,-0.05485912412405014,-0.022022463381290436,1.8257502317428589,0.028693292289972305,0.34521484375,-3.1440768241882324,13.96841812133789,13.0240478515625,0.0004184906554827134,0.0014138588440012925,-0.10943477158096605,16.29043388277351
52953088,-0.003564867191016674,-5.654969215393066,-5.65140434820205,-0.9223170280456543,-1.8482476472854614,3.4342756271362305,-0.056491706520318985,-0.02191757969558239,1.8170549869537354,0.08496396243572235,0.514892578125,-0.9223170280456543,15.366589546203613,6.691268444061279,0.0004182810958154712,0.0014131508525921782,-0.10955870676961948,16.29043388277351
53084160,0.005391338840126991,-7.821887016296387,-7.827278355136514,-1.414339542388916,-1.844400405883789,3.438180446624756,-0.059214137494564056,-0.02260443940758705,1.8739982843399048,0.06525667011737823,0.47265625,-1.414339542388916,14.148008346557617,6.925727367401123,0.00041807153614822895,0.001412442861183064,-0.10968264195827289,16.29043388277351
53215232,-0.013294218108057976,-8.932540893554688,-8.91924667544663,-1.2676860094070435,-1.8560097217559814,3.1980161666870117,-0.05336243659257889,-0.02150367572903633,1.782740831375122,0.06945652514696121,0.474609375,-1.2676860094070435,13.94732666015625,4.7488484382629395,0.00041786197648098673,0.0014117348697739497,-0.10980657714692629,16.29043388277351
53346304,-0.005181855522096157,-10.533880233764648,-10.528698378242552,-0.30343902111053467,-1.8204748630523682,3.6796255111694336,-0.059056613594293594,-0.02197631075978279,1.821923851966858,0.06630869209766388,0.496826171875,-0.30343902111053467,15.661030769348145,18.08669090270996,0.0004176524168137445,0.0014110268783648354,-0.10993051233557972,16.29043388277351
53477376,0.0019808784127235413,-11.156167984008789,-11.158148862421513,-0.8526451587677002,-1.8200496435165405,3.3224382400512695,-0.05724317580461502,-0.022317148745059967,1.8501808643341064,0.05284888297319412,0.4619140625,-0.8526451587677002,14.936580657958984,10.556509971618652,0.0004174428571465023,0.0014103188869557211,-0.11005444752423314,16.29043388277351
53608448,4.0271319448947906e-05,-12.621728897094727,-12.621769168414176,-0.3145470917224884,-1.8268686532974243,3.3128700256347656,-0.061382584273815155,-0.022013673558831215,1.825021505355835,0.06356988847255707,0.471435546875,-0.3145470917224884,15.328400611877441,11.051562309265137,0.00041723329747926006,0.0014096108955466069,-0.11017838271288655,16.29043388277351
53739520,0.003121791873127222,-12.451770782470703,-12.45489257434383,-0.07673230767250061,-1.8159081935882568,3.532900810241699,-0.06388752907514572,-0.022246934473514557,1.8443598747253418,0.0672115907073021,0.461181640625,-0.07673230767250061,15.84141731262207,6.30409574508667,0.00041702373781201784,0.0014089029041374926,-0.11030231790153996,16.29043388277351
53870592,0.0060960156843066216,-11.333306312561035,-11.339402328245342,0.0217863991856575,-1.815075159072876,3.7631053924560547,-0.06417512893676758,-0.022350601851940155,1.8529542684555054,0.05382787436246872,0.42138671875,0.0217863991856575,17.08254623413086,18.15838623046875,0.0004168141781447756,0.0014081949127283783,-0.11042625309019338,16.29043388277351
54001664,-0.014697481878101826,-5.0785322189331055,-5.063834737055004,-4.532279014587402,-1.8393232822418213,4.306943893432617,-0.0546882189810276,-0.02257952280342579,1.8719326257705688,0.05507941544055939,0.443115234375,-4.532279014587402,18.423927307128906,8.649856567382812,0.0004166046184775334,0.001407486921319264,-0.1105501882788468,16.29043388277351
54132736,-0.04995589703321457,-14.996538162231445,-14.94658226519823,-1.713738203048706,-1.8397047519683838,3.0960559844970703,-0.05362562835216522,-0.022481271997094154,1.8637874126434326,0.05114613100886345,0.462890625,-1.713738203048706,14.443087577819824,5.578864097595215,0.0004163950588102912,0.0014067789299101498,-0.1106741234675002,16.29043388277351
54263808,-0.0012546051293611526,-16.025146484375,-16.02389187924564,0.7179738879203796,-1.8406283855438232,3.7763450145721436,-0.06480283290147781,-0.022575315088033676,1.8715838193893433,0.06243849918246269,0.456787109375,0.7179738879203796,15.6784086227417,13.52856159210205,0.00041618549914304896,0.0014060709385010353,-0.11079805865615364,16.29043388277351
54394880,-0.02154255285859108,-17.30137825012207,-17.27983569726348,-0.16601848602294922,-1.8293079137802124,3.3054306507110596,-0.06338192522525787,-0.02239399030804634,1.8565512895584106,0.04500468820333481,0.447021484375,-0.16601848602294922,15.166522026062012,9.329483985900879,0.00041597593947580673,0.001405362947091921,-0.11092199384480705,16.29043388277351
54525952,-0.022344920784235,-17.744998931884766,-17.72265401110053,0.04352957755327225,-1.8264487981796265,3.0774450302124023,-0.06080431491136551,-0.02140311524271965,1.7744038105010986,0.052643172442913055,0.473388671875,0.04352957755327225,14.278470993041992,16.369327545166016,0.0004157663798085645,0.0014046549556828067,-0.11104592903346046,16.29043388277351
54657024,0.010073261335492134,-17.127517700195312,-17.137590961530805,0.8789939284324646,-1.8310484886169434,3.370556116104126,-0.06333418190479279,-0.021844834089279175,1.8110241889953613,0.0580754280090332,0.45068359375,0.8789939284324646,15.642314910888672,8.446305274963379,0.0004155568201413223,0.0014039469642736925,-0.11116986422211388,16.29043388277351
54788096,-0.009465818293392658,-15.496377944946289,-15.486912126652896,0.3482082784175873,-1.8459302186965942,3.4237334728240967,-0.058660827577114105,-0.022332843393087387,1.8514820337295532,0.06682907044887543,0.4462890625,0.3482082784175873,15.81419563293457,12.139579772949219,0.00041534726047408007,0.0014032389728645782,-0.1112937994107673,16.29043388277351
54919168,0.0017714090645313263,-15.193377494812012,-15.195148903876543,0.06152172386646271,-1.8481266498565674,3.488910436630249,-0.05992014706134796,-0.02235381491482258,1.8532205820083618,0.06163586303591728,0.458740234375,0.06152172386646271,15.507739067077637,5.678394317626953,0.00041513770080683785,0.001402530981455464,-0.11141773459942071,16.29043388277351
55050240,0.0022360258735716343,-13.853391647338867,-13.855627673212439,0.823939323425293,-1.8344413042068481,3.2534232139587402,-0.058514274656772614,-0.021513037383556366,1.7835166454315186,0.058280084282159805,0.452392578125,0.823939323425293,15.990673065185547,5.621263027191162,0.0004149281411395956,0.0014018229900463494,-0.11154166978807413,16.29043388277351
55181312,0.017046844586730003,-7.27282190322876,-7.28986874781549,0.1319839060306549,-1.8153047561645508,4.302406311035156,-0.0638197660446167,-0.021716073155403137,1.800349235534668,0.052980002015829086,0.422119140625,0.1319839060306549,17.45465660095215,18.819299697875977,0.0004147185814723534,0.0014011149986372352,-0.11166560497672753,16.29043388277351
55312384,0.012617085129022598,-2.8667101860046387,-2.8793272711336613,-3.959223508834839,-1.853532075881958,7.476414680480957,-0.05758724361658096,-0.02260575443506241,1.8741074800491333,0.026402372866868973,0.3330078125,-3.959223508834839,18.40751075744629,47.3852424621582,0.0004145090218051112,0.0014004070072281209,-0.11178954016538095,16.29043388277351
55443456,-0.05356300622224808,-8.404341697692871,-8.350778691470623,-2.6116039752960205,-1.8885445594787598,3.315216541290283,-0.05393273010849953,-0.022359827533364296,1.8537191152572632,0.05972014367580414,0.447509765625,-2.6116039752960205,14.79078197479248,6.256938457489014,0.00041429946213786896,0.0013996990158190066,-0.11191347535403437,16.29043388277351
55574528,-0.0076768603175878525,-11.387271881103516,-11.379595020785928,-0.5750235319137573,-1.8335154056549072,3.3863840103149414,-0.05637079477310181,-0.02216002158820629,1.8371543884277344,0.07930955290794373,0.491943359375,-0.5750235319137573,15.524901390075684,12.005897521972656,0.00041408990247062674,0.0013989910244098923,-0.11203741054268779,16.29043388277351
55705600,-0.006544973701238632,-11.578704833984375,-11.572159860283136,-0.2988460958003998,-1.8699314594268799,3.45694899559021,-0.06251432001590729,-0.02300405316054821,1.907128095626831,0.050354138016700745,0.43603515625,-0.2988460958003998,16.05340576171875,8.208158493041992,0.0004138803428033845,0.001398283033000778,-0.11216134573134119,16.29043388277351
55836672,-0.005553737748414278,-12.245327949523926,-12.239774211775512,-0.28420490026474,-1.8885548114776611,2.9854001998901367,-0.06430432200431824,-0.02308523841202259,1.9138586521148682,0.05411718785762787,0.46533203125,-0.28420490026474,14.299890518188477,10.802644729614258,0.0004136707831361423,0.0013975750415916638,-0.11228528091999461,16.29043388277351
55967744,0.006221506744623184,-11.171069145202637,-11.17729065194726,0.11717240512371063,-1.9095351696014404,4.688243389129639,-0.06512343138456345,-0.023504827171564102,1.9486441612243652,0.04810897260904312,0.434814453125,0.11717240512371063,15.45523738861084,41.57954025268555,0.0004134612234689001,0.0013968670501825495,-0.11240921610864804,16.29043388277351
56098816,0.00541624054312706,-14.395425796508789,-14.400842037051916,0.08369943499565125,-1.9228193759918213,3.091456413269043,-0.058412469923496246,-0.023264121264219284,1.928688645362854,0.057230718433856964,0.455810546875,0.08369943499565125,14.053153991699219,9.143255233764648,0.00041325166380165785,0.0013961590587734352,-0.11253315129730145,16.29043388277351
56229888,0.0015734294429421425,-14.520159721374512,-14.521733150817454,0.4410952925682068,-1.9128897190093994,3.600384473800659,-0.05589618533849716,-0.02305755205452442,1.9115632772445679,0.06555168330669403,0.458984375,0.4410952925682068,15.61855697631836,17.989288330078125,0.00041304210413441563,0.001395451067364321,-0.11265708648595486,16.29043388277351
56360960,0.002462080679833889,-13.673110008239746,-13.67557208891958,0.5299779772758484,-1.8992661237716675,3.6177687644958496,-0.06356172263622284,-0.022612402215600014,1.8746585845947266,0.05887375771999359,0.448486328125,0.5299779772758484,16.018115997314453,11.438129425048828,0.0004128325444671734,0.0013947430759552067,-0.1127810216746083,16.29043388277351
56492032,0.015447678975760937,-10.664159774780273,-10.679607453756034,0.2510104775428772,-1.9138429164886475,3.8946151733398438,-0.06054626777768135,-0.02333029918372631,1.9341750144958496,0.058966729789972305,0.447021484375,0.2510104775428772,17.29521942138672,15.877837181091309,0.0004126229847999312,0.0013940350845460924,-0.1129049568632617,16.29043388277351
56623104,-0.04683630168437958,-3.640442371368408,-3.5936060696840286,-4.422666549682617,-1.8805948495864868,4.511265754699707,-0.057402875274419785,-0.02232290990650654,1.850658655166626,0.03801291435956955,0.4599609375,-4.422666549682617,18.42746925354004,17.002981185913086,0.00041241342513268896,0.0013933270931369781,-0.1130288920519151,16.29043388277351
56754176,-0.04602951928973198,-12.977323532104492,-12.93129401281476,-1.9306193590164185,-1.9120705127716064,3.214494228363037,-0.057981736958026886,-0.023496201261878014,1.9479289054870605,0.05877403914928436,0.48193359375,-1.9306193590164185,14.942907333374023,6.1519951820373535,0.00041220386546544674,0.0013926191017278639,-0.11315282724056853,16.29043388277351
56885248,-0.015662167221307755,-15.065118789672852,-15.049456622451544,0.21091724932193756,-1.9234213829040527,3.3934004306793213,-0.0614699125289917,-0.023408489301800728,1.940657377243042,0.060570407658815384,0.4833984375,0.21091724932193756,15.905119895935059,7.157279014587402,0.0004119943057982045,0.0013919111103187496,-0.11327676242922195,16.29043388277351
57016320,-0.00693921372294426,-15.15527629852295,-15.148337084800005,-0.0406268946826458,-1.9405102729797363,3.2964377403259277,-0.06237576901912689,-0.023691873997449875,1.9641509056091309,0.06676703691482544,0.449951171875,-0.0406268946826458,14.454275131225586,21.09668731689453,0.0004117847461309623,0.0013912031189096353,-0.11340069761787536,16.29043388277351
57147392,-0.01436510868370533,-15.810853958129883,-15.796488849446177,0.11840599775314331,-1.9659783840179443,3.222292184829712,-0.061577118933200836,-0.02323414757847786,1.926203727722168,0.06033947318792343,0.446044921875,0.11840599775314331,15.087492942810059,8.44711971282959,0.0004115751864637201,0.001390495127500521,-0.11352463280652877,16.29043388277351
57278464,0.010452257469296455,-12.566015243530273,-12.57646750099957,0.8286968469619751,-1.9371249675750732,3.5236306190490723,-0.060742683708667755,-0.02391902357339859,1.9829825162887573,0.05194307118654251,0.447021484375,0.8286968469619751,16.134414672851562,13.722860336303711,0.00041136562679647786,0.0013897871360914068,-0.11364856799518219,16.29043388277351
57409536,0.009883610531687737,-9.502433776855469,-9.512317387387156,-0.5248430967330933,-1.9375615119934082,3.734936237335205,-0.07078659534454346,-0.024212546646595,2.007317066192627,0.046073202043771744,0.441650390625,-0.5248430967330933,14.890892028808594,23.477031707763672,0.00041115606712923563,0.0013890791446822925,-0.11377250318383561,16.29043388277351
57540608,0.011831361800432205,-10.104825973510742,-10.116657335311174,-0.09200476109981537,-1.9369007349014282,3.8502798080444336,-0.06338164955377579,-0.023210611194372177,1.9242522716522217,0.0547538585960865,0.452392578125,-0.09200476109981537,16.138364791870117,25.845294952392578,0.0004109465074619934,0.0013883711532731782,-0.11389643837248901,16.29043388277351
57671680,0.005377665162086487,-7.092785835266113,-7.0981635004282,-0.3310764729976654,-1.9170308113098145,3.699810028076172,-0.06346964091062546,-0.022533748298883438,1.8681378364562988,0.05493900179862976,0.445068359375,-0.3310764729976654,15.622653007507324,9.441767692565918,0.0004107369477947512,0.001387663161864064,-0.11402037356114243,16.29043388277351
57802752,0.005008775740861893,-4.609649658203125,-4.614658433943987,-0.30752840638160706,-1.9217779636383057,3.704965114593506,-0.06112407147884369,-0.023380503058433533,1.9383372068405151,0.06424488872289658,0.433837890625,-0.30752840638160706,16.437530517578125,9.437336921691895,0.00041052738812750897,0.0013869551704549497,-0.11414430874979585,16.29043388277351
57933824,-0.02916589379310608,-0.7179263830184937,-0.6887604892253876,-4.567102432250977,-1.9100103378295898,7.252520561218262,-0.05618873983621597,-0.0231380183249712,1.9182342290878296,0.025520019233226776,0.30126953125,-4.567102432250977,18.183467864990234,58.857505798339844,0.00041031782846026675,0.0013862471790458354,-0.11426824393844927,16.29043388277351
58064896,-0.03664951026439667,-15.538347244262695,-15.501697733998299,-0.5601640939712524,-1.9040902853012085,3.0285348892211914,-0.06980279088020325,-0.023686058819293976,1.9636690616607666,0.05656096339225769,0.475341796875,-0.5601640939712524,13.841753005981445,9.704596519470215,0.0004101082687930245,0.0013855391876367211,-0.11439217912710269,16.29043388277351
58195968,-0.0023266905918717384,-15.386604309082031,-15.38427761849016,0.049406666308641434,-1.9393062591552734,3.4456567764282227,-0.05892167612910271,-0.0239777322858572,1.9878498315811157,0.06860232353210449,0.47802734375,0.049406666308641434,15.01828384399414,8.38764476776123,0.0004098987091257823,0.0013848311962276069,-0.1145161143157561,16.29043388277351
58327040,-0.007050168234854937,-15.610167503356934,-15.603117335122079,0.003315076231956482,-1.9198510646820068,3.8356707096099854,-0.06276917457580566,-0.02365235984325409,1.9608752727508545,0.05691123381257057,0.47216796875,0.003315076231956482,14.412555694580078,32.73966598510742,0.0004096891494585401,0.0013841232048184926,-0.11464004950440952,16.29043388277351
58458112,-0.003052002750337124,-14.25087833404541,-14.247826331295073,0.24692875146865845,-1.9485751390457153,3.1762771606445312,-0.06357017904520035,-0.02367958053946495,1.9631319046020508,0.0583161786198616,0.47607421875,0.24692875146865845,14.283095359802246,6.843811511993408,0.00040947958979129786,0.0013834152134093783,-0.11476398469306294,16.29043388277351
58589184,0.0019463850185275078,-11.55596923828125,-11.557915623299778,-0.3589479923248291,-1.9517751932144165,4.737979412078857,-0.06461423635482788,-0.02371262013912201,1.9658708572387695,0.03279438242316246,0.36474609375,-0.3589479923248291,15.155899047851562,44.506629943847656,0.00040927003012405564,0.001382707222000264,-0.11488791988171634,16.29043388277351
58720256,0.013544697314500809,-14.858169555664062,-14.871714252978563,0.5593886375427246,-1.9579205513000488,3.692473888397217,-0.04775204136967659,-0.023369165137410164,1.9373972415924072,0.05875683203339577,0.4755859375,0.5593886375427246,15.244699478149414,15.270405769348145,0.0004090604704568134,0.0013819992305911498,-0.11501185507036976,16.29043388277351
58851328,0.0005990858189761639,-15.269378662109375,-15.269977747928351,-0.03813214227557182,-1.9722528457641602,3.601980209350586,-0.051962338387966156,-0.024413909763097763,2.02401065826416,0.06457049399614334,0.473388671875,-0.03813214227557182,15.054944038391113,14.659540176391602,0.0004088509107895712,0.0013812912391820353,-0.11513579025902318,16.29043388277351
58982400,-0.013121752068400383,-14.677661895751953,-14.664540143683553,1.1531736850738525,-1.9435234069824219,3.5805249214172363,-0.05943955481052399,-0.02423226647078991,2.0089516639709473,0.071687251329422,0.436279296875,1.1531736850738525,16.697572708129883,22.240970611572266,0.00040864135112232897,0.001380583247772921,-0.1152597254476766,16.29043388277351
59113472,0.016812307760119438,-10.932048797607422,-10.948861105367541,0.10871946811676025,-1.948707103729248,3.930302381515503,-0.05824889615178108,-0.02406335435807705,1.9949482679367065,0.05779612064361572,0.476318359375,0.10871946811676025,16.185632705688477,13.047338485717773,0.00040843179145508675,0.0013798752563638067,-0.11538366063633,16.29043388277351
59244544,-0.03211270272731781,-5.683765888214111,-5.6516531854867935,-3.7351415157318115,-1.9467289447784424,5.165431499481201,-0.054922983050346375,-0.023355048149824142,1.9362268447875977,0.04317560791969299,0.42822265625,-3.7351415157318115,18.2901611328125,49.62059020996094,0.00040822223178784453,0.0013791672649546925,-0.11550759582498342,16.29043388277351
59375616,-0.056611549109220505,-11.689781188964844,-11.633169639855623,-1.8913912773132324,-1.9451568126678467,3.33671236038208,-0.0631747767329216,-0.02298240177333355,1.9053330421447754,0.044914957135915756,0.451416015625,-1.8913912773132324,14.604897499084473,9.565764427185059,0.0004080126721206023,0.001378459273545578,-0.11563153101363685,16.29043388277351
59506688,-0.005018364638090134,-13.230340003967285,-13.225321639329195,0.1337859034538269,-1.9310613870620728,4.106989860534668,-0.0721840038895607,-0.022930044680833817,1.900992512702942,0.06014063209295273,0.47314453125,0.1337859034538269,14.877280235290527,14.319931030273438,0.0004078031124533601,0.0013777512821364637,-0.11575546620229026,16.29043388277351
59637760,-0.003947470337152481,-15.420571327209473,-15.41662385687232,0.2043764591217041,-1.907394289970398,7.469394683837891,-0.05571802705526352,-0.02274993807077408,1.8860608339309692,0.019090671092271805,0.287841796875,0.2043764591217041,14.211280822753906,53.986873626708984,0.00040759355278611786,0.0013770432907273494,-0.11587940139094366,16.29043388277351
59768832,0.005805864930152893,-21.85381317138672,-21.85961903631687,1.4641716480255127,-1.8683406114578247,3.3182973861694336,-0.05821135640144348,-0.02207041159272194,1.8297253847122192,0.08763260394334793,0.53564453125,1.4641716480255127,14.818339347839355,15.916085243225098,0.00040738399311887564,0.0013763352993182351,-0.11600333657959709,16.29043388277351
59899904,0.014037751592695713,-19.706771850585938,-19.720809602178633,1.985769510269165,-1.8641996383666992,3.37457275390625,-0.05932934582233429,-0.022273719310760498,1.8465805053710938,0.07094338536262512,0.489013671875,1.985769510269165,15.36406421661377,6.012945652008057,0.0004071744334516334,0.0013756273079091209,-0.11612727176825051,16.29043388277351
60030976,0.014275411143898964,-18.83074951171875,-18.84502492286265,0.5269872546195984,-1.8484457731246948,5.980199813842773,-0.05102134123444557,-0.02322341874241829,1.9253143072128296,0.042310889810323715,0.371337890625,0.5269872546195984,13.804495811462402,33.67490768432617,0.0004069648737843912,0.0013749193165000064,-0.11625120695690391,16.29043388277351
60162048,-0.009488451294600964,-23.41335105895996,-23.40386260766536,1.6545641422271729,-1.851595401763916,4.8197712898254395,-0.06935381144285202,-0.022257475182414055,1.845233678817749,0.061939261853694916,0.482177734375,1.6545641422271729,15.118387222290039,18.87421989440918,0.000406755314117149,0.001374211325090892,-0.11637514214555734,16.29043388277351
60293120,0.005452861078083515,-22.785511016845703,-22.790963877923787,2.8410818576812744,-1.8568700551986694,4.917136192321777,-0.05681753158569336,-0.022378813475370407,1.8552930355072021,0.02677645906805992,0.306396484375,2.8410818576812744,16.04462432861328,27.347888946533203,0.00040654575444990675,0.0013735033336817778,-0.11649907733421076,16.29043388277351
60424192,0.008512222208082676,-15.102214813232422,-15.110727035440505,1.3244609832763672,-1.844911813735962,3.412039279937744,-0.06308135390281677,-0.022332176566123962,1.8514267206192017,0.07307934761047363,0.504150390625,1.3244609832763672,15.656685829162598,7.501966953277588,0.00040633619478266453,0.0013727953422726636,-0.11662301252286417,16.29043388277351
60555264,-0.04207136482000351,-9.836333274841309,-9.794261910021305,-3.0080771446228027,-1.8421207666397095,4.242201805114746,-0.05592869967222214,-0.02263779751956463,1.876763939857483,0.060534801334142685,0.471435546875,-3.0080771446228027,19.243518829345703,11.85148811340332,0.0004061266351154223,0.0013720873508635493,-0.11674694771151757,16.29043388277351
60686336,-0.03604583442211151,-15.175850868225098,-15.139805033802986,0.11213096976280212,-1.868550181388855,3.1311659812927246,-0.06388998031616211,-0.022545460611581802,1.8691089153289795,0.08482573926448822,0.493896484375,0.11213096976280212,15.618124008178711,15.414609909057617,0.0004059170754481801,0.001371379359454435,-0.116870882900171,16.29043388277351
60817408,-0.007870562374591827,-13.207528114318848,-13.199657551944256,0.6398969888687134,-1.8504096269607544,3.7058541774749756,-0.07126705348491669,-0.022086353972554207,1.8310470581054688,0.06405995786190033,0.476318359375,0.6398969888687134,16.083133697509766,20.790977478027344,0.00040570751578093787,0.0013706713680453207,-0.11699481808882442,16.29043388277351
60948480,0.0016353442333638668,-13.880640983581543,-13.882276327814907,0.48006951808929443,-1.845106840133667,3.3821544647216797,-0.06372807919979095,-0.022560659795999527,1.8703688383102417,0.05982544645667076,0.464599609375,0.48006951808929443,15.196725845336914,29.000328063964844,0.00040549795611369565,0.0013699633766362065,-0.11711875327747782,16.29043388277351
61079552,0.00046503497287631035,-13.401656150817871,-13.402121185790747,-0.06467609107494354,-1.8745696544647217,3.808397054672241,-0.06563876569271088,-0.02352002263069153,1.949903964996338,0.06650438904762268,0.474365234375,-0.06467609107494354,15.274201393127441,16.966901779174805,0.0004052883964464534,0.0013692553852270922,-0.11724268846613124,16.29043388277351
61210624,-0.008967515081167221,-14.956039428710938,-14.94707191362977,0.12537485361099243,-1.8824071884155273,3.8209338188171387,-0.06170699745416641,-0.023343879729509354,1.9353009462356567,0.0647072046995163,0.42236328125,0.12537485361099243,15.06743049621582,30.75002670288086,0.0004050788367792112,0.001368547393817978,-0.11736662365478466,16.29043388277351
61341696,-0.005486590787768364,-14.163057327270508,-14.15757073648274,0.6045377850532532,-1.8841736316680908,3.403186321258545,-0.0655389279127121,-0.022918669506907463,1.9000492095947266,0.06783778965473175,0.461669921875,0.6045377850532532,14.965944290161133,14.182015419006348,0.000404869277111969,0.0013678394024088636,-0.11749055884343808,16.29043388277351
61472768,0.009915776550769806,-12.773983001708984,-12.783898778259754,-0.37658047676086426,-1.891266942024231,3.2239012718200684,-0.06568042933940887,-0.022921234369277954,1.9002621173858643,0.047380223870277405,0.44873046875,-0.37658047676086426,14.418671607971191,17.502971649169922,0.00040465971744472676,0.0013671314109997494,-0.1176144940320915,16.29043388277351
61603840,-0.007272752467542887,-13.023797988891602,-13.016525236424059,0.5624373555183411,-1.900634527206421,3.641629695892334,-0.06604517251253128,-0.02316553145647049,1.9205151796340942,0.053534504026174545,0.453125,0.5624373555183411,14.823058128356934,7.8833794593811035,0.00040445015777748454,0.001366423419590635,-0.1177384292207449,16.29043388277351
61734912,-0.001212984323501587,-10.780115127563477,-10.778902143239975,-0.08615578711032867,-1.9043614864349365,4.880672454833984,-0.06185353547334671,-0.022738268598914146,1.8850934505462646,0.04850469157099724,0.389892578125,-0.08615578711032867,15.056867599487305,22.81905174255371,0.0004042405981102423,0.0013657154281815208,-0.11786236440939832,16.29043388277351
61865984,-0.028946269303560257,-3.3883016109466553,-3.359355341643095,-4.099912643432617,-1.9039355516433716,6.760136604309082,-0.05316726118326187,-0.02247399091720581,1.863183617591858,0.02263689786195755,0.269775390625,-4.099912643432617,17.432268142700195,25.46280860900879,0.0004040310384430001,0.0013650074367724065,-0.11798629959805175,16.29043388277351
61997056,-0.046701475977897644,-14.981300354003906,-14.934598878026009,-1.0079562664031982,-1.8981187343597412,3.2242720127105713,-0.06064532697200775,-0.022894274443387985,1.8980268239974976,0.08992116898298264,0.506103515625,-1.0079562664031982,14.272669792175293,7.638362884521484,0.00040382147877575787,0.0013642994453632923,-0.11811023478670515,16.29043388277351
62128128,-0.00746344868093729,-14.213584899902344,-14.206121451221406,0.5266993045806885,-1.9274663925170898,3.576155185699463,-0.06155414879322052,-0.02313220500946045,1.9177522659301758,0.06893160194158554,0.47119140625,0.5266993045806885,16.052963256835938,9.815353393554688,0.00040361191910851565,0.001363591453954178,-0.11823416997535857,16.29043388277351
62259200,-0.021571988239884377,-14.44497299194336,-14.423401003703475,-0.09556128084659576,-1.9235835075378418,3.3757686614990234,-0.06071449816226959,-0.022488562390208244,1.8643916845321655,0.05140277370810509,0.4755859375,-0.09556128084659576,14.19747543334961,11.650373458862305,0.00040340235944127343,0.0013628834625450637,-0.11835810516401199,16.29043388277351
62390272,0.005312482826411724,-12.47336196899414,-12.478674451820552,0.18025153875350952,-1.918084979057312,3.1065571308135986,-0.06974489986896515,-0.023301292210817337,1.9317703247070312,0.07106038928031921,0.5029296875,0.18025153875350952,13.957365036010742,8.82276725769043,0.0004031927997740312,0.0013621754711359495,-0.11848204035266541,16.29043388277351
62521344,-0.001336794812232256,-12.072256088256836,-12.070919293444604,-0.5124800205230713,-1.924103021621704,4.993176460266113,-0.05781413987278938,-0.022656038403511047,1.8782761096954346,0.032551683485507965,0.33203125,-0.5124800205230713,14.158163070678711,48.14902114868164,0.000402983240106789,0.0013614674797268352,-0.11860597554131881,16.29043388277351
62652416,-0.0021640583872795105,-7.8741607666015625,-7.871996708214283,-0.13964572548866272,-1.9121840000152588,3.5683608055114746,-0.0472339391708374,-0.022787898778915405,1.8892078399658203,0.05149427801370621,0.463134765625,-0.13964572548866272,14.288405418395996,5.69951057434082,0.00040277368043954676,0.001360759488317721,-0.11872991072997223,16.29043388277351
62783488,0.0004842076450586319,-7.096482276916504,-7.0969664845615625,-0.7848631143569946,-1.9236925840377808,3.4037656784057617,-0.06122249364852905,-0.022762103006243706,1.8870693445205688,0.0681234672665596,0.4853515625,-0.7848631143569946,14.905498504638672,5.561908721923828,0.00040256412077230454,0.0013600514969086066,-0.11885384591862566,16.29043388277351
62914560,0.0024002864956855774,-6.828242301940918,-6.8306425884366035,-0.8484784364700317,-1.9288791418075562,3.166200876235962,-0.061919234693050385,-0.023322246968746185,1.9335075616836548,0.054668523371219635,0.496337890625,-0.8484784364700317,14.135107040405273,6.30181360244751,0.0004023545611050623,0.0013593435054994924,-0.11897778110727907,16.29043388277351
