collected_frames,torque/flipper_torque_FL,torque/flipper_torque_FL_max,torque/flipper_torque_FL_min,torque/flipper_torque_FR,torque/flipper_torque_FR_max,torque/flipper_torque_FR_min,torque/flipper_torque_RL,torque/flipper_torque_RL_max,torque/flipper_torque_RL_min,torque/flipper_torque_RR,torque/flipper_torque_RR_max,torque/flipper_torque_RR_min
131072,708.8992671966553,1000.0,1.5587508408352733,698.9355988502502,1000.0,1.4104381799697876,705.1842002868652,1000.0,1.2477856799960136,700.1586360931396,1000.0,1.4962576180696487
262144,703.8101587295532,1000.0,1.7035126090049744,699.3243842124939,1000.0,1.2531131030991673,704.0519952774048,1000.0,1.4773498438298702,698.3192005157471,1000.0,1.5324190724641085
393216,699.7680187225342,1000.0,1.328735576942563,695.3275103569031,1000.0,1.3540844172239304,700.9976191520691,1000.0,1.5342047028243542,695.5692729949951,1000.0,1.317460510879755
524288,691.173505783081,1000.0,1.4194477163255215,685.6394991874695,1000.0,1.4638052210211754,699.1893100738525,1000.0,1.3221113691106439,689.8746314048767,1000.0,1.4017996117472649
655360,687.4923195838928,1000.0,1.4618623703718185,686.3668155670166,1000.0,1.4264480797573924,699.999876499176,1000.0,1.5912221148610115,690.8644232749939,1000.0,1.3840816542506218
786432,700.7251091003418,1000.0,1.4539464637637138,697.3596119880676,1000.0,1.6231905817985535,703.0316433906555,1000.0,1.6074891351163387,698.0394043922424,1000.0,1.4222950534895062
917504,687.8057589530945,1000.0,1.4087321385741234,691.7419943809509,1000.0,1.42726119607687,703.9104828834534,1000.0,1.5305942189879715,696.8001699447632,1000.0,1.1475660977885127
1048576,677.8191504478455,1000.0,1.2300493568181992,688.5276036262512,1000.0,1.348950870335102,701.8873763084412,1000.0,1.2687918916344643,692.7755155563354,1000.0,1.446619219146669
1179648,678.91827917099,1000.0,1.326939221471548,684.6613564491272,1000.0,1.4318243637681007,702.311357498169,1000.0,1.3701194785535336,691.299605846405,1000.0,1.480547098442912
1310720,686.3517374992371,1000.0,1.465079109184444,691.7164525985718,1000.0,1.5349876806139946,698.1978530883789,1000.0,1.3325476944446564,690.0915813446045,1000.0,1.1379461102187634
1441792,695.1163783073425,1000.0,1.3493383121676743,699.2482843399048,1000.0,1.1622226238250732,701.3670763969421,1000.0,1.5295029673725367,696.3781247138977,1000.0,1.713304366916418
1572864,684.652524471283,1000.0,1.612615630030632,697.017550945282,1000.0,1.3642244245857,698.1378898620605,1000.0,1.5148814767599106,697.4545321464539,1000.0,1.6090070940554142
1703936,676.5145163536072,1000.0,1.3486574504058808,690.6103549003601,1000.0,1.5047519356012344,697.045428276062,1000.0,1.5015930030494928,694.0351204872131,1000.0,1.687482737004757
1835008,680.2672252655029,1000.0,1.3979833517223597,687.6556367874146,1000.0,1.3608225602656603,694.1570978164673,1000.0,1.383352868258953,693.4029378890991,1000.0,1.6868365295231342
1966080,692.1747393608093,1000.0,1.3887827470898628,694.5090570449829,1000.0,1.6496760956943035,697.8481583595276,1000.0,1.5473453039303422,696.6102042198181,1000.0,1.518549457192421
2097152,692.3613696098328,1000.0,1.3349559577181935,697.0681257247925,1000.0,1.3561536110937595,699.0857520103455,1000.0,1.3040013909339905,699.7440490722656,1000.0,1.507514176890254
2228224,694.4712228775024,1000.0,1.453199747018516,697.1596846580505,1000.0,1.5672955997288227,696.9048824310303,1000.0,1.1976434253156185,698.0913815498352,1000.0,1.3517123199999332
2359296,697.5875034332275,1000.0,1.3296541571617126,692.8431253433228,1000.0,1.4963151142001152,692.1119561195374,1000.0,1.5180781949311495,694.9407382011414,1000.0,1.3635000810027122
2490368,700.8904094696045,1000.0,1.5986842811107635,696.1888508796692,1000.0,1.5265529283788055,691.0197858810425,1000.0,1.1447934312745929,690.197865486145,1000.0,1.3470728322863579
2621440,707.5560274124146,1000.0,1.5233475286513567,695.8527703285217,1000.0,1.3999614212661982,692.5512075424194,1000.0,1.3403266072273254,693.109347820282,1000.0,1.3769544810056686
2752512,710.83513879776,1000.0,1.4900754876434803,696.9621071815491,1000.0,1.407204327173531,690.6747512817383,1000.0,1.4030713513493538,690.0617551803589,1000.0,1.5454368628561497
2883584,712.7460765838623,1000.0,1.4756639897823334,688.1623916625977,1000.0,1.4474670067429543,683.9020099639893,1000.0,1.5299437567591667,695.5840725898743,1000.0,1.6393626164644957
3014656,712.4498219490051,1000.0,1.58150077983737,691.0426836013794,1000.0,1.361567348241806,687.1307339668274,1000.0,1.4394032433629036,692.4168696403503,1000.0,1.372189924120903
3145728,711.8401432037354,1000.0,1.663941640406847,692.2567138671875,1000.0,1.3319058455526829,689.3672332763672,1000.0,1.2838862985372543,692.968608379364,1000.0,1.3118918742984533
3276800,706.9466705322266,1000.0,1.737388152629137,691.8266072273254,1000.0,1.2905252277851105,686.0945072174072,1000.0,1.2732043452560902,695.3876442909241,1000.0,1.5081579759716988
3407872,706.7290267944336,1000.0,1.4672376811504364,690.9377264976501,1000.0,1.5436734361574054,682.2917242050171,1000.0,1.1840534545481205,695.4645371437073,1000.0,1.4209971576929092
3538944,708.0610551834106,1000.0,1.6848566681146622,694.6783165931702,1000.0,1.494479451328516,682.6092295646667,1000.0,1.2005866598337889,694.0790176391602,1000.0,1.4818455828353763
3670016,709.6894869804382,1000.0,1.5829967875033617,693.224850654602,1000.0,1.499755933880806,683.4387826919556,1000.0,1.3553569139912724,695.036226272583,1000.0,1.6386697702109814
3801088,708.451611995697,1000.0,1.4465562738478184,696.2580432891846,1000.0,1.225246638059616,682.0269112586975,1000.0,1.358680909499526,694.8437457084656,1000.0,1.371935817413032
3932160,711.3379759788513,1000.0,1.1913346275687218,695.6498794555664,1000.0,1.3476889580488205,682.2257452011108,1000.0,1.5534968031570315,695.153911113739,1000.0,1.3558588474988937
4063232,712.7560315132141,1000.0,1.5016340501606464,694.7180876731873,1000.0,1.606909640133381,681.8926424980164,1000.0,1.6366781033575535,695.8726596832275,1000.0,1.5348134338855743
4194304,707.9948325157166,1000.0,1.3603833559900522,691.8135418891907,1000.0,1.195597980171442,681.8478503227234,1000.0,1.3315050899982452,691.8469548225403,1000.0,1.3925452660769224
4325376,709.221360206604,1000.0,1.3865961618721485,694.5857677459717,1000.0,1.5979525074362755,682.5910930633545,1000.0,1.3496705759316683,690.2646989822388,1000.0,1.2215781939448789
4456448,706.1630544662476,1000.0,1.759257160127163,695.4819192886353,1000.0,1.208199717104435,683.089054107666,1000.0,1.3429581075906754,689.929594039917,1000.0,1.2224625647068024
4587520,707.0309405326843,1000.0,1.4432265534996986,692.2009477615356,1000.0,1.573518544435501,689.0569267272949,1000.0,1.3688884666189551,684.3041191101074,1000.0,1.4920319328084588
4718592,704.1424298286438,1000.0,1.448504664003849,691.9955587387085,1000.0,1.3386232145130634,692.687961101532,1000.0,1.4815030694007874,680.8913564682007,1000.0,1.3150849714875221
4849664,703.0567078590393,1000.0,1.4610626958310604,691.4956784248352,1000.0,1.4790183883160353,692.7110543251038,1000.0,1.5367758721113205,681.7378454208374,1000.0,1.3413074612617493
4980736,704.010293006897,1000.0,1.3324665427207947,693.2829537391663,1000.0,1.5812514945864677,692.3399085998535,1000.0,1.3575160168111324,684.6728444099426,1000.0,1.3493525423109531
5111808,702.1328191757202,1000.0,1.302612416446209,695.1097092628479,1000.0,1.336090911179781,692.8353424072266,1000.0,1.4138412699103355,684.3201951980591,1000.0,1.2716639004647732
5242880,701.6405816078186,1000.0,1.4301762580871582,693.7242693901062,1000.0,1.3373926524072886,686.1510634422302,1000.0,1.273397160694003,682.3247318267822,1000.0,1.2852912861853838
5373952,701.2388834953308,1000.0,1.6124203652143478,694.0141105651855,1000.0,1.477251809090376,683.5305423736572,1000.0,1.3666875595226884,680.487557888031,1000.0,1.2829743102192879
5505024,701.3790416717529,1000.0,1.2768523395061493,695.8973736763,1000.0,1.4424233809113503,683.5966486930847,1000.0,1.2991945771500468,682.7737040519714,1000.0,1.5288287214934826
5636096,702.8673782348633,1000.0,1.367239666171372,693.5671877861023,1000.0,1.5540018808096647,684.7551956176758,1000.0,1.4387138113379478,683.587884426117,1000.0,1.3439323417842388
5767168,701.8338532447815,1000.0,1.4485325329005718,693.4961333274841,1000.0,1.3428409583866596,679.8363275527954,1000.0,1.3018990568816662,684.0477066040039,1000.0,1.3002658933401108
5898240,701.6815552711487,1000.0,1.4300104705616832,693.1991500854492,1000.0,1.7797154560685158,677.8541865348816,1000.0,1.32673560641706,686.214231967926,1000.0,1.3703480139374733
6029312,702.8462581634521,1000.0,1.5299084186553955,691.0306730270386,1000.0,1.2667011599987745,674.8415775299072,1000.0,1.3812554217875004,688.3122096061707,1000.0,1.530121237039566
6160384,703.3536148071289,1000.0,1.5050591453909874,690.6883459091187,1000.0,1.4639373570680618,673.7433128356934,1000.0,1.29814537987113,690.8789391517639,1000.0,1.3782626539468765
6291456,703.5566449165344,1000.0,1.479612734168768,692.1515002250671,1000.0,1.2966591715812683,674.9034638404846,1000.0,1.430836509913206,695.3237619400024,1000.0,1.405771978199482
6422528,703.3069577217102,1000.0,1.5410542339086533,689.3396844863892,1000.0,1.335366327315569,679.4483294487,1000.0,1.3150481507182121,693.9315328598022,1000.0,1.2593001201748848
6553600,702.0248970985413,1000.0,1.5286100283265114,690.0415515899658,1000.0,1.0637342873960733,682.0886664390564,1000.0,1.1742755249142647,694.8304715156555,1000.0,1.394429910928011
6684672,703.443868637085,1000.0,1.5338756628334522,689.6926765441895,1000.0,1.3658172935247421,686.444390296936,1000.0,1.2562526795081794,694.3416233062744,1000.0,1.2724261209368706
6815744,703.0303082466125,1000.0,1.5648130849003792,690.0732645988464,1000.0,1.473831683397293,686.9801177978516,1000.0,1.3436622098088264,696.4483375549316,1000.0,1.638227492570877
6946816,701.5124564170837,1000.0,1.074409008026123,691.7507724761963,1000.0,1.4492894224822521,689.3701148033142,1000.0,1.430927999317646,697.7080850601196,1000.0,1.4860250502824783
7077888,700.3724184036255,1000.0,1.5366923939436674,694.4387640953064,1000.0,1.3268011957406998,693.6347646713257,1000.0,1.2996236504986882,695.7844252586365,1000.0,1.4009600281715393
7208960,699.8043437004089,1000.0,1.4219724833965302,695.02108335495,1000.0,1.4814275540411472,691.8607468605042,1000.0,1.5983667317777872,695.5187392234802,1000.0,1.721455879509449
7340032,694.6144089698792,1000.0,1.1971286684274673,694.2467002868652,1000.0,1.4832366649061441,692.8675022125244,1000.0,1.4609495531767607,697.159336566925,1000.0,1.6460672542452812
7471104,693.7003569602966,1000.0,1.4273819625377655,689.6873364448547,1000.0,1.5232102922163904,693.8288140296936,1000.0,1.406309586018324,695.6872944831848,1000.0,1.5170597769320011
7602176,693.6397519111633,1000.0,1.4056341238319874,690.5424818992615,1000.0,1.3876724150031805,693.0173592567444,1000.0,1.3512553460896015,694.2561283111572,1000.0,1.5353001654148102
7733248,693.6485552787781,1000.0,1.538529397919774,690.1670265197754,1000.0,1.3981776610016823,697.8878297805786,1000.0,1.33442329056561,693.2854080200195,1000.0,1.4144653528928757
7864320,697.749593257904,1000.0,1.5196243114769459,689.5437235832214,1000.0,1.33237823843956,698.0425705909729,1000.0,1.4680405650287867,692.4190263748169,1000.0,1.521227728575468
7995392,697.6154594421387,1000.0,1.5822206884622574,689.5940403938293,1000.0,1.4919123705476522,699.0883483886719,1000.0,1.5796252507716417,693.2428755760193,1000.0,1.24803851172328
8126464,700.065493106842,1000.0,1.4128847774118185,686.630081653595,1000.0,1.5569827556610107,697.9998426437378,1000.0,1.3282334692776203,683.0936880111694,1000.0,1.187709154561162
8257536,701.8319134712219,1000.0,1.4554955810308456,691.1815538406372,1000.0,1.474476020783186,699.7405285835266,1000.0,1.671074591577053,686.5116415023804,1000.0,1.287406250834465
8388608,699.9287576675415,1000.0,1.5069143883883953,691.8991017341614,1000.0,1.5151611864566803,700.0217332839966,1000.0,1.492720897309482,687.806149482727,1000.0,1.332416370511055
8519680,701.9777684211731,1000.0,1.4709854498505592,694.9376330375671,1000.0,1.4749370273202658,701.7537832260132,1000.0,1.5284684617072344,687.1734957695007,1000.0,1.452506110072136
8650752,702.4467673301697,1000.0,1.5234279036521912,694.330687046051,1000.0,1.4902019761502743,703.1994562149048,1000.0,1.5002700164914131,690.8705224990845,1000.0,1.5270154625177383
8781824,702.5658574104309,1000.0,1.4910711664706469,694.0720167160034,1000.0,1.3277492076158524,703.578426361084,1000.0,1.6631407514214516,690.5274662971497,1000.0,1.4750757776200771
8912896,702.0427188873291,1000.0,1.6782460175454617,691.7121119499207,1000.0,1.489205740392208,702.0116410255432,1000.0,1.4817671980708838,692.1416964530945,1000.0,1.3754527233541012
9043968,702.1663179397583,1000.0,1.589092574082315,693.7322978973389,1000.0,1.4898167299106717,699.5254874229431,1000.0,1.3948975652456284,694.631950378418,1000.0,1.5087913237512112
9175040,702.0626149177551,1000.0,1.463015466928482,694.2969279289246,1000.0,1.343348152935505,700.7184619903564,1000.0,1.3888337910175323,695.2641043663025,1000.0,1.490678571164608
9306112,701.4313859939575,1000.0,1.4854510352015495,695.3810315132141,1000.0,1.6406038701534271,699.9472560882568,1000.0,1.5403937213122845,696.8394522666931,1000.0,1.499089078977704
9437184,703.3048310279846,1000.0,1.7564178630709648,692.9197807312012,1000.0,1.494542445987463,697.6453742980957,1000.0,1.6443885266780853,696.193678855896,1000.0,1.3858034256845713
9568256,703.7844820022583,1000.0,1.5000840164721012,697.3800230026245,1000.0,1.5044376403093338,700.5212693214417,1000.0,1.548244409263134,700.9738807678223,1000.0,1.2345292195677757
9699328,701.7913928031921,1000.0,1.2733391765505075,696.6722497940063,1000.0,1.571306824684143,699.8787922859192,1000.0,1.3383983373641968,701.0946497917175,1000.0,1.5888487622141838
9830400,702.7142987251282,1000.0,1.536778219975531,697.2789311408997,1000.0,1.483895543962717,700.2925262451172,1000.0,1.3530954271554947,700.2966055870056,1000.0,1.7243831381201744
9961472,703.246823310852,1000.0,1.6354100070893764,696.4805722236633,1000.0,1.5116076599806547,703.7781915664673,1000.0,1.5838705003261566,700.3243165016174,1000.0,1.4734458550810814
10092544,697.7832198143005,1000.0,1.4164828956127167,697.9762024879456,1000.0,1.7532678171992302,702.8677306175232,1000.0,1.3873578365892172,702.0612874031067,1000.0,1.476484788581729
10223616,696.7386083602905,1000.0,1.3776663839817047,699.6456813812256,1000.0,1.5302428603172302,700.1851043701172,1000.0,1.5888079339638352,701.6275725364685,1000.0,1.3643853850662708
10354688,699.5885009765625,1000.0,1.4791221991181374,695.7642154693604,1000.0,1.3478539688512683,699.6044397354126,1000.0,1.5302125066518784,701.2087020874023,1000.0,1.4307513236999512
10485760,700.1203427314758,1000.0,1.368132770061493,697.925290107727,1000.0,1.52433842420578,699.1942639350891,1000.0,1.3287437856197357,697.1751675605774,1000.0,1.3014625012874603
10616832,698.1198964118958,1000.0,1.4338121972978115,695.1768255233765,1000.0,1.2114931493997574,698.67138671875,1000.0,1.419278271496296,694.3182048797607,1000.0,1.6542611196637154
10747904,694.6227993965149,1000.0,1.4661341663450003,696.4296660423279,1000.0,1.482254907488823,701.0867857933044,1000.0,1.3509626341983676,692.84295129776,1000.0,1.5855935523286462
10878976,697.662248134613,1000.0,1.5980930030345917,697.3629293441772,1000.0,1.6240941919386387,697.1627497673035,1000.0,1.6335427351295948,692.3306460380554,1000.0,1.555333926808089
11010048,697.4590253829956,1000.0,1.6287844330072403,694.3611254692078,1000.0,1.421337828040123,693.9929828643799,1000.0,1.4206293765455484,691.5930051803589,1000.0,1.4965453296899796
11141120,702.5288019180298,1000.0,1.4902896285057068,695.8167366981506,1000.0,1.4074392467737198,691.5814771652222,1000.0,1.4598607420921326,695.6584329605103,1000.0,1.4245720654726028
11272192,701.7696423530579,1000.0,1.1780305616557598,695.5410895347595,1000.0,1.452913822606206,693.275007724762,1000.0,1.3448173254728317,693.5012111663818,1000.0,1.4870501980185509
11403264,704.2553300857544,1000.0,1.3737833546474576,695.8465933799744,1000.0,1.5474033141508698,692.0201387405396,1000.0,1.5057237595319748,691.6513481140137,1000.0,1.6931622847914696
11534336,703.8626027107239,1000.0,1.4124240353703499,695.143985748291,1000.0,1.4368523368611932,691.7598295211792,1000.0,1.6808552462607622,687.7621936798096,1000.0,1.4515366703271866
11665408,703.8383417129517,1000.0,1.6805013865232468,696.6853837966919,1000.0,1.3497920595109463,688.0133867263794,1000.0,1.4062343686819077,680.9334349632263,1000.0,1.190067395567894
11796480,704.1403074264526,1000.0,1.5329798832535744,694.8118839263916,1000.0,1.6673076311126351,693.7308778762817,1000.0,1.4042026326060295,678.4946894645691,1000.0,1.330609768629074
11927552,701.0579872131348,1000.0,1.471471056342125,691.8851871490479,1000.0,1.3946315497159958,690.1136512756348,1000.0,1.3613521233201027,678.7185349464417,1000.0,1.6764018535614014
12058624,700.7034606933594,1000.0,1.4831625521183014,690.8501644134521,1000.0,1.3327297568321228,691.6321587562561,1000.0,1.4272386282682419,681.152440071106,1000.0,1.6357987970113754
12189696,697.3837351799011,1000.0,1.5186531767249107,689.1010985374451,1000.0,1.6550487354397774,690.6133599281311,1000.0,1.301118191331625,681.746497631073,1000.0,1.4311923733912408
12320768,698.4751410484314,1000.0,1.2652913630008698,692.4766864776611,1000.0,1.2341871671378613,691.7335724830627,1000.0,1.5229235738515854,679.1620178222656,1000.0,1.3269413623493165
12451840,697.4581894874573,1000.0,1.5875658355653286,691.4873566627502,1000.0,1.3650670945644379,695.4015522003174,1000.0,1.3550620451569557,678.9417123794556,1000.0,1.2259462755173445
12582912,695.3363733291626,1000.0,1.4062785170972347,693.7589964866638,1000.0,1.2487181723117828,694.3811507225037,1000.0,1.4176184246316552,679.3696780204773,1000.0,1.5062296241521835
12713984,698.1280174255371,1000.0,1.2792899552732706,692.7815895080566,1000.0,1.4373691082000732,692.8064785003662,1000.0,1.4051014315336943,682.6755509376526,1000.0,1.4648027177900076
12845056,699.1120643615723,1000.0,1.4326533526182175,693.8060173988342,1000.0,1.5084153711795807,691.3685622215271,1000.0,1.328514102846384,684.6741471290588,1000.0,1.352087453007698
12976128,699.5351748466492,1000.0,1.3696722239255905,695.6039819717407,1000.0,1.4375966698862612,693.852240562439,1000.0,1.4882634244859219,684.7976884841919,1000.0,1.1125270277261734
13107200,697.7246160507202,1000.0,1.3193991929292679,695.4819407463074,1000.0,1.791444819420576,695.2852349281311,1000.0,1.5461753085255623,684.2358841896057,1000.0,1.4199272822588682
13238272,698.0988101959229,1000.0,1.5459971874952316,696.7963228225708,1000.0,1.3770181238651276,692.8155970573425,1000.0,1.2806565538048744,687.1851277351379,1000.0,1.4545953199267387
13369344,697.3086447715759,1000.0,1.4720020145177841,694.8299822807312,1000.0,1.477377213537693,695.3425092697144,1000.0,1.6175981387495995,687.6826453208923,1000.0,1.354501124471426
13500416,696.673330783844,1000.0,1.3288187198340893,691.832923412323,1000.0,1.1828135885298252,695.0314192771912,1000.0,1.4531762152910233,685.736786365509,1000.0,1.4046914111822844
13631488,700.0162963867188,1000.0,1.682727187871933,690.1612772941589,1000.0,1.265438735485077,694.8300490379333,1000.0,1.3848011251538992,685.5818672180176,1000.0,1.586238401941955
13762560,697.6727566719055,1000.0,1.5131829949095845,693.4856586456299,1000.0,1.2725907862186432,692.7707576751709,1000.0,1.477544829249382,682.7236328125,1000.0,1.5129320845007896
13893632,696.2656798362732,1000.0,1.4329781010746956,689.5315766334534,1000.0,1.351963460445404,696.901041507721,1000.0,1.5626324489712715,685.1685633659363,1000.0,1.2934711426496506
14024704,697.1258497238159,1000.0,1.4165916740894318,694.3812890052795,1000.0,1.3864119686186314,698.4461603164673,1000.0,1.3817909508943558,684.4267706871033,1000.0,1.45856274664402
14155776,694.6175036430359,1000.0,1.4041872583329678,693.3696174621582,1000.0,1.3693029806017876,700.1669688224792,1000.0,1.605967266485095,683.0529346466064,1000.0,1.3312222696840763
14286848,695.5325961112976,1000.0,1.3498653694987297,694.5223636627197,1000.0,1.5043901074677706,699.1424913406372,1000.0,1.6777023375034332,684.7950067520142,1000.0,1.338245153427124
14417920,694.1276025772095,1000.0,1.3962150625884533,696.846116065979,1000.0,1.3239470981061459,699.2043418884277,1000.0,1.306481946259737,684.0138301849365,1000.0,1.3537565469741821
14548992,694.4406981468201,1000.0,1.5292125940322876,697.4579977989197,1000.0,1.537329763174057,698.1389408111572,1000.0,1.5403958400711417,686.8784976005554,1000.0,1.5374120399355888
14680064,694.124472618103,1000.0,1.3022260293364525,697.3416585922241,1000.0,1.4128305045887828,698.3519887924194,1000.0,1.4322730600833893,687.3530807495117,1000.0,1.4198262691497803
14811136,692.0953187942505,1000.0,1.7345014363527298,694.187530040741,1000.0,1.612757682800293,695.6031131744385,1000.0,1.4805615171790123,686.5695614814758,1000.0,1.392606656998396
14942208,691.9951100349426,1000.0,1.383085623383522,694.3741517066956,1000.0,1.4658885141834617,694.8811421394348,1000.0,1.388347763568163,688.2378520965576,1000.0,1.3274940494447947
15073280,695.2412595748901,1000.0,1.3746519219130278,697.246904373169,1000.0,1.309827759861946,694.917884349823,1000.0,1.5770943630486727,689.1953711509705,1000.0,1.1922664977610111
15204352,694.592041015625,1000.0,1.435270793735981,693.5896587371826,1000.0,1.3017066270112991,693.184741973877,1000.0,1.383904634974897,688.3173265457153,1000.0,1.4279854893684387
15335424,694.6182246208191,1000.0,1.2867673514410853,695.344970703125,1000.0,1.5864185653626919,695.0858092308044,1000.0,1.38301145657897,687.28631067276,1000.0,1.2624189630150795
15466496,697.1506657600403,1000.0,1.4475551430368796,692.5934886932373,1000.0,1.3389185965061188,687.8591685295105,1000.0,1.365719212219119,686.7597079277039,1000.0,1.3776045580161735
15597568,695.8108329772949,1000.0,1.2705660723149776,691.5654449462891,1000.0,1.449112300761044,690.2156620025635,1000.0,1.6056457981467247,686.6842651367188,1000.0,1.2200750596821308
15728640,698.0351719856262,1000.0,1.312732357531786,691.6128759384155,1000.0,1.335004604421556,691.260570526123,1000.0,1.2438058480620384,683.8466877937317,1000.0,1.2694694846868515
15859712,697.7804689407349,1000.0,1.324845819734037,692.8812341690063,1000.0,1.5594401210546494,691.4249267578125,1000.0,1.55979192443192,683.8542957305908,1000.0,1.225330169312656
15990784,697.4543299674988,1000.0,1.570607677102089,693.7835602760315,1000.0,1.442187286913395,690.3223905563354,1000.0,1.33391641266644,689.8184380531311,1000.0,1.357627734541893
16121856,696.4314932823181,1000.0,1.4274326637387276,692.5161776542664,1000.0,1.5456374436616898,686.6713538169861,1000.0,1.4060080144554377,687.7512726783752,1000.0,1.2778157461434603
16252928,696.2360038757324,1000.0,1.6248707585036755,692.9587144851685,1000.0,1.4633663222193718,691.7991147041321,1000.0,1.3564196527004242,688.6812324523926,1000.0,1.267392935231328
16384000,694.3706984519958,1000.0,1.526163388043642,693.6751275062561,1000.0,1.4116810206323862,694.4067630767822,1000.0,1.396693293005228,687.807710647583,1000.0,1.2887680884450674
16515072,695.5659985542297,1000.0,1.3308876007795334,693.4985156059265,1000.0,1.4911945955827832,694.6232995986938,1000.0,1.3663346618413925,688.8424587249756,1000.0,1.4949762113392353
16646144,694.1159029006958,1000.0,1.5923414900898933,694.4918508529663,1000.0,1.4743050634860992,692.705442905426,1000.0,1.4337380155920982,688.7025761604309,1000.0,1.4958075284957886
16777216,695.5342345237732,1000.0,1.3104535080492496,693.8561029434204,1000.0,1.4784707576036453,692.21231508255,1000.0,1.3222400788217783,692.4533557891846,1000.0,1.5939782299101353
16908288,693.6668319702148,1000.0,1.1234859228134155,694.4545578956604,1000.0,1.378957249224186,693.4184575080872,1000.0,1.201955433934927,691.3292603492737,1000.0,1.4954266846179962
17039360,694.2331314086914,1000.0,1.4597983807325363,695.3592877388,1000.0,1.4058471582829952,694.7190375328064,1000.0,1.4600745774805546,691.4612560272217,1000.0,1.5977319702506065
17170432,693.0733428001404,1000.0,1.3911917135119438,695.5753736495972,1000.0,1.4578119218349457,695.4104537963867,1000.0,1.327038373798132,690.6923923492432,1000.0,1.2612970173358917
17301504,693.2133283615112,1000.0,1.5706690698862076,694.0926036834717,1000.0,1.5167645066976547,695.1785778999329,1000.0,1.2817303240299225,691.0802969932556,1000.0,1.4771356396377087
17432576,693.4732117652893,1000.0,1.4991894140839577,694.6161408424377,1000.0,1.445074716815725,694.4822268486023,1000.0,1.3549738563597202,691.9683194160461,1000.0,1.7042195051908493
17563648,692.2864136695862,1000.0,1.5773859918117523,693.8826293945312,1000.0,1.4194444119930267,694.4836931228638,1000.0,1.4911786876618862,691.0852541923523,1000.0,1.5782550871372223
17694720,692.2661776542664,1000.0,1.4009443959221244,690.9255537986755,1000.0,1.5456842705607414,694.3052606582642,1000.0,1.2456596903502941,689.9670300483704,1000.0,1.2860815152525902
17825792,693.3980755805969,1000.0,1.4579967828467488,694.5724749565125,1000.0,1.6302345488220453,690.8154993057251,1000.0,1.376086000353098,691.9373998641968,1000.0,1.3664079159498215
17956864,695.2349166870117,1000.0,1.328051581978798,696.1389145851135,1000.0,1.770889863371849,691.7059326171875,1000.0,1.3263603895902634,692.2704091072083,1000.0,1.3815713822841644
18087936,691.0828132629395,1000.0,1.5891523770987988,698.1698846817017,1000.0,1.4026857856661081,693.3596210479736,1000.0,1.3012976460158825,692.8214492797852,1000.0,1.3603863585740328
18219008,692.2172746658325,1000.0,1.3899967446923256,694.6544408798218,1000.0,1.406935638282448,692.4978384971619,1000.0,1.4790003150701523,691.305091381073,1000.0,1.387064341455698
18350080,696.2335505485535,1000.0,1.3226067870855331,696.2630529403687,1000.0,1.4268275275826454,689.3114056587219,1000.0,1.2247956208884716,691.1540575027466,1000.0,1.686392366886139
18481152,695.1918559074402,1000.0,1.3303707502782345,696.7423367500305,1000.0,1.2913731634616852,692.6536483764648,1000.0,1.4668636862188578,691.0807485580444,1000.0,1.5848403461277485
18612224,696.486768245697,1000.0,1.509783435612917,701.3276543617249,1000.0,1.427054449915886,691.1601705551147,1000.0,1.362860269844532,693.9256882667542,1000.0,1.4159450009465218
18743296,692.7953310012817,1000.0,1.341227475553751,698.6907844543457,1000.0,1.3737113233655691,693.3351621627808,1000.0,1.4750804398208857,693.5499424934387,1000.0,1.4218006134033203
18874368,690.8448672294617,1000.0,1.3589097559452057,695.7629675865173,1000.0,1.4636820340529084,694.9650511741638,1000.0,1.5211368054151535,691.5936937332153,1000.0,1.327630415558815
19005440,694.1671099662781,1000.0,1.5140681266784668,694.3512907028198,1000.0,1.4553728313185275,694.0698165893555,1000.0,1.4153523817658424,692.1227674484253,1000.0,1.1346761547029018
19136512,693.1917490959167,1000.0,1.2801671903580427,694.6691246032715,1000.0,1.4579607602208853,693.2381739616394,1000.0,1.6066959048621356,691.7548027038574,1000.0,1.304449810180813
19267584,691.097104549408,1000.0,1.4568853750824928,693.0926947593689,1000.0,1.352472573518753,692.5804810523987,1000.0,1.5394200310111046,689.4276576042175,1000.0,1.3068568473681808
19398656,690.2491316795349,1000.0,1.537057600915432,694.8827533721924,1000.0,1.578449074178934,693.1736078262329,1000.0,1.5342386439442635,687.5267019271851,1000.0,1.4456098675727844
19529728,689.0796041488647,1000.0,1.2658050889149308,693.196524143219,1000.0,1.3291166201233864,693.7123174667358,1000.0,1.5062117483466864,688.7303252220154,1000.0,1.3468638584017754
19660800,688.9262886047363,1000.0,1.3311556056141853,693.7302689552307,1000.0,1.2806712239980698,691.7670545578003,1000.0,1.3268928891047835,686.446457862854,1000.0,1.4959373311139643
19791872,686.2597818374634,1000.0,1.469810325652361,695.0879139900208,1000.0,1.340426686219871,694.8892979621887,1000.0,1.5000882702879608,686.6769800186157,1000.0,1.5803870558738708
19922944,686.2805314064026,1000.0,1.4335260838270187,694.8705682754517,1000.0,1.605030331760645,691.4654111862183,1000.0,1.3976858146488667,685.4016499519348,1000.0,1.3827827647328377
20054016,685.6942710876465,1000.0,1.3503614570945501,697.2895727157593,1000.0,1.257467701798305,689.8104391098022,1000.0,1.487639643251896,684.2919425964355,1000.0,1.1569414734840393
20185088,686.9782176017761,1000.0,1.4882745258510113,696.3949947357178,1000.0,1.5790095888078213,690.7628436088562,1000.0,1.4851928427815437,683.7693886756897,1000.0,1.5077372351661325
20316160,686.9909391403198,1000.0,1.2565796673297882,693.4985284805298,1000.0,1.385356243699789,690.5421476364136,1000.0,1.4594276994466782,683.8967385292053,1000.0,1.5024395361542702
20447232,687.2621145248413,1000.0,1.3617690615355968,693.6731095314026,1000.0,1.3517927378416061,690.8109068870544,1000.0,1.53002505376935,682.9250574111938,1000.0,1.5774618200957775
20578304,685.1409492492676,1000.0,1.4290257450193167,695.3047776222229,1000.0,1.4063029140233994,693.9748921394348,1000.0,1.2856409661471844,686.0447282791138,1000.0,1.4000519048422575
20709376,687.5738887786865,1000.0,1.2935005500912666,699.5361518859863,1000.0,1.7337405309081078,694.0160412788391,1000.0,1.6144149247556925,688.4662818908691,1000.0,1.4597552791237831
20840448,689.324460029602,1000.0,1.573116990737617,698.0883731842041,1000.0,1.4050917439162731,692.9157638549805,1000.0,1.242348462343216,685.9903745651245,1000.0,1.3441707417368889
20971520,686.775972366333,1000.0,1.2808172702789307,697.7261567115784,1000.0,1.5809220904484391,693.9926466941833,1000.0,1.5798202380537987,687.5468564033508,1000.0,1.4979682266712189
21102592,688.6291275024414,1000.0,1.4396398812532425,696.8603782653809,1000.0,1.4577341079711914,695.6606378555298,1000.0,1.470283592119813,690.0569415092468,1000.0,1.3974991794675589
21233664,689.0231280326843,1000.0,1.417546171694994,697.9405059814453,1000.0,1.5174175798892975,695.7328081130981,1000.0,1.5717043653130531,689.3759107589722,1000.0,1.268564485013485
21364736,686.6890735626221,1000.0,1.3164416179060936,697.5632977485657,1000.0,1.5652048587799072,693.6726293563843,1000.0,1.5104474611580372,687.8533959388733,1000.0,1.2939803153276443
21495808,687.3415379524231,1000.0,1.4781590104103088,697.4243369102478,1000.0,1.3200576268136501,696.6348195075989,1000.0,1.6189450342208147,688.2830152511597,1000.0,1.5449140295386314
21626880,685.7583112716675,1000.0,1.3781900703907013,696.6661396026611,1000.0,1.6772573632188141,693.3330769538879,1000.0,1.6181844919919968,688.2287240028381,1000.0,1.4469681959599257
21757952,685.9132080078125,1000.0,1.1854874603450298,698.300714969635,1000.0,1.3741968050599098,692.7088737487793,1000.0,1.5408374965190887,688.3554615974426,1000.0,1.3173105791211128
21889024,685.882158279419,1000.0,1.3105269968509674,697.2386026382446,1000.0,1.5191496014595032,692.5681233406067,1000.0,1.3453582767397165,688.1855001449585,1000.0,1.509069599211216
22020096,684.434079170227,1000.0,1.5388986766338348,698.8666739463806,1000.0,1.396044909954071,692.446017742157,1000.0,1.4027498234063387,689.5608344078064,1000.0,1.5429780930280685
22151168,682.828920841217,1000.0,1.3398015201091766,701.3135871887207,1000.0,1.5050053847953677,689.7793292999268,1000.0,1.4024668261408806,687.3807625770569,1000.0,1.4279790967702866
22282240,683.7963519096375,1000.0,1.4745823345147073,701.3815183639526,1000.0,1.3035702109336853,691.4181690216064,1000.0,1.4812867902219296,689.3874201774597,1000.0,1.3995934911072254
22413312,683.1885209083557,1000.0,1.702302236109972,701.3688364028931,1000.0,1.6185537744313478,688.4023795127869,1000.0,1.492664691992104,686.7824831008911,1000.0,1.4371435642242432
22544384,684.4360089302063,1000.0,1.4984822645783424,702.3880825042725,1000.0,1.3752636909484863,688.143443107605,1000.0,1.2782301418483257,685.4288096427917,1000.0,1.4101046978030354
22675456,680.3328323364258,1000.0,1.4443795308470726,702.0598831176758,1000.0,1.3360432647168636,688.1461157798767,1000.0,1.371229562908411,687.2370629310608,1000.0,1.4957547336816788
22806528,679.7672562599182,1000.0,1.6622675657272339,701.7004714012146,1000.0,1.5481730997562408,687.4457263946533,1000.0,1.4263012260198593,688.6389436721802,1000.0,1.2958385646343231
22937600,682.0801281929016,1000.0,1.3725595772266388,701.9292507171631,1000.0,1.229103540070355,688.4846062660217,1000.0,1.4861246794462204,686.2129850387573,1000.0,1.498648002743721
23068672,680.59956407547,1000.0,1.242908999323845,700.5095648765564,1000.0,1.627748504281044,691.2743520736694,1000.0,1.4512040577828884,683.4438920021057,1000.0,1.3673537261784077
23199744,679.0362749099731,1000.0,1.4905070373788476,700.8657078742981,1000.0,1.651039500720799,690.7236166000366,1000.0,1.3998258411884308,683.282552242279,1000.0,1.5525928437709808
23330816,681.5884251594543,1000.0,1.2991963429376483,701.0293488502502,1000.0,1.3806298896670341,691.9874539375305,1000.0,1.2629585787653923,682.1876645088196,1000.0,1.398816742002964
23461888,683.1982765197754,1000.0,1.210470363497734,697.6338658332825,1000.0,1.4271077113226056,691.47141456604,1000.0,1.512180432677269,684.1736326217651,1000.0,1.6165203005075455
23592960,685.7556829452515,1000.0,1.38796616345644,699.256185054779,1000.0,1.3034835904836655,696.3328928947449,1000.0,1.4815166108310223,685.0872535705566,1000.0,1.3094904944300652
23724032,683.6540842056274,1000.0,1.5257429461926222,699.9288001060486,1000.0,1.5564429610967636,695.3717994689941,1000.0,1.6749024912714958,689.9178290367126,1000.0,1.5020328648388386
23855104,685.4782056808472,1000.0,1.4695847779512405,700.2015085220337,1000.0,1.5799547508358955,695.7805428504944,1000.0,1.4139374159276485,693.4600186347961,1000.0,1.6100948471575975
23986176,684.9478025436401,1000.0,1.3021050998941064,703.5601992607117,1000.0,1.4524856880307198,693.551766872406,1000.0,1.363972958177328,691.0836420059204,1000.0,1.3965491615235806
24117248,686.3104810714722,1000.0,1.2970501277595758,703.8778290748596,1000.0,1.6353948540054262,691.7052240371704,1000.0,1.516255110502243,689.4269771575928,1000.0,1.4670352078974247
24248320,686.4019436836243,1000.0,1.5078278481960297,704.1791062355042,1000.0,1.581487588584423,694.7227191925049,1000.0,1.2567118033766747,688.2627091407776,1000.0,1.3895232416689396
24379392,686.9886870384216,1000.0,1.2808936387300491,700.998857498169,1000.0,1.9347399175167084,694.1344957351685,1000.0,1.507974050939083,686.0472345352173,1000.0,1.2415907476097345
24510464,686.9533705711365,1000.0,1.3988743666559458,701.6299257278442,1000.0,1.5195801854133606,694.5645689964294,1000.0,1.490829586982727,686.2372913360596,1000.0,1.2726834118366241
24641536,686.8611040115356,1000.0,1.3035524040460587,702.9165654182434,1000.0,1.383333295583725,694.2342586517334,1000.0,1.5190362371504307,686.5786728858948,1000.0,1.6508758589625359
24772608,684.3859648704529,1000.0,1.2785342317074537,703.4497494697571,1000.0,1.2999563161283731,694.2070112228394,1000.0,1.380616083741188,683.6882810592651,1000.0,1.3359908014535904
24903680,683.3318367004395,1000.0,1.3799186199903488,702.8740043640137,1000.0,1.7218248099088669,693.2014298439026,1000.0,1.2618417143821716,684.0369119644165,1000.0,1.410911988466978
25034752,682.5119757652283,1000.0,1.4374787658452988,703.8219838142395,1000.0,1.7663943693041801,695.8383340835571,1000.0,1.4171859174966812,685.4671111106873,1000.0,1.5108139961957932
25165824,680.8427567481995,1000.0,1.2985077761113644,701.6427726745605,1000.0,1.614495426416397,693.640070438385,1000.0,1.4698092229664326,683.7166457176208,1000.0,1.4939377307891846
25296896,683.0558347702026,1000.0,1.2766647301614285,700.2120056152344,1000.0,1.6164806596934795,695.0647559165955,1000.0,1.180031854659319,684.0329899787903,1000.0,1.4320350512862206
25427968,681.8266763687134,1000.0,1.366062508430332,703.7883505821228,1000.0,1.9217610657215118,697.9289555549622,1000.0,1.2054400891065598,684.9370684623718,1000.0,1.5393806844949722
25559040,682.7543649673462,1000.0,1.4357645809650421,703.1419043540955,1000.0,1.5350178331136703,698.4481282234192,1000.0,1.4436293616890907,687.089207649231,1000.0,1.503363125026226
25690112,683.986204624176,1000.0,1.3147611552849412,703.4916229248047,1000.0,1.465294748544693,697.8849730491638,1000.0,1.6499675996601582,686.7292385101318,1000.0,1.24207703769207
25821184,682.5923810005188,1000.0,1.4952752441167831,703.3272666931152,1000.0,1.3396757431328297,694.2612776756287,1000.0,1.5443160808645189,687.5675225257874,1000.0,1.4852534234523773
25952256,681.4028415679932,1000.0,1.3543353602290154,701.0385460853577,1000.0,1.5139337815344334,694.8942685127258,1000.0,1.3941209465265274,684.8730216026306,1000.0,1.325925431214273
26083328,680.787652015686,1000.0,1.4159689042717218,700.9418954849243,1000.0,1.3962359009310603,693.6471796035767,1000.0,1.3417960554361343,687.2647070884705,1000.0,1.376160740852356
26214400,679.1083045005798,1000.0,1.530895097181201,699.3294672966003,1000.0,1.5240070968866348,695.4712843894958,1000.0,1.3543041702359915,686.0781064033508,1000.0,1.5368994902819395
26345472,676.3806796073914,1000.0,1.4918982461094856,699.707001209259,1000.0,1.5726382918655872,692.8664593696594,1000.0,1.405912708491087,687.6680288314819,1000.0,1.3461842685937881
26476544,678.2501044273376,1000.0,1.420952394604683,700.1595458984375,1000.0,1.8095532543957233,695.4730033874512,1000.0,1.3620107434689999,686.023904800415,1000.0,1.3635220546275377
26607616,674.1909618377686,1000.0,1.2466601319611073,696.1484618186951,1000.0,1.5234591905027628,694.3920965194702,1000.0,1.3665970712900162,683.568853855133,1000.0,1.3265620088204741
26738688,676.1428909301758,1000.0,1.3612478598952293,696.6216950416565,1000.0,1.2192857395857573,692.5060362815857,1000.0,1.6586200408637524,682.6033477783203,1000.0,1.3282460644841194
26869760,678.0660905838013,1000.0,1.4801445882767439,697.1231770515442,1000.0,1.4828278319910169,694.3069949150085,1000.0,1.3466365039348602,682.2735724449158,1000.0,1.293772216886282
27000832,676.178463935852,1000.0,1.3862167317420244,698.2245769500732,1000.0,1.5235124635510147,691.5984997749329,1000.0,1.2974693477153778,683.4356651306152,1000.0,1.5176613852381706
27131904,676.008581161499,1000.0,1.5396101595833898,698.6944093704224,1000.0,1.3756517148576677,693.4789800643921,1000.0,1.4134755097329617,686.0020418167114,1000.0,1.4573337882757187
27262976,676.496166229248,1000.0,1.42902272939682,699.9486718177795,1000.0,1.4992250185459852,691.0314059257507,1000.0,1.4400805681943893,683.8814945220947,1000.0,1.4025320885702968
27394048,673.3015880584717,1000.0,1.3262022901326418,697.1299271583557,1000.0,1.5025438386946917,689.2834811210632,1000.0,1.3480378165841103,681.9677658081055,1000.0,1.2043561190366745
27525120,675.1367383003235,1000.0,1.2578267455101013,700.4379725456238,1000.0,1.5708212181925774,689.5030426979065,1000.0,1.4580858573317528,684.2735543251038,1000.0,1.366587394848466
27656192,678.7055912017822,1000.0,1.286509558558464,700.4246439933777,1000.0,1.4968337416648865,687.8017559051514,1000.0,1.1801208555698395,684.9331007003784,1000.0,1.1987314950674772
27787264,674.901210308075,1000.0,1.2634501531720161,701.339907169342,1000.0,1.227324329316616,687.9115018844604,1000.0,1.568008080124855,685.014790058136,1000.0,1.437137521803379
27918336,676.6509609222412,1000.0,1.464984817430377,700.335934638977,1000.0,1.526743620634079,686.5112552642822,1000.0,1.3888985179364681,686.092809677124,1000.0,1.4507976546883583
28049408,677.1594233512878,1000.0,1.5150029137730598,700.652895450592,1000.0,1.4816883224993944,686.8614249229431,1000.0,1.5100345201790333,683.9078922271729,1000.0,1.455272302031517
28180480,675.4203248023987,1000.0,1.2427103519439697,699.401123046875,1000.0,1.3416532315313816,686.9089088439941,1000.0,1.4630936803296208,682.7368593215942,1000.0,1.3370731696486473
28311552,680.9652843475342,1000.0,1.2753564231097698,703.2542238235474,1000.0,1.4708157069981098,690.8330240249634,1000.0,1.4035410713404417,685.0013470649719,1000.0,1.4437998235225677
28442624,678.6694293022156,1000.0,1.4181397631764412,700.599461555481,1000.0,1.3623595293611288,689.1030960083008,1000.0,1.3147868551313877,684.0343661308289,1000.0,1.3464393354952335
28573696,679.7604031562805,1000.0,1.3416202254593372,699.8390727043152,1000.0,1.5842092484235764,689.5022377967834,1000.0,1.5057243024930358,683.1054620742798,1000.0,1.3784683421254158
28704768,683.1488928794861,1000.0,1.42982716858387,700.967981338501,1000.0,1.4010667651891708,688.5684242248535,1000.0,1.2884217649698257,684.7465853691101,1000.0,1.3340357840061188
28835840,681.5539412498474,1000.0,1.427935402840376,700.2172417640686,1000.0,1.53418861143291,688.0838027000427,1000.0,1.5519199147820473,681.4247059822083,1000.0,1.30045984685421
28966912,683.6634840965271,1000.0,1.3679663809016347,700.5631484985352,1000.0,1.44855584949255,688.877368927002,1000.0,1.3065424412488937,682.3267302513123,1000.0,1.5013561137020588
29097984,682.2704486846924,1000.0,1.3138181567192078,702.1250042915344,1000.0,1.4438418420031667,691.8199200630188,1000.0,1.5538750113919377,685.4374003410339,1000.0,1.605530470609665
29229056,680.446699142456,1000.0,1.4713399140164256,699.5156583786011,1000.0,1.4808478206396103,686.3191747665405,1000.0,1.5169784538447857,680.1492476463318,1000.0,1.2149482853710651
29360128,678.4319081306458,1000.0,1.3317549228668213,699.8832759857178,1000.0,1.5960263684391975,687.2640056610107,1000.0,1.3635814636945724,680.3623223304749,1000.0,1.2270476594567299
29491200,681.4245767593384,1000.0,1.741444050334394,701.8249287605286,1000.0,1.411241352558136,688.9512910842896,1000.0,1.4033865928649902,682.6166934967041,1000.0,1.282143048942089
29622272,681.9597973823547,1000.0,1.423537239432335,701.3510432243347,1000.0,1.4280107207596302,687.9391088485718,1000.0,1.4610454589128494,682.2812595367432,1000.0,1.2494650185108185
29753344,682.6422481536865,1000.0,1.2433410584926605,701.8700675964355,1000.0,1.391753125935793,683.8679609298706,1000.0,1.6456753443926573,680.1770944595337,1000.0,1.3025859910994768
29884416,684.8604855537415,1000.0,1.514002662152052,701.2173275947571,1000.0,1.5675998479127884,686.1471090316772,1000.0,1.5838858485221863,679.1593461036682,1000.0,1.390057884156704
30015488,684.1544971466064,1000.0,1.347024828195572,698.7821984291077,1000.0,1.3326198551803827,685.2957768440247,1000.0,1.1239515580236912,679.0740284919739,1000.0,1.3620110973715782
30146560,685.0074300765991,1000.0,1.4217462725937366,700.0067229270935,1000.0,1.4202350601553917,684.4484286308289,1000.0,1.3654679507017136,680.2142925262451,1000.0,1.1330939624458551
30277632,684.3376531600952,1000.0,1.3926815390586853,698.8339200019836,1000.0,1.4195849373936653,682.8374381065369,1000.0,1.6576427575200796,678.1968650817871,1000.0,1.2318820841610432
30408704,683.7286062240601,1000.0,1.4278591964393854,698.7638411521912,1000.0,1.307874906808138,681.5064940452576,1000.0,1.3613993655890226,677.8206305503845,1000.0,1.2964152968488634
30539776,683.2225713729858,1000.0,1.494162306189537,697.3995761871338,1000.0,1.4849022233393043,681.2907967567444,1000.0,1.2443622425198555,675.9362034797668,1000.0,1.333756785839796
30670848,680.6391077041626,1000.0,1.4040210284292698,698.3199257850647,1000.0,1.5824357978999615,683.3139796257019,1000.0,1.4360164999961853,675.2283310890198,1000.0,1.3516058390960097
30801920,679.4512414932251,1000.0,1.4446970969438553,699.6055221557617,1000.0,1.475421104580164,680.8994507789612,1000.0,1.4176947055384517,674.454511642456,1000.0,1.2237831447273493
30932992,681.5461854934692,1000.0,1.344029426574707,699.9661359786987,1000.0,1.513528011739254,682.9421458244324,1000.0,1.4784126672893763,670.9850869178772,1000.0,1.3237039055675268
31064064,681.6563749313354,1000.0,1.2435243017971516,702.0655598640442,1000.0,1.4458306580781937,680.2573947906494,1000.0,1.272146537899971,670.0191621780396,1000.0,1.3342561796307564
31195136,683.6852679252625,1000.0,1.4200372556224465,702.3079628944397,1000.0,1.497793359681964,681.3787322044373,1000.0,1.2731415554881096,674.124837398529,1000.0,1.5046932809054852
31326208,683.9579215049744,1000.0,1.2907222658395767,702.7924475669861,1000.0,1.5484221950173378,680.9279317855835,1000.0,1.182138368487358,674.4228973388672,1000.0,1.3754566218703985
31457280,682.6988792419434,1000.0,1.2449263148009777,701.3263721466064,1000.0,1.5573390275239944,680.208508014679,1000.0,1.477508470416069,675.7536706924438,1000.0,1.3481897711753845
31588352,683.4021844863892,1000.0,1.4384867250919342,700.3942160606384,1000.0,1.5087790004909039,680.6374893188477,1000.0,1.4344419725239277,676.50657081604,1000.0,1.2934013437479734
31719424,686.7853617668152,1000.0,1.4708820786327124,704.498797416687,1000.0,1.5021716728806496,684.7969989776611,1000.0,1.3629834912717342,679.7221875190735,1000.0,1.3387725055217743
31850496,684.3205099105835,1000.0,1.2283400818705559,702.9266748428345,1000.0,1.3302974626421928,681.2040567398071,1000.0,1.3617567606270313,676.5392870903015,1000.0,1.392689060419798
31981568,680.2438721656799,1000.0,1.460796189494431,700.3681015968323,1000.0,1.5238330885767937,681.9987149238586,1000.0,1.5684820711612701,674.4908123016357,1000.0,1.3485973998904228
32112640,682.9233164787292,1000.0,1.4066523276269436,698.1404404640198,1000.0,1.5525265373289585,678.7467012405396,1000.0,1.3480005711317062,674.0397253036499,1000.0,1.2476838454604149
32243712,680.5826749801636,1000.0,1.395265937782824,697.1509199142456,1000.0,1.4278413131833076,680.248254776001,1000.0,1.3845890909433365,671.3971724510193,1000.0,1.3380884900689125
32374784,681.1369118690491,1000.0,1.7340915948152542,698.0742373466492,1000.0,1.4449732042849064,677.9783639907837,1000.0,1.26045361161232,673.4714159965515,1000.0,1.2922562398016453
32505856,679.2815308570862,1000.0,1.3601744025945663,696.9183716773987,1000.0,1.6158465780317783,677.1076936721802,1000.0,1.547984629869461,671.2954478263855,1000.0,1.2359900176525116
32636928,678.2132959365845,1000.0,1.2992187291383743,697.6015586853027,1000.0,1.582551578991115,679.0547771453857,1000.0,1.215034395456314,672.1754612922668,1000.0,1.4501026440411806
32768000,681.8482222557068,1000.0,1.288042158819735,697.8138384819031,1000.0,1.5439598429948092,679.9054374694824,1000.0,1.182941592298448,672.979199886322,1000.0,1.2951024770736694
32899072,681.497353553772,1000.0,1.3956991015002131,698.231053352356,1000.0,1.6684821993112564,679.0847120285034,1000.0,1.5011420752853155,673.4881110191345,1000.0,1.2990159019827843
33030144,682.2814393043518,1000.0,1.3667246997356415,697.4076819419861,1000.0,1.404414327815175,678.594069480896,1000.0,1.2322673797607422,674.4880714416504,1000.0,1.3281320184469223
33161216,682.4320449829102,1000.0,1.2709592655301094,698.1610522270203,1000.0,1.6004246287047863,678.5223188400269,1000.0,1.3634510007686913,671.8359217643738,1000.0,1.4511361978948116
33292288,682.0980973243713,1000.0,1.62089491635561,699.2800545692444,1000.0,1.4446478867903352,678.9590921401978,1000.0,1.559322364628315,673.0512762069702,1000.0,1.3428258514031768
33423360,680.995512008667,1000.0,1.4462902937084436,698.6107969284058,1000.0,1.5743312574923038,678.6209783554077,1000.0,1.4881045818328857,673.4898328781128,1000.0,1.212610237300396
33554432,681.2804265022278,1000.0,1.3362994343042374,698.9362916946411,1000.0,1.5514959525316954,677.3377223014832,1000.0,1.269395351409912,671.0131645202637,1000.0,1.3796229334548116
33685504,682.1270871162415,1000.0,1.343381479382515,699.5076642036438,1000.0,1.6049312641844153,680.6021180152893,1000.0,1.2780474834144115,673.5864305496216,1000.0,1.3009063322097063
33816576,679.8324227333069,1000.0,1.4237652057781816,699.1025528907776,1000.0,1.6414241790771484,682.2665615081787,1000.0,1.3860170829575509,671.5385675430298,1000.0,1.3141537606716156
33947648,679.869903087616,1000.0,1.1778000742197037,698.6892509460449,1000.0,1.5090401992201805,679.0921788215637,1000.0,1.334004443604499,670.8188109397888,1000.0,1.1255310606211424
34078720,683.8029866218567,1000.0,1.5833494551479816,698.5291295051575,1000.0,1.5089489854872227,681.2061438560486,1000.0,1.576957881450653,670.8149437904358,1000.0,1.363065466284752
34209792,685.0260648727417,1000.0,1.1216682214289904,697.3881449699402,1000.0,1.5333724319934845,682.7639212608337,1000.0,1.460978778079152,672.2756385803223,1000.0,1.2859252095222473
34340864,685.7142930030823,1000.0,1.7086091935634613,699.5464415550232,1000.0,1.2747894674539566,684.5421743392944,1000.0,1.3142655678093433,671.4862976074219,1000.0,1.3889936115592718
34471936,683.6324186325073,1000.0,1.5095523968338966,698.0962262153625,1000.0,1.4895944148302078,680.0464668273926,1000.0,1.5333150140941143,671.313732624054,1000.0,1.3750862628221512
34603008,682.4895868301392,1000.0,1.2373949587345123,698.8257040977478,1000.0,1.6194603703916073,681.0914244651794,1000.0,1.3666120320558548,670.5549411773682,1000.0,1.211009992286563
34734080,681.8751668930054,1000.0,1.4217864274978638,697.4285922050476,1000.0,1.3815761879086494,682.9298977851868,1000.0,1.4020582139492035,670.1341524124146,1000.0,1.4681299850344658
34865152,682.3637628555298,1000.0,1.3270903527736664,698.7009706497192,1000.0,1.3548670019954443,682.5063128471375,1000.0,1.2571549601852894,670.8084807395935,1000.0,1.4644163576886058
34996224,682.6658730506897,1000.0,1.4359117664862424,694.3699049949646,1000.0,1.1654883460141718,682.1696157455444,1000.0,1.3028659969568253,670.358941078186,1000.0,1.2759594600647688
35127296,680.04975938797,1000.0,1.1987147256731987,696.3702673912048,1000.0,1.514763679355383,682.3494424819946,1000.0,1.439426839351654,668.8438501358032,1000.0,1.1982526630163193
35258368,680.0313549041748,1000.0,1.4051601588726044,695.4337687492371,1000.0,1.5309676453471184,683.8022656440735,1000.0,1.3472636193037033,669.4219617843628,1000.0,1.3333356715738773
35389440,679.4146761894226,1000.0,1.3534346036612988,695.7770352363586,1000.0,1.6992346309125423,682.8810725212097,1000.0,1.5696114152669907,668.5088357925415,1000.0,1.347351785749197
35520512,678.3488488197327,1000.0,1.4545933604240417,696.3065738677979,1000.0,1.42721588909626,682.4068012237549,1000.0,1.4125515799969435,670.3976383209229,1000.0,1.235187105834484
35651584,678.7441000938416,1000.0,1.3531782142817974,696.9022421836853,1000.0,1.5644468069076538,681.6544003486633,1000.0,1.3616186007857323,671.5503997802734,1000.0,1.3861445635557175
35782656,675.7203512191772,1000.0,1.3692519962787628,697.6681933403015,1000.0,1.7022202759981155,680.8609046936035,1000.0,1.0565665140748024,671.809139251709,1000.0,1.403074573725462
35913728,678.5849404335022,1000.0,1.4495609402656555,698.8592920303345,1000.0,1.3549271002411842,680.052342414856,1000.0,1.2857696078717709,671.8464603424072,1000.0,1.308359369635582
36044800,678.8490076065063,1000.0,1.3845457844436169,700.2053060531616,1000.0,1.4764047265052795,680.6408009529114,1000.0,1.3313002400100231,670.4565601348877,1000.0,1.50882110837847
36175872,679.7202353477478,1000.0,1.4468317925930023,700.5044369697571,1000.0,1.6253948099911213,681.2058591842651,1000.0,1.4200832657516003,669.6864862442017,1000.0,1.3592242300510406
36306944,682.1538248062134,1000.0,1.4871096964925528,697.4186630249023,1000.0,1.658062919974327,682.6710419654846,1000.0,1.3665499691851437,670.1107587814331,1000.0,1.1811336311511695
36438016,680.5488066673279,1000.0,1.4800539761781693,699.598964214325,1000.0,1.438437094911933,679.5716199874878,1000.0,1.1667094938457012,670.0751967430115,1000.0,1.599454429000616
36569088,680.7467703819275,1000.0,1.547041954472661,698.9737901687622,1000.0,1.5770932510495186,679.9467463493347,1000.0,1.3093317337334156,670.4304728507996,1000.0,1.1055059432983398
36700160,678.9512243270874,1000.0,1.379948802292347,698.1035141944885,1000.0,1.5059001334011555,681.3692979812622,1000.0,1.2097373865544796,671.326858997345,1000.0,1.3469080841168761
36831232,677.9409828186035,1000.0,1.1613970696926117,698.1662497520447,1000.0,1.5874495757743716,681.1846413612366,1000.0,1.4016390964388847,668.9813747406006,1000.0,1.2071868740022182
36962304,680.5112991333008,1000.0,1.267929770052433,700.7808065414429,1000.0,1.4411465632729232,682.010196685791,1000.0,1.3783116615377367,675.2501106262207,1000.0,1.2611000835895538
37093376,680.1883769035339,1000.0,1.3201571963727474,700.6680335998535,1000.0,1.2758550196886063,680.0739703178406,1000.0,1.2984683346003294,670.8581991195679,1000.0,1.3103398345410824
37224448,681.6197371482849,1000.0,1.5164379626512527,698.8945388793945,1000.0,1.3914648704230785,680.3015007972717,1000.0,1.4473103880882263,669.0939974784851,1000.0,1.152097448706627
37355520,679.5956811904907,1000.0,1.677748803049326,698.6432118415833,1000.0,1.5195721983909607,679.8482947349548,1000.0,1.2426878288388252,670.5801196098328,1000.0,1.2155774673447013
37486592,681.008547782898,1000.0,1.6193747073411942,699.0350480079651,1000.0,1.3261843752115965,681.3027930259705,1000.0,1.5587249025702477,672.8953413963318,1000.0,1.5520824138075113
37617664,678.0455870628357,1000.0,1.5304686427116394,698.3768792152405,1000.0,1.2492852583527565,680.193877696991,1000.0,1.3672127984464169,670.1497855186462,1000.0,1.3276310469955206
37748736,678.2500882148743,1000.0,1.2896889224648476,697.8289437294006,1000.0,1.5129917217418551,681.8652052879333,1000.0,1.3546321019530296,671.1121211051941,1000.0,1.41520232334733
37879808,678.25807762146,1000.0,1.1708384528756142,698.456536769867,1000.0,1.312816247344017,680.9213628768921,1000.0,1.2002873681485653,669.828372001648,1000.0,1.2859895788133144
38010880,677.7675957679749,1000.0,1.4028071910142899,698.7530655860901,1000.0,1.3419455364346504,681.5591750144958,1000.0,1.3121716678142548,668.682460308075,1000.0,1.2679090052843094
38141952,677.6445236206055,1000.0,1.3607269413769245,702.3638830184937,1000.0,1.5327982362359762,682.1906981468201,1000.0,1.2976529486477375,672.1959686279297,1000.0,1.4459959417581558
38273024,677.9071159362793,1000.0,1.098796982318163,700.0039377212524,1000.0,1.5201989077031612,682.8371839523315,1000.0,1.3504429012537003,669.5246362686157,1000.0,1.2314150929450989
38404096,677.789309501648,1000.0,1.2778749912977219,702.9085907936096,1000.0,1.4747264422476292,681.5349445343018,1000.0,1.4735637158155441,672.1344032287598,1000.0,1.331346943974495
38535168,678.9202847480774,1000.0,1.2354935351759195,703.1510553359985,1000.0,1.7282904721796513,682.7413210868835,1000.0,1.3318596333265305,673.4369659423828,1000.0,1.5078469142317772
38666240,679.904757976532,1000.0,1.5313773080706596,701.1321468353271,1000.0,1.474342755973339,681.6103973388672,1000.0,1.3403405174613,670.930212020874,1000.0,1.4123585373163223
38797312,677.5718159675598,1000.0,1.5385704822838306,700.2305216789246,1000.0,1.5028715766966343,681.1376371383667,1000.0,1.3428538963198662,671.5980515480042,1000.0,1.4004719629883766
38928384,678.7225594520569,1000.0,1.1704915389418602,699.8046956062317,1000.0,1.4650499746203423,683.2050452232361,1000.0,1.2315206490457058,673.9318943023682,1000.0,1.3788616955280304
39059456,674.9416012763977,1000.0,1.4203999899327755,697.8937873840332,1000.0,1.3106665313243866,680.9907269477844,1000.0,1.135141558945179,672.4923915863037,1000.0,1.3228053040802479
39190528,677.2943196296692,1000.0,1.4229238145053387,698.9806408882141,1000.0,1.51656886190176,682.5294876098633,1000.0,1.3511956930160522,673.450523853302,1000.0,1.3971899598836899
39321600,676.0439705848694,1000.0,1.2903340412303805,697.1709322929382,1000.0,1.3686534352600574,680.0906915664673,1000.0,1.3491540178656578,672.2310738563538,1000.0,1.2845288962125778
39452672,675.1195187568665,1000.0,1.2468492686748505,696.8623471260071,1000.0,1.3892618864774704,680.4542255401611,1000.0,1.3577147722244263,671.2618751525879,1000.0,1.2636530101299286
39583744,681.0143241882324,1000.0,1.4050762951374054,697.8524489402771,1000.0,1.461839783936739,685.4006605148315,1000.0,1.51798181142658,676.6326961517334,1000.0,1.4583777468651533
39714816,680.288152217865,1000.0,1.316607148386538,694.2270212173462,1000.0,1.4558192295953631,679.9533667564392,1000.0,1.2758259195834398,671.6535134315491,1000.0,1.3378289937973022
39845888,678.0098166465759,1000.0,1.4699435103684664,693.341489315033,1000.0,1.4912805259227753,680.7916941642761,1000.0,1.3255524933338165,672.066520690918,1000.0,1.304927776567638
39976960,676.0139875411987,1000.0,1.372546412050724,695.6042432785034,1000.0,1.5418084189295769,679.3357286453247,1000.0,1.4113234281539917,670.5587959289551,1000.0,1.4051718562841415
40108032,676.7354793548584,1000.0,1.2514413446187973,694.2596287727356,1000.0,1.2189569268375635,678.1293935775757,1000.0,1.3837885782122612,670.1284203529358,1000.0,1.2586982008069754
40239104,675.4642896652222,1000.0,1.1468463838100433,694.5786328315735,1000.0,1.6636581495404243,678.9154834747314,1000.0,1.3978314585983753,670.7701263427734,1000.0,1.2737261168658733
40370176,673.6563076972961,1000.0,1.3535762876272202,695.2558059692383,1000.0,1.5586680248379707,678.5569281578064,1000.0,1.4708039164543152,670.0533776283264,1000.0,1.3968036081641912
40501248,673.3206276893616,1000.0,1.3281472101807594,695.1641492843628,1000.0,1.380955945700407,679.0034685134888,1000.0,1.4000097438693047,669.4690852165222,1000.0,1.2139056697487831
40632320,673.7224464416504,1000.0,1.3775255559012294,692.3547496795654,1000.0,1.4994333293288946,678.5747079849243,1000.0,1.4604336395859718,671.7000846862793,1000.0,1.3016445115208626
40763392,674.1455769538879,1000.0,1.2408839715644717,693.2096500396729,1000.0,1.4293621145188808,677.549663066864,1000.0,1.3710970506072044,673.0394487380981,1000.0,1.4721164666116238
40894464,672.5135717391968,1000.0,1.2964257188141346,692.7881517410278,1000.0,1.4127210676670074,678.1763725280762,1000.0,1.2478987323120236,674.354124546051,1000.0,1.6122799701988697
41025536,672.435142993927,1000.0,1.4131671350914985,691.6634888648987,1000.0,1.2902122251689434,677.8068947792053,1000.0,1.5161164030432701,675.1817860603333,1000.0,1.286306008696556
41156608,673.4151344299316,1000.0,1.1966706365346909,693.5739855766296,1000.0,1.410380832850933,674.4901256561279,1000.0,1.2821391597390175,671.9384107589722,1000.0,1.3824691716581583
41287680,674.9464139938354,1000.0,1.1970568224787712,691.5593891143799,1000.0,1.3837011102586985,677.4266176223755,1000.0,1.3422805555164814,671.9203662872314,1000.0,1.2820605486631393
41418752,672.7734112739563,1000.0,1.6022342406213284,694.2568926811218,1000.0,1.818012073636055,676.988956451416,1000.0,1.283555269241333,673.6132807731628,1000.0,1.3583990037441254
41549824,671.436336517334,1000.0,1.4487028643488884,693.5735988616943,1000.0,1.4893478453159332,674.3584980964661,1000.0,1.3819311186671257,672.5346970558167,1000.0,1.1738679260015488
41680896,669.8809943199158,1000.0,1.3809323143213987,692.2526969909668,1000.0,1.4998232731595635,672.1514825820923,1000.0,1.1564288139343262,669.397222995758,1000.0,1.3254442224279046
41811968,671.6361088752747,1000.0,1.2776053324341774,692.4085574150085,1000.0,1.2468437738716602,673.8774399757385,1000.0,1.4184312038123608,671.9351606369019,1000.0,1.5393745303153992
41943040,672.0478057861328,1000.0,1.1661197245121002,692.2658305168152,1000.0,1.4057753831148148,674.3830342292786,1000.0,1.437480017542839,673.688729763031,1000.0,1.3413923308253288
42074112,673.0713248252869,1000.0,1.5130332512781024,693.0862321853638,1000.0,1.3523045927286148,674.1478819847107,1000.0,1.266289308667183,673.6387395858765,1000.0,1.2327486705034971
42205184,676.1732954978943,1000.0,1.3222832046449184,695.9905672073364,1000.0,1.463140830397606,676.4598917961121,1000.0,1.4879567101597786,678.9536380767822,1000.0,1.1085164062678814
42336256,675.9519190788269,1000.0,1.4689743928611279,694.1114482879639,1000.0,1.2597567439079285,676.4646091461182,1000.0,1.411775827407837,675.312008857727,1000.0,1.3571240194141865
42467328,673.4709806442261,1000.0,1.3338646944612265,694.6832375526428,1000.0,1.638090044260025,673.8951086997986,1000.0,1.2920455019921064,674.9158639907837,1000.0,1.3822613433003426
42598400,676.4386506080627,1000.0,1.0846341252326965,695.5344099998474,1000.0,1.3437603749334812,674.4111623764038,1000.0,1.258113844320178,676.0404386520386,1000.0,1.5068482272326946
42729472,677.4333710670471,1000.0,1.5666304714977741,696.3842082023621,1000.0,1.353598302230239,676.1854662895203,1000.0,1.2425749879330397,673.4700717926025,1000.0,1.4443442150950432
42860544,676.3024382591248,1000.0,1.1877507702447474,692.342592716217,1000.0,1.4672358334064484,673.3074207305908,1000.0,1.5110010225325823,670.8232674598694,1000.0,1.321839027106762
42991616,675.7839226722717,1000.0,1.3134872987866402,693.4110436439514,1000.0,1.5161637999117374,673.1492772102356,1000.0,1.29168757237494,671.6046810150146,1000.0,1.4833151251077652
43122688,676.1515140533447,1000.0,1.3931135833263397,694.2504286766052,1000.0,1.4414431303739548,673.9999961853027,1000.0,1.2447659447789192,673.4278655052185,1000.0,1.1321579664945602
43253760,675.742922782898,1000.0,1.5147328525781631,693.4928741455078,1000.0,1.5237037539482117,672.4887013435364,1000.0,1.389589725062251,672.4763746261597,1000.0,1.2667220011353493
43384832,675.3847947120667,1000.0,1.2533729318529367,692.0541386604309,1000.0,1.2835347689688206,672.0578503608704,1000.0,1.1242602858692408,671.7110481262207,1000.0,1.300988595932722
43515904,674.1976079940796,1000.0,1.2351942975074053,693.1000509262085,1000.0,1.1858901865780354,672.0695304870605,1000.0,1.540552906692028,672.4474101066589,1000.0,1.51173622533679
43646976,672.6570301055908,1000.0,1.203411877155304,691.2384853363037,1000.0,1.7725123316049576,672.0991740226746,1000.0,1.3248228207230568,672.1279854774475,1000.0,1.4042028449475765
43778048,673.8049793243408,1000.0,1.3620870858430862,694.001039981842,1000.0,1.3028782084584236,673.6312117576599,1000.0,1.3712610714137554,672.2364330291748,1000.0,1.4170584753155708
43909120,672.4194183349609,1000.0,1.2496795356273651,692.0506253242493,1000.0,1.246822614222765,671.7477369308472,1000.0,1.290880061686039,672.7429394721985,1000.0,1.435814868658781
44040192,674.321298122406,1000.0,1.3234003391116858,692.5459499359131,1000.0,1.5007485253736377,671.4423985481262,1000.0,1.4811154883354902,672.2620091438293,1000.0,1.263050357811153
44171264,674.2075915336609,1000.0,1.5378062203526497,693.1234269142151,1000.0,1.5502602383494377,671.8934044837952,1000.0,1.4302020370960236,672.9734497070312,1000.0,1.4163200184702873
44302336,672.2219643592834,1000.0,1.2974877679953352,690.2538523674011,1000.0,1.336516547948122,673.0995502471924,1000.0,1.3551514521241188,669.6294665336609,1000.0,1.4158141911029816
44433408,671.4057774543762,1000.0,1.2664321959018707,692.7182879447937,1000.0,1.5622279457747936,672.6360363960266,1000.0,1.3118806313723326,670.1791639328003,1000.0,1.309002909809351
44564480,671.8979477882385,1000.0,1.4067458510398865,692.7137513160706,1000.0,1.3806059146299958,673.5924119949341,1000.0,1.3293253779411316,668.5029997825623,1000.0,1.4032019199803472
44695552,671.8954701423645,1000.0,1.3458141833543777,691.2909398078918,1000.0,1.651432365179062,672.061906337738,1000.0,1.3297279551625252,668.9343366622925,1000.0,1.3772861352190375
44826624,673.8476858139038,1000.0,1.3707061875611544,693.9113693237305,1000.0,1.4198868814855814,674.6795673370361,1000.0,1.2171349674463272,667.2918658256531,1000.0,1.418173387646675
44957696,673.9262022972107,1000.0,1.2059252262115479,692.5694613456726,1000.0,1.3266575522720814,673.5366721153259,1000.0,1.3979982510209084,665.9243211746216,1000.0,1.386207140982151
45088768,675.0691585540771,1000.0,1.544936865568161,690.0512857437134,1000.0,1.5379455052316189,672.1583428382874,1000.0,1.3952206568792462,665.6455225944519,1000.0,1.1967528462409973
45219840,674.4688262939453,1000.0,1.2162845022976398,690.1458773612976,1000.0,1.392819695174694,673.8401885032654,1000.0,1.248845987021923,665.8383221626282,1000.0,1.2152864784002304
45350912,676.946418762207,1000.0,1.2881775125861168,691.818440914154,1000.0,1.5411902070045471,672.5205302238464,1000.0,1.5164438039064407,664.2821626663208,1000.0,1.3807752942666411
45481984,676.6885333061218,1000.0,1.384009207598865,692.5925889015198,1000.0,1.4753305679187179,672.6969656944275,1000.0,1.3003836870193481,663.274827003479,1000.0,1.414230301976204
45613056,678.448878288269,1000.0,1.1767093911767006,693.636167049408,1000.0,1.4887226417195052,674.9286556243896,1000.0,1.2026777528226376,666.8666234016418,1000.0,1.2601214200258255
45744128,675.5282635688782,1000.0,1.6039667129516602,691.7554402351379,1000.0,1.5098033770918846,674.142834186554,1000.0,1.2602955028414726,664.7297139167786,1000.0,1.2354855751618743
45875200,676.7500152587891,1000.0,1.4241602085530758,692.501118183136,1000.0,1.5414510667324066,674.1414122581482,1000.0,1.1920866668224335,664.4817180633545,1000.0,1.3264246433973312
46006272,674.7360563278198,1000.0,1.2060636579990387,692.684579372406,1000.0,1.4317400306463242,673.4517765045166,1000.0,1.1540787778794765,662.0675263404846,1000.0,1.116440050303936
46137344,675.0091505050659,1000.0,1.3683209642767906,696.9792532920837,1000.0,1.338100410066545,673.3183264732361,1000.0,1.3174264281988144,665.8493475914001,1000.0,1.3260777667164803
46268416,677.5127520561218,1000.0,1.592282198369503,696.2201642990112,1000.0,1.5297440830618143,672.0794110298157,1000.0,1.4536757282912731,663.6928024291992,1000.0,1.3017157465219498
46399488,674.0649304389954,1000.0,1.3986663304967806,694.8962459564209,1000.0,1.4601502865552902,671.4250273704529,1000.0,1.28790183365345,665.2257218360901,1000.0,1.3618581853806973
46530560,675.1005907058716,1000.0,1.3778779357671738,696.6845173835754,1000.0,1.4392614029347897,671.7755537033081,1000.0,1.4229878410696983,661.0562281608582,1000.0,1.3393437340855598
46661632,675.4697208404541,1000.0,1.5077096484601498,694.0504794120789,1000.0,1.4523183517158031,670.7524309158325,1000.0,1.1957375705242157,664.2209992408752,1000.0,1.5042387023568153
46792704,675.9249687194824,1000.0,1.424367357045412,695.2116646766663,1000.0,1.5180173362605274,670.0441007614136,1000.0,1.3286949023604393,664.0357174873352,1000.0,1.3251080214977264
46923776,677.3646817207336,1000.0,1.9031203873455524,694.6455726623535,1000.0,1.322985328733921,670.6967492103577,1000.0,1.2913214266300201,662.4122176170349,1000.0,1.325287401676178
47054848,678.6246976852417,1000.0,1.2550401017069817,693.3350076675415,1000.0,1.3452367670834064,669.771071434021,1000.0,1.5174340922385454,661.0176162719727,1000.0,1.1699554473161697
47185920,676.737738609314,1000.0,1.3471618241164833,694.9817109107971,1000.0,1.5420322716236115,672.5674104690552,1000.0,1.1735481023788452,661.0569586753845,1000.0,1.4831701628863811
47316992,678.125129699707,1000.0,1.3293115720152855,694.245599269867,1000.0,1.374213995411992,671.0431938171387,1000.0,1.0632204487919807,661.3367228507996,1000.0,1.4447417855262756
47448064,675.0960764884949,1000.0,1.2695496752858162,694.8005971908569,1000.0,1.4467692822217941,669.7134671211243,1000.0,1.3887209566310048,661.234456539154,1000.0,1.3918691924773157
47579136,675.3748278617859,1000.0,1.2553017642349005,694.0633578300476,1000.0,1.4100420586764812,668.3079423904419,1000.0,1.3373767547309399,660.3584294319153,1000.0,1.0895051807165146
47710208,675.0214405059814,1000.0,1.186999585479498,694.7119421958923,1000.0,1.3340470045804977,669.9109907150269,1000.0,1.358137659728527,659.819215297699,1000.0,1.4247572580352426
47841280,675.773636341095,1000.0,1.5967267975211143,694.2284345626831,1000.0,1.4174417946487665,668.9253635406494,1000.0,1.2868988504633307,661.2344760894775,1000.0,1.3850220143795013
47972352,675.9087290763855,1000.0,1.490657314658165,693.1181888580322,1000.0,1.6210954785346985,669.4406008720398,1000.0,1.1946692820638418,660.6117115020752,1000.0,1.2967010885477066
48103424,674.9946632385254,1000.0,1.288618877530098,692.2672839164734,1000.0,1.388926688581705,668.8558683395386,1000.0,1.2130546439439058,661.9976806640625,1000.0,1.2947408258914948
48234496,674.8047776222229,1000.0,1.2506118342280388,692.8879499435425,1000.0,1.3596686720848083,669.0164074897766,1000.0,1.4423229972599074,660.7347755432129,1000.0,1.2425499558448792
48365568,677.023003578186,1000.0,1.3932515680789948,695.8508486747742,1000.0,1.3304123803973198,673.2984662055969,1000.0,1.2862960174679756,663.0264468193054,1000.0,1.2470070142298937
48496640,674.3168025016785,1000.0,1.3387877345085144,694.0672874450684,1000.0,1.3052289951592684,670.4374632835388,1000.0,1.346041314303875,664.5848846435547,1000.0,1.3187036253511906
48627712,671.6034607887268,1000.0,1.2556724678725004,694.1237087249756,1000.0,1.7067963890731335,672.6508369445801,1000.0,1.4751773476600647,665.0927872657776,1000.0,1.4692435935139656
48758784,671.1644105911255,1000.0,1.3687322698533535,693.5876007080078,1000.0,1.2705881968140602,670.4516005516052,1000.0,1.5970605537295341,665.0451188087463,1000.0,1.1455466449260712
48889856,672.2540531158447,1000.0,1.3744464833289385,692.7625398635864,1000.0,1.5585121680051088,671.0462551116943,1000.0,1.4366365056484938,664.7457365989685,1000.0,1.334712028503418
49020928,669.7290153503418,1000.0,1.4262684732675552,691.6033172607422,1000.0,1.299501764588058,668.5170245170593,1000.0,1.4416858106851578,662.4725279808044,1000.0,1.2983931582421064
49152000,670.4981179237366,1000.0,1.2218157351016998,689.0793342590332,1000.0,1.4170236540958285,668.6017246246338,1000.0,1.370875507593155,662.5395784378052,1000.0,1.2404180578887463
49283072,672.5190777778625,1000.0,1.4210319481790066,689.486180305481,1000.0,1.467016763985157,668.9530720710754,1000.0,1.3000474516302347,663.4424939155579,1000.0,1.482850320637226
49414144,671.3437128067017,1000.0,1.1771721206605434,690.4063334465027,1000.0,1.362004417926073,669.97780418396,1000.0,1.4135053008794785,667.6471872329712,1000.0,1.5802356749773026
49545216,672.4610333442688,1000.0,1.2742555169388652,689.7102632522583,1000.0,1.3322953679598868,669.9488639831543,1000.0,1.3791270777583122,667.310097694397,1000.0,1.180094065144658
49676288,670.8460988998413,1000.0,1.3291829526424408,691.2890601158142,1000.0,1.536767702549696,668.2259430885315,1000.0,1.3374275639653206,665.4282507896423,1000.0,1.2413010597229004
49807360,672.4780712127686,1000.0,1.2920868210494518,689.7432270050049,1000.0,1.2327439486980438,670.8775401115417,1000.0,1.4746292121708393,666.973644733429,1000.0,1.3003962859511375
49938432,671.7782678604126,1000.0,1.3501015845686197,691.2950649261475,1000.0,1.4726369082927704,672.7059288024902,1000.0,1.204360980540514,665.5648698806763,1000.0,1.2835971675813198
50069504,673.972882270813,1000.0,1.4266543947160244,691.2166604995728,1000.0,1.2767676431685686,677.4350218772888,1000.0,1.119630835019052,667.6348943710327,1000.0,1.109435711055994
50200576,672.8725023269653,1000.0,1.227903751656413,690.002423286438,1000.0,1.3681405715178698,676.1556115150452,1000.0,1.1823563501238823,668.905303478241,1000.0,1.5002080537378788
50331648,671.940179347992,1000.0,1.3380482755601406,688.671510219574,1000.0,1.2832598630338907,677.0543117523193,1000.0,1.2813251838088036,663.8877339363098,1000.0,1.198549386113882
50462720,673.7733340263367,1000.0,1.2004916816949844,690.8060336112976,1000.0,1.333537682890892,677.6254544258118,1000.0,1.5542453080415726,664.6373915672302,1000.0,1.3191592320799828
50593792,674.5212879180908,1000.0,1.5492208199575543,690.9213991165161,1000.0,1.4601190388202667,676.9117364883423,1000.0,1.4615918397903442,666.8952035903931,1000.0,1.2623576894402504
50724864,674.0822958946228,1000.0,1.1445261240005493,690.9653205871582,1000.0,1.2810458801686764,675.0296688079834,1000.0,1.437324058264494,665.517867565155,1000.0,1.2866689562797546
50855936,673.3132219314575,1000.0,1.2917903363704681,690.0572776794434,1000.0,1.6490632947534323,676.1169810295105,1000.0,1.1353297010064125,664.3873796463013,1000.0,1.405449502170086
50987008,674.6769089698792,1000.0,1.478676475584507,689.433705329895,1000.0,1.3938558027148247,673.3938026428223,1000.0,1.3383710235357285,662.8445987701416,1000.0,1.2993756122887135
51118080,672.0322542190552,1000.0,1.5202061906456947,689.764714717865,1000.0,1.5064085070043802,675.5721616744995,1000.0,1.4096383908763528,664.3644623756409,1000.0,1.2413111180067062
51249152,671.9933433532715,1000.0,1.4720380902290344,690.3764724731445,1000.0,1.461180940270424,673.8264350891113,1000.0,1.231858130544424,664.4376182556152,1000.0,1.3992470726370811
51380224,673.025185585022,1000.0,1.14170653373003,690.6040005683899,1000.0,1.3746457323431969,676.2647309303284,1000.0,1.2009282112121582,665.6051001548767,1000.0,1.2944631949067116
51511296,671.6871614456177,1000.0,1.147853322327137,690.0497059822083,1000.0,1.357033185660839,678.2609577178955,1000.0,1.3114269226789474,665.9861545562744,1000.0,1.355315675958991
51642368,670.5010175704956,1000.0,1.206872045993805,690.5737810134888,1000.0,1.3312931694090366,676.3079056739807,1000.0,1.350759893655777,665.6707482337952,1000.0,1.2482922039926052
51773440,668.8035106658936,1000.0,1.4010011926293373,690.064172744751,1000.0,1.2479426097124815,676.0848512649536,1000.0,1.2776443781331182,664.0292363166809,1000.0,1.1500422097742558
51904512,668.8281540870667,1000.0,1.1864785142242908,689.5145511627197,1000.0,1.5893329232931137,677.0231342315674,1000.0,1.5222403421066701,665.0892796516418,1000.0,1.3639446757733822
52035584,669.4954700469971,1000.0,1.4430463593453169,689.4394836425781,1000.0,1.3979845810681581,675.3412547111511,1000.0,1.155312029644847,662.5561761856079,1000.0,1.2934854626655579
52166656,668.8703994750977,1000.0,1.2383158393204212,690.4895634651184,1000.0,1.4471909562125802,676.9656472206116,1000.0,1.263642854988575,663.3739657402039,1000.0,1.3360924422740936
52297728,667.5392756462097,1000.0,1.2561107985675335,689.9979510307312,1000.0,1.5935050547122955,675.470700263977,1000.0,1.3511487729847431,664.5882935523987,1000.0,1.474656330421567
52428800,670.7967810630798,1000.0,1.3361451625823975,690.8375058174133,1000.0,1.6224981937557459,676.0315780639648,1000.0,1.416636973619461,662.8076014518738,1000.0,1.322090147063136
52559872,670.247106552124,1000.0,1.550527684390545,689.8739981651306,1000.0,1.5744778225198388,676.7281408309937,1000.0,1.5260296016931534,663.6011033058167,1000.0,1.3302056873217225
52690944,673.6797261238098,1000.0,1.4243234917521477,693.8467297554016,1000.0,1.4862944837659597,680.1274809837341,1000.0,1.4708653055131435,665.9627208709717,1000.0,1.3017681166529655
52822016,672.0766320228577,1000.0,1.2101950198411942,691.3445434570312,1000.0,1.4359738565981388,678.352484703064,1000.0,1.461426243185997,662.7237629890442,1000.0,1.2001353278756142
52953088,671.0740795135498,1000.0,1.3287507593631744,692.1135482788086,1000.0,1.5284684151411057,679.002179145813,1000.0,1.2502130270004272,664.2487721443176,1000.0,1.3779042465612292
53084160,670.4567022323608,1000.0,1.3219816982746124,694.0652141571045,1000.0,1.4264110289514065,677.6211714744568,1000.0,1.3401193469762802,661.8831691741943,1000.0,1.306255828589201
53215232,668.5161957740784,1000.0,1.3156738616526127,693.9026651382446,1000.0,1.8205078542232513,677.6752667427063,1000.0,1.377515122294426,663.6922974586487,1000.0,1.5612562745809555
53346304,672.2473931312561,1000.0,1.6105479672551155,694.6592054367065,1000.0,1.4925478901714087,678.5906615257263,1000.0,1.312982751056552,663.9164776802063,1000.0,1.3520699460059404
53477376,671.9340014457703,1000.0,1.4491264373064041,691.9507894515991,1000.0,1.3503024280071259,676.7081089019775,1000.0,1.2830650936812162,663.5758323669434,1000.0,1.2636230252683163
53608448,669.438494682312,1000.0,1.4559491355903447,694.6232953071594,1000.0,1.5295704770833254,677.3766331672668,1000.0,1.2959672808647156,665.1943836212158,1000.0,1.354336827993393
53739520,669.9151592254639,1000.0,1.3954266980290413,695.2521796226501,1000.0,1.4360003666952252,674.4527788162231,1000.0,1.2624554121866822,663.2326555252075,1000.0,1.14576655626297
53870592,674.7685298919678,1000.0,1.3540536276996136,694.4866170883179,1000.0,1.4928064495325089,672.94939661026,1000.0,1.3281860002316535,665.7028841972351,1000.0,1.3592675477266312
54001664,668.8975148200989,1000.0,1.2397872852161527,693.7693276405334,1000.0,1.357801727950573,672.6671357154846,1000.0,1.1753180995583534,663.0673666000366,1000.0,1.27816341817379
54132736,670.3608069419861,1000.0,1.4264564253389835,694.8575210571289,1000.0,1.6431210860610008,669.6824884414673,1000.0,1.44299890473485,665.8068451881409,1000.0,1.4863799661397934
54263808,670.1735534667969,1000.0,1.1759746223688126,692.7440719604492,1000.0,1.4640141874551773,671.1113457679749,1000.0,1.4431659802794456,663.3660616874695,1000.0,1.4254782423377037
54394880,670.9207472801208,1000.0,1.282422661781311,693.1591544151306,1000.0,1.4284802749752998,669.220232963562,1000.0,1.451951615512371,662.9074692726135,1000.0,1.2222763504832983
54525952,670.2520537376404,1000.0,1.2448344435542822,691.3243775367737,1000.0,1.642696525901556,669.8598880767822,1000.0,1.4348811991512775,665.0454602241516,1000.0,1.3792369924485683
54657024,671.8076190948486,1000.0,1.305581010878086,691.3134169578552,1000.0,1.529819443821907,671.6398224830627,1000.0,1.4299431443214417,667.2696981430054,1000.0,1.5492656603455544
54788096,670.7717208862305,1000.0,1.3507985323667526,691.8383255004883,1000.0,1.274515625089407,671.0405192375183,1000.0,1.2286291643977165,666.2364420890808,1000.0,1.3726967349648476
54919168,672.1432023048401,1000.0,1.3110573515295982,692.6975226402283,1000.0,1.459903061389923,671.8887042999268,1000.0,1.3511565625667572,666.0741610527039,1000.0,1.3965132683515549
55050240,672.1363840103149,1000.0,1.3510946896858513,691.1763472557068,1000.0,1.48032745718956,670.1294527053833,1000.0,1.3664885219186544,665.1915731430054,1000.0,1.2219846174120903
55181312,671.1002087593079,1000.0,1.3523039557039738,690.9986205101013,1000.0,1.5047529377043247,670.3785343170166,1000.0,1.2341373595409095,667.7981462478638,1000.0,1.5004272758960724
55312384,673.172477722168,1000.0,1.3765941299498081,694.2770538330078,1000.0,1.710148200392723,672.5521974563599,1000.0,1.2401190102100372,668.6412997245789,1000.0,1.3305372409522533
55443456,672.3256902694702,1000.0,1.4197714030742645,690.5385227203369,1000.0,1.4719612984918058,671.3391623497009,1000.0,1.4122695364058018,667.1937565803528,1000.0,1.462724708020687
55574528,670.063805103302,1000.0,1.1938310023397207,694.2384405136108,1000.0,1.687954282388091,671.7535834312439,1000.0,1.1895040646195412,666.0320734977722,1000.0,1.3200734704732895
55705600,670.9045915603638,1000.0,1.4209124222397804,692.3353881835938,1000.0,1.3422786071896553,672.582808971405,1000.0,1.377102579921484,666.2760968208313,1000.0,1.3175336420536041
55836672,671.0199909210205,1000.0,1.1868375577032566,692.3832335472107,1000.0,1.386200800538063,672.0880813598633,1000.0,1.4919525124132633,664.3636536598206,1000.0,1.3022819831967354
55967744,672.0990533828735,1000.0,1.3355936398729682,694.0400834083557,1000.0,1.4483222551643848,671.433187007904,1000.0,1.3094676602631807,665.6358189582825,1000.0,1.2728782095946372
56098816,672.5395531654358,1000.0,1.1831957176327705,694.5461740493774,1000.0,1.3446939513087273,672.8875079154968,1000.0,1.1018138006329536,666.8306374549866,1000.0,1.0306701892986894
56229888,672.0045676231384,1000.0,1.6276693567633629,696.1288013458252,1000.0,1.3648866154253483,671.9380345344543,1000.0,1.3523508235812187,664.4333572387695,1000.0,1.3129147663712502
56360960,670.846667766571,1000.0,1.440498024225235,694.9936394691467,1000.0,1.5686144940555096,673.8032517433167,1000.0,1.512628234922886,666.8521389961243,1000.0,1.1460610125213861
56492032,672.5296764373779,1000.0,1.2476157955825329,694.833354473114,1000.0,1.4451659098267555,672.7527208328247,1000.0,1.4476342797279358,665.4582433700562,1000.0,1.0637947991490364
56623104,674.6211643218994,1000.0,1.2770490013062954,695.477912902832,1000.0,1.3242463376373053,675.0759320259094,1000.0,1.3182028122246265,667.4331126213074,1000.0,1.2033461183309555
56754176,674.3560972213745,1000.0,1.2779479920864105,696.043206691742,1000.0,1.4777801632881165,675.7861795425415,1000.0,1.2097470983862877,666.5001435279846,1000.0,1.3785279095172882
56885248,674.9231238365173,1000.0,1.1804217658936977,696.0830254554749,1000.0,1.283798772841692,674.3997435569763,1000.0,1.3993184454739094,665.3519186973572,1000.0,1.5200122594833374
57016320,675.3353385925293,1000.0,1.3637839742004871,697.8891468048096,1000.0,1.3185751736164093,677.7054371833801,1000.0,1.4303079694509506,667.1346879005432,1000.0,1.2443179488182068
57147392,675.4781498908997,1000.0,1.485847688280046,696.5267539024353,1000.0,1.4965219348669052,674.9517030715942,1000.0,1.3149307277053595,666.5622382164001,1000.0,1.0930430516600609
57278464,672.2825813293457,1000.0,1.3807670138776302,695.3071050643921,1000.0,1.4311795979738235,672.6875996589661,1000.0,1.2405600510537624,666.5192832946777,1000.0,1.1561691612005234
57409536,675.2257623672485,1000.0,1.3254487253725529,697.0397682189941,1000.0,1.2647684440016747,671.4612011909485,1000.0,1.4198702331632376,667.6002578735352,1000.0,1.3545974865555763
57540608,673.4063811302185,1000.0,1.397197900339961,696.6563267707825,1000.0,1.3073562178760767,670.161943435669,1000.0,1.4796092249453068,668.1755599975586,1000.0,1.3164897244423628
57671680,671.3821663856506,1000.0,1.4360694289207458,694.7039003372192,1000.0,1.5574912764132023,669.8409533500671,1000.0,1.2920900620520115,667.2235598564148,1000.0,1.2321089431643486
57802752,669.7229952812195,1000.0,1.1649499349296093,695.1828460693359,1000.0,1.4144483022391796,667.3503069877625,1000.0,1.150507960934192,666.956946849823,1000.0,1.194252884015441
57933824,670.649983882904,1000.0,1.509012408554554,697.3758645057678,1000.0,1.5410554111003876,665.1472301483154,1000.0,1.1303954981267452,669.8163475990295,1000.0,1.1185010001063347
58064896,671.1610736846924,1000.0,1.2587381917983294,696.6399116516113,1000.0,1.5214984118938446,665.6855149269104,1000.0,1.5043148826807737,668.4790406227112,1000.0,1.1773059647530317
58195968,672.5245866775513,1000.0,1.4590896479785442,694.7315282821655,1000.0,1.1301431814208627,665.026403427124,1000.0,1.355958990752697,667.3457837104797,1000.0,1.206754446029663
58327040,671.6499032974243,1000.0,1.3170438595116138,694.2127065658569,1000.0,1.2748425116296858,666.3297481536865,1000.0,1.3469700627028942,667.4110231399536,1000.0,1.3151807337999344
58458112,672.6794781684875,1000.0,1.5080428682267666,693.1470093727112,1000.0,1.3685848601162434,665.937150478363,1000.0,1.2845975868403912,668.4568085670471,1000.0,1.2743293270468712
58589184,671.0519037246704,1000.0,1.450779078528285,692.2746615409851,1000.0,1.359829692170024,666.6421303749084,1000.0,1.3007532954216003,667.3649477958679,1000.0,1.2713947221636772
58720256,671.9961748123169,1000.0,1.1949104499071836,694.256597995758,1000.0,1.3076498545706272,666.5030951499939,1000.0,1.1807263409718871,670.8912391662598,1000.0,1.2171508837491274
58851328,671.632894039154,1000.0,1.3128327764570713,691.4902424812317,1000.0,1.4562347941100597,665.2048320770264,1000.0,1.1748248189687729,671.0930986404419,1000.0,1.1410927344113588
58982400,671.0235629081726,1000.0,1.514738567173481,692.3185229301453,1000.0,1.2091821059584618,666.0363659858704,1000.0,1.1847150400280952,668.3779311180115,1000.0,1.1341875027865171
59113472,668.2787528038025,1000.0,1.490038190037012,691.1821069717407,1000.0,1.5794138237833977,666.0119204521179,1000.0,1.2655965769663453,668.5610480308533,1000.0,1.204932063817978
59244544,669.9974818229675,1000.0,1.3627822556300089,690.3144388198853,1000.0,1.5468213874846697,666.998815536499,1000.0,1.3943485952913761,668.4624552726746,1000.0,1.3879464641213417
59375616,667.7989015579224,1000.0,1.329027459025383,692.9321155548096,1000.0,1.3470331877470016,665.239417552948,1000.0,1.371683237142861,668.5811848640442,1000.0,1.1956203244626522
59506688,671.3854985237122,1000.0,1.3433663696050644,690.0983076095581,1000.0,1.5776161700487137,666.8893327713013,1000.0,1.202330518513918,667.8276834487915,1000.0,1.3241868391633034
59637760,671.5037488937378,1000.0,1.256785862147808,692.3353328704834,1000.0,1.5774397775530815,667.4214391708374,1000.0,1.086717363446951,667.4688091278076,1000.0,1.286466377787292
59768832,668.0398259162903,1000.0,1.4977983683347702,690.9263353347778,1000.0,1.1907724142074585,668.6555666923523,1000.0,1.3314989004284143,666.9300351142883,1000.0,1.2514970004558563
59899904,667.9063925743103,1000.0,1.4666755199432373,692.1678690910339,1000.0,1.5416281297802925,666.9470596313477,1000.0,1.4379322621971369,665.2764158248901,1000.0,1.2632072046399117
60030976,667.5313839912415,1000.0,1.479443270713091,691.2136940956116,1000.0,1.5446509886533022,667.0141439437866,1000.0,1.3509510159492493,664.5024614334106,1000.0,1.2498976290225983
60162048,669.3776292800903,1000.0,1.594442367553711,690.444571018219,1000.0,1.2243072763085365,668.7896599769592,1000.0,1.469663567841053,664.0471081733704,1000.0,1.335784673690796
60293120,665.7523155212402,1000.0,1.624403029680252,689.5994262695312,1000.0,1.346007101237774,670.23504114151,1000.0,1.264695568010211,663.55095911026,1000.0,1.2404906344600022
60424192,665.5849914550781,1000.0,1.2451004055328667,688.8538708686829,1000.0,1.4108660006895661,669.2657256126404,1000.0,1.2187044396996498,663.6507897377014,1000.0,1.427998322993517
60555264,666.8821759223938,1000.0,1.4419969953596592,691.1960401535034,1000.0,1.3966221362352371,672.5667939186096,1000.0,1.3559583984315395,666.5688614845276,1000.0,1.5074774697422981
60686336,667.1342525482178,1000.0,1.3122819624841213,690.7034316062927,1000.0,1.658952783793211,673.1321849822998,1000.0,1.2376499995589256,664.9362878799438,1000.0,1.284320954233408
60817408,665.2295918464661,1000.0,1.2488914215937257,691.2721471786499,1000.0,1.5446230322122574,670.9773716926575,1000.0,1.17702223546803,665.8453483581543,1000.0,1.742585251107812
60948480,667.2316012382507,1000.0,1.4072348698973656,691.1382184028625,1000.0,1.337715357542038,668.2642569541931,1000.0,1.2780930437147617,664.9050884246826,1000.0,1.3028416633605957
61079552,669.1615056991577,1000.0,1.2241676785051823,691.8397073745728,1000.0,1.2331555560231209,670.7058172225952,1000.0,1.3388801291584969,665.0995979309082,1000.0,1.2436908930540085
61210624,665.8458352088928,1000.0,1.3159745587036014,692.7955484390259,1000.0,1.326697263866663,669.9118614196777,1000.0,1.1993085741996765,663.3518104553223,1000.0,1.2302994281053543
61341696,667.1138348579407,1000.0,1.5380298644304276,692.5381579399109,1000.0,1.418114259839058,671.0585222244263,1000.0,1.1827227398753166,666.1731853485107,1000.0,1.325497329235077
61472768,668.8662424087524,1000.0,1.3035146743059158,693.1980547904968,1000.0,1.3571513444185257,669.9254703521729,1000.0,1.222194418311119,666.1282052993774,1000.0,1.3002850413322449
61603840,666.2223267555237,1000.0,1.1427515647374094,694.3894062042236,1000.0,1.3273810744285583,668.7878785133362,1000.0,1.2000393867492676,663.9695243835449,1000.0,1.3107083328068256
61734912,667.4492878913879,1000.0,1.2268053125590086,695.4903888702393,1000.0,1.3616856262087822,670.6577081680298,1000.0,1.2515116408467293,664.7590274810791,1000.0,1.314725048840046
61865984,667.1315412521362,1000.0,1.3380046784877777,694.0613675117493,1000.0,1.5756169557571411,669.7047109603882,1000.0,1.3612312152981758,663.3611969947815,1000.0,1.6428765915334225
61997056,667.5887675285339,1000.0,1.2874926533550024,695.1598529815674,1000.0,1.6605372205376625,670.417046546936,1000.0,1.410180451348424,662.7113280296326,1000.0,1.3362777270376682
62128128,668.0342354774475,1000.0,1.255947396159172,694.2133860588074,1000.0,1.418657474219799,671.0603485107422,1000.0,1.3051746860146523,665.2932333946228,1000.0,1.0870176302269101
62259200,668.4763374328613,1000.0,1.1618007868528366,695.5916247367859,1000.0,1.4807516261935234,671.339684009552,1000.0,1.3418656885623932,665.961238861084,1000.0,1.443601654842496
62390272,669.1504049301147,1000.0,1.1939477398991585,694.7219762802124,1000.0,1.9718587808310986,669.9211602210999,1000.0,1.325458386912942,664.7666139602661,1000.0,1.4068047665059566
62521344,666.1115913391113,1000.0,1.2781250700354576,696.6425180435181,1000.0,1.3029139637947083,672.7163643836975,1000.0,1.3608429972082376,664.6925973892212,1000.0,1.367194127291441
62652416,668.3121929168701,1000.0,1.0531518645584583,695.1816663742065,1000.0,1.4919662475585938,671.2385511398315,1000.0,1.33169387280941,666.0202493667603,1000.0,1.3682992160320282
62783488,669.5244846343994,1000.0,1.1608250085264444,696.5704579353333,1000.0,1.5721593648195267,670.067656993866,1000.0,1.2752974294126034,667.4929332733154,1000.0,1.3130344524979591
62914560,670.0817794799805,1000.0,1.2491507772356272,695.8521966934204,1000.0,1.4176911003887653,667.7198224067688,1000.0,1.392972070723772,669.0052027702332,1000.0,1.2603407772257924
63045632,668.2803392410278,1000.0,1.3627748377621174,696.8672761917114,1000.0,1.4877070039510727,669.8801960945129,1000.0,1.2962862476706505,670.0074610710144,1000.0,1.2798928208649158
63176704,669.8120317459106,1000.0,1.4514480605721474,698.3932018280029,1000.0,1.4468763023614883,672.3665518760681,1000.0,0.9849793463945389,669.3414516448975,1000.0,1.4654189702123404
63307776,670.1546292304993,1000.0,1.342494485899806,694.9213185310364,1000.0,1.6657846719026566,670.3164467811584,1000.0,1.4398874938488007,670.6463007926941,1000.0,1.4137657219544053
63438848,669.3530564308167,1000.0,1.3406146466732025,693.5585670471191,1000.0,1.4016423299908638,668.6609449386597,1000.0,1.3860086500644684,669.8605651855469,1000.0,1.3886802224442363
63569920,670.7224650382996,1000.0,1.2208225666545331,696.0178151130676,1000.0,1.5262814164161682,669.966402053833,1000.0,1.3745433203876019,670.4313373565674,1000.0,1.320988160558045
63700992,670.8971590995789,1000.0,1.4033166328445077,695.2219886779785,1000.0,1.210101168602705,668.9633526802063,1000.0,1.3770075142383575,669.6707091331482,1000.0,1.2631609477102757
63832064,671.1250443458557,1000.0,1.3030193969607353,692.8052353858948,1000.0,1.6403897181153297,670.3613290786743,1000.0,1.5894165157806128,669.3610973358154,1000.0,1.2777265682816505
63963136,668.3278841972351,1000.0,1.1707413047552109,696.8620409965515,1000.0,1.3737522810697556,667.784725189209,1000.0,1.3398087322711945,670.8344922065735,1000.0,1.2474353723227978
64094208,668.3136901855469,1000.0,1.3104701302945614,696.2356104850769,1000.0,1.4337845332920551,671.0790376663208,1000.0,1.2909289747476578,669.4882526397705,1000.0,1.4268540889024734
64225280,670.5860047340393,1000.0,1.396773174405098,695.3050231933594,1000.0,1.6760741621255875,671.586540222168,1000.0,1.3197039179503918,670.1810488700867,1000.0,1.2069206722080708
64356352,669.6613187789917,1000.0,1.5309759341180325,696.3709874153137,1000.0,1.3850094564259052,670.579137802124,1000.0,1.5207200068980455,666.4346704483032,1000.0,1.457838997244835
64487424,670.7053294181824,1000.0,1.3132311403751373,693.5430889129639,1000.0,1.5793591663241386,669.69331407547,1000.0,1.233517862856388,667.9165978431702,1000.0,1.280867611989379
64618496,673.0558724403381,1000.0,1.3809126690030098,694.8305473327637,1000.0,1.4072809393983334,670.2794499397278,1000.0,1.3917866870760918,668.2875652313232,1000.0,1.115782331675291
64749568,672.8898477554321,1000.0,1.3485565409064293,693.8721528053284,1000.0,1.4565610848367214,670.6017270088196,1000.0,1.5660260878503323,669.7794218063354,1000.0,1.1990890353918076
64880640,672.3126354217529,1000.0,1.350215956568718,694.6750779151917,1000.0,1.18742900993675,670.516273021698,1000.0,1.3749022632837296,668.5904397964478,1000.0,1.3103959411382675
65011712,672.7507147789001,1000.0,1.3455407284200191,694.1865572929382,1000.0,1.4691525250673294,672.094455242157,1000.0,1.454908825457096,668.8483147621155,1000.0,1.292616367340088
65142784,674.2006998062134,1000.0,1.3092145323753357,693.9350738525391,1000.0,1.5991365686058998,672.6897010803223,1000.0,1.4846476546954364,668.2919406890869,1000.0,1.1614482551813126
65273856,672.9503631591797,1000.0,1.240966660901904,695.7895812988281,1000.0,1.3478118032217026,672.3485860824585,1000.0,1.3741425424814224,669.0943660736084,1000.0,1.3954954147338867
65404928,674.2522258758545,1000.0,1.2726520001888275,694.590404510498,1000.0,1.576374113559723,671.2310881614685,1000.0,1.3770617051050067,670.9120850563049,1000.0,1.4485172033309937
65536000,674.0053215026855,1000.0,1.276574577204883,694.5107655525208,1000.0,1.2371127977967262,669.6092028617859,1000.0,1.2554211784154177,669.0108952522278,1000.0,1.2066069319844246
65667072,674.0113739967346,1000.0,1.2950797379016876,694.5098614692688,1000.0,1.539654977619648,670.8588190078735,1000.0,1.3450561612844467,669.2687454223633,1000.0,1.48788071423769
65798144,673.5335469245911,1000.0,1.2928324788808823,696.6421723365784,1000.0,1.4341167891398072,672.3934726715088,1000.0,1.290856173262,671.9559617042542,1000.0,1.3033010009676218
65929216,672.8597421646118,1000.0,1.5224761962890625,692.4606900215149,1000.0,1.5297901071608067,670.8501839637756,1000.0,1.6371216028928757,670.6936192512512,1000.0,1.3365336805582047
66060288,671.9553055763245,1000.0,1.3289518877863884,692.2689805030823,1000.0,1.4703099429607391,668.8990783691406,1000.0,1.2125985324382782,670.4931435585022,1000.0,1.5066479593515396
66191360,670.8562960624695,1000.0,1.3016104800626636,694.387228012085,1000.0,1.213002492673695,671.8488974571228,1000.0,1.322299612686038,669.0808715820312,1000.0,1.375614732503891
66322432,668.7546796798706,1000.0,1.2952209264039993,693.2760906219482,1000.0,1.6003145053982735,671.3377199172974,1000.0,1.341121256351471,670.091390132904,1000.0,1.3247956559062004
66453504,673.3702030181885,1000.0,1.192920759320259,693.3464775085449,1000.0,1.543562889099121,670.4246611595154,1000.0,1.3267005207017064,667.3796606063843,1000.0,1.352665500715375
66584576,670.7265882492065,1000.0,1.3749001659452915,690.5235514640808,1000.0,1.3199367970228195,671.6222939491272,1000.0,1.4915338456630707,667.0493602752686,1000.0,1.3361673206090927
66715648,671.3898906707764,1000.0,1.4462478924542665,693.5185375213623,1000.0,1.327508756890893,672.9968070983887,1000.0,1.3899307399988174,667.2548751831055,1000.0,1.067299012094736
66846720,669.7227864265442,1000.0,1.5599757209420204,691.4248151779175,1000.0,1.2624845765531063,673.3348951339722,1000.0,1.241112120449543,667.0433068275452,1000.0,1.4168330132961273
66977792,671.3834939002991,1000.0,1.2438152879476547,693.8005132675171,1000.0,1.4783600270748138,672.7008857727051,1000.0,1.2513691447675228,666.3598885536194,1000.0,1.2601073235273361
67108864,672.967734336853,1000.0,1.5445514097809792,691.732684135437,1000.0,1.3689816296100616,674.8608317375183,1000.0,1.3695670440793037,665.3062620162964,1000.0,1.4670358523726463
67239936,668.6349630355835,1000.0,1.5168871190398932,691.5114107131958,1000.0,1.4789701886475086,672.8879780769348,1000.0,1.5157947540283203,664.8623743057251,1000.0,1.6549361972138286
67371008,670.0280251502991,1000.0,1.5291756726801395,692.1128249168396,1000.0,1.3460186272859573,673.1540217399597,1000.0,1.3838064968585968,664.7837281227112,1000.0,1.2346465736627579
67502080,669.745879650116,1000.0,1.4878076016902924,690.30837059021,1000.0,1.3880324214696884,674.1244034767151,1000.0,1.3061980828642845,668.3515882492065,1000.0,1.2627280373126268
67633152,667.2205505371094,1000.0,1.246261514723301,689.5695338249207,1000.0,1.4453778564929962,673.9544563293457,1000.0,1.2816344080492854,666.336492061615,1000.0,1.4844007641077042
67764224,669.8316507339478,1000.0,1.4050799580290914,690.4624762535095,1000.0,1.3303367272019386,673.9312739372253,1000.0,1.382971798069775,666.2237248420715,1000.0,1.2659129425883293
67895296,670.6179523468018,1000.0,1.3798011299222708,689.3847799301147,1000.0,1.3149684816598892,675.3170595169067,1000.0,1.3831841889768839,668.3641686439514,1000.0,1.4138646181672812
68026368,669.5983347892761,1000.0,1.3277787193655968,689.6411848068237,1000.0,1.4426464177668095,676.6133260726929,1000.0,1.3379338644444942,668.6435136795044,1000.0,1.236106764525175
68157440,667.9968423843384,1000.0,1.4840260036289692,690.1640944480896,1000.0,1.3479935675859451,678.277774810791,1000.0,1.226258810609579,668.1563854217529,1000.0,1.3950757067650557
68288512,667.751748085022,1000.0,1.4093325436115265,690.6172065734863,1000.0,1.5778345204889774,675.4611716270447,1000.0,1.237982701510191,667.5553669929504,1000.0,1.2398869469761848
68419584,666.3140320777893,1000.0,1.3471696227788925,692.1206965446472,1000.0,1.36598892044276,679.3400726318359,1000.0,1.5327636650763452,668.9923825263977,1000.0,1.5381167400628328
68550656,669.1571726799011,1000.0,1.2140892893075943,693.0710473060608,1000.0,1.772520273923874,679.8899354934692,1000.0,1.3911331836134195,667.2672944068909,1000.0,1.1765705198049545
68681728,668.646725654602,1000.0,1.3369323499500751,693.6582374572754,1000.0,1.63134102569893,677.4038228988647,1000.0,1.3101700404658914,668.3034663200378,1000.0,1.135055735707283
68812800,668.1888990402222,1000.0,1.2979197278618813,692.8566699028015,1000.0,1.4623894318938255,677.2309861183167,1000.0,1.1977295596152544,667.0246706008911,1000.0,1.2204106319695711
68943872,669.6308426856995,1000.0,1.1823840141296387,690.5145168304443,1000.0,1.3569194786250591,677.6430311203003,1000.0,1.2337698638439178,668.6450691223145,1000.0,1.5497635081410408
69074944,669.1136317253113,1000.0,1.4297209531068802,691.4476823806763,1000.0,1.4000230971723795,678.3116111755371,1000.0,1.4402142763137817,669.8021116256714,1000.0,1.324749693274498
69206016,668.7195415496826,1000.0,1.5487097352743149,690.1791572570801,1000.0,1.398616760969162,676.8549604415894,1000.0,1.2903425842523575,667.5812606811523,1000.0,1.4577247239649296
69337088,669.0943350791931,1000.0,1.422378085553646,690.6582899093628,1000.0,1.7591624185442924,677.5785913467407,1000.0,1.6265218034386635,667.5574669837952,1000.0,1.3052735775709152
69468160,668.3905563354492,1000.0,1.140826703980565,689.1993651390076,1000.0,1.287247359752655,677.3702764511108,1000.0,1.26527289301157,667.6603965759277,1000.0,1.2080094367265701
69599232,668.7611365318298,1000.0,1.0865081176161766,690.7171120643616,1000.0,1.4476050958037376,679.3579049110413,1000.0,1.5213014893233776,666.5739974975586,1000.0,1.2862238138914108
69730304,669.2585549354553,1000.0,1.176233360543847,689.2549047470093,1000.0,1.42876460775733,680.2547879219055,1000.0,1.4406610876321793,667.4929933547974,1000.0,1.299683484248817
69861376,667.1051754951477,1000.0,1.2327908724546432,684.8844871520996,1000.0,1.5121404379606247,678.925196647644,1000.0,1.6286206915974617,667.4439034461975,1000.0,1.4517412707209587
69992448,665.8844919204712,1000.0,1.2155625075101852,684.5625658035278,1000.0,1.4202095605432987,679.0192294120789,1000.0,1.4443726316094398,668.4323778152466,1000.0,1.4316670708358288
70123520,667.9382653236389,1000.0,1.2508638706058264,686.2654209136963,1000.0,1.407895002514124,679.589469909668,1000.0,1.5812158584594727,667.2870383262634,1000.0,1.3209602092392743
70254592,669.6559572219849,1000.0,1.4239955991506577,687.3707556724548,1000.0,1.5283081978559494,680.8011198043823,1000.0,1.3837378770112991,669.0328497886658,1000.0,1.196828979998827
70385664,671.598895072937,1000.0,1.1805991791188717,687.5659847259521,1000.0,1.2572844102978706,681.1244225502014,1000.0,1.4283192530274391,667.5717039108276,1000.0,1.466166164726019
70516736,670.7952499389648,1000.0,1.437877006828785,687.0859093666077,1000.0,1.2404550611972809,679.1388578414917,1000.0,1.2613162752240896,668.3394751548767,1000.0,1.4261371865868568
70647808,669.9737868309021,1000.0,1.4896097667515278,688.9430527687073,1000.0,1.7688715606927872,679.3476696014404,1000.0,1.3172115460038185,670.3641495704651,1000.0,1.2980657169828191
70778880,671.2003984451294,1000.0,1.3046088963747025,689.1891150474548,1000.0,1.5545172467827797,680.007562160492,1000.0,1.247078999876976,670.1330552101135,1000.0,1.3177717477083206
70909952,672.21147108078,1000.0,1.365261010825634,688.3131380081177,1000.0,1.4786778464913368,681.713436126709,1000.0,1.3872448559850454,670.680896282196,1000.0,1.4333645552396774
71041024,671.6535696983337,1000.0,1.4859243482351303,688.5194478034973,1000.0,1.4573970846831799,684.4205322265625,1000.0,1.4690432026982307,669.3667550086975,1000.0,1.448923660442233
71172096,669.7521800994873,1000.0,1.2288772352039814,686.5138554573059,1000.0,1.5162671953439713,680.2272624969482,1000.0,1.2963768728077412,669.9118824005127,1000.0,1.2939026094973087
71303168,672.5173244476318,1000.0,1.2260527908802032,687.1727132797241,1000.0,1.3761909529566765,679.8255152702332,1000.0,1.579365223646164,668.7748923301697,1000.0,1.3640138655900955
71434240,674.1686172485352,1000.0,1.526684295386076,688.3869347572327,1000.0,1.2638751701451838,677.9539766311646,1000.0,1.3904232755303383,668.2941694259644,1000.0,1.368080422282219
71565312,674.3505458831787,1000.0,1.3736857026815414,690.498731136322,1000.0,1.3629659414291382,679.9494061470032,1000.0,1.5524925934150815,668.8373293876648,1000.0,1.313516341149807
71696384,672.9955739974976,1000.0,1.4137884862720966,689.8364882469177,1000.0,1.5576262548565865,680.3855023384094,1000.0,1.3833327516913414,670.2575068473816,1000.0,1.2726646549999714
71827456,672.493402004242,1000.0,1.3070456832647324,690.5766353607178,1000.0,1.3571725469082594,680.5843515396118,1000.0,1.2514826841652393,669.2082023620605,1000.0,1.2972116246819496
71958528,671.9275269508362,1000.0,1.3403711318969727,690.4841055870056,1000.0,1.5574284084141254,682.2489409446716,1000.0,1.4888993138447404,668.6319622993469,1000.0,1.3820875473320484
72089600,673.0718307495117,1000.0,1.213363066315651,690.8464226722717,1000.0,1.333697997033596,681.5540933609009,1000.0,1.232762947678566,669.9119844436646,1000.0,1.3055101037025452
72220672,673.2502546310425,1000.0,1.512608777731657,690.6393098831177,1000.0,1.5741111785173416,682.5566077232361,1000.0,1.4416301622986794,671.561288356781,1000.0,1.3597380928695202
72351744,671.5683784484863,1000.0,1.4338004179298878,691.5890855789185,1000.0,1.4494974985718727,680.4868626594543,1000.0,1.579041562974453,670.3812818527222,1000.0,1.4845435246825218
72482816,672.6095609664917,1000.0,1.4434363543987274,693.2949528694153,1000.0,1.5417892914265394,680.7539567947388,1000.0,1.3531631976366043,671.1427483558655,1000.0,1.385764203965664
72613888,673.2479915618896,1000.0,1.5263009518384933,691.6829271316528,1000.0,1.7320676743984222,681.6796326637268,1000.0,1.1803377270698547,669.0798563957214,1000.0,1.24998052790761
72744960,671.4724144935608,1000.0,1.4636520128697157,692.4084944725037,1000.0,1.364634764380753,681.1404666900635,1000.0,1.4866214436478913,668.7716603279114,1000.0,1.2670333459973335
72876032,671.4565353393555,1000.0,1.4058266002684832,690.8569798469543,1000.0,1.2921787649393082,681.3961324691772,1000.0,1.3249143064022064,668.6920456886292,1000.0,1.1581038497388363
73007104,670.37815284729,1000.0,1.2021343046799302,689.7866401672363,1000.0,1.4321846663951874,681.6969223022461,1000.0,1.1054980233311653,666.3921551704407,1000.0,1.322458915412426
73138176,673.3590536117554,1000.0,1.207185622304678,690.4115257263184,1000.0,1.633561171591282,680.7640013694763,1000.0,1.2377950549125671,668.5536003112793,1000.0,1.2646380253136158
73269248,673.4645833969116,1000.0,1.2849219217896461,692.0003981590271,1000.0,1.3395088352262974,682.31480884552,1000.0,1.465482802130282,667.1163263320923,1000.0,1.2111176997423172
73400320,673.3084774017334,1000.0,1.2611021399497986,690.4357562065125,1000.0,1.5828639436513186,680.88614320755,1000.0,1.2771157696843147,668.3920812606812,1000.0,1.2941292114555836
