collected_frames,state/lin_velocity,state/lin_velocity_max,state/lin_velocity_min,state/ang_velocity,state/ang_velocity_max,state/ang_velocity_min,state/roll,state/roll_max,state/roll_min,state/pitch,state/pitch_max,state/pitch_min,state/success_lin_velocity,state/lin_vel_mean,state/lin_vel_max,state/lin_vel_min,state/ang_vel_mean,state/ang_vel_max,state/ang_vel_min,state/roll_deg_mean,state/roll_deg_max,state/roll_deg_min,state/pitch_deg_mean,state/pitch_deg_max,state/pitch_deg_min,state/dist_to_goal,state/clearance_mean,state/clearance_min,state/clearance_max,state/pct_healthy
131072,,,,,,,,,,,,,,0.23543637921102345,1.0174708208069205,0.00963824828744464,0.2091288062511012,2.0498129974585027,0.004903730664182149,0.1018269187916303,5.5619365447200835,4.509306532818336e-05,11.385694254357077,47.467703426780645,0.0005292967907832846,2.6667470913380384,0.0193748337778743,-0.5412899553775787,0.6622172850184143,1.0
262144,0.09742620872566476,0.9338236725889146,0.0011634924052827955,0.1635540050920099,1.8254715399816632,0.005131909479587193,-0.00010287503889117033,0.04926871734642191,-0.13974973392032553,-0.07753775906166993,0.8923050328157842,-1.059339449275285,0.3288600778323598,,,,,,,,,,,,,,,,,
262144,,,,,,,,,,,,,,0.09742955741239712,0.9338236725889146,0.0011634924052827955,0.1635698532918468,1.8255758183076978,0.005131909479587193,0.07573533762479201,8.012223082594573,3.95271043700518e-05,14.814550906419754,62.6016765832901,0.0009580836360569833,2.346211628988385,0.009591246463969583,-0.6653350740671158,0.7495912481099367,1.0
393216,0.16390434198547155,0.9868429619818926,0.001271342743052628,0.1838906480697915,1.851804776582867,0.005408577156231331,1.93175377347643e-05,0.04018014800385572,-0.047603144266759045,-0.0567501024233934,0.8830655538477004,-0.9749766867607832,0.24826069548726082,,,,,,,,,,,,,,,,,
393216,,,,,,,,,,,,,,0.1639057855354622,0.9868429619818926,0.001271342743052628,0.18391082028392702,1.8542078458704054,0.005408577156231331,0.07365981259499677,3.1211454095318913,4.731926375423079e-05,13.041482862085104,57.88007381558418,0.0006787578929189353,2.5043056420981884,0.014571100677130744,-0.6760840341448784,0.7000883733853698,1.0
524288,0.14206244272645563,1.0147046679630876,0.0010944549471787468,0.17952176404651254,2.0891128573566675,0.005078745098217041,-3.833455755142268e-05,0.046993437586934306,-0.1045627596322447,-0.05166717077372596,0.8964124764315784,-1.199194104410708,0.36289748828858137,,,,,,,,,,,,,,,,,
524288,,,,,,,,,,,,,,0.14206365559948608,1.0147046679630876,0.0010944549471787468,0.17953386111184955,2.0891128573566675,0.005078745098217041,0.07914900514879264,6.4030104372650385,3.8352486066983715e-05,13.178180232644081,68.87976738810539,0.0006071023261959851,2.457994783297181,0.01644109306289465,-0.6812939750961959,0.73383226711303,1.0
655360,0.13637096516322345,1.0883842129260302,0.001163680725028371,0.17653588682878762,2.095730752684176,0.004897871131106513,2.4071605650988204e-05,0.03787291365733836,-0.051158916190615855,-0.055880761094158515,0.8943912452086806,-1.203131390735507,0.28114039346110076,,,,,,,,,,,,,,,,,
655360,,,,,,,,,,,,,,0.13637021533213556,1.0883842129260302,0.001163680725028371,0.17654245079029351,2.095730752684176,0.004897871131106513,0.06559049533098005,3.1625913800671697,4.35308588472294e-05,13.0895224660635,69.18869876861572,0.0007028149253915927,2.4672332629561424,0.011999025720797363,-0.6892181681469083,0.7538998192176223,1.0
786432,0.1518810149282217,1.0234041372314095,0.001150047662747511,0.181399816297926,2.026600880548358,0.0050773769185070705,-5.91412931925106e-05,0.05476758553413674,-0.0712614985241089,-0.056661159673240036,0.8900072854012251,-1.2437536418437958,0.3303519679757301,,,,,,,,,,,,,,,,,
786432,,,,,,,,,,,,,,0.15188074088655412,1.0234041372314095,0.001150047662747511,0.18140168266836554,2.026600880548358,0.0050773769185070705,0.08041682513430715,4.649041272699833,4.5046518937996716e-05,13.668270386755466,71.32193565368652,0.00046268264416937654,2.422954248264432,0.013831522061082069,-0.6569520081393421,0.7295311447232962,1.0
917504,0.12624111818149686,1.0130053269676864,0.0012724734345965771,0.1716487129451707,1.9569811336696148,0.005738947321788146,-6.388277382995966e-05,0.051971006774692796,-0.0897652913845377,-0.06165610143216327,0.8936802307143807,-1.285439488478005,0.3680937340250239,,,,,,,,,,,,,,,,,
917504,,,,,,,,,,,,,,0.12624592223437503,1.0130053269676864,0.0012724734345965771,0.1716791638173163,1.9569811336696148,0.005738947321788146,0.07729186871438287,5.5195448361337185,4.10928348496542e-05,13.328182153403759,74.02070397138596,0.0005540641165779903,2.39993535540998,0.0053448154185389285,-0.6423040870577097,0.7560126939788461,1.0
1048576,0.1526090499246493,1.0392208467237651,0.001323443620492526,0.18134234473109245,2.0906486716121435,0.005296532875036064,0.0002184665644335837,0.35376787892892025,-0.07006082069710828,-0.053636052762158215,0.8991052457131445,-1.0382546712644398,0.30027696874458343,,,,,,,,,,,,,,,,,
1048576,,,,,,,,,,,,,,0.15261006145738065,1.0392208467237651,0.001323443620492526,0.181350413011387,2.0906486716121435,0.005296532875036064,0.09844469971721992,20.39686645567417,3.883134960898371e-05,12.518562786281109,59.7449925839901,0.000589698382676973,2.516867946833372,0.0148360924104054,-0.6643393174745142,0.7710332348942757,1.0
1179648,0.1472026011565079,1.363061973452568,0.0044223364869443085,0.17813675908371807,2.2584554573645192,0.00788408944371137,4.112886909357035e-05,0.031923391707047506,-0.02783253005652417,-0.03041947921301471,1.3185871512950205,-0.5774701491730714,0.19219897560154398,,,,,,,,,,,,,,,,,
1179648,,,,,,,,,,,,,,0.13184239552356303,1.0134231024421751,0.0012939890220877714,0.17649442632682621,2.085145255550742,0.005684636138994392,0.10751234198687598,25.19926868751645,4.400955958305808e-05,13.301250346004963,68.30184063315392,0.0005678901684760262,2.452916156500578,0.017771994032955263,-0.6980335051193833,0.7776135737076402,1.0
1310720,0.1759886189829558,1.476254724431783,0.0023346149587268883,0.1868823004188016,2.4828254114836454,0.007237608208924939,3.980145258619672e-05,0.03656002311618067,-0.033155795477796346,-0.015597577128573903,1.3597306413576007,-0.5965785211883485,0.22768288548104465,,,,,,,,,,,,,,,,,
1310720,,,,,,,,,,,,,,0.15050062056383992,1.3954377346728222,0.004221110315549858,0.1800974994190935,2.3490405778164964,0.007821777999394606,0.06200108148300661,16.41553017661166,3.84719984095275e-05,7.157013785727996,78.13871121616383,0.009119674270823264,2.6590607457132225,0.22766732224347405,-0.42542872660939235,0.7333424074283565,1.0
1441792,0.13582165783736855,1.120805624872446,0.002407367922899084,0.18444138776976615,2.01634450443089,0.008116184048049035,1.2165767607541511e-05,0.03226139350590529,-0.037778446487209294,-0.05889709378243424,1.019094203133136,-0.8446536436676979,0.3593891062773764,,,,,,,,,,,,,,,,,
1441792,,,,,,,,,,,,,,0.13586443522945046,1.1247828821651638,0.002407367922899084,0.1845943892840296,2.037431343458593,0.008116184048049035,0.05594149959506467,2.5392125891521573,4.158213928606713e-05,7.138217162340879,62.05065855383873,0.0010695322403115881,2.5864316280931234,0.17601244221441448,-0.5615133536048234,0.7314756633713841,1.0
1572864,0.13726195937488228,1.028850482776761,0.0014694531803627342,0.18128213856834918,1.9964127773419023,0.006090978149131843,-5.1863256663509105e-05,0.04372274056368042,-0.057659735713968985,-0.04968662321334705,0.8528343476355076,-1.1553121381439269,0.29823796020355076,,,,,,,,,,,,,,,,,
1572864,,,,,,,,,,,,,,0.13726488122483715,1.028850482776761,0.0014694531803627342,0.18129650317132473,1.9964127773419023,0.006090978149131843,0.0703969880414661,3.579733376391232,4.381540782283366e-05,9.527890495955944,66.43071028590202,0.0010879458252937013,2.561622004956007,0.09881530242273584,-0.6357966656796634,0.7080427003093064,1.0
1703936,0.15238868247251958,1.0806118249893188,0.001529296447500883,0.18412407813593745,2.112826518714428,0.006098094614344518,-0.0005056754247334538,0.041415862637222745,-0.27844256593380123,-0.034764682306558825,0.8964540367014706,-1.1945878863334656,0.3711079297354445,,,,,,,,,,,,,,,,,
1703936,,,,,,,,,,,,,,0.152390758972615,1.0806118249893188,0.001529296447500883,0.1841443267185241,2.112826518714428,0.006098094614344518,0.10216714639682323,15.953584052622318,4.4956583002520034e-05,12.545159056782722,68.7326429784298,0.0006191702536106902,2.501358449459076,0.0222314403654309,-0.6426836033351719,0.7418938037008047,1.0
1835008,0.1317749184090644,1.0151220569387078,0.001443660859308693,0.17476620129309595,2.0149725480005145,0.005883336586521182,-2.2687413942179546e-05,0.04244779267173726,-0.06056026360602118,-0.03722625577938743,0.8993508205749094,-1.0823634723201394,0.3033396400860511,,,,,,,,,,,,,,,,,
1835008,,,,,,,,,,,,,,0.13177774456562474,1.0151220569387078,0.001443660859308693,0.17478624428622425,2.0149725480005145,0.005883336586521182,0.06901437632041052,3.7170966025441885,4.149459446267656e-05,12.900180488824844,63.27036580443382,0.0006944013328147314,2.4531818218529224,0.02425523172132671,-0.6641459106467664,0.7544937618076801,1.0
1966080,0.1492177926702425,1.085226305294782,0.0013205169533421213,0.18024955899454653,2.087713393382728,0.0055327599195607036,-6.361394928688924e-05,0.06268567701044958,-0.11791237993747927,-0.04980423714732751,0.8948118421249092,-1.2083325693383813,0.3488962221890688,,,,,,,,,,,,,,,,,
1966080,,,,,,,,,,,,,,0.14922187197953463,1.085226305294782,0.0013205169533421213,0.18027310620527714,2.087713393382728,0.0055327599195607036,0.0817142573359888,7.573613818734884,4.474395679515686e-05,12.681772865355015,69.67412316799164,0.0005877785231760413,2.451491890475154,0.02526631647197064,-0.6611072085797787,0.7580492338165641,1.0
2097152,0.13895556691568345,1.072664575651288,0.001491566046411208,0.1771130484994501,1.9958268636837602,0.0058869917074844125,-0.00048258798699407635,0.09735437748895492,-0.42802198976278305,-0.05546190743916668,0.8968170243315399,-1.1549385404214263,0.3646889184601605,,,,,,,,,,,,,,,,,
2097152,,,,,,,,,,,,,,0.13896476838272065,1.072664575651288,0.001491566046411208,0.17713747604284436,2.0053278850391507,0.0058869917074844125,0.11160262196790427,25.540492847561836,3.92186262891947e-05,13.022238917648792,66.39863336086273,0.0005855891980712791,2.4229833092540503,0.023722699319478124,-0.6845578202046454,0.7882858784869313,1.0
2228224,0.12618724020508426,1.1746086729069551,0.00587735830587917,0.19681946480025847,1.9021107271810371,0.009290877553806542,8.023478868475801e-05,0.046738886759024656,-0.05099086119250084,-0.1192883089871854,1.249113826035415,-0.5942076576902764,0.2079769734557097,,,,,,,,,,,,,,,,,
2228224,,,,,,,,,,,,,,0.14384758623782545,1.0745080458000302,0.0012384959743485524,0.1802660475950688,2.0437071416527033,0.005586808717453096,0.09060692478669807,18.726394530385733,3.645283984499148e-05,13.169868379831314,65.46678268909454,0.0007174920904944315,2.4530100896954536,0.024649947226862423,-0.6675055138766766,0.7978244749829173,1.0
2359296,0.1602511871024035,1.350672937463969,0.002495813567065852,0.21892474265769124,2.2416408085264266,0.009635214273657766,3.2871976788584334e-05,0.04977849408896873,-0.07385768364110845,-0.1279718831065111,1.0579697024077177,-0.5936568332836032,0.18815655377693474,,,,,,,,,,,,,,,,,
2359296,,,,,,,,,,,,,,0.129577052664483,1.200159097202571,0.005551426282861019,0.1991639344066561,1.95349137718419,0.009324066635237986,0.06135564222188487,6.2048415049927375,3.886825039792776e-05,8.812039460821346,72.31491173898621,0.017433088788935642,2.663236994161663,0.14334559467167846,-0.4201024274106126,0.7138174804129515,1.0
2490368,0.1154328923439607,0.9806467588059604,0.002323804357502013,0.16699629626236856,1.8510280107147992,0.007554397228886955,6.624783567765746e-05,0.04041279124794528,-0.05887632789381314,-0.08715813077287748,0.988034953828901,-0.7412237520329654,0.32458474778104573,,,,,,,,,,,,,,,,,
2490368,,,,,,,,,,,,,,0.11545787542127073,0.9806467588059604,0.002323804357502013,0.16702155745588243,1.8510280107147992,0.007554397228886955,0.049949787091463804,3.919438964687288,3.792717341322138e-05,7.518539108335972,58.62584373354912,0.0016634964805817276,2.5858116131275892,0.11803352268179879,-0.5445923714432865,0.722816055174917,1.0
2621440,0.1402329834527336,1.0114968293346465,0.001834490722899318,0.17653120157774538,1.925113422330469,0.006695948471133306,-7.323307897877385e-06,0.041028379870112985,-0.05230964004294947,-0.054686164934537373,0.8779662777669728,-0.9579347684048116,0.27093261398840696,,,,,,,,,,,,,,,,,
2621440,,,,,,,,,,,,,,0.14023295923834667,1.0114968293346465,0.001834490722899318,0.17653747089207172,1.9254436790943146,0.006695948471133306,0.059619252977427095,3.5336705343797803,3.4329763795915014e-05,9.136556476354599,57.382320523262024,0.0011204478537223395,2.5773220155388117,0.07059927703812718,-0.6074212840758264,0.7073562350124121,1.0
2752512,0.15353951533325016,1.0867499057203531,0.001460958053144168,0.18452515662647784,2.0704340566881,0.005849530443811091,1.5607440829512598e-05,0.05491330135555472,-0.06726345028437208,-0.04505618999246508,0.8956069694831967,-1.1592080811969936,0.3410458799917251,,,,,,,,,,,,,,,,,
2752512,,,,,,,,,,,,,,0.15354059950914234,1.0867499057203531,0.001460958053144168,0.18452931847423315,2.0704340566881,0.005849530443811091,0.0750439113471657,4.508852461352944,4.262634665330722e-05,12.53664018213749,66.71643149852753,0.000653581986868268,2.4860340170562267,0.028633381822146475,-0.632674137596041,0.7688439348712564,1.0
2883584,0.13731141126481816,1.0722608333453536,0.0017938030261319682,0.17718446091748774,1.9108364679850638,0.00613530326199907,7.31441309298475e-05,0.09937682739109732,-0.059900450869463384,-0.03928896119759884,0.9082955834455788,-1.1786147626116872,0.33377449039835483,,,,,,,,,,,,,,,,,
2883584,,,,,,,,,,,,,,0.1373305970337242,1.0816594366915524,0.0017938030261319682,0.17721277149394155,1.9259738796390593,0.00613530326199907,0.07211553247179836,7.051313100382686,4.670782759563785e-05,12.515012860298157,68.04987388849258,0.0007455855515061671,2.4550771322101355,0.029124499022145756,-0.5900249858386815,0.7610636856406927,1.0
3014656,0.1474519051844254,1.0626813457347453,0.0017177108502437477,0.1815607047174126,2.0898647820577025,0.005800788636861398,5.70798782959514e-05,0.06613334610301536,-0.05392787992605008,-0.034390990433166735,0.898886623326689,-1.1554589001461864,0.3326547236647457,,,,,,,,,,,,,,,,,
3014656,,,,,,,,,,,,,,0.1474519051844254,1.0626813457347453,0.0017177108502437477,0.1815607047174126,2.0898647820577025,0.005800788636861398,0.07279581343755126,4.419637981802225,4.2053370321148975e-05,12.640265829861164,66.20291921496391,0.0006786867922912165,2.45088492333889,0.0339569128700532,-0.5913690589368343,0.7325089266523719,1.0
3145728,0.13490913744317368,1.0944756586104631,0.0016515005825112894,0.1772106062853709,2.0753170028328896,0.006166234069951315,0.00014423300945054507,0.07840392772050109,-0.04302031757833902,-0.031787021085619926,0.9058174099773169,-1.075011438690126,0.3534710658714175,,,,,,,,,,,,,,,,,
3145728,,,,,,,,,,,,,,0.13492992491228506,1.1036063795909286,0.0016515005825112894,0.17726843745913357,2.0908377738669515,0.006166234069951315,0.070760409347713,7.2429966712370515,4.522083494062912e-05,12.452092044055462,64.8226315677166,0.00095454137361628,2.444236135110259,0.03396018818602897,-0.5748903686180711,0.7398922992870212,1.0
3276800,0.1493826943077147,1.4148104815433422,0.006298624597038725,0.20874136448527375,2.205230277478695,0.009670915551881383,4.290135361439222e-06,0.09431605980649085,-0.08006059375610979,-0.054354503784610035,1.277170497092011,-0.5465405269502662,0.1783765074983239,,,,,,,,,,,,,,,,,
3276800,,,,,,,,,,,,,,0.14725780434673652,1.1169027471914887,0.0012868912769476992,0.17933880572672933,2.045810939744115,0.005970763479581365,0.0754157583869528,6.19254550524056,4.651394276344867e-05,12.021444573998451,59.898993492126465,0.0007720807491296,2.501003311946988,0.03794166864827275,-0.5826611248776317,0.7587051293812692,1.0
3407872,0.19740821002051234,1.6072560693137348,0.003160328806416146,0.2276778513332829,2.53882488142699,0.009408881407580338,0.0001738248443459156,0.12893416144652292,-0.09949990719906054,-0.04117821874751826,1.323696505278349,-0.5375153529457748,0.19669521832838655,,,,,,,,,,,,,,,,,
3407872,,,,,,,,,,,,,,0.1543559528472104,1.4579426395112132,0.0059961382557738975,0.21131555713062367,2.3462118178785567,0.009645659248816222,0.29161812943905724,18.868128520986403,5.733130904569716e-05,5.324694900333051,75.83649777029697,0.002248408970034853,2.621414481875408,0.20137094745771184,-0.4262711257191308,0.7478151590260397,1.0
3538944,0.11590279085794464,1.1181043591350317,0.002727155068441789,0.17924006399698555,1.9650109019130468,0.008152038455591537,2.0291321206400426e-05,0.057993024005554616,-0.051853986326023005,-0.06686830820399337,0.8675743001513183,-0.7303063627332449,0.2621032483075396,,,,,,,,,,,,,,,,,
3538944,,,,,,,,,,,,,,0.11594869091641158,1.126497330609709,0.002727155068441789,0.1793497420148924,1.9978697579354048,0.008152038455591537,0.07399591081775725,5.421353766694665,4.740850065099167e-05,6.1230662651360035,54.19181704521179,0.0014079641949642507,2.534581007435918,0.16929269209504128,-0.5515967851970345,0.7561302366666496,1.0
3670016,0.14725134248146787,1.0305406115949154,0.002070076788584174,0.18517611909192055,1.958357462193817,0.007491486604521924,-1.5021817084459599e-05,0.03501861012773588,-0.05826101567072328,-0.060866241954499856,0.8776192027144134,-1.1750567154958844,0.2502572521334514,,,,,,,,,,,,,,,,,
3670016,,,,,,,,,,,,,,0.14725134248146787,1.0305406115949154,0.002070076788584174,0.18517611909192055,1.958357462193817,0.007491486604521924,0.06396512337960303,3.6605957187712193,4.0925480862208374e-05,9.079589452594519,67.32579106092453,0.000984308350892249,2.5763930715620518,0.09942047914955765,-0.6714362036436796,0.7368221040815115,1.0
3801088,0.15029990870971233,1.0798100857064128,0.0015779459265559126,0.1812986375298351,2.1221176106482744,0.005806195568311523,4.5207740100750016e-05,0.04367199051193893,-0.05768871563486755,-0.04874053434468806,0.899243897292763,-1.0792552987113595,0.34997913072584197,,,,,,,,,,,,,,,,,
3801088,,,,,,,,,,,,,,0.1503016579663381,1.0798100857064128,0.0015779459265559126,0.181311568710953,2.1221176106482744,0.005806195568311523,0.06762265900033526,4.052860660478473,3.682619471201409e-05,12.58568350225687,63.599838733673096,0.0006631809871269212,2.4849598426371813,0.03662317922862712,-0.6542445435188711,0.7500029210932553,1.0
3932160,0.1327838219003752,1.104220665525645,0.001476595082976928,0.17572950897738338,1.9394578728824854,0.00600446858061332,0.00021517447284935542,0.11494531805510633,-0.041812917464994825,-0.04505599904223345,0.9006282947957516,-1.1266317423433065,0.3040832972546923,,,,,,,,,,,,,,,,,
3932160,,,,,,,,,,,,,,0.1327838219003752,1.104220665525645,0.001476595082976928,0.17572950897738338,1.9394578728824854,0.00600446858061332,0.06593245023395866,6.9473951971158385,4.702973315168224e-05,12.234540097415447,64.87241607904434,0.001009612474199173,2.453369067981839,0.04256446784711443,-0.684714118950069,0.7821628889068961,1.0
4063232,0.15182088792789727,1.0653679897077382,0.0013785526913920876,0.18191726377699524,2.1112757176160812,0.005544357038615999,3.6151663231009934e-05,0.041804800886893645,-0.056697895750403404,-0.041540491045452654,0.8907343274913728,-1.1237849052995443,0.33107398566789925,,,,,,,,,,,,,,,,,
4063232,,,,,,,,,,,,,,0.1518221505684778,1.0653679897077382,0.0013785526913920876,0.1819316886831075,2.1112757176160812,0.005544357038615999,0.06783310993341729,3.6673429841175675,4.351725981610599e-05,11.882125198841095,65.25525245070457,0.0007342009265300931,2.457490397617221,0.04490639455616474,-0.6459422847256064,0.7858889447525144,1.0
4194304,0.12816822878085077,1.0599838988855481,0.0012966934698965815,0.17400250036735088,2.0299113765358925,0.005759073179888219,0.00022619850727778612,0.20908048472483642,-0.06873825473303441,-0.06167898332932964,0.8961384557187557,-1.1794115165248513,0.3467350234859623,,,,,,,,,,,,,,,,,
4194304,,,,,,,,,,,,,,0.12817918584914878,1.0622428311035037,0.0012966934698965815,0.17402826878242195,2.0299113765358925,0.005759073179888219,0.0748554099991452,12.057202883064747,3.937210207194397e-05,12.449585661292076,67.97892835736275,0.0006820261431457197,2.435657622292638,0.03817650570999831,-0.6414441070519388,0.8361377138644457,1.0
4325376,0.14314486116170883,1.2945135386784872,0.00599790370810903,0.17835311831285555,2.05552451086541,0.0082915298192529,2.167477564453198e-05,0.04006849518065186,-0.04598835299955681,-0.057905614650347464,1.2642908529685033,-0.5499479287233164,0.20615161356826622,,,,,,,,,,,,,,,,,
4325376,,,,,,,,,,,,,,0.15181887370999902,1.0694052875041962,0.00147707992573487,0.18265157786663622,2.1175920478999615,0.006071246524243179,0.06945011895732023,6.80909463763237,3.841014638528151e-05,12.531994596123695,62.77570956945419,0.0007013486882669895,2.502930136397481,0.04015611010254361,-0.6222843965515494,0.8320959433913231,1.0
4456448,0.18139838700881228,1.4542375709861517,0.002513383512450673,0.18710355437360704,2.2856451771222055,0.007369808757175633,1.699291535572911e-05,0.05456167718875804,-0.0490039868891472,-0.050596824708918575,1.3137889597564936,-0.5650178478099406,0.24182537547312677,,,,,,,,,,,,,,,,,
4456448,,,,,,,,,,,,,,0.14706289482650808,1.3237204000533345,0.0056620463398528035,0.17967471792306527,2.1188945168158018,0.008202689234956297,0.07000956864303809,11.67088774556339,4.1667533685154554e-05,6.225841351445338,74.6766189327744,0.0021036581292025926,2.632030113633857,0.2031628560962198,-0.42885088662515924,0.714698311794235,1.0
4587520,0.12715439009480178,1.099074387922883,0.0027689068151630636,0.18575656332541257,1.905918253120035,0.008659595992867253,-1.6185672453872257e-05,0.0394670154855703,-0.04916024867998203,-0.07233179322793148,1.180931021925062,-0.8707295046187937,0.3263706429861486,,,,,,,,,,,,,,,,,
4587520,,,,,,,,,,,,,,0.12719866196857765,1.1072986205108464,0.0027689068151630636,0.18586227390915155,1.9242116720415652,0.008659595992867253,0.05946597194997594,3.390416772570461,4.4355149427133256e-05,6.905390772968531,73.33655232191086,0.0012879746241685197,2.535494640469551,0.16738149418961257,-0.5164783028885722,0.740260399878025,1.0
4718592,0.1433715940802358,1.067230448126793,0.0018780073714310674,0.1835901273880154,1.9909225963056087,0.007426978042531118,1.9075846577010225e-05,0.04609563669509953,-0.040426799227134325,-0.061763528996380046,0.889283727388829,-0.9371616807766259,0.2855070948135108,,,,,,,,,,,,,,,,,
4718592,,,,,,,,,,,,,,0.14337633195100352,1.067230448126793,0.0018780073714310674,0.18359361146576703,1.9909225963056087,0.007426978042531118,0.06349936159676872,3.092181224375963,4.521343072790007e-05,9.291691031306982,55.39010986685753,0.001026454997179016,2.5513215214014053,0.09796309290686622,-0.6022367579862475,0.7402888983488083,1.0
4849664,0.15003010525833815,1.0534083843231201,0.001628663194821911,0.18266243673861027,2.0773722785525024,0.006263128010687069,0.00011540947571120341,0.08079121248738375,-0.059488104801857844,-0.05547647306229919,0.9031260758638382,-1.252792484126985,0.36120448845031206,,,,,,,,,,,,,,,,,
4849664,,,,,,,,,,,,,,0.15002945670858026,1.0534083843231201,0.001628663194821911,0.18266766448505223,2.0773722785525024,0.006263128010687069,0.07344471153919585,5.062847275286913,4.803720780577336e-05,11.70523303002119,72.10439693927765,0.000688127648025727,2.494496278464794,0.046659565938171,-0.6719750980846584,0.7639128835871816,1.0
4980736,0.1354467057972215,1.0678596585057676,0.00180101131252286,0.17721130780410022,1.9713531164452434,0.0064589919525133155,-2.188420090476484e-06,0.033246381710341666,-0.10825508221023483,-0.0549876686418429,0.9054399956949055,-1.1468941997736692,0.356155666297127,,,,,,,,,,,,,,,,,
4980736,,,,,,,,,,,,,,0.13545593165326864,1.067960103508085,0.00180101131252286,0.1772474618628621,1.9837531624361873,0.0064589919525133155,0.06572069754474796,7.614676517434418,4.2622351713011986e-05,11.505083575844765,66.02393272519112,0.0008333839667979959,2.457016456872225,0.0479823155910708,-0.6994746970012784,0.7624572515487671,1.0
5111808,0.15050606592558324,1.0673951245844364,0.0012812612507673293,0.1822179922601208,2.0263695074245334,0.0055546373009747185,-0.0002049002560511326,0.04218325688270852,-0.1621461533359252,-0.038091772265033796,0.8933080215938389,-1.167167424224317,0.3422952499240637,,,,,,,,,,,,,,,,,
5111808,,,,,,,,,,,,,,0.1505061760544777,1.0673951245844364,0.0012812612507673293,0.1822176892310381,2.0263695074245334,0.0055546373009747185,0.08487073075957596,9.330320434644818,4.967052760274093e-05,11.584930635988712,67.01041653752327,0.0007905897609816748,2.468896947801113,0.04559296905063093,-0.6927220174111426,0.7866310123354197,1.0
5242880,0.13818250299664214,1.0919269463047385,0.0017334181178512154,0.17854697827715427,2.031227642670274,0.006483386382114986,-6.141045779628485e-05,0.07080672225856688,-0.132389388687443,-0.02634832613694016,0.8932797224260867,-1.1775963082909584,0.37358672003028914,,,,,,,,,,,,,,,,,
5242880,,,,,,,,,,,,,,0.13819440634688362,1.0959840822033584,0.0017334181178512154,0.17858296970371157,2.041746189817786,0.006483386382114986,0.07394211436621845,8.313275720924139,4.398276547307178e-05,11.635572284460068,67.83068069815636,0.0009154172165475316,2.4377696700394154,0.05134693381842226,-0.6066015814431012,0.8312965827062726,1.0
5373952,0.14752788046374915,1.4427163208524387,0.0061602339426220475,0.20886117534711957,2.1313083532452586,0.009333660843161246,-0.00021602684405252145,0.09081028636190847,-0.08348965870221339,-0.06056620461039226,1.3050867783462552,-0.5640999305075578,0.20754871889327964,,,,,,,,,,,,,,,,,
5373952,,,,,,,,,,,,,,0.14886095828842372,1.1148467431776226,0.0021671142594641424,0.18115188216324896,2.146983692422509,0.0074421141425773385,0.07001623252290301,6.276469945907593,4.979549396250116e-05,11.430423997342587,54.48731803894043,0.0007880604609411535,2.46926574036479,0.05414115663734265,-0.6280466169118881,0.7200192147865891,1.0
5505024,0.18578164221253246,1.622487397864461,0.002743281659149943,0.22406684630550444,2.3876313935033977,0.009472316279243387,-0.0005404859490738545,0.0949610096286051,-0.10686198278563097,-0.04650149908616186,1.3461435297504067,-0.5853316974826157,0.1921123038046062,,,,,,,,,,,,,,,,,
5505024,,,,,,,,,,,,,,0.15149894048156867,1.477606711123722,0.005830889144215097,0.21090762901220875,2.2333122137709553,0.009347025222542656,0.5772114925883172,15.496501828583115,6.305310046625613e-05,6.3438302877075765,77.01506461120064,0.004028695094831349,2.6513126203453683,0.2019203300428726,-0.4254816071276205,0.7507572785827769,1.0
5636096,0.1263952386798337,1.1468793703243136,0.0028202987136864976,0.18277312524151057,2.0074822390452027,0.008728448545298306,-1.4286760731785364e-05,0.05800813820678741,-0.07754614198347554,-0.05487447066116147,1.0899827987886965,-0.7283889255486429,0.30368932263809256,,,,,,,,,,,,,,,,,
5636096,,,,,,,,,,,,,,0.12649259105091915,1.1719752317294478,0.0028202987136864976,0.1829072084510699,2.0235394295305014,0.008728448545298306,0.1035486125620082,7.7174064218997955,4.8247380220522995e-05,6.12751366943121,63.99766203761101,0.0016635034819145744,2.573464946821332,0.1703209166880697,-0.5341472830623388,0.79467764031142,1.0
5767168,0.14660475810524076,1.0638673640787601,0.0024849106404190024,0.18416428321506828,1.911412037909031,0.007795085098678101,-2.1432954099509516e-05,0.03668756251499872,-0.050830268213758245,-0.04566758371220203,0.8992856228724122,-0.7927005831152201,0.2969329433981329,,,,,,,,,,,,,,,,,
5767168,,,,,,,,,,,,,,0.14661753666587174,1.069343341048807,0.0024849106404190024,0.1842054455773905,1.93359555862844,0.007795085098678101,0.06212196688284166,4.60500852111727,3.973793809250448e-05,8.486886862665415,52.8510477244854,0.00153769955115024,2.558063507080078,0.10757670865859836,-0.5930961477570236,0.7367274966090918,1.0
5898240,0.15247531584464014,1.1600790107622743,0.0017709842974227286,0.18374272610526532,2.034299483988434,0.006395812724889538,3.306129821112336e-05,0.04053021401341539,-0.07864041414723033,-0.037511951581109315,0.8856646222993731,-1.0636533428914845,0.3947295243560802,,,,,,,,,,,,,,,,,
5898240,,,,,,,,,,,,,,0.15247604460455477,1.1600790107622743,0.0017709842974227286,0.18374970997683704,2.034299483988434,0.006395812724889538,0.06850211918936111,5.138121270108968,4.7055851439111764e-05,10.794363468885422,62.6395660340786,0.0008209793921913899,2.4756736867129803,0.06312532688025385,-0.6340961521491408,0.7655703844502568,1.0
6029312,0.1387990228831768,1.0590775171294808,0.0015991589103805381,0.17994003056082875,1.983106610365212,0.006247930403560531,1.9855508039512415e-05,0.043262658291496336,-0.07977532090444583,-0.035048473393544555,0.8944290126673877,-1.1907327976077795,0.31197571754455566,,,,,,,,,,,,,,,,,
6029312,,,,,,,,,,,,,,0.1388016267446801,1.0590775171294808,0.0015991589103805381,0.17995648190844804,1.983106610365212,0.006247930403560531,0.06668362699565478,4.980302445590496,4.479458387235402e-05,10.949567347764969,68.47053700685501,0.0010825773124238935,2.4604174941778183,0.06350321503123268,-0.6083901841193438,0.7793037537485361,1.0
6160384,0.14707037096377462,1.0954814217984676,0.0019879438892189683,0.18155520036816597,2.114728830754757,0.006882914978177723,5.346431581898514e-05,0.03280760785128223,-0.037450247204105835,-0.034762467388645746,0.8879725099541247,-1.1669452311471105,0.30345480400137603,,,,,,,,,,,,,,,,,
6160384,,,,,,,,,,,,,,0.14706946699880064,1.0954814217984676,0.0019879438892189683,0.18155509000644088,2.114728830754757,0.006882914978177723,0.0625383659498766,2.53683051886037,5.11355755186127e-05,10.924412243068218,67.00680941343307,0.0009049695600591434,2.454703215509653,0.06774449202930555,-0.6430765842087567,0.7778336815536022,1.0
6291456,0.13284227426629514,1.09905606508255,0.001850898642487664,0.17615989153273404,1.9862992065027356,0.007149726889110752,8.665287534626032e-05,0.03456115136214066,-0.045548437417892274,-0.036578278115484864,0.8926311968825758,-0.9537657210603356,0.3265060434641782,,,,,,,,,,,,,,,,,
6291456,,,,,,,,,,,,,,0.13284533796831965,1.09905606508255,0.001850898642487664,0.1761599852470681,1.9862992065027356,0.007149726889110752,0.05997252173256129,3.0119048901833594,4.825216702553092e-05,10.573707595467567,55.05203455686569,0.0009096355154056823,2.4489698205143213,0.07198471057927236,-0.5938419844023883,0.7248666458763182,1.0
6422528,0.14100667816586793,1.406125743240118,0.005783762993075167,0.20049704554180303,2.1257844062149527,0.009282194375846303,-0.00032818050165190016,0.08766348513313763,-0.08660775764738599,-0.07287046333214675,1.2823047319365044,-0.5474595395912183,0.23131966939816873,,,,,,,,,,,,,,,,,
6422528,,,,,,,,,,,,,,0.1525102666928433,1.14389986731112,0.0019146351374956794,0.18347374885343015,2.0936786802485585,0.006432614473396825,0.06207762027042918,3.139451013877988,4.148901914161757e-05,10.551899507641792,51.994444757699966,0.0008370918400970595,2.4987557902932167,0.06718846585135907,-0.5808794288896024,0.7427292186766863,1.0
6553600,0.174744751653634,1.5742458389140666,0.0027078195164449426,0.2166264585684985,2.5101598259061575,0.009351151920782286,-0.00047772317429561895,0.09727257542544976,-0.09668202046304941,-0.06495277478825301,1.346756142564118,-0.5870114434510469,0.24199864431284368,,,,,,,,,,,,,,,,,
6553600,,,,,,,,,,,,,,0.14452792534952513,1.431370124220848,0.005487286513399965,0.20257007564047733,2.197111553770591,0.009287620155838198,0.4452127517475915,15.286639787991676,4.7612051718314457e-05,6.17777794564889,75.66246458660834,0.004243454479949106,2.655011337744184,0.1861209808330715,-0.4243187998163413,0.7496937245848667,1.0
6684672,0.12378739658743143,1.1134841251187027,0.002678930668253088,0.17757504689507186,1.927995989099145,0.008500580381223699,-6.402471165500856e-05,0.03454741524910787,-0.043848503548360895,-0.062241128442110494,0.9163883179426193,-0.7300002011470497,0.3146310949232429,,,,,,,,,,,,,,,,,
6684672,,,,,,,,,,,,,,0.12382885260740295,1.1134841251187027,0.002678930668253088,0.17765907605644315,1.9373814761638641,0.008500580381223699,0.08013031748123467,3.106302888132632,4.425414919476123e-05,6.150083459913731,56.20286977291107,0.0015619780115052606,2.5952701177448034,0.1604430810548365,-0.48724621441215277,0.7527692411094904,1.0
6815744,0.14619457098888233,1.084062877111137,0.002422155771910184,0.18533059977926314,1.9743676045909524,0.007560710612779076,7.768092835647167e-05,0.06897932122956263,-0.04639991760632256,-0.04755130270496011,0.8563036848790944,-0.9488682923838496,0.2588703806977719,,,,,,,,,,,,,,,,,
6815744,,,,,,,,,,,,,,0.14621217612875625,1.0886723743751645,0.002422155771910184,0.18537851329892874,2.0017320523038507,0.007560710612779076,0.06511223909910768,5.566194238141179,5.241567550218207e-05,8.466035470366478,55.18112364411354,0.0011856972200519067,2.5735852792859077,0.10790976579301059,-0.5769997774623334,0.7440166594460607,1.0
6946816,0.14962425827980042,1.122977894730866,0.0020378121304247543,0.18241288152057678,2.0548031046055257,0.007241480156153557,-0.00015305519303865367,0.060941788397030905,-0.24404217186383903,-0.04423189163208008,0.898080906830728,-1.1576747791841626,0.33889691554941237,,,,,,,,,,,,,,,,,
6946816,,,,,,,,,,,,,,0.14963992172852159,1.1278708642348647,0.0020378121304247543,0.18245425471104681,2.056091298814863,0.007241480156153557,0.07881062472006306,13.98258663713932,5.424135176745892e-05,10.659441344439983,67.09847855567932,0.0010177040314545138,2.4849835224449635,0.07198148244060576,-0.5949981207959354,0.7621934283524752,1.0
7077888,0.13638083456316963,1.1383904768154025,0.002394386372770896,0.17802637664135545,2.031755667179823,0.0076169258854861255,3.792245908940117e-05,0.026901453293248778,-0.05292136640127865,-0.04037160369625781,0.8906034040264785,-1.2360071204602718,0.3371498880442232,,,,,,,,,,,,,,,,,
7077888,,,,,,,,,,,,,,0.13638083456316963,1.1383904768154025,0.002394386372770896,0.17802637664135545,2.031755667179823,0.0076169258854861255,0.058841415448114276,3.2500787395983934,4.123780936993171e-05,9.834712769836187,70.81799229979515,0.0013617892540320753,2.4683836568146944,0.07731066789710894,-0.6073616947978735,0.7817946840077639,1.0
7208960,0.1549155021784827,1.1629083040170372,0.002106037621615542,0.18446701974608004,2.092159193009138,0.007701166180140717,1.2242970797160524e-05,0.051419694609649014,-0.08049584089167183,-0.027805213205283508,0.9032715032808483,-1.1507059866562486,0.34962281794287264,,,,,,,,,,,,,,,,,
7208960,,,,,,,,,,,,,,0.1549241018947214,1.1629083040170372,0.002106037621615542,0.1844941859599203,2.0938715040683746,0.007701166180140717,0.07024260697653517,6.740189797244966,5.084317141701433e-05,10.235559605062008,66.76138186454773,0.0010375461518634665,2.4639292042702436,0.07139687502058223,-0.565479694865644,0.7756062922999263,1.0
7340032,0.13747745216824114,1.1076555298641324,0.0018389373338436599,0.17899074987508357,2.03181983390823,0.007526131042595807,0.00011414146309007833,0.04346377014007885,-0.059875076411117334,-0.023162044715718366,0.8970919675193727,-0.8512990796007216,0.3533954766462557,,,,,,,,,,,,,,,,,
7340032,,,,,,,,,,,,,,0.13749103515874594,1.1133400853723288,0.0018389373338436599,0.1790190766332671,2.0429762550629675,0.007526131042595807,0.0623961687379051,5.297457511536777,4.4653835560515276e-05,10.4903819039464,53.70226609706879,0.001268804811509483,2.4486828725785017,0.07245628477539867,-0.5939295492134988,0.7687656423076987,1.0
7471104,0.14260008498094978,1.3317516183108091,0.0072104274503847895,0.1763852543197572,2.1411176896840334,0.008252862641044582,-2.04446747371397e-05,0.05712244026726694,-0.0693542300570213,-0.06321482205533055,1.271070254621057,-0.5590388779063747,0.15893147334456442,,,,,,,,,,,,,,,,,
7471104,,,,,,,,,,,,,,0.145318498427514,1.1511277207173407,0.0017379330560061135,0.18187804124318063,1.9937518890947104,0.007203035662314505,0.06152933445991948,3.1200556410476565,4.939991849595149e-05,10.23680429160595,58.33820676803589,0.001039215610949995,2.4766237381845713,0.07761200080858544,-0.639255472458899,0.7906418805941939,1.0
7602176,0.1889541633427143,1.5777766918763518,0.0025701072211177234,0.18865619727876037,2.49888679292053,0.008380159325497516,4.718939495873542e-05,0.11683588538289769,-0.09458521457054303,-0.0523422617916367,1.3147822497412562,-0.573541197925806,0.18173359264619648,,,,,,,,,,,,,,,,,
7602176,,,,,,,,,,,,,,0.14748537719406815,1.3722271121006056,0.006763167669250615,0.17843016915315066,2.2300886876477177,0.008265132200991853,0.08170574107796448,18.699718007119372,3.8741359454804715e-05,6.408557644708599,75.42011418006753,0.008496204388824842,2.6077296279640083,0.2250921672028812,-0.425460263189063,0.6897231021290084,1.0
7733248,0.12794276844942942,1.113308360800147,0.002745895858311087,0.18799974967259914,1.976878045592457,0.008415943840191176,-4.625906606747776e-05,0.04568777765962295,-0.07424857626028825,-0.07927782644401304,0.9786724522709846,-0.7823569956235588,0.3543483280809596,,,,,,,,,,,,,,,,,
7733248,,,,,,,,,,,,,,0.1280025172745809,1.1250265431590378,0.002745895858311087,0.18813954398501664,2.0284165772609413,0.008415943840191176,0.06884266174165532,9.257183013483882,4.686056878890066e-05,7.044208247214556,60.353046387434006,0.0018191096973083631,2.5525627080351114,0.18409699923358858,-0.572743218857795,0.7380629871040583,1.0
7864320,0.14173023425973952,1.0567657719366252,0.0021146561018667853,0.18563548498786986,1.922581419814378,0.007640295524652174,1.5982031264627494e-05,0.04720040357642574,-0.041016947354364675,-0.06065360576030798,0.8506439030170441,-1.1945909596979618,0.2794056692509912,,,,,,,,,,,,,,,,,
7864320,,,,,,,,,,,,,,0.14173023425973952,1.0567657719366252,0.0021146561018667853,0.18563548498786986,1.922581419814378,0.007640295524652174,0.0627247694064863,3.267788089811802,4.7606863421978396e-05,8.834965370595455,68.44502058625221,0.0014353237235447125,2.5729537811130285,0.12089922034647316,-0.6898119985125959,0.7683013016358018,1.0
7995392,0.15299932332709432,1.1884631649591029,0.0019333925440605526,0.18576490180566907,2.0931417299434543,0.007026918893643597,8.47506780488061e-05,0.10176987254089909,-0.05990778396517271,-0.029429483125568368,0.8736882861703634,-0.9049201640300453,0.3474692776799202,,,,,,,,,,,,,,,,,
7995392,,,,,,,,,,,,,,0.15299932332709432,1.1884631649591029,0.0019333925440605526,0.18576490180566907,2.0931417299434543,0.007026918893643597,0.07412767535424791,6.311116393655539,4.021967092586454e-05,10.280178897082806,55.164124459028244,0.0009452585678584313,2.499935181811452,0.07290301867760718,-0.5872810394503176,0.8252753522247076,1.0
8126464,0.13312949403189123,1.101913386490196,0.002153536517539578,0.17542517825495452,1.8575096880085766,0.007817311890448764,0.000705504382494837,0.5909062454011291,-0.03353026729746489,-0.02671182381163817,0.8925373298116028,-0.9191090087406337,0.3248475793370744,,,,,,,,,,,,,,,,,
8126464,,,,,,,,,,,,,,0.13312949403189123,1.101913386490196,0.002153536517539578,0.17542517825495452,1.8575096880085766,0.007817311890448764,0.09097409888636321,33.85643441975117,5.233439471052925e-05,9.49117037653923,54.47482004761696,0.0013667143752549293,2.4629490450024605,0.0814512922661379,-0.5644433540292084,0.8226663488894701,1.0
8257536,0.1518655257532373,1.1838197032921016,0.0022440279939246466,0.1834497714880854,2.138651616871357,0.007875461919411464,0.0002692232488783475,0.28515509370481595,-0.05967607825004961,-0.023462924662453588,0.8949877205304801,-0.8748813522979617,0.2996045839972794,,,,,,,,,,,,,,,,,
8257536,,,,,,,,,,,,,,0.1518655257532373,1.1838197032921016,0.0022440279939246466,0.1834497714880854,2.138651616871357,0.007875461919411464,0.08132556374766864,17.650672958232462,3.986839488212546e-05,9.547899931669235,52.92283430695534,0.0011919132295616919,2.471881629899144,0.07850546354893595,-0.5720806554891169,0.8031664583832026,1.0
8388608,0.13318934268318117,1.1554899313487113,0.0023944814693095395,0.17794572236016393,2.114268410950899,0.007555125225735537,1.3062498084082108e-05,0.05438252299791202,-0.10864154194132425,-0.03696432535070926,0.8869305858388543,-0.8635469246655703,0.35213740781182423,,,,,,,,,,,,,,,,,
8388608,,,,,,,,,,,,,,0.1331903816317208,1.1554899313487113,0.0023944814693095395,0.17795282090082765,2.114268410950899,0.007555125225735537,0.06994659680640325,6.9610501527786255,4.212998752306518e-05,10.005354896187782,53.045668840408325,0.0011616524817501528,2.448341902345419,0.08214414166286588,-0.5930790491402149,0.8357808068394661,1.0
8519680,0.15046202345751225,1.503120878835519,0.006721546113415873,0.20784520362814268,2.1676286421964566,0.009566603081912036,-0.0006601560445761834,0.09452504758024588,-0.09580028282885905,-0.07940139667769472,1.2646263951892616,-0.5732046021751982,0.22320258585115274,,,,,,,,,,,,,,,,,
8519680,,,,,,,,,,,,,,0.14888221077853814,1.1866011591628194,0.002403332133241065,0.18301812920253724,1.9991574669256806,0.007668333747005818,0.0661365179112181,4.015349148772657,4.76248203176155e-05,9.73087677359581,50.84386956691742,0.0011381803958272485,2.5043012630194426,0.08177270588930696,-0.5848664054647088,0.809767440892756,1.0
8650752,0.18567829090170562,1.7182785533368587,0.0029492816088350082,0.2224135611904785,2.6177841182798147,0.009429700490727555,-4.364196082917715e-05,0.12797404086450115,-0.10627388040302321,-0.07499074417864904,1.3153652474284172,-0.5915831853635609,0.2691962639801204,,,,,,,,,,,,,,,,,
8650752,,,,,,,,,,,,,,0.1541513128357614,1.536507094121841,0.0063579543539382,0.20981880392969013,2.2846992067678507,0.009553407651436422,0.707770612607682,16.634904576734787,6.379649081848776e-05,6.771127405573603,74.85519673671371,0.003430657058841428,2.6549287289381027,0.19361752581336264,-0.4270168784781393,0.7619002916996019,1.0
8781824,0.1262308877776377,1.1674179136753082,0.0029003732604451216,0.18003070692066103,2.0039715077728033,0.008639905598101905,-1.3155749117643722e-05,0.047961749929527286,-0.04646980095276376,-0.07034947403008118,0.9403700358234346,-0.6839557383209467,0.29779867792967707,,,,,,,,,,,,,,,,,
8781824,,,,,,,,,,,,,,0.12631759693613276,1.184927811846137,0.0029003732604451216,0.1801270142896101,2.0344542982056737,0.008639905598101905,0.0946051609935239,5.1137972846627235,4.1591682552244436e-05,6.477993257343769,55.38156622648239,0.001531907363766405,2.57558786123991,0.16928430530242622,-0.5171281415969133,0.7912869728170335,1.0
8912896,0.1469662871095352,1.1830647327005863,0.0027676898858999266,0.1848931594286114,1.9786199852824211,0.007701551440732146,-4.9064827759792706e-05,0.03460198147513438,-0.06408304342767224,-0.04406383089371957,0.9473481373861432,-0.7216021968051791,0.264726601424627,,,,,,,,,,,,,,,,,
8912896,,,,,,,,,,,,,,0.14696583145996556,1.1830647327005863,0.0027676898858999266,0.1848961265059188,1.9786199852824211,0.007701551440732146,0.06308885823818855,3.851672970689833,4.2821175665730404e-05,7.6238768845796585,54.84750300645828,0.001462761620889097,2.5793553180992603,0.12137091066688299,-0.5859164791181684,0.762843044474721,1.0
9043968,0.15029681590385735,1.142167730256915,0.002453552692827543,0.18338089052122086,2.0752600538544357,0.00771245281703159,7.415814167188728e-07,0.03374502808583202,-0.06097477882576641,-0.02965855976799503,0.9720486016012728,-0.7739962060004473,0.3652545466320589,,,,,,,,,,,,,,,,,
9043968,,,,,,,,,,,,,,0.15030658547766507,1.1445894334465265,0.002453552692827543,0.1834038506494835,2.0798631287179887,0.00771245281703159,0.06352101033553481,3.6686604004353285,5.272952435042555e-05,9.267594449222088,56.91728234291077,0.001142308467002806,2.500241670757532,0.09070482128299773,-0.613763861823827,0.7659301683306694,1.0
9175040,0.13668712635990232,1.134673769120127,0.0019753815476519776,0.17806002835277468,1.9896029555238783,0.00680066848997285,2.9668247107927925e-05,0.04929068738420028,-0.047487431700574234,-0.0247248060113634,0.947131144348532,-0.7636804701760411,0.3058616394555429,,,,,,,,,,,,,,,,,
9175040,,,,,,,,,,,,,,0.1366866130847484,1.134673769120127,0.0019753815476519776,0.17806043254677206,1.9896029555238783,0.00680066848997285,0.05990801058942452,3.6111820563673973,4.091353547641674e-05,9.010036904364824,54.509052872657776,0.0011792182711118926,2.484713474288583,0.09359474678058177,-0.5931047815829515,0.7881318172439933,1.0
9306112,0.147610641841311,1.1829726896248758,0.0022710082141372823,0.18140972743276507,2.096680110320449,0.007702916886955791,6.675390356036814e-05,0.049148961530590896,-0.04028962035954464,-0.024723890783207025,1.066646037157625,-0.8456829809583724,0.31326507683843374,,,,,,,,,,,,,,,,,
9306112,,,,,,,,,,,,,,0.14762208046158776,1.183899360243231,0.0022710082141372823,0.1814289971953258,2.096680110320449,0.007702916886955791,0.06540252573904581,3.501215858384967,4.529412666665067e-05,9.244215779006481,62.37306219339371,0.001083136731523382,2.477159211412072,0.09373946895357221,-0.6421111146919429,0.7935516126453876,1.0
9437184,0.13400337717030197,1.128659384790808,0.0025935432423693783,0.17688314337283373,2.063825013116002,0.007883514180775819,0.00013961632315329098,0.06821458962076576,-0.04375154181616381,-0.03517340916732792,0.8936482961289585,-0.8894209922291338,0.3455966332840035,,,,,,,,,,,,,,,,,
9437184,,,,,,,,,,,,,,0.13400337717030197,1.128659384790808,0.0025935432423693783,0.17688314337283373,2.063825013116002,0.007883514180775819,0.0642858796636574,4.282002075575292,4.494370625529598e-05,9.261800527572632,52.34015795588493,0.0012064099639506054,2.4590013790875673,0.09454067924525589,-0.6434789807535708,0.8487724317237735,1.0
9568256,0.14768796974172194,1.3544197233021258,0.007271303206155911,0.1993959291589757,2.0426181573669115,0.009142950683211287,0.0003684542158758101,0.09405667319428176,-0.09164763241458179,-0.08283208512649556,1.142550218833494,-0.5663905766565586,0.21016533974558116,,,,,,,,,,,,,,,,,
9568256,,,,,,,,,,,,,,0.14992642996367067,1.1973804072476923,0.002347309752963156,0.18362420529592782,2.1474709529429674,0.007793809699705889,0.06301777355838567,3.3927883645519614,4.3380336274878584e-05,9.462690711021423,63.2755668759346,0.001026751544671356,2.5176284927874804,0.08548602066002786,-0.5669589112512767,0.8253099033609033,1.0
9699328,0.1863997454638593,1.5613487930968404,0.0030058691534122772,0.21433551545487717,2.358383390121162,0.009043278365425067,0.0011169213045150173,0.09150759497424588,-0.1034471801831387,-0.06840807551634498,1.3069615112617612,-0.5721549498848617,0.22325197712052613,,,,,,,,,,,,,,,,,
9699328,,,,,,,,,,,,,,0.1515848080582737,1.3888904626470013,0.006860177032397489,0.20113567541162652,2.0964568541441335,0.00913064462253375,0.7373876759413551,11.205833641556934,6.08046040636137e-05,6.809291133351333,69.03883882813402,0.0026271893637305906,2.649481909102704,0.18501403735533667,-0.4242019118314766,0.7530428574656147,1.0
9830400,0.12097680562874302,1.1883256174623966,0.0028326449763653727,0.17974231857806444,1.9778128508478403,0.008818583492029575,0.00013388857924212516,0.06760321074398234,-0.0467899315917748,-0.06724610924720764,1.1072383364662528,-0.7647577943280339,0.2829264374449849,,,,,,,,,,,,,,,,,
9830400,,,,,,,,,,,,,,0.1210434713284485,1.2021948285400867,0.0028326449763653727,0.17982919479254633,1.9879236929118633,0.008818583492029575,0.10218080884078518,5.600701192393899,4.769480017663419e-05,6.362405497580767,65.064547508955,0.0019870206819163627,2.5489952955394983,0.16069765435531735,-0.53516725753434,0.7801658459939063,1.0
9961472,0.14909013704163954,1.0783767141401768,0.0028368313492705965,0.18680197081994265,1.9330861922353506,0.008089985392416565,4.319587887380294e-05,0.04019647731183795,-0.034495490275730845,-0.04194481411104789,0.9010163135826588,-0.961208138614893,0.2717484284657985,,,,,,,,,,,,,,,,,
9961472,,,,,,,,,,,,,,0.14910979830892757,1.0855494043789804,0.0028368313492705965,0.18683781661093235,1.9356803633272648,0.008089985392416565,0.06120914570055902,2.9381026881746948,4.6154981218293756e-05,7.193409904837608,55.92544636130333,0.0014054959661855548,2.5768536049872637,0.12036731006810442,-0.6011148942634463,0.7570696994662285,1.0
10092544,0.14432664803462103,1.1326125785708427,0.002829932453323636,0.18244604498613626,2.0248046964406967,0.008437217428763688,6.556029671145325e-05,0.054441072650661226,-0.05650552201404935,-0.03447413179674186,0.8975855363532901,-0.8221374321728945,0.3356674868846312,,,,,,,,,,,,,,,,,
10092544,,,,,,,,,,,,,,0.1443269663141109,1.1326125785708427,0.002829932453323636,0.18245114898309112,2.0248046964406967,0.008437217428763688,0.06286235692095943,4.385344922542572,4.529866006813821e-05,9.016707424074411,53.22875106334686,0.0014786823395205317,2.511712174862623,0.10016243922291324,-0.6059613381512463,0.7711641909554601,1.0
10223616,0.13377200905233622,1.1453462946228683,0.002636372357869732,0.17881339241284877,1.9526925305835903,0.007945095138893521,-2.5714218018890733e-05,0.03393977844098117,-0.08634065429941984,-0.0327659673494054,0.9000839646905661,-0.6792747303843498,0.3055332328658551,,,,,,,,,,,,,,,,,
10223616,,,,,,,,,,,,,,0.1337757283472456,1.1453462946228683,0.002636372357869732,0.17881463782396168,1.9526925305835903,0.007945095138893521,0.06161608491674997,6.538295864593238,4.7149720936973116e-05,8.556710418313742,51.850468933582306,0.0017111865986105812,2.499349545687437,0.10512997081968933,-0.5810162820853293,0.8374511487782001,1.0
10354688,0.1485988784697838,1.180987851228565,0.0025963067628254066,0.18143049161881208,2.1387956608086824,0.008160796563061012,6.628926662699541e-05,0.04280294483032776,-0.05830434759991476,-0.025513468171993736,0.8988873399794102,-0.7672460880130529,0.3126353051047772,,,,,,,,,,,,,,,,,
10354688,,,,,,,,,,,,,,0.14861850842135027,1.1812357888557017,0.0025963067628254066,0.18146776547655463,2.1458706678822637,0.008160796563061012,0.06531648413510993,4.113848456181586,5.4571508834144744e-05,9.324992582201958,52.023997724056244,0.0013464320217728698,2.4498273599892855,0.10095357213867828,-0.5707996934652328,0.7864835225045681,1.0
10485760,0.13194566528545693,1.2069148924201727,0.0026364861437855325,0.17575924191623926,2.082745655439794,0.007414079781938199,0.00010134413222928629,0.03804055956425145,-0.03724589867488248,-0.04040851892204955,0.9021621542051435,-1.1479500443674624,0.36030026082880795,,,,,,,,,,,,,,,,,
10485760,,,,,,,,,,,,,,0.13195387419546023,1.2093227775767446,0.0026364861437855325,0.17578333616256714,2.0880743702873588,0.007414079781938199,0.05596996491658501,4.145918480586261,4.463419439137972e-05,9.370129443705082,66.19391867518425,0.0017192298647152882,2.4166184831410646,0.10227984527591616,-0.6015932615846395,0.7851942693814635,1.0
10616832,0.13695921119612953,1.3209630504995584,0.007281509238224923,0.17606559985006848,2.142137596507867,0.008310362947183118,-5.615477993020571e-05,0.06403010673059423,-0.08105367347491362,-0.04953777722646009,1.218922201579165,-0.562170119646471,0.15670930402974287,,,,,,,,,,,,,,,,,
10616832,,,,,,,,,,,,,,0.15246607642620802,1.1712053935043514,0.002418526919427677,0.1837902074912563,2.117122150026262,0.008285236344818259,0.06388835870893672,5.2532094568014145,3.977311543812423e-05,9.00357973203063,55.588873356580734,0.0013738548380963778,2.5045953653752804,0.09812262502964586,-0.575402248185128,0.7603244986385107,1.0
10747904,0.18858991767046973,1.5093090920709074,0.002703173926420277,0.18810512975323945,2.526065715122968,0.008016445944122097,-9.022899841504284e-05,0.09923134393102373,-0.12662984513735864,-0.03975675167339432,1.3139510750770569,-0.6140955784358084,0.1602565108332783,,,,,,,,,,,,,,,,,
10747904,,,,,,,,,,,,,,0.14216661483262588,1.348020778161036,0.006840223906966644,0.17770623685567674,2.218742637614529,0.008282033597490489,0.07355635960345124,14.544081193423011,3.838217609637928e-05,5.06401154019797,72.81341386723321,0.0013442891646859374,2.605441322527736,0.20144005843661922,-0.4228738089911191,0.676495505294886,1.0
10878976,0.1188060948625207,1.1781630776822567,0.002812470946309986,0.1870139498496428,1.984100521542132,0.009225056545801635,-1.7297531848647907e-05,0.03588792586742784,-0.04091783141120686,-0.07366640894906595,1.1255888799205422,-0.6773522673174739,0.32839279412291944,,,,,,,,,,,,,,,,,
10878976,,,,,,,,,,,,,,0.11885040224296972,1.1823904123157263,0.002812470946309986,0.1870862916111946,2.002046937122941,0.009225056545801635,0.06093243040959351,4.097276198212057,4.7089665117905355e-05,6.6556810066103935,65.74930390715599,0.0026393626866507702,2.536371346563101,0.18439042009413242,-0.497004518751055,0.7201047213748097,1.0
11010048,0.14560743648326024,1.1122994925826788,0.0028906166055548965,0.18799299420788884,1.8962197923101485,0.008920197817133158,4.946895924362593e-05,0.03149427414609818,-0.030784216800384456,-0.05568758651497774,0.9790276414714754,-0.7692671003751457,0.23381502751726657,,,,,,,,,,,,,,,,,
11010048,,,,,,,,,,,,,,0.14563011639984325,1.1170187462121248,0.0028906166055548965,0.1880455119535327,1.9171338402666152,0.008920197817133158,0.05977271395386197,2.2619919455610216,4.231996601178345e-05,7.981935314834118,58.63320827484131,0.0022340438669452567,2.580369519069791,0.1396406248677522,-0.5443273363634944,0.7562300572171807,1.0
11141120,0.1522717144107446,1.2055858066305518,0.0023489165890850927,0.18446458131074905,2.0569798718206584,0.008249901825820416,3.5435088406643445e-05,0.042793340151547454,-0.03978182960418053,-0.0360231353843119,0.9936452372930944,-0.8765710685402155,0.33730463893152773,,,,,,,,,,,,,,,,,
11141120,,,,,,,,,,,,,,0.1522718152264133,1.2055858066305518,0.0023489165890850927,0.1844670467544347,2.0569798718206584,0.008249901825820416,0.06457962584681809,3.1878155525773764,4.932716343492016e-05,8.818397682160139,59.90171158313751,0.0013663670588641708,2.507373757660389,0.10215064929798245,-0.5350793362595141,0.7837657351046801,1.0
11272192,0.13059485697885975,1.1373773613013327,0.0023836972022763803,0.17670734773855656,1.9554552864283323,0.008518555181581178,1.747479315383771e-05,0.027751947338401806,-0.04442679108251468,-0.0344236872260808,0.8881064280867577,-0.9502120646648109,0.3134551690891385,,,,,,,,,,,,,,,,,
11272192,,,,,,,,,,,,,,0.130594780377578,1.1373773613013327,0.0023836972022763803,0.17671041435096413,1.9554552864283323,0.008518555181581178,0.05482316794223152,2.9416892719455063,4.205357990449965e-05,8.4497548379004,57.185655295848846,0.0018313980446258427,2.4849532078951597,0.10424036282347515,-0.5480619501322508,0.8029323192313313,1.0
11403264,0.14670269464841112,1.1891297050751746,0.0022637554060338516,0.18233523319941014,2.055613220203668,0.007624781191680086,6.591705887615262e-05,0.03715311308769742,-0.03762001710856566,-0.029331466226722114,0.9546800251118839,-0.8171071945689619,0.31836611637845635,,,,,,,,,,,,,,,,,
11403264,,,,,,,,,,,,,,0.1467394304345362,1.1947741867043078,0.0022637554060338516,0.1824138443917036,2.074473996181041,0.007624781191680086,0.06147466922993772,4.100043842568994,4.643785854607785e-05,8.654784299433231,56.33333396911621,0.001625949510241309,2.5040071923285723,0.10366357921157032,-0.5661287819966674,0.7771650291979313,1.0
11534336,0.13045078434515744,1.1329412879422307,0.0026356006559922207,0.1769826435483992,2.030964532867074,0.008542353708435257,4.314086705647924e-05,0.036802780683501624,-0.04022086648183176,-0.03746260660409462,0.8878682963550091,-0.7040383359417319,0.33565321649075486,,,,,,,,,,,,,,,,,
11534336,,,,,,,,,,,,,,0.13045057968702167,1.1329412879422307,0.0026356006559922207,0.176985181751661,2.030964532867074,0.008542353708435257,0.05841118618263863,2.869291767477989,5.609985567600617e-05,8.00115218386054,51.13189917802811,0.0017216949610949772,2.478224152699113,0.10943132097600028,-0.6077133207581937,0.8201721338555217,1.0
11665408,0.16185506923745074,1.4374176472922167,0.007431227759819498,0.21085627576336263,2.1383146125574903,0.009780286275830198,8.730029309617749e-05,0.11432765590909791,-0.11261285712826066,-0.07692762209850115,1.265523456614319,-0.5660570575218299,0.23280691950271526,,,,,,,,,,,,,,,,,
11665408,,,,,,,,,,,,,,0.15146187384380028,1.233277052640915,0.0029205943646957166,0.18426019325852394,2.0066419625654817,0.008498544747453707,0.056902961689047515,2.3631335073150694,4.367875417521372e-05,7.938027400523424,51.54000508785248,0.0012892176469350147,2.5109579116106033,0.1097192118759267,-0.6027823681943119,0.8043247191235423,1.0
11796480,0.18857402494177222,1.5672609875909984,0.004087182786861376,0.2217692080885172,2.50370807107538,0.00939280252714525,-0.000538123509862487,0.13078062795102596,-0.1410022308700718,-0.069483466737438,1.316579501144588,-0.5933031318709254,0.24954549665562809,,,,,,,,,,,,,,,,,
11796480,,,,,,,,,,,,,,0.16461920289951096,1.46045944081193,0.007108910172064498,0.21227029927568622,2.2097880672439034,0.009742938444631649,0.8486756421043538,13.678694644578206,6.964902507962406e-05,7.6650072528702955,74.48991152666599,0.002979238078617975,2.6583283037306313,0.18461431045045218,-0.4222835320979357,0.7618905608373953,1.0
11927552,0.1265487503260374,1.2246653544716537,0.0029177905644246493,0.17814860481303185,1.9962942581623793,0.008986022585304454,-0.0001512431723721952,0.03940189257264137,-0.10951717419811757,-0.06653050941531546,1.2579398229718208,-0.6340802847407758,0.3202077664900571,,,,,,,,,,,,,,,,,
11927552,,,,,,,,,,,,,,0.12660852272529155,1.2272399445064366,0.0029177905644246493,0.17829742096364498,2.012713460251689,0.008986022585304454,0.10565433508600108,9.679590310435742,4.3417701894032934e-05,6.837185595184565,72.94655492901802,0.0016490112383564792,2.5727161690592766,0.16633035021368414,-0.5041450718417764,0.7987921945750713,1.0
12058624,0.1444309462676756,1.1469432581216097,0.002823503378294845,0.1849363511428237,1.9100933284498751,0.008819340169793577,4.046379191890992e-05,0.048172159422392724,-0.06307330510753673,-0.04814905932289548,1.053271661978215,-0.6931727882474661,0.2661103396676481,,,,,,,,,,,,,,,,,
12058624,,,,,,,,,,,,,,0.1444396394654177,1.148493442684412,0.002823503378294845,0.18495854188222438,1.9100933284498751,0.008819340169793577,0.06433528382331133,5.5872574294917285,4.834965783495626e-05,7.559374447911978,60.749401181936264,0.0019723830559019717,2.5593572445213795,0.1292588508222252,-0.5760021754540503,0.787813282571733,1.0
12189696,0.14697638561483473,1.184089635964483,0.002519812961054413,0.18442924693226814,2.1121577345766127,0.008139224282786017,5.093584280757568e-05,0.04885576273227343,-0.0513211986690294,-0.03391457120596897,0.9011097396723926,-0.7575404359959066,0.3245096425525844,,,,,,,,,,,,,,,,,
12189696,,,,,,,,,,,,,,0.14699855307117105,1.189019431360066,0.002519812961054413,0.1844802926061675,2.123702376615256,0.008139224282786017,0.06494807614944875,5.111052981577814,4.785619267133612e-05,8.386593602597713,53.207888066768646,0.0012600699879496968,2.5097378697246313,0.10788150376174599,-0.6109745092689991,0.7993732579052448,1.0
12320768,0.13273001124616712,1.1510731158778071,0.0026496335167394136,0.17749329144135118,2.0355916577391326,0.008179525551895495,0.00012936312295863672,0.07199308597773779,-0.03670990666432772,-0.03638127380691003,0.9246297152712941,-0.8103195964358747,0.30874554067850113,,,,,,,,,,,,,,,,,
12320768,,,,,,,,,,,,,,0.13272992189740762,1.1510731158778071,0.0026496335167394136,0.17749455862212926,2.0355916577391326,0.008179525551895495,0.05896622675936669,4.4371947115287185,4.32367798761657e-05,8.12609065324068,53.25773757696152,0.0013989445549853485,2.4816005621105433,0.11621188779827207,-0.597175600938499,0.8624173989519477,1.0
12451840,0.14498684188583866,1.1832210724242032,0.002546472475273731,0.18054352886974812,2.1311001083813608,0.00814782446514073,6.402023649343391e-05,0.0377758782269666,-0.037561526864010375,-0.034080199475283735,0.9010014883242548,-0.7436066032387316,0.3171013158862479,,,,,,,,,,,,,,,,,
12451840,,,,,,,,,,,,,,0.14499462145613506,1.1846871203742921,0.002546472475273731,0.1805616986239329,2.13485320052132,0.00814782446514073,0.06039437567233108,4.157337064854801,4.891161892947582e-05,8.208191260695457,52.133918195962906,0.0010435169554625645,2.478233950212598,0.11233631748473272,-0.5675674476660788,0.7728249942883849,1.0
12582912,0.12578407826367766,1.2007969846017659,0.0027759646095546486,0.17588201689068228,2.0805952474474907,0.008590436014856095,-1.6379476278416405e-05,0.028099893541366328,-0.11203436700088787,-0.04648720889235847,0.8961215727031231,-0.7462435238994658,0.32703993638278916,,,,,,,,,,,,,,,,,
12582912,,,,,,,,,,,,,,0.12578407826367766,1.2007969846017659,0.0027759646095546486,0.17588201689068228,2.0805952474474907,0.008590436014856095,0.059206492704106495,6.6744195651263,4.527798039744013e-05,7.860835745930672,51.34398463368416,0.0015607861351476515,2.473982375115156,0.11481453670421615,-0.5832967972382903,0.7742414390668273,1.0
12713984,0.18237799102440477,1.6068430084735157,0.007268103221649653,0.1949070360387365,2.2793801515052716,0.00883935657630597,0.0010836994633041286,0.12398049053512902,-0.14706457112615073,-0.017658354070599673,1.2730451336317734,-0.5442519216358779,0.22562054014143845,,,,,,,,,,,,,,,,,
12713984,,,,,,,,,,,,,,0.14662553393281996,1.2712581581436098,0.002853356000173335,0.18326801143120974,2.1332169203087687,0.00824894454672176,0.06119208803283982,3.9969481956213713,3.52054984733563e-05,7.966331839561462,53.53929787874222,0.0013596512589835186,2.523489998653531,0.11485533486120403,-0.5610252693295479,0.8387509621679783,1.0
12845056,0.21479219605680555,1.7544182548299432,0.0031411444283548917,0.20572666736552492,2.6267144051380455,0.008813067209302972,0.0008138896211562496,0.12425673290272243,-0.14826262710266747,-0.00965091598300205,1.3237309735268354,-0.5640923734754324,0.2308477071346715,,,,,,,,,,,,,,,,,
12845056,,,,,,,,,,,,,,0.18587973263361549,1.6359305554350096,0.006870324060850158,0.19669962282775036,2.4155210121703075,0.008835871779662838,0.3715622093218536,24.32615989861247,7.060325434254743e-05,3.9627718662531732,75.2658468327844,0.001148557884735949,2.6884406586009337,0.18846082957215146,-0.4207862443907792,0.77123674570796,1.0
12976128,0.12517947691958398,1.260661396663636,0.0028037874376423133,0.1803096680669114,2.185483256354928,0.008828799909679219,9.468307850823976e-05,0.06448647431534482,-0.061571881095005665,-0.048306495998986065,1.0935883577913046,-0.6225406262092292,0.31672881357371807,,,,,,,,,,,,,,,,,
12976128,,,,,,,,,,,,,,0.12529885332332924,1.2799581559374928,0.0028037874376423133,0.18053587956819683,2.279469409957528,0.008828799909679219,0.07921010864083655,9.044125155545771,4.367686215217548e-05,5.419175561517477,63.68385463953018,0.0021893689028793517,2.5904593151062727,0.167984040803276,-0.4992433940060437,0.7946983985602856,1.0
13107200,0.1401546027045697,1.1305989450775087,0.002743608585092261,0.18237542908173054,1.934814365580678,0.008596125405347266,5.629278829388795e-05,0.03312303915299708,-0.03529004215306486,-0.04688276372326072,0.9127455684356391,-0.6948290737345815,0.2395382267277455,,,,,,,,,,,,,,,,,
13107200,,,,,,,,,,,,,,0.14015616825781763,1.1305989450775087,0.002743608585092261,0.18238038755953312,1.934814365580678,0.008596125405347266,0.06024605926359072,2.4716514931060374,4.368069721816248e-05,7.202748876065016,52.55405193567276,0.0018195903187887552,2.585378961637616,0.12972199934301898,-0.5411645025014877,0.7794301994144917,1.0
13238272,0.14788870129268616,1.2139194910414517,0.002909671866177632,0.18159310019109398,2.1535132597200572,0.008182895028767234,8.941573825893556e-05,0.04485978347656783,-0.036329560876765754,-0.039108071141527034,0.8773859129287302,-0.7654036236926913,0.34966258611530066,,,,,,,,,,,,,,,,,
13238272,,,,,,,,,,,,,,0.14790045795962214,1.2190199573524296,0.002909671866177632,0.1816122867166996,2.1535132597200572,0.008182895028767234,0.06307857809588313,4.4005256639793515,5.30028674773364e-05,8.460236549377441,50.609992891550064,0.0013380566137399796,2.5090119503438473,0.11378239491023123,-0.5415209918282926,0.8179153278470039,1.0
13369344,0.13174098561285064,1.1919727134518325,0.0024407549141756135,0.17785402189474553,1.9966998361051083,0.008845888599353202,4.360356938093446e-05,0.03675325829681242,-0.04137463103688788,-0.04513982721255161,0.8816369283013046,-0.8113909661769867,0.28718946798471734,,,,,,,,,,,,,,,,,
13369344,,,,,,,,,,,,,,0.1317604993819259,1.1924406359903514,0.0024407549141756135,0.17790114367380738,2.0234264424070716,0.008845888599353202,0.05657182488357648,3.8305260906927288,4.1702517532049566e-05,7.691516600549221,52.04140171408653,0.0016633793524505336,2.4914302695542574,0.11823124531656504,-0.5240990358870476,0.7665928732603788,1.0
13500416,0.14408669323893264,1.2015580059960485,0.002548870263012759,0.18074561329558492,2.147209686692804,0.008483679012897483,9.021512870788229e-05,0.057220831702579744,-0.037406333605758846,-0.03597628070565406,0.8815398481674492,-0.821297665592283,0.33875652591814287,,,,,,,,,,,,,,,,,
13500416,,,,,,,,,,,,,,0.14408655691659078,1.2015580059960485,0.002548870263012759,0.1807485797908157,2.147209686692804,0.008483679012897483,0.05978940663044341,3.851751195732504,4.925162145952289e-05,8.097274463623762,51.1871691942215,0.0016090750928317021,2.4896820914000273,0.11605591629631817,-0.5178212493192405,0.7801751811057329,1.0
13631488,0.12627498002257198,1.1941411257721484,0.0027231316171310027,0.17565156519412994,2.0164890717715025,0.008039294361879001,8.449162481483086e-05,0.03914018624345772,-0.03923335243598558,-0.042766823404235765,0.9042154559865594,-0.7645192500203848,0.32101140572922304,,,,,,,,,,,,,,,,,
13631488,,,,,,,,,,,,,,0.1262789664324373,1.1941411257721484,0.0027231316171310027,0.1756548995617777,2.0164890717715025,0.008039294361879001,0.057289531658170745,3.0480656512081623,4.24845670776719e-05,7.612397704273462,52.09886711835861,0.001648744361125054,2.467178260907531,0.11900752107612789,-0.5216259625740349,0.8136789090931416,1.0
13762560,0.16206875339150428,1.4537164014329513,0.007741595686262978,0.20851878464221954,2.100358611047268,0.009365449431206797,0.0003222311855969906,0.1116230122925966,-0.11211012301583348,-0.07874035475517,1.2546977898667682,-0.5914605350415998,0.21941082813156149,,,,,,,,,,,,,,,,,
13762560,,,,,,,,,,,,,,0.14576465915888548,1.2832434405572712,0.0028780240493233578,0.1819890772458166,2.1081719561479986,0.008675475837662816,0.056198532111011446,2.55481414264068,4.195634525172576e-05,7.4797474183142185,53.34610676765442,0.0013966294512313127,2.5205250177532434,0.1184731422108598,-0.5234289849177003,0.8337756954133511,1.0
13893632,0.1908891653874889,1.6144207790493965,0.0038288364526124496,0.2193971910746768,2.438821223564446,0.009678011731011793,-0.0008264470619110398,0.10304903343785554,-0.11291743029141799,-0.07194355627871118,1.3149947132915258,-0.6112743127159774,0.2305310386000201,,,,,,,,,,,,,,,,,
13893632,,,,,,,,,,,,,,0.1650422565829772,1.4813521985323674,0.0073644622661520835,0.2099242173808526,2.1652229039604407,0.00939557591793499,0.8388233475424967,13.6395285484151,6.839122231729006e-05,6.861560407303644,73.90058371702949,0.0015853167646064337,2.642408953912287,0.18555305687320459,-0.42112811271056355,0.7561138980988279,1.0
14024704,0.12470081716310233,1.2097116373479366,0.0028418869062534213,0.18327507004141808,2.0822554966434836,0.008690583579323174,-6.841658259659766e-05,0.05117610446177423,-0.048183620026975404,-0.06666098881396465,1.321099224500358,-0.7289724904112518,0.30357007193379104,,,,,,,,,,,,,,,,,
14024704,,,,,,,,,,,,,,0.12475810112664476,1.2106541376560926,0.0028418869062534213,0.18336571799591184,2.090953324921429,0.008690583579323174,0.11623588571092114,5.554621062241495,4.683317794640374e-05,6.224346484988928,76.04099988937378,0.0016720688673501627,2.5754949431866407,0.16169814823661,-0.4749369097407907,0.7810507910326123,1.0
14155776,0.14491078758146614,1.154535404406488,0.0027470574948438298,0.1863317567622289,1.932359923608601,0.008458053945560096,4.5247656533575764e-05,0.04874121330794878,-0.0351391921431059,-0.06161097819858696,0.8025978612713516,-0.8272912814281881,0.28647588717285544,,,,,,,,,,,,,,,,,
14155776,,,,,,,,,,,,,,0.14491981390165165,1.1566823096945882,0.0027470574948438298,0.1863523912616074,1.932359923608601,0.008458053945560096,0.0661843515408691,3.269745466299355,4.659146196894781e-05,7.461178466677666,50.34548565745354,0.0017055405192145656,2.583219423890114,0.12890918890479952,-0.5113015081733465,0.7670278791338205,1.0
14286848,0.1419345215545036,1.1798130883835256,0.0026219303080097234,0.18309757474344224,2.1185482153669,0.008631467693703598,1.8828851427343807e-05,0.036718954408570426,-0.04637754939903971,-0.04681335488567129,0.9100344120524824,-0.7704864363186061,0.3272563050268218,,,,,,,,,,,,,,,,,
14286848,,,,,,,,,,,,,,0.14195558353094384,1.188439169432968,0.0026219303080097234,0.1831417215289548,2.140691972337663,0.008631467693703598,0.061595390376169235,3.0954452585428953,4.8521752726182754e-05,8.0808698348701,52.64304229617119,0.001577854859846184,2.5240016039460897,0.1197712678113021,-0.553770515602082,0.7787408092990518,1.0
14417920,0.13280405674595386,1.1766790999099612,0.0026504809607104107,0.18036355054937303,2.0302837155759335,0.008098903732388862,-1.8837747681743622e-05,0.037655050757166464,-0.058023942438012455,-0.04983547574374825,0.8736247872002423,-0.7522658994421363,0.3274466514121741,,,,,,,,,,,,,,,,,
14417920,,,,,,,,,,,,,,0.13281582278432325,1.178387333638966,0.0026504809607104107,0.18038630345836282,2.036297457292676,0.008098903732388862,0.06442500080447644,5.050405346788466,4.78878136891403e-05,7.880599118769169,50.634908109903336,0.0015965198236358447,2.509041367098689,0.12223403592361137,-0.5990183148533106,0.8002692889422178,1.0
14548992,0.1439353838795796,1.217178893275559,0.002774774227589205,0.1821356959408149,2.0899551189504564,0.008226253400607675,5.56518835139741e-05,0.0443820160580799,-0.0383738490199903,-0.03881889465264976,0.8941339901648462,-0.8061167211271822,0.33285903686191887,,,,,,,,,,,,,,,,,
14548992,,,,,,,,,,,,,,0.14393486641347408,1.217178893275559,0.002774774227589205,0.182137833093293,2.0899551189504564,0.008226253400607675,0.06272723581059836,3.1821392299607396,4.181473805570102e-05,7.987825509160757,53.36336153745651,0.0016143557163346145,2.503986932337284,0.11839149752631783,-0.6135950977914035,0.784279459156096,1.0
14680064,0.12685456918552518,1.1623543351888657,0.002657932290730969,0.17595647217240185,1.9587543555535376,0.008185885645161761,6.423262400545582e-05,0.03973943641176447,-0.03400087988120504,-0.04011258282116614,0.8897145041264594,-0.8694598725996912,0.314811123884283,,,,,,,,,,,,,,,,,
14680064,,,,,,,,,,,,,,0.12685414997395128,1.1623543351888657,0.002657932290730969,0.17595777590759099,1.9587543555535376,0.008185885645161761,0.05501753883436322,2.703325872309506,4.1854561843024385e-05,7.544457387179136,55.47373977303505,0.001169843149720906,2.495717963203788,0.11796643026173115,-0.571374362334609,0.7795006176456809,1.0
14811136,0.15892506534854572,1.3262369902183613,0.007837541513630034,0.18372886714835962,2.017852346325914,0.009105951346767446,-4.702550733194736e-05,0.0631180402781077,-0.07948423646492302,-0.04385959164643282,1.2603305074622524,-0.5070684366772185,0.18207497403025627,,,,,,,,,,,,,,,,,
14811136,,,,,,,,,,,,,,0.14992507186252624,1.232736230827868,0.0024221063742970728,0.18336765165440738,2.076068615540862,0.00746746835511658,0.05881797187612392,2.8752794610336423,4.464462967812555e-05,7.222236894071102,49.17985698580742,0.0014540915580596447,2.550474625080824,0.12033787614200264,-0.5718175740912557,0.78623007517308,1.0
14942208,0.19662488508038223,1.5227123070508242,0.002962567756185308,0.19540884450543672,2.431512914132327,0.00832348504809488,-2.744025748313561e-05,0.07743571361788781,-0.08564685414603446,-0.03000377020146061,1.3168548047542572,-0.5165353678166866,0.19627679605036974,,,,,,,,,,,,,,,,,
14942208,,,,,,,,,,,,,,0.1628334501152297,1.359992201137076,0.007367664524960663,0.18545469374631543,2.106805990595954,0.009030532908341174,0.09471568671414202,13.217859301999413,4.9228354843704174e-05,4.9414362365545434,74.57660458940474,0.002619251636566881,2.692507207034582,0.19658007355075868,-0.4201296713562256,0.7145775707820093,1.0
15073280,0.12438181514153257,1.1967661664821208,0.0028589569346877397,0.18330097442958504,2.0017878864891827,0.008923506307382922,-4.026978552396088e-06,0.0512002753384877,-0.0486364184798731,-0.057726474857190624,1.1693399990908802,-0.6058161393739283,0.2924453830346465,,,,,,,,,,,,,,,,,
15073280,,,,,,,,,,,,,,0.12442201492376626,1.2005440797656775,0.0028589569346877397,0.18335489893797785,2.0050069713033736,0.008923506307382922,0.0652333874895703,3.878867990337312,4.153108136173422e-05,5.547996997833252,68.05908465385437,0.002181536238680337,2.5740265157073736,0.17803977290168405,-0.4648877202998847,0.7594161573797464,1.0
15204352,0.1383703964529559,1.1126566091552377,0.002706854997256869,0.18395218870136887,1.902185933664441,0.008567720050905336,-1.1896021906210308e-05,0.03711412739357911,-0.046231630294641946,-0.040176179816626245,0.8675314616411924,-0.8122493722476065,0.23965050949482247,,,,,,,,,,,,,,,,,
15204352,,,,,,,,,,,,,,0.13837982952827588,1.1167622175998986,0.002706854997256869,0.18397447187453508,1.9102243250235915,0.008567720050905336,0.05972052973811515,4.39790309779346,4.526113874925297e-05,6.198574427515268,51.27295032143593,0.002684254952697529,2.592558855190873,0.15121006296249107,-0.5297656473703682,0.8059577457606792,1.0
15335424,0.14665000833338127,1.298884468153119,0.0026444339471254352,0.18628628610167652,2.22038855496794,0.007861725614020543,3.376849716119068e-05,0.03547450269252295,-0.04062537460413296,-0.04522450911463238,0.9096686476841569,-0.8429064662195742,0.363770148542244,,,,,,,,,,,,,,,,,
15335424,,,,,,,,,,,,,,0.14667176629882306,1.3038216405548155,0.0026444339471254352,0.1863242321414873,2.2260046983137727,0.007861725614020543,0.06496353159309365,5.315439478959888,4.93405143049408e-05,7.561877213418484,52.68471118807793,0.0018916747541339873,2.529495844617486,0.12685065501136705,-0.5621722796931863,0.7892917916178703,1.0
15466496,0.12622161663603038,1.1867945548146963,0.0028043695742780983,0.17785149859264493,1.9682424487546086,0.008629842225673201,7.116588718858452e-05,0.0342888798477361,-0.034003260734607466,-0.0564350577769801,0.9036145089194179,-0.7477556988596916,0.27234897104790434,,,,,,,,,,,,,,,,,
15466496,,,,,,,,,,,,,,0.12624018371570855,1.1904646162874997,0.0028043695742780983,0.17788699036464095,1.9729948248714209,0.008629842225673201,0.057442043791525066,2.755055802408606,5.175191318951278e-05,7.286724429577589,52.40603840351105,0.0019560107605443022,2.5119772627949715,0.1280888403998688,-0.5852179953362793,0.8318349905312061,1.0
15597568,0.14910256693838164,1.2381941392086446,0.0030340761936713534,0.1844615451991558,2.182030037045479,0.008399331916734809,5.0236904307610075e-05,0.039947264893271495,-0.04046586679032771,-0.04919719405006617,1.007720725145191,-0.7221872294321656,0.33164285906241275,,,,,,,,,,,,,,,,,
15597568,,,,,,,,,,,,,,0.14913415297633037,1.250211323145777,0.0030340761936713534,0.184517108136788,2.204542078077793,0.008399331916734809,0.06269043558859266,3.1842497559264302,4.8215610217061666e-05,7.705198902636766,59.0370859503746,0.001343620324881556,2.509099954739213,0.12562192452605814,-0.5767846517264843,0.8538246480748057,1.0
15728640,0.1260217953240499,1.1939832526259124,0.002881881857319968,0.1764467126922682,2.018418054562062,0.00824701156852825,1.953693499245901e-05,0.04310529087888426,-0.04225307689921465,-0.04683838691562414,0.8014419637620449,-0.6700527360662818,0.3282285187160596,,,,,,,,,,,,,,,,,
15728640,,,,,,,,,,,,,,0.12603378761559725,1.1955743813887239,0.002881881857319968,0.17648534826003015,2.0251152883283794,0.00824701156852825,0.06227813434088603,5.601820600219071,4.4773044074075674e-05,7.365707833319902,47.73202985525131,0.001535831409455568,2.4819483049213886,0.1281119006453082,-0.5297315700445324,0.7787827281281352,1.0
15859712,0.17876975967238345,1.5008118242273727,0.007645954040975388,0.2062986821991702,2.268314036702116,0.00933731962737511,-0.0001277698926374645,0.11097737671821961,-0.1329804540827172,-0.07030431345924928,1.1718341865595236,-0.5505312991298463,0.23978576386968295,,,,,,,,,,,,,,,,,
15859712,,,,,,,,,,,,,,0.14401540625840425,1.2141854488290846,0.002921313692240801,0.18257693003397435,2.0719391382299364,0.008436008872649836,0.06102737502078526,2.684134910814464,4.841126730981138e-05,7.5086962804198265,50.39024260640144,0.0016586763460963994,2.5400582049041986,0.12157674093032256,-0.5612357435747981,0.7537139756605029,1.0
15990784,0.21067239705007523,1.6733843204565346,0.0030395702369787614,0.21986555913463235,2.6350189577788115,0.009051076811374514,-0.000417030316715028,0.11450991802848876,-0.16387730604037642,-0.06447220192058012,1.3161314334720373,-0.5641288761980832,0.2701817499473691,,,,,,,,,,,,,,,,,
15990784,,,,,,,,,,,,,,0.18212230368910065,1.5380793994584356,0.0072019652405901705,0.20815263565697045,2.358844880755228,0.009309144751163527,0.34565336397759255,19.004916913658718,7.201913973646084e-05,5.835200369568452,71.43233779344865,0.00208847475988859,2.649793872632176,0.1868528749426288,-0.4243266523467848,0.7640556902680771,1.0
16121856,0.12560188653878868,1.2319583403877914,0.00289494893149822,0.1821985087590292,2.1222742064855993,0.009051291540345119,5.899624777327972e-05,0.06229469180107117,-0.063873087427055,-0.08246214530663565,0.7318003126420081,-0.6763343401253223,0.3006853882689029,,,,,,,,,,,,,,,,,
16121856,,,,,,,,,,,,,,0.1256380444392562,1.2404168965294957,0.00289494893149822,0.1822504858719185,2.124791481066495,0.009051291540345119,0.09194294098415412,4.716464373283088,4.692163086605916e-05,6.614230215549469,46.70035618543625,0.0017335952279076139,2.574362823739648,0.16637098032515496,-0.49911500653252006,0.7769572292454541,1.0
16252928,0.14312371419509873,1.1206356477923691,0.003001679287535808,0.1834460130194202,1.965569784399122,0.008648250132864632,2.7117870764925556e-05,0.0336070250668854,-0.03410358288601856,-0.06398455909220502,0.9150849455036223,-0.7430776683613658,0.2490784062538296,,,,,,,,,,,,,,,,,
16252928,,,,,,,,,,,,,,0.14312492246972397,1.1206356477923691,0.003001679287535808,0.1834524004952982,1.965569784399122,0.008648250132864632,0.06462686523445882,2.5403862255625427,4.5618820675663585e-05,6.994828280061483,54.72109976410866,0.0017847549936433893,2.595223093405366,0.13553382153622806,-0.4977685499470681,0.8494489397853613,1.0
16384000,0.14130895165726542,1.3173568020574749,0.002890894297252089,0.1824667036999017,2.1141798472963274,0.008974763320111379,6.0685393620474315e-05,0.04289592550776433,-0.04151960588933434,-0.04516971355769783,0.8472140226513147,-0.7249338459223509,0.3272291765315458,,,,,,,,,,,,,,,,,
16384000,,,,,,,,,,,,,,0.14132838742807508,1.3173568020574749,0.002890894297252089,0.18250678293406963,2.1312373564578593,0.008974763320111379,0.062423928786301985,3.5043349862098694,4.651171219016703e-05,7.021688520908356,49.95817852020264,0.0017398854319132795,2.543515469878912,0.12529891746817157,-0.5123922622296959,0.8404447557404637,1.0
16515072,0.13127253361744806,1.2496571401134133,0.0029584651174445753,0.17891387082636356,2.076960278209299,0.008207094658246206,3.1084110041490476e-05,0.04099095605488401,-0.041926294594304636,-0.05354766469099559,0.8773103561252356,-0.7224259204231203,0.2819654865306802,,,,,,,,,,,,,,,,,
16515072,,,,,,,,,,,,,,0.131281167792622,1.2523697158321738,0.0029584651174445753,0.17893367039505392,2.0820295359008014,0.008207094658246206,0.06201812790823169,4.434943183325231,4.910690501247483e-05,7.25587098300457,50.52971288561821,0.0018074627555648703,2.534973008558154,0.1255001339595765,-0.51614038948901,0.7663095081225038,1.0
16646144,0.1457954858778976,1.1948685217648745,0.002827994085237151,0.18195698142517358,2.1364864027127624,0.008690529806699487,6.442472773215968e-05,0.0323363223214983,-0.03745493612223072,-0.05217557342257351,0.8645810983143747,-0.8146025687456131,0.3097254064050503,,,,,,,,,,,,,,,,,
16646144,,,,,,,,,,,,,,0.14583421946736053,1.200328603386879,0.002827994085237151,0.18202034826390445,2.150488848797977,0.008690529806699487,0.06343659889535047,4.031984235160053,4.529540324182957e-05,7.470303729176521,51.64314046502113,0.0017720239670016014,2.5116248186677694,0.12589304213179275,-0.5013539476785809,0.7791489688679576,1.0
16777216,0.12510250852210447,1.209613911807537,0.002793507721662536,0.1744508428964764,2.059843354858458,0.008847226235047856,5.2142044971503765e-05,0.028384121556882747,-0.03150397811259609,-0.052360337518621236,0.8933134824037552,-0.7972916029393673,0.36461371765471995,,,,,,,,,,,,,,,,,
16777216,,,,,,,,,,,,,,0.1251098149223253,1.209613911807537,0.002793507721662536,0.17445137549657375,2.059843354858458,0.008847226235047856,0.0554587654187344,2.213404167443514,4.497162650340947e-05,7.1877751387655735,51.94687074422836,0.0015882946213992,2.4998223688453436,0.1278620451921597,-0.4946565416175872,0.8022433426231146,1.0
16908288,0.1427055888188382,1.3023106172680854,0.0069316877167148044,0.19519242867206535,1.9857969337453445,0.008731246346772727,-0.0017654119660899898,0.09333340238415985,-0.09982391189643143,-0.08659647792166653,1.2744441471373527,-0.565436125062018,0.18710534037401277,,,,,,,,,,,,,,,,,
16908288,,,,,,,,,,,,,,0.14695067703723907,1.3043991578742862,0.0028277557478304516,0.18268839886877686,2.100057945586741,0.00873746627530636,0.0639437664358411,4.304263428784907,4.779233970531038e-05,7.7204910553991795,51.47514098882675,0.0015191045398896819,2.556881260126829,0.12088352255523205,-0.5444991884287447,0.8117538942024112,1.0
17039360,0.1858167825266719,1.4708667900413275,0.002677007747479365,0.21251329267397523,2.4201649902388453,0.008214442732423777,-0.0009386382501617163,0.11009229614865035,-0.10967105953022838,-0.08202835186966695,1.320085403509438,-0.5589466458186507,0.2203302834968781,,,,,,,,,,,,,,,,,
17039360,,,,,,,,,,,,,,0.14701076777909983,1.3273597763604428,0.006521598081125847,0.19717936080330647,2.0559401524937657,0.008681433950208971,0.3885634801412248,11.45766685784413,5.974932081543413e-05,8.595290288448345,74.82460918613003,0.00249859378005625,2.6524273552090287,0.17480259597303588,-0.41883739252316665,0.7509453224848552,1.0
17170432,0.121976122551132,1.2390023777261376,0.0028572252549565746,0.1790738992858678,2.095000831410289,0.008916965609387262,-8.549201601226741e-05,0.05658219026372535,-0.06161468867503572,-0.06519506030599587,1.1054763388819993,-0.6461803936399519,0.30411673220805824,,,,,,,,,,,,,,,,,
17170432,,,,,,,,,,,,,,0.12201001564972103,1.2503394172526896,0.0028572252549565746,0.17915164050646126,2.1148792123422027,0.008916965609387262,0.09125428853440098,5.6898851450532675,4.312234295955619e-05,6.449430841952562,65.02024674415588,0.0016200423937466901,2.5650576148182154,0.16672987991478294,-0.4979527231771499,0.7661211173981428,1.0
17301504,0.1430854761856608,1.2169226543046534,0.0031647542359678482,0.18652124318759888,1.9749470730312169,0.00865357927250443,1.3162746370198875e-05,0.03899609242216684,-0.033317092198558385,-0.05734500694961753,0.8167271409183741,-0.7001826534979045,0.2723653962602839,,,,,,,,,,,,,,,,,
17301504,,,,,,,,,,,,,,0.1430859082029201,1.2169226543046534,0.0031647542359678482,0.18652355065569282,1.9749470730312169,0.00865357927250443,0.06533017128822394,2.717002627439797,6.223280594852554e-05,6.9499391838908195,49.210997492074966,0.0020418434952542697,2.573755582794547,0.14370168832829222,-0.5100270663388073,0.768199342302978,1.0
17432576,0.14408229879336432,1.3137467820197344,0.0028354559087802045,0.18318237143103033,2.1616033259779215,0.008804186039924389,-9.643673664072594e-07,0.03937724153729505,-0.04700417417916469,-0.0541014721384272,0.986718662083149,-0.7083123782649636,0.31328898190986365,,,,,,,,,,,,,,,,,
17432576,,,,,,,,,,,,,,0.14413077983772382,1.3214321499690413,0.0028354559087802045,0.18328642763663083,2.1802298249676824,0.008804186039924389,0.06480046105571091,5.433732892852277,4.082512828178231e-05,7.539856497198343,58.692794024944305,0.0012966777245289052,2.522928038612008,0.12962365325074643,-0.5301272971555591,0.7732030050829053,1.0
17563648,0.12987579946639016,1.2677902006544173,0.0027404970150541885,0.17671297769993544,2.08261871477589,0.008618186213880108,5.9439059967303365e-05,0.037353166811954,-0.04072734284272883,-0.05701677207252942,0.8904501958750188,-0.7616031677462161,0.2776138110202737,,,,,,,,,,,,,,,,,
17563648,,,,,,,,,,,,,,0.12990788934985176,1.2732628299854696,0.0027404970150541885,0.17678150977008045,2.1069364459253848,0.008618186213880108,0.06045750141493045,4.327760403510183,4.900135030494468e-05,6.833240639418364,53.00599819421768,0.0021261205982625597,2.5231895465403795,0.13568791834404692,-0.5114264218136668,0.7895114347338676,1.0
17694720,0.14391554286703467,1.1902573653496802,0.0028423843279483663,0.1817575073800981,2.080500807147473,0.00787342962485127,5.446631867300766e-06,0.03554171889118152,-0.047632241432438605,-0.04803864879067987,0.829249425791204,-0.6964082764461637,0.28300419281003997,,,,,,,,,,,,,,,,,
17694720,,,,,,,,,,,,,,0.14391554286703467,1.1902573653496802,0.0028423843279483663,0.1817575073800981,2.080500807147473,0.00787342962485127,0.06589160006842576,3.1615898804739118,4.537967048490188e-05,6.851842183619738,47.51249277591705,0.0016255065666186397,2.508261563256383,0.13304895209148526,-0.5118971420451999,0.8195580095052719,1.0
17825792,0.12529054522747174,1.2136525181122124,0.002753823318926152,0.1759482001652941,1.980574803892523,0.008579539575293893,4.298091210586108e-05,0.03779314380517462,-0.03447163919918239,-0.05480540692224167,0.8809105753898621,-0.6895399386994541,0.3773827067925595,,,,,,,,,,,,,,,,,
17825792,,,,,,,,,,,,,,0.12529106618603691,1.2136525181122124,0.002753823318926152,0.1759530674898997,1.980574803892523,0.008579539575293893,0.05823671675170772,3.139752833172679,4.3840461993682744e-05,6.8719003684818745,50.79384779930115,0.001776243973495184,2.485090721398592,0.13184559729415923,-0.5112214898690581,0.7687572259455919,1.0
17956864,0.15807061566660802,1.4545178799082836,0.007631774815563404,0.20800280702610813,2.1200258008390667,0.009667342346171306,-0.0018992333564559279,0.10019195742618953,-0.10823084816855649,-0.10294250059044618,1.2447590029616549,-0.5402423569436845,0.23545678739746412,,,,,,,,,,,,,,,,,
17956864,,,,,,,,,,,,,,0.1457360846688971,1.3516819239594042,0.0029469959108610055,0.18147953413426876,2.132643934804946,0.00797467378743022,0.06055162358097732,4.137278814800084,4.032243023091575e-05,7.1179612800478935,52.18897610902786,0.0016337800898043042,2.5508667547255754,0.1280546998605132,-0.5514380526728928,0.7836944172158837,1.0
18087936,0.1881509084487334,1.6190459965728223,0.00308403555482073,0.21855877910275012,2.423502653837204,0.009383556087414036,-0.0004812263086932944,0.11959929583827034,-0.10970851214369759,-0.09369148581754416,1.309490343555808,-0.5579008278436959,0.25268935080384836,,,,,,,,,,,,,,,,,
18087936,,,,,,,,,,,,,,0.1611911696381867,1.4841587519026305,0.007193438501274953,0.20944963892674948,2.1897897391568826,0.009639989453760966,0.7868807419330858,12.792157744290307,6.241976592143836e-05,7.874661203811832,73.8120141583102,0.002724490579520712,2.659779719020947,0.18031024797440853,-0.4189545005021325,0.7542007510741073,1.0
18219008,0.12945967115228996,1.2609056634828448,0.003117582088634663,0.18121435691136867,2.0784038160927594,0.008809800774542964,-2.0621595602676734e-05,0.04965792316943407,-0.04514360550092533,-0.07543465087655932,1.3009724081493914,-0.7147704767994583,0.30020503321429715,,,,,,,,,,,,,,,,,
18219008,,,,,,,,,,,,,,0.12950162455672398,1.262910303659737,0.003117582088634663,0.1812850731657818,2.0807680976577103,0.008809800774542964,0.11761189237586223,3.3633886659517884,5.0958894302288726e-05,6.623313270509243,75.05439868569374,0.0020310422111577964,2.579777553677559,0.1673550116829574,-0.48596537369303405,0.7715816395357251,1.0
18350080,0.14003936341032386,1.2371008964255452,0.0028717136463001225,0.18198707583360374,1.9819469354115427,0.008831250761431875,2.483862793667413e-05,0.04488516143464949,-0.04628040740499273,-0.061260247661266476,0.763116302434355,-0.7100780308246613,0.25722405037959106,,,,,,,,,,,,,,,,,
18350080,,,,,,,,,,,,,,0.14004556043073535,1.2371008964255452,0.0028717136463001225,0.18199762073345482,1.9819469354115427,0.008831250761431875,0.06074312364216894,3.4185815495438874,4.545307659775677e-05,6.646451409906149,44.703281700611115,0.0019435073506617329,2.5912920143455267,0.14534264110261574,-0.4829559843055904,0.7836187221109867,1.0
18481152,0.13994206744246185,1.3601378155872226,0.002942436631201417,0.18074488604906946,2.1896120090968907,0.008463828030471632,4.0159064186973126e-05,0.036988133149861824,-0.03496384790196316,-0.047679196984972805,0.8950974247418344,-0.670003283303231,0.300107365794247,,,,,,,,,,,,,,,,,
18481152,,,,,,,,,,,,,,0.13998300151433796,1.3670126730576158,0.002942436631201417,0.18082042317837477,2.215754254255444,0.008463828030471632,0.06334826131933369,4.0605737757869065,4.938853418035016e-05,6.845556765794754,52.332679480314255,0.0016415541906837916,2.55054460093379,0.13545588229317218,-0.5224206950515509,0.8365550814196467,1.0
18612224,0.13284272601595148,1.259658937342465,0.002833235100752063,0.17594531073700637,1.968586901202798,0.00846927795009833,3.985783595084058e-05,0.04726847525307676,-0.04480375709681539,-0.04988557976321317,0.9794880440458655,-0.7367246737703681,0.284548198687844,,,,,,,,,,,,,,,,,
18612224,,,,,,,,,,,,,,0.13285254541551694,1.259658937342465,0.002833235100752063,0.17596822325140238,1.9711978007107973,0.00846927795009833,0.05951981770340353,4.926519681699574,4.768693629442211e-05,6.585121370851994,56.82016012072563,0.0017727760596328856,2.55157951451838,0.13444958813488483,-0.5103010188322514,0.8183435229584575,1.0
18743296,0.13827340817078948,1.2780545274727046,0.0028391548639774555,0.1795097376452759,2.176753222476691,0.008838478569487052,5.917789594533929e-05,0.04576911510230275,-0.04344185751688201,-0.04264503551530652,0.8956896467134356,-0.8306101495400071,0.2770973992301151,,,,,,,,,,,,,,,,,
18743296,,,,,,,,,,,,,,0.1382893662666902,1.2824719506315887,0.0028391548639774555,0.1795408227480948,2.1854455885477364,0.008838478569487052,0.060957154899369925,3.6462144553661346,4.947206391198167e-05,6.705278269946575,52.75754117965698,0.001665409037098442,2.5253622960299253,0.1322434067260474,-0.5069867479614913,0.7679916908964515,1.0
18874368,0.12715209840098396,1.2256636046804488,0.002752697222831557,0.17372293188236654,1.989499267656356,0.008331513945449842,3.413786478034808e-05,0.0340059899717744,-0.03822962382400874,-0.042917660117382184,0.9061924074776471,-0.6699763629585505,0.34540823590941727,,,,,,,,,,,,,,,,,
18874368,,,,,,,,,,,,,,0.12717374693602324,1.2311817496083677,0.002752697222831557,0.17376273323316127,1.9950532005168498,0.008331513945449842,0.057051517942454666,4.033366998657584,4.42384100469706e-05,6.036559414118528,52.71903845667839,0.0017088141092607145,2.5080013405531645,0.13675111485645175,-0.5459425952285528,0.7768682520836592,1.0
19005440,0.16122794643665353,1.4888785838584107,0.00748262195460408,0.19493865504860877,2.179614675814907,0.00908025823814872,-0.0002659305739643614,0.10424635890366821,-0.13275599492616796,-0.07760116308859627,1.2681477919803001,-0.5310694365813591,0.20935248810177048,,,,,,,,,,,,,,,,,
19005440,,,,,,,,,,,,,,0.14487056620419025,1.3004477610811591,0.0028815418618250987,0.18143791204784065,2.1578906746581197,0.008312148707773304,0.05670103203738108,3.2432016232050955,4.05225983342028e-05,6.16455140337348,51.237355053424835,0.001586090750649305,2.5541332811117172,0.1368007980636321,-0.4838308703619987,0.7710864851251245,1.0
19136512,0.1950868860585615,1.6633143560029566,0.0030491858105961,0.20774789981078357,2.272355366498232,0.008836721355692134,-0.0002745506317864965,0.11378994055849034,-0.1495948244119063,-0.07132437339168973,1.3278469014912844,-0.6254749475046992,0.2281073279445991,,,,,,,,,,,,,,,,,
19136512,,,,,,,,,,,,,,0.16467501862109246,1.5121788052191216,0.007055302808193672,0.1965294272515429,2.2123284203236,0.00905545390937239,0.15941610383935811,15.56082569028206,6.136073670718615e-05,7.172108279413499,74.6307904486578,0.0030955472705606123,2.6529293929237916,0.17701333810205197,-0.4210893454097481,0.7349448064454349,1.0
19267584,0.12501544505357742,1.2770526092499495,0.0028876398255306412,0.17989256349392235,2.1265737381763756,0.008510589993420581,-1.6942539978970217e-05,0.058397747205162887,-0.07112787613004912,-0.06699879840016365,1.3328566839918494,-0.624404817353934,0.2843896490521729,,,,,,,,,,,,,,,,,
19267584,,,,,,,,,,,,,,0.12511317612370476,1.301982614211738,0.0028876398255306412,0.179996149498038,2.1617934820242226,0.008510589993420581,0.07732712835422717,6.3023246033117175,4.989049549375402e-05,6.406792674213648,76.89495009183884,0.0021911527365716665,2.577420122921467,0.1638022264232859,-0.45617792708799243,0.7688948065042496,1.0
19398656,0.1374169725459069,1.191328281071037,0.0031092122731024574,0.1808315758826211,2.0121981538832188,0.00902516911537532,2.856314135257776e-05,0.0377348205402086,-0.037759953025670256,-0.03576394239007641,0.8853711113333702,-0.7258194633759558,0.19951467151986435,,,,,,,,,,,,,,,,,
19398656,,,,,,,,,,,,,,0.1374356296728365,1.1952984957024455,0.0031092122731024574,0.18086467066314071,2.0168174216523767,0.00902516911537532,0.05821575841400772,3.1721718087792397,4.5736188865719285e-05,5.89547660574317,52.52562406659126,0.0019296833330948449,2.5948972813785076,0.14784414315363392,-0.49640769441612065,0.7846544710919261,1.0
19529728,0.13977872935356572,1.3209705827757716,0.002818610404460742,0.18109494866803288,2.1346194515936077,0.008090182004707458,1.2688240595082334e-05,0.03357618773588911,-0.0337941046745982,-0.02860926826542709,0.8402312216348946,-0.7355798846110702,0.3277137082768604,,,,,,,,,,,,,,,,,
19529728,,,,,,,,,,,,,,0.13978155417134985,1.3209705827757716,0.002818610404460742,0.18109841435216367,2.1346194515936077,0.008090182004707458,0.05685923033161089,2.4746365644969046,4.1915194719521764e-05,6.028079643845558,48.41736823320389,0.0017959114302783519,2.5625942163169384,0.13688660075422376,-0.5018746096175164,0.7863237513229251,1.0
19660800,0.13269627542467788,1.2234113374724984,0.0028628749287236133,0.1788968703476712,1.9380737654864788,0.008460705926154333,-1.3746860211938383e-05,0.03652978727041045,-0.05185436997999204,-0.04538833365950268,0.7652193251997232,-0.6332941320724785,0.29660765669541433,,,,,,,,,,,,,,,,,
19660800,,,,,,,,,,,,,,0.13271555787650868,1.2247186340391636,0.0028628749287236133,0.17893214500509202,1.9467865815386176,0.008460705926154333,0.05946241912897676,3.6503733973950148,4.672954348816649e-05,6.241003941744566,45.19393229484558,0.0020029168898343386,2.5538893807679415,0.13549843162763864,-0.5150394039228559,0.7852184139192104,1.0
19791872,0.14101845730328932,1.2751298258081079,0.0028416647501217085,0.17963190225418657,2.119090429507196,0.009185843542582006,7.436667168292388e-06,0.03941395486617694,-0.04331478213862283,-0.035383666821871884,0.8774699163623154,-0.6922949035651982,0.2777848419500515,,,,,,,,,,,,,,,,,
19791872,,,,,,,,,,,,,,0.14102772407932207,1.278157273773104,0.0028416647501217085,0.1796485490631312,2.1198330940678716,0.009185843542582006,0.05991713947150856,3.13066940382123,4.261042526587655e-05,6.3502211682498455,50.81885951757431,0.00196071550183774,2.5307412426918745,0.13227250147610903,-0.5835820157080889,0.776878260076046,1.0
19922944,0.12054119363892823,1.262703090440482,0.002774697052245756,0.17589077213779092,2.084999430924654,0.008930480290473497,6.934370087208208e-05,0.04340702870103996,-0.038025276338885305,-0.061789421510184184,0.8716863044537604,-0.6790150399319828,0.3212514530168846,,,,,,,,,,,,,,,,,
19922944,,,,,,,,,,,,,,0.12057430151617154,1.2725697485730052,0.002774697052245756,0.17596042109653354,2.1110631600022316,0.008930480290473497,0.05943322184612043,3.7032066588290036,4.5346178209060284e-05,6.82859380915761,51.33752554655075,0.00203341718437855,2.503380900248885,0.13752633740659803,-0.5020893923938274,0.7642510011792183,1.0
20054016,0.1553724722409,1.4634773722539345,0.007757152692671904,0.20542155910904208,2.1160524157931406,0.009769181841014263,9.245709213577888e-05,0.11656546998788447,-0.1285106728193932,-0.09775214161187856,0.9472521767555251,-0.5738334958739384,0.21498791101543852,,,,,,,,,,,,,,,,,
20054016,,,,,,,,,,,,,,0.14586680143838748,1.3092188378795981,0.0027768615082095494,0.18478402879554778,2.2406087927520275,0.007956275973810989,0.06531279030605219,3.03407162707299,4.586305090814591e-05,6.965243622660637,52.14977967739105,0.0016754761017097053,2.572355968877673,0.13295835891040042,-0.49030525609850883,0.7342418171465397,1.0
20185088,0.18720562558155507,1.6344595570117235,0.0031272003711819707,0.2150805378332734,2.3897770596668124,0.009641781134632765,0.00042773439539800506,0.09780794201651588,-0.1357693825266324,-0.08661105294595473,0.7843410042114556,-0.6052224226295948,0.27312924002762884,,,,,,,,,,,,,,,,,
20185088,,,,,,,,,,,,,,0.15860975103688438,1.4885119063532855,0.007310892227949983,0.2067079402293157,2.1833903288850225,0.00975690225485701,0.4496897945877625,13.934189243146768,6.345544226180256e-05,7.438121253482897,58.82326553105545,0.0032603500376106645,2.6588803061160697,0.17568137874362705,-0.4216741549681468,0.7473505024899201,1.0
20316160,0.1233460446819663,1.2605988983996212,0.0028948433055120404,0.18077716219704598,2.1095804451033473,0.009079511391973938,4.9054713727514354e-05,0.05405106353282463,-0.047483806949458085,-0.08440801000688225,0.7116600009612739,-0.6159271560609341,0.3220398564590141,,,,,,,,,,,,,,,,,
20316160,,,,,,,,,,,,,,0.12341363518498838,1.278833279851824,0.0028948433055120404,0.1808623382821679,2.1265014354139566,0.009079511391973938,0.09499069047160447,4.200954123865813,4.7105996620278034e-05,6.802071493119001,43.60534057021141,0.002153102547765684,2.57079373113811,0.16347346687689424,-0.48447570647113025,0.7828862718306482,1.0
20447232,0.141346407297533,1.2436217246577144,0.002864782986762293,0.18396620801649988,2.0063353590667248,0.008848997784298263,-9.994455524520163e-06,0.04019827531010378,-0.04528791454504244,-0.05139719304861501,1.0949310921132565,-0.6737073878757656,0.25082056410610676,,,,,,,,,,,,,,,,,
20447232,,,,,,,,,,,,,,0.14135508908657357,1.244007178582251,0.002864782986762293,0.18398716615047306,2.0063353590667248,0.008848997784298263,0.06340403849026188,4.551744093652815,4.352184177647267e-05,6.336298070847988,63.24592611193657,0.0026827999459655416,2.5887491032481194,0.1426325374050066,-0.47284447797574103,0.7515642838552594,1.0
20578304,0.1437942900811322,1.2910311087034643,0.002828226234214526,0.18267663998994976,2.108038479462266,0.008404107593378285,-3.6964473437706147e-06,0.04930436007998651,-0.055788602789107244,-0.047680334886536,0.9252454894594848,-0.7195289274677634,0.36075316555798054,,,,,,,,,,,,,,,,,
20578304,,,,,,,,,,,,,,0.14383111306233332,1.2967100064270198,0.002828226234214526,0.18274389195721596,2.1201110053807497,0.008404107593378285,0.07059191761072725,5.68514702655375,4.32880117412493e-05,6.939043391495943,54.26943600177765,0.0018167094270795658,2.550806049257517,0.13689882564358413,-0.502905054949224,0.875640656799078,1.0
20709376,0.12866149586625397,1.259932640939951,0.0028989477327741042,0.17932751902844757,2.08449761942029,0.00819372846854094,1.7548936909861368e-05,0.03360997599520488,-0.03772497005411424,-0.059361333114793524,0.8849074761383235,-0.6224809526465833,0.29192237625829875,,,,,,,,,,,,,,,,,
20709376,,,,,,,,,,,,,,0.12867373827612028,1.2672491678968072,0.0028989477327741042,0.179352268576622,2.0960638225078583,0.00819372846854094,0.06217769705108367,2.7376978592947125,4.2208174341862303e-05,7.034963425248861,51.62530055642128,0.0020111166726781704,2.54957103356719,0.13456269673770294,-0.5396786886267364,0.8621309837326407,1.0
20840448,0.14323565660743043,1.27268530940637,0.0029873749733724253,0.18352868361398578,2.035100086592138,0.008784666452811507,2.5198680049243194e-06,0.0437855345880962,-0.04513664553815033,-0.055777887639123946,0.9526192005723715,-0.6996935969218612,0.269835201674141,,,,,,,,,,,,,,,,,
20840448,,,,,,,,,,,,,,0.1432458269991912,1.2757798391394317,0.0029873749733724253,0.183552410104312,2.045674614608288,0.008784666452811507,0.06597362546017393,3.4081835402175784,4.3990421396050694e-05,7.199760653078556,55.405251175165176,0.0018493145195321858,2.5369969997555017,0.1359228938817978,-0.5728925308212638,0.8251128541305661,1.0
20971520,0.11992236028891057,1.2574770781211555,0.0027292515462704614,0.1766039696522057,2.0783200012519956,0.009188223133605788,8.023993480321678e-06,0.04504771177016664,-0.043951612133241724,-0.05770568596199155,1.1294363541528583,-0.6899589677341282,0.3419511220417917,,,,,,,,,,,,,,,,,
20971520,,,,,,,,,,,,,,0.11994607839733362,1.2624536412768066,0.0027292515462704614,0.17664966778829694,2.0846495861187577,0.009188223133605788,0.06231317622587085,4.69917108817026,4.52757075866117e-05,6.6975668631494045,65.43163469433784,0.0022475158844059706,2.5172304436564445,0.13975695543922484,-0.5614985541906208,0.8709956463426352,1.0
21102592,0.14014656360882025,1.3802893885721763,0.006408883954433502,0.1829569322243333,1.9562570788711309,0.008546448992953325,-4.4765634690454215e-05,0.06629644370579627,-0.08092409856656256,-0.03160551895039437,1.2631496948790542,-0.4794456657457825,0.17898939370488126,,,,,,,,,,,,,,,,,
21102592,,,,,,,,,,,,,,0.1423003301024437,1.2922464832663536,0.00296430838170636,0.18518497864715755,2.1164447981864214,0.008750358070756192,0.0696794054529164,3.981315992772579,4.3746485728635154e-05,7.191920153796673,50.60205581784248,0.001794188089473181,2.5782054252922535,0.13742060237564147,-0.5105469657573849,0.8014538288116455,1.0
21233664,0.1854598689242266,1.5912942253053188,0.0024150324488800834,0.2006862802663818,2.392761538736522,0.008017951976398763,-8.104161633326612e-06,0.08867284540610854,-0.10131866792653454,-0.024374148416427488,1.3149713138118386,-0.48860042938031256,0.19306125142611563,,,,,,,,,,,,,,,,,
21233664,,,,,,,,,,,,,,0.14466530588982873,1.4092253276247935,0.0060239344117295575,0.18496878959058996,2.0206627618880515,0.008495509521478187,0.09446906161505773,9.991822450449803,5.1261247535788954e-05,6.046289506951818,73.95595749552328,0.00399657200681444,2.6741324875010064,0.17703188518340998,-0.41630017966121796,0.7074450724365482,1.0
21364736,0.12547546601854265,1.2824497134424746,0.0032791344706311065,0.17857658118009567,2.0647760024294257,0.009543515681798453,9.778067554577774e-05,0.07260176740237512,-0.04759237147663953,-0.06991024556919001,1.3446854371577501,-0.5688937718514353,0.3010985031723976,,,,,,,,,,,,,,,,,
21364736,,,,,,,,,,,,,,0.12553555599879473,1.283066846895963,0.0032791344706311065,0.17871621751692146,2.0749451499432325,0.009543515681798453,0.07105388131458312,6.2320727640762925,5.106067629828681e-05,6.734724968671799,77.63914358615875,0.002166700593491555,2.575650967657566,0.16351369628682733,-0.45556701184250414,0.748020944185555,1.0
21495808,0.14595830021426082,1.2221415294334292,0.0030238131646456168,0.18587313150055707,2.042316515929997,0.00870062171088648,2.90147744763658e-05,0.05348510688781971,-0.04232487538320129,-0.04346117498789681,1.0667568943463266,-0.6059306804090738,0.22969289496541023,,,,,,,,,,,,,,,,,
21495808,,,,,,,,,,,,,,0.14596096647437662,1.2221415294334292,0.0030238131646456168,0.18589593342039734,2.042316515929997,0.00870062171088648,0.06730354862520471,3.7045883969403803,4.922384025962678e-05,5.873907469213009,62.323356956243515,0.0024257238076899057,2.603579895570874,0.14394957694457844,-0.4836370029952377,0.7529015615582466,1.0
21626880,0.14001832983922213,1.317910713609308,0.003030930859495129,0.17998467187862843,2.1713873692788184,0.008457775395072531,4.0367465594215446e-05,0.04911565238580806,-0.040001417764869984,-0.04980495682684705,0.8741033179685473,-0.6023757145740092,0.31394187605474144,,,,,,,,,,,,,,,,,
21626880,,,,,,,,,,,,,,0.14004697132622823,1.323950360994786,0.003030930859495129,0.18004472507163882,2.192605148535222,0.008457775395072531,0.060185095673659816,3.804228716995567,4.8828899553168825e-05,6.530892584472895,51.58734339475632,0.0016996488117302366,2.5498524364084005,0.13916474214056507,-0.49428287567570806,0.750321445055306,1.0
21757952,0.13419951358810067,1.3078335872851312,0.0031729682723380392,0.1790078814374283,2.0531732947565615,0.008605839326264686,7.837782284525474e-06,0.0488041023054393,-0.049610841939284,-0.06237602620967664,0.7573071946389973,-0.6508400570601225,0.2624911231396254,,,,,,,,,,,,,,,,,
21757952,,,,,,,,,,,,,,0.13422882300801575,1.3125579827465117,0.0031729682723380392,0.17906856536865234,2.0684368764050305,0.008605839326264686,0.06420670202351175,5.441789686214179,4.7343461236692974e-05,6.546366911381483,44.347841411828995,0.0021986948346466306,2.5629553459584713,0.1394357197568752,-0.5456092513632029,0.7372163012623787,1.0
21889024,0.14738272421527654,1.2921812972053885,0.0030140800813569513,0.18277687288355082,2.144263210706413,0.00869590839738521,6.428026908622542e-05,0.0632858003518777,-0.055878460545500275,-0.049428939033532515,0.9271472333930433,-0.6787527059204876,0.3029317057225853,,,,,,,,,,,,,,,,,
21889024,,,,,,,,,,,,,,0.14743885403731838,1.3156309183686972,0.0030140800813569513,0.18286099715624005,2.1625290447846055,0.00869590839738521,0.07096662773983553,5.458232797682285,5.336558337343256e-05,6.53548189625144,54.432563692331314,0.002089005210081041,2.5481521915644407,0.1375622337218374,-0.5133196793030947,0.7934909085743129,1.0
22020096,0.11871178291039541,1.2373055941425264,0.0028142218334323843,0.17257733538281173,2.02594474889338,0.008453235328488518,3.298194716450098e-06,0.029365844900894444,-0.038558125917916186,-0.05572075457894243,0.7729981867596507,-0.6686797444708645,0.3148701142054051,,,,,,,,,,,,,,,,,
22020096,,,,,,,,,,,,,,0.11871178291039541,1.2373055941425264,0.0028142218334323843,0.17257733538281173,2.02594474889338,0.008453235328488518,0.05594640108756721,2.550903354305774,4.373596025653015e-05,6.301690928637981,44.451441168785095,0.0018006641945915725,2.544029401615262,0.14020197745412588,-0.4945670454762876,0.7899593729525805,1.0
22151168,0.18613567291448513,1.5658713851869106,0.008227515332109761,0.20557765500620007,2.1926387226581574,0.009300294420924426,0.0007504908194691021,0.12292015266012944,-0.14831954615365248,-0.06138115280410299,1.2535145043510418,-0.5627876697984175,0.21863032137354216,,,,,,,,,,,,,,,,,
22151168,,,,,,,,,,,,,,0.14982055430300534,1.24638358829543,0.0030655161525601216,0.18293425056617707,2.0763892154209316,0.008733667429623893,0.0635203366400674,3.636360185686499,4.3826651055400845e-05,6.86581065505743,50.23238280415535,0.0015507920729742608,2.5818289797753096,0.13712263386696577,-0.4780284801963717,0.7542770747095346,1.0
22282240,0.22019489866215736,1.7392679420299828,0.003224125352971896,0.21515379834454507,2.544381589628756,0.008798446806395077,0.0006919079076368462,0.11600502108922228,-0.16283557389397174,-0.05558015371207148,1.3163338489830494,-0.5785673423670232,0.24291265453211963,,,,,,,,,,,,,,,,,
22282240,,,,,,,,,,,,,,0.18965895250664058,1.5940567605556495,0.007745260876289244,0.20694882283548274,2.27928134790027,0.009249723489448521,0.5332323980183868,17.217957976546295,7.751805300082192e-05,5.687702671968355,74.471173456539,0.0020321403265290082,2.6534934842801956,0.18396940505877557,-0.4152225182358041,0.7340092899120716,1.0
22413312,0.13334399572340772,1.3900490081869066,0.0031537205836684734,0.18159424618352205,2.1280832714401186,0.009030690251165652,3.136759423227886e-05,0.0726846369143459,-0.05567512850393541,-0.06931371142854914,1.039956534281373,-0.5968386922031641,0.31883247126825154,,,,,,,,,,,,,,,,,
22413312,,,,,,,,,,,,,,0.13344906351994723,1.4043648769147694,0.0031537205836684734,0.18172965617850423,2.153988733422011,0.009030690251165652,0.10523302381625399,7.103128025308251,5.7286835899894584e-05,6.0603001937270164,61.51637236773968,0.002061919313796068,2.579763500019908,0.16460887319408357,-0.4481445399578661,0.7704062042757869,1.0
22544384,0.14328234508866444,1.2480937815271318,0.003170380329265754,0.18459945917129517,2.0276434142142534,0.008640910945359792,2.5875958794330245e-05,0.04472454274946358,-0.040226458044344326,-0.05936550154001452,0.9003387778066099,-0.6372621050104499,0.26222072390373796,,,,,,,,,,,,,,,,,
22544384,,,,,,,,,,,,,,0.14328270131954923,1.2480937815271318,0.003170380329265754,0.18460906075779349,2.0276434142142534,0.008640910945359792,0.06687634496483952,3.2988434615544975,5.354359316056545e-05,7.090541273355484,52.35814726352692,0.0019225196490992857,2.610964845865965,0.14075624744873494,-0.46116495761089027,0.7507645888254046,1.0
22675456,0.14061678759753704,1.3333283513784409,0.0028922599444740626,0.1793939145281911,2.2015472687780857,0.00873856844373222,2.063227223736419e-05,0.0375864649322466,-0.04062141438771505,-0.049268216418568045,1.0096487165428698,-0.631945931352675,0.29190818208735436,,,,,,,,,,,,,,,,,
22675456,,,,,,,,,,,,,,0.14066281239502132,1.340323374606669,0.0028922599444740626,0.17946971452329308,2.225201520137489,0.00873856844373222,0.05920171955949627,4.199603120796382,4.254087689981034e-05,6.293968517333269,59.39376449584961,0.0017947820665185077,2.5629520174115896,0.142057606135495,-0.4861335144378245,0.7665314171463251,1.0
22806528,0.1310677332803607,1.2647519442252815,0.002998673028059784,0.18094466580078006,2.212824419606477,0.008668658030728693,4.468030162829706e-05,0.0579354818619322,-0.045765365575789474,-0.06946616119239479,0.8455403684638441,-0.6989829242229462,0.26630181723157875,,,,,,,,,,,,,,,,,
22806528,,,,,,,,,,,,,,0.13110563356895,1.2730887793004513,0.002998673028059784,0.18101807951461524,2.2404272533021867,0.008668658030728693,0.06782532270881347,5.926369822584093,4.1237611397626495e-05,6.682833258062601,51.30185025930405,0.002052907663390613,2.578798810020089,0.14239029691088945,-0.4886102001182735,0.7551734307780862,1.0
22937600,0.14077778451610357,1.2361373594030738,0.0027294721166981617,0.17871459864545614,2.101287178695202,0.008595310890086694,5.594605807601738e-05,0.04811373636039207,-0.04755122788264998,-0.058853322960203514,1.0151334241963923,-0.6908817975781858,0.31475002760998905,,,,,,,,,,,,,,,,,
22937600,,,,,,,,,,,,,,0.14078873267862946,1.2386628864333034,0.0027294721166981617,0.17874691111501306,2.112949592061341,0.008595310890086694,0.06338859040988609,3.626552949193865,4.6712554191419287e-05,6.639357674866915,59.16291040182114,0.0017368378792421701,2.5582564156502485,0.14448566059581935,-0.4833135507069528,0.7738884268328547,1.0
23068672,0.12087025650544092,1.320081912446767,0.0025134534848803014,0.1727212822297588,2.1560913952998817,0.008510003796118326,2.6415311648264606e-05,0.043319818512827624,-0.04422205402806867,-0.0684473471774254,1.0707431039772928,-0.656891951803118,0.3218607267481275,,,,,,,,,,,,,,,,,
23068672,,,,,,,,,,,,,,0.12089998961891979,1.3232341152615845,0.0025134534848803014,0.1727667701197788,2.1677660304121673,0.008510003796118326,0.059826902812346816,4.740432805381715,4.321096781875755e-05,6.565548129379749,61.638742446899414,0.0019502989520958636,2.527695456519723,0.14383101207204163,-0.5105172868352383,0.7981243692338467,1.0
23199744,0.1491421074916919,1.4500549858063458,0.007031301625114186,0.20478549861038725,2.1032288412004707,0.009741690546507016,-0.00017097212564275803,0.10736155545760995,-0.10680862932320451,-0.09236939322210674,1.288126983490365,-0.5042154463698777,0.18413654797244816,,,,,,,,,,,,,,,,,
23199744,,,,,,,,,,,,,,0.14490413898602128,1.3453962383791804,0.0029803494883253734,0.18378897500224411,2.174962776247412,0.008963804009681553,0.06403754602069966,3.4411527644842863,4.777363880448249e-05,7.0006038919091225,65.61722147464752,0.0018955775789777363,2.5847919322550297,0.14070827467367053,-0.47431133850477636,0.7884041452780366,1.0
23330816,0.1842946367105469,1.605234359856695,0.0031657253312005196,0.2180141977733001,2.5217893924564123,0.009521426374703879,-0.00021321232861737371,0.11996712168911472,-0.11227404337842017,-0.08874041284434497,1.3437460660934448,-0.5159092945978045,0.2131841029622592,,,,,,,,,,,,,,,,,
23330816,,,,,,,,,,,,,,0.15271681882665458,1.476169533825603,0.006658715958230942,0.20644897550725974,2.178222932572286,0.009720460264887437,0.32264868678884157,14.319553598256624,6.553623022440103e-05,7.774753557523735,75.75652335763135,0.0031692226776946623,2.672380945768701,0.1791318935177854,-0.40921509200819284,0.7267363409410759,1.0
23461888,0.12137863028328866,1.2992980126291513,0.0027282002311039832,0.18121450685430318,2.094314666930586,0.009105866949539632,-7.593480706036271e-05,0.054575891386775766,-0.0581596833144431,-0.09536998119438067,1.1825160556472838,-0.5934439236298203,0.28089597914367914,,,,,,,,,,,,,,,,,
23461888,,,,,,,,,,,,,,0.12144531036028638,1.305319250561297,0.0027282002311039832,0.18131070246454328,2.1109209493733943,0.009105866949539632,0.09336907835677266,5.703088301699609,5.106548185862536e-05,7.47299587726593,68.78705835342407,0.0027807922286342546,2.5949886310845613,0.1698491791030392,-0.4375769468024373,0.7320958431810141,1.0
23592960,0.1435677881236188,1.2171961455605924,0.002941133004924268,0.18520586239174008,1.9440206037834287,0.008594847295171348,-2.9798536992586833e-05,0.05333937312752823,-0.059536646185733844,-0.06786953371192794,0.7773307268507779,-0.6107190642505884,0.2520756423473358,,,,,,,,,,,,,,,,,
23592960,,,,,,,,,,,,,,0.14358638954581693,1.2193423206917942,0.002941133004924268,0.1852445291588083,1.947751329280436,0.008594847295171348,0.07371208354015835,5.6331503740511835,4.651950077705358e-05,6.998383324593306,45.5580120831728,0.0025214767819505823,2.6213226839900017,0.14662574423709884,-0.4844356975518167,0.7425620388239622,1.0
23724032,0.14195575745543465,1.3289499818347394,0.0029654659683728823,0.18166827189270407,2.256686732172966,0.008436618563791853,3.215849257287573e-05,0.0451873702913872,-0.04586773459595861,-0.053370734269265085,0.893496145028621,-0.6408360418863595,0.3479725928045809,,,,,,,,,,,,,,,,,
23724032,,,,,,,,,,,,,,0.1420016786432825,1.3353008539415896,0.0029654659683728823,0.18174631835427135,2.265543231740594,0.008436618563791853,0.06813419098034501,4.709155706688762,4.2665278319330147e-05,6.82662308588624,53.6353445649147,0.0019600071540892827,2.5753584187477827,0.14185771928168833,-0.5081615310627967,0.7728158999234438,1.0
23855104,0.12857473496114835,1.3072087615728378,0.002887368277697533,0.1792449263157323,2.073634627275169,0.008357845917089435,1.7932015111910005e-05,0.043116503813507734,-0.04814627720043063,-0.05004838413151447,0.9556392575614154,-0.5530446297489107,0.2849360478576273,,,,,,,,,,,,,,,,,
23855104,,,,,,,,,,,,,,0.12857757951132953,1.3072087615728378,0.002887368277697533,0.1792503622127697,2.073634627275169,0.008357845917089435,0.06255408690776676,3.6302753537893295,5.235986707019524e-05,5.94357530400157,55.65847545862198,0.0029712699433019907,2.580002887174487,0.14296032616402954,-0.4863875259179622,0.7682108720764518,1.0
23986176,0.1382841303711757,1.2812680178321898,0.0028126676386364124,0.17955706967040896,2.1484496500343084,0.009210803475070861,2.6618628346852802e-05,0.04525580640620319,-0.04599229102313984,-0.05111068926635198,0.7314957953058183,-0.6300222557038069,0.2957485255319625,,,,,,,,,,,,,,,,,
23986176,,,,,,,,,,,,,,0.13829134934348986,1.2812680178321898,0.0028126676386364124,0.17955803696531802,2.1484496500343084,0.009210803475070861,0.06322559327236377,3.5178989162668586,4.894283788919873e-05,6.329767156392336,42.61350300908089,0.0017674108179335235,2.5633795987814665,0.14104066544678062,-0.45914979954250157,0.7624368015676737,1.0
24117248,0.11915148474508896,1.2855108054354787,0.002792494068216911,0.17378272395581007,2.084204785525799,0.008295715329950326,4.6125520299256095e-05,0.039070114042260684,-0.03757265255990205,-0.05433590311440639,0.9536910518072546,-0.6616153200156987,0.3257861266611144,,,,,,,,,,,,,,,,,
24117248,,,,,,,,,,,,,,0.11916235246462747,1.2892137356102467,0.002792494068216911,0.17381835856940597,2.1051609348505735,0.008295715329950326,0.05679330573184416,4.260070967953652,4.48616902741783e-05,6.487777926027775,55.92112955451012,0.0021831343708811346,2.5505698639899492,0.13816471153404564,-0.46035500476136804,0.7844314612448215,1.0
24248320,0.14173488870883982,1.446806815614303,0.007323531905670582,0.18250082539394497,2.019417516340812,0.008931255563608527,-5.3896653505300195e-05,0.0756305210480544,-0.09348009132673421,-0.04644057851321122,1.2622397822519997,-0.48862758513598237,0.1761324497871101,,,,,,,,,,,,,,,,,
24248320,,,,,,,,,,,,,,0.14490316563751549,1.3121336717158556,0.0029905485257586406,0.18574055517092347,2.08224515337497,0.00831970232684398,0.07129228129633702,3.577653138898313,4.468690281300702e-05,6.914521683007479,58.73503741621971,0.001714052461956328,2.60758338868618,0.13681619125418365,-0.47797693382017314,0.7446770928800106,1.0
24379392,0.1829467288334854,1.6645079157315195,0.0025636928507992707,0.1969723862130195,2.358471119776368,0.008903646383259911,-6.218884879771736e-05,0.10201225231867284,-0.12622389130410738,-0.03615894430959088,1.3155023092404008,-0.5066248057410121,0.2087688900064677,,,,,,,,,,,,,,,,,
24379392,,,,,,,,,,,,,,0.14591942002705063,1.4762094082333237,0.0068647522377311785,0.18431501705984932,2.087418165820909,0.008928594437791792,0.10200373300474631,12.633760010481375,4.892062767431663e-05,5.1488421399858835,74.22082249955443,0.003138254388205956,2.6852751905659593,0.18412317336561138,-0.41168185197804347,0.7092002771615263,1.0
24510464,0.12521317979553714,1.3312076078727841,0.0029270492577779805,0.18210357311181724,2.1528867282904685,0.008906067965654074,2.565551431743529e-05,0.06643301648728084,-0.06146242624527076,-0.07948265348386485,1.3326601954177022,-0.6381552098318934,0.30471493233926594,,,,,,,,,,,,,,,,,
24510464,,,,,,,,,,,,,,0.12527619733009487,1.3327881405130029,0.0029270492577779805,0.18219482130371034,2.155247194226831,0.008906067965654074,0.07559384443447925,5.499501281417906,4.6680169082380374e-05,6.9293587282299995,76.99673652648926,0.003161378296183237,2.5802097897976637,0.17117545229848474,-0.4451978502329439,0.7772196652367711,1.0
24641536,0.14188452751841396,1.2703511966392398,0.003053422335142386,0.18843327939976007,2.084669394418597,0.009414013795321807,4.4094692476903674e-05,0.05233256290375721,-0.04169697149336571,-0.08795417763758451,1.3146705403923988,-0.658389737829566,0.23932993545895442,,,,,,,,,,,,,,,,,
24641536,,,,,,,,,,,,,,0.14189786469796672,1.2703511966392398,0.003053422335142386,0.18847145233303308,2.090485593304038,0.009414013795321807,0.07406355161219835,5.402924167923629,4.5695091596423265e-05,7.790060963481665,75.79567039012909,0.002516629248527469,2.6161732859909534,0.1452257275232114,-0.4790531462058425,0.8121518176048994,1.0
24772608,0.14249214646406472,1.340376852080226,0.0028938208624822437,0.18341728718951344,2.176460121758282,0.008432531318248948,1.7589908607895666e-05,0.04407617053220747,-0.05037826160696568,-0.06410143277025782,1.2993306466378272,-0.6864856006577611,0.323132318793796,,,,,,,,,,,,,,,,,
24772608,,,,,,,,,,,,,,0.14250983600504696,1.340376852080226,0.0028938208624822437,0.18346163560636342,2.181901284493506,0.008432531318248948,0.06894058946636505,3.805007727816701,4.520144244168911e-05,6.89629128202796,74.97309306263924,0.0018970372458397833,2.578931987285614,0.14270630269311368,-0.4782910111825913,0.7562104677781463,1.0
24903680,0.13285241927951574,1.2901046369224787,0.00284771480710333,0.18125595338642597,2.0438713165931404,0.008856971817294834,6.528152836438039e-05,0.04857175699726213,-0.040313773388334084,-0.07788851059740409,0.908413328230381,-0.6784007390961051,0.26594026340171695,,,,,,,,,,,,,,,,,
24903680,,,,,,,,,,,,,,0.1328570738551207,1.2901046369224787,0.00284771480710333,0.18125747283920646,2.0438713165931404,0.008856971817294834,0.06533610360929742,3.3628981029614806,4.973783710221502e-05,7.325146194547415,52.63645181059837,0.0022889259453044986,2.5843928176909685,0.13469871558481827,-0.4422573698684573,0.7598715331405401,1.0
25034752,0.14330025319941342,1.329294992145151,0.003001524305091152,0.18340897816233337,2.2264416813850403,0.009072472279513022,1.353986935370699e-05,0.04220805538352579,-0.05102034217270557,-0.059493954438949004,0.8848482761532068,-0.6445650639943779,0.3036189365957398,,,,,,,,,,,,,,,,,
25034752,,,,,,,,,,,,,,0.14335170178674161,1.3411048660054803,0.003001524305091152,0.1834941552951932,2.2399764247238636,0.009072472279513022,0.07294102088781074,5.213740327395499,4.7937444845658206e-05,6.9201551750302315,51.81743440032005,0.0018234980291254033,2.568203492090106,0.13371279410785064,-0.5349075766280293,0.7810992375016212,1.0
25165824,0.12092136958381161,1.3425465398468077,0.0028438543562288032,0.1749671772122383,2.112067428883165,0.008553155313620664,3.9927111544102445e-05,0.041471248790912796,-0.03779911973106209,-0.06729314068797976,1.0055360347032547,-0.7842242545448244,0.3091844223672524,,,,,,,,,,,,,,,,,
25165824,,,,,,,,,,,,,,0.12097157590324059,1.3504346790723503,0.0028438543562288032,0.17505418742075562,2.1195890768431127,0.008553155313620664,0.0616458339500241,3.0095554455183446,4.3712019036523664e-05,6.613780006766319,58.945975035429,0.0020644993271901058,2.5417054276913404,0.14449566265102476,-0.5692244959063828,0.7788972249254584,1.0
