collected_frames,train/mean_reward,train/mean_state_value,train/value_minus_reward,train/mean_advantage_GAE,train/mean_action_sample_log_prob,train/mean_critic_loss,train/mean_objective_loss,train/mean_entropy_loss,train/mean_entropy,train/mean_kl_approx,train/mean_clip_fraction,train/mean_advantage,train/std_advantage,train/total_grad_norm,train/policy_operator_lr,train/value_operator_lr,train/step_penalty,train/action_bonus_coef
131072,-0.022629350423812866,-0.6794164776802063,-0.6567871272563934,-0.34987035393714905,-4.011859893798828,5.654534339904785,-0.019045371562242508,-0.04825066775083542,4.000173568725586,0.017763059586286545,0.21337890625,-0.34987035393714905,10.78014850616455,7.7071852684021,0.0005027635788094066,0.001698572532095114,-0.05959512071534246,16.29043388277351
262144,0.051116861402988434,1.9231064319610596,1.8719895705580711,0.8712887763977051,-4.011775970458984,4.2004170417785645,-0.02500171773135662,-0.04787110164761543,3.968705654144287,0.015672240406274796,0.217529296875,0.8712887763977051,8.407119750976562,8.089377403259277,0.0005025839562374847,0.0016979656823158731,-0.05970135087704539,16.29043388277351
393216,0.04555175453424454,2.8102612495422363,2.764709495007992,0.4598555266857147,-3.9700422286987305,3.1621694564819336,-0.031166767701506615,-0.04686536267399788,3.8853259086608887,0.02118847705423832,0.240478515625,0.4598555266857147,8.439556121826172,7.368582725524902,0.0005024043336655628,0.0016973588325366322,-0.059807581038748316,16.29043388277351
524288,0.017281601205468178,1.366481065750122,1.349199464544654,-0.2033575475215912,-3.9114990234375,2.6395092010498047,-0.024884935468435287,-0.046441949903964996,3.8502233028411865,0.012831566855311394,0.196044921875,-0.2033575475215912,8.658198356628418,7.821389198303223,0.0005022247110936409,0.0016967519827573916,-0.05991381120045124,16.29043388277351
655360,0.12351696193218231,5.033493518829346,4.909976556897163,1.7039463520050049,-3.8852944374084473,3.472834587097168,-0.03237760066986084,-0.04606427997350693,3.818913221359253,0.016758518293499947,0.23046875,1.7039463520050049,8.60499382019043,5.139183521270752,0.000502045088521719,0.0016961451329781507,-0.06002004136215417,16.29043388277351
786432,0.0799332708120346,5.974930763244629,5.894997492432594,-1.5396711826324463,-3.8112714290618896,3.0708842277526855,-0.03329474478960037,-0.04513237625360489,3.741654396057129,0.019171686843037605,0.23974609375,-1.5396711826324463,9.728153228759766,8.275047302246094,0.0005018654659497971,0.0016955382831989098,-0.0601262715238571,16.29043388277351
917504,-0.06178399920463562,1.3021771907806396,1.3639611899852753,-2.2108349800109863,-3.7318036556243896,2.6532487869262695,-0.040981583297252655,-0.04431283473968506,3.6737112998962402,0.014113696292042732,0.252685546875,-2.2108349800109863,9.196194648742676,8.127866744995117,0.0005016858433778752,0.001694931433419669,-0.060232501685560026,16.29043388277351
1048576,-0.05373280495405197,-0.429662823677063,-0.375930018723011,-1.554435133934021,-3.7018918991088867,2.5775585174560547,-0.038520608097314835,-0.04361250624060631,3.6156511306762695,0.019807104021310806,0.259765625,-1.554435133934021,8.588115692138672,9.576715469360352,0.0005015062208059533,0.0016943245836404282,-0.060338731847262954,16.29043388277351
1179648,-0.010569021105766296,-1.5245951414108276,-1.5140261203050613,-0.14132355153560638,-3.630634307861328,2.487865924835205,-0.04532618448138237,-0.04295283928513527,3.560962200164795,0.03182722255587578,0.292236328125,-0.14132355153560638,8.817877769470215,7.702308654785156,0.0005013265982340313,0.0016937177338611873,-0.06044496200896588,16.29043388277351
1310720,0.25054192543029785,11.47385025024414,11.223308324813843,2.2483303546905518,-3.596088171005249,4.93828010559082,-0.043092403560876846,-0.04261958226561546,3.5333335399627686,0.02361193113029003,0.26220703125,2.2483303546905518,14.006402969360352,7.784008026123047,0.0005011469756621094,0.0016931108840819464,-0.06055119217066881,16.29043388277351
1441792,-0.036644913256168365,0.9186424016952515,0.9552873149514198,-1.955323576927185,-3.4727232456207275,3.2602736949920654,-0.040680717676877975,-0.041031163185834885,3.4016475677490234,0.019573424011468887,0.248779296875,-1.955323576927185,10.455038070678711,8.488968849182129,0.0005009673530901876,0.0016925040343027057,-0.06065742233237174,16.29043388277351
1572864,-0.04579808562994003,5.513402938842773,5.5592010244727135,-1.4257502555847168,-3.4817163944244385,3.0422463417053223,-0.041932206600904465,-0.04106420278549194,3.404386520385742,0.025367647409439087,0.306640625,-1.4257502555847168,10.349651336669922,9.124313354492188,0.0005007877305182657,0.0016918971845234648,-0.06076365249407466,16.29043388277351
1703936,0.022327441722154617,7.664595603942871,7.6422681622207165,-0.8263188004493713,-3.41884708404541,2.9152750968933105,-0.04195994883775711,-0.04023659601807594,3.3357746601104736,0.02932352013885975,0.302734375,-0.8263188004493713,10.538951873779297,7.264145851135254,0.0005006081079463439,0.001691290334744224,-0.060869882655777585,16.29043388277351
1835008,0.009644297882914543,6.131555557250977,6.121911259368062,-1.5156943798065186,-3.3459677696228027,2.8923001289367676,-0.04752149060368538,-0.03960711508989334,3.283588171005249,0.03127683699131012,0.316650390625,-1.5156943798065186,9.491181373596191,10.20816421508789,0.0005004284853744219,0.001690683484964983,-0.06097611281748051,16.29043388277351
1966080,0.15230193734169006,8.9236421585083,8.77134022116661,-1.9246635437011719,-3.286491870880127,4.485091209411621,-0.043304406106472015,-0.03927712142467499,3.256230354309082,0.0305134579539299,0.319091796875,-1.9246635437011719,12.69424057006836,11.250198364257812,0.0005002488628025,0.0016900766351857423,-0.06108234297918344,16.29043388277351
2097152,-0.06343361735343933,2.809208869934082,2.8726424872875214,-2.3233084678649902,-3.238621711730957,3.0673751831054688,-0.04527881741523743,-0.03887495398521423,3.222888946533203,0.02857219986617565,0.30029296875,-2.3233084678649902,9.77808952331543,10.527771949768066,0.0005000692402305782,0.0016894697854065016,-0.06118857314088637,16.29043388277351
2228224,-0.02550303190946579,1.755592703819275,1.7810957357287407,-1.8478169441223145,-3.242465019226074,3.196835517883301,-0.042414598166942596,-0.0382423996925354,3.170448064804077,0.024202268570661545,0.32275390625,-1.8478169441223145,9.297394752502441,5.949311256408691,0.0004998896176586562,0.0016888629356272607,-0.061294803302589296,16.29043388277351
2359296,-0.009330205619335175,-0.27045488357543945,-0.2611246779561043,-1.1592397689819336,-3.2018117904663086,3.124739408493042,-0.04418247938156128,-0.03816181421279907,3.163766860961914,0.030285760760307312,0.341796875,-1.1592397689819336,9.382316589355469,6.921416282653809,0.0004997099950867343,0.0016882560858480198,-0.06140103346429222,16.29043388277351
2490368,0.12257038056850433,0.5772592425346375,0.4546888619661331,3.0778064727783203,-3.150871753692627,5.407001495361328,-0.04829563945531845,-0.03689054772257805,3.0583739280700684,0.03339406102895737,0.348876953125,3.0778064727783203,13.281644821166992,10.427901268005371,0.0004995303725148125,0.0016876492360687792,-0.061507263625995165,16.29043388277351
2621440,0.008492479100823402,-4.167788982391357,-4.176281461492181,-0.8449395895004272,-3.0613436698913574,3.275297164916992,-0.04306177794933319,-0.03634685277938843,3.0132994651794434,0.035617195069789886,0.33447265625,-0.8449395895004272,10.320205688476562,7.103905200958252,0.0004993507499428906,0.0016870423862895383,-0.06161349378769809,16.29043388277351
2752512,-0.027105368673801422,-3.0306625366210938,-3.0035571679472923,-1.076904058456421,-3.026059150695801,3.3316092491149902,-0.048908330500125885,-0.03557711839675903,2.9494853019714355,0.02670738473534584,0.348876953125,-1.076904058456421,9.889846801757812,9.105661392211914,0.0004991711273709688,0.0016864355365102974,-0.06171972394940102,16.29043388277351
2883584,0.18024173378944397,1.2398827075958252,1.0596409738063812,-0.6499528884887695,-3.0183260440826416,4.29133415222168,-0.040241092443466187,-0.03586214780807495,2.9731149673461914,0.03861762955784798,0.342041015625,-0.6499528884887695,14.637911796569824,7.9581451416015625,0.0004989915047990469,0.0016858286867310567,-0.06182595411110395,16.29043388277351
3014656,-0.006324577145278454,-4.31085205078125,-4.3045274736359715,-0.7420425415039062,-2.9124698638916016,3.535889148712158,-0.0471794493496418,-0.03515784814953804,2.9147262573242188,0.027657628059387207,0.34228515625,-0.7420425415039062,11.191266059875488,5.91778039932251,0.0004988118822271251,0.0016852218369518158,-0.061932184272806876,16.29043388277351
3145728,-0.013471895828843117,-5.442444801330566,-5.428972905501723,-0.9236273765563965,-2.891033172607422,2.784428119659424,-0.042497966438531876,-0.03382619470357895,2.8043265342712402,0.03416433930397034,0.36474609375,-0.9236273765563965,10.080818176269531,6.7777934074401855,0.0004986322596552032,0.0016846149871725749,-0.0620384144345098,16.29043388277351
3276800,0.008219021372497082,-6.237356185913086,-6.245575207285583,-0.70164954662323,-2.829450845718384,2.881927013397217,-0.044716037809848785,-0.03426308557391167,2.8405468463897705,0.026576697826385498,0.348876953125,-0.70164954662323,9.699930191040039,7.8256659507751465,0.0004984526370832813,0.001684008137393334,-0.06214464459621273,16.29043388277351
3407872,0.08392787724733353,-4.388612270355225,-4.472540147602558,2.5418596267700195,-2.8248977661132812,4.6168437004089355,-0.0541464239358902,-0.03297889232635498,2.734081983566284,0.0441332571208477,0.346435546875,2.5418596267700195,13.714340209960938,6.123744010925293,0.0004982730145113595,0.001683401287614093,-0.06225087475791566,16.29043388277351
3538944,-0.01417615357786417,-3.4174842834472656,-3.4033081298694015,-0.8261555433273315,-2.791088581085205,3.2641701698303223,-0.05022086203098297,-0.03259287774562836,2.7020797729492188,0.025778912007808685,0.334228515625,-0.8261555433273315,11.194005012512207,6.13118314743042,0.0004980933919394376,0.0016827944378348522,-0.062357104919618586,16.29043388277351
3670016,0.016180099919438362,-2.992979049682617,-3.0091591496020555,-1.213991641998291,-2.7679619789123535,3.414032220840454,-0.04575502872467041,-0.032599762082099915,2.702650785446167,0.030737698078155518,0.36474609375,-1.213991641998291,11.42098617553711,6.875359535217285,0.0004979137693675158,0.0016821875880556113,-0.062463335081321514,16.29043388277351
3801088,0.001861524535343051,-4.378588676452637,-4.38045020098798,-0.7574212551116943,-2.721090316772461,3.274315357208252,-0.04845239967107773,-0.031991396099328995,2.652214527130127,0.038174621760845184,0.37646484375,-0.7574212551116943,11.228083610534668,5.920897483825684,0.0004977341467955939,0.0016815807382763704,-0.06256956524302444,16.29043388277351
3932160,0.021319810301065445,-4.8349151611328125,-4.856234971433878,-0.7415902018547058,-2.6528987884521484,3.1056246757507324,-0.045093193650245667,-0.031524576246738434,2.6135129928588867,0.035640649497509,0.3671875,-0.7415902018547058,11.133045196533203,4.842271327972412,0.000497554524223672,0.0016809738884971295,-0.06267579540472737,16.29043388277351
4063232,0.04188741371035576,-5.283764362335205,-5.325651776045561,-0.08618440479040146,-2.631009101867676,3.9532289505004883,-0.05315256118774414,-0.0312528982758522,2.5909900665283203,0.047772057354450226,0.385009765625,-0.08618440479040146,12.557194709777832,7.518481731414795,0.0004973749016517502,0.0016803670387178886,-0.0627820255664303,16.29043388277351
4194304,-0.008238258771598339,-7.391397476196289,-7.383159217424691,-0.6092182397842407,-2.6091604232788086,3.701092004776001,-0.049440231174230576,-0.03142528235912323,2.605281352996826,0.037517789751291275,0.37646484375,-0.6092182397842407,11.2529878616333,6.460196495056152,0.0004971952790798282,0.0016797601889386477,-0.06288825572813322,16.29043388277351
4325376,0.013103816658258438,-8.40401840209961,-8.417122218757868,-0.7894182205200195,-2.5928587913513184,3.548633098602295,-0.05061638727784157,-0.03068462386727333,2.5438780784606934,0.03456007316708565,0.3828125,-0.7894182205200195,11.521673202514648,9.178909301757812,0.0004970156565079063,0.0016791533391594068,-0.06299448588983615,16.29043388277351
4456448,-0.0022857761941850185,-10.224079132080078,-10.221793355885893,-0.5076488852500916,-2.564465284347534,3.4380037784576416,-0.04435092210769653,-0.030673634260892868,2.542966842651367,0.04725842922925949,0.39892578125,-0.5076488852500916,11.566386222839355,7.216242790222168,0.0004968360339359843,0.001678546489380166,-0.06310071605153908,16.29043388277351
4587520,0.003721371293067932,-11.662080764770508,-11.665802136063576,-0.5089325904846191,-2.550581693649292,3.8221349716186523,-0.04758024960756302,-0.02993340790271759,2.4815990924835205,0.03821676969528198,0.39990234375,-0.5089325904846191,11.629762649536133,12.75814151763916,0.0004966564113640624,0.0016779396396009252,-0.06320694621324201,16.29043388277351
4718592,0.006052210461348295,-11.34660530090332,-11.352657511364669,-0.1101742833852768,-2.542053699493408,3.844236373901367,-0.04960550367832184,-0.03047732077538967,2.5266919136047363,0.038681402802467346,0.38916015625,-0.1101742833852768,12.782642364501953,6.151293754577637,0.0004964767887921406,0.0016773327898216843,-0.06331317637494493,16.29043388277351
4849664,0.007667241618037224,-12.675853729248047,-12.683520970866084,-0.1943555772304535,-2.537689208984375,3.8886358737945557,-0.04731910675764084,-0.030086571350693703,2.4942967891693115,0.03866393864154816,0.40087890625,-0.1943555772304535,12.97232723236084,6.4671149253845215,0.0004962971662202187,0.0016767259400424434,-0.06341940653664786,16.29043388277351
4980736,0.001181778497993946,-14.637469291687012,-14.638651070185006,0.1535460650920868,-2.4985523223876953,3.7946865558624268,-0.0440170019865036,-0.03014390915632248,2.4990506172180176,0.04949960112571716,0.413818359375,0.1535460650920868,13.19469928741455,6.979872703552246,0.0004961175436482969,0.0016761190902632025,-0.06352563669835079,16.29043388277351
5111808,-0.01528356783092022,-16.735702514648438,-16.720418946817517,0.201137512922287,-2.5281996726989746,3.9627509117126465,-0.04371894896030426,-0.029916662722826004,2.480210781097412,0.05685270205140114,0.423828125,0.201137512922287,13.263847351074219,7.121471881866455,0.000495937921076375,0.0016755122404839616,-0.06363186686005372,16.29043388277351
5242880,-0.001351596089079976,-15.358074188232422,-15.356722592143342,0.723466694355011,-2.550187110900879,4.3698883056640625,-0.04704995080828667,-0.030418939888477325,2.5218515396118164,0.05181160569190979,0.40869140625,0.723466694355011,14.309645652770996,9.697113990783691,0.0004957582985044531,0.0016749053907047207,-0.06373809702175665,16.29043388277351
5373952,0.004427553154528141,-14.683211326599121,-14.68763887975365,0.3534466028213501,-2.540095090866089,3.7878012657165527,-0.04998139292001724,-0.031216122210025787,2.5879411697387695,0.04338753595948219,0.41015625,0.3534466028213501,13.425751686096191,6.192192554473877,0.0004955786759325313,0.0016742985409254798,-0.06384432718345957,16.29043388277351
5505024,0.06929302215576172,-10.655840873718262,-10.725133895874023,-1.689034104347229,-2.5588555335998535,4.428578853607178,-0.050791069865226746,-0.030781909823417664,2.55194354057312,0.04036678373813629,0.38818359375,-1.689034104347229,15.127592086791992,8.528822898864746,0.0004953990533606094,0.001673691691146239,-0.0639505573451625,16.29043388277351
5636096,0.0214415043592453,-14.158955574035645,-14.18039707839489,0.04518410190939903,-2.5307674407958984,4.474758148193359,-0.05019770935177803,-0.030343685299158096,2.515612840652466,0.046123020350933075,0.41357421875,0.04518410190939903,14.584846496582031,5.424957752227783,0.0004952194307886876,0.001673084841366998,-0.06405678750686543,16.29043388277351
5767168,-0.015316581353545189,-16.695465087890625,-16.68014850653708,0.05074033886194229,-2.530287504196167,3.945267677307129,-0.05223121494054794,-0.03049708530306816,2.5283303260803223,0.03930845856666565,0.411865234375,0.05074033886194229,13.82931900024414,7.074429988861084,0.0004950398082167657,0.0016724779915877573,-0.06416301766856836,16.29043388277351
5898240,-0.019030269235372543,-18.110088348388672,-18.0910580791533,0.07869219779968262,-2.5341248512268066,3.6816234588623047,-0.0483185350894928,-0.030195966362953186,2.503366470336914,0.0452558733522892,0.408935546875,0.07869219779968262,13.790412902832031,7.608348369598389,0.0004948601856448438,0.0016718711418085164,-0.06426924783027128,16.29043388277351
6029312,0.04493167623877525,-17.02105712890625,-17.065988805145025,2.4218592643737793,-2.509932041168213,5.5878729820251465,-0.04673431068658829,-0.030102917924523354,2.495652198791504,0.041815176606178284,0.41796875,2.4218592643737793,16.89388656616211,10.075114250183105,0.0004946805630729218,0.0016712642920292755,-0.0643754779919742,16.29043388277351
6160384,-0.02099413424730301,-16.95501136779785,-16.93401723355055,0.7823699712753296,-2.500265121459961,4.357531547546387,-0.05267646536231041,-0.029667066410183907,2.4595184326171875,0.048679009079933167,0.40625,0.7823699712753296,15.128650665283203,7.775612831115723,0.0004945009405009999,0.0016706574422500349,-0.06448170815367713,16.29043388277351
6291456,0.012919158674776554,-14.830819129943848,-14.843738288618624,0.5313452482223511,-2.4939324855804443,4.102231502532959,-0.050677113234996796,-0.030131012201309204,2.497981309890747,0.04971448704600334,0.38427734375,0.5313452482223511,15.499229431152344,7.125126838684082,0.0004943213179290781,0.0016700505924707942,-0.06458793831538005,16.29043388277351
6422528,0.007907746359705925,-14.964193344116211,-14.972101090475917,0.8406352996826172,-2.4950790405273438,4.624426364898682,-0.04937736317515373,-0.029574722051620483,2.4518628120422363,0.052591513842344284,0.412353515625,0.8406352996826172,15.89022445678711,8.217841148376465,0.0004941416953571561,0.0016694437426915533,-0.06469416847708298,16.29043388277351
6553600,-0.0019812642131000757,-15.51889705657959,-15.51691579236649,-0.10302165895700455,-2.4730656147003174,3.740680694580078,-0.05174390226602554,-0.029058195650577545,2.409040689468384,0.044180095195770264,0.418701171875,-0.10302165895700455,13.560308456420898,7.374711513519287,0.0004939620727852342,0.0016688368929123124,-0.06480039863878591,16.29043388277351
6684672,0.015365945175290108,-14.597633361816406,-14.612999306991696,0.6397349834442139,-2.4537618160247803,4.3580756187438965,-0.04663267731666565,-0.029754118993878365,2.466735363006592,0.05587045103311539,0.424560546875,0.6397349834442139,15.306591033935547,5.8082756996154785,0.0004937824502133124,0.0016682300431330715,-0.06490662880048884,16.29043388277351
6815744,0.002905511297285557,-14.056581497192383,-14.059487008489668,0.28741729259490967,-2.4391415119171143,4.414429664611816,-0.05485254526138306,-0.029299315065145493,2.429030179977417,0.04614744707942009,0.434326171875,0.28741729259490967,14.356941223144531,8.612564086914062,0.0004936028276413905,0.0016676231933538308,-0.06501285896219178,16.29043388277351
6946816,0.010710650123655796,-15.159570693969727,-15.170281344093382,-0.21764634549617767,-2.421161651611328,3.898538112640381,-0.04543174058198929,-0.028910961002111435,2.396834373474121,0.061537034809589386,0.4375,-0.21764634549617767,13.75600814819336,6.651740074157715,0.0004934232050694687,0.0016670163435745901,-0.06511908912389469,16.29043388277351
7077888,-0.0029493970796465874,-17.02164077758789,-17.018691380508244,0.19159428775310516,-2.3966243267059326,3.8207783699035645,-0.04827485606074333,-0.02811742201447487,2.3310468196868896,0.0600799135863781,0.451171875,0.19159428775310516,14.443650245666504,7.389415740966797,0.0004932435824975468,0.0016664094937953492,-0.06522531928559763,16.29043388277351
7208960,0.002349900547415018,-16.34986686706543,-16.352216767612845,0.4994886517524719,-2.373931884765625,4.0378546714782715,-0.04820813611149788,-0.029167989268898964,2.418142795562744,0.05300907418131828,0.404296875,0.4994886517524719,15.003877639770508,6.17927360534668,0.000493063959925625,0.0016658026440161083,-0.06533154944730056,16.29043388277351
7340032,0.010748449712991714,-16.670528411865234,-16.681276861578226,-0.21485364437103271,-2.354823350906372,4.306241035461426,-0.05105810984969139,-0.028013989329338074,2.322471857070923,0.05146874487400055,0.445556640625,-0.21485364437103271,14.570229530334473,7.0644755363464355,0.0004928843373537031,0.0016651957942368674,-0.06543777960900349,16.29043388277351
7471104,-0.0005043661221861839,-18.234821319580078,-18.234316953457892,0.0152035653591156,-2.351015567779541,3.9369771480560303,-0.051331162452697754,-0.02837798185646534,2.3526482582092285,0.060027722269296646,0.44189453125,0.0152035653591156,14.107243537902832,4.809006690979004,0.0004927047147817812,0.0016645889444576265,-0.06554400977070642,16.29043388277351
7602176,-0.010331450961530209,-18.59559440612793,-18.5852629551664,0.2722633481025696,-2.35762357711792,4.156662940979004,-0.044687651097774506,-0.02798992022871971,2.3204762935638428,0.06124778091907501,0.4736328125,0.2722633481025696,14.472356796264648,6.017991542816162,0.0004925250922098593,0.0016639820946783856,-0.06565023993240934,16.29043388277351
7733248,-0.008396239951252937,-19.282846450805664,-19.27445021085441,0.37136414647102356,-2.33879017829895,3.95813250541687,-0.05113594979047775,-0.02773827500641346,2.2996139526367188,0.054809704422950745,0.434814453125,0.37136414647102356,14.516677856445312,6.355691909790039,0.0004923454696379373,0.0016633752448991447,-0.06575647009411227,16.29043388277351
7864320,0.004705075174570084,-19.272319793701172,-19.277024868875742,0.6864749193191528,-2.3478498458862305,4.297928810119629,-0.04882664233446121,-0.028799470514059067,2.3875913619995117,0.05560459569096565,0.431396484375,0.6864749193191528,16.034954071044922,6.060327053070068,0.0004921658470660154,0.0016627683951199038,-0.0658627002558152,16.29043388277351
7995392,-0.0019862931221723557,-20.597410202026367,-20.595423908904195,0.9114460945129395,-2.3365697860717773,4.44136381149292,-0.0486922487616539,-0.028621874749660492,2.3728678226470947,0.050323307514190674,0.4501953125,0.9114460945129395,15.655926704406738,6.786618232727051,0.0004919862244940935,0.001662161545340663,-0.06596893041751813,16.29043388277351
8126464,0.0698748528957367,-16.066001892089844,-16.13587674498558,-1.2030667066574097,-2.321671962738037,4.102212905883789,-0.041726794093847275,-0.028315966948866844,2.3475069999694824,0.04448409751057625,0.400634765625,-1.2030667066574097,16.656436920166016,8.347310066223145,0.0004918066019221716,0.001661554695561422,-0.06607516057922105,16.29043388277351
8257536,0.02988174557685852,-20.551395416259766,-20.581277161836624,1.51896333694458,-2.3299202919006348,5.00626277923584,-0.05604151636362076,-0.027780111879110336,2.303082227706909,0.05486581474542618,0.427001953125,1.51896333694458,17.69563865661621,7.082867622375488,0.0004916269793502498,0.0016609478457821811,-0.06618139074092398,16.29043388277351
8388608,-0.02071811631321907,-22.171077728271484,-22.150359611958265,0.43853017687797546,-2.3373308181762695,3.8593783378601074,-0.049498457461595535,-0.028096651658415794,2.329324722290039,0.048860661685466766,0.4375,0.43853017687797546,14.738800048828125,6.528591156005859,0.0004914473567783279,0.0016603409960029402,-0.06628762090262691,16.29043388277351
8519680,-0.021205000579357147,-24.044937133789062,-24.023732133209705,0.8329806327819824,-2.3201732635498047,3.6760306358337402,-0.04857306927442551,-0.028488818556070328,2.3618369102478027,0.049212031066417694,0.423583984375,0.8329806327819824,15.088375091552734,5.522068023681641,0.000491267734206406,0.0016597341462236993,-0.06639385106432984,16.29043388277351
8650752,0.027209848165512085,-23.15261459350586,-23.17982444167137,3.5672645568847656,-2.339573383331299,5.724408149719238,-0.05103174224495888,-0.02816016972064972,2.334590435028076,0.06211983785033226,0.454833984375,3.5672645568847656,18.756690979003906,5.992905616760254,0.0004910881116344842,0.0016591272964444584,-0.06650008122603276,16.29043388277351
8781824,-0.012441771104931831,-20.833415985107422,-20.82097421400249,0.6256269812583923,-2.3351240158081055,4.10952091217041,-0.05081880837678909,-0.029115237295627594,2.413769483566284,0.05558677017688751,0.434326171875,0.6256269812583923,15.18226146697998,7.4389729499816895,0.0004909084890625623,0.0016585204466652177,-0.06660631138773569,16.29043388277351
8912896,0.014629291370511055,-20.043106079101562,-20.057735370472074,0.7194465398788452,-2.3312127590179443,4.1834588050842285,-0.05129856616258621,-0.02811940386891365,2.3312110900878906,0.04932139813899994,0.43798828125,0.7194465398788452,15.427796363830566,5.851536750793457,0.0004907288664906404,0.0016579135968859769,-0.06671254154943862,16.29043388277351
9043968,-0.009257044643163681,-21.559410095214844,-21.55015305057168,0.9313355684280396,-2.339348793029785,4.088796138763428,-0.050222404301166534,-0.027810612693428993,2.3056108951568604,0.04426895081996918,0.436767578125,0.9313355684280396,15.857545852661133,5.916975498199463,0.0004905492439187185,0.001657306747106736,-0.06681877171114155,16.29043388277351
9175040,-0.011939273215830326,-21.764358520507812,-21.752419247291982,0.9026631116867065,-2.349628448486328,4.2001447677612305,-0.047969844192266464,-0.0275169275701046,2.2812633514404297,0.0539376437664032,0.431396484375,0.9026631116867065,16.316984176635742,9.397626876831055,0.0004903696213467967,0.001656699897327495,-0.06692500187284448,16.29043388277351
9306112,0.003901882329955697,-21.41818618774414,-21.422088070074096,1.5671968460083008,-2.329066276550293,4.465575218200684,-0.049481313675642014,-0.02827465906739235,2.3440821170806885,0.05632343143224716,0.4140625,1.5671968460083008,16.724300384521484,6.886302947998047,0.0004901899987748748,0.0016560930475482542,-0.0670312320345474,16.29043388277351
9437184,0.0133357560262084,-20.197723388671875,-20.211059144698083,1.4063571691513062,-2.3335459232330322,4.594331741333008,-0.051807861775159836,-0.027313027530908585,2.26435923576355,0.06503564119338989,0.436767578125,1.4063571691513062,16.643159866333008,5.949109077453613,0.0004900103762029529,0.0016554861977690135,-0.06713746219625033,16.29043388277351
9568256,-0.0012674126774072647,-19.217971801757812,-19.216704389080405,0.7416062355041504,-2.3413026332855225,4.5748748779296875,-0.050474271178245544,-0.029130876064300537,2.4150660037994385,0.06344617903232574,0.43408203125,0.7416062355041504,16.498069763183594,7.101190567016602,0.0004898307536310311,0.0016548793479897726,-0.06724369235795326,16.29043388277351
9699328,-0.0014451509341597557,-21.029991149902344,-21.028545998968184,0.7410470247268677,-2.3537187576293945,4.41351318359375,-0.04699532315135002,-0.028761059045791626,2.384406566619873,0.057472169399261475,0.438720703125,0.7410470247268677,16.48123550415039,6.687450408935547,0.0004896511310591091,0.0016542724982105317,-0.06734992251965619,16.29043388277351
9830400,-0.0051658605225384235,-20.845741271972656,-20.840575411450118,1.305704116821289,-2.3487331867218018,4.178525924682617,-0.0497220940887928,-0.02836717665195465,2.351752281188965,0.054243773221969604,0.420166015625,1.305704116821289,16.192018508911133,6.863166809082031,0.0004894715084871873,0.0016536656484312908,-0.06745615268135911,16.29043388277351
9961472,-0.004918844439089298,-19.66910171508789,-19.6641828706488,0.5446529388427734,-2.3392882347106934,4.412755012512207,-0.05004752427339554,-0.027669668197631836,2.2939260005950928,0.0499240942299366,0.4208984375,0.5446529388427734,16.067665100097656,8.739018440246582,0.0004892918859152654,0.00165305879865205,-0.06756238284306204,16.29043388277351
10092544,0.006610541604459286,-21.58579444885254,-21.592404990457,1.3546578884124756,-2.311556339263916,4.560901641845703,-0.04705909639596939,-0.027829185128211975,2.3071508407592773,0.06621437519788742,0.447998046875,1.3546578884124756,16.816986083984375,6.0182695388793945,0.0004891122633433435,0.0016524519488728094,-0.06766861300476497,16.29043388277351
10223616,-0.014446167275309563,-21.862218856811523,-21.847772689536214,1.2295793294906616,-2.3175785541534424,4.72629451751709,-0.0460326224565506,-0.027331672608852386,2.2659049034118652,0.053148053586483,0.435791015625,1.2295793294906616,16.846637725830078,6.287642955780029,0.0004889326407714216,0.0016518450990935685,-0.0677748431664679,16.29043388277351
10354688,0.0019622109830379486,-21.749675750732422,-21.75163796171546,1.1296844482421875,-2.3143160343170166,4.119980335235596,-0.048344407230615616,-0.02780800312757492,2.3053946495056152,0.05865440517663956,0.440673828125,1.1296844482421875,16.147653579711914,5.141805171966553,0.0004887530181994996,0.0016512382493143276,-0.06788107332817082,16.29043388277351
10485760,-0.0006486186757683754,-20.801883697509766,-20.801235078833997,1.0986964702606201,-2.284503936767578,4.6412153244018555,-0.05171048641204834,-0.02760985866189003,2.2889676094055176,0.044931478798389435,0.4208984375,1.0986964702606201,15.659916877746582,10.17757797241211,0.0004885733956275777,0.0016506313995350867,-0.06798730348987375,16.29043388277351
10616832,-0.0020873500034213066,-21.019107818603516,-21.017020468600094,1.2452080249786377,-2.2927443981170654,4.76985502243042,-0.04735798016190529,-0.0277110505849123,2.2973570823669434,0.051622357219457626,0.4365234375,1.2452080249786377,16.87093162536621,7.160784721374512,0.0004883937730556559,0.0016500245497558458,-0.06809353365157668,16.29043388277351
10747904,0.041218943893909454,-16.93145751953125,-16.97267646342516,-1.1824438571929932,-2.2876596450805664,4.5811567306518555,-0.0474109947681427,-0.0280775036662817,2.327737331390381,0.036363258957862854,0.38330078125,-1.1824438571929932,16.126623153686523,9.73958683013916,0.000488214150483734,0.001649417699976605,-0.0681997638132796,16.29043388277351
10878976,0.025777770206332207,-19.246810913085938,-19.27258868329227,1.7388578653335571,-2.2483315467834473,5.166989803314209,-0.05002642422914505,-0.027376867830753326,2.2696518898010254,0.06029709801077843,0.437744140625,1.7388578653335571,17.690719604492188,7.103530406951904,0.00048803452791181207,0.0016488108501973642,-0.06830599397498253,16.29043388277351
11010048,0.005762865301221609,-19.722946166992188,-19.72870903229341,0.3935389220714569,-2.2201037406921387,4.157557010650635,-0.04838184267282486,-0.026990525424480438,2.2376224994659424,0.05258622393012047,0.45849609375,0.3935389220714569,14.786033630371094,7.59355354309082,0.00048785490533989015,0.0016482040004181233,-0.06841222413668546,16.29043388277351
11141120,-0.008389325812458992,-20.657400131225586,-20.649010805413127,0.454465389251709,-2.209902763366699,3.9235336780548096,-0.05012458190321922,-0.026923537254333496,2.2320690155029297,0.056939221918582916,0.426513671875,0.454465389251709,15.142849922180176,6.121804237365723,0.00048767528276796824,0.0016475971506388824,-0.06851845429838839,16.29043388277351
11272192,0.021283719688653946,-18.94556999206543,-18.966853711754084,2.615103006362915,-2.2136123180389404,5.576859474182129,-0.047373056411743164,-0.026012960821390152,2.156578540802002,0.05436471849679947,0.444091796875,2.615103006362915,19.099260330200195,7.286072731018066,0.00048749566019604633,0.0016469903008596415,-0.06862468446009132,16.29043388277351
11403264,-0.007549544796347618,-17.963489532470703,-17.955939987674356,0.8218060731887817,-2.1742477416992188,4.080988883972168,-0.04905085638165474,-0.02576296031475067,2.135852336883545,0.05083034932613373,0.39892578125,0.8218060731887817,15.59327220916748,6.239035606384277,0.0004873160376241244,0.0016463834510804006,-0.06873091462179426,16.29043388277351
11534336,0.004913588985800743,-18.012306213378906,-18.017219802364707,0.22322161495685577,-2.1709322929382324,4.461761474609375,-0.04693092778325081,-0.026362931355834007,2.1855926513671875,0.04379390925168991,0.421875,0.22322161495685577,16.241802215576172,9.714877128601074,0.0004871364150522025,0.0016457766013011597,-0.06883714478349717,16.29043388277351
11665408,-0.011223936453461647,-19.20507049560547,-19.193846559152007,0.24394196271896362,-2.1872072219848633,4.443826675415039,-0.04655326157808304,-0.026498258113861084,2.1968111991882324,0.06290881335735321,0.44873046875,0.24394196271896362,16.117765426635742,4.886702537536621,0.0004869567924802806,0.0016451697515219188,-0.0689433749452001,16.29043388277351
11796480,-0.008056538179516792,-19.738529205322266,-19.73047266714275,1.030245065689087,-2.2017486095428467,4.39698600769043,-0.052017487585544586,-0.025851255282759666,2.143172264099121,0.04930030554533005,0.453369140625,1.030245065689087,15.286538124084473,9.616979598999023,0.00048677716990835874,0.0016445629017426782,-0.06904960510690303,16.29043388277351
11927552,0.013470925390720367,-18.053672790527344,-18.067143715918064,1.103161096572876,-2.2007851600646973,5.103823661804199,-0.048574890941381454,-0.027274107560515404,2.2611324787139893,0.05694727599620819,0.44775390625,1.103161096572876,17.555553436279297,5.852444171905518,0.0004865975473364368,0.0016439560519634373,-0.06915583526860596,16.29043388277351
12058624,-0.0029602362774312496,-18.932161331176758,-18.929201094899327,1.7030423879623413,-2.174567699432373,4.719571113586426,-0.05017704889178276,-0.026252202689647675,2.176412582397461,0.05500271916389465,0.4248046875,1.7030423879623413,16.858152389526367,8.781633377075195,0.0004864179247645149,0.0016433492021841964,-0.06926206543030888,16.29043388277351
12189696,0.003484634682536125,-17.894508361816406,-17.897992996498942,0.5053290128707886,-2.1730360984802246,4.452043533325195,-0.04863849654793739,-0.026218263432383537,2.1735990047454834,0.05850036069750786,0.4345703125,0.5053290128707886,15.297471046447754,10.612909317016602,0.000486238302192593,0.0016427423524049555,-0.06936829559201181,16.29043388277351
12320768,0.002074065152555704,-18.860275268554688,-18.862349333707243,0.9826079607009888,-2.1719448566436768,4.51317024230957,-0.049702566117048264,-0.026626165956258774,2.2074155807495117,0.06318772584199905,0.43310546875,0.9826079607009888,16.175304412841797,7.3249030113220215,0.0004860586796206711,0.0016421355026257146,-0.06947452575371474,16.29043388277351
12451840,-0.01328125037252903,-18.765594482421875,-18.752313232049346,0.9372674822807312,-2.1845169067382812,4.206859588623047,-0.04539244621992111,-0.026601888239383698,2.2054028511047363,0.061283040791749954,0.45751953125,0.9372674822807312,15.756295204162598,6.89910364151001,0.0004858790570487492,0.0016415286528464737,-0.06958075591541767,16.29043388277351
12582912,-0.0027062282897531986,-17.801429748535156,-17.798723520245403,0.9810357093811035,-2.213505506515503,4.288735389709473,-0.04942505434155464,-0.02614905685186386,2.167861223220825,0.07063037157058716,0.46044921875,0.9810357093811035,15.495210647583008,4.587270259857178,0.00048569943447682726,0.0016409218030672328,-0.0696869860771206,16.29043388277351
12713984,-0.0024386299774050713,-17.085651397705078,-17.083212767727673,0.6183896064758301,-2.194685935974121,3.928635597229004,-0.052015580236911774,-0.026176374405622482,2.17012619972229,0.055606089532375336,0.438720703125,0.6183896064758301,15.750597953796387,6.744282245635986,0.00048551981190490535,0.0016403149532879919,-0.06979321623882352,16.29043388277351
12845056,0.009133966639637947,-17.226200103759766,-17.235334070399404,0.4347006380558014,-2.2132863998413086,4.236544609069824,-0.0487210750579834,-0.026645956560969353,2.2090561389923096,0.060111697763204575,0.435791015625,0.4347006380558014,15.568705558776855,9.00772476196289,0.00048534018933298344,0.0016397081035087512,-0.06989944640052645,16.29043388277351
12976128,0.0027449466288089752,-17.646408081054688,-17.649153027683496,0.48882755637168884,-2.1771321296691895,4.177460670471191,-0.045809097588062286,-0.025670552626252174,2.1281914710998535,0.06389221549034119,0.448974609375,0.48882755637168884,15.643460273742676,8.62519645690918,0.00048516056676106153,0.0016391012537295103,-0.07000567656222938,16.29043388277351
13107200,-0.00741997454315424,-17.812671661376953,-17.8052516868338,0.5868937969207764,-2.183919668197632,3.8722152709960938,-0.05022177845239639,-0.02700621262192726,2.2389230728149414,0.05476862192153931,0.46240234375,0.5868937969207764,15.535301208496094,7.835310459136963,0.0004849809441891396,0.0016384944039502694,-0.0701119067239323,16.29043388277351
13238272,-0.0005980320274829865,-16.815547943115234,-16.81494991108775,0.49171388149261475,-2.2003889083862305,3.9128780364990234,-0.049398817121982574,-0.02675589919090271,2.2181708812713623,0.05805729702115059,0.420166015625,0.49171388149261475,15.675370216369629,6.555993556976318,0.0004848013216172177,0.0016378875541710285,-0.07021813688563523,16.29043388277351
13369344,0.03415795415639877,-12.073518753051758,-12.107676707208157,-2.0797553062438965,-2.274505615234375,4.008922576904297,-0.048401009291410446,-0.027504902333021164,2.280266284942627,0.0377466157078743,0.412109375,-2.0797553062438965,16.389558792114258,5.6761040687561035,0.0004846216990452958,0.0016372807043917876,-0.07032436704733816,16.29043388277351
13500416,0.020826123654842377,-16.868629455566406,-16.88945557922125,1.10090172290802,-2.2375576496124268,4.902458190917969,-0.05078890919685364,-0.02653675526380539,2.200003147125244,0.0648612529039383,0.4462890625,1.10090172290802,16.991352081298828,7.21330451965332,0.0004844420764733739,0.0016366738546125467,-0.07043059720904109,16.29043388277351
13631488,-0.02537313848733902,-18.395132064819336,-18.369758926331997,0.4284721314907074,-2.218740463256836,4.250401496887207,-0.04867379367351532,-0.02701488509774208,2.2396419048309326,0.05639680474996567,0.457763671875,0.4284721314907074,15.903350830078125,6.515604019165039,0.00048426245390145197,0.0016360670048333058,-0.07053682737074402,16.29043388277351
13762560,-0.01075742021203041,-18.95722770690918,-18.94647028669715,0.1984829306602478,-2.2211663722991943,3.7696170806884766,-0.04810177534818649,-0.02668624371290207,2.2123961448669434,0.05539428070187569,0.443359375,0.1984829306602478,14.900187492370605,8.99682331085205,0.00048408283132953005,0.001635460155054065,-0.07064305753244694,16.29043388277351
13893632,0.022786743938922882,-17.51654815673828,-17.539334900677204,2.6784415245056152,-2.197537660598755,5.34306526184082,-0.056783732026815414,-0.025860346853733063,2.1439261436462402,0.05989439785480499,0.4326171875,2.6784415245056152,19.070575714111328,6.581439971923828,0.00048390320875760814,0.001634853305274824,-0.07074928769414987,16.29043388277351
14024704,-0.006741651333868504,-15.85474967956543,-15.848008028231561,-0.0694434717297554,-2.1940431594848633,3.8115689754486084,-0.05072299391031265,-0.026491502299904823,2.196251392364502,0.057147711515426636,0.4443359375,-0.0694434717297554,15.108562469482422,6.554202556610107,0.0004837235861856863,0.0016342464554955833,-0.0708555178558528,16.29043388277351
14155776,-0.0036615412682294846,-15.33991813659668,-15.33625659532845,-0.21363626420497894,-2.176393747329712,4.389561653137207,-0.04974091798067093,-0.027881421148777008,2.311481475830078,0.05457623302936554,0.435791015625,-0.21363626420497894,16.28535270690918,5.211353778839111,0.00048354396361376437,0.0016336396057163424,-0.07096174801755573,16.29043388277351
14286848,-0.017893850803375244,-15.618700981140137,-15.600807130336761,0.4624228775501251,-2.2166271209716797,4.653583526611328,-0.05380035191774368,-0.02678387239575386,2.220489978790283,0.059459932148456573,0.432861328125,0.4624228775501251,16.24720001220703,5.297586917877197,0.00048336434104184246,0.0016330327559371015,-0.07106797817925865,16.29043388277351
14417920,0.015107699669897556,-15.960759162902832,-15.97586686257273,0.36376357078552246,-2.250153064727783,4.056050777435303,-0.045825012028217316,-0.02649744227528572,2.196743965148926,0.05735429376363754,0.44140625,0.36376357078552246,15.373270988464355,8.958785057067871,0.0004831847184699206,0.0016324259061578608,-0.07117420834096158,16.29043388277351
14548992,0.007405681535601616,-16.708534240722656,-16.715939922258258,0.48388388752937317,-2.240391492843628,4.421021938323975,-0.04474885016679764,-0.02717144414782524,2.2526214122772217,0.05460432916879654,0.433837890625,0.48388388752937317,16.221210479736328,6.868989944458008,0.0004830050958979987,0.00163181905637862,-0.07128043850266451,16.29043388277351
14680064,-0.0030554900877177715,-17.640605926513672,-17.637550436425954,0.5433616638183594,-2.2298707962036133,4.089041709899902,-0.04880575090646744,-0.027381278574466705,2.270017623901367,0.05112040787935257,0.437255859375,0.5433616638183594,15.36573314666748,4.874144077301025,0.0004828254733260768,0.001631212206599379,-0.07138666866436744,16.29043388277351
14811136,-0.010718097910284996,-18.954788208007812,-18.944070110097528,0.47507935762405396,-2.24227237701416,4.298166275024414,-0.05274350941181183,-0.02672431245446205,2.21555233001709,0.057391636073589325,0.437255859375,0.47507935762405396,15.712079048156738,6.30755615234375,0.00048264585075415487,0.0016306053568201381,-0.07149289882607036,16.29043388277351
14942208,4.3394044041633606e-05,-18.292797088623047,-18.29284048266709,0.5895634293556213,-2.218975067138672,3.6914448738098145,-0.051837049424648285,-0.027036819607019424,2.2414605617523193,0.056821342557668686,0.44140625,0.5895634293556213,15.098320960998535,5.777202129364014,0.00048246622818223295,0.0016299985070408972,-0.07159912898777329,16.29043388277351
15073280,0.0024506961926817894,-19.419939041137695,-19.422389737330377,0.7287720441818237,-2.2414722442626953,4.166285514831543,-0.04577631875872612,-0.025813018903136253,2.140002489089966,0.06179659813642502,0.428955078125,0.7287720441818237,16.074058532714844,5.7133026123046875,0.00048228660561031104,0.0016293916572616563,-0.07170535914947622,16.29043388277351
15204352,-0.003100518137216568,-19.25423812866211,-19.251137610524893,0.4172622561454773,-2.212750196456909,4.144379615783691,-0.047721587121486664,-0.026431657373905182,2.1912899017333984,0.07015962898731232,0.4482421875,0.4172622561454773,15.742151260375977,6.951708793640137,0.00048210698303838913,0.0016287848074824154,-0.07181158931117915,16.29043388277351
15335424,0.004812409169971943,-18.89470100402832,-18.899513413198292,0.9906452894210815,-2.195255994796753,4.043444633483887,-0.05168265104293823,-0.02617426961660385,2.1699514389038086,0.05775860697031021,0.439453125,0.9906452894210815,16.116355895996094,8.604832649230957,0.0004819273604664672,0.0016281779577031748,-0.07191781947288207,16.29043388277351
15466496,0.01413111761212349,-18.74428939819336,-18.758420515805483,0.5417847633361816,-2.160593032836914,3.89121675491333,-0.05319840461015701,-0.02598986029624939,2.154663324356079,0.053189437836408615,0.429443359375,0.5417847633361816,15.750749588012695,7.126452445983887,0.0004817477378945453,0.0016275711079239339,-0.072024049634585,16.29043388277351
15597568,-0.0037071979604661465,-18.98080062866211,-18.977093430701643,1.4013769626617432,-2.1497697830200195,4.4580559730529785,-0.04818449169397354,-0.026206182315945625,2.1725971698760986,0.06555823981761932,0.436279296875,1.4013769626617432,17.268985748291016,5.632944107055664,0.0004815681153226234,0.001626964258144693,-0.07213027979628793,16.29043388277351
15728640,-0.0005714613944292068,-16.81161880493164,-16.81104734353721,0.43502798676490784,-2.189310073852539,4.279125213623047,-0.05109263211488724,-0.02684665657579899,2.2256951332092285,0.05632242560386658,0.427734375,0.43502798676490784,17.415945053100586,7.043757915496826,0.0004813884927507015,0.001626357408365452,-0.07223650995799086,16.29043388277351
15859712,-0.010805191472172737,-17.38912582397461,-17.378320632502437,0.09466060996055603,-2.2116191387176514,4.348260879516602,-0.051217854022979736,-0.026388129219412804,2.1876814365386963,0.054525259882211685,0.425537109375,0.09466060996055603,16.610036849975586,7.440032482147217,0.00048120887017877957,0.0016257505585862114,-0.07234274011969379,16.29043388277351
15990784,0.026666272431612015,-13.259282112121582,-13.285948384553194,-2.5410232543945312,-2.265735149383545,4.084030628204346,-0.05256209895014763,-0.0269169881939888,2.2315258979797363,0.03760354220867157,0.3916015625,-2.5410232543945312,17.54869270324707,8.181452751159668,0.00048102924760685766,0.0016251437088069705,-0.07244897028139673,16.29043388277351
16121856,0.0082164965569973,-17.162044525146484,-17.17026102170348,1.0991419553756714,-2.2381553649902344,4.514399528503418,-0.05091926455497742,-0.026215283200144768,2.173351764678955,0.05552329868078232,0.436279296875,1.0991419553756714,16.825435638427734,6.203354835510254,0.00048084962503493574,0.0016245368590277296,-0.07255520044309964,16.29043388277351
16252928,0.005930069833993912,-17.067100524902344,-17.073030594736338,0.8555843234062195,-2.2009758949279785,3.7419381141662598,-0.05371945723891258,-0.026921328157186508,2.2318856716156006,0.05660020187497139,0.43408203125,0.8555843234062195,15.189292907714844,7.06173849105835,0.00048067000246301383,0.0016239300092484887,-0.07266143060480258,16.29043388277351
16384000,-0.012916061095893383,-18.101940155029297,-18.089024093933403,0.5884048938751221,-2.20690655708313,3.8773064613342285,-0.04937434196472168,-0.026475507766008377,2.194925308227539,0.04374163970351219,0.4287109375,0.5884048938751221,15.464791297912598,4.644801616668701,0.0004804903798910919,0.0016233231594692478,-0.07276766076650551,16.29043388277351
16515072,0.018785186111927032,-16.066184997558594,-16.08497018367052,2.2650914192199707,-2.208120822906494,4.73401403427124,-0.04888468235731125,-0.026589728891849518,2.204394817352295,0.05126862972974777,0.418212890625,2.2650914192199707,17.624311447143555,7.067800045013428,0.00048031075731917,0.0016227163096900069,-0.07287389092820844,16.29043388277351
16646144,-0.012369937263429165,-14.429773330688477,-14.417403393425047,0.18874898552894592,-2.2073147296905518,3.7894411087036133,-0.05355417728424072,-0.026405762881040573,2.189143180847168,0.05360710993409157,0.421142578125,0.18874898552894592,14.803318977355957,5.239656448364258,0.0004801311347472481,0.001622109459910766,-0.07298012108991137,16.29043388277351
16777216,0.0015982831828296185,-15.235160827636719,-15.236759110819548,-0.6027277112007141,-2.2154133319854736,3.806142807006836,-0.04795009270310402,-0.02555978111922741,2.1190080642700195,0.060268253087997437,0.430908203125,-0.6027277112007141,14.725824356079102,5.905590534210205,0.0004799515121753262,0.001621502610131525,-0.07308635125161429,16.29043388277351
16908288,0.004723713733255863,-16.291135787963867,-16.295859501697123,0.9323258399963379,-2.19716215133667,3.8352622985839844,-0.052098989486694336,-0.026916390284895897,2.231476306915283,0.05578483268618584,0.43115234375,0.9323258399963379,16.63554573059082,6.592084884643555,0.00047977188960340427,0.0016208957603522842,-0.07319258141331722,16.29043388277351
17039360,0.0008611297234892845,-15.282014846801758,-15.282875976525247,0.22967001795768738,-2.2217864990234375,4.021886825561523,-0.05248430743813515,-0.026255138218402863,2.1766557693481445,0.04625289887189865,0.42724609375,0.22967001795768738,15.878671646118164,7.103396892547607,0.00047959226703148236,0.0016202889105730433,-0.07329881157502015,16.29043388277351
17170432,0.006343480199575424,-15.552801132202148,-15.559144612401724,0.41077953577041626,-2.20235538482666,4.046994686126709,-0.04718164727091789,-0.027080005034804344,2.2450406551361084,0.049633681774139404,0.39990234375,0.41077953577041626,16.21876335144043,6.1571044921875,0.00047941264445956045,0.0016196820607938024,-0.07340504173672308,16.29043388277351
17301504,1.1826399713754654e-05,-15.980253219604492,-15.980265046004206,0.5002713203430176,-2.215731620788574,4.380694389343262,-0.05161555856466293,-0.027422171086072922,2.2734076976776123,0.04738456383347511,0.4111328125,0.5002713203430176,16.01582145690918,5.231276035308838,0.00047923302188763854,0.0016190752110145615,-0.073511271898426,16.29043388277351
17432576,-0.02265830710530281,-17.09173011779785,-17.06907181069255,0.2809150516986847,-2.209048271179199,3.7102389335632324,-0.05282837152481079,-0.025939621031284332,2.150498390197754,0.059737250208854675,0.44287109375,0.2809150516986847,15.436271667480469,7.844381809234619,0.0004790533993157166,0.0016184683612353206,-0.07361750206012893,16.29043388277351
17563648,0.010269729420542717,-15.419124603271484,-15.429394332692027,0.7763066291809082,-2.2105588912963867,4.408812522888184,-0.05084878206253052,-0.026664502918720245,2.2105937004089355,0.04847031831741333,0.40478515625,0.7763066291809082,16.386152267456055,7.734808444976807,0.0004788737767437947,0.0016178615114560797,-0.07372373222183186,16.29043388277351
17694720,0.011093457229435444,-15.853370666503906,-15.864464123733342,0.5242733359336853,-2.222569227218628,3.8593814373016357,-0.052018359303474426,-0.02684623748064041,2.2256603240966797,0.05075868219137192,0.412109375,0.5242733359336853,15.587285041809082,5.31482458114624,0.0004786941541718728,0.0016172546616768388,-0.07382996238353477,16.29043388277351
17825792,0.011766742914915085,-15.969123840332031,-15.980890583246946,0.5784233212471008,-2.202362537384033,4.256866455078125,-0.052574075758457184,-0.026264069601893425,2.177396297454834,0.056642986834049225,0.421142578125,0.5784233212471008,16.16539192199707,6.154684543609619,0.0004785145315999509,0.0016166478118975981,-0.0739361925452377,16.29043388277351
17956864,-0.003700513858348131,-16.987655639648438,-16.98395512579009,0.36841288208961487,-2.2049951553344727,4.044913291931152,-0.0538334846496582,-0.026789583265781403,2.220963478088379,0.04571778327226639,0.406982421875,0.36841288208961487,15.92057991027832,8.131509780883789,0.000478334909028029,0.0016160409621183572,-0.07404242270694063,16.29043388277351
18087936,-0.0025213242042809725,-15.976012229919434,-15.973490905715153,0.5252418518066406,-2.1704936027526855,3.8449912071228027,-0.050652675330638885,-0.025672972202301025,2.128391981124878,0.050597868859767914,0.404541015625,0.5252418518066406,15.575042724609375,12.55053997039795,0.00047815528645610706,0.0016154341123391163,-0.07414865286864356,16.29043388277351
18219008,0.0023908475413918495,-15.615350723266602,-15.617741570807993,0.3053312599658966,-2.1695759296417236,3.9462876319885254,-0.05251607298851013,-0.026139043271541595,2.1670312881469727,0.04886787384748459,0.3984375,0.3053312599658966,15.154186248779297,5.810766696929932,0.00047797566388418515,0.0016148272625598756,-0.07425488303034648,16.29043388277351
18350080,0.0059373946860432625,-13.8321533203125,-13.838090714998543,0.05404345691204071,-2.1646978855133057,3.7240993976593018,-0.052979327738285065,-0.026629788801074028,2.2077159881591797,0.05941477045416832,0.42333984375,0.05404345691204071,15.804356575012207,8.32291030883789,0.00047779604131226324,0.0016142204127806347,-0.07436111319204941,16.29043388277351
18481152,-0.005868570879101753,-15.115066528320312,-15.10919795744121,0.05578303337097168,-2.1810688972473145,3.924013614654541,-0.056311652064323425,-0.02571696788072586,2.1320395469665527,0.055381231009960175,0.4248046875,0.05578303337097168,15.191818237304688,10.181780815124512,0.0004776164187403413,0.0016136135630013938,-0.07446734335375234,16.29043388277351
18612224,0.02053777500987053,-10.50810432434082,-10.52864209935069,-2.298898220062256,-2.1765024662017822,3.873867988586426,-0.05499580129981041,-0.026522960513830185,2.198859691619873,0.033592551946640015,0.383056640625,-2.298898220062256,14.893890380859375,7.459496021270752,0.0004774367961684194,0.001613006713222153,-0.07457357351545527,16.29043388277351
18743296,0.018247008323669434,-14.624494552612305,-14.642741560935974,0.6778492331504822,-2.1810479164123535,4.262133598327637,-0.054046519100666046,-0.026102427393198013,2.1639957427978516,0.05207556113600731,0.42138671875,0.6778492331504822,15.851730346679688,9.102896690368652,0.0004772571735964975,0.001612399863442912,-0.0746798036771582,16.29043388277351
18874368,-0.014570310711860657,-14.771907806396484,-14.757337495684624,0.13231565058231354,-2.1633458137512207,3.9825737476348877,-0.05628091096878052,-0.026094656437635422,2.163351535797119,0.05026181787252426,0.433349609375,0.13231565058231354,14.736865043640137,7.617289066314697,0.00047707755102457564,0.0016117930136636714,-0.07478603383886112,16.29043388277351
19005440,0.009485770016908646,-14.594100952148438,-14.603586722165346,0.6091333627700806,-2.1473379135131836,3.4050559997558594,-0.056106992065906525,-0.026006944477558136,2.1560797691345215,0.05388934910297394,0.39892578125,0.6091333627700806,14.73882007598877,16.14484214782715,0.0004768979284526538,0.0016111861638844307,-0.07489226400056405,16.29043388277351
19136512,0.02353011630475521,-13.323702812194824,-13.34723292849958,1.6851061582565308,-2.1070504188537598,4.321022033691406,-0.052445657551288605,-0.02537248097360134,2.1034798622131348,0.05039525032043457,0.43212890625,1.6851061582565308,17.03302001953125,8.666247367858887,0.0004767183058807319,0.0016105793141051898,-0.07499849416226698,16.29043388277351
19267584,-0.011802297085523605,-13.423833847045898,-13.412031549960375,-0.3001962900161743,-2.1383862495422363,3.2006585597991943,-0.05528871715068817,-0.025443185120821,2.109341621398926,0.04932576045393944,0.408935546875,-0.3001962900161743,14.326896667480469,6.306502819061279,0.00047653868330881,0.001609972464325949,-0.0751047243239699,16.29043388277351
19398656,0.005498768296092749,-13.267363548278809,-13.272862316574901,-0.06488333642482758,-2.1526308059692383,3.8759684562683105,-0.054824747145175934,-0.025896767154335976,2.1469454765319824,0.04280490428209305,0.424072265625,-0.06488333642482758,15.271077156066895,6.944890022277832,0.0004763590607368881,0.0016093656145467082,-0.07521095448567283,16.29043388277351
19529728,-0.004656207747757435,-14.09382438659668,-14.089168178848922,0.010166957974433899,-2.1553421020507812,3.61393404006958,-0.050987742841243744,-0.025828968733549118,2.141324996948242,0.05036476254463196,0.421875,0.010166957974433899,15.224224090576172,6.1837286949157715,0.0004761794381649662,0.0016087587647674673,-0.07531718464737576,16.29043388277351
19660800,-4.476029425859451e-05,-14.694496154785156,-14.694451394490898,0.20301809906959534,-2.155933380126953,3.692981243133545,-0.05122950300574303,-0.025982249528169632,2.1540322303771973,0.05403243750333786,0.414794921875,0.20301809906959534,15.366811752319336,6.485050678253174,0.0004759998155930443,0.0016081519149882264,-0.07542341480907869,16.29043388277351
19791872,-0.0076959324069321156,-14.452512741088867,-14.444816808681935,0.2758675813674927,-2.1720869541168213,3.9114649295806885,-0.046795301139354706,-0.025968872010707855,2.152923345565796,0.05453038215637207,0.411865234375,0.2758675813674927,16.43097496032715,5.708918571472168,0.00047582019302112237,0.0016075450652089855,-0.07552964497078161,16.29043388277351
19922944,-0.013108907267451286,-15.48475170135498,-15.47164279408753,0.5523567795753479,-2.150925636291504,4.0492329597473145,-0.048033975064754486,-0.025817440822720528,2.140369176864624,0.04829448461532593,0.427978515625,0.5523567795753479,16.127687454223633,8.238101959228516,0.00047564057044920046,0.0016069382154297446,-0.07563587513248454,16.29043388277351
20054016,-0.004349705763161182,-14.188167572021484,-14.183817866258323,-0.16867321729660034,-2.1465351581573486,3.5925636291503906,-0.052562959492206573,-0.025719720870256424,2.132267475128174,0.0434904620051384,0.400390625,-0.16867321729660034,15.156150817871094,9.636344909667969,0.00047546094787727854,0.0016063313656505037,-0.07574210529418747,16.29043388277351
20185088,-0.009716725908219814,-13.140454292297363,-13.130737566389143,0.406151682138443,-2.162951946258545,3.7116141319274902,-0.05405222997069359,-0.02600390836596489,2.1558279991149902,0.056112244725227356,0.416015625,0.406151682138443,16.425588607788086,4.879912853240967,0.00047528132530535663,0.0016057245158712628,-0.0758483354558904,16.29043388277351
20316160,0.020991511642932892,-11.47861099243164,-11.499602504074574,0.73697829246521,-2.1733908653259277,3.926743984222412,-0.05574473366141319,-0.026398513466119766,2.188542366027832,0.050335705280303955,0.41650390625,0.73697829246521,15.97619915008545,5.900027751922607,0.0004751017027334347,0.001605117666092022,-0.07595456561759334,16.29043388277351
20447232,0.008771568536758423,-11.301687240600586,-11.310458809137344,0.031192630529403687,-2.177109718322754,3.8154447078704834,-0.05593673512339592,-0.026296833530068398,2.180112361907959,0.06239544227719307,0.42578125,0.031192630529403687,16.0164737701416,11.933316230773926,0.00047492208016151286,0.0016045108163127812,-0.07606079577929625,16.29043388277351
20578304,0.006587956100702286,-12.545150756835938,-12.55173871293664,0.35307008028030396,-2.185699462890625,4.050345420837402,-0.05731619894504547,-0.02656705677509308,2.2025153636932373,0.04731348901987076,0.40087890625,0.35307008028030396,15.881092071533203,5.910764217376709,0.00047474245758959095,0.0016039039665335403,-0.0761670259409992,16.29043388277351
20709376,0.006662900559604168,-12.518016815185547,-12.524679715745151,-0.10068979114294052,-2.1543691158294678,3.966381311416626,-0.05181777849793434,-0.02598537877202034,2.1542916297912598,0.04549672454595566,0.40673828125,-0.10068979114294052,15.700165748596191,11.27910327911377,0.00047456283501766904,0.0016032971167542994,-0.07627325610270211,16.29043388277351
20840448,-0.009373920038342476,-13.512661933898926,-13.503288013860583,0.010373160243034363,-2.1634151935577393,3.458251476287842,-0.054126180708408356,-0.02673909068107605,2.216777801513672,0.06503266841173172,0.43896484375,0.010373160243034363,14.73660659790039,4.675090312957764,0.0004743832124457471,0.0016026902669750585,-0.07637948626440505,16.29043388277351
20971520,0.000343074556440115,-13.487651824951172,-13.487994899507612,0.4073537588119507,-2.1645679473876953,4.2398905754089355,-0.05559301748871803,-0.02601323463022709,2.1566009521484375,0.051941826939582825,0.45068359375,0.4073537588119507,15.804654121398926,7.385430812835693,0.0004742035898738252,0.0016020834171958178,-0.07648571642610796,16.29043388277351
21102592,0.009410284459590912,-12.15024185180664,-12.159652136266232,0.7082521915435791,-2.1703994274139404,4.2787909507751465,-0.05629602447152138,-0.02548842690885067,2.1130924224853516,0.057314831763505936,0.429443359375,0.7082521915435791,15.652094841003418,6.466553211212158,0.0004740239673019033,0.001601476567416577,-0.0765919465878109,16.29043388277351
21233664,-0.027777550742030144,-7.123025417327881,-7.095247866585851,-3.9641013145446777,-2.1636736392974854,3.853726387023926,-0.05124039575457573,-0.025986354798078537,2.1543726921081543,0.033780865371227264,0.405517578125,-3.9641013145446777,14.703398704528809,7.687771320343018,0.0004738443447299814,0.001600869717637336,-0.07669817674951383,16.29043388277351
21364736,-0.01115432009100914,-13.775657653808594,-13.764503333717585,-0.39128434658050537,-2.1675658226013184,3.838700532913208,-0.05682068318128586,-0.02594689466059208,2.1511011123657227,0.05084660276770592,0.427978515625,-0.39128434658050537,13.974227905273438,9.151969909667969,0.0004736647221580595,0.0016002628678580951,-0.07680440691121676,16.29043388277351
21495808,-0.012006053701043129,-14.840442657470703,-14.82843660376966,0.026935428380966187,-2.147981882095337,3.281869411468506,-0.05973941087722778,-0.025965839624404907,2.152672052383423,0.0589810311794281,0.438232421875,0.026935428380966187,13.256657600402832,7.048478603363037,0.00047348509958613757,0.0015996560180788543,-0.07691063707291969,16.29043388277351
21626880,-0.003469672054052353,-14.419448852539062,-14.41597918048501,0.27388471364974976,-2.151780605316162,3.8046875,-0.05605730414390564,-0.026980258524417877,2.2367711067199707,0.052977580577135086,0.41796875,0.27388471364974976,14.427833557128906,7.448322296142578,0.00047330547701421565,0.0015990491682996134,-0.07701686723462262,16.29043388277351
21757952,0.0141975786536932,-12.018993377685547,-12.03319095633924,1.380199670791626,-2.167865753173828,4.157313346862793,-0.048924244940280914,-0.025575654581189156,2.12032413482666,0.047421254217624664,0.4091796875,1.380199670791626,16.532346725463867,18.857629776000977,0.00047312585444229374,0.0015984423185203725,-0.07712309739632554,16.29043388277351
21889024,0.0029788613319396973,-9.371983528137207,-9.374962389469147,-0.39497724175453186,-2.1516809463500977,3.5384621620178223,-0.05398763716220856,-0.025667045265436172,2.1279008388519287,0.04558709263801575,0.393798828125,-0.39497724175453186,14.7987060546875,6.861684322357178,0.00047294623187037183,0.0015978354687411316,-0.07722932755802847,16.29043388277351
22020096,0.0180071908980608,-8.285823822021484,-8.303831012919545,-0.3969409465789795,-2.1480965614318848,3.629798412322998,-0.055933479219675064,-0.026251766830682755,2.1763763427734375,0.037254154682159424,0.387939453125,-0.3969409465789795,15.004254341125488,7.8044233322143555,0.0004727666092984499,0.0015972286189618907,-0.0773355577197314,16.29043388277351
22151168,0.0048150718212127686,-6.3106160163879395,-6.315431088209152,-0.7868614196777344,-2.1432275772094727,3.4718589782714844,-0.05056362971663475,-0.025007860735058784,2.073251485824585,0.04913388565182686,0.42236328125,-0.7868614196777344,14.915410041809082,6.357669830322266,0.000472586986726528,0.0015966217691826498,-0.07744178788143433,16.29043388277351
22282240,0.002689833752810955,-7.367301940917969,-7.36999177467078,-0.7323760986328125,-2.163806438446045,3.5883915424346924,-0.057712122797966,-0.02618234232068062,2.170620918273926,0.050450295209884644,0.419921875,-0.7323760986328125,14.381147384643555,13.344514846801758,0.0004724073641546061,0.0015960149194034089,-0.07754801804313725,16.29043388277351
22413312,0.0035368865355849266,-7.238220691680908,-7.241757578216493,-0.81663578748703,-2.173337459564209,3.952564239501953,-0.059516627341508865,-0.02612835168838501,2.166144847869873,0.04482507333159447,0.413818359375,-0.81663578748703,14.508392333984375,14.982967376708984,0.0004722277415826842,0.001595408069624168,-0.07765424820484018,16.29043388277351
22544384,-0.011647267267107964,-8.043241500854492,-8.031594233587384,-0.7072501182556152,-2.2002978324890137,3.1161162853240967,-0.05728845298290253,-0.026499539613723755,2.196917772293091,0.060209009796381,0.42578125,-0.7072501182556152,13.805707931518555,5.8023905754089355,0.00047204811901076227,0.001594801219844927,-0.07776047836654311,16.29043388277351
22675456,0.004712508991360664,-8.530986785888672,-8.535699294880033,-0.29652997851371765,-2.1903672218322754,3.3755264282226562,-0.06241706386208534,-0.026559006422758102,2.201848030090332,0.05938335508108139,0.43408203125,-0.29652997851371765,13.098297119140625,9.205255508422852,0.00047186849643884036,0.0015941943700656862,-0.07786670852824604,16.29043388277351
22806528,0.011205881834030151,-7.952392578125,-7.96359845995903,0.054261669516563416,-2.182621479034424,3.7146787643432617,-0.06057385355234146,-0.02691158652305603,2.2310781478881836,0.06126835569739342,0.439697265625,0.054261669516563416,14.131179809570312,10.695622444152832,0.00047168887386691844,0.0015935875202864453,-0.07797293868994896,16.29043388277351
22937600,0.008805563673377037,-7.48018741607666,-7.488992979750037,-0.28980618715286255,-2.1776981353759766,3.7243425846099854,-0.05720340460538864,-0.02636566013097763,2.185818672180176,0.050772346556186676,0.4189453125,-0.28980618715286255,14.2811861038208,5.792474269866943,0.00047150925129499653,0.0015929806705072044,-0.07807916885165189,16.29043388277351
23068672,0.009479277767241001,-7.535795211791992,-7.545274489559233,-0.9685442447662354,-2.168485164642334,3.527345657348633,-0.06061806529760361,-0.02603946067392826,2.158775568008423,0.04224994406104088,0.41162109375,-0.9685442447662354,13.311924934387207,7.811655044555664,0.0004713296287230746,0.0015923738207279635,-0.07818539901335482,16.29043388277351
23199744,-0.008419453166425228,-8.878561973571777,-8.870142520405352,-1.0827512741088867,-2.1768131256103516,3.3875882625579834,-0.05677645280957222,-0.02651292085647583,2.1980271339416504,0.048232629895210266,0.410400390625,-1.0827512741088867,13.014448165893555,5.514841556549072,0.0004711500061511527,0.0015917669709487226,-0.07829162917505775,16.29043388277351
23330816,-0.002278493484482169,-9.636545181274414,-9.634266687789932,0.041184134781360626,-2.1607279777526855,3.5401175022125244,-0.06265299767255783,-0.02603963389992714,2.15878963470459,0.05329663306474686,0.441650390625,0.041184134781360626,13.926959991455078,6.931457996368408,0.0004709703835792308,0.0015911601211694819,-0.07839785933676068,16.29043388277351
23461888,-0.009939868934452534,-9.016340255737305,-9.006400386802852,-0.8429732918739319,-2.1361374855041504,3.690534830093384,-0.057357944548130035,-0.025589127093553543,2.121440887451172,0.050991494208574295,0.424560546875,-0.8429732918739319,13.552288055419922,11.404813766479492,0.0004707907610073089,0.001590553271390241,-0.0785040894984636,16.29043388277351
23592960,0.011196551844477654,-8.329712867736816,-8.340909419581294,-0.5766279697418213,-2.1381945610046387,3.3877010345458984,-0.05775848776102066,-0.026115987449884415,2.1651196479797363,0.05568227171897888,0.445556640625,-0.5766279697418213,13.352971076965332,7.410855293273926,0.00047061113843538697,0.001589946421611,-0.07861031966016652,16.29043388277351
23724032,0.013813130557537079,-8.710739135742188,-8.724552266299725,-0.06873289495706558,-2.1205320358276367,3.3889646530151367,-0.05532614886760712,-0.02672252431511879,2.2154040336608887,0.06255973130464554,0.443603515625,-0.06873289495706558,13.897455215454102,7.572949409484863,0.00047043151586346506,0.0015893395718317592,-0.07871654982186944,16.29043388277351
23855104,-0.04801209270954132,-5.747039794921875,-5.699027702212334,-3.690831422805786,-2.1168949604034424,4.093958854675293,-0.0512249693274498,-0.02487487532198429,2.0622265338897705,0.052745867520570755,0.434326171875,-3.690831422805786,14.370532989501953,9.465624809265137,0.00047025189329154315,0.0015887327220525185,-0.07882277998357237,16.29043388277351
23986176,-0.022483471781015396,-9.570892333984375,-9.54840886220336,-0.8482903242111206,-2.132906436920166,3.374894857406616,-0.05957253649830818,-0.025706611573696136,2.131180763244629,0.053481340408325195,0.45703125,-0.8482903242111206,12.961755752563477,5.783897876739502,0.00047007227071962123,0.0015881258722732776,-0.0789290101452753,16.29043388277351
24117248,-0.013295203447341919,-10.561919212341309,-10.548624008893967,-0.28431522846221924,-2.1551353931427,3.5316901206970215,-0.06183994188904762,-0.02675100974738598,2.2177658081054688,0.044965773820877075,0.438720703125,-0.28431522846221924,12.852736473083496,10.864587783813477,0.0004698926481476993,0.0015875190224940367,-0.07903524030697823,16.29043388277351
24248320,0.0006425483152270317,-10.419659614562988,-10.420302162878215,0.10118263959884644,-2.150012493133545,3.5978550910949707,-0.05657179281115532,-0.026094498112797737,2.1633381843566895,0.06456088274717331,0.469970703125,0.10118263959884644,13.551450729370117,5.070950508117676,0.0004697130255757774,0.0015869121727147958,-0.07914147046868115,16.29043388277351
24379392,0.004354273900389671,-9.80801010131836,-9.812364375218749,0.3130287528038025,-2.1400253772735596,4.000681400299072,-0.05722992867231369,-0.0257485993206501,2.1346616744995117,0.05135134607553482,0.452880859375,0.3130287528038025,14.005517959594727,16.548784255981445,0.0004695334030038555,0.001586305322935555,-0.07924770063038408,16.29043388277351
24510464,0.0036929212510585785,-8.605152130126953,-8.608845051378012,-0.5963398218154907,-2.1332645416259766,4.156571865081787,-0.0634513720870018,-0.02478775568306446,2.0550038814544678,0.04316028952598572,0.409912109375,-0.5963398218154907,13.603185653686523,23.5832576751709,0.0004693537804319336,0.001585698473156314,-0.07935393079208701,16.29043388277351
24641536,-0.0014098230749368668,-11.0277099609375,-11.026300137862563,0.23469670116901398,-2.109400510787964,3.6056933403015137,-0.05045732855796814,-0.025326093658804893,2.0996344089508057,0.05789593607187271,0.4697265625,0.23469670116901398,13.679875373840332,7.092549800872803,0.00046917415786001173,0.0015850916233770733,-0.07946016095378994,16.29043388277351
24772608,-0.010023752227425575,-11.297557830810547,-11.287534078583121,-0.43577316403388977,-2.1097583770751953,3.5423221588134766,-0.056464359164237976,-0.02640964463353157,2.189465284347534,0.04508708417415619,0.413818359375,-0.43577316403388977,13.236963272094727,7.734549522399902,0.0004689945352880898,0.0015844847735978324,-0.07956639111549287,16.29043388277351
24903680,-0.02693435177206993,-11.310857772827148,-11.283923421055079,-0.10355760902166367,-2.1245310306549072,3.7574803829193115,-0.05368942394852638,-0.026389095932245255,2.1877615451812744,0.057342614978551865,0.457763671875,-0.10355760902166367,13.886164665222168,5.812535285949707,0.0004688149127161679,0.0015838779238185915,-0.07967262127719581,16.29043388277351
25034752,0.007620887830853462,-9.018205642700195,-9.025826530531049,0.2671443819999695,-2.1284542083740234,3.605790376663208,-0.064897321164608,-0.025423500686883926,2.1077098846435547,0.05912790074944496,0.44970703125,0.2671443819999695,13.463400840759277,6.187782287597656,0.000468635290144246,0.0015832710740393506,-0.07977885143889872,16.29043388277351
25165824,-0.002879980020225048,-7.036657333374023,-7.033777353353798,-0.5481034517288208,-2.1291556358337402,3.803741693496704,-0.06284826248884201,-0.02594832517206669,2.1512198448181152,0.05033043771982193,0.4677734375,-0.5481034517288208,13.501468658447266,8.176244735717773,0.0004684556675723241,0.0015826642242601097,-0.07988508160060166,16.29043388277351
25296896,0.001405984628945589,-7.5816426277160645,-7.58304861234501,-0.22063681483268738,-2.168032646179199,3.6151413917541504,-0.06627139449119568,-0.02704436145722866,2.2420859336853027,0.047320328652858734,0.44580078125,-0.22063681483268738,13.43399715423584,8.422858238220215,0.00046827604500040217,0.0015820573744808688,-0.07999131176230458,16.29043388277351
25427968,0.0076059382408857346,-7.655843734741211,-7.663449672982097,-0.1440143883228302,-2.1774158477783203,3.233548164367676,-0.057269204407930374,-0.026073213666677475,2.161573648452759,0.060602497309446335,0.479248046875,-0.1440143883228302,12.904975891113281,4.906915664672852,0.0004680964224284803,0.0015814505247016282,-0.08009754192400752,16.29043388277351
25559040,0.01363688800483942,-6.87261438369751,-6.886251271702349,-0.015670105814933777,-2.183657646179199,3.5866641998291016,-0.057835210114717484,-0.026828449219465256,2.2241859436035156,0.05671442300081253,0.44140625,-0.015670105814933777,13.368179321289062,6.518034934997559,0.0004679167998565584,0.0015808436749223873,-0.08020377208571043,16.29043388277351
25690112,0.005249781534075737,-6.6416778564453125,-6.646927637979388,-0.045956507325172424,-2.1978306770324707,3.4941487312316895,-0.060673993080854416,-0.026411058381199837,2.189582347869873,0.059462614357471466,0.454833984375,-0.045956507325172424,13.149823188781738,10.039630889892578,0.0004677371772846365,0.0015802368251431466,-0.08031000224741337,16.29043388277351
25821184,-0.0019686566665768623,-6.114758491516113,-6.112789834849536,-0.8365211486816406,-2.1822502613067627,3.4652047157287598,-0.061251506209373474,-0.027074020355939865,2.244544506072998,0.055393047630786896,0.451416015625,-0.8365211486816406,13.264266014099121,9.089361190795898,0.00046755755471271463,0.0015796299753639059,-0.0804162324091163,16.29043388277351
25952256,-0.006839116103947163,-8.002245903015137,-7.99540678691119,-0.6774065494537354,-2.1797614097595215,3.36376690864563,-0.055405765771865845,-0.026256009936332703,2.1767282485961914,0.060878120362758636,0.46337890625,-0.6774065494537354,13.128205299377441,8.956315040588379,0.0004673779321407927,0.001579023125584665,-0.08052246257081923,16.29043388277351
26083328,-0.009560063481330872,-9.022781372070312,-9.013221308588982,-0.37511885166168213,-2.19452166557312,3.645533561706543,-0.059164538979530334,-0.026150083169341087,2.1679463386535645,0.04558027535676956,0.42626953125,-0.37511885166168213,12.836621284484863,10.783232688903809,0.0004671983095688708,0.001578416275805424,-0.08062869273252216,16.29043388277351
26214400,0.006484989542514086,-7.6609649658203125,-7.667449955362827,-0.19427229464054108,-2.175046920776367,3.6388511657714844,-0.05616150423884392,-0.02615289017558098,2.1681790351867676,0.061267782002687454,0.439697265625,-0.19427229464054108,13.56872272491455,7.113302230834961,0.0004670186869969489,0.0015778094260261832,-0.08073492289422508,16.29043388277351
26345472,0.0009218333289027214,-7.717899322509766,-7.718821155838668,-0.5239240527153015,-2.1741385459899902,3.447388172149658,-0.057689424604177475,-0.025818627327680588,2.140467405319214,0.05210842564702034,0.436279296875,-0.5239240527153015,13.373129844665527,7.850146293640137,0.000466839064425027,0.0015772025762469423,-0.08084115305592801,16.29043388277351
26476544,-0.046542078256607056,-6.850433826446533,-6.803891748189926,-3.521679401397705,-2.1242024898529053,4.118741035461426,-0.06021542847156525,-0.025195840746164322,2.0888359546661377,0.03515604883432388,0.412109375,-3.521679401397705,14.622747421264648,11.027833938598633,0.00046665944185310507,0.0015765957264677014,-0.08094738321763094,16.29043388277351
26607616,-0.020482854917645454,-11.254322052001953,-11.233839197084308,-0.8433376550674438,-2.1529531478881836,3.626572370529175,-0.058657050132751465,-0.02577695995569229,2.1370129585266113,0.04651844501495361,0.44482421875,-0.8433376550674438,13.257508277893066,12.517467498779297,0.00046647981928118316,0.0015759888766884605,-0.08105361337933387,16.29043388277351
26738688,-0.0008424180559813976,-11.624890327453613,-11.624047909397632,0.4432242214679718,-2.1247167587280273,4.030221939086914,-0.05987577512860298,-0.026529956609010696,2.199439764022827,0.037238650023937225,0.42431640625,0.4432242214679718,14.095404624938965,8.210636138916016,0.00046630019670926124,0.0015753820269092196,-0.0811598435410368,16.29043388277351
26869760,0.012524464167654514,-9.926037788391113,-9.938562252558768,0.12663038074970245,-2.106306314468384,3.897526741027832,-0.069656141102314,-0.02532581053674221,2.0996110439300537,0.04586195573210716,0.43701171875,0.12663038074970245,13.869367599487305,12.626320838928223,0.00046612057413733933,0.0015747751771299787,-0.08126607370273972,16.29043388277351
27000832,0.015774931758642197,-7.496932029724121,-7.512706961482763,-0.26087212562561035,-2.096309185028076,3.8023107051849365,-0.06113772094249725,-0.025925004854798317,2.1492862701416016,0.0534234382212162,0.4345703125,-0.26087212562561035,14.034536361694336,7.242457866668701,0.0004659409515654174,0.0015741683273507378,-0.08137230386444265,16.29043388277351
27131904,0.014207961969077587,-5.7607927322387695,-5.775000694207847,-0.714345395565033,-2.092362642288208,3.4833574295043945,-0.06502150744199753,-0.025434117764234543,2.1085901260375977,0.05213409662246704,0.46826171875,-0.714345395565033,13.570209503173828,11.075207710266113,0.0004657613289934955,0.001573561477571497,-0.08147853402614558,16.29043388277351
27262976,0.009507241658866405,-6.309938430786133,-6.319445672444999,-1.0385520458221436,-2.0926318168640137,3.5724239349365234,-0.05741875618696213,-0.024881061166524887,2.062739372253418,0.05842769891023636,0.462158203125,-1.0385520458221436,13.398292541503906,6.690070629119873,0.0004655817064215736,0.001572954627792256,-0.0815847641878485,16.29043388277351
27394048,-0.0021021459251642227,-7.674995422363281,-7.672893276438117,-0.4702625572681427,-2.108457565307617,3.386110305786133,-0.060711365193128586,-0.025476643815636635,2.1121156215667725,0.05080907791852951,0.458740234375,-0.4702625572681427,13.259971618652344,13.025555610656738,0.0004654020838496517,0.001572347778013015,-0.08169099434955143,16.29043388277351
27525120,0.0005770791321992874,-7.4832763671875,-7.483853446319699,-0.5289638042449951,-2.0810999870300293,3.523972749710083,-0.052642472088336945,-0.024840744212269783,2.059396982192993,0.07410741597414017,0.49755859375,-0.5289638042449951,13.296658515930176,8.839981079101562,0.0004652224612777298,0.0015717409282337744,-0.08179722451125436,16.29043388277351
27656192,0.004737762734293938,-7.181854248046875,-7.186592010781169,-0.3861974775791168,-2.0748653411865234,3.161283493041992,-0.057983022183179855,-0.024150950834155083,2.0022106170654297,0.07230308651924133,0.467529296875,-0.3861974775791168,13.416152954101562,15.503700256347656,0.0004650428387058079,0.0015711340784545335,-0.08190345467295729,16.29043388277351
27787264,0.008476314134895802,-8.563892364501953,-8.572368678636849,-0.37343692779541016,-2.0633161067962646,3.4149651527404785,-0.05971105396747589,-0.02488369308412075,2.062957763671875,0.06296394020318985,0.48388671875,-0.37343692779541016,13.064422607421875,5.8922505378723145,0.000464863216133886,0.0015705272286752926,-0.08200968483466022,16.29043388277351
27918336,-0.0020737238228321075,-7.826390266418457,-7.824316542595625,-0.5824301242828369,-2.071049928665161,3.5130927562713623,-0.051479779183864594,-0.025080423802137375,2.0792675018310547,0.056593410670757294,0.465576171875,-0.5824301242828369,13.354942321777344,13.660574913024902,0.0004646835935619641,0.0015699203788960517,-0.08211591499636314,16.29043388277351
28049408,0.004367906600236893,-8.504316329956055,-8.508684236556292,0.06161920726299286,-2.041383743286133,3.6973133087158203,-0.05680647864937782,-0.024203088134527206,2.006532907485962,0.05222749710083008,0.45849609375,0.06161920726299286,13.395574569702148,10.194746017456055,0.0004645039709900422,0.0015693135291168108,-0.08222214515806607,16.29043388277351
28180480,0.003571339650079608,-6.518538475036621,-6.522109814686701,-0.06973934173583984,-2.0347931385040283,3.6814987659454346,-0.05592378228902817,-0.0244417916983366,2.026322364807129,0.05556871369481087,0.455322265625,-0.06973934173583984,13.372489929199219,6.4298529624938965,0.00046432434841812026,0.00156870667933757,-0.082328375319769,16.29043388277351
28311552,0.0017007160931825638,-5.627391815185547,-5.629092531278729,-0.8901653289794922,-2.0298218727111816,3.3351047039031982,-0.0573270246386528,-0.024600103497505188,2.039447069168091,0.043539561331272125,0.4658203125,-0.8901653289794922,13.36644458770752,8.143214225769043,0.00046414472584619835,0.001568099829558329,-0.08243460548147193,16.29043388277351
28442624,-0.0015041250735521317,-6.829890727996826,-6.828386602923274,-0.81918865442276,-2.0200209617614746,3.6404170989990234,-0.05333275347948074,-0.02488478273153305,2.0630481243133545,0.06329365074634552,0.435791015625,-0.81918865442276,13.50816535949707,12.440220832824707,0.00046396510327427644,0.0015674929797790881,-0.08254083564317485,16.29043388277351
28573696,-0.004132011439651251,-5.843258380889893,-5.839126369450241,-0.6011906862258911,-2.0121288299560547,3.898324966430664,-0.0615290030837059,-0.023968292400240898,1.9870673418045044,0.05647410452365875,0.45263671875,-0.6011906862258911,13.453455924987793,12.5436429977417,0.00046378548070235453,0.0015668861299998472,-0.08264706580487778,16.29043388277351
28704768,0.004788466729223728,-6.824905872344971,-6.829694339074194,-0.6150105595588684,-2.0354623794555664,3.637460947036743,-0.05479765683412552,-0.024987798184156418,2.0715885162353516,0.056316643953323364,0.482177734375,-0.6150105595588684,13.232412338256836,11.912771224975586,0.0004636058581304326,0.0015662792802206063,-0.08275329596658071,16.29043388277351
28835840,0.0016519473865628242,-6.932591438293457,-6.93424338568002,-0.7407146692276001,-2.0373482704162598,3.8170366287231445,-0.05791359767317772,-0.024581506848335266,2.037905216217041,0.053989291191101074,0.4541015625,-0.7407146692276001,13.423853874206543,5.443581581115723,0.0004634262355585107,0.0015656724304413654,-0.08285952612828364,16.29043388277351
28966912,-0.001365165924653411,-7.814793109893799,-7.813427943969145,-0.7411367297172546,-2.0344882011413574,3.368757963180542,-0.05881504714488983,-0.024818677455186844,2.057567596435547,0.04953813925385475,0.455322265625,-0.7411367297172546,13.151748657226562,7.782201290130615,0.0004632466129865888,0.0015650655806621245,-0.08296575628998656,16.29043388277351
29097984,-0.05416415259242058,-6.8189239501953125,-6.764759797602892,-3.161001682281494,-1.9879467487335205,4.3561296463012695,-0.05438649281859398,-0.023460133001208305,1.9449387788772583,0.06062173470854759,0.448486328125,-3.161001682281494,13.846888542175293,10.28398609161377,0.00046306699041466693,0.0015644587308828839,-0.08307198645168949,16.29043388277351
29229056,-0.023304380476474762,-11.846305847167969,-11.823001466691494,-0.6764315962791443,-1.9908370971679688,3.5656886100769043,-0.059386782348155975,-0.023383447900414467,1.9385812282562256,0.052154358476400375,0.470458984375,-0.6764315962791443,13.064345359802246,7.049769401550293,0.000462887367842745,0.001563851881103643,-0.08317821661339242,16.29043388277351
29360128,-0.009503999724984169,-11.857694625854492,-11.848190626129508,0.2830737829208374,-1.9834375381469727,3.7061781883239746,-0.05614873021841049,-0.024372588843107224,2.020585060119629,0.06460431963205338,0.45361328125,0.2830737829208374,13.381331443786621,7.334741592407227,0.0004627077452708231,0.001563245031324402,-0.08328444677509535,16.29043388277351
29491200,0.00512949051335454,-11.515371322631836,-11.52050081314519,-0.12874728441238403,-1.9598339796066284,3.878291606903076,-0.057658400386571884,-0.023927608504891396,1.9836944341659546,0.055045999586582184,0.47216796875,-0.12874728441238403,13.195575714111328,8.270869255065918,0.0004625281226989012,0.0015626381815451612,-0.08339067693679827,16.29043388277351
29622272,0.01041549351066351,-9.931477546691895,-9.941893040202558,0.2931975722312927,-1.946730375289917,4.059755325317383,-0.05995897203683853,-0.023483000695705414,1.9468345642089844,0.055181942880153656,0.447998046875,0.2931975722312927,13.961485862731934,7.011762619018555,0.0004623485001269793,0.0015620313317659203,-0.08349690709850119,16.29043388277351
29753344,0.00917491503059864,-8.925494194030762,-8.93466910906136,0.0025536417961120605,-1.9372470378875732,3.538567543029785,-0.058933325111866,-0.023449577391147614,1.9440639019012451,0.05841759592294693,0.451904296875,0.0025536417961120605,13.645150184631348,9.552237510681152,0.0004621688775550574,0.0015614244819866796,-0.08360313726020413,16.29043388277351
29884416,0.006287519820034504,-7.260852336883545,-7.267139856703579,-0.41734880208969116,-1.9454281330108643,3.7670974731445312,-0.05876617878675461,-0.023997720330953598,1.9895068407058716,0.049436263740062714,0.47119140625,-0.41734880208969116,13.335536003112793,19.015254974365234,0.00046198925498313546,0.0015608176322074387,-0.08370936742190704,16.29043388277351
30015488,0.00645082863047719,-7.151202201843262,-7.157653030473739,-0.17532449960708618,-1.947574496269226,3.6136035919189453,-0.06066352128982544,-0.0236516110599041,1.960813283920288,0.07266312837600708,0.4892578125,-0.17532449960708618,12.895169258117676,16.352956771850586,0.00046180963241121355,0.0015602107824281978,-0.08381559758360999,16.29043388277351
30146560,0.0039454298093914986,-6.451210021972656,-6.455155451782048,-0.31160250306129456,-1.9525704383850098,3.8567428588867188,-0.05801616981625557,-0.023463189601898193,1.9451923370361328,0.04660602658987045,0.461669921875,-0.31160250306129456,12.84460163116455,6.961977958679199,0.00046163000983929164,0.0015596039326489569,-0.0839218277453129,16.29043388277351
30277632,-0.0038629486225545406,-5.749136924743652,-5.745273976121098,-1.1490901708602905,-2.000231981277466,3.348242998123169,-0.061367299407720566,-0.024136293679475784,2.000995397567749,0.05742762237787247,0.47314453125,-1.1490901708602905,12.553946495056152,6.9383463859558105,0.0004614503872673697,0.001558997082869716,-0.08402805790701584,16.29043388277351
30408704,0.00641193613409996,-6.6143798828125,-6.6207918189466,-0.601080060005188,-1.9910200834274292,3.955811023712158,-0.06376252323389053,-0.023859411478042603,1.9780405759811401,0.06395481526851654,0.45556640625,-0.601080060005188,12.202584266662598,20.058761596679688,0.0004612707646954478,0.001558390233090475,-0.08413428806871877,16.29043388277351
30539776,-0.0009404076263308525,-9.027409553527832,-9.026469145901501,-0.463134765625,-1.9871268272399902,4.289850234985352,-0.057792507112026215,-0.0236998088657856,1.964808702468872,0.03225429356098175,0.326904296875,-0.463134765625,12.75461196899414,12.373336791992188,0.0004610911421235259,0.0015577833833112342,-0.0842405182304217,16.29043388277351
30670848,-0.00017043901607394218,-7.453977584838867,-7.453807145822793,-0.17650499939918518,-1.9854323863983154,3.4254701137542725,-0.05735006928443909,-0.023549791425466537,1.9523718357086182,0.05613161250948906,0.47021484375,-0.17650499939918518,12.210756301879883,6.0404767990112305,0.000460911519551604,0.0015571765335319933,-0.08434674839212462,16.29043388277351
30801920,0.010501515120267868,-7.119691848754883,-7.130193363875151,-0.3144053816795349,-1.9831247329711914,3.6067519187927246,-0.05396537855267525,-0.024230778217315674,2.008828639984131,0.05652923882007599,0.47998046875,-0.3144053816795349,12.54045295715332,5.743642330169678,0.0004607318969796821,0.0015565696837527524,-0.08445297855382755,16.29043388277351
30932992,0.0007755081169307232,-6.896281719207764,-6.897057227324694,-0.3168359398841858,-1.9671666622161865,3.461214780807495,-0.06277988851070404,-0.024113722145557404,1.9991240501403809,0.04208800196647644,0.449462890625,-0.3168359398841858,12.730535507202148,6.306262969970703,0.00046055227440776016,0.0015559628339735115,-0.08455920871553048,16.29043388277351
31064064,-0.011654184199869633,-8.159013748168945,-8.147359563969076,-0.9176170229911804,-1.9838697910308838,3.769796133041382,-0.0546443909406662,-0.02456984482705593,2.036938428878784,0.0501912385225296,0.468017578125,-0.9176170229911804,12.744361877441406,18.550838470458984,0.00046037265183583825,0.0015553559841942706,-0.0846654388772334,16.29043388277351
31195136,-0.008584587834775448,-8.679276466369629,-8.670691878534853,-0.21806415915489197,-1.998610019683838,3.6478710174560547,-0.056756045669317245,-0.024008620530366898,1.990410566329956,0.05531058460474014,0.461669921875,-0.21806415915489197,12.852359771728516,10.60920238494873,0.00046019302926391634,0.0015547491344150297,-0.08477166903893633,16.29043388277351
31326208,0.0021056588739156723,-7.503735542297363,-7.505841201171279,-0.4574355483055115,-2.000063896179199,3.643171787261963,-0.05762547254562378,-0.02380959317088127,1.9739105701446533,0.056270722299814224,0.4697265625,-0.4574355483055115,13.118263244628906,16.751502990722656,0.00046001340669199443,0.0015541422846357888,-0.08487789920063926,16.29043388277351
31457280,0.0017444677650928497,-7.163261413574219,-7.165005881339312,-0.7492280006408691,-2.004272937774658,3.567460536956787,-0.05982734262943268,-0.02384174056351185,1.9765756130218506,0.04529426246881485,0.4765625,-0.7492280006408691,12.844778060913086,11.037467002868652,0.0004598337841200725,0.0015535354348565479,-0.08498412936234219,16.29043388277351
31588352,0.006657290738075972,-6.454277992248535,-6.460935282986611,-0.5866904854774475,-2.0023834705352783,3.464205503463745,-0.058010175824165344,-0.023950375616550446,1.985581874847412,0.05785837769508362,0.45947265625,-0.5866904854774475,12.899539947509766,5.727579116821289,0.0004596541615481506,0.001552928585077307,-0.08509035952404512,16.29043388277351
31719424,-0.054480038583278656,-4.596182346343994,-4.5417023077607155,-3.1465377807617188,-2.008528470993042,4.499691009521484,-0.06131245195865631,-0.02412191778421402,1.9998035430908203,0.03847971558570862,0.4111328125,-3.1465377807617188,13.876213073730469,29.258575439453125,0.0004594745389762287,0.001552321735298066,-0.08519658968574804,16.29043388277351
31850496,-0.03709784150123596,-11.519261360168457,-11.482163518667221,-0.9058293104171753,-2.0402438640594482,3.536189079284668,-0.061567313969135284,-0.02449076995253563,2.0303828716278076,0.054862260818481445,0.47900390625,-0.9058293104171753,12.521474838256836,8.897701263427734,0.0004592949164043068,0.0015517148855188254,-0.08530281984745097,16.29043388277351
31981568,-0.011097162961959839,-12.754837989807129,-12.743740826845169,0.5329977869987488,-2.0525059700012207,3.4526474475860596,-0.06092453375458717,-0.024300094693899155,2.014575242996216,0.07475116103887558,0.487060546875,0.5329977869987488,12.741244316101074,8.02975845336914,0.00045911529383238487,0.0015511080357395845,-0.0854090500091539,16.29043388277351
32112640,-0.007643348071724176,-13.355348587036133,-13.347705238964409,0.4603942036628723,-2.044855833053589,6.062385559082031,-0.05844557285308838,-0.02461784891784191,2.0409181118011475,0.021647406741976738,0.339111328125,0.4603942036628723,12.466517448425293,32.03532028198242,0.000458935671260463,0.0015505011859603438,-0.08551528017085683,16.29043388277351
32243712,-0.0006668367423117161,-6.834633827209473,-6.833966990467161,-0.5294175148010254,-2.040389060974121,3.5615553855895996,-0.0617247000336647,-0.025071166455745697,2.0784997940063477,0.058959439396858215,0.4931640625,-0.5294175148010254,12.781694412231445,5.027853488922119,0.0004587560486885411,0.0015498943361811031,-0.08562151033255976,16.29043388277351
32374784,0.0050028180703520775,-6.785069465637207,-6.790072283707559,-0.006843447685241699,-2.0525012016296387,5.633971214294434,-0.06690411269664764,-0.02474554255604744,2.051504373550415,0.05034773796796799,0.454345703125,-0.006843447685241699,12.399398803710938,56.79878616333008,0.0004585764261166192,0.0015492874864018623,-0.08572774049426268,16.29043388277351
32505856,0.01775006391108036,-0.8495770692825317,-0.8673271331936121,-1.538962483406067,-2.03399658203125,3.9583210945129395,-0.0433533638715744,-0.024344444274902344,2.018251895904541,0.06561240553855896,0.470947265625,-1.538962483406067,12.346096992492676,14.810473442077637,0.0004583968035446973,0.0015486806366226216,-0.08583397065596561,16.29043388277351
32636928,0.003283313475549221,-2.237917900085449,-2.2412012135609984,-1.4430170059204102,-1.9925416707992554,3.4330050945281982,-0.05969664081931114,-0.02451155334711075,2.0321056842803955,0.06612470000982285,0.47705078125,-1.4430170059204102,12.50145149230957,7.246786594390869,0.0004582171809727754,0.0015480737868433807,-0.08594020081766854,16.29043388277351
32768000,-0.0075858840718865395,-3.8468868732452393,-3.8393009891733527,-1.2321792840957642,-2.009289264678955,3.495291233062744,-0.055195875465869904,-0.023510783910751343,1.9491381645202637,0.06060636043548584,0.444091796875,-1.2321792840957642,12.393787384033203,7.33548641204834,0.0004580375584008535,0.00154746693706414,-0.08604643097937147,16.29043388277351
32899072,-0.004234273452311754,-4.513931751251221,-4.509697477798909,-1.1770024299621582,-2.0106544494628906,3.5358071327209473,-0.05149069428443909,-0.0239386148750782,1.9846067428588867,0.06458078324794769,0.4619140625,-1.1770024299621582,11.947834014892578,6.581140041351318,0.0004578579358289316,0.001546860087284899,-0.0861526611410744,16.29043388277351
33030144,0.011670945212244987,-4.533044815063477,-4.5447157602757215,-0.5609574317932129,-1.9765970706939697,3.3848118782043457,-0.06164346635341644,-0.02399296686053276,1.9891128540039062,0.057390112429857254,0.462158203125,-0.5609574317932129,11.920266151428223,15.827850341796875,0.0004576783132570097,0.0015462532375056582,-0.08625889130277732,16.29043388277351
33161216,0.0029525007121264935,-4.8189473152160645,-4.821899815928191,-0.7714611291885376,-1.9811115264892578,3.3461673259735107,-0.054811619222164154,-0.023555606603622437,1.9528539180755615,0.06124493107199669,0.47802734375,-0.7714611291885376,12.613109588623047,9.586408615112305,0.00045749869068508777,0.0015456463877264173,-0.08636512146448025,16.29043388277351
33292288,-0.004375676158815622,-5.3334503173828125,-5.329074641223997,-1.172135353088379,-2.0077991485595703,3.210613250732422,-0.06079145893454552,-0.024393832311034203,2.022346258163452,0.04792504385113716,0.44580078125,-1.172135353088379,12.357718467712402,5.722685813903809,0.00045731906811316585,0.0015450395379471764,-0.08647135162618318,16.29043388277351
33423360,-0.004295367747545242,-6.876800537109375,-6.87250516936183,-0.4001397490501404,-1.9886388778686523,3.3777151107788086,-0.057722147554159164,-0.023838628083467484,1.9763176441192627,0.06026407331228256,0.472412109375,-0.4001397490501404,12.541360855102539,7.174258708953857,0.00045713944554124394,0.0015444326881679355,-0.0865775817878861,16.29043388277351
33554432,-0.0010317175183445215,-5.931167125701904,-5.93013540818356,-0.7732603549957275,-1.9860178232192993,3.1579232215881348,-0.05896398425102234,-0.024321602657437325,2.0163581371307373,0.052563443779945374,0.4453125,-0.7732603549957275,11.805939674377441,9.88828182220459,0.00045695982296932203,0.0015438258383886946,-0.08668381194958903,16.29043388277351
33685504,0.003172284923493862,-5.856180667877197,-5.859352952800691,-0.3560364842414856,-2.0041275024414062,3.4316234588623047,-0.05869176983833313,-0.024311628192663193,2.015531063079834,0.053093213587999344,0.44140625,-0.3560364842414856,11.947758674621582,6.271435260772705,0.0004567802003974001,0.0015432189886094537,-0.08679004211129196,16.29043388277351
33816576,0.0021133311092853546,-4.793727874755859,-4.795841205865145,-1.0826750993728638,-1.9993577003479004,3.264129400253296,-0.05886252224445343,-0.023107308894395828,1.915688395500183,0.06170731782913208,0.440673828125,-1.0826750993728638,11.687314987182617,6.96937894821167,0.0004566005778254782,0.0015426121388302128,-0.08689627227299489,16.29043388277351
33947648,-0.006510138511657715,-5.479220390319824,-5.4727102518081665,-0.8219560980796814,-1.9931236505508423,3.40824556350708,-0.05560272932052612,-0.023203786462545395,1.9236866235733032,0.04439177364110947,0.448974609375,-0.8219560980796814,11.519622802734375,8.514668464660645,0.0004564209552535563,0.001542005289050972,-0.08700250243469781,16.29043388277351
34078720,0.0010745390318334103,-5.2447309494018555,-5.245805488433689,-0.7167538404464722,-1.977344036102295,3.1116833686828613,-0.05783318355679512,-0.023302825167775154,1.9318974018096924,0.05874057859182358,0.478759765625,-0.7167538404464722,11.207178115844727,4.978560447692871,0.00045624133268163444,0.0015413984392717312,-0.08710873259640076,16.29043388277351
34209792,0.0032718321308493614,-4.9229888916015625,-4.926260723732412,-0.9645577073097229,-1.995823860168457,2.8654816150665283,-0.05966034531593323,-0.023721322417259216,1.96659255027771,0.051559146493673325,0.456298828125,-0.9645577073097229,10.807819366455078,5.771340847015381,0.0004560617101097126,0.0015407915894924905,-0.08721496275810367,16.29043388277351
34340864,-0.07170663774013519,-5.192039489746094,-5.120332852005959,-3.2469253540039062,-1.9807236194610596,3.825148582458496,-0.05581124126911163,-0.02379547618329525,1.9727400541305542,0.039175450801849365,0.42041015625,-3.2469253540039062,12.340597152709961,6.5030012130737305,0.00045588208753779067,0.0015401847397132496,-0.08732119291980661,16.29043388277351
34471936,-0.014228778891265392,-8.062437057495117,-8.048208278603852,-0.9106746315956116,-1.9640272855758667,3.3410534858703613,-0.05429491773247719,-0.02365199849009514,1.9608449935913086,0.0706993043422699,0.478515625,-0.9106746315956116,11.665552139282227,8.034468650817871,0.0004557024649658688,0.001539577889934009,-0.08742742308150953,16.29043388277351
34603008,-0.00254223239608109,-9.376087188720703,-9.373544956324622,0.10008889436721802,-1.965311050415039,3.4817442893981934,-0.058049339801073074,-0.023867212235927582,1.9786872863769531,0.0446321964263916,0.4619140625,0.10008889436721802,11.910334587097168,6.983244895935059,0.00045552284239394695,0.0015389710401547683,-0.08753365324321247,16.29043388277351
34734080,-0.00137793505564332,-9.333234786987305,-9.331856851931661,0.017527636140584946,-1.9602574110031128,3.1617417335510254,-0.0661056786775589,-0.023713840171694756,1.9659721851348877,0.05341078341007233,0.460205078125,0.017527636140584946,11.440007209777832,13.742440223693848,0.00045534321982202504,0.0015383641903755274,-0.08763988340491538,16.29043388277351
34865152,0.014230173081159592,-8.143325805664062,-8.157555978745222,0.8082329034805298,-1.9616879224777222,3.3119165897369385,-0.06580628454685211,-0.02349778637290001,1.948060393333435,0.05168987810611725,0.45263671875,0.8082329034805298,12.141825675964355,7.73073148727417,0.0004551635972501031,0.0015377573405962865,-0.08774611356661832,16.29043388277351
34996224,0.017122698947787285,-6.41323709487915,-6.430359793826938,0.268695592880249,-1.9508488178253174,4.0267181396484375,-0.0684189721941948,-0.02355877310037613,1.9531166553497314,0.04863286390900612,0.45556640625,0.268695592880249,11.59070110321045,18.925460815429688,0.00045498397467818127,0.0015371504908170458,-0.08785234372832125,16.29043388277351
35127296,0.0017650744412094355,-5.737819194793701,-5.739584269234911,0.03164741396903992,-1.973323941230774,3.99723482131958,-0.048594921827316284,-0.024331651628017426,2.0171914100646973,0.039373479783535004,0.40185546875,0.03164741396903992,12.14324951171875,8.89060115814209,0.0004548043521062594,0.0015365436410378051,-0.08795857389002418,16.29043388277351
35258368,0.007563029415905476,-5.280874729156494,-5.2884377585724,-0.7698652744293213,-1.9648849964141846,3.256287097930908,-0.059019677340984344,-0.02353619784116745,1.9512449502944946,0.059793002903461456,0.481689453125,-0.7698652744293213,11.778814315795898,8.64885139465332,0.0004546247295343375,0.0015359367912585642,-0.08806480405172709,16.29043388277351
35389440,-0.011892084032297134,-6.35002326965332,-6.338131185621023,-0.7549334764480591,-1.957005262374878,3.1545138359069824,-0.06421475857496262,-0.02329666167497635,1.9313863515853882,0.06734523177146912,0.478759765625,-0.7549334764480591,11.736992835998535,4.787898540496826,0.00045444510696241564,0.0015353299414793235,-0.08817103421343002,16.29043388277351
35520512,-0.004516074433922768,-5.927628517150879,-5.923112442716956,-0.6936779022216797,-1.9473659992218018,3.4480667114257812,-0.05485104024410248,-0.022930031642317772,1.9009913206100464,0.0653824582695961,0.49169921875,-0.6936779022216797,11.68806266784668,16.279277801513672,0.00045426548439049373,0.0015347230917000826,-0.08827726437513295,16.29043388277351
35651584,0.003686212934553623,-5.869132041931152,-5.872818254865706,-0.6661542057991028,-1.9190138578414917,3.425605297088623,-0.055062148720026016,-0.02309143915772438,1.9143726825714111,0.04607946425676346,0.450439453125,-0.6661542057991028,11.74681282043457,4.599883079528809,0.0004540858618185718,0.0015341162419208417,-0.08838349453683587,16.29043388277351
35782656,-0.0002571116201579571,-6.540657043457031,-6.540399931836873,-0.32796376943588257,-1.911854863166809,3.5173087120056152,-0.062393609434366226,-0.022736703976988792,1.8849636316299438,0.06187397241592407,0.462158203125,-0.32796376943588257,11.763690948486328,13.277318000793457,0.00045390623924664996,0.001533509392141601,-0.0884897246985388,16.29043388277351
35913728,0.004372178576886654,-6.457307815551758,-6.4616799941286445,-0.5190937519073486,-1.878194808959961,3.0923972129821777,-0.057211149483919144,-0.022669093683362007,1.8793585300445557,0.050991423428058624,0.452880859375,-0.5190937519073486,11.708398818969727,6.7053093910217285,0.00045372661667472805,0.0015329025423623602,-0.08859595486024173,16.29043388277351
36044800,0.007117913570255041,-5.553096294403076,-5.560214207973331,-0.6314563155174255,-1.8908582925796509,3.5589866638183594,-0.059665337204933167,-0.02237618714570999,1.8550755977630615,0.04782768338918686,0.453369140625,-0.6314563155174255,11.566871643066406,16.51963996887207,0.00045354699410280613,0.0015322956925831195,-0.08870218502194466,16.29043388277351
36175872,0.012242717668414116,-4.420707702636719,-4.432950420305133,-0.5156680345535278,-1.884344220161438,3.1543667316436768,-0.05780570209026337,-0.02333785966038704,1.934801697731018,0.059559982270002365,0.45947265625,-0.5156680345535278,11.960698127746582,13.456819534301758,0.0004533673715308842,0.0015316888428038786,-0.08880841518364758,16.29043388277351
36306944,0.008947054855525494,-4.546620845794678,-4.555567900650203,-0.778795599937439,-1.8757848739624023,3.3552680015563965,-0.05612120404839516,-0.02270938828587532,1.8826991319656372,0.04983695596456528,0.47998046875,-0.778795599937439,12.16713809967041,5.310401916503906,0.0004531877489589623,0.0015310819930246377,-0.08891464534535051,16.29043388277351
36438016,-0.0025371562223881483,-5.485559463500977,-5.483022307278588,-0.7252470254898071,-1.8645188808441162,3.4023704528808594,-0.05235864967107773,-0.021925583481788635,1.817718505859375,0.044099874794483185,0.436279296875,-0.7252470254898071,11.946356773376465,8.276619911193848,0.0004530081263870404,0.0015304751432453968,-0.08902087550705344,16.29043388277351
36569088,0.0031280829571187496,-5.539658546447754,-5.542786629404873,-0.7004846930503845,-1.8604657649993896,3.37870454788208,-0.0560314916074276,-0.02243386022746563,1.8598567247390747,0.058603398501873016,0.460205078125,-0.7004846930503845,11.346089363098145,6.509280681610107,0.0004528285038151185,0.0015298682934661559,-0.08912710566875637,16.29043388277351
36700160,-0.002325578825548291,-6.705962181091309,-6.70363660226576,-0.7171818017959595,-1.8640553951263428,3.323598861694336,-0.05787668004631996,-0.02328982949256897,1.930820107460022,0.05911082774400711,0.46142578125,-0.7171818017959595,11.509904861450195,11.554611206054688,0.0004526488812431966,0.0015292614436869152,-0.0892333358304593,16.29043388277351
36831232,-0.003731982782483101,-7.594080924987793,-7.59034894220531,-0.5195050835609436,-1.8758964538574219,3.3504221439361572,-0.055456310510635376,-0.023084234446287155,1.9137752056121826,0.0504874587059021,0.473876953125,-0.5195050835609436,11.411173820495605,4.811044216156006,0.00045246925867127466,0.0015286545939076743,-0.08933956599216222,16.29043388277351
36962304,-0.0642368495464325,-6.9612531661987305,-6.897016316652298,-2.5356619358062744,-1.8494112491607666,3.8071956634521484,-0.05525955930352211,-0.02237536571919918,1.8550071716308594,0.0505790114402771,0.46240234375,-2.5356619358062744,12.516732215881348,11.469704627990723,0.00045228963609935275,0.0015280477441284334,-0.08944579615386515,16.29043388277351
37093376,-0.026182767003774643,-9.912983894348145,-9.88680112734437,-0.41054144501686096,-1.8594467639923096,3.1942739486694336,-0.05735424906015396,-0.02314821630716324,1.9190796613693237,0.06073243170976639,0.457275390625,-0.41054144501686096,11.57371711730957,6.528877258300781,0.00045211001352743084,0.0015274408943491925,-0.08955202631556808,16.29043388277351
37224448,-0.0002624695189297199,-9.22188663482666,-9.22162416530773,0.39465320110321045,-1.8693771362304688,3.21309232711792,-0.06581682711839676,-0.02175334468483925,1.8034391403198242,0.04787138104438782,0.468017578125,0.39465320110321045,11.44810962677002,4.245597839355469,0.0004519303909555089,0.0015268340445699516,-0.089658256477271,16.29043388277351
37355520,0.005517618730664253,-7.382815361022949,-7.3883329797536135,0.010020256042480469,-1.8629767894744873,3.267979145050049,-0.06218864768743515,-0.022475991398096085,1.863349437713623,0.054334402084350586,0.44580078125,0.010020256042480469,11.360170364379883,6.093715667724609,0.000451750768383587,0.0015262271947907107,-0.08976448663897393,16.29043388277351
37486592,0.012030670419335365,-6.138336658477783,-6.150367328897119,-0.023423083126544952,-1.8476040363311768,5.13401985168457,-0.061530809849500656,-0.02240676060318947,1.8576101064682007,0.04882470518350601,0.422119140625,-0.023423083126544952,11.686588287353516,17.132410049438477,0.0004515711458116651,0.0015256203450114698,-0.08987071680067686,16.29043388277351
37617664,0.004006595350801945,-3.761044979095459,-3.765051574446261,-0.4435080289840698,-1.8406617641448975,3.26809024810791,-0.05375772714614868,-0.02231069654226303,1.8496458530426025,0.03680834919214249,0.42431640625,-0.4435080289840698,11.746598243713379,12.151348114013672,0.00045139152323974324,0.0015250134952322291,-0.08997694696237979,16.29043388277351
37748736,0.003582388162612915,-2.546104907989502,-2.549687296152115,-1.2851420640945435,-1.8360416889190674,3.5076422691345215,-0.05712444707751274,-0.022507764399051666,1.8659836053848267,0.06045936048030853,0.468505859375,-1.2851420640945435,12.011130332946777,5.593029022216797,0.00045121190066782133,0.0015244066454529882,-0.09008317712408272,16.29043388277351
37879808,-0.009767051786184311,-4.413105487823486,-4.403338436037302,-0.8213608264923096,-1.8623058795928955,4.665864944458008,-0.06567810475826263,-0.022039350122213364,1.8271501064300537,0.05923405662178993,0.465087890625,-0.8213608264923096,11.133125305175781,25.523651123046875,0.00045103227809589947,0.0015237997956737475,-0.09018940728578566,16.29043388277351
38010880,-0.002242899499833584,-8.17634391784668,-8.174101018346846,-0.16575229167938232,-1.8660798072814941,4.122594356536865,-0.0575500950217247,-0.023241307586431503,1.9267973899841309,0.029953936114907265,0.346923828125,-0.16575229167938232,11.830391883850098,25.93317222595215,0.00045085265552397756,0.0015231929458945066,-0.09029563744748857,16.29043388277351
38141952,0.0006856790278106928,-11.408496856689453,-11.409182535717264,0.28654175996780396,-1.8441433906555176,3.4358839988708496,-0.05830249935388565,-0.021617887541651726,1.7922093868255615,0.04912302643060684,0.469970703125,0.28654175996780396,11.70315933227539,5.456059455871582,0.0004506730329520557,0.001522586096115266,-0.09040186760919151,16.29043388277351
38273024,0.0035545399878174067,-10.259904861450195,-10.263459401438013,0.4958106279373169,-1.83902108669281,3.413332462310791,-0.05162181705236435,-0.02172165922820568,1.8008124828338623,0.05164935812354088,0.46337890625,0.4958106279373169,11.698248863220215,8.131752967834473,0.0004504934103801338,0.001521979246336025,-0.09050809777089443,16.29043388277351
38404096,0.002790987491607666,-8.985282897949219,-8.988073885440826,0.20105135440826416,-1.835266351699829,3.511197566986084,-0.06685099750757217,-0.02199968323111534,1.823861837387085,0.047197721898555756,0.4599609375,0.20105135440826416,12.067461013793945,25.88301658630371,0.0004503137878082119,0.0015213723965567842,-0.09061432793259737,16.29043388277351
38535168,0.003131214063614607,-4.53209924697876,-4.535230461042374,-0.3419203758239746,-1.8252627849578857,3.6601758003234863,-0.0509575754404068,-0.02288832888007164,1.8975340127944946,0.050254762172698975,0.44970703125,-0.3419203758239746,11.81721305847168,8.982658386230469,0.00045013416523629,0.0015207655467775435,-0.09072055809430028,16.29043388277351
38666240,0.007806109264492989,-3.6883649826049805,-3.6961710918694735,-0.44261425733566284,-1.828696846961975,3.3126888275146484,-0.05951901525259018,-0.02211255207657814,1.8332188129425049,0.05301410332322121,0.481201171875,-0.44261425733566284,11.540311813354492,5.331691265106201,0.0004499545426643681,0.0015201586969983026,-0.09082678825600322,16.29043388277351
38797312,-0.0032863870728760958,-3.828623056411743,-3.825336669338867,-1.0483258962631226,-1.8255417346954346,3.384850263595581,-0.05480136349797249,-0.022664520889520645,1.8789794445037842,0.054663095623254776,0.463623046875,-1.0483258962631226,11.392151832580566,14.302626609802246,0.0004497749200924462,0.0015195518472190617,-0.09093301841770614,16.29043388277351
38928384,0.0016317907720804214,-4.576399326324463,-4.578031117096543,-0.9726905822753906,-1.8252291679382324,3.3073105812072754,-0.06132584810256958,-0.02210831083357334,1.8328673839569092,0.05979808792471886,0.47021484375,-0.9726905822753906,11.590044975280762,15.479483604431152,0.0004495952975205243,0.0015189449974398208,-0.09103924857940908,16.29043388277351
39059456,-0.008798521012067795,-4.156229019165039,-4.147430498152971,-1.228785514831543,-1.8336272239685059,3.0025832653045654,-0.05991298705339432,-0.021899446845054626,1.8155516386032104,0.058279793709516525,0.47265625,-1.228785514831543,11.148412704467773,5.327266216278076,0.00044941567494860237,0.0015183381476605799,-0.091145478741112,16.29043388277351
39190528,-0.0035719946026802063,-4.537227630615234,-4.533655636012554,-0.7903303503990173,-1.8408150672912598,3.0153284072875977,-0.0612654983997345,-0.02255694381892681,1.870060682296753,0.06451396644115448,0.4794921875,-0.7903303503990173,11.662498474121094,12.029088020324707,0.00044923605237668046,0.001517731297881339,-0.09125170890281493,16.29043388277351
39321600,-0.0027951595839112997,-4.234192848205566,-4.231397688621655,-0.8749307990074158,-1.8692045211791992,4.722630977630615,-0.06545498967170715,-0.0220231581479311,1.825807809829712,0.043807968497276306,0.43798828125,-0.8749307990074158,12.009285926818848,28.544952392578125,0.00044905642980475855,0.001517124448102098,-0.09135793906451785,16.29043388277351
39452672,0.002825418021529913,0.03481456637382507,0.03198914835229516,-1.7534637451171875,-1.8726117610931396,3.216202735900879,-0.0544310100376606,-0.022364776581525803,1.8541295528411865,0.05251146852970123,0.4638671875,-1.7534637451171875,11.447992324829102,9.109757423400879,0.0004488768072328367,0.0015165175983228574,-0.09146416922622079,16.29043388277351
39583744,-0.0513552725315094,0.15805000066757202,0.20940527319908142,-3.62593936920166,-1.851405382156372,4.404212951660156,-0.048718132078647614,-0.0227728933095932,1.8879640102386475,0.028389794752001762,0.33740234375,-3.62593936920166,11.87287712097168,31.956422805786133,0.0004486971846609148,0.0015159107485436165,-0.0915703993879237,16.29043388277351
39714816,-0.021855546161532402,-1.0559208393096924,-1.03406529314816,-2.0753579139709473,-1.8861223459243774,3.1993255615234375,-0.053775615990161896,-0.022238556295633316,1.8436652421951294,0.05893330276012421,0.479248046875,-2.0753579139709473,11.177967071533203,7.640923976898193,0.00044851756208899287,0.0015153038987643756,-0.09167662954962665,16.29043388277351
39845888,-0.007802923675626516,-3.095524787902832,-3.0877218642272055,-1.260953426361084,-1.8869634866714478,3.071467399597168,-0.055213652551174164,-0.022414766252040863,1.8582736253738403,0.04976187273859978,0.451904296875,-1.260953426361084,10.977002143859863,4.9083638191223145,0.00044833793951707095,0.0015146970489851347,-0.09178285971132956,16.29043388277351
39976960,0.004239112138748169,-3.635967969894409,-3.6402070820331573,-0.9253913164138794,-1.8885345458984375,3.0639238357543945,-0.05755675956606865,-0.022618915885686874,1.8751986026763916,0.06502249091863632,0.486572265625,-0.9253913164138794,11.151986122131348,10.193666458129883,0.00044815831694514904,0.0015140901992058938,-0.0918890898730325,16.29043388277351
40108032,0.005711337551474571,-3.5120980739593506,-3.517809411510825,-0.5043455958366394,-1.8565083742141724,3.1572649478912354,-0.061003245413303375,-0.02298830635845661,1.905822515487671,0.06347429752349854,0.479736328125,-0.5043455958366394,11.51949405670166,4.0446367263793945,0.00044797869437322713,0.001513483349426653,-0.09199532003473541,16.29043388277351
40239104,-0.0007354235276579857,-3.396549940109253,-3.395814516581595,-1.4389071464538574,-1.857310175895691,3.2852516174316406,-0.0607106015086174,-0.022773627191781998,1.888024926185608,0.05495412275195122,0.4677734375,-1.4389071464538574,11.388294219970703,5.98267936706543,0.0004477990718013052,0.001512876499647412,-0.09210155019643836,16.29043388277351
40370176,-0.017095286399126053,-4.890488624572754,-4.873393338173628,-1.3226194381713867,-1.8658483028411865,3.0439987182617188,-0.06272019445896149,-0.022183150053024292,1.8390718698501587,0.05657345801591873,0.446044921875,-1.3226194381713867,11.830615043640137,6.863273620605469,0.0004476194492293833,0.0015122696498681711,-0.09220778035814128,16.29043388277351
40501248,-0.005627605598419905,-5.095648765563965,-5.090021159965545,-1.2152938842773438,-1.8577463626861572,3.2722432613372803,-0.057488664984703064,-0.02250751666724682,1.8659632205963135,0.04828951135277748,0.443603515625,-1.2152938842773438,11.724571228027344,10.780533790588379,0.0004474398266574614,0.0015116628000889302,-0.09231401051984421,16.29043388277351
40632320,-0.013084487989544868,-7.678967475891113,-7.665882987901568,-0.7863601446151733,-1.8628524541854858,3.233654737472534,-0.06135161221027374,-0.022746842354536057,1.8858041763305664,0.05747540295124054,0.444580078125,-0.7863601446151733,11.60141658782959,5.823585510253906,0.00044726020408553953,0.0015110559503096895,-0.09242024068154714,16.29043388277351
40763392,-0.0026427069678902626,-6.9324541091918945,-6.929811402224004,-0.35649028420448303,-1.8590364456176758,4.576525688171387,-0.06711630523204803,-0.022833824157714844,1.8930153846740723,0.036813244223594666,0.400390625,-0.35649028420448303,11.886317253112793,46.45279312133789,0.0004470805815136176,0.0015104491005304486,-0.09252647084325007,16.29043388277351
40894464,0.016634415835142136,-1.132387399673462,-1.149021815508604,-0.8934141397476196,-1.8472561836242676,3.2589597702026367,-0.0591123066842556,-0.022135749459266663,1.8351420164108276,0.04344683885574341,0.433349609375,-0.8934141397476196,12.12773323059082,12.977520942687988,0.0004469009589416957,0.0015098422507512077,-0.092632701004953,16.29043388277351
41025536,0.009076271206140518,-1.936291217803955,-1.9453674890100956,-1.6264851093292236,-1.849822759628296,3.503654956817627,-0.05210055038332939,-0.021992629393935204,1.8232769966125488,0.05125725641846657,0.455322265625,-1.6264851093292236,12.400959014892578,8.702597618103027,0.0004467213363697738,0.0015092354009719668,-0.09273893116665592,16.29043388277351
41156608,-0.004024589899927378,-3.438706874847412,-3.4346822849474847,-1.3727314472198486,-1.8183884620666504,3.406750202178955,-0.06249121576547623,-0.02211102843284607,1.8330925703048706,0.05474233999848366,0.457275390625,-1.3727314472198486,12.001801490783691,11.335474014282227,0.0004465417137978519,0.001508628551192726,-0.09284516132835884,16.29043388277351
41287680,-0.0015025748871266842,-4.198095321655273,-4.196592746768147,-0.9451655149459839,-1.8030691146850586,3.2834153175354004,-0.051736973226070404,-0.021609842777252197,1.791542410850525,0.054382309317588806,0.45068359375,-0.9451655149459839,11.8423490524292,4.98457145690918,0.00044636209122593,0.001508021701413485,-0.09295139149006176,16.29043388277351
41418752,-0.009944004938006401,-4.196470260620117,-4.186526255682111,-1.1183702945709229,-1.8043088912963867,3.2855916023254395,-0.05984998866915703,-0.0213497094810009,1.7699763774871826,0.05350717529654503,0.46337890625,-1.1183702945709229,11.50418758392334,5.833033561706543,0.00044618246865400806,0.0015074148516342441,-0.09305762165176469,16.29043388277351
41549824,0.015558363869786263,-4.193593978881836,-4.209152342751622,-0.7412313222885132,-1.8251142501831055,3.189480781555176,-0.06202824413776398,-0.021362870931625366,1.7710673809051514,0.06572842597961426,0.464599609375,-0.7412313222885132,11.515491485595703,8.953559875488281,0.00044600284608208615,0.0015068080018550032,-0.09316385181346762,16.29043388277351
41680896,0.009019997902214527,-4.333677291870117,-4.342697289772332,-0.45727863907814026,-1.791644811630249,3.3945932388305664,-0.06306131929159164,-0.02209734171628952,1.8319580554962158,0.06196786090731621,0.473388671875,-0.45727863907814026,11.95781135559082,11.510747909545898,0.00044582322351016424,0.0015062011520757623,-0.09327008197517055,16.29043388277351
41811968,0.0015053651295602322,-3.2825071811676025,-3.2840125462971628,-0.8208767771720886,-1.8222731351852417,4.022176265716553,-0.06373217701911926,-0.021944832056760788,1.8193142414093018,0.05263655260205269,0.47998046875,-0.8208767771720886,11.785348892211914,32.87432098388672,0.0004456436009382423,0.0015055943022965214,-0.09337631213687347,16.29043388277351
41943040,0.008860282599925995,-5.6899261474609375,-5.6987864300608635,-0.47514647245407104,-1.827333927154541,3.109936237335205,-0.059824295341968536,-0.02181636542081833,1.8086638450622559,0.04895336925983429,0.456298828125,-0.47514647245407104,11.428893089294434,11.579693794250488,0.0004454639783663204,0.0015049874525172805,-0.0934825422985764,16.29043388277351
42074112,-0.005112891085445881,-7.027386665344238,-7.022273774258792,-0.5335525870323181,-1.8328022956848145,3.139852523803711,-0.060574956238269806,-0.02276681736111641,1.8874599933624268,0.04932592809200287,0.442138671875,-0.5335525870323181,11.06787109375,4.662911415100098,0.0004452843557943985,0.0015043806027380399,-0.09358877246027933,16.29043388277351
42205184,-0.052992403507232666,-6.13881778717041,-6.0858253836631775,-2.5627248287200928,-1.8455097675323486,3.526118040084839,-0.05548081174492836,-0.022090209648013115,1.8313666582107544,0.06581239402294159,0.45556640625,-2.5627248287200928,11.930228233337402,13.051199913024902,0.0004451047332224766,0.001503773752958799,-0.09369500262198226,16.29043388277351
42336256,-0.025370242074131966,-9.177909851074219,-9.152539609000087,-0.3512806296348572,-1.877225399017334,3.348750114440918,-0.05986122786998749,-0.02219550311565399,1.8400958776474,0.06560628116130829,0.469482421875,-0.3512806296348572,11.286344528198242,16.831310272216797,0.0004449251106505547,0.001503166903179558,-0.09380123278368518,16.29043388277351
42467328,-0.01171775534749031,-8.927040100097656,-8.915322344750166,0.019788771867752075,-1.870406150817871,3.3288228511810303,-0.06052118539810181,-0.021810580044984818,1.8081841468811035,0.04517234489321709,0.445068359375,0.019788771867752075,11.323159217834473,8.817157745361328,0.0004447454880786328,0.0015025600534003174,-0.09390746294538813,16.29043388277351
42598400,-0.0013437960296869278,-7.222360134124756,-7.221016338095069,-0.31104153394699097,-1.8456871509552002,3.1507973670959473,-0.05911519378423691,-0.022077733650803566,1.8303323984146118,0.05798429250717163,0.45458984375,-0.31104153394699097,11.20068073272705,7.960801124572754,0.0004445658655067109,0.0015019532036210765,-0.09401369310709104,16.29043388277351
42729472,0.000471554696559906,-6.885559558868408,-6.886031113564968,-0.12497502565383911,-1.8541905879974365,3.368290662765503,-0.0600789338350296,-0.021838389337062836,1.8104898929595947,0.0587037019431591,0.47119140625,-0.12497502565383911,11.484888076782227,11.711102485656738,0.000444386242934789,0.0015013463538418356,-0.09411992326879398,16.29043388277351
42860544,0.015783272683620453,-6.169543266296387,-6.185326538980007,-0.0697559043765068,-1.8437458276748657,3.9095237255096436,-0.06013204902410507,-0.02262333780527115,1.8755650520324707,0.05240218713879585,0.4541015625,-0.0697559043765068,11.575263023376465,11.810559272766113,0.0004442066203628671,0.0015007395040625947,-0.0942261534304969,16.29043388277351
42991616,-0.002244318835437298,-5.71756649017334,-5.7153221713379025,-0.6423765420913696,-1.8479835987091064,4.745975971221924,-0.051824409514665604,-0.022340046241879463,1.852079153060913,0.022626053541898727,0.305908203125,-0.6423765420913696,10.915047645568848,29.532588958740234,0.00044402699779094517,0.0015001326542833538,-0.09433238359219984,16.29043388277351
43122688,-0.003239814192056656,-8.968792915344238,-8.965553101152182,-0.03172319382429123,-1.8380376100540161,3.1292097568511963,-0.06198951229453087,-0.022604072466492653,1.8739678859710693,0.06583672761917114,0.46826171875,-0.03172319382429123,11.53427505493164,8.83554744720459,0.00044384737521902326,0.0014995258045041129,-0.09443861375390275,16.29043388277351
43253760,-0.0018067951314151287,-9.539116859436035,-9.53731006430462,0.012741051614284515,-1.818886399269104,3.4825448989868164,-0.06025175750255585,-0.021420011296868324,1.7758045196533203,0.049853283911943436,0.485595703125,0.012741051614284515,11.595098495483398,12.23465633392334,0.00044366775264710135,0.0014989189547248722,-0.09454484391560569,16.29043388277351
43384832,0.004295820370316505,-8.792481422424316,-8.796777242794633,-0.04837857931852341,-1.8131681680679321,3.2771947383880615,-0.058346185833215714,-0.021659336984157562,1.7956455945968628,0.05304902046918869,0.47705078125,-0.04837857931852341,11.514583587646484,9.4081392288208,0.00044348813007517943,0.0014983121049456313,-0.0946510740773086,16.29043388277351
43515904,0.0033063022419810295,-7.587713241577148,-7.5910195438191295,0.00575004518032074,-1.812610387802124,3.911900043487549,-0.05808745324611664,-0.021906081587076187,1.8161017894744873,0.04974199831485748,0.474609375,0.00575004518032074,12.503427505493164,19.395811080932617,0.0004433085075032575,0.0014977052551663904,-0.09475730423901155,16.29043388277351
43646976,-0.0011097285896539688,-8.583242416381836,-8.582132687792182,-0.21078285574913025,-1.8085100650787354,3.418344497680664,-0.06266841292381287,-0.02230720780789852,1.8493568897247314,0.05219710245728493,0.46240234375,-0.21078285574913025,11.997021675109863,9.679595947265625,0.00044312888493133566,0.0014970984053871497,-0.09486353440071446,16.29043388277351
43778048,-0.005159270949661732,-8.063499450683594,-8.058340179733932,0.03838382661342621,-1.8094372749328613,3.080329418182373,-0.055877555161714554,-0.021542003378272057,1.785918116569519,0.05288577824831009,0.462158203125,0.03838382661342621,11.724442481994629,6.284926891326904,0.00044294926235941375,0.0014964915556079088,-0.0949697645624174,16.29043388277351
43909120,0.0019790418446063995,-6.814386367797852,-6.816365409642458,-0.22171567380428314,-1.8155028820037842,2.9620437622070312,-0.058311790227890015,-0.02173222042620182,1.8016881942749023,0.05872586369514465,0.46044921875,-0.22171567380428314,11.790129661560059,12.886666297912598,0.00044276963978749184,0.001495884705828668,-0.09507599472412032,16.29043388277351
44040192,0.009992819279432297,-6.222968101501465,-6.232960920780897,0.01785486936569214,-1.799310326576233,3.083226442337036,-0.061055805534124374,-0.021501019597053528,1.7825204133987427,0.06425569951534271,0.474609375,0.01785486936569214,11.32324504852295,10.553176879882812,0.00044259001721556993,0.001495277856049427,-0.09518222488582326,16.29043388277351
44171264,-0.0036193463020026684,-5.925466537475586,-5.921847191173583,-0.38980555534362793,-1.793087363243103,2.8500096797943115,-0.061016809195280075,-0.021816859021782875,1.8087047338485718,0.05074658244848251,0.456787109375,-0.38980555534362793,11.290242195129395,10.323119163513184,0.00044241039464364807,0.0014946710062701863,-0.09528845504752617,16.29043388277351
44302336,0.011901641264557838,-5.222021102905273,-5.233922744169831,-0.23876528441905975,-1.7889866828918457,3.2763590812683105,-0.05920473486185074,-0.021183514967560768,1.7561981678009033,0.05644448846578598,0.479736328125,-0.23876528441905975,11.426361083984375,10.021166801452637,0.00044223077207172616,0.0014940641564909454,-0.09539468520922911,16.29043388277351
44433408,0.0035423976369202137,-5.399052619934082,-5.402595017571002,-0.7340422868728638,-1.7759207487106323,3.263481616973877,-0.05381205677986145,-0.0211197417229414,1.7509108781814575,0.060850102454423904,0.468505859375,-0.7340422868728638,11.380498886108398,5.4181389808654785,0.00044205114949980425,0.0014934573067117045,-0.09550091537093203,16.29043388277351
44564480,-0.005957103334367275,-6.012901306152344,-6.0069442028179765,-0.216120183467865,-1.7772119045257568,3.2833428382873535,-0.06042111665010452,-0.02199268341064453,1.8232812881469727,0.04909934103488922,0.462158203125,-0.216120183467865,11.482301712036133,6.635815620422363,0.00044187152692788233,0.0014928504569324636,-0.09560714553263497,16.29043388277351
44695552,0.0010187847074121237,-5.576117515563965,-5.577136300271377,-0.33727025985717773,-1.7771261930465698,3.282923698425293,-0.05961623042821884,-0.02095145732164383,1.736959457397461,0.057795003056526184,0.487060546875,-0.33727025985717773,11.660823822021484,13.18159294128418,0.0004416919043559604,0.001492243607153223,-0.09571337569433788,16.29043388277351
44826624,-0.06581617891788483,-5.706335067749023,-5.640518888831139,-2.834731101989746,-1.7549464702606201,3.8004300594329834,-0.05811589956283569,-0.020875234156847,1.7306404113769531,0.05998532474040985,0.45166015625,-2.834731101989746,13.439980506896973,4.85295295715332,0.0004415122817840385,0.001491636757373982,-0.09581960585604082,16.29043388277351
44957696,-0.02444421499967575,-8.248939514160156,-8.22449529916048,-0.4960099756717682,-1.7913486957550049,3.376957893371582,-0.05981358140707016,-0.022429784759879112,1.8595187664031982,0.06420829892158508,0.45751953125,-0.4960099756717682,11.983920097351074,6.984315395355225,0.0004413326592121166,0.0014910299075947414,-0.09592583601774375,16.29043388277351
45088768,-0.013353431597352028,-8.911345481872559,-8.897992050275207,-0.1459575891494751,-1.8036361932754517,3.4004058837890625,-0.061291974037885666,-0.021670188754796982,1.7965452671051025,0.05929877981543541,0.475341796875,-0.1459575891494751,11.726950645446777,4.432409763336182,0.0004411530366401947,0.0014904230578155007,-0.09603206617944668,16.29043388277351
45219840,0.0006502782925963402,-7.61544942855835,-7.616099706850946,0.01955994963645935,-1.7925137281417847,3.302889108657837,-0.06012474372982979,-0.02171517349779606,1.8002747297286987,0.06197541207075119,0.4755859375,0.01955994963645935,11.153682708740234,5.236741065979004,0.00044097341406827283,0.00148981620803626,-0.0961382963411496,16.29043388277351
45350912,0.0013313174713402987,-6.60203742980957,-6.603368747280911,-0.032466597855091095,-1.7907238006591797,3.3520328998565674,-0.06326426565647125,-0.02136882394552231,1.7715609073638916,0.04773510992527008,0.438232421875,-0.032466597855091095,11.399272918701172,6.0389509201049805,0.0004407937914963509,0.0014892093582570191,-0.09624452650285253,16.29043388277351
45481984,0.0020974413491785526,-6.021409511566162,-6.023506952915341,-0.4637046158313751,-1.7883641719818115,3.31868314743042,-0.05748068541288376,-0.020689615979790688,1.7152518033981323,0.06246722862124443,0.451416015625,-0.4637046158313751,11.437886238098145,8.624834060668945,0.000440614168924429,0.0014886025084777782,-0.09635075666455546,16.29043388277351
45613056,-0.0016708048060536385,-6.438383102416992,-6.4367122976109385,-0.2976069748401642,-1.7872645854949951,2.947841167449951,-0.061133213341236115,-0.02148387022316456,1.7810986042022705,0.06359437853097916,0.470703125,-0.2976069748401642,11.192242622375488,7.6587982177734375,0.0004404345463525071,0.0014879956586985375,-0.09645698682625839,16.29043388277351
45744128,0.002172078937292099,-6.030002593994141,-6.032174672931433,-0.1543295532464981,-1.7753517627716064,3.093433380126953,-0.06412625312805176,-0.021614842116832733,1.7919567823410034,0.04839649051427841,0.45068359375,-0.1543295532464981,11.274009704589844,12.766515731811523,0.0004402549237805852,0.0014873888089192966,-0.09656321698796132,16.29043388277351
45875200,-0.0014992207288742065,-6.66269588470459,-6.661196663975716,-0.6858903169631958,-1.7709065675735474,3.296502113342285,-0.05426567792892456,-0.02135547250509262,1.7704540491104126,0.05816219002008438,0.455078125,-0.6858903169631958,11.081138610839844,10.244583129882812,0.00044007530120866327,0.0014867819591400557,-0.09666944714966424,16.29043388277351
46006272,-0.00219847378320992,-6.403496742248535,-6.401298268465325,-0.17205235362052917,-1.772965908050537,3.108982563018799,-0.06350316852331161,-0.02113606035709381,1.7522639036178589,0.04466112703084946,0.447021484375,-0.17205235362052917,11.44786262512207,6.796692371368408,0.00043989567863674135,0.0014861751093608148,-0.09677567731136717,16.29043388277351
46137344,0.002110134344547987,-5.05215311050415,-5.054263244848698,-0.4396626353263855,-1.7721798419952393,3.2772388458251953,-0.05734645947813988,-0.02094728872179985,1.7366138696670532,0.041699863970279694,0.422607421875,-0.4396626353263855,11.781829833984375,6.583357810974121,0.00043971605606481944,0.001485568259581574,-0.0968819074730701,16.29043388277351
46268416,0.004126797895878553,-4.97871208190918,-4.982838879805058,-0.25079068541526794,-1.7528624534606934,2.914181709289551,-0.058958619832992554,-0.020424239337444305,1.6932510137557983,0.05577171593904495,0.47998046875,-0.25079068541526794,11.71907901763916,8.277700424194336,0.00043953643349289753,0.001484961409802333,-0.09698813763477303,16.29043388277351
46399488,0.0016899516340345144,-5.547370433807373,-5.549060385441408,-0.5544060468673706,-1.7632486820220947,2.9784324169158936,-0.058565009385347366,-0.02100089192390442,1.7410578727722168,0.0429958812892437,0.4296875,-0.5544060468673706,11.26036548614502,8.888448715209961,0.0004393568109209756,0.0014843545600230921,-0.09709436779647596,16.29043388277351
46530560,-0.008207942359149456,-5.4755353927612305,-5.467327450402081,-0.7869938015937805,-1.7843010425567627,3.6393609046936035,-0.06234006583690643,-0.021049369126558304,1.7450767755508423,0.041258521378040314,0.3974609375,-0.7869938015937805,11.069073677062988,31.407493591308594,0.0004391771883490537,0.0014837477102438512,-0.09720059795817888,16.29043388277351
46661632,-0.00119831133633852,-2.103187084197998,-2.1019887728616595,-1.2428110837936401,-1.7673143148422241,2.9636383056640625,-0.062238145619630814,-0.02158758044242859,1.7896966934204102,0.05396261066198349,0.447509765625,-1.2428110837936401,10.92267894744873,4.336652755737305,0.0004389975657771318,0.0014831408604646104,-0.09730682811988181,16.29043388277351
46792704,0.006402306258678436,-2.5260910987854004,-2.532493405044079,-0.8967874050140381,-1.7594516277313232,3.070918083190918,-0.05811622738838196,-0.02043721452355385,1.6943269968032837,0.05602423474192619,0.46728515625,-0.8967874050140381,10.961880683898926,20.377225875854492,0.0004388179432052099,0.0014825340106853695,-0.09741305828158474,16.29043388277351
46923776,0.005335311871021986,-3.0524396896362305,-3.0577750015072525,-1.0499500036239624,-1.766695499420166,3.1506097316741943,-0.06055038422346115,-0.021891802549362183,1.814917802810669,0.0490829274058342,0.46533203125,-1.0499500036239624,11.312335968017578,6.889668941497803,0.00043863832063328797,0.0014819271609061286,-0.09751928844328767,16.29043388277351
47054848,-0.002534728031605482,-3.8459396362304688,-3.8434049081988633,-1.1156749725341797,-1.7853167057037354,2.8881375789642334,-0.05848408117890358,-0.022452645003795624,1.8614141941070557,0.061713337898254395,0.457275390625,-1.1156749725341797,10.656318664550781,4.5807294845581055,0.00043845869806136606,0.0014813203111268877,-0.0976255186049906,16.29043388277351
47185920,-0.0029795533046126366,-4.661118507385254,-4.658138954080641,-0.7071284651756287,-1.804070234298706,2.810074806213379,-0.06073039397597313,-0.022089892998337746,1.8313403129577637,0.06231442093849182,0.48388671875,-0.7071284651756287,11.103381156921387,4.86945104598999,0.00043827907548944415,0.0014807134613476468,-0.09773174876669351,16.29043388277351
47316992,0.003930677659809589,-4.80006742477417,-4.8039981024339795,-0.16052375733852386,-1.8041446208953857,2.9980907440185547,-0.06175308674573898,-0.02149200811982155,1.781773328781128,0.044785868376493454,0.460205078125,-0.16052375733852386,11.1194486618042,11.628339767456055,0.00043809945291752223,0.0014801066115684059,-0.09783797892839645,16.29043388277351
47448064,-0.06515680998563766,-4.703137397766113,-4.637980587780476,-3.025458812713623,-1.7878878116607666,3.611663818359375,-0.050783026963472366,-0.021676205098628998,1.797044038772583,0.04632246866822243,0.43896484375,-3.025458812713623,12.178985595703125,5.955621719360352,0.0004379198303456003,0.001479499761789165,-0.09794420909009936,16.29043388277351
47579136,-0.01924264058470726,-6.92211389541626,-6.9028712548315525,-0.4505521059036255,-1.7989990711212158,3.6568403244018555,-0.05497108772397041,-0.022200781852006912,1.8405334949493408,0.07237405329942703,0.48193359375,-0.4505521059036255,11.744102478027344,7.527088642120361,0.0004377402077736784,0.001478892912009924,-0.0980504392518023,16.29043388277351
47710208,-0.013578284531831741,-7.092388153076172,-7.07880986854434,-0.12963277101516724,-1.8294713497161865,3.290036916732788,-0.061924420297145844,-0.02260012738406658,1.873640775680542,0.05990252271294594,0.46142578125,-0.12963277101516724,10.997047424316406,22.080610275268555,0.0004375605852017565,0.0014782860622306832,-0.09815666941350522,16.29043388277351
47841280,-0.006123571190983057,-5.198530197143555,-5.192406625952572,-0.3623585104942322,-1.8388805389404297,3.0386180877685547,-0.06162470579147339,-0.022161860018968582,1.8373069763183594,0.05135314166545868,0.468017578125,-0.3623585104942322,10.570390701293945,9.2493314743042,0.0004373809626298346,0.0014776792124514423,-0.09826289957520816,16.29043388277351
47972352,0.003006848506629467,-5.279627799987793,-5.282634648494422,-0.4049338102340698,-1.8182742595672607,3.2604832649230957,-0.05885865539312363,-0.021661432459950447,1.7958192825317383,0.052280243486166,0.449462890625,-0.4049338102340698,10.847715377807617,19.465696334838867,0.0004372013400579127,0.0014770723626722014,-0.09836912973691107,16.29043388277351
48103424,-0.0016847625374794006,-4.770608901977539,-4.76892413944006,-0.16274476051330566,-1.813997507095337,3.134573459625244,-0.0581883043050766,-0.021717172116041183,1.8004404306411743,0.05393953621387482,0.4541015625,-0.16274476051330566,10.636763572692871,8.571830749511719,0.00043702171748599076,0.0014764655128929605,-0.09847535989861401,16.29043388277351
48234496,0.002293770667165518,-3.8541321754455566,-3.856425946112722,-0.45826101303100586,-1.8181458711624146,5.0917582511901855,-0.05982991307973862,-0.022025004029273987,1.8259608745574951,0.047198161482810974,0.38916015625,-0.45826101303100586,11.221894264221191,15.682600021362305,0.00043684209491406885,0.0014758586631137196,-0.09858159006031693,16.29043388277351
48365568,0.006227399688214064,-5.494396209716797,-5.500623609405011,-0.14074116945266724,-1.827438235282898,4.558737277984619,-0.0566629022359848,-0.02251703292131424,1.8667521476745605,0.04179542884230614,0.357177734375,-0.14074116945266724,10.90159797668457,13.443306922912598,0.00043666247234214694,0.0014752518133344787,-0.09868782022201987,16.29043388277351
48496640,-0.008721810765564442,-6.605917930603027,-6.597196119837463,-0.1052427813410759,-1.8288401365280151,3.3922295570373535,-0.05957840383052826,-0.022416073828935623,1.858382225036621,0.041487500071525574,0.412353515625,-0.1052427813410759,10.976509094238281,11.74726390838623,0.000436482849770225,0.0014746449635552378,-0.09879405038372278,16.29043388277351
48627712,-0.005137311294674873,-6.9387969970703125,-6.933659685775638,-0.2780335545539856,-1.8146101236343384,3.016085147857666,-0.06179016828536987,-0.02130706235766411,1.7664406299591064,0.06240882724523544,0.47705078125,-0.2780335545539856,10.473746299743652,11.652567863464355,0.0004363032271983031,0.0014740381137759969,-0.09890028054542573,16.29043388277351
48758784,0.0015943758189678192,-6.2430267333984375,-6.244621109217405,0.09474983811378479,-1.7843257188796997,3.050297260284424,-0.06419134885072708,-0.021514490246772766,1.7836371660232544,0.050881415605545044,0.479736328125,0.09474983811378479,11.061232566833496,6.798825263977051,0.0004361236046263812,0.001473431263996756,-0.09900651070712864,16.29043388277351
48889856,0.004047810100018978,-5.76497745513916,-5.769025265239179,0.017577264457941055,-1.7874581813812256,2.989408254623413,-0.06010167673230171,-0.021530238911509514,1.784942865371704,0.05130189657211304,0.47412109375,0.017577264457941055,10.972573280334473,14.9237699508667,0.0004359439820544593,0.001472824414217515,-0.09911274086883158,16.29043388277351
49020928,0.003923450596630573,-5.405134201049805,-5.409057651646435,-0.45481303334236145,-1.786234736442566,3.2153518199920654,-0.0618114210665226,-0.022307993844151497,1.8494219779968262,0.06198352575302124,0.46533203125,-0.45481303334236145,11.323186874389648,5.8818278312683105,0.0004357643594825374,0.0014722175644382742,-0.0992189710305345,16.29043388277351
49152000,-0.0010097580961883068,-5.426226615905762,-5.425216857809573,-0.47082436084747314,-1.7893431186676025,2.989612579345703,-0.06277476251125336,-0.021593134850263596,1.7901571989059448,0.04984649270772934,0.447998046875,-0.47082436084747314,11.232381820678711,7.552744388580322,0.0004355847369106155,0.0014716107146590335,-0.09932520119223744,16.29043388277351
49283072,0.007565926760435104,-5.573092937469482,-5.5806588642299175,-0.43823501467704773,-1.7852628231048584,3.181514263153076,-0.05999190732836723,-0.02089698240160942,1.7324435710906982,0.06244079768657684,0.48046875,-0.43823501467704773,10.739550590515137,4.302216529846191,0.0004354051143386936,0.0014710038648797926,-0.09943143135394035,16.29043388277351
49414144,-0.000891377218067646,-4.955391883850098,-4.95450050663203,-0.4310420751571655,-1.7807815074920654,3.294800043106079,-0.06283412128686905,-0.021598460152745247,1.790598750114441,0.050712622702121735,0.451171875,-0.4310420751571655,11.365391731262207,11.12064266204834,0.0004352254917667717,0.001470397015100552,-0.09953766151564329,16.29043388277351
49545216,-0.004313587211072445,-4.082198143005371,-4.077884555794299,-1.0543794631958008,-1.7879854440689087,3.0759329795837402,-0.06357146054506302,-0.021565468981862068,1.7878634929656982,0.054261352866888046,0.45263671875,-1.0543794631958008,10.932979583740234,29.899751663208008,0.0004350458691948498,0.001469790165321311,-0.09964389167734622,16.29043388277351
49676288,-0.013832833617925644,-6.408898830413818,-6.395065996795893,-0.40779125690460205,-1.7927742004394531,2.939647674560547,-0.06370888650417328,-0.0221794955432415,1.8387688398361206,0.06566333770751953,0.47998046875,-0.40779125690460205,10.9527587890625,4.853579521179199,0.0004348662466229279,0.0014691833155420703,-0.09975012183904915,16.29043388277351
49807360,0.00997466966509819,-5.008512020111084,-5.018486689776182,0.005527697503566742,-1.761012315750122,3.2964024543762207,-0.06115570664405823,-0.021141760051250458,1.7527363300323486,0.060822222381830215,0.47509765625,0.005527697503566742,11.233464241027832,10.825667381286621,0.000434686624051006,0.0014685764657628294,-0.09985635200075207,16.29043388277351
49938432,0.00915693398565054,-4.018845081329346,-4.028002015314996,-0.6155644655227661,-1.7657721042633057,4.716806888580322,-0.05666542798280716,-0.020564522594213486,1.704881191253662,0.02703312411904335,0.323486328125,-0.6155644655227661,11.143458366394043,26.125078201293945,0.0004345070014790841,0.0014679696159835885,-0.099962582162455,16.29043388277351
50069504,-0.05489616096019745,-2.371730089187622,-2.3168339282274246,-3.572352886199951,-1.751850962638855,3.752502202987671,-0.05412130057811737,-0.022057898342609406,1.828688144683838,0.06021629273891449,0.465576171875,-3.572352886199951,12.17083740234375,4.997079372406006,0.0004343273789071622,0.0014673627662043476,-0.10006881232415793,16.29043388277351
50200576,-0.03263334929943085,-5.822965621948242,-5.790332272648811,-1.0952565670013428,-1.7595093250274658,3.1573033332824707,-0.05520196259021759,-0.021556954830884933,1.7871577739715576,0.07151170074939728,0.510498046875,-1.0952565670013428,11.13097095489502,5.342280387878418,0.00043414775633524033,0.001466755916425107,-0.10017504248586086,16.29043388277351
50331648,-0.017012113705277443,-6.627536773681641,-6.610524659976363,-0.6498857140541077,-1.7891196012496948,3.0649025440216064,-0.06544236093759537,-0.021475959569215775,1.7804428339004517,0.047331999987363815,0.462890625,-0.6498857140541077,11.024096488952637,8.516000747680664,0.0004339681337633184,0.001466149066645866,-0.10028127264756379,16.29043388277351
50462720,-0.005529235117137432,-6.679436683654785,-6.673907448537648,-0.2364075630903244,-1.7705496549606323,3.0531797409057617,-0.060620520263910294,-0.021329354494810104,1.7682886123657227,0.04815654456615448,0.459228515625,-0.2364075630903244,11.346037864685059,3.90861177444458,0.0004337885111913965,0.0014655422168666252,-0.10038750280926671,16.29043388277351
50593792,0.006312109995633364,-5.620644569396973,-5.626956679392606,-0.4148270785808563,-1.7668721675872803,3.112039566040039,-0.06227406486868858,-0.02105439081788063,1.7454932928085327,0.05796393007040024,0.45068359375,-0.4148270785808563,11.205992698669434,4.4851226806640625,0.0004336088886194746,0.0014649353670873843,-0.10049373297096964,16.29043388277351
50724864,0.0011523447465151548,-6.135220050811768,-6.136372395558283,0.09165585041046143,-1.7722766399383545,3.2309932708740234,-0.060790129005908966,-0.02139570750296116,1.773789644241333,0.04779447987675667,0.437744140625,0.09165585041046143,11.388461112976074,8.096436500549316,0.0004334292660475527,0.0014643285173081434,-0.10059996313267257,16.29043388277351
50855936,-0.004970118403434753,-5.295863628387451,-5.290893509984016,-0.6260327696800232,-1.7775611877441406,2.9188952445983887,-0.06244008615612984,-0.021564949303865433,1.78782057762146,0.06413698196411133,0.470947265625,-0.6260327696800232,11.262714385986328,7.165363788604736,0.00043324964347563077,0.0014637216675289025,-0.1007061932943755,16.29043388277351
50987008,0.007658946327865124,-4.458061695098877,-4.465720641426742,-0.5041453838348389,-1.771395206451416,3.226660966873169,-0.055679962038993835,-0.021825984120368958,1.8094613552093506,0.0442463755607605,0.445556640625,-0.5041453838348389,11.710240364074707,6.135587215423584,0.00043307002090370886,0.0014631148177496616,-0.10081242345607842,16.29043388277351
51118080,-0.004693022929131985,-4.5245747566223145,-4.5198817336931825,-0.85020911693573,-1.7764809131622314,2.9530348777770996,-0.05792564898729324,-0.021285520866513252,1.7646548748016357,0.04420659691095352,0.459716796875,-0.85020911693573,11.235416412353516,6.482916355133057,0.00043289039833178695,0.0014625079679704207,-0.10091865361778135,16.29043388277351
51249152,0.000591878779232502,-4.926736354827881,-4.927328233607113,-0.2859293818473816,-1.7830673456192017,3.4073896408081055,-0.05584297329187393,-0.021925002336502075,1.8176703453063965,0.06638486683368683,0.4892578125,-0.2859293818473816,11.50701904296875,15.133320808410645,0.00043271077575986503,0.0014619011181911798,-0.10102488377948428,16.29043388277351
51380224,0.0008279331959784031,-4.4314117431640625,-4.432239676360041,-0.5151007175445557,-1.7971049547195435,3.1911630630493164,-0.05724233016371727,-0.022082066163420677,1.8306915760040283,0.05448533222079277,0.459228515625,-0.5151007175445557,11.25868034362793,6.424081802368164,0.0004325311531879431,0.001461294268411939,-0.1011311139411872,16.29043388277351
51511296,0.0037470273673534393,-3.9256138801574707,-3.929360907524824,-0.4588210880756378,-1.8152365684509277,3.1318094730377197,-0.06396818161010742,-0.02172665484249592,1.8012263774871826,0.05247153341770172,0.454833984375,-0.4588210880756378,10.843954086303711,4.684645175933838,0.0004323515306160212,0.0014606874186326982,-0.10123734410289013,16.29043388277351
51642368,-0.0030480721034109592,-3.8953747749328613,-3.8923267028294504,-0.8337011337280273,-1.8000344038009644,3.158139705657959,-0.06060563027858734,-0.02145657315850258,1.778835654258728,0.053462788462638855,0.4794921875,-0.8337011337280273,10.463160514831543,12.653840065002441,0.0004321719080440993,0.0014600805688534573,-0.10134357426459308,16.29043388277351
51773440,0.009681235067546368,-4.331151008605957,-4.340832243673503,-0.5696013569831848,-1.8018286228179932,3.5807485580444336,-0.06408670544624329,-0.02094898372888565,1.7367544174194336,0.054929472506046295,0.452880859375,-0.5696013569831848,10.845258712768555,37.854957580566406,0.00043199228547217744,0.0014594737190742166,-0.10144980442629599,16.29043388277351
51904512,0.0037160543724894524,-7.181855201721191,-7.185571256093681,0.11975052952766418,-1.7798900604248047,2.969609022140503,-0.06077580153942108,-0.02139890566468239,1.774054765701294,0.04735966771841049,0.442138671875,0.11975052952766418,10.638550758361816,5.656954288482666,0.0004318126629002556,0.001458866869294976,-0.10155603458799893,16.29043388277351
52035584,-0.0006653014570474625,-7.075822830200195,-7.075157528743148,-0.3887478709220886,-1.7696646451950073,3.050051212310791,-0.05994589626789093,-0.020614856854081154,1.7090539932250977,0.04786550626158714,0.4736328125,-0.3887478709220886,10.65241813659668,4.494136810302734,0.00043163304032833367,0.001458260019515735,-0.10166226474970184,16.29043388277351
52166656,-0.0006137820892035961,-6.658636093139648,-6.658022311050445,-0.20033550262451172,-1.7727612257003784,3.0701212882995605,-0.057457856833934784,-0.02164532244205475,1.7944837808609009,0.05560004711151123,0.470703125,-0.20033550262451172,10.883233070373535,9.90676498413086,0.00043145341775641176,0.0014576531697364941,-0.10176849491140479,16.29043388277351
52297728,0.0009117494337260723,-6.363853454589844,-6.36476520402357,-0.19941216707229614,-1.7714593410491943,2.9937052726745605,-0.05869642272591591,-0.021926194429397583,1.817769169807434,0.05441123992204666,0.472412109375,-0.19941216707229614,11.08481216430664,16.168163299560547,0.00043127379518448984,0.0014570463199572532,-0.1018747250731077,16.29043388277351
52428800,-0.004371199756860733,-5.450705528259277,-5.446334328502417,-0.36670583486557007,-1.794944405555725,3.0437912940979004,-0.06258965283632278,-0.021575309336185455,1.7886793613433838,0.058125488460063934,0.459228515625,-0.36670583486557007,10.9874906539917,15.065108299255371,0.00043109417261256793,0.0014564394701780123,-0.10198095523481064,16.29043388277351
52559872,-0.0006116442382335663,-4.471566677093506,-4.470955032855272,-0.4648647904396057,-1.7864360809326172,2.975011110305786,-0.06370849162340164,-0.02111709490418434,1.7506916522979736,0.04724620282649994,0.454345703125,-0.4648647904396057,11.228355407714844,13.150461196899414,0.0004309145500406461,0.0014558326203987716,-0.10208718539651356,16.29043388277351
52690944,-0.06509651243686676,-5.139587879180908,-5.074491366744041,-2.679939031600952,-1.7825454473495483,3.772306442260742,-0.05413971096277237,-0.02152482606470585,1.784494161605835,0.050592582672834396,0.44287109375,-2.679939031600952,12.9550199508667,12.468472480773926,0.00043073492746872416,0.0014552257706195307,-0.1021934155582165,16.29043388277351
52822016,-0.024559317156672478,-7.568127632141113,-7.543568314984441,-0.24092747271060944,-1.790446400642395,3.582010269165039,-0.06102645769715309,-0.02181103080511093,1.8082218170166016,0.053666241466999054,0.48486328125,-0.24092747271060944,11.663143157958984,9.677658081054688,0.00043055530489680225,0.0014546189208402898,-0.10229964571991941,16.29043388277351
52953088,-0.004074993077665567,-6.821794509887695,-6.81771951681003,-0.11651216447353363,-1.7743998765945435,4.430190086364746,-0.06612727791070938,-0.020827490836381912,1.7266823053359985,0.04248267039656639,0.447265625,-0.11651216447353363,12.120667457580566,36.147857666015625,0.00043037568232488034,0.001454012071061049,-0.10240587588162234,16.29043388277351
53084160,-0.009767692536115646,-4.313356399536133,-4.303588707000017,-1.0110721588134766,-1.775864839553833,5.996068954467773,-0.062084197998046875,-0.021740514785051346,1.8023755550384521,0.03393593057990074,0.384765625,-1.0110721588134766,11.309195518493652,35.00239944458008,0.0004301960597529584,0.001453405221281808,-0.10251210604332525,16.29043388277351
53215232,0.0009929053485393524,-9.465471267700195,-9.466464173048735,0.562538743019104,-1.7643229961395264,3.47275447845459,-0.06036060303449631,-0.021356839686632156,1.7705672979354858,0.06019939109683037,0.489501953125,0.562538743019104,11.70999813079834,27.074893951416016,0.0004300164371810365,0.0014527983715025671,-0.1026183362050282,16.29043388277351
53346304,0.0029647836927324533,-7.626199722290039,-7.6291645059827715,0.3436596095561981,-1.8028590679168701,3.8194289207458496,-0.06363895535469055,-0.021956870332360268,1.820312261581421,0.05011729151010513,0.408203125,0.3436596095561981,11.875618934631348,16.306737899780273,0.0004298368146091146,0.0014521915217233262,-0.10272456636673111,16.29043388277351
53477376,-0.0002322392538189888,-5.410318374633789,-5.41008613537997,-0.6734881401062012,-1.8127503395080566,3.1171553134918213,-0.06335730105638504,-0.02208348922431469,1.830809473991394,0.04342202469706535,0.46728515625,-0.6734881401062012,11.069620132446289,6.046829700469971,0.0004296571920371927,0.0014515846719440853,-0.10283079652843405,16.29043388277351
53608448,-0.012008404359221458,-6.073453903198242,-6.061445498839021,-0.3494107127189636,-1.8105125427246094,3.3119778633117676,-0.056127313524484634,-0.021641479805111885,1.7941651344299316,0.055221617221832275,0.435546875,-0.3494107127189636,11.995308876037598,21.316604614257812,0.0004294775694652708,0.0014509778221648444,-0.10293702669013696,16.29043388277351
53739520,-0.000741269439458847,-4.107704162597656,-4.106962893158197,-1.0292267799377441,-1.8247895240783691,3.2145426273345947,-0.05932319909334183,-0.02157762087881565,1.7888710498809814,0.051100801676511765,0.473876953125,-1.0292267799377441,11.60529613494873,10.502287864685059,0.00042929794689334887,0.0014503709723856035,-0.1030432568518399,16.29043388277351
53870592,-0.002999328076839447,-4.771723747253418,-4.7687244191765785,-0.4818682372570038,-1.8348385095596313,3.213017225265503,-0.06245662644505501,-0.021816311404109,1.8086594343185425,0.06038760766386986,0.465576171875,-0.4818682372570038,11.417526245117188,8.801791191101074,0.000429118324321427,0.0014497641226063629,-0.10314948701354282,16.29043388277351
54001664,0.009728941135108471,-3.9020583629608154,-3.911787304095924,-0.3588941991329193,-1.848976731300354,3.199908971786499,-0.060560114681720734,-0.02164057269692421,1.7940900325775146,0.061733029782772064,0.46875,-0.3588941991329193,11.02319049835205,6.022757530212402,0.0004289387017495051,0.001449157272827122,-0.10325571717524576,16.29043388277351
54132736,0.006159694399684668,-2.9968557357788086,-3.0030154301784933,-0.6642946004867554,-1.8153644800186157,2.9735381603240967,-0.060052599757909775,-0.02180347591638565,1.8075953722000122,0.05811425670981407,0.46630859375,-0.6642946004867554,11.166047096252441,5.874748229980469,0.00042875907917758324,0.0014485504230478813,-0.10336194733694869,16.29043388277351
54263808,0.004896700382232666,-3.3177573680877686,-3.322654068470001,-0.4671356678009033,-1.8385436534881592,3.1898319721221924,-0.05704169347882271,-0.02270146831870079,1.882042407989502,0.0633549690246582,0.4658203125,-0.4671356678009033,11.177740097045898,4.685915470123291,0.0004285794566056613,0.0014479435732686404,-0.10346817749865161,16.29043388277351
54394880,0.0020190607756376266,-3.36008882522583,-3.3621078860014677,-0.9744664430618286,-1.8607147932052612,3.239999771118164,-0.05966973677277565,-0.021998103708028793,1.823730707168579,0.053271837532520294,0.43505859375,-0.9744664430618286,11.275590896606445,8.427963256835938,0.0004283998340337394,0.0014473367234893995,-0.10357440766035454,16.29043388277351
54525952,0.0057659754529595375,-3.871189594268799,-3.8769555697217584,-0.584856390953064,-1.8415749073028564,3.1714563369750977,-0.05945238098502159,-0.022324426099658012,1.850784182548523,0.045589737594127655,0.4580078125,-0.584856390953064,11.0584077835083,17.240142822265625,0.0004282202114618175,0.0014467298737101588,-0.10368063782205747,16.29043388277351
54657024,-0.007274032570421696,-3.8428826332092285,-3.835608600638807,-0.9482853412628174,-1.8520370721817017,2.9198412895202637,-0.06036951020359993,-0.022999092936515808,1.9067165851593018,0.06053940951824188,0.46923828125,-0.9482853412628174,10.828104972839355,9.217611312866211,0.00042804058888989564,0.0014461230239309181,-0.1037868679837604,16.29043388277351
54788096,-0.003043734235689044,-4.347477912902832,-4.344434178667143,-0.7917925715446472,-1.8449323177337646,3.210139274597168,-0.05471068620681763,-0.021893585100769997,1.815065860748291,0.05015771836042404,0.455810546875,-0.7917925715446472,10.741867065429688,5.6382951736450195,0.00042786096631797373,0.0014455161741516772,-0.10389309814546333,16.29043388277351
54919168,-0.004539639223366976,-5.581043243408203,-5.576503604184836,-0.6753058433532715,-1.810014009475708,2.9811506271362305,-0.058110885322093964,-0.021512582898139954,1.7834792137145996,0.04690151661634445,0.420654296875,-0.6753058433532715,11.000066757202148,14.253470420837402,0.0004276813437460518,0.0014449093243724363,-0.10399932830716625,16.29043388277351
55050240,0.0032714572735130787,-5.736301898956299,-5.739573356229812,-0.7148514986038208,-1.8054109811782837,3.1933631896972656,-0.05563708394765854,-0.022194284945726395,1.8399949073791504,0.06658608466386795,0.45849609375,-0.7148514986038208,11.229440689086914,10.328548431396484,0.0004275017211741299,0.0014443024745931954,-0.10410555846886918,16.29043388277351
55181312,-0.001739568542689085,-5.892353057861328,-5.890613489318639,-0.3291124403476715,-1.8192169666290283,3.177304744720459,-0.056891415268182755,-0.021498285233974457,1.7822937965393066,0.04659891873598099,0.45068359375,-0.3291124403476715,11.218268394470215,6.068427085876465,0.000427322098602208,0.0014436956248139545,-0.10421178863057211,16.29043388277351
55312384,-0.06468097865581512,-3.0584897994995117,-2.9938088208436966,-3.0971646308898926,-1.8065128326416016,4.661332130432129,-0.05113091319799423,-0.022002020850777626,1.824055552482605,0.02451298199594021,0.28515625,-3.0971646308898926,12.19896125793457,44.111602783203125,0.0004271424760302861,0.0014430887750347136,-0.10431801879227504,16.29043388277351
55443456,-0.02332363836467266,-3.6351137161254883,-3.6117900777608156,-1.3046504259109497,-1.8138206005096436,3.4140467643737793,-0.05758247524499893,-0.021208154037594795,1.758240818977356,0.0549984835088253,0.461181640625,-1.3046504259109497,11.413960456848145,9.339838027954102,0.00042696285345836417,0.0014424819252554727,-0.10442424895397796,16.29043388277351
55574528,-0.01075295265763998,-5.008055210113525,-4.997302257455885,-0.994432806968689,-1.793248176574707,3.0088982582092285,-0.05879399925470352,-0.021239781752228737,1.7608627080917358,0.057136181741952896,0.453125,-0.994432806968689,10.956534385681152,12.213295936584473,0.00042678323088644226,0.0014418750754762318,-0.10453047911568089,16.29043388277351
55705600,-0.003257550299167633,-6.435842037200928,-6.43258448690176,-0.48509055376052856,-1.7785148620605469,3.3236546516418457,-0.05858460068702698,-0.02137499675154686,1.7720727920532227,0.058882322162389755,0.45068359375,-0.48509055376052856,11.43789005279541,19.85663414001465,0.00042660360831452035,0.001441268225696991,-0.10463670927738382,16.29043388277351
55836672,-0.002172221662476659,-5.286016464233398,-5.283844242570922,-0.6650681495666504,-1.8007893562316895,3.5132968425750732,-0.05133049935102463,-0.02173723094165325,1.8021032810211182,0.06279338151216507,0.457763671875,-0.6650681495666504,11.770390510559082,14.196656227111816,0.00042642398574259843,0.00144066137591775,-0.10474293943908675,16.29043388277351
55967744,-0.006715590134263039,-5.111023902893066,-5.104308312758803,-0.5262115597724915,-1.7994258403778076,3.0547609329223633,-0.06230178475379944,-0.021823182702064514,1.8092292547225952,0.05557422339916229,0.4599609375,-0.5262115597724915,11.508261680603027,4.52099084854126,0.0004262443631706766,0.0014400545261385094,-0.10484916960078967,16.29043388277351
56098816,0.004619373474270105,-5.071074485778809,-5.075693859253079,-0.5904024839401245,-1.7888673543930054,2.979900360107422,-0.06234171241521835,-0.02144695445895195,1.7780382633209229,0.049792028963565826,0.459716796875,-0.5904024839401245,11.807256698608398,9.992676734924316,0.00042606474059875466,0.0014394476763592685,-0.1049553997624926,16.29043388277351
56229888,0.002939616097137332,-5.075527667999268,-5.078467284096405,-0.6881398558616638,-1.7911310195922852,4.245047569274902,-0.05669175833463669,-0.021266305819153786,1.763061761856079,0.026269614696502686,0.3251953125,-0.6881398558616638,11.523542404174805,15.284339904785156,0.00042588511802683275,0.0014388408265800276,-0.10506162992419554,16.29043388277351
56360960,-0.008604470640420914,-5.444099426269531,-5.43549495562911,-0.9698861837387085,-1.7916769981384277,3.12058687210083,-0.059013787657022476,-0.02055973745882511,1.704484462738037,0.04990905523300171,0.43994140625,-0.9698861837387085,11.267852783203125,6.232172012329102,0.0004257054954549109,0.0014382339768007869,-0.10516786008589846,16.29043388277351
56492032,0.009613852016627789,-5.657737731933594,-5.6673515839502215,-0.469524621963501,-1.771195411682129,3.4745826721191406,-0.056069470942020416,-0.0215509831905365,1.7866628170013428,0.05629165843129158,0.46044921875,-0.469524621963501,12.083123207092285,12.357755661010742,0.000425525872882989,0.001437627127021546,-0.1052740902476014,16.29043388277351
56623104,-0.006121920421719551,-5.381855010986328,-5.375733090564609,-0.6980912685394287,-1.7506872415542603,3.0804080963134766,-0.06364396214485168,-0.021320490166544914,1.7675538063049316,0.06416358053684235,0.47021484375,-0.6980912685394287,11.547711372375488,9.912826538085938,0.00042534625031106707,0.001437020277242305,-0.10538032040930431,16.29043388277351
56754176,-0.0012100939638912678,-5.918731689453125,-5.917521595489234,-0.6291700601577759,-1.7471543550491333,3.321136474609375,-0.05879823863506317,-0.021626107394695282,1.7928907871246338,0.04617244005203247,0.457275390625,-0.6291700601577759,11.89904499053955,6.392693996429443,0.00042516662773914516,0.0014364134274630644,-0.10548655057100725,16.29043388277351
56885248,0.0025348858907818794,-5.3939056396484375,-5.396440525539219,-0.5843980312347412,-1.7821590900421143,3.338721513748169,-0.0641980916261673,-0.0214341189712286,1.7769742012023926,0.05311420559883118,0.466064453125,-0.5843980312347412,11.348673820495605,6.299208164215088,0.00042498700516722325,0.0014358065776838235,-0.10559278073271017,16.29043388277351
57016320,0.0011265059001743793,-6.301849365234375,-6.302975871134549,-0.560591459274292,-1.7480828762054443,3.603759765625,-0.05584566295146942,-0.02160155028104782,1.7908549308776855,0.05813390016555786,0.42333984375,-0.560591459274292,12.092425346374512,5.071964263916016,0.00042480738259530133,0.0014351997279045826,-0.10569901089441311,16.29043388277351
57147392,5.4367235861718655e-05,-4.86179256439209,-4.861846931627952,-0.7987675666809082,-1.7671358585357666,3.3687994480133057,-0.05932501703500748,-0.02161310240626335,1.7918124198913574,0.04563254490494728,0.4423828125,-0.7987675666809082,12.355618476867676,7.539430141448975,0.0004246277600233794,0.0014345928781253417,-0.10580524105611602,16.29043388277351
57278464,0.0045003825798630714,-5.001302719116211,-5.005803101696074,-0.6421723365783691,-1.7874256372451782,3.2724413871765137,-0.06181618571281433,-0.022680658847093582,1.880317211151123,0.06749791651964188,0.4599609375,-0.6421723365783691,11.705509185791016,12.080148696899414,0.0004244481374514575,0.0014339860283461008,-0.10591147121781896,16.29043388277351
57409536,-0.009072968736290932,-4.8449201583862305,-4.8358471896499395,-1.0287816524505615,-1.8117934465408325,3.18865966796875,-0.05994057655334473,-0.021645259112119675,1.794478416442871,0.05082282796502113,0.445068359375,-1.0287816524505615,11.641292572021484,4.508366107940674,0.0004242685148795356,0.00143337917856686,-0.10601770137952188,16.29043388277351
57540608,0.0048298584297299385,-4.368963241577148,-4.373793100006878,-0.5289649963378906,-1.7933590412139893,4.349376678466797,-0.05757017433643341,-0.02227731980383396,1.8468787670135498,0.0351092629134655,0.3720703125,-0.5289649963378906,12.057515144348145,44.464778900146484,0.0004240888923076137,0.0014327723287876192,-0.10612393154122482,16.29043388277351
57671680,0.009340966120362282,0.027697265148162842,0.01835629902780056,-1.387340784072876,-1.8063695430755615,3.3723535537719727,-0.060742974281311035,-0.021926192566752434,1.8177690505981445,0.053158823400735855,0.458984375,-1.387340784072876,11.87343692779541,16.763425827026367,0.0004239092697356918,0.0014321654790083783,-0.10623016170292773,16.29043388277351
57802752,0.0004074792377650738,-1.053945779800415,-1.0543532590381801,-1.7201963663101196,-1.8187187910079956,3.251248836517334,-0.06123075634241104,-0.021612461656332016,1.7917594909667969,0.05302278324961662,0.4619140625,-1.7201963663101196,11.023653984069824,6.365196228027344,0.00042372964716376986,0.0014315586292291374,-0.10633639186463067,16.29043388277351
57933824,-0.0517180934548378,-1.467199444770813,-1.4154813513159752,-3.397677421569824,-1.8172671794891357,3.7956435680389404,-0.06244931370019913,-0.0225164033472538,1.8666999340057373,0.058589741587638855,0.458251953125,-3.397677421569824,12.596686363220215,39.409488677978516,0.00042355002459184795,0.0014309517794498965,-0.10644262202633359,16.29043388277351
58064896,-0.026324547827243805,-3.718252182006836,-3.691927634179592,-1.3396520614624023,-1.8579914569854736,2.9751555919647217,-0.061421096324920654,-0.022807961329817772,1.890871286392212,0.06351427733898163,0.481689453125,-1.3396520614624023,11.131393432617188,11.285980224609375,0.00042337040201992604,0.0014303449296706556,-0.10654885218803653,16.29043388277351
58195968,-0.009123299270868301,-4.420509338378906,-4.411386039108038,-0.887997567653656,-1.869274616241455,3.0724315643310547,-0.06115470454096794,-0.02260744571685791,1.874247670173645,0.057906121015548706,0.46435546875,-0.887997567653656,11.150463104248047,7.262138366699219,0.0004231907794480041,0.0014297380798914147,-0.10665508234973944,16.29043388277351
58327040,-0.0010867295786738396,-4.295611381530762,-4.294524651952088,-0.2942337691783905,-1.8950601816177368,3.1121039390563965,-0.06391936540603638,-0.022581983357667923,1.8721368312835693,0.06462088972330093,0.48388671875,-0.2942337691783905,11.097338676452637,4.154788970947266,0.0004230111568760822,0.0014291312301121738,-0.10676131251144239,16.29043388277351
58458112,0.005332878790795803,-3.1204018592834473,-3.125734738074243,-0.7497453093528748,-1.8889497518539429,3.2613654136657715,-0.061185531318187714,-0.02238810807466507,1.8560636043548584,0.05193239822983742,0.419677734375,-0.7497453093528748,11.507355690002441,9.297284126281738,0.0004228315343041603,0.001428524380332933,-0.1068675426731453,16.29043388277351
58589184,-0.0007291501387953758,-3.439446449279785,-3.43871729914099,-0.5341436266899109,-1.8891550302505493,3.1447253227233887,-0.06374388933181763,-0.022675368934869766,1.8798787593841553,0.04916157200932503,0.4541015625,-0.5341436266899109,11.082600593566895,9.185563087463379,0.0004226519117322384,0.001427917530553692,-0.10697377283484824,16.29043388277351
58720256,0.001566882012411952,-3.2681045532226562,-3.269671435235068,-0.8705775141716003,-1.880772352218628,3.339794158935547,-0.0567881315946579,-0.021884940564632416,1.8143489360809326,0.04472040757536888,0.43896484375,-0.8705775141716003,11.153864860534668,5.629964828491211,0.0004224722891603165,0.0014273106807744513,-0.10708000299655115,16.29043388277351
58851328,-0.002095610136166215,-4.1963396072387695,-4.194243997102603,-0.4287964105606079,-1.8587924242019653,3.223972797393799,-0.05224476754665375,-0.022850414738059044,1.8943908214569092,0.05158402770757675,0.472900390625,-0.4287964105606079,11.49485969543457,5.504933834075928,0.00042229266658839456,0.0014267038309952104,-0.10718623315825408,16.29043388277351
58982400,0.004946700297296047,-2.9336795806884766,-2.9386262809857726,-0.41659054160118103,-1.8647862672805786,3.1628570556640625,-0.0623699352145195,-0.022289004176855087,1.8478474617004395,0.05286172777414322,0.44091796875,-0.41659054160118103,11.902135848999023,22.214147567749023,0.00042211304401647265,0.0014260969812159695,-0.10729246331995701,16.29043388277351
59113472,0.004161689430475235,-3.2761473655700684,-3.2803090550005436,-1.0118849277496338,-1.8731224536895752,4.455770015716553,-0.06444616615772247,-0.02217867039144039,1.8387004137039185,0.028179215267300606,0.356201171875,-1.0118849277496338,11.570767402648926,13.675698280334473,0.00042193342144455074,0.0014254901314367286,-0.10739869348165994,16.29043388277351
59244544,-0.006671067792922258,-2.976019859313965,-2.9693487915210426,-0.6962029933929443,-1.8719632625579834,3.769209623336792,-0.05431666225194931,-0.021846625953912735,1.8111727237701416,0.035978421568870544,0.353515625,-0.6962029933929443,11.917011260986328,11.17697525024414,0.00042175379887262883,0.0014248832816574877,-0.10750492364336287,16.29043388277351
59375616,0.007899581454694271,-4.198148727416992,-4.2060483088716865,-0.8151023387908936,-1.8644657135009766,3.203580617904663,-0.06321556866168976,-0.022072138264775276,1.8298685550689697,0.05795815587043762,0.464111328125,-0.8151023387908936,11.491795539855957,15.509358406066895,0.0004215741763007069,0.0014242764318782469,-0.10761115380506579,16.29043388277351
59506688,-0.002451853360980749,-5.213993072509766,-5.211541219148785,-0.303391695022583,-1.8443076610565186,3.332327365875244,-0.06592942774295807,-0.022216156125068665,1.8418080806732178,0.05883152782917023,0.458251953125,-0.303391695022583,11.648568153381348,6.525692939758301,0.000421394553728785,0.001423669582099006,-0.10771738396676872,16.29043388277351
59637760,-0.012966325506567955,-4.630753040313721,-4.617786714807153,-0.915413498878479,-1.8459818363189697,3.121110439300537,-0.060628876090049744,-0.022030111402273178,1.826384425163269,0.05434049293398857,0.44580078125,-0.915413498878479,11.696513175964355,6.631885051727295,0.0004212149311568631,0.001423062732319765,-0.10782361412847165,16.29043388277351
59768832,-0.002358286641538143,-5.249049663543701,-5.246691376902163,-0.5878547430038452,-1.8386807441711426,3.2596423625946045,-0.0605941116809845,-0.02214794233441353,1.8361527919769287,0.052238013595342636,0.44189453125,-0.5878547430038452,11.469072341918945,6.077926158905029,0.0004210353085849412,0.0014224558825405242,-0.10792984429017458,16.29043388277351
59899904,0.0037466390058398247,-4.842535018920898,-4.846281657926738,-0.45206522941589355,-1.8344693183898926,3.3371825218200684,-0.062413282692432404,-0.021382099017500877,1.7726614475250244,0.055414870381355286,0.446533203125,-0.45206522941589355,11.745027542114258,6.638319969177246,0.00042085568601301927,0.0014218490327612833,-0.1080360744518775,16.29043388277351
60030976,-0.00040018465369939804,-4.1872639656066895,-4.18686378095299,-1.0007506608963013,-1.8104557991027832,3.200075626373291,-0.06384783983230591,-0.021717693656682968,1.8004837036132812,0.05528827756643295,0.472412109375,-1.0007506608963013,11.65566349029541,11.636874198913574,0.00042067606344109736,0.0014212421829820424,-0.10814230461358043,16.29043388277351
60162048,-0.0013251001946628094,-4.358882904052734,-4.357557803858072,-0.8392871618270874,-1.8100485801696777,3.1252057552337646,-0.06132736802101135,-0.021570872515439987,1.7883116006851196,0.04471976310014725,0.462890625,-0.8392871618270874,11.618938446044922,8.367091178894043,0.00042049644086917544,0.0014206353332028015,-0.10824853477528336,16.29043388277351
60293120,0.005337660200893879,-3.5988171100616455,-3.6041547702625394,-0.4971463978290558,-1.7925211191177368,3.325629711151123,-0.05879887193441391,-0.02143157459795475,1.7767632007598877,0.04876485839486122,0.447509765625,-0.4971463978290558,11.897217750549316,4.432933330535889,0.00042031681829725353,0.0014200284834235608,-0.10835476493698629,16.29043388277351
60424192,0.010953840799629688,-2.2514865398406982,-2.262440380640328,-1.1163049936294556,-1.7784422636032104,3.099060535430908,-0.056334078311920166,-0.02135971374809742,1.7708054780960083,0.052347101271152496,0.4541015625,-1.1163049936294556,11.36532974243164,4.436898231506348,0.0004201371957253316,0.0014194216336443199,-0.10846099509868921,16.29043388277351
60555264,-0.058846622705459595,-2.2274489402770996,-2.16860231757164,-3.019306182861328,-1.7914440631866455,5.161036968231201,-0.051489971578121185,-0.021345138549804688,1.7695972919464111,0.028030935674905777,0.318603515625,-3.019306182861328,12.335383415222168,32.77214050292969,0.00041995757315340976,0.0014188147838650792,-0.10856722526039214,16.29043388277351
60686336,-0.018914280459284782,-1.1327533721923828,-1.113839091733098,-1.7686350345611572,-1.8014652729034424,3.2511792182922363,-0.058776628226041794,-0.021598173305392265,1.7905749082565308,0.057940080761909485,0.47021484375,-1.7686350345611572,11.395334243774414,20.176456451416016,0.00041977795058148785,0.0014182079340858383,-0.10867345542209507,16.29043388277351
60817408,-0.014120077714323997,-2.465449333190918,-2.451329255476594,-1.5949336290359497,-1.77692449092865,2.9687905311584473,-0.06372204422950745,-0.021303068846464157,1.7661094665527344,0.04549126327037811,0.47119140625,-1.5949336290359497,11.256887435913086,17.483264923095703,0.00041959832800956594,0.0014176010843065974,-0.10877968558379801,16.29043388277351
60948480,-0.011865541338920593,-4.029985427856445,-4.018119886517525,-0.8912439942359924,-1.7642881870269775,3.3323209285736084,-0.06098947674036026,-0.020970432087779045,1.7385326623916626,0.0607844814658165,0.459228515625,-0.8912439942359924,11.313858032226562,5.439916610717773,0.000419418705437644,0.0014169942345273565,-0.10888591574550092,16.29043388277351
61079552,0.003913495689630508,-3.939497947692871,-3.9434114433825016,-0.4171605706214905,-1.7590267658233643,3.224240779876709,-0.0558970682322979,-0.021212130784988403,1.7585704326629639,0.055356837809085846,0.458740234375,-0.4171605706214905,11.457609176635742,10.133057594299316,0.0004192390828657221,0.0014163873847481156,-0.10899214590720387,16.29043388277351
61210624,0.0040156105533242226,-3.806084632873535,-3.8101002434268594,-0.8872051239013672,-1.7679712772369385,3.4619455337524414,-0.06426681578159332,-0.020698748528957367,1.7160089015960693,0.04915054142475128,0.454345703125,-0.8872051239013672,11.397183418273926,4.853096961975098,0.0004190594602938002,0.0014157805349688747,-0.10909837606890678,16.29043388277351
61341696,-0.007466175127774477,-5.5613603591918945,-5.55389418406412,-0.5282096266746521,-1.7529687881469727,3.3110148906707764,-0.06257021427154541,-0.021023400127887726,1.7429238557815552,0.050211675465106964,0.469970703125,-0.5282096266746521,11.428693771362305,11.290448188781738,0.0004188798377218783,0.0014151736851896338,-0.10920460623060972,16.29043388277351
61472768,0.005013087764382362,-4.127241134643555,-4.132254222407937,-0.5779496431350708,-1.7542076110839844,3.4524173736572266,-0.06362069398164749,-0.020966708660125732,1.7382241487503052,0.05019225552678108,0.438232421875,-0.5779496431350708,11.508968353271484,15.261929512023926,0.0004187002151499564,0.001414566835410393,-0.10931083639231264,16.29043388277351
61603840,0.006810625549405813,-4.001066207885742,-4.007876833435148,-0.6551176905632019,-1.7361111640930176,3.4111251831054688,-0.05918605625629425,-0.02077266201376915,1.7221367359161377,0.05881240963935852,0.453857421875,-0.6551176905632019,12.03221321105957,11.421192169189453,0.00041852059257803446,0.001413959985631152,-0.10941706655401558,16.29043388277351
61734912,0.0024556750431656837,-4.736976623535156,-4.739432298578322,-0.5027207136154175,-1.7351140975952148,3.26859450340271,-0.056787919253110886,-0.021701375022530556,1.7991306781768799,0.05698539316654205,0.4580078125,-0.5027207136154175,11.644604682922363,5.884760856628418,0.00041834097000611255,0.001413353135851911,-0.10952329671571849,16.29043388277351
61865984,-0.006185950245708227,-3.673703908920288,-3.66751795867458,-1.1168203353881836,-1.749755859375,3.3076820373535156,-0.05900350958108902,-0.02053491398692131,1.7024264335632324,0.05475383996963501,0.441162109375,-1.1168203353881836,11.798273086547852,7.687746524810791,0.00041816134743419064,0.0014127462860726702,-0.10962952687742143,16.29043388277351
61997056,-0.0026286295615136623,-5.0181121826171875,-5.015483553055674,-0.6050909757614136,-1.7405197620391846,3.344245433807373,-0.06360562145709991,-0.021437477320432663,1.7772526741027832,0.057265765964984894,0.470947265625,-0.6050909757614136,11.994426727294922,4.677824020385742,0.00041798172486226873,0.0014121394362934293,-0.10973575703912435,16.29043388277351
62128128,-0.0024077121634036303,-4.478507041931152,-4.476099329767749,-0.5334991216659546,-1.7287564277648926,3.493626117706299,-0.06491684168577194,-0.02111860178411007,1.7508165836334229,0.05531147122383118,0.438720703125,-0.5334991216659546,12.20150375366211,4.1863532066345215,0.00041780210229034687,0.0014115325865141886,-0.10984198720082729,16.29043388277351
62259200,0.0005828766152262688,-4.117432594299316,-4.118015470914543,-0.9209039211273193,-1.7387962341308594,3.7150986194610596,-0.057284701615571976,-0.021019715815782547,1.7426185607910156,0.05645281821489334,0.45361328125,-0.9209039211273193,12.260239601135254,11.843877792358398,0.00041762247971842496,0.0014109257367349477,-0.1099482173625302,16.29043388277351
62390272,0.001009264960885048,-4.530891418457031,-4.531900683417916,-0.8205325603485107,-1.7419795989990234,3.550673484802246,-0.06289595365524292,-0.020861629396677017,1.7295124530792236,0.05397799611091614,0.45166015625,-0.8205325603485107,12.11992073059082,8.649496078491211,0.00041744285714650305,0.0014103188869557068,-0.11005444752423314,16.29043388277351
62521344,0.001910937950015068,-4.394351005554199,-4.396261943504214,-0.33762794733047485,-1.7252277135849,3.2423229217529297,-0.062246598303318024,-0.02069169096648693,1.715423822402954,0.06530371308326721,0.44189453125,-0.33762794733047485,11.787988662719727,8.780624389648438,0.00041726323457458113,0.001409712037176466,-0.11016067768593606,16.29043388277351
62652416,0.005958393216133118,-3.406144618988037,-3.4121030122041702,-0.7215074300765991,-1.735459327697754,3.4255571365356445,-0.058154184371232986,-0.02122092805802822,1.7592997550964355,0.048831090331077576,0.457275390625,-0.7215074300765991,11.791000366210938,10.456438064575195,0.0004170836120026592,0.001409105187397225,-0.110266907847639,16.29043388277351
62783488,0.004623229615390301,-2.4398162364959717,-2.444439466111362,-0.5504522919654846,-1.7393357753753662,3.278402805328369,-0.06089497730135918,-0.021385207772254944,1.7729191780090332,0.05931980535387993,0.447509765625,-0.5504522919654846,11.623733520507812,15.425215721130371,0.0004169039894307373,0.0014084983376179841,-0.11037313800934191,16.29043388277351
62914560,-0.0039214640855789185,-2.5530805587768555,-2.5491590946912766,-0.9347177147865295,-1.7613534927368164,3.332500457763672,-0.057093821465969086,-0.021262597292661667,1.7627544403076172,0.05636843293905258,0.468505859375,-0.9347177147865295,11.283523559570312,13.328437805175781,0.0004167243668588154,0.0014078914878387432,-0.11047936817104485,16.29043388277351
63045632,0.005022162105888128,-1.1031582355499268,-1.1081803976558149,-0.7864543795585632,-1.7487860918045044,3.2847580909729004,-0.05786507576704025,-0.021902009844779968,1.8157641887664795,0.04847666621208191,0.442138671875,-0.7864543795585632,11.47039794921875,9.12743854522705,0.0004165447442868935,0.0014072846380595023,-0.11058559833274777,16.29043388277351
63176704,-0.05835938826203346,-0.141728937625885,-0.08336954936385155,-3.373072624206543,-1.7494840621948242,5.083876609802246,-0.060038384050130844,-0.021009307354688644,1.741755485534668,0.022478587925434113,0.3310546875,-3.373072624206543,11.598731994628906,15.65588092803955,0.00041636512171497157,0.0014066777882802614,-0.11069182849445071,16.29043388277351
63307776,-0.01659112609922886,-5.4823317527771,-5.465740626677871,-0.4627801775932312,-1.7474370002746582,3.103241443634033,-0.055677782744169235,-0.021308522671461105,1.7665616273880005,0.057795386761426926,0.498779296875,-0.4627801775932312,10.225021362304688,7.409017562866211,0.00041618549914304966,0.0014060709385010205,-0.11079805865615364,16.29043388277351
63438848,-0.005031149834394455,-5.875699996948242,-5.870668847113848,0.07741744816303253,-1.71903395652771,3.180720567703247,-0.06709959357976913,-0.02029009722173214,1.6821300983428955,0.05669165030121803,0.482666015625,0.07741744816303253,10.731892585754395,24.131877899169922,0.0004160058765711278,0.0014054640887217799,-0.11090428881785656,16.29043388277351
63569920,-0.009371457621455193,-7.968902587890625,-7.95953113026917,0.2756991684436798,-1.7154335975646973,3.2743234634399414,-0.06059298291802406,-0.020573928952217102,1.7056608200073242,0.06008325517177582,0.4931640625,0.2756991684436798,11.018070220947266,8.334312438964844,0.0004158262539992059,0.0014048572389425392,-0.11101051897955949,16.29043388277351
63700992,0.0023308044765144587,-6.768883228302002,-6.771214032778516,0.09104923158884048,-1.7219960689544678,3.1298532485961914,-0.06185862794518471,-0.02119862288236618,1.7574505805969238,0.06698834896087646,0.464599609375,0.09104923158884048,11.540886878967285,4.345374584197998,0.000415646631427284,0.0014042503891632983,-0.11111674914126242,16.29043388277351
63832064,-0.006692536175251007,-5.812938213348389,-5.806245677173138,-0.14575006067752838,-1.7516597509384155,3.6497907638549805,-0.0653587281703949,-0.021048326045274734,1.744990348815918,0.04801444709300995,0.441650390625,-0.14575006067752838,11.393636703491211,24.16331672668457,0.0004154670088553621,0.0014036435393840576,-0.11122297930296535,16.29043388277351
63963136,-0.004212584346532822,-3.233588457107544,-3.229375872761011,-0.6484895944595337,-1.7544100284576416,3.3377058506011963,-0.056676045060157776,-0.021662665531039238,1.7959216833114624,0.048054419457912445,0.4423828125,-0.6484895944595337,11.50839614868164,19.66014862060547,0.0004152873862834402,0.0014030366896048167,-0.11132920946466827,16.29043388277351
64094208,0.002823861548677087,-3.258922815322876,-3.261746676871553,-0.6487919092178345,-1.745139718055725,3.3770408630371094,-0.057537991553545,-0.02062852680683136,1.710187315940857,0.048645131289958954,0.459228515625,-0.6487919092178345,11.215856552124023,6.9388041496276855,0.0004151077637115183,0.0014024298398255758,-0.1114354396263712,16.29043388277351
64225280,0.004575617611408234,-3.897196054458618,-3.9017716720700264,-0.3673166036605835,-1.7548209428787231,3.37433123588562,-0.05965515598654747,-0.021167438477277756,1.7548654079437256,0.05140688270330429,0.468017578125,-0.3673166036605835,10.925134658813477,5.443552017211914,0.0004149281411395964,0.001401822990046335,-0.11154166978807413,16.29043388277351
64356352,-0.0007425611838698387,-3.050915241241455,-3.0501726800575852,-0.5741037726402283,-1.7685368061065674,3.432368040084839,-0.053933970630168915,-0.02141248993575573,1.7751810550689697,0.07679414749145508,0.449951171875,-0.5741037726402283,11.312932014465332,26.037817001342773,0.00041474851856767447,0.001401216140267094,-0.11164789994977706,16.29043388277351
64487424,0.0031415214762091637,-2.523772954940796,-2.526914476417005,-0.43068307638168335,-1.7447588443756104,3.1357336044311523,-0.06225583329796791,-0.02131141535937786,1.7668015956878662,0.07027717679738998,0.461669921875,-0.43068307638168335,10.952262878417969,7.632462978363037,0.00041456889599575256,0.001400609290487853,-0.11175413011147999,16.29043388277351
64618496,0.007714195642620325,-1.9507606029510498,-1.9584747985936701,-0.9348958730697632,-1.7710399627685547,3.020552158355713,-0.05987129360437393,-0.021149752661585808,1.7533988952636719,0.04975876957178116,0.42822265625,-0.9348958730697632,10.671926498413086,5.506206512451172,0.00041438927342383065,0.0014000024407086122,-0.1118603602731829,16.29043388277351
64749568,-0.0038350482936948538,-3.5547289848327637,-3.550893936539069,-0.8456408977508545,-1.7553420066833496,3.314157485961914,-0.05434124916791916,-0.021622121334075928,1.792560338973999,0.059958621859550476,0.44970703125,-0.8456408977508545,10.909924507141113,11.999032020568848,0.00041420965085190874,0.0013993955909293713,-0.11196659043488583,16.29043388277351
64880640,-0.0011787364492192864,-3.243920087814331,-3.2427413513651118,-0.5354164242744446,-1.7661516666412354,3.353684425354004,-0.06313642859458923,-0.0212383009493351,1.760740041732788,0.04719109088182449,0.430908203125,-0.5354164242744446,11.227649688720703,7.724839687347412,0.0004140300282799868,0.0013987887411501304,-0.11207282059658875,16.29043388277351
65011712,-0.009675668552517891,-4.3158111572265625,-4.306135488674045,-0.9561113119125366,-1.775856852531433,3.2582147121429443,-0.06727224588394165,-0.0206677857786417,1.713442087173462,0.04919469356536865,0.454345703125,-0.9561113119125366,11.15967845916748,13.779908180236816,0.00041385040570806497,0.0013981818913708897,-0.11217905075829168,16.29043388277351
65142784,-0.005643292795866728,-3.901137351989746,-3.8954940591938794,-0.19690990447998047,-1.7552073001861572,3.4575793743133545,-0.061048924922943115,-0.022359054535627365,1.8536549806594849,0.05701581761240959,0.443603515625,-0.19690990447998047,10.835864067077637,12.822494506835938,0.00041367078313614305,0.0013975750415916488,-0.11228528091999461,16.29043388277351
65273856,0.0002494936343282461,-3.661206007003784,-3.6614555006381124,-0.8280691504478455,-1.7762887477874756,4.349617958068848,-0.057104095816612244,-0.02117186039686203,1.7552318572998047,0.02653784304857254,0.31103515625,-0.8280691504478455,10.993000984191895,38.12479782104492,0.0004134911605642212,0.0013969681918124081,-0.11239151108169754,16.29043388277351
65404928,-0.003678141627460718,-1.940542221069336,-1.9368640794418752,-1.0395375490188599,-1.7634236812591553,3.2481861114501953,-0.05264613404870033,-0.021133650094270706,1.7520639896392822,0.042855389416217804,0.43310546875,-1.0395375490188599,10.74789810180664,6.561174392700195,0.0004133115379922993,0.0013963613420331672,-0.11249774124340048,16.29043388277351
65536000,0.004596753977239132,-1.7420780658721924,-1.7466748198494315,-0.8749240636825562,-1.739484190940857,2.9828720092773438,-0.06470693647861481,-0.02107056975364685,1.7468342781066895,0.0511971153318882,0.4697265625,-0.8749240636825562,10.66621208190918,8.301177024841309,0.0004131319154203774,0.0013957544922539266,-0.11260397140510339,16.29043388277351
65667072,0.004300361033529043,-1.5700559616088867,-1.5743563226424158,-0.9366494417190552,-1.7465585470199585,2.9970712661743164,-0.057695575058460236,-0.021732833236455917,1.8017387390136719,0.06763213872909546,0.478759765625,-0.9366494417190552,10.482524871826172,9.054908752441406,0.0004129522928484555,0.0013951476424746857,-0.11271020156680633,16.29043388277351
65798144,-0.05715969204902649,-0.05785062909126282,-0.0006909370422363281,-3.179832935333252,-1.7201449871063232,3.598386287689209,-0.050896476954221725,-0.020596565678715706,1.7075376510620117,0.07310479879379272,0.459228515625,-3.179832935333252,11.44141674041748,8.178954124450684,0.00041277267027653366,0.001394540792695445,-0.11281643172850925,16.29043388277351
65929216,-0.027006633579730988,-4.175050735473633,-4.148044101893902,-1.3830780982971191,-1.7453134059906006,3.059849262237549,-0.05621533840894699,-0.021251361817121506,1.7618227005004883,0.07570938766002655,0.4873046875,-1.3830780982971191,10.722125053405762,7.191644191741943,0.00041259304770461174,0.001393933942916204,-0.11292266189021219,16.29043388277351
66060288,-0.01570132188498974,-5.227672576904297,-5.211971255019307,-0.4852265417575836,-1.7418415546417236,3.1679348945617676,-0.059039317071437836,-0.020761333405971527,1.721197485923767,0.0638735443353653,0.4638671875,-0.4852265417575836,10.66629409790039,5.348321914672852,0.00041241342513268983,0.0013933270931369632,-0.1130288920519151,16.29043388277351
66191360,-0.004758499097079039,-4.518867492675781,-4.514108993578702,-0.07550886273384094,-1.7062904834747314,2.9958691596984863,-0.0628000944852829,-0.020188510417938232,1.673708200454712,0.05749986320734024,0.464111328125,-0.07550886273384094,10.545478820800781,7.015834808349609,0.0004122338025607679,0.0013927202433577223,-0.11313512221361804,16.29043388277351
66322432,0.005085245706140995,-2.943969249725342,-2.949054495431483,-0.5707827210426331,-1.730102300643921,3.008716106414795,-0.05754006654024124,-0.020297344774007797,1.682731032371521,0.06741758435964584,0.465576171875,-0.5707827210426331,11.337457656860352,8.338088035583496,0.000412054179988846,0.0013921133935784816,-0.11324135237532096,16.29043388277351
66453504,-0.0032589889597147703,-3.4262683391571045,-3.4230093501973897,-0.5879721641540527,-1.7304840087890625,5.239680290222168,-0.06724929064512253,-0.020969411358237267,1.738448143005371,0.0665130689740181,0.470947265625,-0.5879721641540527,10.876070022583008,46.21246337890625,0.0004118745574169241,0.0013915065437992407,-0.1133475825370239,16.29043388277351
66584576,0.005850563757121563,1.803077220916748,1.7972266571596265,-1.541510820388794,-1.742068886756897,3.3680624961853027,-0.06147713214159012,-0.020536137744784355,1.7025277614593506,0.04712018370628357,0.458740234375,-1.541510820388794,10.84595775604248,26.071144104003906,0.00041169493484500224,0.00139089969402,-0.11345381269872681,16.29043388277351
66715648,-0.010349973104894161,-2.150920867919922,-2.1405708948150277,-1.0905855894088745,-1.7150236368179321,2.984135627746582,-0.06310132890939713,-0.021102000027894974,1.7494401931762695,0.056145474314689636,0.470947265625,-1.0905855894088745,10.50248908996582,13.716348648071289,0.0004115153122730803,0.0013902928442407591,-0.11356004286042976,16.29043388277351
66846720,-0.0019987882114946842,-1.9329079389572144,-1.9309091507457197,-1.0460903644561768,-1.7206796407699585,2.856510639190674,-0.06146722286939621,-0.020839938893914223,1.7277143001556396,0.05719294026494026,0.4677734375,-1.0460903644561768,10.202775001525879,6.972300052642822,0.0004113356897011584,0.0013896859944615182,-0.11366627302213267,16.29043388277351
66977792,0.0038017225451767445,-1.2380967140197754,-1.2418984365649521,-0.9265686273574829,-1.7333006858825684,3.1113219261169434,-0.06877189874649048,-0.019990619271993637,1.6573021411895752,0.042798079550266266,0.462158203125,-0.9265686273574829,10.388808250427246,6.309572696685791,0.0004111560671292365,0.0013890791446822773,-0.11377250318383561,16.29043388277351
67108864,-0.009975383058190346,-2.16691517829895,-2.15693979524076,-1.2308120727539062,-1.7071928977966309,3.007474899291992,-0.06602940708398819,-0.02008144184947014,1.6648318767547607,0.04916840046644211,0.443115234375,-1.2308120727539062,10.565862655639648,7.20394229888916,0.0004109764445573146,0.0013884722949030364,-0.11387873334553852,16.29043388277351
67239936,-0.004636748693883419,-1.844383955001831,-1.8397472063079476,-0.45356783270835876,-1.7076393365859985,3.3267273902893066,-0.058983296155929565,-0.020458899438381195,1.69612455368042,0.05383782088756561,0.470703125,-0.45356783270835876,10.626959800720215,4.880122661590576,0.0004107968219853927,0.0013878654451237955,-0.11398496350724147,16.29043388277351
67371008,0.01630612090229988,-0.671907901763916,-0.6882140226662159,-0.727874219417572,-1.7100348472595215,3.005990982055664,-0.06317362934350967,-0.02033589780330658,1.685927152633667,0.05173228681087494,0.448486328125,-0.727874219417572,10.504657745361328,5.287359237670898,0.00041061719941347076,0.0013872585953445546,-0.11409119366894438,16.29043388277351
67502080,0.006551560014486313,-1.3696918487548828,-1.3762434087693691,-1.1175568103790283,-1.6894493103027344,3.1355152130126953,-0.061184704303741455,-0.020726080983877182,1.7182748317718506,0.05809677392244339,0.46337890625,-1.1175568103790283,10.611897468566895,20.369104385375977,0.00041043757684154885,0.0013866517455653137,-0.11419742383064732,16.29043388277351
67633152,0.0032298993319272995,-2.7197659015655518,-2.722995800897479,-0.4731888175010681,-1.6610405445098877,3.0110697746276855,-0.058197058737277985,-0.02044842392206192,1.6952561140060425,0.05117882415652275,0.45166015625,-0.4731888175010681,10.46188735961914,6.654887676239014,0.00041025795426962694,0.0013860448957860728,-0.11430365399235023,16.29043388277351
67764224,-0.0024404549039900303,-2.07289457321167,-2.07045411830768,-0.5835291743278503,-1.6786231994628906,3.1753973960876465,-0.060038305819034576,-0.01983865723013878,1.644703984260559,0.04710203409194946,0.44091796875,-0.5835291743278503,10.842731475830078,11.112192153930664,0.00041007833169770503,0.001385438046006832,-0.11440988415405318,16.29043388277351
67895296,0.003412749618291855,-2.1379482746124268,-2.1413610242307186,-0.6846054792404175,-1.689996361732483,3.0756497383117676,-0.05975303426384926,-0.020269906148314476,1.680456280708313,0.06636866182088852,0.45703125,-0.6846054792404175,10.59759521484375,4.985272407531738,0.00040989870912578317,0.0013848311962275912,-0.1145161143157561,16.29043388277351
68026368,0.006332086399197578,-1.587822675704956,-1.5941547621041536,-0.8559187650680542,-1.6658415794372559,3.0691981315612793,-0.06185155361890793,-0.019991081207990646,1.6573405265808105,0.041378509253263474,0.451416015625,-0.8559187650680542,10.412654876708984,7.35336446762085,0.00040971908655386126,0.0013842243464483506,-0.11462234447745903,16.29043388277351
68157440,-0.008562560193240643,-2.552420139312744,-2.5438575791195035,-0.6850332021713257,-1.6817967891693115,3.104602098464966,-0.059342388063669205,-0.020075209438800812,1.6643152236938477,0.0447637140750885,0.43994140625,-0.6850332021713257,10.381170272827148,5.773117542266846,0.0004095394639819394,0.0013836174966691099,-0.11472857463916196,16.29043388277351
68288512,0.004277652129530907,-1.748572826385498,-1.752850478515029,-0.46883025765419006,-1.642092227935791,3.085817813873291,-0.0570063553750515,-0.019894618541002274,1.649343490600586,0.05157647281885147,0.432861328125,-0.46883025765419006,10.640156745910645,12.45801830291748,0.00040935984141001754,0.0013830106468898692,-0.11483480480086489,16.29043388277351
68419584,-0.07044538855552673,-0.3396660387516022,-0.26922065019607544,-3.2713370323181152,-1.6381118297576904,3.5538601875305176,-0.05193201079964638,-0.02024078369140625,1.678041934967041,0.04981223866343498,0.441162109375,-3.2713370323181152,11.207862854003906,7.817429065704346,0.00040918021883809563,0.0013824037971106283,-0.11494103496256781,16.29043388277351
68550656,-0.03328092396259308,-4.144311904907227,-4.1110309809446335,-0.9650042057037354,-1.6444129943847656,3.2541282176971436,-0.057356201112270355,-0.02025558240711689,1.6792688369750977,0.06345929205417633,0.48193359375,-0.9650042057037354,10.526516914367676,9.721900939941406,0.0004090005962661737,0.0013817969473313874,-0.11504726512427074,16.29043388277351
68681728,-0.012391842901706696,-5.138637542724609,-5.126245699822903,-0.7502819299697876,-1.64208984375,3.0416135787963867,-0.06138851121068001,-0.020287973806262016,1.6819541454315186,0.04564906284213066,0.4658203125,-0.7502819299697876,10.491853713989258,3.8084700107574463,0.0004088209736942518,0.0013811900975521465,-0.11515349528597367,16.29043388277351
68812800,-0.009694897569715977,-5.728075981140137,-5.718381083570421,0.13201327621936798,-1.6381118297576904,3.04123854637146,-0.06761138886213303,-0.019264809787273407,1.5971298217773438,0.06330907344818115,0.484619140625,0.13201327621936798,10.737584114074707,8.630871772766113,0.0004086413511223299,0.0013805832477729056,-0.1152597254476766,16.29043388277351
68943872,0.011622915975749493,-4.596042156219482,-4.607665072195232,0.2339048683643341,-1.6089904308319092,3.3991894721984863,-0.06392259895801544,-0.01914111152291298,1.5868747234344482,0.05288543552160263,0.433349609375,0.2339048683643341,10.896319389343262,7.183324337005615,0.00040846172855040804,0.001379976397993665,-0.11536595560937953,16.29043388277351
69074944,0.009038714691996574,-3.143291711807251,-3.1523304264992476,0.16357304155826569,-1.607083797454834,3.210620403289795,-0.061180148273706436,-0.020085198804736137,1.6651434898376465,0.07132792472839355,0.451904296875,0.16357304155826569,10.711950302124023,11.884119987487793,0.0004082821059784862,0.0013793695482144242,-0.11547218577108245,16.29043388277351
69206016,0.00017424160614609718,-2.5098981857299805,-2.5100724273361266,-0.39627721905708313,-1.608059048652649,3.037733554840088,-0.06344183534383774,-0.019031476229429245,1.5777852535247803,0.04781186580657959,0.4658203125,-0.39627721905708313,10.485613822937012,4.685842514038086,0.00040810248340656427,0.0013787626984351833,-0.11557841593278538,16.29043388277351
69337088,0.011823927983641624,-2.3085708618164062,-2.320394789800048,-0.4043145477771759,-1.5847241878509521,3.1041860580444336,-0.06612265110015869,-0.01860695332288742,1.542590856552124,0.05488068610429764,0.45751953125,-0.4043145477771759,10.071229934692383,16.201675415039062,0.00040792286083464235,0.0013781558486559427,-0.11568464609448831,16.29043388277351
69468160,0.0032767471857368946,-2.0987236499786377,-2.1020003971643746,-0.6096572279930115,-1.5974600315093994,3.0768542289733887,-0.05962222442030907,-0.019745372235774994,1.6369705200195312,0.05844713747501373,0.449462890625,-0.6096572279930115,10.28693962097168,17.49242401123047,0.00040774323826272044,0.0013775489988767018,-0.11579087625619124,16.29043388277351
69599232,6.028963252902031e-05,-2.0715861320495605,-2.0716464216820896,-0.6829413175582886,-1.6015996932983398,3.05015230178833,-0.06045790761709213,-0.01922202855348587,1.593583106994629,0.04833368957042694,0.466064453125,-0.6829413175582886,10.25357723236084,9.718615531921387,0.00040756361569079853,0.0013769421490974609,-0.11589710641789416,16.29043388277351
69730304,0.0044229100458323956,-1.4264891147613525,-1.430912024807185,-0.395447313785553,-1.5675716400146484,2.8025975227355957,-0.05980606749653816,-0.018720215186476707,1.5519806146621704,0.05957391858100891,0.448974609375,-0.395447313785553,10.3738431930542,6.295022964477539,0.0004073839931188766,0.00137633529931822,-0.11600333657959709,16.29043388277351
69861376,-0.005182214546948671,-1.8582324981689453,-1.8530502836219966,-1.05511474609375,-1.5651421546936035,3.0128698348999023,-0.05814993381500244,-0.01880108192563057,1.5586848258972168,0.04637682065367699,0.435791015625,-1.05511474609375,10.39722728729248,9.227076530456543,0.0004072043705469547,0.001375728449538979,-0.11610956674130002,16.29043388277351
69992448,-0.003889407031238079,-3.5541882514953613,-3.5502988444641232,-0.6989114284515381,-1.5756869316101074,3.1917452812194824,-0.06138753145933151,-0.018125159665942192,1.5026482343673706,0.05561777949333191,0.447998046875,-0.6989114284515381,10.9000883102417,18.637739181518555,0.0004070247479750328,0.0013751215997597382,-0.11621579690300296,16.29043388277351
70123520,-8.144881576299667e-05,-3.2000036239624023,-3.1999221751466393,-0.2112400382757187,-1.5430493354797363,3.136618137359619,-0.06037434935569763,-0.01881382241845131,1.5597410202026367,0.05401378870010376,0.447509765625,-0.2112400382757187,10.998821258544922,8.227938652038574,0.0004068451254031109,0.0013745147499804973,-0.11632202706470587,16.29043388277351
70254592,0.006344032473862171,-2.1641416549682617,-2.170485687442124,-0.7232604622840881,-1.5582044124603271,3.165712356567383,-0.06428778916597366,-0.019829871132969856,1.6439754962921143,0.05469740182161331,0.440185546875,-0.7232604622840881,10.67201042175293,5.068012714385986,0.00040666550283118897,0.0013739079002012564,-0.11642825722640882,16.29043388277351
70385664,-0.0025602374225854874,-2.7272346019744873,-2.724674364551902,-0.6985000371932983,-1.5769909620285034,3.0525963306427,-0.058632612228393555,-0.01857801526784897,1.5401917695999146,0.049779683351516724,0.458251953125,-0.6985000371932983,10.353477478027344,7.296088695526123,0.00040648588025926706,0.0013733010504220155,-0.11653448738811173,16.29043388277351
70516736,0.002172086387872696,-2.5924148559570312,-2.594586942344904,-0.46344149112701416,-1.5589172840118408,3.071784257888794,-0.06222689896821976,-0.01861807331442833,1.5435125827789307,0.041643496602773666,0.439453125,-0.46344149112701416,10.88425064086914,8.709761619567871,0.00040630625768734514,0.0013726942006427746,-0.11664071754981466,16.29043388277351
70647808,0.0011008558794856071,-2.074563980102539,-2.0756648359820247,-0.44230741262435913,-1.5594502687454224,3.0443944931030273,-0.06568306684494019,-0.01898164488375187,1.5736541748046875,0.06555439531803131,0.47998046875,-0.44230741262435913,10.566092491149902,23.642940521240234,0.0004061266351154233,0.0013720873508635339,-0.11674694771151757,16.29043388277351
70778880,-0.0036766284611076117,-2.095679998397827,-2.0920033699367195,-0.3835291564464569,-1.606583833694458,3.030906915664673,-0.05773501098155975,-0.01932195946574211,1.6018677949905396,0.05223221331834793,0.44970703125,-0.3835291564464569,10.01695728302002,5.847795009613037,0.0004059470125435014,0.0013714805010842932,-0.11685317787322051,16.29043388277351
70909952,0.012799099087715149,-0.9911192059516907,-1.0039183050394058,-0.46394914388656616,-1.5764763355255127,3.061063528060913,-0.06051450967788696,-0.019253108650445938,1.596159815788269,0.05654880777001381,0.4609375,-0.46394914388656616,9.994216918945312,4.307572364807129,0.00040576738997157946,0.0013708736513050523,-0.11695940803492343,16.29043388277351
71041024,-0.06018844246864319,0.41902926564216614,0.4792177081108093,-3.098241090774536,-1.5474228858947754,4.686240196228027,-0.05564052611589432,-0.01949973776936531,1.61660635471344,0.028332024812698364,0.319580078125,-3.098241090774536,11.08995532989502,38.711204528808594,0.00040558776739965755,0.0013702668015258116,-0.11706563819662637,16.29043388277351
71172096,-0.02096562273800373,-5.6386399269104,-5.617674304172397,-0.19420957565307617,-1.5617351531982422,3.258375644683838,-0.061699382960796356,-0.01867016777396202,1.5478315353393555,0.0603656992316246,0.46337890625,-0.19420957565307617,10.40461254119873,6.01054048538208,0.00040540814482773564,0.0013696599517465707,-0.11717186835832928,16.29043388277351
71303168,-0.014407254755496979,-5.8059563636779785,-5.7915491089224815,0.13016244769096375,-1.5672147274017334,3.006300926208496,-0.05883193761110306,-0.018557030707597733,1.538451910018921,0.061396174132823944,0.4775390625,0.13016244769096375,10.028085708618164,4.279633045196533,0.0004052285222558137,0.0013690531019673298,-0.11727809852003222,16.29043388277351
71434240,-0.011995439417660236,-5.463552474975586,-5.451557035557926,-0.1012396514415741,-1.58161461353302,3.0674080848693848,-0.06264723092317581,-0.01891043782234192,1.5677508115768433,0.045482221990823746,0.455322265625,-0.1012396514415741,10.126129150390625,4.724752426147461,0.0004050488996838918,0.001368446252188089,-0.11738432868173514,16.29043388277351
71565312,-0.0015139100141823292,-4.637401580810547,-4.6358876707963645,-0.23486198484897614,-1.5749518871307373,3.085442543029785,-0.06284398585557938,-0.018479742109775543,1.532044529914856,0.05087699741125107,0.44384765625,-0.23486198484897614,10.363523483276367,5.9299139976501465,0.0004048692771119699,0.001367839402408848,-0.11749055884343808,16.29043388277351
71696384,-0.006730217486619949,-4.890030860900879,-4.883300643414259,-0.010884344577789307,-1.573296308517456,2.997652292251587,-0.06377305835485458,-0.018886331468820572,1.565752387046814,0.05015060305595398,0.4677734375,-0.010884344577789307,10.360052108764648,5.59302282333374,0.000404689654540048,0.0013672325526296071,-0.11759678900514099,16.29043388277351
71827456,0.0024523278698325157,-3.7615017890930176,-3.76395411696285,0.05412968620657921,-1.5728063583374023,2.8854565620422363,-0.06600357592105865,-0.018902964890003204,1.5671312808990479,0.04205778241157532,0.4599609375,0.05412968620657921,10.585373878479004,4.48170280456543,0.0004045100319681261,0.0013666257028503665,-0.11770301916684393,16.29043388277351
71958528,-0.0004758578725159168,-2.906630039215088,-2.906154181342572,-0.3008089065551758,-1.5720419883728027,4.86418342590332,-0.06748205423355103,-0.018659990280866623,1.546987771987915,0.05174550414085388,0.440673828125,-0.3008089065551758,10.905227661132812,20.06560516357422,0.00040433040939620417,0.0013660188530711256,-0.11780924932854685,16.29043388277351
72089600,0.0012459331192076206,-4.887852668762207,-4.889098601881415,0.34335145354270935,-1.5880999565124512,3.093026638031006,-0.054577916860580444,-0.019235318526625633,1.5946848392486572,0.0558963306248188,0.443603515625,0.34335145354270935,10.324165344238281,10.241997718811035,0.00040415078682428225,0.0013654120032918847,-0.11791547949024979,16.29043388277351
72220672,0.0007806858047842979,-4.130276203155518,-4.131056888960302,-0.05271309241652489,-1.576115608215332,3.102675199508667,-0.06331468373537064,-0.0187501423060894,1.5544617176055908,0.05981874465942383,0.488037109375,-0.05271309241652489,10.371028900146484,13.175683975219727,0.00040397116425236034,0.0013648051535126438,-0.1180217096519527,16.29043388277351
72351744,-0.0012992131523787975,-3.0528268814086914,-3.0515276682563126,-0.3691641688346863,-1.5805022716522217,3.156390428543091,-0.06489141285419464,-0.01900380849838257,1.5754916667938232,0.059677932411432266,0.4541015625,-0.3691641688346863,10.156126976013184,7.837021827697754,0.00040379154168043843,0.0013641983037334029,-0.11812793981365564,16.29043388277351
72482816,0.00040543684735894203,-2.613391160964966,-2.6137965978123248,-0.11190935969352722,-1.5992214679718018,3.0988986492156982,-0.061066314578056335,-0.018962521106004715,1.5720688104629517,0.06652140617370605,0.48046875,-0.11190935969352722,10.613704681396484,5.755726337432861,0.0004036119191085165,0.0013635914539541622,-0.11823416997535857,16.29043388277351
72613888,-0.009946117177605629,-2.8054113388061523,-2.7954652216285467,-0.5683919191360474,-1.5801520347595215,3.3055458068847656,-0.06547437608242035,-0.019242441281676292,1.5952754020690918,0.04984639585018158,0.43115234375,-0.5683919191360474,10.768319129943848,40.72898864746094,0.0004034322965365946,0.0013629846041749213,-0.1183404001370615,16.29043388277351
72744960,0.003256678581237793,-1.5308616161346436,-1.5341182947158813,-0.721765398979187,-1.587030291557312,2.865443468093872,-0.061956632882356644,-0.019190745428204536,1.5909894704818726,0.054074548184871674,0.453857421875,-0.721765398979187,10.370902061462402,9.04022216796875,0.00040325267396467275,0.0013623777543956806,-0.11844663029876443,16.29043388277351
72876032,-0.0006631943397223949,-2.0035367012023926,-2.00287350686267,-0.6002393960952759,-1.5717995166778564,3.0809597969055176,-0.06360845267772675,-0.019195077940821648,1.591348648071289,0.04952511191368103,0.447265625,-0.6002393960952759,10.579636573791504,5.913114070892334,0.00040307305139275084,0.0013617709046164397,-0.11855286046046735,16.29043388277351
73007104,0.0037166839465498924,-2.256624937057495,-2.260341621004045,-0.44030725955963135,-1.5795774459838867,3.3521721363067627,-0.0562312975525856,-0.018672777339816093,1.5480479001998901,0.04802525043487549,0.45166015625,-0.44030725955963135,10.567464828491211,18.131195068359375,0.0004028934288208289,0.0013611640548371988,-0.11865909062217028,16.29043388277351
73138176,0.010913295671343803,-1.7073500156402588,-1.7182633113116026,-0.23008812963962555,-1.5499598979949951,3.035825490951538,-0.06461021304130554,-0.018800342455506325,1.5586235523223877,0.07611942291259766,0.447021484375,-0.23008812963962555,10.478019714355469,5.864013195037842,0.000402713806248907,0.001360557205057958,-0.11876532078387321,16.29043388277351
73269248,-0.0016750695649534464,-1.7633618116378784,-1.761686742072925,-1.0642061233520508,-1.5805168151855469,2.8269405364990234,-0.06114978343248367,-0.018977899104356766,1.5733437538146973,0.04917598515748978,0.4501953125,-1.0642061233520508,10.184056282043457,18.06635284423828,0.0004025341836769851,0.0013599503552787172,-0.11887155094557614,16.29043388277351
73400320,-0.002985126106068492,-2.1220242977142334,-2.119039171608165,-0.6150820851325989,-1.5620753765106201,3.052145481109619,-0.06252717971801758,-0.019161149859428406,1.588536024093628,0.05755767971277237,0.45458984375,-0.6150820851325989,10.167177200317383,21.606943130493164,0.0004023545611050632,0.0013593435054994763,-0.11897778110727907,16.29043388277351
