collected_frames,var_decomp/shaping,var_decomp/joint_ang_from_flat_penalty,var_decomp/joint_angle_var_penalty,var_decomp/roll_penalty,var_decomp/roll_rate_penalty,var_decomp/pitch_penalty,var_decomp/pitch_rate_penalty,var_decomp/shock_penalty,var_decomp/clearance,var_decomp/action_bonus,var_decomp/flipper_action_bonus,var_decomp/terminal_bonus
131072,0.8854882121086121,-0.08770058304071426,-0.11146356165409088,-0.154457226395607,-0.02488449402153492,-0.20320743322372437,-0.03374957665801048,0.9133732318878174,-0.029990654438734055,4.922565460205078,0.1329822540283203,-0.03964350372552872
262144,0.8769033551216125,0.2076532244682312,0.23712760210037231,0.5670343041419983,-0.045062895864248276,0.278692364692688,0.016932860016822815,-0.3223969042301178,0.05624563246965408,1.8844335079193115,0.025876183062791824,-0.022778037935495377
393216,1.269055962562561,0.09267617017030716,0.08523306995630264,0.17656099796295166,-0.0663164034485817,0.04355238750576973,0.031009290367364883,-0.09857388585805893,0.010556370951235294,2.296609878540039,0.06347200274467468,0.02404916100203991
524288,1.268041729927063,0.05301929637789726,0.04679457098245621,0.0974983498454094,-0.061012573540210724,-0.03341875225305557,0.014024917967617512,-0.09015961736440659,0.015687724575400352,3.1250064373016357,0.046159904450178146,0.07163964956998825
655360,1.7112336158752441,0.31250113248825073,0.35074982047080994,0.5770856738090515,0.16547554731369019,0.3957705795764923,0.16339658200740814,-0.22971726953983307,0.08119546622037888,2.1379177570343018,-0.07397598773241043,0.014225753024220467
786432,1.3465924263000488,0.1629665046930313,0.1263110488653183,0.15369141101837158,0.040103793144226074,0.27790164947509766,0.00883358996361494,-0.15167871117591858,0.044881194829940796,2.1208276748657227,-0.057631853967905045,0.009939325042068958
917504,1.2272136211395264,0.11877554655075073,0.02058137021958828,0.08446577191352844,-0.02101709693670273,0.4524311423301697,0.01339731365442276,0.026819748803973198,0.06610189378261566,4.601154327392578,0.07472224533557892,0.20105260610580444
1048576,0.3589794933795929,-0.024819349870085716,0.029694505035877228,0.014056846499443054,0.018631936982274055,-0.059568192809820175,0.012225866317749023,0.043320316821336746,-0.0046987030655145645,3.59328556060791,0.02561579830944538,0.4426448941230774
1179648,0.45476290583610535,-0.004100012592971325,0.004397375043481588,0.053704820573329926,0.013955438509583473,-0.004762473050504923,0.05965851619839668,0.08878979831933975,0.01227632723748684,3.2340152263641357,-0.004036918748170137,0.46605750918388367
1310720,1.5789560079574585,0.19691888988018036,0.07783791422843933,0.15276867151260376,0.07708332687616348,0.47259533405303955,0.10040762275457382,-0.09345289319753647,0.07218374311923981,2.501451253890991,-0.13498865067958832,-0.002041395055130124
1441792,1.8620789051055908,0.15822701156139374,0.031625308096408844,0.021062495186924934,-0.05309441685676575,-0.006608311552554369,-0.06491926312446594,-0.08388955146074295,0.05919341370463371,4.064163684844971,-0.017031032592058182,0.02130378969013691
1572864,0.10808638483285904,-0.10664943605661392,0.06538829207420349,-0.03295106813311577,-0.009995951317250729,0.621049702167511,0.04503856226801872,0.07073628157377243,0.058446239680051804,1.976125717163086,-0.022588521242141724,0.6163038015365601
1703936,0.31259068846702576,0.02834423817694187,-0.0187632218003273,0.010144516825675964,0.08422749489545822,-0.16629856824874878,0.014771473594009876,0.025100141763687134,-0.01717880181968212,2.439105987548828,0.043023597449064255,1.6340737342834473
1835008,0.2207462638616562,0.023740677163004875,-0.023415325209498405,0.016298798844218254,0.06258191168308258,-0.01267797127366066,0.022670459002256393,0.03880809620022774,0.006157246883958578,2.839571475982666,0.04174761474132538,1.3424869775772095
1966080,1.3140506744384766,0.14137962460517883,0.05412939190864563,0.07111426442861557,0.15455232560634613,0.13644149899482727,0.09547485411167145,-0.04560057073831558,0.059063345193862915,2.0546445846557617,-0.14752736687660217,0.004027417860925198
2097152,0.6542333364486694,0.05133894830942154,-0.02270774357020855,-0.030613934621214867,0.051640428602695465,0.2024742066860199,0.03270270675420761,0.0538133829832077,0.014210284687578678,3.712724208831787,0.038884859532117844,0.9786838293075562
2228224,0.31509020924568176,-0.006363189313560724,0.008404703810811043,0.01944926753640175,0.0507296584546566,0.00884963944554329,0.014172756113111973,-0.0012426289031282067,0.0012319469824433327,2.5162770748138428,0.0900084599852562,1.7875666618347168
2359296,0.6405042409896851,0.038000524044036865,-0.02956722117960453,0.011652961373329163,-0.03463718667626381,0.0647493302822113,-0.008541693910956383,-0.011844927445054054,0.010488482192158699,3.227443218231201,0.03158286586403847,1.0552377700805664
2490368,1.711540699005127,0.18298090994358063,0.02648123912513256,0.027280939742922783,0.10173939913511276,0.20484746992588043,0.07116144895553589,-0.08489802479743958,0.05993298441171646,3.2838497161865234,-0.07734861224889755,0.02712716907262802
2621440,1.5854142904281616,0.14599654078483582,0.0415513850748539,0.08428093791007996,-0.025323865935206413,-0.014328059740364552,-0.14078833162784576,-0.09714842587709427,0.05541104078292847,3.3505749702453613,-0.02697077766060829,0.07381768524646759
2752512,0.2936646044254303,-0.014452507719397545,-0.002300350461155176,0.005530070047825575,0.0876060202717781,-0.042482659220695496,0.05108996853232384,0.017603915184736252,0.005008404143154621,2.524726152420044,0.04990791901946068,1.7084922790527344
2883584,1.1177830696105957,0.10582898557186127,0.0830569714307785,0.08048339933156967,0.10805132240056992,0.16503755748271942,0.06897111237049103,-0.06174119561910629,0.05839291960000992,1.2362459897994995,-0.11502541601657867,-0.003607846098020673
3014656,0.7577157020568848,0.03846021741628647,0.09433722496032715,0.07971790432929993,0.026162898167967796,0.20184338092803955,-0.001020692870952189,0.028946993872523308,0.017689375206828117,2.8511438369750977,-0.0332198441028595,0.8143742084503174
3145728,0.5249336361885071,-0.0017442053649574518,-0.020387034863233566,-0.06888247281312943,-0.030053092166781425,0.07777722924947739,-0.027652239426970482,0.005149804055690765,0.006663287524133921,3.1882565021514893,0.030262267217040062,1.9564471244812012
3276800,0.7003766298294067,0.007817010395228863,-0.012129165232181549,-0.034877531230449677,0.010447251610457897,0.02334919571876526,-0.015396430157124996,0.006886848248541355,-0.004719193559139967,2.8975651264190674,0.006925850175321102,1.5139847993850708
3407872,1.8822630643844604,0.16986706852912903,0.03557940945029259,0.0689702257514,0.08148443698883057,0.10028602182865143,0.019341226667165756,-0.06939364224672318,0.0600302554666996,3.8702917098999023,-0.10797455161809921,0.1005091592669487
3538944,1.621548056602478,0.10833669453859329,0.04885610193014145,0.12774229049682617,-0.08902791142463684,-0.08601440489292145,-0.13389118015766144,-0.10328666865825653,0.04110629856586456,4.166224479675293,0.010508127510547638,0.37538981437683105
3670016,0.47208333015441895,0.0014321752823889256,0.0053251576609909534,-0.05602852255105972,0.04501049965620041,0.07264051586389542,0.00042054918594658375,0.045015592128038406,-0.0012430127244442701,2.356942892074585,0.04625626653432846,2.5312068462371826
3801088,0.3737391233444214,-0.015279804356396198,0.0710260197520256,0.08365762233734131,0.10016382485628128,0.11561023443937302,0.037591300904750824,0.02600937895476818,0.0239358302205801,3.2279679775238037,-0.005403368268162012,1.9828373193740845
3932160,0.3705335259437561,0.019387366250157356,-0.028007620945572853,0.09597829729318619,0.008782144635915756,-0.01687462441623211,0.06671743094921112,0.026893476024270058,-0.00503493333235383,2.5073580741882324,0.059355106204748154,2.3646862506866455
4063232,1.6806049346923828,0.13581493496894836,0.044248197227716446,-0.007209285628050566,0.04555382952094078,0.17063812911510468,0.017753247171640396,-0.07539741694927216,0.08878631144762039,4.303518772125244,-0.07929393649101257,0.10283107310533524
4194304,0.40504714846611023,0.013128929771482944,0.03072979301214218,0.031529299914836884,0.09066998213529587,0.045771680772304535,0.07518494129180908,0.01544582936912775,0.0396856814622879,2.4696879386901855,0.04823162034153938,2.9752330780029297
4325376,0.298615038394928,-0.002261294052004814,-0.025816088542342186,0.11586228013038635,0.05402686446905136,0.014255977235734463,0.0016272282227873802,0.008187474682927132,0.037743959575891495,2.6424977779388428,-0.01706581749022007,3.127741575241089
4456448,0.22756291925907135,-0.014528077095746994,0.01692848838865757,0.05116290971636772,-0.017318854108452797,0.002237932523712516,0.0293593630194664,-0.01313744392246008,0.0029117842204868793,2.658076286315918,0.010429085232317448,3.609110116958618
4587520,0.5514527559280396,0.016307318583130836,-0.0030406219884753227,-0.008396340534090996,0.053162313997745514,-0.024422835558652878,0.057183194905519485,0.010295341722667217,-0.0014882092364132404,2.4152700901031494,0.019189801067113876,3.524120807647705
4718592,1.0578913688659668,0.08489581942558289,0.028406018391251564,0.06561233103275299,0.012707028537988663,0.05217217281460762,-0.024264954030513763,-0.03778975084424019,0.015407118946313858,3.818516731262207,-0.06060708314180374,1.5324923992156982
4849664,0.32153820991516113,0.00028736991225741804,0.00010631640179781243,0.021993106231093407,0.01848095841705799,-0.005861051846295595,0.08154290914535522,-0.007304044906049967,0.008395652286708355,2.4272351264953613,0.1009095087647438,3.785578489303589
4980736,0.27683815360069275,0.000576022663153708,-0.0004084730171598494,0.015260345302522182,0.0482475683093071,0.042233359068632126,0.016178255900740623,0.06683877855539322,0.03974005952477455,3.3337087631225586,0.023073146119713783,2.960580348968506
5111808,0.36216723918914795,0.0017630181973800063,-0.003022584365680814,0.022976713255047798,0.0497022345662117,-0.0609576441347599,-0.005060594528913498,0.052218884229660034,0.013497887179255486,2.52706241607666,0.042436517775058746,3.880699634552002
5242880,0.7930107116699219,0.03786245360970497,0.004378213081508875,0.0037764422595500946,-0.06549543887376785,-0.02743145450949669,0.00525261415168643,0.007824561558663845,-0.009994427673518658,3.650343179702759,-0.01795363798737526,2.121225357055664
5373952,0.4489869773387909,0.013724381104111671,0.000213403080124408,0.057257525622844696,0.008016359992325306,0.038324061781167984,-0.007642301265150309,0.04721120372414589,0.010870471596717834,3.0137417316436768,0.10479141771793365,2.9903738498687744
5505024,1.3148119449615479,0.08799857646226883,0.061427146196365356,0.09016990661621094,0.09661737829446793,0.16952168941497803,0.04705410078167915,-0.06176447868347168,0.0824347734451294,3.3379833698272705,-0.10225506871938705,0.053740400820970535
5636096,1.2268013954162598,0.08446992188692093,0.052433568984270096,0.06522438675165176,-0.02207229658961296,0.04586487635970116,-0.11421795189380646,-0.0547502227127552,0.03306201472878456,3.8833365440368652,-0.01328003779053688,1.3088785409927368
5767168,0.2522912323474884,-0.005575786344707012,0.007483129855245352,-0.025193002074956894,-0.032036274671554565,0.028950432315468788,-0.0035872480366379023,0.01654185727238655,-0.00747627904638648,2.1365814208984375,0.023647669702768326,3.774812698364258
5898240,0.6300002336502075,-0.0006873242673464119,-0.006784794852137566,-0.14483192563056946,-0.011971870437264442,0.0027006124146282673,-0.024529172107577324,-0.02384626679122448,0.002881096675992012,3.7009153366088867,0.011595387011766434,3.334329843521118
6029312,1.7906514406204224,0.17495639622211456,0.030763279646635056,0.021204331889748573,0.044617824256420135,0.06250900775194168,0.026268787682056427,-0.06863201409578323,0.058737561106681824,4.952404975891113,-0.05654999613761902,0.434322327375412
6160384,1.0694257020950317,0.08123486489057541,0.04202498123049736,0.024613026529550552,-0.03112488053739071,-0.019905880093574524,-0.05163421109318733,-0.05743659287691116,-0.014595425687730312,3.7912042140960693,-0.02846008725464344,2.170886278152466
6291456,0.6614072918891907,0.038990993052721024,-0.009278953075408936,-0.06474199891090393,0.04310573264956474,0.20104235410690308,0.06636172533035278,0.022629788145422935,0.03794768825173378,2.564283847808838,-0.009006164036691189,2.6416609287261963
6422528,0.5053892731666565,0.00858586747199297,0.0007963411626406014,0.030947016552090645,-0.014305461198091507,-0.03352050110697746,0.03359157219529152,0.007950705476105213,-0.006972465198487043,3.1257529258728027,0.07993436604738235,3.335465669631958
6553600,0.5213204622268677,-0.009865903295576572,0.01796071231365204,0.053193897008895874,0.032093752175569534,-0.010441632010042667,0.041224393993616104,0.02905309572815895,-0.0054269940592348576,2.630258321762085,0.011311757378280163,3.5785272121429443
6684672,0.9804583787918091,0.08307996392250061,0.02095986157655716,0.006528750061988831,0.04325834661722183,0.03719167411327362,0.012460743077099323,-0.0346466489136219,0.02034812979400158,3.7717037200927734,0.07784345746040344,1.9457712173461914
6815744,0.7183424234390259,0.031194206327199936,0.041384849697351456,0.01743657886981964,0.05360891669988632,0.030880508944392204,-0.016311541199684143,-0.03288457170128822,-0.0027551506645977497,3.268745183944702,-0.03983280435204506,3.1039552688598633
6946816,0.5055302977561951,0.009847979992628098,0.01890181377530098,0.027470514178276062,-0.0239010788500309,-0.009009812027215958,0.019571084529161453,0.029417993500828743,0.02048519253730774,3.1963443756103516,0.01927102915942669,3.0426735877990723
7077888,0.3088208734989166,0.0026444438844919205,0.003682379610836506,-0.024055371060967445,0.06962659955024719,-0.026020681485533714,0.03866934776306152,0.04864012077450752,-0.0017789795529097319,2.6756949424743652,0.06702645123004913,4.083595275878906
7208960,0.5454543232917786,0.010790696367621422,-0.005396886728703976,-0.02077551558613777,-0.019460361450910568,0.022724391892552376,-0.004017715808004141,0.05739513784646988,0.018399344757199287,2.274989366531372,-0.0291545819491148,4.384675025939941
7340032,0.738228976726532,0.03241719678044319,0.031039023771882057,0.03784544765949249,0.07622238248586655,0.11806585639715195,0.0474073588848114,0.003336212132126093,0.046580057591199875,3.108222246170044,-0.043398838490247726,2.5271685123443604
7471104,0.3541271984577179,-3.6827466828981414e-05,0.0188320092856884,0.1292608678340912,0.03002232499420643,0.005431325640529394,0.02650974690914154,0.0008633506367914379,0.014976679347455502,2.6908726692199707,-0.018397821113467216,4.100762844085693
7602176,0.24473941326141357,-0.0020161967258900404,-0.014432728290557861,0.019029531627893448,5.234712079982273e-05,-0.042646508663892746,-0.0023164842277765274,0.042160894721746445,0.00432347459718585,2.130025625228882,0.09855998307466507,4.666275501251221
7733248,0.23079828917980194,-0.016427557915449142,-0.002618750324472785,0.04103219509124756,0.06169762834906578,0.10537058115005493,-0.0017181382281705737,0.06733236461877823,0.029221924021840096,2.890369415283203,0.057699281722307205,3.3759961128234863
7864320,0.37793320417404175,-0.015087309293448925,0.012319440953433514,0.0074758874252438545,-0.08322743326425552,0.11486928164958954,-0.0034208782017230988,0.021365320309996605,-0.0026803086511790752,2.994704008102417,0.06047074869275093,3.6302459239959717
7995392,0.6228287220001221,0.014281856827437878,0.008580120280385017,-0.006961730308830738,-0.03216824680566788,-0.01182723231613636,0.009023242630064487,0.04463760182261467,0.017413552850484848,3.2560815811157227,-0.02278466895222664,3.3586626052856445
8126464,1.294974446296692,0.07310663163661957,0.06425301730632782,0.05854305624961853,0.09023910015821457,0.1950293481349945,0.025588516145944595,-0.06810030341148376,0.07285881042480469,4.177408218383789,-0.12130015343427658,0.03795243054628372
8257536,0.918743908405304,0.015623629093170166,0.03404274582862854,0.013938059099018574,0.03316644951701164,0.02656998671591282,-0.07159413397312164,-0.06539315730333328,0.059933003038167953,3.673457145690918,-0.05200188606977463,2.234332323074341
8388608,0.252401739358902,-0.012249897234141827,0.020991742610931396,-0.12688209116458893,-0.04315630719065666,0.22653035819530487,-0.03960396721959114,-0.006145776249468327,0.024918535724282265,3.0116031169891357,-0.1024647057056427,3.0050392150878906
8519680,0.6982914209365845,0.005307472310960293,0.0027467140462249517,-0.06450774520635605,-0.017739312723279,0.15765736997127533,0.017644980922341347,-0.016849182546138763,0.023403160274028778,3.213604688644409,-0.030111709609627724,3.503031015396118
8650752,1.7197221517562866,0.13471397757530212,0.02374914474785328,0.009702334180474281,0.002289879834279418,0.0765581876039505,0.006007786840200424,-0.05994369462132454,0.04449552297592163,5.64776611328125,0.022807076573371887,0.3528571128845215
8781824,0.929815948009491,0.04198289290070534,0.007092113606631756,-0.030198007822036743,-0.05896011367440224,-0.10627901554107666,-0.0801006555557251,-0.0269948597997427,-0.0014328663237392902,4.029871940612793,0.04248357191681862,2.8816070556640625
8912896,0.3349899351596832,0.004013457801192999,-0.015268076211214066,-0.03676532581448555,0.031393103301525116,0.09983637183904648,0.05225641652941704,0.00029539637034758925,0.020727626979351044,2.640862464904785,-0.012381896376609802,3.6728968620300293
9043968,0.4149802029132843,0.007578523829579353,0.007712263148277998,0.06660985946655273,0.016653088852763176,0.052323970943689346,0.038972917944192886,0.04661131277680397,-0.0035190379712730646,3.261080503463745,0.06361759454011917,3.202636957168579
9175040,0.621084988117218,0.004660393111407757,-0.002627625362947583,-0.005212855525314808,0.03392648696899414,-0.08096099644899368,0.010268289595842361,-0.015055104158818722,-0.005569211207330227,3.357921600341797,0.01858782209455967,3.3544626235961914
9306112,0.6251543760299683,0.02247939445078373,0.013756289146840572,-0.027380136772990227,0.03548818454146385,0.03780489042401314,0.029097843915224075,-0.012647959403693676,0.04856576398015022,3.554474353790283,-0.013791940174996853,2.7819859981536865
9437184,0.497419148683548,0.02563781850039959,0.009766725823283195,0.014791123569011688,0.05602237209677696,0.04570956155657768,0.026596851646900177,0.027957061305642128,0.005294106435030699,2.4567317962646484,-0.0626244992017746,4.327010631561279
9568256,0.25741997361183167,0.018430566415190697,0.011189267970621586,-0.0010501608485355973,0.03016572631895542,0.00018920136790256947,0.051447976380586624,0.040879927575588226,0.020116526633501053,2.8371729850769043,-0.031709007918834686,4.183370113372803
9699328,0.3771090507507324,0.010965479537844658,0.013283251784741879,-0.0017462713876739144,-0.03331016004085541,0.061712779104709625,0.02092941291630268,0.030653562396764755,0.04709082841873169,2.8220152854919434,0.0657445639371872,4.084385871887207
9830400,0.4154110848903656,-0.0010549931321293116,-0.005401503760367632,-0.011958776041865349,-0.006082499865442514,-0.019251350313425064,-0.024466924369335175,0.034842636436223984,0.005006872583180666,2.8698642253875732,0.061346568167209625,4.072028636932373
9961472,0.3511926233768463,0.022188352420926094,0.024340104311704636,-0.0068941060453653336,-0.04433978721499443,0.0567358173429966,-0.00127468875143677,0.007734668906778097,-0.025644730776548386,3.27962589263916,-0.10069279372692108,4.0626983642578125
10092544,0.2411724478006363,0.012888695113360882,0.03150447458028793,0.06711750477552414,-0.02134677767753601,0.09508059918880463,-0.0005189129733480513,-0.0008982943254522979,0.0343523733317852,3.2253544330596924,0.01206723041832447,3.64693546295166
10223616,0.36922258138656616,0.015298205427825451,0.023280298337340355,0.061765071004629135,0.058107201009988785,0.0709587037563324,0.04665475711226463,0.008154598996043205,0.017340008169412613,3.2802817821502686,0.07103744894266129,3.4019722938537598
10354688,0.3560785949230194,0.004336987622082233,0.0010828613303601742,0.021895207464694977,-0.0006036032573319972,-0.02324032597243786,-0.026097707450389862,0.051480624824762344,-0.015413276851177216,2.7539169788360596,0.068328358232975,4.140812873840332
10485760,0.5811326503753662,0.011409885250031948,-0.019191129133105278,0.0029129814356565475,-0.10324888676404953,-0.05518433824181557,-0.034697070717811584,0.022313185036182404,-0.013355323113501072,2.544189691543579,0.08105940371751785,4.300692081451416
10616832,0.3730330765247345,0.011968790553510189,0.008251568302512169,0.015118035487830639,-0.005558974575251341,0.03713652491569519,0.013523291796445847,-0.0008847532444633543,0.023906167596578598,2.7774062156677246,0.05901763588190079,4.010394096374512
10747904,1.440192699432373,0.0949738621711731,0.06242457404732704,0.07647418975830078,0.11022919416427612,0.19315136969089508,0.040143951773643494,-0.0689941793680191,0.07043193280696869,3.9828567504882812,-0.024650314822793007,0.16208632290363312
10878976,0.9582210779190063,0.08702650666236877,0.0567285530269146,-0.0009715163032524288,-0.02427099458873272,0.09581910073757172,-0.03434387221932411,-0.01878197491168976,0.03826427832245827,3.4694344997406006,0.0381026454269886,2.4131743907928467
11010048,0.8873178362846375,0.02039356715977192,0.019636310636997223,0.06184224784374237,-0.03958731144666672,-0.04585259035229683,-0.06038402020931244,0.009610445238649845,-0.006383639760315418,3.4823527336120605,-0.11837940663099289,3.2457826137542725
11141120,0.302280068397522,-0.0046543823555111885,-0.012174846604466438,-0.00013796550047118217,-0.00842227041721344,0.026578417047858238,0.02843366377055645,-0.006886323913931847,0.002668413333594799,2.7546792030334473,0.05232999846339226,4.36165189743042
11272192,1.8601242303848267,0.15078410506248474,0.04519105330109596,0.02815641276538372,0.050024013966321945,0.13862724602222443,0.02451307326555252,-0.07253722101449966,0.032135605812072754,4.60752534866333,0.09237592667341232,1.1694554090499878
11403264,0.8672612905502319,0.046223510056734085,0.01646256446838379,0.07173584401607513,-0.04802853614091873,0.04864707216620445,-0.00424595084041357,0.001982596702873707,0.00250633480027318,2.556101083755493,0.04126683250069618,3.8056681156158447
11534336,0.872222363948822,0.04068492725491524,-0.005480935797095299,0.004979057237505913,0.04647066444158554,0.11225961893796921,0.005082348827272654,-0.03297688812017441,0.029191266745328903,3.8103890419006348,-0.06791664659976959,2.434004783630371
11665408,0.33145996928215027,-0.0003991916310042143,-0.00023344969667959958,0.019910654053092003,0.057622652500867844,0.0008860288071446121,0.025487622246146202,-0.006035069469362497,0.003977535758167505,2.5231199264526367,-0.04312211275100708,4.4511823654174805
11796480,0.3771698474884033,0.0017892044270411134,0.021855145692825317,0.027987021952867508,-0.04236676171422005,0.005001659970730543,0.00928524974733591,0.04084908217191696,-0.0034932573325932026,2.886784076690674,0.0518329031765461,3.5862717628479004
11927552,0.5385755300521851,0.02824399620294571,0.009816133417189121,-0.044150494039058685,0.024186307564377785,0.06336845457553864,0.025850553065538406,-0.004167581908404827,-0.004756649024784565,3.05269193649292,-0.08267632126808167,3.8024039268493652
12058624,0.43861889839172363,0.0035874031018465757,-0.005925979930907488,-0.001676850370131433,-0.042547557502985,-0.01573859713971615,0.02799447998404503,0.006060096435248852,0.009775163605809212,2.7435431480407715,0.05739562213420868,4.182573318481445
12189696,0.44435885548591614,0.003054560860618949,-0.0020134546793997288,-0.029226355254650116,-0.014535877853631973,0.00714112538844347,0.023585120216012,0.06446783989667892,-0.015114217065274715,2.606849193572998,0.003740356070920825,4.509993076324463
12320768,0.2660899758338928,0.0013067504623904824,-0.003166023176163435,0.027117395773530006,-0.014399142935872078,0.03950195014476776,-0.016069360077381134,0.015822069719433784,0.007851364091038704,3.033405303955078,0.03361403942108154,4.345597267150879
12451840,0.2640427350997925,-0.002356013050302863,-0.0019724564626812935,-0.010867668315768242,0.022989196702837944,-0.08537715673446655,0.009290184825658798,0.02109140157699585,0.023835904896259308,3.2121009826660156,0.05368683487176895,4.058864593505859
12582912,0.34870192408561707,0.012504223734140396,-0.0028033163398504257,0.012236631475389004,0.033903125673532486,-0.019539952278137207,0.017990771681070328,0.024243615567684174,-0.006357261911034584,2.4227709770202637,0.009980239905416965,4.609814643859863
12713984,0.18713322281837463,0.00032044295221567154,0.0040505025535821915,0.07969988137483597,0.05682709813117981,0.07294826209545135,0.04869520664215088,0.0349000059068203,0.0042047626338899136,2.6229467391967773,-0.0001308112987317145,4.280222415924072
12845056,0.2833925783634186,0.00018806781736202538,0.0021464908495545387,-0.0020864217076450586,0.04470006749033928,0.06745848804712296,0.048449210822582245,0.02650337666273117,0.022131474688649178,2.7092463970184326,0.006070452742278576,4.269087791442871
12976128,0.2450287640094757,0.0015231709694489837,0.0052674999460577965,-0.00014863398973830044,-0.011620011180639267,0.010263710282742977,-0.021470854058861732,0.013712255284190178,0.0034192760940641165,2.348785400390625,0.05465089902281761,4.924379825592041
13107200,0.23656468093395233,-0.007054299581795931,-0.0005727774696424603,0.009853245690464973,-0.019897714257240295,0.029565976932644844,-0.026064984500408173,0.001573086716234684,0.003103251103311777,2.585994243621826,0.011826652102172375,4.519686222076416
13238272,0.44169336557388306,-0.0030448411125689745,0.018116017803549767,0.025005923584103584,0.013630954548716545,0.04447747394442558,0.015558658167719841,0.023681040853261948,-0.01767282374203205,3.3941595554351807,0.008535340428352356,3.53128719329834
13369344,1.5956939458847046,0.08110754191875458,0.061694394797086716,0.08116152137517929,0.10378621518611908,0.22806879878044128,0.029720449820160866,-0.08089579641819,0.07657871395349503,4.770318508148193,-0.010619347915053368,0.08382503688335419
13500416,1.0653620958328247,0.07175837457180023,0.019512420520186424,0.05048385635018349,-0.034566596150398254,0.09643661230802536,-0.05373378098011017,-0.03391982987523079,0.05714261904358864,4.523642063140869,-0.027231719344854355,2.1418590545654297
13631488,0.4848833680152893,0.029307184740900993,0.012362183071672916,0.00703558512032032,-0.02093413658440113,-0.05665961280465126,0.011021255515515804,0.026197101920843124,0.0016575793270021677,2.476750612258911,0.008693861775100231,3.377997636795044
13762560,0.5338429808616638,-0.007944566197693348,0.017225904390215874,-0.0050569502636790276,0.04834503307938576,0.07592267543077469,0.008140705525875092,0.09709607064723969,-0.02957484871149063,3.300333023071289,0.09751641750335693,3.5180413722991943
13893632,1.8600664138793945,0.163996160030365,0.043156396597623825,0.004602787084877491,0.04773885756731033,0.22928868234157562,0.022666342556476593,-0.06060867756605148,0.07063816487789154,5.246815204620361,0.023314669728279114,0.5307481288909912
14024704,0.5448929071426392,0.024715716019272804,0.005041668191552162,0.07269179821014404,-0.016285818070173264,0.06554388254880905,0.0006222533411346376,0.022960826754570007,0.030258748680353165,2.9743564128875732,-0.0636458545923233,3.86165714263916
14155776,0.5928100943565369,0.012669477611780167,0.004744304344058037,-0.01228284277021885,-0.051187850534915924,0.12049823999404907,-0.03884688764810562,-0.004297276958823204,0.0290385689586401,4.520817756652832,0.024482179433107376,2.5806796550750732
14286848,0.3924219608306885,-0.010757220908999443,0.012337776832282543,0.03822385519742966,-0.06602757424116135,0.06082143634557724,-0.037892840802669525,0.04166030138731003,0.0326063446700573,3.152949094772339,0.016711054369807243,3.063804864883423
14417920,0.28959041833877563,0.00020739572937600315,0.003385070478543639,0.040834538638591766,0.02995687536895275,0.011805887334048748,0.010475673712790012,0.038116734474897385,0.018041428178548813,2.828253984451294,0.06029508635401726,4.4987053871154785
14548992,0.4501681625843048,0.04529370367527008,0.03227315843105316,-0.0003104372008237988,0.121990866959095,0.14138007164001465,0.09174615144729614,-0.00036498691770248115,-0.0011292826384305954,2.7061684131622314,-0.016415933147072792,3.986440896987915
14680064,0.2875840365886688,0.004619882442057133,0.020115075632929802,-0.017509285360574722,0.008072415366768837,0.026256682351231575,0.022656863555312157,0.045684367418289185,0.004569804761558771,3.8249094486236572,-0.009219443425536156,3.3686683177948
14811136,0.45639169216156006,0.02084020897746086,0.02653324045240879,0.07465364038944244,0.03495604172348976,0.026904767379164696,-0.0353013351559639,-0.0043356516398489475,0.09826011955738068,3.976182460784912,0.029195668175816536,3.715470552444458
14942208,0.39196741580963135,-0.0042669023387134075,0.006347572896629572,0.03999897837638855,0.05198531970381737,0.06087423115968704,0.0013450596015900373,0.06819836795330048,0.0309916902333498,3.132638692855835,0.02848105877637863,3.7428481578826904
15073280,0.3137615919113159,0.02748790569603443,-0.020911604166030884,-0.05176777392625809,0.0008308062679134309,-0.07901919633150101,-0.0010947855189442635,-0.011287675239145756,0.03902363404631615,3.4091947078704834,-0.04471791908144951,3.912914514541626
15204352,0.6760863661766052,0.02412133477628231,0.028748678043484688,0.1698547899723053,0.07177042216062546,0.07126874476671219,0.06496580690145493,-0.050055503845214844,0.02835209295153618,3.8937900066375732,-0.017121799290180206,2.738341808319092
15335424,0.3443569540977478,-0.0015720861265435815,0.004711574874818325,-0.01204417273402214,0.019679522141814232,0.07476448267698288,-0.008053166791796684,0.0021914453245699406,0.022699061781167984,2.954702854156494,-0.04761715978384018,4.090244293212891
15466496,0.3128681182861328,-0.03343476727604866,0.014377571642398834,0.05922001227736473,-0.013462644070386887,0.05320059880614281,-0.004372269380837679,0.019134169444441795,0.004565408919006586,2.9766149520874023,0.05343126133084297,3.567317247390747
15597568,0.191588893532753,0.0013866238296031952,-0.0053205848671495914,-0.01226909551769495,0.036558929830789566,-0.028182359412312508,0.012635375373065472,0.009584984742105007,-0.0017936374060809612,2.5433545112609863,0.12008436024188995,4.476749897003174
15728640,0.28889864683151245,-0.011777488514780998,0.016353195533156395,-0.010631735436618328,0.07233335077762604,0.1211748793721199,0.005730314180254936,0.01658416911959648,0.03441113978624344,2.486323595046997,-0.003487583249807358,4.5291266441345215
15859712,0.40334275364875793,0.007661911193281412,0.007989673875272274,0.10247594863176346,0.06144048646092415,0.0934155210852623,0.022558439522981644,0.016400529071688652,0.013553881086409092,2.822009563446045,-0.039947472512722015,4.188107013702393
15990784,1.4762489795684814,0.07170112431049347,0.06894676387310028,0.10243664681911469,0.10281238704919815,0.3672758936882019,0.03763569891452789,-0.0707705020904541,0.0888238400220871,4.809841156005859,-0.013771039433777332,0.29631245136260986
16121856,1.0046988725662231,0.05784584954380989,0.06997344642877579,0.022295529022812843,-0.0076599325984716415,0.3077840805053711,-0.0032768428791314363,-0.0381210558116436,0.04496917128562927,4.164474010467529,0.019954636693000793,2.154033899307251
16252928,0.1383671909570694,-0.007228501606732607,-0.0007911535794846714,0.07800128310918808,0.023599566891789436,0.033487748354673386,0.011065825819969177,0.023086391389369965,0.04156777635216713,3.4748117923736572,0.11635547876358032,3.910893678665161
16384000,0.35681605339050293,0.009598951786756516,0.014698357321321964,0.04217824712395668,0.03257601335644722,0.0810476765036583,-0.025326309725642204,0.03680304065346718,0.010415755212306976,2.76882266998291,-0.10467075556516647,4.650711536407471
16515072,1.626360535621643,0.11733198910951614,0.06027030944824219,0.11326290667057037,0.05267636105418205,0.25292664766311646,0.04627471789717674,-0.051720574498176575,0.09264522790908813,4.96504545211792,0.05475457012653351,0.9785401225090027
16646144,0.31079211831092834,0.0021151413675397635,9.828541078604758e-05,0.011188695207238197,-0.07664763182401657,-0.026068679988384247,-0.06806404143571854,0.07493114471435547,0.026162412017583847,3.382657527923584,0.02586730755865574,3.924800395965576
16777216,0.45496177673339844,0.02099015936255455,0.027036212384700775,0.07793541997671127,-0.01810016855597496,-0.0011364103993400931,0.03372200205922127,-0.0030250682029873133,0.04627154767513275,3.348862886428833,0.03165580332279205,3.604949474334717
16908288,0.6044172644615173,-0.0013321628794074059,-0.00939706340432167,0.17039678990840912,0.0379566065967083,0.10736949741840363,-0.03260824456810951,0.03752882406115532,0.06590188294649124,3.14139461517334,-0.009578969329595566,3.714430332183838
17039360,0.2819991707801819,-0.016428593546152115,-0.012881780974566936,-0.03576221689581871,0.04291638359427452,0.0029601927381008863,9.518847946310416e-05,0.021714627742767334,0.030660949647426605,2.360332727432251,0.17343254387378693,4.95731782913208
17170432,0.6507892608642578,0.01074985135346651,0.008025523275136948,0.03225146606564522,0.07354342937469482,0.11905308067798615,0.03462442010641098,-0.031251464039087296,0.01871579699218273,2.8803913593292236,0.004430786706507206,3.8466806411743164
17301504,0.12298525869846344,-0.012336492538452148,0.008371163159608841,0.094330795109272,0.03356960788369179,0.0759710967540741,0.06066912040114403,0.07481423765420914,0.03792397677898407,3.8991470336914062,0.04074089229106903,3.2177681922912598
17432576,0.40328913927078247,0.02722766622900963,0.009584452025592327,0.15603148937225342,0.11373361945152283,0.11900751292705536,0.01693909987807274,0.013903181068599224,0.05165579542517662,3.5910699367523193,0.1256062239408493,3.9487545490264893
17563648,0.6310151815414429,0.017231928184628487,0.026751549914479256,0.13390545547008514,0.036549247801303864,0.13284315168857574,0.0664454847574234,0.03454137220978737,0.009925328195095062,3.418656826019287,-0.02112969011068344,3.183350086212158
17694720,0.5090650320053101,0.017530256882309914,0.012602163478732109,0.02872815914452076,0.07110805064439774,0.05237802118062973,0.015013164840638638,0.03731568157672882,0.014765623956918716,3.306791305541992,-0.007573408540338278,3.5923848152160645
17825792,0.5366895198822021,0.02507493644952774,0.0512581430375576,-0.0019722841680049896,-0.04522285237908363,-0.020447654649615288,-0.009785478934645653,0.0467245988547802,0.0035189955960959196,2.9086856842041016,0.043015170842409134,3.627645492553711
17956864,0.236829936504364,0.014522656798362732,0.009305834770202637,0.06086646020412445,0.027401067316532135,0.10493160784244537,-0.018640631809830666,0.0001024454613798298,0.004968554712831974,3.3201541900634766,0.04395372420549393,4.049217700958252
18087936,0.3108471930027008,-0.00601796293631196,0.023524342104792595,0.069431371986866,0.07907367497682571,-0.03028673492372036,-0.019016176462173462,-0.0012788401218131185,-0.02364080213010311,3.4124929904937744,0.05433325469493866,3.7970006465911865
18219008,0.09077698737382889,0.005864892620593309,0.012653924524784088,-0.023661712184548378,0.07578855007886887,0.10383384674787521,0.004561563488095999,0.10008413344621658,0.003240855410695076,2.3662240505218506,0.13057908415794373,4.947775840759277
18350080,0.5664669871330261,0.012661337852478027,0.014556648209691048,0.031699441373348236,0.012484668754041195,0.11442920565605164,0.02130323275923729,0.004243775736540556,0.013088002800941467,3.4868173599243164,0.048873674124479294,3.4821937084198
18481152,0.3665182292461395,0.004079057835042477,0.004939093254506588,-0.009855167008936405,-0.0799785628914833,0.05039878562092781,0.02262081950902939,-0.006727130617946386,0.03395386040210724,3.538456439971924,0.0653456598520279,4.002259731292725
18612224,1.5272316932678223,0.0666649267077446,0.06877031922340393,0.06698567420244217,0.09455162286758423,0.3462422490119934,0.03924053534865379,-0.07495301216840744,0.0863715186715126,5.015203475952148,-0.007828979752957821,0.318203866481781
18743296,1.1207406520843506,0.0328328013420105,0.03454987332224846,0.08376573026180267,0.01607704721391201,0.12360721081495285,-0.07331257313489914,-0.02574136108160019,0.06569841504096985,4.0522894859313965,-0.029368698596954346,2.4313085079193115
18874368,0.2989718019962311,0.015578926540911198,0.0049676066264510155,-0.009160073474049568,0.02856256254017353,0.014194746501743793,-0.01845555752515793,-0.03188628703355789,0.016385255381464958,3.1483426094055176,-0.010582835413515568,3.467315196990967
19005440,0.31058964133262634,-0.009177337400615215,-0.0020106546580791473,-0.015372518450021744,0.014347015880048275,0.013822320848703384,0.04148314148187637,-0.002485267585143447,0.003674335079267621,2.8541204929351807,0.02231893129646778,4.625735282897949
19136512,1.633425235748291,0.11203762143850327,0.04927040636539459,0.07128175348043442,0.10033074766397476,0.26463621854782104,-0.02003166265785694,-0.05182160437107086,0.06970373541116714,5.354912757873535,0.05872240662574768,0.9918437600135803
19267584,0.9601997137069702,0.04681406542658806,0.029780855402350426,-0.054819609969854355,-0.01413082517683506,-0.12080630660057068,-0.06849697232246399,-0.02908920869231224,-0.0206323079764843,3.7815945148468018,0.017684508115053177,3.7050154209136963
19398656,0.21132606267929077,0.00984489917755127,0.01851707324385643,0.016070105135440826,0.033734943717718124,0.09219493716955185,0.01576075702905655,-0.005135838408023119,0.04825267195701599,3.0160348415374756,0.08220884203910828,4.064805030822754
19529728,0.31218281388282776,-0.005047477316111326,0.001572045381180942,0.023120176047086716,0.03267857804894447,0.054008349776268005,0.03859811648726463,0.029235489666461945,0.012512139044702053,3.0405709743499756,-0.1386963129043579,4.379723072052002
19660800,0.2818489670753479,0.002615224802866578,-0.004728310741484165,-0.025108160451054573,-0.02423991449177265,-0.04172306880354881,0.018806926906108856,-0.013761079870164394,-0.015176032669842243,2.5784308910369873,0.0017577201360836625,5.052610874176025
19791872,0.7063086628913879,0.03512800857424736,0.009330409578979015,-0.06742680817842484,0.014569615945219994,0.19035249948501587,0.0208209827542305,-0.004104338586330414,0.05010879784822464,3.0721304416656494,0.005350660532712936,3.4326140880584717
19922944,0.3044963777065277,0.0030402636621147394,0.0040568276308476925,0.019616585224866867,0.05373002961277962,0.08318717032670975,-0.004674960859119892,-0.00034389019128866494,0.004797000903636217,3.1830878257751465,-0.04504595324397087,4.158557891845703
20054016,0.4213182032108307,0.0070197624154388905,0.006616784725338221,0.04655316844582558,-0.10378146916627884,0.012864826247096062,-0.02574286423623562,0.05049489811062813,0.0017218452412635088,3.1964588165283203,0.11450367420911789,3.7474985122680664
20185088,0.1541970819234848,-0.0009128653910011053,0.010508527979254723,0.02385578118264675,0.04005647823214531,0.03590763732790947,-0.01550552062690258,-0.019423987716436386,0.01475259754806757,2.4809422492980957,0.08253082633018494,4.24479341506958
20316160,0.3718281388282776,-0.000985202961601317,0.0068337093107402325,-0.014894544146955013,0.028570862486958504,-0.015058640390634537,-0.01054090354591608,0.05010075867176056,0.020304447039961815,3.059783458709717,0.018370594829320908,3.9614996910095215
20447232,0.4834764301776886,0.012168075889348984,-0.0069166189059615135,0.05195409432053566,0.01934880018234253,-0.027530353516340256,0.02434517629444599,0.011973794549703598,0.0024821623228490353,3.367058038711548,-0.02987150102853775,3.3860669136047363
20578304,0.3774838447570801,0.0016635534120723605,0.007793873082846403,0.03667263686656952,-0.002016238635405898,0.03827093914151192,0.02283206768333912,0.004440099932253361,0.02338637411594391,2.9849159717559814,-0.04280472174286842,4.322488784790039
20709376,0.21473939716815948,0.004257751628756523,0.005076094530522823,0.017855435609817505,0.005111487582325935,0.009994813241064548,0.015128093771636486,-0.0030882672872394323,0.012908603064715862,2.5061376094818115,0.09104973822832108,4.7696404457092285
20840448,0.24668633937835693,-0.012858578935265541,-0.0010558227077126503,0.05935106426477432,0.07713249325752258,-0.03075377643108368,-0.002045797184109688,0.02277359366416931,-0.0007626369479112327,2.9051430225372314,0.03894173726439476,4.152320861816406
20971520,0.37065812945365906,0.00300220912322402,-0.00577970826998353,-0.041787225753068924,0.021662646904587746,0.012137573212385178,0.03940635174512863,-0.000544779933989048,0.023503469303250313,2.8280482292175293,0.06716034561395645,4.389367580413818
21102592,0.45746585726737976,0.006117481738328934,0.00012834262452088296,0.005448436364531517,-0.0066206855699419975,0.052497945725917816,0.017150426283478737,0.03563234210014343,0.024563515558838844,3.064237356185913,0.03049817681312561,4.1815314292907715
21233664,1.7875139713287354,0.08424073457717896,0.0805668905377388,0.04641110822558403,0.10950761288404465,0.34970706701278687,0.030022721737623215,-0.08146616816520691,0.07718873023986816,6.446193695068359,0.08825795352458954,0.7999398708343506
21364736,0.48029646277427673,0.00684156222268939,0.027495427057147026,0.05203716456890106,-0.04893140122294426,0.030718717724084854,-0.01990392617881298,0.02529319003224373,0.006971937138587236,3.3825876712799072,0.0046627759002149105,4.161087989807129
21495808,0.46916893124580383,0.0036728670820593834,-0.00086966622620821,-0.019687781110405922,-0.0010412236442789435,0.029117286205291748,0.03249766305088997,0.03653424233198166,0.00833545159548521,2.83341121673584,0.07376256585121155,4.239469051361084
21626880,0.45539721846580505,0.0021349615417420864,-0.004353600088506937,0.02402065135538578,0.02875160239636898,0.11306041479110718,0.08723492920398712,0.0565636083483696,-0.0007255927775986493,2.944770097732544,-0.1065397709608078,4.537230014801025
21757952,0.800221860408783,0.10099757462739944,0.061289556324481964,0.1315319538116455,0.06533222645521164,0.09033338725566864,0.05823153629899025,0.02567465975880623,0.027540046721696854,3.5790624618530273,0.11091595143079758,3.539074659347534
21889024,0.36273232102394104,0.001994816120713949,0.01478615403175354,0.008182043209671974,0.06808356940746307,0.11449325084686279,-0.030240502208471298,0.026358453556895256,0.023286228999495506,2.767296314239502,0.017896605655550957,4.603391170501709
22020096,0.3429463803768158,-0.0004508250567596406,-0.0033105460461229086,-0.018183531239628792,0.01975228823721409,-0.01837310940027237,0.005176660139113665,-0.0511200912296772,-0.007908649742603302,2.6880199909210205,0.1758395880460739,4.9034953117370605
22151168,0.29835137724876404,0.0037603338714689016,-0.0011236455757170916,0.019896192476153374,0.05173750966787338,0.06949833780527115,0.07203684747219086,0.04985712841153145,0.03148095682263374,3.2639365196228027,0.03542247414588928,4.336280345916748
22282240,0.4950694739818573,0.007463853806257248,0.009683882817626,0.02628086693584919,-0.0022435272112488747,-0.08166543394327164,0.010496064089238644,0.04955076426267624,0.0451793372631073,3.2255990505218506,-0.033417508006095886,4.330436706542969
22413312,0.31813833117485046,0.011189769953489304,0.010718903504312038,-0.015272552147507668,-0.03835790976881981,0.041650429368019104,0.030336972326040268,0.06224359571933746,0.013321571052074432,2.6614367961883545,-0.028886588290333748,5.104862689971924
22544384,0.2613496482372284,-0.00446803355589509,0.0033430519979447126,0.014418134465813637,0.04499976336956024,-0.021861989051103592,0.01893008127808571,0.04370015487074852,-0.005391615908592939,2.996457576751709,-0.11725028604269028,4.6725687980651855
22675456,0.2622901499271393,-0.007387934252619743,-0.00026676463312469423,-0.010647185146808624,-0.002119017532095313,0.10318662226200104,0.014674961566925049,0.07587172836065292,0.02172810398042202,2.830643653869629,-0.0013899310724809766,5.011190414428711
22806528,0.32440659403800964,0.004328331910073757,0.006456106901168823,0.023517144843935966,0.022849535569548607,0.003874198067933321,0.10996952652931213,0.03126860037446022,0.008184422738850117,1.9969655275344849,-0.015078801661729813,5.411834239959717
22937600,0.43272092938423157,0.019985349848866463,0.018385928124189377,0.021644698455929756,-0.0147364167496562,0.03684455528855324,0.024368777871131897,0.0434279628098011,0.029379641637206078,3.127772331237793,0.0625605508685112,4.397408485412598
23068672,0.5470522046089172,-0.008942288346588612,0.008295993320643902,0.060320012271404266,0.00850304588675499,0.023411275818943977,0.02677091397345066,0.0013641729019582272,-0.0016747574554756284,2.7266628742218018,-0.048382945358753204,4.878273963928223
23199744,0.36427706480026245,-0.011028904467821121,-0.020588647574186325,0.01664230227470398,-0.010836551897227764,-0.05842197686433792,0.002726880367845297,0.024281928315758705,-0.013735990040004253,2.899200439453125,0.06403114646673203,4.839357376098633
23330816,0.3172909617424011,-0.004853371996432543,0.0025406472850590944,0.03963714838027954,0.012270820327103138,0.14974041283130646,0.02521953545510769,0.035823456943035126,0.06757299602031708,3.72139835357666,0.02646021544933319,3.86126708984375
23461888,0.41592276096343994,0.0016081846551969647,0.0010997032513841987,0.00015316538338083774,-0.02235816791653633,0.08868694305419922,0.01904810406267643,0.08809394389390945,0.00917726568877697,3.045318841934204,-0.020624369382858276,4.50353479385376
23592960,0.6394266486167908,0.006612369325011969,0.02605552412569523,0.024604663252830505,0.031157566234469414,0.1522241085767746,0.04371294379234314,-0.01498652994632721,-0.0009877478005364537,3.366318941116333,-0.029215464368462563,4.094329833984375
23724032,0.47349289059638977,0.008087105117738247,0.003663745941594243,0.041333552449941635,-0.01929299719631672,0.026719961315393448,0.03907432034611702,-0.014801224693655968,0.012780829332768917,2.3231546878814697,-0.03374302014708519,5.349930286407471
23855104,2.08264422416687,0.10962756723165512,0.09417121112346649,-0.008812686428427696,0.09574934840202332,0.16245152056217194,-0.003910424187779427,-0.08375907689332962,0.09380432963371277,7.642115592956543,0.062097564339637756,2.0086138248443604
23986176,0.5558088421821594,0.03661514073610306,0.06180766969919205,0.13684087991714478,0.0051361992955207825,-0.028356531634926796,-0.06806797534227371,-0.01570271886885166,0.03441352769732475,2.6879353523254395,0.004618418402969837,4.051805019378662
24117248,0.3954359292984009,0.01820618472993374,0.011221827007830143,0.07371310889720917,-0.016637751832604408,0.021886486560106277,-0.033189088106155396,0.004719148855656385,0.03019985742866993,2.5744009017944336,0.0633249506354332,5.007354259490967
24248320,0.3301725387573242,0.008035711944103241,0.009204190224409103,0.05220413580536842,0.019272761419415474,0.051467109471559525,0.08265475183725357,0.07722156494855881,0.024760397151112556,2.1928250789642334,-0.006275851279497147,5.742696285247803
24379392,0.44024744629859924,0.0007520791259594262,-0.0013553882017731667,-0.022612720727920532,0.0752241238951683,0.03861166164278984,0.08053106814622879,0.030865982174873352,0.013465823605656624,2.7290408611297607,0.14575046300888062,5.051887035369873
24510464,0.48173725605010986,0.008905942551791668,0.011220208369195461,0.04924929141998291,0.08870011568069458,-0.0025184168480336666,0.05035470053553581,0.031690556555986404,0.017576128244400024,2.6406540870666504,0.049821287393569946,5.176572799682617
24641536,0.39109382033348083,-0.0016752616502344608,-0.0027167738880962133,-0.000938883051276207,-0.0018956504063680768,-0.02395525388419628,-0.008340432308614254,0.01804782636463642,0.02604440227150917,3.275594472885132,-0.010222489945590496,4.96744966506958
24772608,0.3544723689556122,0.0070710754953324795,0.009302654303610325,0.09029477089643478,0.022406740114092827,-0.006316051352769136,-0.020242081955075264,0.014711919240653515,-0.002005151938647032,3.414275884628296,0.10446634143590927,4.753552436828613
24903680,0.054177723824977875,0.007809043396264315,-0.005983354058116674,0.042950261384248734,-0.013331782072782516,0.19270029664039612,0.03044939413666725,0.03531065210700035,0.047423429787158966,2.7166028022766113,-0.036785513162612915,4.062472820281982
25034752,0.21532931923866272,0.0015578250167891383,0.0007640300900675356,-0.016659671440720558,0.0438394732773304,-0.010241017676889896,-0.032747477293014526,0.013196355663239956,0.005889442749321461,2.1180131435394287,0.2021654099225998,5.803225517272949
25165824,0.5096465945243835,0.01953774318099022,0.006785582285374403,0.10551854968070984,0.04869125783443451,0.03326085954904556,0.044377803802490234,0.02508958801627159,0.04078204929828644,2.972299575805664,0.09566909074783325,4.441771030426025
25296896,0.3577018082141876,-0.002173321321606636,0.010045533068478107,0.034732185304164886,0.06861471384763718,0.05461879074573517,0.08824729174375534,0.05375933647155762,0.011981243267655373,2.434144973754883,-0.07983758300542831,5.14694356918335
25427968,0.4541228413581848,-0.0002510570047888905,-0.010912376455962658,-0.006029762793332338,-0.03535386919975281,-0.0635596513748169,-0.007012892048805952,0.0622330941259861,-0.00969937164336443,3.0531845092773438,-0.054246652871370316,5.069746971130371
25559040,0.6548581719398499,0.02459966205060482,-0.01667678914964199,0.015254054218530655,0.06319055706262589,0.170732781291008,0.06381428986787796,0.020136287435889244,0.052766717970371246,4.22119665145874,-0.08721107244491577,3.830676794052124
25690112,0.4371578097343445,-0.0023271890822798014,-0.007199420128017664,0.037294816225767136,0.01565069891512394,-0.016360964626073837,0.06263145059347153,0.061053819954395294,0.0008781580254435539,3.0751168727874756,0.05565344914793968,4.954496383666992
25821184,0.5147719979286194,0.009491675533354282,0.01385471411049366,0.05167620629072189,-0.007067961152642965,0.09120510518550873,0.06241992115974426,0.04332619905471802,0.023217910900712013,2.8062024116516113,0.13635066151618958,4.935032844543457
25952256,0.5570578575134277,0.017971821129322052,0.029035154730081558,0.042663127183914185,0.028883395716547966,0.09755706042051315,0.02491665817797184,0.03409851714968681,0.03683147579431534,3.1315383911132812,-0.017506979405879974,5.020961761474609
26083328,0.40836790204048157,-0.017268914729356766,-0.006999975070357323,0.07786520570516586,0.04955122619867325,0.10454342514276505,0.03254749998450279,-0.026643728837370872,0.013501705601811409,2.411008596420288,0.08733529597520828,4.997605800628662
26214400,0.36934974789619446,0.010275582782924175,-0.016460109502077103,0.028434909880161285,-0.04027716442942619,-0.041608113795518875,0.014465461485087872,0.06597056239843369,0.010089593008160591,2.8335630893707275,-0.041301384568214417,5.629510879516602
26345472,0.5651965737342834,0.015593821182847023,0.01581348478794098,0.11944981664419174,-0.011838294565677643,0.06983523815870285,0.007341950200498104,-0.0662606805562973,0.013126230798661709,3.2469568252563477,0.027104167267680168,4.581920623779297
26476544,1.875769853591919,0.08127012103796005,0.08041592687368393,0.15497814118862152,0.09052613377571106,0.2446497082710266,-0.018651198595762253,-0.05289999395608902,0.08109977096319199,6.409400939941406,-0.07748541235923767,2.005847454071045
26607616,0.4482154846191406,0.011885266751050949,0.05723414942622185,0.09314477443695068,0.04353012144565582,0.05754770711064339,-0.027653565630316734,0.008758180774748325,0.035092733800411224,2.990898370742798,0.019916918128728867,3.655291795730591
26738688,0.7630422711372375,0.026002047583460808,0.024557452648878098,-0.06597765535116196,-0.08948749303817749,0.023231608793139458,0.019117014482617378,0.021081792190670967,0.00045894310460425913,2.662879228591919,-0.002184725133702159,4.7744622230529785
26869760,0.3406550884246826,0.010495150461792946,0.01309813093394041,-0.009940696880221367,-0.10620377957820892,0.027089567855000496,-0.01162513718008995,0.026177845895290375,-0.021898726001381874,3.5286448001861572,-0.04438169300556183,4.769540309906006
27000832,0.44536158442497253,0.0064527723006904125,-0.016660170629620552,-0.049389950931072235,0.0032641554716974497,0.09325191378593445,0.0834348052740097,0.052328940480947495,0.0245576873421669,2.3502519130706787,0.09475577622652054,4.8929948806762695
27131904,0.18628829717636108,0.0019698443356901407,0.010641400702297688,0.03935139998793602,-0.006645117420703173,-0.03064136765897274,-0.003289953339844942,-0.05383167788386345,0.00010076391481561586,2.99704647064209,0.035805460065603256,5.2618865966796875
27262976,0.35137343406677246,0.007934508845210075,0.009250922128558159,-0.027751922607421875,0.060497771948575974,0.060730285942554474,0.04698891565203667,0.06082465872168541,0.012915210798382759,2.2128968238830566,-0.10390549153089523,6.0570526123046875
27394048,0.5931362509727478,0.004218587186187506,0.00937009695917368,-0.001829612534493208,0.03108329512178898,0.08312458544969559,0.02779213711619377,0.03814103081822395,0.02583896927535534,2.9331471920013428,-0.0500226728618145,5.0042901039123535
27525120,0.6225123405456543,0.023435546085238457,0.019636409357190132,0.009095175191760063,-0.0022775991819798946,0.11815325170755386,0.042222343385219574,-0.0058010537177324295,0.03576761111617088,2.9336185455322266,-0.04804690554738045,5.073235511779785
27656192,0.3941117227077484,0.006644883193075657,0.021316710859537125,0.06996719539165497,-0.01454199943691492,0.07624845951795578,0.039466604590415955,0.07252484560012817,0.014618177898228168,2.727229356765747,-0.09083514660596848,5.368695259094238
27787264,0.24500732123851776,0.0026822886429727077,0.002472406253218651,0.08014032989740372,0.0027297004126012325,-0.04113059118390083,0.03594750538468361,0.005444544833153486,-0.009853621944785118,2.5717689990997314,-0.005935104563832283,5.751192569732666
27918336,0.40987515449523926,-0.011725438758730888,-0.0037300533149391413,0.05098302289843559,-0.03724338486790657,0.006627414375543594,-0.04632636904716492,0.021596284583210945,0.0005916175432503223,2.701256275177002,0.020079974085092545,5.625097751617432
28049408,0.2805625796318054,-0.004619031213223934,-0.005308342631906271,0.007252235896885395,-0.026613038033246994,-0.04195496067404747,0.009401088580489159,-0.03771263733506203,0.0031409519724547863,1.887372374534607,0.04486251249909401,6.662026882171631
28180480,0.7553250193595886,0.01308623980730772,0.017817247658967972,0.06531845778226852,-0.014453665353357792,0.05426014959812164,0.031668227165937424,-0.0036726603284478188,0.044721852988004684,3.3771157264709473,0.016094384714961052,4.609777927398682
28311552,0.4228276014328003,0.0028638914227485657,7.009634282439947e-05,0.08752729743719101,0.10751421004533768,-0.02022593654692173,0.025993699207901955,0.037924136966466904,0.0014871542807668447,2.430800199508667,0.01330635417252779,5.712634563446045
28442624,0.2205168902873993,0.018368154764175415,0.008744653314352036,0.047478146851062775,0.03706320375204086,0.10009168833494186,0.013157719746232033,0.03551128879189491,0.012017130851745605,3.4021167755126953,0.04970026761293411,4.97464656829834
28573696,0.7281320691108704,0.040017273277044296,-0.006339456420391798,-0.023772982880473137,-0.07510396093130112,0.018635520711541176,0.025442972779273987,0.07344542443752289,-0.005290082655847073,4.061024188995361,-0.03401407599449158,3.6414387226104736
28704768,0.06227211654186249,0.011263653635978699,0.0027741065714508295,0.06517229974269867,0.00507517671212554,0.06279374659061432,0.0586683489382267,-0.00569069292396307,0.04231300950050354,2.339116096496582,-0.008074070326983929,5.978065490722656
28835840,0.4746706187725067,0.028022291138768196,0.02139047533273697,0.012587593868374825,-0.0329551175236702,-0.05172596126794815,0.022066360339522362,-0.03945440053939819,0.006095654796808958,2.6037213802337646,-0.02740674652159214,5.843238830566406
28966912,0.7610720992088318,0.019884448498487473,0.02868455834686756,0.10594584047794342,-0.008895540609955788,0.05635537952184677,0.006272788625210524,0.014742161147296429,0.005046611651778221,3.028127431869507,-0.0103285638615489,5.004646301269531
29097984,0.9915164113044739,0.0344524122774601,0.02590418979525566,0.03383736312389374,0.07957109063863754,0.14543946087360382,0.0344412736594677,-0.04424215480685234,0.03876138851046562,5.52815055847168,0.05669569969177246,3.802321672439575
29229056,0.15381814539432526,-0.008930503390729427,0.007519348990172148,0.012234740890562534,0.016530083492398262,0.06097659841179848,0.0049363174475729465,0.03251137211918831,0.0031761417631059885,2.5622708797454834,0.023933833464980125,5.08975076675415
29360128,0.39007115364074707,0.011510150507092476,0.01925192028284073,0.011420764960348606,0.027552256360650063,0.017818430438637733,0.04247525334358215,0.02920534834265709,-0.02883591130375862,2.4447367191314697,0.09054698795080185,5.303488254547119
29491200,0.2563048303127289,0.00985592883080244,0.013598880730569363,0.019819915294647217,0.05738973990082741,0.051512714475393295,0.11351624131202698,0.019990218803286552,0.030160725116729736,2.8158576488494873,-0.06020081415772438,5.410613536834717
29622272,0.5651620030403137,0.007904020138084888,0.005119487177580595,0.11464100331068039,0.005658073350787163,0.07264922559261322,0.007376802619546652,0.005964416079223156,0.00908522680401802,3.839343547821045,0.06010649725794792,4.334458351135254
29753344,0.12006564438343048,0.0016818576259538531,0.006111817434430122,0.0224166177213192,-0.023786600679159164,0.04216278716921806,0.02421565353870392,0.04485980048775673,0.002871790900826454,2.473759889602661,0.010117923840880394,6.000330924987793
29884416,0.2791745662689209,0.009403865784406662,0.0034281101543456316,0.08306465297937393,0.1121249720454216,0.00527545902878046,0.05204688757658005,0.07599557936191559,0.005937415175139904,2.83211088180542,-0.025494230911135674,5.498144149780273
30015488,0.1551368534564972,-0.012001222930848598,-0.017394397407770157,-0.014256500639021397,-0.052233047783374786,-0.014382935129106045,0.009376749396324158,0.06826667487621307,0.00298130395822227,2.153665065765381,0.015458310022950172,6.404196739196777
30146560,0.6685360670089722,0.04332607612013817,0.04069506749510765,-0.01020099688321352,0.04818718880414963,0.00886747520416975,-0.04488001763820648,-0.019092556089162827,0.027568794786930084,3.098992347717285,-0.04729187488555908,5.236800193786621
30277632,0.4848411977291107,0.0077561247162520885,0.004079441074281931,-0.0002843707916326821,0.017466984689235687,-0.021222591400146484,-0.012435098178684711,0.012200367636978626,-0.0037577543407678604,2.777888059616089,0.025658095255494118,5.620062828063965
30408704,0.2833687365055084,0.007455133832991123,0.006047248374670744,-0.02498135343194008,-0.06544807553291321,0.043062832206487656,-0.03304082900285721,0.0339820422232151,0.006691540591418743,2.6884305477142334,-0.018995344638824463,6.246936798095703
30539776,0.12496141344308853,0.0029141881968826056,0.007487479131668806,-0.01676955632865429,0.03332194313406944,-0.015797121450304985,-0.0038554733619093895,0.04566275700926781,0.004702696111053228,2.482438802719116,0.05156593769788742,6.379728317260742
30670848,0.3777064383029938,0.0030948782805353403,0.000418079667724669,-0.006053237710148096,0.026104172691702843,0.004479256458580494,-0.013611597940325737,0.024205205962061882,0.014768410474061966,2.8592593669891357,-0.010489664040505886,5.742737770080566
30801920,0.334696888923645,0.0059179882518947124,0.0012632145080715418,0.029963890090584755,-0.008243664167821407,0.00040704355342313647,-0.017185358330607414,0.03383224084973335,0.002322569489479065,3.086125373840332,0.0770435556769371,5.428414821624756
30932992,0.2989507019519806,0.003664477029815316,0.0022318142000585794,0.033644162118434906,0.060228850692510605,-0.0317872129380703,0.05061931163072586,0.0734669640660286,0.025742478668689728,2.645073652267456,0.07095843553543091,5.909756183624268
31064064,0.780074954032898,0.022727176547050476,0.03168226033449173,0.10358069092035294,0.050242722034454346,0.10987808555364609,0.10256433486938477,0.03624894469976425,0.024627061560750008,2.8946471214294434,-0.014436067081987858,5.437944412231445
31195136,0.2613231837749481,-0.0035106230061501265,-0.000667907646857202,-0.0029912523459643126,-0.027968186885118484,0.048148319125175476,0.04721381887793541,0.026583019644021988,-0.01062760129570961,2.2495501041412354,0.003271635388955474,6.338974952697754
31326208,0.20610061287879944,0.0221706610172987,0.019437989220023155,-0.043942056596279144,-0.004644877277314663,0.10054045170545578,0.07860729098320007,0.04639721289277077,0.005135891027748585,2.3779265880584717,-0.0219661146402359,6.183934688568115
31457280,0.15597692131996155,-0.00035031576408073306,0.0041961935348808765,0.014014370739459991,0.014417344704270363,0.007883811369538307,0.044646915048360825,0.026190396398305893,-0.008168994449079037,2.89536190032959,0.17880702018737793,5.575146675109863
31588352,0.6180960536003113,0.03784490376710892,0.035518258810043335,0.06683782488107681,0.044304654002189636,0.0709523931145668,-0.04275348037481308,0.031684745103120804,0.05147626996040344,3.127068519592285,0.08340668678283691,5.25661563873291
31719424,0.820085346698761,0.024409065023064613,0.046173762530088425,0.0422789603471756,0.09980185329914093,0.04280846565961838,0.03268000856041908,0.01643504947423935,0.05446629971265793,4.4101057052612305,0.11087680608034134,5.6769795417785645
31850496,0.20659777522087097,0.006745204329490662,0.0035899190697818995,0.09392137825489044,-0.0310050081461668,-0.02241441048681736,0.01196468248963356,-0.05132892727851868,-0.013301782310009003,1.9866487979888916,0.12355268001556396,5.798763751983643
31981568,0.42805859446525574,0.014466642402112484,0.011933409608900547,0.012824172154068947,-0.031474579125642776,0.13920773565769196,-0.04356582835316658,0.0054940409027040005,0.04628792405128479,3.100367784500122,0.052161797881126404,4.863582134246826
32112640,0.16888438165187836,0.00017766011296771467,0.005380508489906788,0.029043573886156082,0.04338588938117027,0.022769512608647346,0.03824123740196228,-0.01791703701019287,0.00626374501734972,2.5169548988342285,0.03595292568206787,6.107789516448975
32243712,0.4017722010612488,-0.004790696781128645,-0.004933355376124382,0.030264923349022865,0.017316315323114395,0.059018541127443314,0.035588670521974564,0.002959243254736066,0.013710911385715008,2.8554418087005615,-0.09919887036085129,5.641915321350098
32374784,0.2991631329059601,0.00752886151894927,0.0037404713220894337,0.05897069349884987,0.08517592400312424,0.06721047312021255,0.05805106833577156,-0.0019776003900915384,-0.0013485392555594444,2.6495020389556885,-0.031813621520996094,5.924440860748291
32505856,0.2916880249977112,0.005022210069000721,0.0020008785650134087,0.05403866246342659,-0.032050833106040955,0.0119337048381567,0.0009402274154126644,-0.028154343366622925,0.015641143545508385,1.9800779819488525,0.011295333504676819,7.061826229095459
32636928,0.5881683230400085,0.009985269047319889,0.014995723031461239,0.01432802528142929,0.00559711828827858,0.07535386830568314,0.03721338510513306,0.06749096512794495,0.002343072323128581,2.2640221118927,-0.07063809037208557,6.132872581481934
32768000,0.197853222489357,-0.001015597372315824,-0.002348486566916108,-0.008734590373933315,-0.007735700812190771,-0.06392104923725128,-0.027582494542002678,-0.03158283233642578,0.0072511048056185246,2.654918670654297,0.07294847816228867,6.572382926940918
32899072,0.3936205208301544,0.004375475458800793,0.005619526375085115,0.00941092986613512,0.0383993424475193,0.015252216719090939,0.07503388822078705,0.03526347503066063,0.027757905423641205,2.1049280166625977,0.08132679015398026,6.429766654968262
33030144,0.303741991519928,-0.002359598409384489,0.004570974502712488,0.0075069391168653965,-0.01022741012275219,0.10428187996149063,0.04795268177986145,-0.015566106885671616,0.012884201481938362,2.4749932289123535,-0.08139913529157639,6.308115482330322
33161216,0.3768725097179413,0.0004754281835630536,0.00029411280411295593,0.016981402412056923,-0.06273374706506729,0.06843525916337967,0.029291504994034767,0.03940432891249657,0.005464582704007626,1.9642460346221924,-0.02906298264861107,6.847602844238281
33292288,0.29344508051872253,0.005906458478420973,0.0065856315195560455,0.045757804065942764,0.08620183169841766,0.15767733752727509,0.03451193496584892,-0.013270259834825993,0.018556924536824226,2.8055105209350586,0.0006608091061934829,5.893270969390869
33423360,0.34043267369270325,0.0071893795393407345,0.0026371690910309553,-0.005578292068094015,0.006692326627671719,0.07807900011539459,0.003267433028668165,0.04494945704936981,0.019676147028803825,2.3176000118255615,-0.004685734864324331,6.42511510848999
33554432,0.3891162574291229,0.006512658670544624,0.028974713757634163,-0.026015106588602066,0.011670725420117378,0.042519062757492065,0.034881606698036194,-0.010214465670287609,0.011797813698649406,3.4249682426452637,-0.040813229978084564,5.428945064544678
33685504,0.6546949744224548,0.0068831248208880424,0.005730520002543926,0.0035908252466470003,-0.002100468147546053,0.03525189310312271,-0.01219920627772808,0.0022366370540112257,-0.003369684563949704,3.776139974594116,-0.03404640406370163,4.882650375366211
33816576,0.5104978680610657,-0.004187445621937513,-0.00834745354950428,0.04598302021622658,-0.006230853497982025,0.008434326387941837,-0.05240334942936897,0.04449212923645973,0.02638382650911808,3.1732070446014404,-0.023064911365509033,5.523975849151611
33947648,0.38294821977615356,0.006744564976543188,0.0002762586227618158,0.038891199976205826,0.05176445469260216,0.020466025918722153,-0.04891222342848778,-0.009315932169556618,0.010423252359032631,2.7574212551116943,-0.047791801393032074,6.137539863586426
34078720,0.41785404086112976,0.0021519612055271864,-0.006874945014715195,-0.02626512385904789,0.028919581323862076,0.20820458233356476,0.05351671576499939,0.02311626635491848,0.03988484665751457,2.740687370300293,-0.01889420486986637,5.798669815063477
34209792,0.16594508290290833,0.0005640984745696187,-0.003061167895793915,-0.00975111499428749,-0.024787066504359245,0.07541044056415558,0.010035969316959381,-0.03210755065083504,0.0029000991489738226,2.0956358909606934,-0.03769708797335625,7.0264177322387695
34340864,1.0428340435028076,0.02244431897997856,0.03492164984345436,0.0747433453798294,0.0602412186563015,0.02989436313509941,0.021272731944918633,-0.006345964502543211,0.030613090842962265,5.454696178436279,-0.08579214662313461,4.107677936553955
34471936,0.47185519337654114,0.027666591107845306,0.036695096641778946,0.05746016651391983,-0.011168194003403187,0.1357811838388443,-0.056834202259778976,0.02298092283308506,0.03896887227892876,3.221198797225952,-0.021735453978180885,4.704564094543457
34603008,0.2259509116411209,0.01075082179158926,0.0011690789833664894,0.050864290446043015,-0.027209430932998657,0.0725771114230156,0.02319864183664322,0.004763426259160042,-0.006937318481504917,2.8071258068084717,0.05877009406685829,5.673061370849609
34734080,0.6904891729354858,0.013739424757659435,0.033784203231334686,0.045998893678188324,-0.032053589820861816,0.05985037237405777,-0.02292351983487606,-0.02644304744899273,0.011329063214361668,2.686596393585205,-0.10015437006950378,5.625140190124512
34865152,0.5362086296081543,0.021367494016885757,0.013141010887920856,0.024714801460504532,-0.011358863674104214,0.03993985801935196,0.0030422683339565992,0.05335700884461403,0.016655907034873962,3.1915149688720703,-0.09350010007619858,5.6326518058776855
34996224,0.27877578139305115,0.007316394709050655,0.012248754501342773,-0.04312821105122566,0.07465966045856476,0.09568583220243454,0.025774292647838593,0.05847281590104103,0.006725057493895292,2.9321365356445312,-0.021400954574346542,5.96592903137207
35127296,0.29693982005119324,0.011755825020372868,0.013631699606776237,0.006586519535630941,0.02264363318681717,0.03554369881749153,0.05634864792227745,0.030293405055999756,0.013922743499279022,2.2988452911376953,0.1498401015996933,6.294131755828857
35258368,0.22115817666053772,-0.005360281560570002,-0.0022596188355237246,0.015480202622711658,-0.029549671337008476,-0.014419298619031906,-0.04263467714190483,0.04428132623434067,0.015109602361917496,2.6768393516540527,-0.03957122936844826,6.311612129211426
35389440,0.5137673020362854,0.017540547996759415,0.012338994070887566,0.06729097664356232,0.03952118381857872,0.07624566555023193,0.06106943637132645,0.05140351504087448,0.016323793679475784,2.7245290279388428,0.02389690652489662,5.891866207122803
35520512,0.1736832857131958,0.0035677545238286257,0.0007423712522722781,0.022834664210677147,0.06544619798660278,0.010237684473395348,0.026062829419970512,0.045878488570451736,0.017484484240412712,1.9402194023132324,-0.017073456197977066,6.759098052978516
35651584,0.37143540382385254,-0.00420055678114295,0.004018961917608976,0.009571371600031853,0.03503858670592308,0.00711966585367918,0.033991411328315735,0.07599204778671265,0.032445769757032394,3.1294655799865723,0.0068724132142961025,5.5304083824157715
35782656,0.1306125372648239,0.0020282084587961435,0.0049104755744338036,0.009608256630599499,-0.004238656722009182,0.03499918058514595,-0.008301891386508942,0.031733717769384384,0.008387825451791286,2.1172194480895996,0.010918955318629742,6.705754280090332
35913728,0.2804163098335266,0.01709519326686859,0.011617547832429409,0.05538025498390198,0.0004715216055046767,0.1412126123905182,-0.000375009753042832,-0.006198708899319172,0.017341027036309242,2.5401358604431152,-0.11564512550830841,6.153195858001709
36044800,0.19287236034870148,-0.0018849486950784922,-0.003185817738994956,0.0797419399023056,-0.03166878595948219,0.12203976511955261,0.03954864665865898,-0.012170402333140373,0.015209629200398922,3.0053794384002686,-0.014586375094950199,5.414499282836914
36175872,0.2524189054965973,-0.0013729247730225325,-0.001517699216492474,0.02575507201254368,0.07212294638156891,0.03988760709762573,0.07299893349409103,0.007827362976968288,0.0037898642476648092,2.108053207397461,0.00965617410838604,6.692829132080078
36306944,0.2541850507259369,0.0006604570662602782,-0.0011957584647461772,-0.028991537168622017,-0.024256134405732155,-0.0012369706528261304,-0.023770594969391823,0.018834784626960754,0.010227975435554981,1.9306976795196533,0.11766460537910461,7.044206142425537
36438016,0.3873375952243805,0.008219544775784016,0.005357894115149975,0.016883932054042816,0.029591675847768784,0.1072387769818306,0.059031497687101364,0.05061091110110283,0.005030788481235504,2.0310189723968506,0.08650006353855133,6.699025630950928
36569088,0.2409917414188385,1.953604441951029e-05,0.00249492097645998,0.05094219371676445,-0.015797611325979233,0.07972579449415207,0.02407809905707836,0.08329041302204132,0.024352557957172394,2.6129305362701416,-0.06966514885425568,6.4433207511901855
36700160,0.2674887478351593,0.0074706170707941055,0.014189835637807846,-0.003142263274639845,0.09305161982774734,0.006535907741636038,0.06662137061357498,0.031237976625561714,0.013209457509219646,1.9944086074829102,0.0838230773806572,6.809218883514404
36831232,0.20575426518917084,-0.004584142006933689,0.0008028281154111028,0.03010283038020134,-0.06499147415161133,-0.04550149664282799,0.006398379802703857,-0.008486609905958176,0.019008275121450424,2.280503749847412,0.008453141897916794,6.830088138580322
36962304,1.0310454368591309,0.02624964900314808,0.02673615887761116,0.06023154407739639,0.08195338398218155,0.15102851390838623,0.05942018702626228,-0.007794870063662529,0.0438578724861145,5.070058345794678,-0.027022087946534157,5.066575527191162
37093376,0.5675233006477356,0.0019098822958767414,-0.0035595225635915995,0.08948323875665665,-0.023210929706692696,0.006269362289458513,0.012222273275256157,0.02916029281914234,0.017875373363494873,3.661449670791626,0.002725224709138274,4.655508995056152
37224448,0.6071996092796326,0.01662590727210045,0.013829424045979977,0.021023036912083626,0.026451902464032173,0.05443968251347542,-0.0455138273537159,0.01333424262702465,0.02275458350777626,3.373445749282837,-0.12296140193939209,5.344719409942627
37355520,0.1860419362783432,0.007137091364711523,0.007699197623878717,0.029821665957570076,-0.009775934740900993,0.020317640155553818,0.010334713384509087,0.053475916385650635,0.0009817631216719747,2.228395700454712,0.11868931353092194,6.524505138397217
37486592,0.388978511095047,0.0082379300147295,-0.005873943213373423,0.05163902789354324,-0.03090275265276432,0.07195554673671722,0.06417274475097656,0.053655680269002914,-0.009787284769117832,2.54917049407959,-0.053115103393793106,6.017494201660156
37617664,0.6775126457214355,-0.004094811622053385,-0.007251397706568241,-0.009919176809489727,-0.03495778143405914,-0.04496580734848976,-0.03272209316492081,0.03374433144927025,0.01052783615887165,3.459153652191162,0.016666196286678314,5.672477722167969
37748736,0.28401148319244385,0.003726734546944499,-0.0018882093718275428,0.01092708483338356,0.050082482397556305,0.026721099391579628,0.03665410354733467,0.05252111703157425,0.013267355039715767,1.694164752960205,0.03673219680786133,7.24324893951416
37879808,0.3070642650127411,0.00831505935639143,-0.0011785476235672832,-0.002015475882217288,0.052181426435709,0.04538683220744133,0.11372070759534836,0.03547971695661545,0.014458458870649338,2.067067861557007,0.11339083313941956,6.82377815246582
38010880,0.3582153022289276,0.009691106155514717,0.005120303016155958,0.0007209032191894948,0.0016307904152199626,-0.013823136687278748,0.06117238849401474,0.03190438821911812,-0.003917612135410309,1.8546741008758545,0.038841187953948975,7.101603984832764
38141952,0.548838198184967,-0.017042705789208412,-0.010256503708660603,-0.07712646573781967,0.08285532891750336,0.010413430631160736,0.009378707036376,-0.028356878086924553,0.017048662528395653,3.4441938400268555,-0.04578854516148567,5.405226707458496
38273024,0.4615407884120941,-0.0006677075289189816,0.00035536091309040785,0.04260554537177086,0.046795036643743515,-0.02152526006102562,0.08071776479482651,0.05969298258423805,0.018097491934895515,2.645949602127075,0.05061381310224533,5.975468635559082
38404096,0.13235852122306824,-0.004943776875734329,-0.001191423973068595,0.015364558435976505,0.03712169826030731,0.015480546280741692,0.022544842213392258,0.030307650566101074,0.010841918177902699,1.331688642501831,-0.07847185432910919,7.947947025299072
38535168,0.3079710602760315,0.014805280603468418,0.009600191377103329,0.04096265509724617,0.09704471379518509,0.12971913814544678,-0.0316600427031517,0.07924589514732361,0.0022475917357951403,2.635516405105591,0.023365454748272896,6.203611373901367
38666240,0.4001123905181885,0.012240135110914707,0.02098246105015278,0.04123309627175331,-0.01304486021399498,0.010650068521499634,0.028578447178006172,-0.021664945408701897,0.009047740139067173,2.0220508575439453,0.0221860334277153,7.0740966796875
38797312,0.2490399330854416,0.008167417719960213,0.009255863726139069,0.06534786522388458,-0.01841716468334198,0.09790600836277008,0.05789719149470329,0.058609284460544586,0.004423796199262142,2.279597759246826,-0.06362419575452805,6.650024890899658
38928384,0.49276185035705566,0.007798404432833195,0.014789600856602192,-0.006167546380311251,0.022801561281085014,0.12481489032506943,0.03700876981019974,0.04386010020971298,0.02310548909008503,2.2784264087677,0.10770434141159058,6.3411359786987305
39059456,0.4023609757423401,-0.0037772723007947206,-0.007313314359635115,-0.0480932854115963,0.0452316589653492,-0.0020632895175367594,0.045275986194610596,-0.002984693506732583,0.03166837990283966,2.3799149990081787,-0.14002209901809692,6.786809921264648
39190528,0.23869584500789642,0.0012439884012565017,0.006475874688476324,0.009422068484127522,0.029906129464507103,0.03259800747036934,0.027688678354024887,0.03922531008720398,0.01843688264489174,2.3066694736480713,0.07411172986030579,6.701506614685059
39321600,0.6052458882331848,0.009507735259830952,0.007329660002142191,0.029300229623913765,-0.0041451845318078995,0.03589821606874466,0.04908658191561699,0.024007458239793777,0.006677747238427401,3.1525683403015137,-0.025849437341094017,5.74581241607666
39452672,0.5700893402099609,0.003070562146604061,0.010879085399210453,0.08871924877166748,0.09234850853681564,0.08200541883707047,0.0387420691549778,-0.01806870847940445,0.03404510021209717,3.052990436553955,-0.06338807195425034,5.776069164276123
39583744,0.4942522644996643,0.011712508276104927,0.012318789958953857,0.0030766476411372423,0.07959166914224625,0.07903801649808884,0.012983741238713264,0.002406700747087598,0.029538894072175026,3.722890615463257,0.004199237562716007,5.636144638061523
39714816,0.3562043011188507,0.000513921957463026,0.01604238897562027,0.04902268946170807,0.00205239187926054,-0.10154224932193756,-0.05070600286126137,0.02317534014582634,0.01711665838956833,1.8654295206069946,-0.017141439020633698,7.025768756866455
39845888,0.3740379810333252,-0.006013307720422745,-7.820422615623102e-05,0.018340863287448883,0.06483016163110733,-0.01629755273461342,-0.024626728147268295,0.07805536687374115,0.004659771453589201,2.506667137145996,-0.042343705892562866,6.6434125900268555
39976960,0.41644948720932007,0.003291344502940774,0.0009411261416971684,-0.01337488368153572,0.02896055579185486,-0.05479250103235245,0.028349515050649643,0.022270021960139275,0.021305305883288383,2.5872278213500977,0.021586839109659195,6.675721645355225
40108032,0.32211121916770935,0.012211743742227554,-0.009739750996232033,-0.04522894695401192,-0.04352767765522003,-0.0035938082728534937,0.052436962723731995,0.03543037921190262,0.01427872572094202,2.578888416290283,-0.06757409870624542,6.957041263580322
40239104,0.5490412712097168,0.0022329152561724186,0.012194840237498283,-0.01887429878115654,0.012945643626153469,0.1215929165482521,0.002837957814335823,0.03008493222296238,0.002002204768359661,2.73911452293396,-0.0481715127825737,6.309739589691162
40370176,0.3740784227848053,0.011440202593803406,0.008384037762880325,0.001589567749761045,0.004638950806111097,0.051303353160619736,0.03454982861876488,0.014737960882484913,0.01607782393693924,3.170689344406128,-0.05453513190150261,6.33026123046875
40501248,0.8238165378570557,-0.0010996432974934578,-0.006222754716873169,-0.005175662226974964,0.06283871829509735,0.09578987210988998,0.07813750207424164,0.036960504949092865,0.04230586811900139,3.4681596755981445,-0.1013260930776596,4.7876129150390625
40632320,0.07745330780744553,-0.002209266647696495,-0.006901207845658064,-0.028679534792900085,-0.0036657240707427263,0.15305812656879425,0.07987035810947418,0.03538302332162857,0.005171827040612698,1.9764255285263062,0.07180962711572647,7.2288923263549805
40763392,0.644931435585022,0.0028003123588860035,-0.005359002389013767,0.006712017115205526,-0.019535386934876442,-0.010650190524756908,0.04551945999264717,0.04707759618759155,0.015402277000248432,2.267348527908325,0.08629260212182999,6.144527435302734
40894464,0.46489623188972473,0.005119781009852886,0.0024264114908874035,-0.0002722546341829002,-0.0012019225396215916,0.06002383679151535,0.08745846152305603,0.04078835994005203,0.00800593476742506,3.5327296257019043,-0.05555868521332741,5.056708812713623
41025536,0.3011415898799896,-0.0019951213616877794,0.003909538500010967,-0.00015901921142358333,0.05315708369016647,-0.01082188356667757,0.05115482583642006,0.07346417009830475,-0.002494511427357793,2.384979724884033,0.06430317461490631,6.531127452850342
41156608,0.29639732837677,-0.000641416001599282,0.003569306107237935,0.03448841720819473,0.030846284702420235,0.07745915651321411,0.007279702927917242,0.02948184125125408,-0.005087787285447121,2.506659984588623,0.16467516124248505,6.350855827331543
41287680,0.5080280303955078,-0.0006059440202079713,0.008661547675728798,0.03966129571199417,0.037165071815252304,0.055481310933828354,0.022130727767944336,0.05158529430627823,0.013241793029010296,2.1592178344726562,0.041385963559150696,6.369855880737305
41418752,0.6577553749084473,-0.01473761536180973,0.012996509671211243,0.1250516027212143,0.05798286944627762,0.022124871611595154,-0.04586844891309738,0.02695808932185173,0.0332828126847744,3.9524712562561035,0.019339360296726227,5.072111129760742
41549824,0.31679674983024597,0.023398147895932198,0.02184867672622204,0.06739327311515808,0.016719510778784752,-0.04518769308924675,0.02695854939520359,0.018099645152688026,0.03503834083676338,2.2439472675323486,-0.008813244290649891,6.95826530456543
41680896,0.5148360133171082,0.00746832974255085,0.007290649693459272,0.014589508064091206,0.004280795808881521,0.08283472061157227,0.008770550601184368,-0.013965900987386703,0.02992975153028965,2.84053635597229,-0.005831399001181126,5.875521183013916
41811968,0.4714650809764862,0.006902409717440605,0.014544544741511345,-0.03221660852432251,0.015423483215272427,0.13369394838809967,0.04096970707178116,0.01977769285440445,0.011919155716896057,2.5698740482330322,0.057720303535461426,6.058751583099365
41943040,0.20612163841724396,-0.0046712057664990425,-0.007706723641604185,0.020360171794891357,-0.011779306456446648,0.027963535860180855,-0.00473798019811511,0.07164810597896576,0.004117907956242561,2.4848833084106445,-0.05943835899233818,6.763562202453613
42074112,0.3590991497039795,0.0029783230274915695,0.002047414891421795,0.0066320933401584625,0.02898821420967579,-0.08096329122781754,-0.017903991043567657,0.00020695630519185215,0.026198478415608406,2.516850709915161,0.0013579536462202668,6.575788974761963
42205184,0.8308414220809937,0.0016095202881842852,0.02609551139175892,0.0948229432106018,0.09149236977100372,0.07186095416545868,-0.02587311342358589,-0.04362840950489044,0.0457102470099926,5.460339069366455,-0.005769462790340185,5.625446319580078
42336256,0.22847558557987213,0.017894472926855087,0.03098571114242077,0.1513831466436386,0.06265454739332199,-0.1156177967786789,0.012921305373311043,-0.0021690737921744585,0.04542392119765282,2.6377639770507812,-0.13181360065937042,5.073486328125
42467328,0.31449538469314575,0.005735998507589102,0.005059116519987583,0.05927398428320885,0.06941576302051544,0.011899461038410664,0.08921830356121063,0.06167023256421089,-0.01497663464397192,2.034524917602539,-0.002365418476983905,7.061676979064941
42598400,0.26186487078666687,-0.0020320280455052853,-0.00013876990124117583,0.042606890201568604,0.05585934966802597,-0.031756144016981125,0.02118583582341671,0.04405389353632927,0.009393633343279362,2.6618828773498535,0.006676119286566973,6.6306939125061035
42729472,0.39268383383750916,-0.009518387727439404,0.011160973459482193,0.02379935421049595,-0.0064027560874819756,0.013506478630006313,0.056355927139520645,0.023267561569809914,-0.01934274286031723,2.3792264461517334,0.05057631805539131,6.600497722625732
42860544,0.25741538405418396,0.0065065291710197926,0.0014127818867564201,0.017003409564495087,-0.015234984457492828,0.07060980796813965,0.0224755946546793,0.05586531013250351,0.008581059984862804,3.008484363555908,-0.022684436291456223,6.368135929107666
42991616,0.2520224153995514,-0.00109898264054209,-0.004397842101752758,-0.009240622632205486,0.002723286161199212,-0.02901393547654152,0.015447735786437988,0.013940535485744476,-0.004919105675071478,2.410299062728882,0.05743270367383957,6.881894588470459
43122688,0.06409693509340286,-0.00858914665877819,-0.006816414650529623,-0.007837043143808842,-0.02534487284719944,0.003445893060415983,-0.020364440977573395,0.0185154490172863,-0.005931624677032232,2.146271228790283,0.061972472816705704,7.399154186248779
43253760,0.6528657674789429,0.011239261366426945,0.013890868052840233,0.11877809464931488,0.05389551445841789,0.15543656051158905,0.035478051751852036,0.0030524542089551687,0.022825613617897034,3.2658443450927734,-0.07167816162109375,5.376035690307617
43384832,0.34639331698417664,0.005684344097971916,0.001358368550427258,0.025892658159136772,-0.023293983191251755,-0.03925856575369835,-0.05570902302861214,0.041473254561424255,0.011807224713265896,2.479196310043335,0.14458008110523224,6.663998603820801
43515904,0.09508469700813293,-0.00606235908344388,0.0033275820314884186,0.025718452408909798,0.005147239658981562,-0.00464934716001153,-0.011853313073515892,0.023809395730495453,0.012254863046109676,2.077890157699585,0.0012727848952636123,7.341736793518066
43646976,0.336031049489975,0.004057265818119049,0.0001438724430045113,-0.014618306420743465,-0.05254650488495827,0.06883186101913452,0.01972731202840805,0.009778708219528198,0.005808727815747261,3.041083574295044,0.00461129704490304,6.266258716583252
43778048,0.3745500147342682,0.005647560581564903,0.006938785780221224,0.04082028940320015,0.05168311670422554,0.0629272386431694,0.002433798974379897,0.04611958563327789,0.0388789065182209,2.6625473499298096,0.045495450496673584,6.1248979568481445
43909120,0.2129479944705963,-0.0010673293145373464,-0.004516178742051125,0.0001646027812967077,-0.045694783329963684,0.06592459231615067,-0.005340151488780975,0.00023283378686755896,0.02461971715092659,2.591036796569824,0.08008932322263718,6.673095226287842
44040192,0.7387826442718506,0.009827650152146816,0.02816096320748329,-0.007478923536837101,0.008299756795167923,0.15228919684886932,0.026868954300880432,-0.014902339316904545,0.04177219048142433,3.383511781692505,-0.03088255785405636,5.732964992523193
44171264,0.739465594291687,0.019789040088653564,0.00602356530725956,-0.007904104888439178,-0.014921139925718307,0.08894044905900955,0.04917215183377266,0.02597966231405735,0.02245187573134899,2.734614610671997,-0.03335714712738991,6.2118144035339355
44302336,0.43583735823631287,0.013119522482156754,0.020473018288612366,0.00068916060263291,0.09902288764715195,0.06386072188615799,-0.0054254974238574505,0.07739908993244171,-0.001097422675229609,2.0310118198394775,0.08283795416355133,6.4398512840271
44433408,0.27576902508735657,-0.0026106727309525013,0.0058882106095552444,0.04362254589796066,0.02876935340464115,-0.0634954571723938,0.008236018940806389,0.03381108120083809,-0.02139243856072426,2.6970129013061523,0.06008489057421684,6.661078453063965
44564480,0.16098301112651825,0.0015825810842216015,-0.0011052953777834773,0.03218536078929901,-0.001526106265373528,0.004049140028655529,-0.0034267292357981205,0.02407333068549633,-0.017381321638822556,2.3739840984344482,0.06273050606250763,6.938143730163574
44695552,0.29694169759750366,0.008562645874917507,0.0066823530942201614,0.024472620338201523,0.0461285226047039,0.03650654852390289,0.02194834128022194,0.032265353947877884,0.01478304248303175,1.9962952136993408,-0.03899500146508217,7.254909515380859
44826624,1.4078781604766846,0.054526325315237045,0.06510625779628754,-0.010053399950265884,0.0841720700263977,0.020289454609155655,-0.0028840007726103067,-0.04378333315253258,0.04240375757217407,6.875502586364746,-0.039391469210386276,5.360778331756592
44957696,0.17583806812763214,0.018954364582896233,0.026062965393066406,0.05611063539981842,0.03244835510849953,0.11940951645374298,-0.008065070025622845,0.022817501798272133,0.03886578977108002,2.6305184364318848,-0.07244974374771118,5.435548782348633
45088768,0.25772786140441895,0.012803405523300171,0.003410123288631439,0.019498774781823158,0.06029056757688522,0.052632082253694534,0.04015464708209038,0.10901016741991043,0.002329262439161539,2.0120694637298584,-0.010422677733004093,7.101285934448242
45219840,0.6382156610488892,0.014869539998471737,0.014712268486618996,0.028767012059688568,0.020507320761680603,0.03625277802348137,0.018813839182257652,0.052469681948423386,0.03821823000907898,3.1224427223205566,-0.016204627230763435,5.7442145347595215
45350912,0.1901276409626007,-0.00018285568512510508,-0.0038909041322767735,0.00016143372340593487,-0.03876635432243347,0.00793724786490202,0.009274419397115707,0.01344207301735878,-0.005524555686861277,1.7415831089019775,0.03633015230298042,7.753544330596924
45481984,0.32130080461502075,0.0009461742010898888,-0.0030087081249803305,0.022163068875670433,-0.01758451946079731,9.372316708322614e-05,0.021911589428782463,0.010139144025743008,-0.007238567806780338,2.578409194946289,0.01629410684108734,6.800201416015625
45613056,0.3522598147392273,0.0008169349748641253,0.004031770396977663,0.007995594292879105,0.007156493607908487,0.12188255041837692,-0.012993705458939075,0.019237082451581955,0.029807772487401962,2.1021361351013184,-0.0441722646355629,7.203197002410889
45744128,0.28992515802383423,0.01208948902785778,0.009608988650143147,-0.0054952241480350494,-0.014573927037417889,-0.024439901113510132,-0.008247599005699158,0.005651965271681547,0.0013320320285856724,2.7237610816955566,-0.021663939580321312,6.800025463104248
45875200,0.3172416388988495,-0.0017282209591940045,0.002893052063882351,-0.025083549320697784,0.016236621886491776,0.036136262118816376,-0.007468142546713352,-0.012937420979142189,0.011913986876606941,1.8704826831817627,0.055926401168107986,7.481344223022461
46006272,0.43464961647987366,0.011606880463659763,0.013359860517084599,0.029723333194851875,0.12815551459789276,0.19184283912181854,0.052211083471775055,-0.015999192371964455,0.025698278099298477,3.052022933959961,-0.012347633019089699,5.917054176330566
46137344,0.30414870381355286,0.01815943233668804,0.0048534562811255455,0.017433762550354004,0.04857197403907776,0.09671724587678909,-0.015705369412899017,0.0076728942804038525,-0.008916232734918594,2.789954423904419,0.08237986266613007,6.482301712036133
46268416,0.43520182371139526,0.012614854611456394,0.009237542748451233,-0.01381795946508646,0.030112529173493385,-0.04083380475640297,0.007041332311928272,0.051506754010915756,0.02379627153277397,2.989839792251587,-0.022205576300621033,6.325575828552246
46399488,0.4069669842720032,-0.0024008227046579123,-5.624822370009497e-05,-0.044663701206445694,0.02578890509903431,0.0012134768767282367,0.016178321093320847,0.06821870803833008,-9.263604442821816e-05,2.133422613143921,0.09537222236394882,7.062995433807373
46530560,0.3602502942085266,0.003538464428856969,0.0035390981938689947,-0.03669646009802818,-0.029044661670923233,0.05749014765024185,0.03174911066889763,0.0897742435336113,0.0066086468286812305,3.295269727706909,-0.022812893614172935,5.822643280029297
46661632,0.406278133392334,-0.002297318307682872,0.000102782498288434,0.04048658534884453,0.03225584700703621,0.07093649357557297,-0.008602227084338665,0.013192807324230671,0.031178366392850876,2.4883954524993896,-0.03163585811853409,6.620488166809082
46792704,0.39206361770629883,0.005878522992134094,0.002072589937597513,0.014161519706249237,0.025865349918603897,0.13374772667884827,0.10301975905895233,0.048450980335474014,-0.00011275563156232238,2.118140935897827,-0.007367281708866358,6.987818717956543
46923776,0.5639035105705261,-0.0021554024424403906,0.006061332765966654,0.01573343388736248,-0.023131627589464188,0.0011449510930106044,0.005230098497122526,0.010640015825629234,0.006458935793489218,2.1296775341033936,0.03582265228033066,7.028085708618164
47054848,0.4855290353298187,0.005564653780311346,0.0034972410649061203,-0.009168010205030441,0.10920100659132004,0.03777951002120972,-0.026042724028229713,0.03817341849207878,0.015363370068371296,2.7045493125915527,0.0008167225169017911,6.582343578338623
47185920,0.28863322734832764,0.005361305084079504,0.001532942638732493,-0.021070674061775208,-0.04774859547615051,-0.04910062998533249,0.027729321271181107,0.011648325249552727,-0.009329537861049175,2.4017677307128906,-0.010109183378517628,7.2743096351623535
47316992,0.3802800476551056,0.01121495570987463,0.00571820605546236,-0.012811289168894291,0.0379185676574707,0.11245495080947876,0.05900838226079941,0.026927299797534943,0.007123657036572695,2.0105984210968018,0.12867845594882965,7.109360694885254
47448064,1.4676092863082886,0.03268304467201233,0.05574694648385048,0.05599995702505112,0.032348718494176865,0.14757800102233887,-0.0514531284570694,-0.03828724846243858,0.08010317385196686,7.213540554046631,-0.10914594680070877,5.705286502838135
47579136,0.630311906337738,0.03498747944831848,0.029311424121260643,0.061787765473127365,0.004723586142063141,0.05268305540084839,-0.05947546288371086,0.0015401386190205812,0.025634970515966415,3.450888156890869,-0.10067609697580338,4.855949401855469
47710208,0.8796895742416382,0.03150458633899689,0.024826576933264732,-0.041495271027088165,0.014591342769563198,0.05216319486498833,-0.025863131508231163,-0.0484728142619133,-0.04285632446408272,3.235334873199463,0.05017001926898956,4.670929908752441
47841280,0.2546727657318115,0.013575582765042782,0.011692509055137634,0.024534370750188828,0.035059407353401184,0.043938640505075455,0.009479912929236889,0.06555408239364624,0.00901060551404953,1.6381651163101196,0.06959860026836395,7.652810096740723
47972352,0.24387408792972565,0.002275698585435748,-5.430733654065989e-05,0.015756724402308464,0.005816630553454161,-0.01816456951200962,0.045004602521657944,0.07676594704389572,0.0052456334233284,2.3042948246002197,-0.06313247233629227,7.1056365966796875
48103424,0.3212607800960541,0.014905066229403019,0.010549759492278099,0.014768523164093494,0.012094066478312016,0.042656105011701584,-0.02380332350730896,0.05516825243830681,0.005835729651153088,1.9148666858673096,0.037068381905555725,7.408720016479492
48234496,0.39990532398223877,0.00873347744345665,0.02263009361922741,0.014694908633828163,0.05412549525499344,0.026406362652778625,0.032189346849918365,-0.01683449000120163,0.043757230043411255,3.3530771732330322,0.11214926093816757,5.58239221572876
48365568,0.41841620206832886,-0.0025912022683769464,0.0003549245302565396,0.008697516284883022,0.05066316947340965,0.02352219447493553,0.028197407722473145,0.018191561102867126,0.0005673529230989516,2.1136159896850586,0.0732208713889122,7.033421993255615
48496640,0.31672441959381104,-0.002764534205198288,-0.008084752596914768,-0.03490050137042999,-0.052265383303165436,0.02232116274535656,0.040550194680690765,0.01738881506025791,0.004034701269119978,2.1628763675689697,0.029769480228424072,7.055318355560303
48627712,0.5031038522720337,0.013651148416101933,0.008094609715044498,0.07196592539548874,0.04341285675764084,0.013845683075487614,0.049185965210199356,0.051032621413469315,0.04268529638648033,2.7030746936798096,-0.018714219331741333,6.390084266662598
48758784,0.3758379817008972,0.015423606149852276,0.013451587408781052,-0.0498061366379261,0.05928390473127365,0.11787110567092896,0.03891090303659439,-0.0131604028865695,0.006978299468755722,2.294947862625122,-0.040391016751527786,6.9263224601745605
48889856,0.2888760268688202,0.01503549050539732,-0.0037341457791626453,0.012515063397586346,0.02625161036849022,-0.0033751523587852716,0.05359623208642006,-0.011375837959349155,-0.0020050443708896637,3.5070173740386963,0.020492104813456535,5.943943977355957
49020928,0.3504343330860138,0.002974481089040637,0.011361151933670044,0.00026671672821976244,-0.013909718953073025,0.09134533256292343,0.02478346973657608,0.055716320872306824,0.006166679784655571,2.6214232444763184,-0.10064292699098587,6.649141788482666
49152000,0.21254126727581024,-0.007328525185585022,0.0018161560874432325,-0.008271224796772003,-0.03492806479334831,0.02929457649588585,0.02096857875585556,0.06380192935466766,0.008593052625656128,2.494523286819458,0.10070198029279709,6.962797164916992
49283072,0.2630120813846588,0.0052712722681462765,0.005565416067838669,0.034571267664432526,0.10779307037591934,0.15183807909488678,-0.004111194051802158,0.01951056905090809,0.010945906862616539,2.395435333251953,-0.005827299319207668,7.09389591217041
49414144,0.3230929970741272,0.004539720714092255,-0.008983924053609371,-0.06960853189229965,-0.0059738378040492535,0.0025335028767585754,-0.0017960460390895605,-0.04101433977484703,-0.002688748762011528,2.338524580001831,0.022584218531847,7.323254585266113
49545216,0.2163989096879959,0.007924407720565796,-0.0011176381958648562,-0.0025060640182346106,-0.013700908981263638,-0.007745036389678717,-0.025817403569817543,-0.029261749237775803,0.0017855296609923244,1.990244746208191,-0.021209368482232094,7.9163312911987305
49676288,0.19581007957458496,0.00012979448365513235,0.012953714467585087,-0.026084959506988525,-0.11596308648586273,-0.024474261328577995,-0.005584674421697855,-0.004521699622273445,0.006396903190761805,1.768525242805481,0.08211580663919449,7.703756809234619
49807360,0.35223543643951416,0.009309699758887291,0.008129731751978397,0.017181305214762688,0.0194262508302927,0.14078447222709656,0.04130145534873009,0.010339423082768917,-0.002983749844133854,2.658261299133301,0.05855214595794678,6.655945777893066
49938432,0.26325204968452454,0.00131412863265723,0.014145750552415848,0.029759446159005165,0.03620113804936409,-0.023791633546352386,0.04484548047184944,-0.006018018815666437,0.0022410589735955,1.6415259838104248,0.000987971667200327,7.520015716552734
50069504,1.4550589323043823,0.04522564634680748,0.046306632459163666,0.003171240445226431,0.015018954873085022,0.13819007575511932,-0.05336784943938255,-0.0619921013712883,0.06779702007770538,6.678067684173584,-0.013909791596233845,5.719295501708984
50200576,0.4217055141925812,0.04073813930153847,0.014889327809214592,-0.006503442768007517,0.03444864600896835,0.005990375764667988,-0.06652697920799255,0.027672456577420235,0.05330447852611542,2.2742505073547363,-0.01089154090732336,5.236822128295898
50331648,0.19850346446037292,0.0014317637542262673,0.0031408192589879036,0.02485949546098709,0.022519508376717567,0.05715508013963699,0.02067253552377224,0.026800397783517838,0.0304547306150198,2.1067700386047363,0.021737337112426758,7.054195404052734
50462720,0.062833771109581,-0.0010258156107738614,0.0015369787579402328,-0.04097145423293114,-0.019261863082647324,0.015019804239273071,-0.03013339824974537,0.06632160395383835,0.006774060893803835,1.7574785947799683,-0.007926642894744873,7.8982696533203125
50593792,0.3330250382423401,0.004377969540655613,0.0030990284867584705,0.02223535068333149,0.03616775944828987,-0.004850366618484259,0.02820776030421257,0.02227676473557949,-0.0016705503221601248,1.9175405502319336,0.012445425614714622,7.379129409790039
50724864,0.04545824974775314,-0.0004195057263132185,0.0051911999471485615,-0.01110569853335619,0.10769130289554596,0.033457133919000626,0.0514545664191246,0.028537102043628693,-0.0011829157592728734,3.135082483291626,-0.10339474678039551,6.529745101928711
50855936,0.3094329237937927,0.0044609373435378075,0.0239435862749815,0.00674327602609992,0.008863568305969238,-0.04980558902025223,-0.035967834293842316,0.03926811367273331,0.020398715510964394,2.813642978668213,0.0056036729365587234,6.768398284912109
50987008,0.2737564444541931,-0.0022852825932204723,0.004786515608429909,-0.031831372529268265,0.027037419378757477,-0.004826939664781094,0.05111251398921013,0.04197635129094124,2.5552273655193858e-05,2.477522850036621,0.030578719452023506,7.084161281585693
51118080,0.3706275522708893,0.0034283404238522053,-0.0030275897588580847,0.021028783172369003,-0.0022474550642073154,0.012712911702692509,0.056313272565603256,0.009625299833714962,0.013676632195711136,1.9681458473205566,0.04352317377924919,7.154999732971191
51249152,0.34949660301208496,0.008430971764028072,0.007121393457055092,0.011208751238882542,0.010358315892517567,0.07943131774663925,0.064503513276577,0.011404725722968578,0.014639534056186676,2.4234867095947266,-0.0017137809190899134,6.670978546142578
51380224,0.14705926179885864,0.0032382989302277565,-0.008958233520388603,0.08036600798368454,0.013837295584380627,0.10437529534101486,0.06978089362382889,0.08137202262878418,0.034291740506887436,2.3912928104400635,0.09563681483268738,6.761780738830566
51511296,0.3814564645290375,-0.002246967051178217,-0.0015969641972333193,-0.005892351735383272,-0.0074812318198382854,-0.023303454741835594,-0.01083405688405037,0.03718944266438484,-0.002412805100902915,2.433699369430542,-0.0009982872288674116,6.991285800933838
51642368,0.27060624957084656,0.00042909759213216603,0.0007003209320828319,0.017370859161019325,-0.01055991929024458,-0.02951979450881481,0.03105930984020233,0.013582578860223293,-0.012711689807474613,2.7202014923095703,0.013905857689678669,6.872095108032227
51773440,0.13068535923957825,0.006875825114548206,0.0011768677504733205,0.0007728954078629613,0.07416588813066483,0.05759168416261673,0.09049570560455322,0.0558367595076561,0.007715380284935236,0.6457985043525696,0.10259010642766953,8.4453706741333
51904512,0.04393212869763374,-0.008576803840696812,-0.008857504464685917,0.028416041284799576,-0.03206983208656311,-0.02676263265311718,-0.04476897791028023,0.04061388969421387,0.00036991905653849244,1.9592074155807495,-0.12418018281459808,7.972142219543457
52035584,0.2549072802066803,0.014456946402788162,0.016743773594498634,0.009471513330936432,0.012134990654885769,-0.10439196974039078,0.01070772297680378,0.06280272454023361,-0.0031095962040126324,1.86232328414917,-0.08358655869960785,7.789613246917725
52166656,0.6671830415725708,0.004389296285808086,-0.0050904229283332825,0.03150220215320587,-0.02483176812529564,-0.0525529570877552,0.016926739364862442,0.03023318387567997,0.011138002388179302,2.8931167125701904,-0.06819306313991547,6.3108978271484375
52297728,0.31432363390922546,-0.0027128621004521847,-0.005892335437238216,-0.03208129480481148,0.04189738258719444,-0.00791231356561184,0.01877017877995968,0.007120046298950911,0.008057747967541218,2.722046375274658,-0.053349461406469345,6.93794584274292
52428800,0.15640930831432343,-0.0020664213225245476,-0.0033616649452596903,0.034974321722984314,-0.022397471591830254,0.06518419831991196,0.0036594278644770384,0.01269619632512331,-0.004798599053174257,1.8017410039901733,0.09495691955089569,7.985842227935791
52559872,0.18315306305885315,0.005954540800303221,0.012037090957164764,0.08191534876823425,-0.049392376095056534,0.10945691913366318,-0.04666447639465332,0.020887207239866257,0.009021627716720104,3.044822931289673,-0.023319702595472336,6.489591121673584
52690944,0.955894947052002,0.03326120972633362,0.038725223392248154,0.04498906433582306,0.13225293159484863,0.16465602815151215,0.00587246660143137,-0.007156112231314182,0.05678209662437439,4.973156929016113,-0.004288928117603064,6.704436779022217
52822016,0.12130016833543777,0.015645721927285194,0.019016914069652557,0.06281531602144241,0.10042210668325424,0.05863812565803528,0.0067277331836521626,-0.027440262958407402,0.05797959491610527,3.0512800216674805,0.04037894308567047,4.912337303161621
52953088,0.3353722393512726,0.0020004254765808582,0.004777014255523682,-0.02341330237686634,-0.021175751462578773,0.05077227205038071,0.006875616032630205,0.01878899335861206,0.0305838193744421,2.5093071460723877,-0.05409344285726547,6.88179349899292
53084160,0.08800788223743439,-0.005578433629125357,-0.005312461871653795,-0.00060156179824844,0.025099460035562515,-0.014257093891501427,0.00726485438644886,0.03762242943048477,0.012940486893057823,2.071230411529541,0.030909033492207527,7.841770648956299
53215232,0.26415419578552246,-0.011305702850222588,-0.01385787408798933,0.01086373534053564,0.045237138867378235,-0.03424886241555214,0.0593847781419754,0.004201044794172049,-0.004258101340383291,2.3136544227600098,-0.028586318716406822,7.115739822387695
53346304,0.39435991644859314,0.003948898520320654,0.010490274988114834,-0.002072200644761324,0.049814168363809586,-0.0018758040387183428,0.04516442492604256,0.051154959946870804,0.01757277362048626,2.759397268295288,-0.027725322172045708,6.482849597930908
53477376,0.1548071950674057,0.004515939392149448,0.0024454607628285885,-0.02256271056830883,0.028441596776247025,-0.022145036607980728,-0.03163709118962288,0.08966293931007385,0.022847676649689674,2.0320611000061035,0.05799294263124466,7.391602039337158
53608448,0.26521679759025574,-0.0033870243933051825,-0.0046716053038835526,0.014248451218008995,-0.031224798411130905,0.010121522471308708,-0.009964361786842346,0.03217935562133789,0.012168807908892632,2.698136568069458,0.049410175532102585,7.046675205230713
53739520,0.4153420329093933,0.0027451456990092993,0.005733352154493332,0.04848533868789673,-0.018774395808577538,-0.0356893427670002,-0.0016760564176365733,0.04197761043906212,0.00446704588830471,2.9292078018188477,-0.012396116741001606,6.245899200439453
53870592,0.4067875146865845,0.00042436967487446964,0.015914926305413246,0.042512066662311554,0.049293842166662216,0.09064258635044098,0.026094699278473854,0.02549765259027481,-0.0018049967475235462,2.2885448932647705,-0.08768469840288162,6.827556610107422
54001664,0.41954705119132996,0.017632056027650833,0.01767583005130291,-0.054514698684215546,0.0024058553390204906,0.03789786621928215,0.046848926693201065,-0.018531523644924164,0.006066708359867334,2.510406255722046,0.10285818576812744,7.112092018127441
54132736,0.2954755425453186,0.0038556032814085484,0.008456015959382057,0.014135792851448059,0.010467326268553734,-0.007884984835982323,0.008376740850508213,0.05850623548030853,0.0013643490383401513,1.9550180435180664,0.06556373834609985,7.290987014770508
54263808,0.4014136493206024,0.004548126831650734,0.003715141210705042,-0.007172687910497189,0.02627825178205967,0.00914537999778986,-0.014454705640673637,0.05135767534375191,0.001239093136973679,2.288905143737793,-0.07676781713962555,7.267175197601318
54394880,0.5131614208221436,-0.0001793504343368113,0.012235311791300774,-0.041309334337711334,0.05814636871218681,0.06002642959356308,-0.013134261593222618,0.005824417807161808,0.01279948279261589,3.1386096477508545,0.02079031616449356,6.133604049682617
54525952,0.31332242488861084,-0.0066657839342951775,-0.00714655127376318,-0.0025710968766361475,-0.05518801510334015,-0.02324858494102955,0.006115399766713381,-0.01401661429554224,0.0007660976843908429,1.972113847732544,-0.00648295134305954,7.594887733459473
54657024,0.3078242242336273,0.0004545895499177277,-0.0025799262803047895,-0.016311096027493477,0.03678256273269653,0.03990951552987099,0.04338143765926361,0.0393340177834034,0.0015731685562059283,2.4370906352996826,-0.022436337545514107,7.274694919586182
54788096,0.4247458875179291,0.002367346780374646,-0.001392166130244732,0.009424413554370403,0.028498822823166847,-0.00507796136662364,-0.022130660712718964,0.025891955941915512,0.010216216556727886,2.510244846343994,0.058074284344911575,6.677286624908447
54919168,0.3882548213005066,0.01304394006729126,0.0089595727622509,-0.027229223400354385,0.04330055043101311,0.0392439067363739,0.004670831374824047,0.007722435984760523,0.018550222739577293,2.628589630126953,-0.06937349587678909,6.960824489593506
55050240,0.3681446313858032,0.008999819867312908,0.012802163138985634,0.06020352616906166,-0.011285565793514252,0.04213740676641464,0.04741055890917778,0.07858727872371674,0.013688087463378906,1.882554054260254,0.08330273628234863,7.319768905639648
55181312,0.6060760617256165,0.018909480422735214,0.019879313185811043,0.0018845876911655068,0.0570712685585022,0.1141185313463211,0.05004874989390373,-0.02054234780371189,0.04125730320811272,2.610870122909546,-0.040237195789813995,6.3511810302734375
55312384,1.2028759717941284,0.03288143128156662,0.03639838472008705,0.061064958572387695,0.09950734674930573,0.1773698627948761,-0.03229792043566704,-0.011751947924494743,0.07605835795402527,6.1883087158203125,0.006714737508445978,5.7571330070495605
55443456,0.1690230816602707,0.026449622586369514,0.018417710438370705,0.02908947877585888,0.019605206325650215,-0.012629212811589241,-0.0432230681180954,0.07404456287622452,0.04913843423128128,2.363821506500244,0.030643999576568604,6.054450035095215
55574528,0.5565418601036072,0.015439163893461227,0.014939242973923683,0.017951810732483864,0.055928073823451996,0.10187884420156479,0.03044738620519638,0.0737079605460167,0.023792648687958717,2.311415433883667,0.06191222742199898,6.63727331161499
55705600,0.2602810263633728,0.00770074175670743,0.01376646663993597,0.06627259403467178,0.01081769447773695,0.06329097598791122,0.010057331062853336,0.009595034644007683,0.011758793145418167,2.0319066047668457,0.029413454234600067,7.45291805267334
55836672,0.4070589542388916,-0.0005370134022086859,-0.0011644520564004779,-0.00460005970671773,-0.02720704674720764,0.09373535960912704,-0.061636827886104584,0.008950481191277504,-0.010785655118525028,2.1534104347229004,0.02669149823486805,7.17176628112793
55967744,0.34069448709487915,-0.008089742623269558,-0.008805970661342144,-0.03531619906425476,-0.07296033948659897,0.053146738559007645,0.005282130092382431,0.011558830738067627,-0.005549237597733736,2.292811155319214,0.056011863052845,6.813353061676025
56098816,0.40603989362716675,0.0095241479575634,0.011965491808950901,0.01898098737001419,-0.01645095832645893,-0.006313871126621962,-0.0024713734164834023,0.07346361875534058,0.006686170119792223,2.806647777557373,-0.020348364487290382,6.344026565551758
56229888,0.5907756686210632,0.008444578386843204,0.0011095430236309767,0.009031829424202442,-0.07180656492710114,-0.024144712835550308,-0.013095525093376637,-0.007380442228168249,0.018964281305670738,2.6425130367279053,0.10712044686079025,6.5309319496154785
56360960,0.36691048741340637,0.001527257147245109,0.005458466708660126,0.02622862532734871,-0.007707223761826754,0.01402328535914421,-0.060916390269994736,0.0024707051925361156,0.007761453278362751,2.22860050201416,-0.015455471351742744,7.065487861633301
56492032,0.27875974774360657,0.0026862765662372112,0.004655652679502964,-0.017795661464333534,0.03469488024711609,0.05144554004073143,0.004239803180098534,0.04917732998728752,0.010494071990251541,1.6910048723220825,-0.02540411613881588,7.664950847625732
56623104,0.3756117522716522,0.00945516861975193,0.018396060913801193,0.04176968336105347,0.11440923810005188,0.11566689610481262,0.047951340675354004,0.0333474762737751,0.011413236148655415,1.9000433683395386,-0.03038235753774643,6.975005626678467
56754176,0.23737093806266785,0.0014861186500638723,-6.978124292800203e-05,0.011188426055014133,0.020675795152783394,0.038782358169555664,-0.007168797310441732,-0.001749728457070887,0.0013314473908394575,1.943088173866272,-0.02394421584904194,7.398208141326904
56885248,0.3238926827907562,0.010874263942241669,0.010994271375238895,0.06605849415063858,0.1226767748594284,0.05627095326781273,0.03497960418462753,0.03534901887178421,0.010410126298666,2.891993999481201,0.042059339582920074,6.00212287902832
57016320,0.5742923021316528,0.01734352484345436,0.019211865961551666,-0.019830964505672455,0.014486080966889858,0.07431049644947052,0.03901078924536705,0.032998647540807724,0.012124880217015743,2.434314012527466,-0.051073577255010605,6.506944179534912
57147392,0.3677205443382263,0.005152185447514057,0.002102358965203166,0.015876246616244316,0.027920987457036972,0.05420013889670372,0.03814995661377907,0.07699494063854218,0.012758090160787106,1.7227933406829834,0.023092912510037422,7.2829813957214355
57278464,0.4206552505493164,0.007423225324600935,-0.001433200784958899,0.014837405644357204,0.03234201669692993,-0.007381545379757881,0.05468067154288292,0.05894102901220322,0.010506439954042435,2.739884614944458,0.040579427033662796,6.310222148895264
57409536,0.1803375482559204,0.010814211331307888,0.01345568522810936,-0.046035390347242355,-0.05857374146580696,0.1190633699297905,-0.002648938214406371,0.013276781886816025,0.01574655808508396,2.967505693435669,0.1357858031988144,6.773772239685059
57540608,0.40147265791893005,0.0110101830214262,0.01177101768553257,0.015818700194358826,0.07338309288024902,0.054193444550037384,0.037280309945344925,0.07033894956111908,-0.021451391279697418,3.050240993499756,-0.02339012920856476,6.016133785247803
57671680,0.45461949706077576,0.0008607622003182769,0.00791796762496233,-0.009719259105622768,0.03432554751634598,0.04127178713679314,0.024626653641462326,-0.014176310040056705,0.021295767277479172,2.360271692276001,-0.0396721325814724,7.302272319793701
57802752,0.3447568416595459,-0.005752782803028822,0.004221189767122269,0.02621241845190525,0.02460559830069542,0.061945803463459015,0.003975855186581612,0.07699477672576904,0.013574455864727497,1.5284234285354614,0.02400164306163788,7.852437496185303
57933824,1.4178028106689453,0.03940345346927643,0.06700918823480606,0.0822126567363739,0.0749053880572319,0.18777725100517273,0.02123996429145336,-0.005526046734303236,0.0599227175116539,6.530588150024414,0.06021899729967117,4.784088611602783
58064896,0.5589830875396729,0.009184935130178928,0.026912616565823555,0.049321115016937256,0.0040015894919633865,0.140109583735466,-0.014355541206896305,0.0036877731326967478,0.015617312863469124,2.8915934562683105,-0.11534338444471359,5.067337989807129
58195968,0.4419632852077484,0.006358882412314415,0.018675481900572777,0.08818530291318893,-0.03142670914530754,-0.07260721921920776,0.026348890736699104,0.09675528109073639,0.03199511766433716,3.6566665172576904,-0.03245801851153374,6.070778846740723
58327040,0.44411495327949524,-0.010176963172852993,0.00033281894866377115,0.033073559403419495,-0.04913289472460747,-0.038561660796403885,0.02630089409649372,0.07701566070318222,0.018703389912843704,2.3314826488494873,-0.014102502726018429,7.017284870147705
58458112,0.3974784016609192,0.00939900241792202,0.002092089271172881,-0.025579653680324554,0.025570424273610115,0.10875027626752853,0.09499253332614899,0.06499508023262024,0.020632563158869743,2.15029239654541,0.09019767493009567,7.004383087158203
58589184,0.15884257853031158,0.017913226038217545,0.027281731367111206,0.018684733659029007,0.04765634983778,0.0879368707537651,0.04840600863099098,0.016926808282732964,0.019757643342018127,1.970387578010559,-0.04212072864174843,7.530428409576416
58720256,0.1399010866880417,-0.0036582150496542454,-0.009972556494176388,0.02152756042778492,0.007778344210237265,0.06343717128038406,0.052208125591278076,0.08476387709379196,0.017841406166553497,1.943471074104309,0.06863339245319366,7.493417263031006
58851328,0.2985357344150543,-0.00031908819801174104,0.00510231452062726,0.019267773255705833,0.02107405662536621,0.03749537467956543,0.007723811082541943,0.04197748750448227,0.02052731066942215,2.424572467803955,-0.0300990529358387,6.995741367340088
58982400,0.3019258677959442,0.009293402545154095,-0.003775998018682003,-0.026953356340527534,-0.009641875512897968,0.026609517633914948,0.010435335338115692,0.0615425743162632,0.004615351092070341,2.090078353881836,0.030886752530932426,7.465653419494629
59113472,0.24356339871883392,0.010370857082307339,0.009894242510199547,0.0469420962035656,0.06510983407497406,0.024943597614765167,0.04947570338845253,0.06064673140645027,0.013234473764896393,1.5682613849639893,-0.03906973451375961,7.732650279998779
59244544,0.25962793827056885,0.00022003166668582708,0.00043430677033029497,0.01611180230975151,0.052526410669088364,0.018381018191576004,0.06494450569152832,-0.00018465040193405002,0.0019910589326173067,2.479128360748291,0.01908124051988125,6.804140567779541
59375616,0.1490001231431961,0.01692662388086319,0.03323962911963463,0.0032517164945602417,-0.006320016924291849,0.2287149578332901,0.01802402175962925,0.04673706740140915,0.02385379560291767,2.992612838745117,0.0010085847461596131,5.81734561920166
59506688,0.3196316957473755,-0.00045085998135618865,-0.002700712066143751,0.04007653146982193,0.031336285173892975,0.05654546618461609,0.031070798635482788,0.03996846824884415,0.020491354167461395,2.7302873134613037,-0.038747355341911316,6.418848514556885
59637760,0.2942853569984436,-0.0022631464526057243,0.001261795754544437,0.004709403496235609,-0.035156380385160446,-0.10286597162485123,-0.07451004534959793,0.007742287591099739,-0.002457103691995144,2.4685306549072266,0.04364974796772003,6.888578414916992
59768832,0.45173779129981995,0.02087343856692314,0.023778334259986877,-0.0044279154390096664,-0.04796280339360237,0.11300954222679138,0.001685800263658166,0.011329625733196735,0.010601754300296307,3.299906015396118,-0.0069649480283260345,5.917897701263428
59899904,0.5126229524612427,0.01586254872381687,0.01020075473934412,0.03995702043175697,0.048560965806245804,0.018720604479312897,0.07154536992311478,0.037593692541122437,0.03167939931154251,2.6476926803588867,-0.0007713052327744663,6.313294410705566
60030976,0.396798700094223,0.0034540800843387842,0.007005750667303801,0.033698081970214844,-0.028221655637025833,7.965214899741113e-05,-0.01580572873353958,-0.030938634648919106,0.022683143615722656,2.7268054485321045,0.00823330506682396,6.750500202178955
60162048,0.2783120572566986,0.0037206208799034357,0.008517232723534107,0.0021864476148039103,0.008148306980729103,0.009531648829579353,-0.002986273495480418,0.0004170007014181465,0.026699475944042206,1.8773776292800903,0.03736978769302368,7.515627861022949
60293120,0.4285867512226105,0.010775950737297535,0.013839660212397575,0.021925704553723335,0.07005265355110168,0.018337704241275787,0.0007851451518945396,0.0062367054633796215,0.03228376433253288,2.0468218326568604,0.014889564365148544,7.079845428466797
60424192,0.29147782921791077,0.02021927200257778,0.008319376036524773,0.00726466765627265,0.023173650726675987,0.08017019182443619,0.05309448763728142,-0.028404878452420235,0.003827761160209775,2.9622058868408203,-0.0523519404232502,6.04337739944458
60555264,1.2461841106414795,0.041997030377388,0.011638655327260494,0.0837155357003212,0.04869869723916054,0.34319183230400085,0.005958133842796087,-0.07391725480556488,0.07574120163917542,6.958705902099609,0.04438067227602005,6.032982349395752
60686336,0.5830872654914856,0.03270784020423889,0.04980674386024475,0.05780268833041191,-0.0017039538361132145,0.03971734270453453,-0.09907031804323196,-0.02142176777124405,0.01943201944231987,4.124281406402588,-0.08166927099227905,4.403420448303223
60817408,0.08355509489774704,0.004181995056569576,0.005846817512065172,-0.0009272405877709389,-0.04268241301178932,0.03696364909410477,-0.014314122498035431,0.04826556146144867,0.00634601479396224,2.1536996364593506,0.03653643652796745,7.39437198638916
60948480,0.43947380781173706,0.017120754346251488,0.006734735332429409,0.025385895743966103,-0.0088049890473485,-0.03500235825777054,0.03301025927066803,0.026446620002388954,0.0022778918500989676,3.0260558128356934,-0.02884117141366005,6.782922744750977
61079552,0.43549755215644836,0.00103614735417068,0.01632867194712162,0.060965366661548615,0.13418036699295044,0.0415525957942009,0.08086040616035461,0.039263706654310226,0.01185769122093916,1.6727851629257202,0.01112398412078619,7.238976001739502
61210624,0.41333866119384766,-0.001982364570721984,-0.012879893183708191,-0.010559502989053726,-0.011309728026390076,-0.02548418752849102,0.06668545305728912,-0.018749704584479332,0.011269545182585716,2.346588134765625,0.028609802946448326,7.017355442047119
61341696,0.5630780458450317,0.019336460158228874,0.027369247749447823,-0.007804449647665024,0.03626636043190956,0.036949899047613144,0.06895983219146729,0.02690182812511921,0.021008895710110664,2.4615142345428467,0.023727774620056152,6.747159004211426
61472768,0.2697949707508087,-0.0030125384218990803,-0.0034124411176890135,0.01856137439608574,-0.014203005470335484,0.03151305764913559,0.03013889119029045,0.055645979940891266,-0.0005329664563760161,1.9833687543869019,-0.031053822487592697,7.558220386505127
61603840,0.2849305272102356,0.004061979707330465,0.013753432780504227,-0.003527488559484482,0.06173122301697731,0.07830027490854263,0.055977340787649155,0.041543882340192795,0.011157151311635971,1.7462798357009888,0.0459282249212265,7.4855546951293945
61734912,0.4728010892868042,0.011326717212796211,0.0024646830279380083,0.04128744453191757,0.0039178491570055485,-0.05997468903660774,0.04221310839056969,0.04227100685238838,-0.0031460446771234274,2.7039895057678223,-0.03488834574818611,6.5989274978637695
61865984,0.23057352006435394,0.006929156836122274,0.01164359413087368,0.046031419187784195,0.07934311032295227,-0.004900703672319651,0.04096922650933266,-0.015042586252093315,0.023310014978051186,1.6577434539794922,-0.07118691504001617,7.9328413009643555
61997056,0.13596706092357635,-0.0004414431459736079,0.004443025682121515,0.019073668867349625,0.04136038199067116,0.06445397436618805,0.018567508086562157,0.007805595174431801,0.01083998940885067,1.9299428462982178,0.06075599417090416,7.5050811767578125
62128128,0.5846243500709534,0.008193348534405231,0.014377734623849392,-0.0172507893294096,0.06741216033697128,0.006461658980697393,-0.02517055533826351,0.0006319778622128069,0.0257510207593441,3.532726764678955,-0.05931645259261131,5.544670581817627
62259200,0.2925398051738739,-0.00022974092280492187,-0.001942832488566637,0.001689065946266055,0.10260600596666336,0.039884038269519806,0.04332053288817406,0.07358235120773315,0.007115167565643787,2.130693197250366,-0.03427242487668991,7.036018371582031
62390272,0.2642079293727875,0.0022929806727916002,-0.008310810662806034,-0.03754366189241409,-0.06400971114635468,0.051164411008358,0.03841515630483627,-0.009846281260251999,-0.009073689579963684,2.153005599975586,-0.000577123835682869,7.270381450653076
62521344,0.2879135012626648,-0.0014425019035115838,0.000854726938996464,0.011955664493143559,0.013743089511990547,0.04592825099825859,-0.008612697012722492,-0.007016425486654043,0.004993861541152,1.9729435443878174,0.10211867839097977,7.260745048522949
62652416,0.36617177724838257,-0.0033365515992045403,-0.002433397341519594,0.02012033574283123,0.00952018890529871,0.026997916400432587,0.013835440389811993,0.05161218345165253,0.00900798849761486,2.7448530197143555,-0.015738362446427345,6.356878757476807
62783488,0.29427841305732727,-0.0012418179539963603,0.0054605882614851,0.03630563244223595,0.06545303016901016,0.05165836587548256,0.021885516121983528,0.007428809534758329,0.005599590018391609,2.151923894882202,0.036473993211984634,7.249423980712891
62914560,0.22431278228759766,-0.0075325206853449345,-0.009535569697618484,0.04011489823460579,0.05931496620178223,0.03053450584411621,-0.01684313453733921,0.012748410925269127,0.020998455584049225,2.3434557914733887,0.011038331314921379,7.16121768951416
63045632,0.2264939695596695,-0.0016824320191517472,0.0030001578852534294,-0.00501653179526329,-0.001887906575575471,0.0989445224404335,0.024547632783651352,0.05400221422314644,0.003990438301116228,1.9101096391677856,-0.012948592193424702,7.549461841583252
63176704,1.5917754173278809,0.03975377976894379,0.05733967572450638,0.03331759572029114,0.021424375474452972,0.17791835963726044,-0.03525470197200775,-0.023000599816441536,0.04404110834002495,7.480508804321289,0.03009442239999771,5.1020073890686035
63307776,0.6510322093963623,-0.016865622252225876,0.01940864510834217,0.13005098700523376,-0.010524868033826351,-0.11342606693506241,-0.05312294512987137,-0.02712858095765114,0.027396131306886673,3.1942598819732666,-0.018230844289064407,5.47462797164917
63438848,0.28028807044029236,-0.002522782888263464,-0.0065748062916100025,0.012815175577998161,0.03235955536365509,-0.024344155564904213,0.09103725850582123,0.041761308908462524,0.0007968999561853707,2.183835744857788,0.022577185183763504,7.447646141052246
63569920,0.4708690047264099,0.009004969149827957,0.018865523859858513,0.06692147254943848,-0.010270283557474613,0.028958039358258247,0.037040986120700836,0.03631240129470825,-0.00105566019192338,2.3237128257751465,0.008139431476593018,7.443995952606201
63700992,0.4623079001903534,0.01141088455915451,0.009567402303218842,0.007663697469979525,0.10695510357618332,0.04999834671616554,-0.03527155518531799,0.013931319117546082,-0.00048183606122620404,3.089862108230591,-0.012027686461806297,6.3317036628723145
63832064,0.08280334621667862,0.004420463461428881,-0.012609601952135563,-0.010195224545896053,0.0917302742600441,0.0036916460376232862,0.026364043354988098,0.032832641154527664,0.024653134867548943,1.7859183549880981,0.02250020205974579,7.666376113891602
63963136,0.3807469606399536,0.015434483997523785,0.009136534295976162,0.012323371134698391,0.02673521265387535,0.015159500762820244,0.04142976179718971,-0.00484186876565218,0.011972767300903797,2.0877041816711426,-0.06637708842754364,7.360177516937256
64094208,0.2515730857849121,-0.009383107535541058,-0.005122967530041933,0.010812441818416119,-0.017483269795775414,-0.02741691656410694,0.029780952259898186,0.035024844110012054,0.0020264468621462584,1.3524531126022339,-0.08408702909946442,8.255566596984863
64225280,0.21158109605312347,-0.007400777656584978,0.003150537610054016,0.018697218969464302,0.006593600381165743,0.026524364948272705,0.03741217032074928,0.07042249292135239,0.008708140812814236,2.282366991043091,0.0652613416314125,6.968879699707031
64356352,0.27455392479896545,0.010505395010113716,0.012030113488435745,0.021215051412582397,0.038595959544181824,0.11557134985923767,-0.007880658842623234,0.025534190237522125,0.017689267173409462,2.639773368835449,-0.005329499486833811,6.844666004180908
64487424,0.4105657637119293,0.0067132022231817245,0.015391476452350616,0.046727992594242096,0.04535451903939247,0.02270500734448433,0.03317229449748993,0.03252238780260086,0.017742762342095375,2.3550148010253906,0.027055073529481888,7.011501312255859
64618496,0.3279207944869995,0.0011683519696816802,0.00738415215164423,0.016259903088212013,-0.03785483166575432,-0.012602875009179115,0.01423409953713417,0.04820951446890831,0.005551569629460573,2.0008513927459717,0.07833118736743927,7.577791690826416
64749568,0.3374166488647461,0.00271478365175426,0.005131293088197708,0.01133914664387703,0.10005393624305725,0.06321517378091812,0.057067565619945526,-0.012023783288896084,0.025173604488372803,2.3746724128723145,-0.008826419711112976,7.196044445037842
64880640,0.2989484667778015,-0.003621890675276518,-0.013148810714483261,-0.002353408606722951,0.003600668627768755,0.005069152917712927,-0.03941698744893074,0.06322633475065231,0.0077655864879488945,2.4707558155059814,-0.008974549360573292,7.2898383140563965
65011712,0.4415367543697357,-0.0022471596021205187,0.012090043164789677,-0.008826821111142635,0.012637683190405369,0.16144928336143494,0.006368081551045179,0.01767197623848915,0.030516037717461586,2.5976197719573975,0.08188576251268387,7.039792060852051
65142784,0.4949478507041931,0.015159951522946358,0.024441299960017204,0.06811032444238663,0.05429616943001747,0.011485216207802296,0.029269613325595856,0.01094795111566782,0.003151604672893882,1.9017173051834106,-0.0762755423784256,7.038331508636475
65273856,0.18192094564437866,0.0045756069011986256,0.00419306056573987,0.004432830959558487,0.03964681550860405,0.02780870348215103,-0.010993985459208488,0.02380559779703617,0.0028973666485399008,2.370478391647339,0.014624802395701408,7.2470479011535645
65404928,0.3693026006221771,0.005398940294981003,0.008866996504366398,0.06715132296085358,0.026543056592345238,0.13459840416908264,0.02179575338959694,0.03984823450446129,0.019587790593504906,2.5133652687072754,0.009947389364242554,6.724374294281006
65536000,0.39892005920410156,0.014085917733609676,0.006207142025232315,0.05398301035165787,0.07072048634290695,0.0008077681413851678,0.027160797268152237,0.02948402799665928,0.01644926890730858,2.7435598373413086,0.03040107898414135,6.532154083251953
65667072,0.24580416083335876,-0.0010930680437013507,0.0020556251984089613,-0.0056805736385285854,-0.0001355243002763018,0.006084299646317959,0.06620031595230103,0.06289396435022354,0.009241171181201935,1.937105417251587,0.032186806201934814,7.621338367462158
65798144,1.2623659372329712,0.02678696997463703,0.03796210139989853,0.03576693311333656,0.11691862344741821,0.2202436923980713,-0.05894959717988968,-0.06532399356365204,0.05731242150068283,6.251042366027832,-0.03939518332481384,6.4064249992370605
65929216,0.15896709263324738,-0.017559412866830826,0.017761381343007088,0.00569777749478817,0.03391642868518829,-0.006180310621857643,-0.033779241144657135,0.026589516550302505,-0.0033939320128411055,1.7430816888809204,0.01016185898333788,7.496367454528809
66060288,0.1830245703458786,-0.007616619113832712,-0.010959843173623085,0.007852794602513313,0.03946765512228012,-0.00886590126901865,-0.03139570355415344,-0.013272754848003387,-0.010554053820669651,1.895087718963623,0.005225721746683121,7.695276737213135
66191360,0.32454484701156616,-0.014008667320013046,-0.008153497241437435,0.006085266824811697,0.011773491278290749,-0.0008003822877071798,0.06671209633350372,0.0415990948677063,0.02338520623743534,2.434556722640991,0.012839834205806255,7.028555393218994
66322432,0.20976358652114868,0.013836567290127277,0.008039947599172592,0.03318791091442108,-0.025383030995726585,-0.004838660825043917,-0.05554000288248062,0.0004201438568998128,0.010594610124826431,2.6156933307647705,0.04530029743909836,7.158181667327881
66453504,0.1803528517484665,-0.0019066504901275039,0.0006953678675927222,0.05770028755068779,0.040422335267066956,0.05183142051100731,0.011952781118452549,0.05677323415875435,0.02294796146452427,1.5228136777877808,0.14398987591266632,8.038408279418945
66584576,0.27202799916267395,0.006061894353479147,0.005125418771058321,0.029162701219320297,0.02647022344172001,0.1254364401102066,-0.0032296583522111177,-0.010321096517145634,0.027056656777858734,2.170301914215088,-0.001329301856458187,7.543856620788574
66715648,0.24268586933612823,-0.005628472194075584,-0.003056317800655961,-0.019491514191031456,-0.028967631980776787,0.03417319431900978,0.023997828364372253,0.0581851527094841,0.0006750015309080482,2.0764541625976562,-0.004712338093668222,7.680205821990967
66846720,0.45198729634284973,0.0010629635071381927,-0.00884762778878212,-0.017260007560253143,0.02701990120112896,0.08555250614881516,0.025910895317792892,0.02734299935400486,0.009713389910757542,2.9033255577087402,-0.029911097139120102,6.6106038093566895
66977792,0.5884813666343689,0.016762545332312584,0.006795625668019056,0.015200615860521793,0.040545009076595306,-0.040491409599781036,-0.01880868524312973,0.018473945558071136,0.009853552095592022,2.8996341228485107,-0.006908870767802,6.553565502166748
67108864,0.4237308204174042,-0.001983295427635312,-0.004847151227295399,0.011190884746611118,0.09778902679681778,0.04773959890007973,0.10153543949127197,0.040910836309194565,0.04261074587702751,1.9831175804138184,-0.087496817111969,7.447268962860107
67239936,0.9766431450843811,0.004880181979387999,0.00722094951197505,0.021945614367723465,-0.011466671712696552,0.17755959928035736,0.018014926463365555,0.0026529438327997923,0.03960436210036278,3.4243674278259277,-0.031106771901249886,4.950657844543457
67371008,0.3139987587928772,-0.0013119623763486743,0.004853074438869953,0.0197475366294384,0.039243146777153015,0.02947896346449852,-0.003769435454159975,0.0923161655664444,0.015235314145684242,2.2803242206573486,0.018224434927105904,7.096125602722168
67502080,0.13840028643608093,0.0014642258174717426,0.0025922025088220835,0.0197447519749403,0.04285907745361328,0.010868965648114681,0.0007890980341471732,0.016268199309706688,0.013487391173839569,1.5589876174926758,-0.002289429074153304,8.02702522277832
67633152,0.22135885059833527,0.0038997502997517586,0.008721224963665009,0.02156657725572586,0.03693618252873421,0.03943769633769989,0.029941502958536148,0.06955838948488235,0.02387927658855915,2.3529624938964844,-0.059532083570957184,7.303960800170898
67764224,0.36646702885627747,0.0029377536848187447,-0.004369266331195831,0.0001671147474553436,0.055768124759197235,0.025429127737879753,0.12236358225345612,0.0763985738158226,0.018900854513049126,2.122502326965332,-0.08600630611181259,7.23787260055542
67895296,0.5891104340553284,0.017937354743480682,0.012110086157917976,0.03380556032061577,0.08015702664852142,0.07530581951141357,0.10565497726202011,0.041878748685121536,0.005251843482255936,3.0138731002807617,0.02296692132949829,6.040394306182861
68026368,0.4409651756286621,0.005008086562156677,0.015401248820126057,0.020105566829442978,-0.02909243106842041,-0.01855306513607502,0.026743028312921524,0.05296112969517708,-0.026838645339012146,2.579272985458374,0.013962977565824986,6.931390762329102
68157440,0.5886505842208862,0.0137965502217412,0.012115205638110638,0.012872698716819286,-0.0044331979006528854,0.03542792797088623,0.011165115982294083,0.02455892227590084,0.017317794263362885,2.611219644546509,-0.046081606298685074,6.346022129058838
68288512,0.3124639391899109,-0.003790686372667551,-0.0007880972698330879,0.024990806356072426,0.0715169608592987,0.00970805250108242,0.023884041234850883,0.016834115609526634,0.018595999106764793,2.2185444831848145,0.05050148442387581,7.178212642669678
68419584,0.942119836807251,0.018236005678772926,0.032751940190792084,0.0902760848402977,0.06435879319906235,0.05999825522303581,-0.021699417382478714,-0.034716054797172546,0.05623730272054672,5.589349269866943,-0.021138735115528107,6.673401355743408
68550656,0.13531239330768585,0.003589840605854988,0.01738400012254715,0.050571564584970474,-0.01628909260034561,-0.06945197284221649,-0.051992516964673996,0.07042893767356873,0.0323394313454628,2.6094017028808594,-0.09699900448322296,5.721808910369873
68681728,0.08464473485946655,-0.006227477453649044,-0.0019820535089820623,0.023882677778601646,0.015833312645554543,0.047485124319791794,0.004383559804409742,0.0277244970202446,-0.003480216721072793,1.9524627923965454,0.06740204244852066,7.563873767852783
68812800,0.38343900442123413,0.0032946665305644274,0.017754334956407547,0.09856241196393967,-0.01127579528838396,0.05994269251823425,0.039548665285110474,-0.002542416099458933,0.005376762244850397,2.537935972213745,-0.09240107983350754,6.437222003936768
68943872,0.4238365590572357,0.013677062466740608,-0.004651580937206745,0.0802105963230133,0.03991910070180893,0.0029901396483182907,0.06841027736663818,-0.01353011280298233,0.007025412283837795,2.3612968921661377,-0.003534978022798896,6.574101448059082
69074944,0.5094416737556458,0.015749312937259674,0.01758670248091221,0.08357760310173035,-0.018704276531934738,-0.011578809469938278,-0.00977151095867157,0.010209956206381321,0.03254576772451401,2.5892646312713623,-0.006990877911448479,7.039491653442383
69206016,0.26501771807670593,-0.0021312676835805178,-0.00785106886178255,-0.005042046308517456,0.04309456795454025,0.01521221548318863,0.02148745022714138,-0.01903003454208374,0.02217586524784565,2.2418935298919678,-0.020639214664697647,7.481549263000488
69337088,0.05119752511382103,-0.01296408474445343,-0.013434100896120071,-0.0011886418797075748,-0.03765208274126053,-0.004810739774256945,-0.02581491321325302,0.08817631006240845,-0.004207376390695572,2.247509241104126,0.042556799948215485,7.357832431793213
69468160,0.2087259590625763,-0.00042171383392997086,-0.004485028795897961,0.007347960025072098,-0.0686166062951088,-0.06538555026054382,0.012231293134391308,0.031820040196180344,0.007907743565738201,2.060957908630371,-0.08311167359352112,8.02847957611084
69599232,0.4061134159564972,0.02432315982878208,0.011430501937866211,0.04524175822734833,0.014612842351198196,0.12240326404571533,0.04647441953420639,0.014872586354613304,0.03260165452957153,2.5155467987060547,-0.049296051263809204,7.011768341064453
69730304,0.39032137393951416,0.0022300579585134983,0.004685064312070608,0.015364314429461956,0.00961921364068985,-0.00717393821105361,0.04868708923459053,-0.02133983187377453,0.009251648560166359,2.144735813140869,0.03849291801452637,7.552649974822998
69861376,0.3657059669494629,0.01143445074558258,0.030393969267606735,0.018061716109514236,0.05982106178998947,0.06040370091795921,-0.014483514241874218,-0.0014506587758660316,0.017380720004439354,2.1589839458465576,0.051846325397491455,7.548130989074707
69992448,0.3171283006668091,0.006293404381722212,0.009179916232824326,-0.010999108664691448,0.049987178295850754,0.004998895805329084,0.06945603340864182,0.030932167544960976,0.022045422345399857,2.198354482650757,0.038240835070610046,7.5697340965271
70123520,0.3663251996040344,-0.0029125369619578123,0.00015011279901955277,-0.04092927277088165,-0.012755976989865303,-0.018782159313559532,-0.00305566587485373,0.062084443867206573,-0.018499357625842094,2.09088397026062,-0.12131676822900772,7.779476642608643
70254592,0.08860741555690765,-0.002079182071611285,0.0025929156690835953,-0.0010530477156862617,-0.011446255259215832,0.09004697948694229,0.0714491605758667,0.01519403513520956,0.00932778138667345,2.0277962684631348,0.03490201756358147,7.651551246643066
70385664,0.2899923324584961,0.008830234408378601,0.0038690613582730293,-0.018406175076961517,0.0382651649415493,0.06067730113863945,0.05646128207445145,0.026132430881261826,0.008381362073123455,1.3393574953079224,0.02791905589401722,8.221951484680176
70516736,0.32564640045166016,0.006025509908795357,0.010403606109321117,0.010057114996016026,-0.008329427801072598,-0.02758651226758957,-0.05588608607649803,0.024266770109534264,0.007719691377133131,2.073070764541626,-0.0025285938754677773,7.782286643981934
70647808,0.3928781747817993,0.0007497856277041137,0.006623032037168741,0.00018595749861560762,-0.026719704270362854,-0.030658381059765816,0.0778646320104599,0.0234312005341053,0.008161031641066074,2.209733486175537,0.02997247688472271,7.463784694671631
70778880,0.14366617798805237,-0.0035996227525174618,4.289509524824098e-05,0.03222312778234482,0.09196870028972626,0.03227245807647705,0.08090754598379135,-0.010185688734054565,0.004965166095644236,1.7344048023223877,0.10285375267267227,7.921286106109619
70909952,0.19105008244514465,0.002359256846830249,0.002478005364537239,0.03097749687731266,-0.07507964968681335,-0.04558281973004341,-0.06861831247806549,-0.03167489543557167,-0.005013355053961277,1.8968582153320312,0.11887206882238388,8.509198188781738
71041024,0.9455949068069458,0.008307797834277153,0.022254835814237595,0.011392741464078426,0.08813132345676422,0.11054378747940063,0.008404157124459743,-0.02599901147186756,0.051440801471471786,4.981138229370117,0.03533105179667473,6.444479942321777
71172096,0.2790684998035431,0.013846014626324177,0.01611107960343361,0.1038852110505104,0.049657415598630905,0.01350095123052597,-0.023556502535939217,0.023912599310278893,0.008611386641860008,2.5180273056030273,0.018583685159683228,6.583840370178223
71303168,0.06108793616294861,0.0021041175350546837,0.0034450835082679987,0.010551806539297104,0.01166487392038107,-0.030725199729204178,0.09462573379278183,0.03065669722855091,0.005311140324920416,1.5405287742614746,0.1034841388463974,8.094971656799316
71434240,0.3019660711288452,-0.00011268846719758585,0.0015148331876844168,0.014598242938518524,0.009743423201143742,0.02577272616326809,-0.020482389256358147,0.00046449483488686383,-0.001598878181539476,2.3330578804016113,0.042601946741342545,7.7827229499816895
71565312,0.2716095447540283,-0.004306341055780649,-0.007574891671538353,0.028737492859363556,0.00736820325255394,-0.05760936811566353,0.027971964329481125,0.051417332142591476,0.018966611474752426,2.79192852973938,0.09742307662963867,6.889267921447754
71696384,0.27881577610969543,-0.0007568448199890554,0.007176348473876715,0.040664639323949814,0.05120764672756195,0.051621951162815094,0.028368834406137466,0.05154398828744888,0.016868194565176964,2.1934525966644287,0.036647748202085495,7.320917129516602
71827456,0.2823321223258972,0.00443038996309042,0.00713037746027112,0.022255126386880875,-0.07155591249465942,-0.005248317029327154,0.010121353901922703,0.04062458872795105,-0.0010218723909929395,1.4121859073638916,-0.009762274101376534,8.455585479736328
71958528,0.10541488975286484,0.0002018459781538695,0.0032293382100760937,0.018754564225673676,0.011398441158235073,0.007993238046765327,0.03043222799897194,0.07230545580387115,0.007725824601948261,1.7679853439331055,0.03755247965455055,8.069409370422363
72089600,0.11707727611064911,0.00347872800193727,0.006051943637430668,-0.019231965765357018,0.025983862578868866,0.010054316371679306,0.03394431620836258,0.04707472771406174,0.010470905341207981,2.178424119949341,0.07748111337423325,7.759171485900879
72220672,0.30835145711898804,0.007809089031070471,0.0009003252489492297,-0.023443209007382393,0.0333055704832077,0.05508214980363846,-0.007745895069092512,0.027518386021256447,0.009970033541321754,1.685056447982788,0.039829276502132416,8.052062034606934
72351744,0.46845993399620056,0.006968056783080101,0.014157088473439217,0.011856249533593655,-0.01784832589328289,0.031627900898456573,0.028909893706440926,0.018319062888622284,0.02627520263195038,2.8654959201812744,0.08288973569869995,6.687073230743408
72482816,0.2697603404521942,0.007795203477144241,-0.002360384678468108,-0.000984902842901647,0.04531148076057434,0.045799046754837036,0.008448584005236626,-0.035567350685596466,-0.0005935810622759163,3.0216095447540283,0.020018870010972023,6.917818069458008
72613888,0.4762871563434601,4.684715167968534e-05,0.012116823345422745,0.033132851123809814,-0.04819175973534584,0.08345917612314224,0.003004621947184205,0.05418479070067406,0.0072005498223006725,2.7005155086517334,-0.019368579611182213,7.137833118438721
72744960,0.24758106470108032,0.0039712851867079735,0.002082681283354759,-0.005095290020108223,-0.03340413048863411,0.03519217297434807,0.0017154247034341097,-0.0026771908160299063,0.017301347106695175,1.9038019180297852,0.029917430132627487,7.889429092407227
72876032,0.2416536509990692,0.0016737324185669422,0.004602367524057627,0.019165396690368652,0.04225054010748863,-0.056038301438093185,-0.05881546437740326,0.026294684037566185,0.0025814822874963284,1.857189416885376,-0.04273991659283638,8.078447341918945
73007104,0.27470433712005615,0.0008760850178077817,-0.0049775210209190845,-0.015699099749326706,-0.001637580106034875,-0.008758408017456532,0.030726490542292595,-0.04706045985221863,-0.0158401969820261,2.168689012527466,-0.010361331515014172,7.634704113006592
73138176,0.48026254773139954,0.016919748857617378,0.017896348610520363,0.03932724520564079,0.054698240011930466,0.036844007670879364,0.05779419094324112,0.045331984758377075,0.004219720605760813,2.654930830001831,0.021316034719347954,7.124537467956543
73269248,0.3794359564781189,0.011674906127154827,-0.00029119837563484907,0.032736293971538544,0.04064798355102539,0.15818996727466583,0.0070329997688531876,0.09250830113887787,0.016977811232209206,2.9933297634124756,0.05292276665568352,6.511229515075684
73400320,0.3852899372577667,-0.0020689715165644884,0.0077352095395326614,0.006587557028979063,0.026587698608636856,-0.027555709704756737,-0.0530928410589695,-0.008497703820466995,0.017489302903413773,2.1707019805908203,0.08709164708852768,7.466089725494385
