collected_frames,shock/accel_magnitude,shock/accel_magnitude_max,shock/accel_magnitude_min,shock/shock_normalised,shock/shock_normalised_max,shock/shock_normalised_min,shock/accel_p90,shock/shock_p90_normalised,shock/accel_p95,shock/shock_p95_normalised,shock/accel_p99,shock/shock_p99_normalised
131072,,,,,,,1.321129846572876,0.1636562050463095,1.4363538444042205,0.17763951660002997,1.6074318909645084,0.1982679521287425
262144,0.7185772592201829,7.363017752766609,0.017889433775508223,8.603330570622347e-06,0.008809810504317284,0.0,,,,,,
262144,,,,,,,0.7596960186958313,0.09467757936377241,0.774069407582283,0.09645784312571837,0.7944384908676148,0.0989796642029881
393216,0.8474053675308824,8.001920368522406,0.019147084838550654,6.605806811421644e-05,0.05783108249306679,0.0,,,,,,
393216,,,,,,,1.0772070169448853,0.1338429572490285,1.1430652618408201,0.1419186847707039,1.2205683183670044,0.15139811429660943
524288,0.7940901108086109,8.304126504808664,0.01787862635478632,3.97538115066709e-05,0.040707902982831,0.0,,,,,,
524288,,,,,,,0.8719994843006134,0.10857030164436443,0.88068508207798,0.10964307679516194,0.9068000745773316,0.1128670424837297
655360,0.7950489018112421,8.447280496358871,0.0205701409267931,5.552220756044335e-05,0.051609380170702934,0.0,,,,,,
655360,,,,,,,0.9562005400657654,0.11895911342735865,0.9798868119716644,0.12187696233171241,1.0656934571266177,0.13242927258366022
786432,0.8207637914456427,8.42361607030034,0.016048467036853253,6.122521483575838e-05,0.060667939484119415,0.0,,,,,,
786432,,,,,,,0.8871523857116699,0.11044170036725576,0.9059357404708862,0.11276037576081066,0.9228461706638337,0.11484680231220223
917504,0.7589192152954638,8.104074280709028,0.016036873195844237,3.877769907489892e-05,0.038644565269351006,0.0,,,,,,
917504,,,,,,,0.8074176609516144,0.10058590654312538,0.8165224730968474,0.1017123638513977,0.8335928559303284,0.10382362528370304
1048576,0.8395507712848485,8.424272306263447,0.01848454593528004,4.3646594349411316e-05,0.03966673091053963,0.0,,,,,,
1048576,,,,,,,0.9140071034431457,0.11375635416168839,0.9354329228401184,0.11639911248686063,0.9661033147573471,0.12017926286411873
1179648,0.7933940249495208,8.14322343468666,0.01574419406188099,3.899351759173442e-05,0.03992936201393604,0.0,,,,,,
1179648,,,,,,,0.824014174938202,0.10263904995780226,0.8291249215602875,0.10327112168401298,0.8601112371683121,0.1071015514721323
1310720,0.6480750641785562,7.298127897083759,0.01062869444081116,7.803191692801192e-07,0.0007990468293428421,0.0,,,,,,
1310720,,,,,,,0.7253678202629089,0.09042331639459689,0.8398237109184266,0.1045940241370249,0.9664257448911672,0.12021898432889833
1441792,0.6753802713938057,7.798239648342133,0.014074914534830896,1.6572354070376605e-05,0.016970090568065643,0.0,,,,,,
1441792,,,,,,,0.71654914021492,0.0893298859475058,0.7224341988563537,0.09005959997381185,0.7562511289119721,0.09425081069998109
1572864,0.7368718921206892,8.424990244209766,0.017349695094708295,8.335733878084284e-05,0.08534995838999748,0.0,,,,,,
1572864,,,,,,,0.854424250125885,0.10639877894954486,0.8941161334514618,0.11130146853763123,0.9336570399999619,0.11618012910197928
1703936,0.8002092908136547,8.278883155435324,0.017815099645304144,4.680680149249383e-05,0.04476835951209068,0.0,,,,,,
1703936,,,,,,,0.8652925491333008,0.10774174178410867,0.880039268732071,0.10956331988521972,0.8951651215553283,0.11143096579966372
1835008,0.7661116272211075,8.286108806729317,0.014717715838742151,3.445792458478536e-05,0.035282889381051064,0.0,,,,,,
1835008,,,,,,,0.8412787437438964,0.1047739100751719,0.8621269643306733,0.10735062040493748,0.8844217693805695,0.11010452392044479
1966080,0.8080093399621546,8.568824000656605,0.01661681385940028,6.422971819119994e-05,0.06302393227815628,0.0,,,,,,
1966080,,,,,,,0.8652580678462982,0.107737481654822,0.8797318547964096,0.10952535426270193,0.8994865584373474,0.11196440591414092
2097152,0.7870416971854866,8.092276778072119,0.01452804412383557,4.3452380850794725e-05,0.0444952379912138,0.0,,,,,,
2097152,,,,,,,0.8365148305892944,0.10418492127753431,0.8484251290559769,0.10565731907699627,0.8718012148141862,0.10854581003061892
2228224,0.7744099530391395,8.156004179269075,0.015962819558808405,3.056519017263781e-05,0.03129875473678112,0.0,,,,,,
2228224,,,,,,,0.8113856673240661,0.1010768645049307,0.8240200072526932,0.1026397713167948,0.836905854344368,0.10423326845486725
2359296,0.5221284169238061,6.76918563619256,0.004264291088929895,0.0,0.0,0.0,,,,,,
2359296,,,,,,,0.608461332321167,0.07591134643394071,0.739749890565872,0.09220608430427335,1.0093306607007984,0.12550113153619824
2490368,0.6162698238622397,8.150796487927437,0.009670936041402456,4.182132033747621e-05,0.039042772725224495,0.0,,,,,,
2490368,,,,,,,0.6693735718727112,0.08347698121050628,0.6783904433250427,0.08459613021695067,0.6892337143421173,0.08594168399500313
2621440,0.7280687824822962,7.933946657925844,0.015159513667640567,5.1211914978921413e-05,0.05244100093841553,0.0,,,,,,
2621440,,,,,,,0.8995812475681305,0.11197609366179773,0.9261944502592087,0.11525979699867395,0.994325826764107,0.12365463658049758
2752512,0.8156364946626127,8.241014562547207,0.014638243261288153,4.2810517697944306e-05,0.04196693189442158,0.0,,,,,,
2752512,,,,,,,0.8889318883419037,0.11066141963837994,0.911160808801651,0.11340515719468325,0.925372211933136,0.1151583814179673
2883584,0.7728594001382589,8.203964725136757,0.015835725583201565,4.7678773626103066e-05,0.04882306419312954,0.0,,,,,,
2883584,,,,,,,0.8570190906524658,0.10671945101096769,0.8838543206453323,0.11003445217947516,0.9363763236999513,0.11651543825886934
3014656,0.7979697566479445,8.3097127340734,0.01445444892578962,5.163175956113264e-05,0.05287092179059982,0.0,,,,,,
3014656,,,,,,,0.8699421942234039,0.10831616458581195,0.8922847479581832,0.111075375498491,0.9230071151256563,0.11486665497114146
3145728,0.7650191490538418,8.24976121634245,0.015057268359669251,3.813715557043906e-05,0.03273663856089115,0.0,,,,,,
3145728,,,,,,,0.8158358514308929,0.10162742332425201,0.8293602675199508,0.10330022609717804,0.865858616232872,0.10781167825488769
3276800,0.7847195118665695,8.329716984182596,0.013030808824169071,5.066257290309295e-05,0.05187325179576874,0.0,,,,,,
3276800,,,,,,,0.8362518191337586,0.10415240159137573,0.8493772089481354,0.1057749990189163,0.8627614867687226,0.10742902100006213
3407872,0.6039528157562017,7.504617717117071,0.004357976368055461,4.132936737732962e-06,0.004232127219438553,0.0,,,,,,
3407872,,,,,,,0.6750747919082641,0.08418462544507332,0.7737841546535489,0.09642251814142067,0.9755825680494311,0.12134688903545432
3538944,0.6749472632072866,7.846094887703657,0.008991684006559808,1.5188394172582775e-05,0.015552915632724762,0.0,,,,,,
3538944,,,,,,,0.7160586595535279,0.0892690647757477,0.7267531454563141,0.0905950634853201,0.7439986896514893,0.09273264296351491
3670016,0.719933208078146,7.754044950008392,0.014719084117587045,2.0305271391407587e-05,0.02079259790480137,0.0,,,,,,
3670016,,,,,,,0.840125685930252,0.10463135791866063,0.8647852718830108,0.10767906777695613,0.8874754303693771,0.11048158823469056
3801088,0.7858239323832095,8.243667282164097,0.012563431190301344,3.7684979588448186e-05,0.03608722984790802,0.0,,,,,,
3801088,,,,,,,0.8470821022987366,0.10549131189404459,0.8554611265659332,0.10652691946582715,0.8700872898101807,0.10833408870916594
3932160,0.7574447221122682,8.281657047569752,0.013408034193162166,3.034414658031892e-05,0.031072406098246574,0.0,,,,,,
3932160,,,,,,,0.8227662086486817,0.10248469508189073,0.8580639600753784,0.10684857038075246,0.876698831319809,0.10915075873542546
4063232,0.7747286790981889,8.14160005375743,0.01418074642879219,3.056329114770051e-05,0.031296368688344955,0.0,,,,,,
4063232,,,,,,,0.8240376472473144,0.10264195308613133,0.8423254787921906,0.10490331385529772,0.8714717292785644,0.10850510941450175
4194304,0.7684572450816631,7.9336214400827885,0.013206481782845003,2.7150298762990133e-05,0.02780167944729328,0.0,,,,,,
4194304,,,,,,,0.8044752061367034,0.10022180753227561,0.8212133467197418,0.10229262225775271,0.8456186771392823,0.10531041596097879
4325376,0.7730953679420054,8.177582573145628,0.013110808507462934,4.108269786229357e-05,0.04151657409965992,0.0,,,,,,
4325376,,,,,,,0.8189200043678284,0.10200894578189756,0.8357698202133178,0.10409280492624595,0.8524849009513855,0.10615909847415161
4456448,0.5108859820757061,6.661990566179156,0.004783240354981899,1.8870450730901212e-06,0.001932334154844284,0.0,,,,,,
4456448,,,,,,,0.5999206960201263,0.07484983323487326,0.7501041769981383,0.09348921229330687,1.0513085281848908,0.1306622720899011
4587520,0.5756468146573752,7.8156373761594296,0.008387219777887367,1.8160506442654878e-05,0.018596358597278595,0.0,,,,,,
4587520,,,,,,,0.6285865068435669,0.07841201393471464,0.6319486171007156,0.0788296799603152,0.6495254760980607,0.081012752634529
4718592,0.7006988497450948,7.5768179558217525,0.016021058814658318,2.32136892464041e-05,0.023767845705151558,0.0,,,,,,
4718592,,,,,,,0.8394960522651672,0.10455351470136942,0.8842937231063843,0.11008871214652949,0.9652863889932632,0.12007862077184939
4849664,0.7942383820191026,8.487747851759195,0.01246651225937967,5.3268596843736304e-05,0.05176055431365967,0.0,,,,,,
4849664,,,,,,,0.8814392924308777,0.10973621877391193,0.9206943005323409,0.11458135819094273,0.9527431637048722,0.11853303528733927
4980736,0.7340244064107537,7.666801769286394,0.012138697059526748,2.9726500201832096e-05,0.030438371002674103,0.0,,,,,,
4980736,,,,,,,0.8075826346874236,0.10060631957702815,0.835184195637703,0.1040203944807887,0.8903495788574219,0.1108364573975571
5111808,0.7361876862123609,8.019586477428675,0.011944013408196952,3.0197797968867235e-05,0.03092254512012005,0.0,,,,,,
5111808,,,,,,,0.8060921251773834,0.10042188823187259,0.8217909157276153,0.10236406241159779,0.8601153123378754,0.10710205502514758
5242880,0.7290362473577261,7.777396690100431,0.01280666335060232,4.157516923442017e-05,0.0409604012966156,0.0,,,,,,
5242880,,,,,,,0.7800821125507355,0.09720238426721628,0.7960532426834106,0.09917952672412556,0.8315538358688355,0.1035714885219865
5373952,0.7745518474839628,8.100750587880611,0.012787900423973042,3.096902401011903e-05,0.028670834377408028,0.0,,,,,,
5373952,,,,,,,0.8323454916477203,0.10366938297398498,0.8492111742496491,0.10575447684335493,0.8727380698919296,0.10866153566786307
5505024,0.5123844975605607,6.6025525368750095,0.006224973539133316,0.0,0.0,0.0,,,,,,
5505024,,,,,,,0.60064218044281,0.0749395129177568,0.7640465736389155,0.0952164962190527,1.0197022855281834,0.12677695651131526
5636096,0.6034486980643123,7.72508330270648,0.009126723487497657,1.57204794959398e-05,0.015045465901494026,0.0,,,,,,
5636096,,,,,,,0.6684489011764526,0.08336220170167352,0.6768464088439942,0.08440450401679622,0.7023878264427185,0.08757357144388833
5767168,0.7294977996498346,8.017893612384796,0.01595381191123124,3.299898889963515e-05,0.03077457658946514,0.0,,,,,,
5767168,,,,,,,0.873967319726944,0.10881337509114997,0.9351348966360092,0.11636236378745513,0.9811463838815689,0.12203206713365655
5898240,0.7688764845952392,8.112430650740862,0.0110110644109227,3.718546031450387e-05,0.03713272698223591,0.0,,,,,,
5898240,,,,,,,0.8470078110694885,0.10548212882436414,0.8648688495159149,0.1076893938364023,0.8902060574293137,0.11081873757388583
6029312,0.6989958672784269,7.719687610864639,0.01144402488898777,2.49676922976505e-05,0.025564800947904587,0.0,,,,,,
6029312,,,,,,,0.7787548065185547,0.09703803596300964,0.8127212315797805,0.10124210164263436,0.8812871098518372,0.1097174249858468
6160384,0.7438422199338675,7.943419959396124,0.011978232039155046,3.153265606670175e-05,0.03228943981230259,0.0,,,,,,
6160384,,,,,,,0.8199050009250641,0.10213078760789895,0.8361388504505157,0.10413843366704745,0.8725025284290315,0.10863244053137833
6291456,0.7323532844893634,8.092425309121609,0.012703429806606437,4.004791298939381e-05,0.04100906290113926,0.0,,,,,,
6291456,,,,,,,0.7846193373203277,0.09776414769934427,0.8023428022861481,0.09995792735037345,0.8228012990951539,0.10248903531588427
6422528,0.749736949801445,7.814334202557802,0.011998085396044189,1.5869305570959114e-05,0.016250168904662132,0.0,,,,,,
6422528,,,,,,,0.796376234292984,0.09921950337368202,0.8181721895933152,0.1019164407569848,0.8457792675495148,0.10533026709613913
6553600,0.5452065833378583,6.639252450317144,0.005874654730632756,0.0,0.0,0.0,,,,,,
6553600,,,,,,,0.6653268933296204,0.08297465008682692,0.7820005655288695,0.0974399195822846,0.9920990747213364,0.12338053915862668
6684672,0.5907620941288769,8.30681574344635,0.006730270267325977,4.47268032530701e-05,0.045797884464263916,0.0,,,,,,
6684672,,,,,,,0.6669712483882904,0.08317877585449307,0.6799287915229797,0.08478704448406327,0.6871264165639878,0.08568021141511895
6815744,0.6860161363147199,7.279381403699517,0.01054686455609044,1.3794226845220692e-05,0.011248517781496048,0.0,,,,,,
6815744,,,,,,,0.8479338049888611,0.10559658878473321,0.8778869658708572,0.10929750376161862,0.9402514523267749,0.1169932263146165
6946816,0.7628569952212274,8.052957259118557,0.011656128553113376,3.589522748370655e-05,0.03660266287624836,0.0,,,,,,
6946816,,,,,,,0.8587301790714263,0.10693089627663777,0.8755090057849884,0.10900380008999977,0.9012444996833802,0.1121813885277747
7077888,0.7116287993267179,8.082129340618849,0.009437671475780007,2.6228004571748897e-05,0.02685747668147087,0.0,,,,,,
7077888,,,,,,,0.7900949895381927,0.09844201684274356,0.8157017529010773,0.10161083410320093,0.9012001669406894,0.11217591667061999
7208960,0.7363034882582724,7.994339853525162,0.010038674567113048,4.7536428610328585e-05,0.04798455908894539,0.0,,,,,,
7208960,,,,,,,0.8021294057369233,0.09993151923259336,0.8405965536832809,0.10468957166311421,0.8662196421623231,0.10785628173732564
7340032,0.718690955080092,8.215813122689724,0.011175123400789744,3.180954809067771e-05,0.03187709487974644,0.0,,,,,,
7340032,,,,,,,0.764118367433548,0.09522538907383926,0.771470245718956,0.09613596067952535,0.7789430034160614,0.09706133900530012
7471104,0.7385027757845819,7.920707330107689,0.010745262784439547,3.459883047440826e-05,0.027616610750555992,0.0,,,,,,
7471104,,,,,,,0.7977321863174438,0.09938732596745892,0.8123257756233215,0.1011931760793865,0.8861395764350892,0.11031664166085653
7602176,0.5434189864899963,6.830618366599083,0.00767738169383847,0.0,0.0,0.0,,,,,,
7602176,,,,,,,0.6479349136352539,0.08081523401867252,0.7263123273849487,0.09054041320353146,0.9919728910923007,0.12336500628261748
7733248,0.6048345409799367,7.853030450642109,0.007973698310252075,2.464910357957706e-05,0.025240682065486908,0.0,,,,,,
7733248,,,,,,,0.6595504105091095,0.08225751812931947,0.6692145526409149,0.08345724228761031,0.6847256058454514,0.08538230549779979
7864320,0.6837796685285866,7.874363023787737,0.012009250513074221,3.3438397807117326e-05,0.03424082137644291,0.0,,,,,,
7864320,,,,,,,0.7993420362472534,0.09958656549112099,0.8362200260162354,0.10414847056042364,0.8956007933616639,0.11148474823954246
7995392,0.7523418185301125,8.211203340440989,0.01012908863958728,4.9601721912040375e-05,0.04871337488293648,0.0,,,,,,
7995392,,,,,,,0.8050500214099884,0.10029293721901422,0.8332867980003357,0.10378578028016028,0.8458189487457276,0.10533517221289679
8126464,0.7244981792755425,7.408999361097813,0.011520785152242752,1.4997793186921626e-05,0.015357740223407745,0.0,,,,,,
8126464,,,,,,,0.7997665643692017,0.09963910494730333,0.8265104889869689,0.10294779205244509,0.8640603315830231,0.10758950005629564
8257536,0.727715305518359,8.430907115340233,0.011171951629194155,6.236490298761055e-05,0.0638616606593132,0.0,,,,,,
8257536,,,,,,,0.781802237033844,0.09741536384077087,0.8105042904615402,0.1009678167601411,0.8491993200778961,0.10575301164380213
8388608,0.6931456550955772,7.655415687710047,0.01088930441244429,1.729452924337238e-05,0.017709597945213318,0.0,,,,,,
8388608,,,,,,,0.7502211451530456,0.09350370550174536,0.7592108577489853,0.0946174775137838,0.7717857867479324,0.0961750386263267
8519680,0.7294213771820068,8.052862614393234,0.010417923102977511,3.689938921525027e-05,0.037783337756991386,0.0,,,,,,
8519680,,,,,,,0.7803196012973785,0.09723178979246683,0.7912836909294128,0.09858916242523574,0.831594176888466,0.10357647705430173
8650752,0.5157756207045168,6.72855575568974,0.004000800560390871,0.0,0.0,0.0,,,,,,
8650752,,,,,,,0.6454101145267487,0.0805016873585036,0.7666025161743161,0.09553308281457418,0.9664377307891847,0.12022046091245442
8781824,0.5769649802241474,7.873522523790598,0.006884027996306941,1.1936348528251983e-05,0.01222282089293003,0.0,,,,,,
8781824,,,,,,,0.6286599636077881,0.07842113956807228,0.6470563679933548,0.08070613207950106,0.660100525021553,0.08232581677701467
8912896,0.67224494041875,7.352377496659756,0.011764642405069026,3.154669138893951e-05,0.032303811982274055,0.0,,,,,,
8912896,,,,,,,0.8100275099277496,0.1009088264059117,0.8715327709913253,0.10851264978910602,0.9409025877714158,0.11707350343546441
9043968,0.7492342181503773,8.356131874024868,0.011852974112571246,5.519714977708645e-05,0.056521881371736526,0.0,,,,,,
9043968,,,,,,,0.8301608920097351,0.10339923520784833,0.8707892656326293,0.10842080503978258,0.9162955009937287,0.11403869303212866
9175040,0.7014093422330916,7.709479335695505,0.010633777908878983,3.083514002355514e-05,0.03084450401365757,0.0,,,,,,
9175040,,,,,,,0.7999698221683502,0.0996642598668207,0.8178035974502563,0.10187084509405331,0.908305915594101,0.11305287080290616
9306112,0.7224479364231229,7.781419068574905,0.011406679388073826,2.89217168756295e-05,0.029615838080644608,0.0,,,,,,
9306112,,,,,,,0.8003039002418518,0.09970560465569567,0.8165530443191529,0.10171614571875653,0.8398475682735443,0.10459697368083032
9437184,0.7116914433427155,7.967461992055178,0.011922814846002439,4.669500958698336e-05,0.04781568981707096,0.0,,,,,,
9437184,,,,,,,0.7529772639274597,0.09384519726077234,0.7724683940410614,0.09625957461024215,0.7904954296350479,0.0984915865359064
9568256,0.7732747159898281,8.248498108237982,0.013365577626245795,4.338061080488842e-05,0.04442174546420574,0.0,,,,,,
9568256,,,,,,,0.8310936987400055,0.10351458803141611,0.8406246870756149,0.10469304979345706,0.8623545634746552,0.10737874235104328
9699328,0.6396988239139318,8.678225936368108,0.0059694086389754375,7.872080641391221e-05,0.07759878970682621,0.0,,,,,,
9699328,,,,,,,0.760644257068634,0.09479504535899563,0.8893829524517053,0.1107171118410033,0.9428338718414306,0.11731159838839522
9830400,0.6327670747414231,8.18417463451624,0.00654501849112421,5.510962182597723e-05,0.05626646801829338,0.0,,,,,,
9830400,,,,,,,0.679881238937378,0.08478114313889762,0.6890908151865005,0.08592395350449866,0.711668062210083,0.08872458705192976
9961472,0.7044858997687697,7.702548682689667,0.012589337246936338,2.961114569188794e-05,0.027758173644542694,0.0,,,,,,
9961472,,,,,,,0.8243500590324402,0.10268059298263177,0.8469770133495331,0.10547832194159867,0.877588473558426,0.10926063779380857
10092544,0.7847558162175119,7.9517019391059875,0.012073920326656662,1.6148269423865713e-05,0.01653582789003849,0.0,,,,,,
10092544,,,,,,,0.8275704681873322,0.10307888342330562,0.8473810017108917,0.10552825839026747,0.8535891354084015,0.10629557022432001
10223616,0.7309382590465248,7.483495015650988,0.010508917055176425,1.5472718587261625e-05,0.015844063833355904,0.0,,,,,,
10223616,,,,,,,0.7737626075744629,0.09641984979705476,0.7930899292230605,0.09881274269181928,0.8342230314016343,0.103901547470312
10354688,0.7197061469778419,8.192891471087933,0.010548431841698402,6.4662097429391e-05,0.054705437272787094,0.0,,,,,,
10354688,,,,,,,0.7747673213481903,0.09654426993517795,0.7873806893825531,0.09810600609127595,0.8047926545143128,0.10026108985049875
10485760,0.6949657662771642,7.682083982974291,0.011169276272198658,1.924661046359688e-05,0.019708529114723206,0.0,,,,,,
10485760,,,,,,,0.7408420443534851,0.09234144114177756,0.752643296122551,0.09380381877658728,0.7675438714027405,0.0956496769888786
10616832,0.7266291524283588,7.8357031382620335,0.011299325180743836,3.192421718267724e-05,0.03269039839506149,0.0,,,,,,
10616832,,,,,,,0.7712233603000641,0.0961053851296354,0.7764572679996491,0.09675354003956249,0.8100091081857682,0.10090654960981249
10747904,0.6460130512714386,7.529070761054754,0.0069727739353311335,4.20196392951766e-05,0.04211994260549545,0.0,,,,,,
10747904,,,,,,,0.7233135402202606,0.09016862505188894,0.7924031674861907,0.09872773494293718,0.9140102440118791,0.11375674165269345
10878976,0.6828150483779609,8.106485486030579,0.009195071974545499,2.8413837753760163e-05,0.029034219682216644,0.0,,,,,,
10878976,,,,,,,0.7255425333976745,0.09044497692862641,0.7400826573371887,0.09224732634617983,0.7640639460086822,0.09521864807719727
11010048,0.70794573193416,7.392084281891584,0.011563305317395134,1.118450381909497e-05,0.01145293191075325,0.0,,,,,,
11010048,,,,,,,0.7952499389648438,0.09908010048947502,0.8185388386249541,0.10196179562791352,0.8956804490089417,0.11149458143103419
11141120,0.753048780374229,8.354607570916414,0.01183475498964981,4.232191895425785e-05,0.04333764500916004,0.0,,,,,,
11141120,,,,,,,0.8018989980220794,0.09990300580149691,0.8211930215358734,0.10229010819389872,0.8702650201320649,0.10835604421006884
11272192,0.7140208496712148,8.061468739062548,0.010513013558011153,1.5480563888559118e-05,0.015852097421884537,0.0,,,,,,
11272192,,,,,,,0.771697735786438,0.09616413404953783,0.7995415836572647,0.09961126147999022,0.8251550769805909,0.10278015825342335
11403264,0.7199820992536843,7.940045706927776,0.011090022604889782,2.1607307644444518e-05,0.022125883027911186,0.0,,,,,,
11403264,,,,,,,0.7606657385826111,0.09479770641818464,0.7868114531040191,0.09803553591199154,0.8047375011444092,0.10025426497672552
11534336,0.7102801194414496,7.7446715496480465,0.010989804525706859,1.2378835890558548e-05,0.012675927951931953,0.0,,,,,,
11534336,,,,,,,0.7619135618209839,0.0949522803243028,0.7693257629871368,0.09587037094672879,0.7894985616207123,0.09836818529657632
11665408,0.7040002774447203,7.837565612047911,0.0104550505102452,1.6665186194586568e-05,0.016226621344685555,0.0,,,,,,
11665408,,,,,,,0.7424399495124817,0.09253947247598027,0.7652602314949035,0.09536682587313416,0.8111495459079743,0.10104765078354072
11796480,0.621854045893997,7.379633005708456,0.003632908891859188,6.921654858160764e-07,0.0007087774574756622,0.0,,,,,,
11796480,,,,,,,0.6984475791454315,0.08708479677288294,0.762506228685379,0.09502569523500859,0.8739155179262161,0.10880697653048621
11927552,0.6153587666340172,7.891864117234945,0.006672751644146047,1.7441836462239735e-05,0.01786044053733349,0.0,,,,,,
11927552,,,,,,,0.6540619671344757,0.08157606641420423,0.6719576835632324,0.08379773561921722,0.6817905813455581,0.08501809063440047
12058624,0.6823287392035127,7.851593766361475,0.010476091010787059,2.3165079255704768e-05,0.023630771785974503,0.0,,,,,,
12058624,,,,,,,0.7639571905136109,0.09520542461206238,0.7801505267620086,0.09721085523680473,0.8185198646783829,0.10195944854116079
12189696,0.783035050611943,8.495830982923508,0.012028210848257004,4.646340858016629e-05,0.04678305797278881,0.0,,,,,,
12189696,,,,,,,0.8274971783161164,0.10306981952130179,0.8344417124986648,0.10392858743330047,0.8607797873020173,0.10718416090348071
12320768,0.7551174806430936,7.956475775688887,0.012493950813677657,3.176233258272987e-05,0.03245125524699688,0.0,,,,,,
12320768,,,,,,,0.7848513543605804,0.09779287255053504,0.7940158069133758,0.09892734606311171,0.8371842694282532,0.10426769210779763
12451840,0.6826492752879858,7.506943341344595,0.010562923176166805,2.5865729185170494e-05,0.026486506685614586,0.0,,,,,,
12451840,,,,,,,0.7404889523983001,0.09229768081837397,0.7560160189867019,0.09422168294516053,0.7703640514612198,0.0959989625249622
12582912,0.6805671905167401,7.657749824225903,0.010577029966952978,2.8113063535784022e-05,0.028785204514861107,0.0,,,,,,
12582912,,,,,,,0.7106728672981262,0.08860116560463993,0.7211797326803208,0.08990406133635065,0.7269391655921936,0.09061812510948841
12713984,0.6898650508373976,7.635714575648308,0.0113046423657579,1.895067180157639e-05,0.01756366901099682,0.0,,,,,,
12713984,,,,,,,0.7324185252189637,0.09129737847873387,0.7429171502590179,0.09259861142598758,0.78485233604908,0.09779299408805553
12845056,0.528983413008973,6.765549391508102,0.007227574639728118,1.1666670616250485e-06,0.0011946670711040497,0.0,,,,,,
12845056,,,,,,,0.6505043864250183,0.08113431213812294,0.7549927532672881,0.09409490873710302,1.0958335059881217,0.13612884268341663
12976128,0.5489678243175149,7.76913845539093,0.007775960339813537,2.447945917083416e-05,0.02506696619093418,0.0,,,,,,
12976128,,,,,,,0.6107517182826996,0.07619598868219635,0.6276251703500747,0.07829258458871591,0.6488103884458543,0.08092395268114361
13107200,0.6493946858681738,7.252676693722606,0.011951652869129248,2.2713891667081043e-05,0.020750805735588074,0.0,,,,,,
13107200,,,,,,,0.8002499282360077,0.0996989252188365,0.8513129889965056,0.10601425812335297,0.9580153387784959,0.11918274701419618
13238272,0.7538903430104256,8.180209748446941,0.011206922078144999,5.0188895329483785e-05,0.051393428817391396,0.0,,,,,,
13238272,,,,,,,0.8328142762184143,0.10372735091965768,0.8739512890577316,0.10881139498315995,0.9089250981807709,0.1131292787396807
13369344,0.6829111771658063,8.16299932077527,0.011361951879734988,6.16739853285253e-05,0.060739386826753616,0.0,,,,,,
13369344,,,,,,,0.752164876461029,0.09374454219762329,0.7846032232046127,0.09776215268648158,0.8361438125371934,0.10413904720122957
13500416,0.6859931699000299,7.659264285117388,0.011135991300307069,2.842351568688173e-05,0.024501368403434753,0.0,,,,,,
13500416,,,,,,,0.762878543138504,0.09507181409317611,0.7737693756818771,0.09642068794520608,0.8035453343391419,0.10010673971943262
13631488,0.6891787573695183,7.636907298117876,0.010366147485456167,1.487691406509839e-05,0.015233960002660751,0.0,,,,,,
13631488,,,,,,,0.7316094756126403,0.09119708930224313,0.745378103852272,0.09290358424664391,0.7600992166996002,0.09472752710036159
13762560,0.6829487783834338,7.4572024047374725,0.011370723932941473,1.2356915249256417e-05,0.01194986142218113,0.0,,,,,,
13762560,,,,,,,0.7336188793182373,0.09144617005114908,0.7459040760993957,0.09296876291602074,0.7822737842798233,0.09747374755284355
13893632,0.5167423815000802,6.788515109568834,0.0063179779911024525,1.7450347513658926e-06,0.001786915585398674,0.0,,,,,,
13893632,,,,,,,0.6430849194526671,0.08021291478537407,0.7548807024955747,0.09408102638246052,1.1197005498409276,0.1390557405893662
14024704,0.5583507104311138,7.398188181221485,0.007834206734969484,2.9097045626258478e-06,0.002979537472128868,0.0,,,,,,
14024704,,,,,,,0.6172604322433471,0.07700480404876253,0.6240282893180847,0.07784571474765856,0.6424635922908783,0.0801357481206173
14155776,0.70864017913118,7.404630094766617,0.01520242667356797,9.25283347896766e-06,0.0078103747218847275,0.0,,,,,,
14155776,,,,,,,0.8451620638370514,0.10525397195537312,0.940702950954437,0.11704889079433833,0.9915858560800552,0.12331736290386508
14286848,0.7547992924228311,8.102737817913294,0.011615034669830493,4.1473060264252126e-05,0.041923219338059425,0.0,,,,,,
14286848,,,,,,,0.8319739639759064,0.10362344091067377,0.8556149840354919,0.10654593336404106,0.9114945495128632,0.11344633807010096
14417920,0.6940991394221783,7.933846056461334,0.010446876205151057,3.9743943489156663e-05,0.04069779813289642,0.0,,,,,,
14417920,,,,,,,0.7825567066669464,0.09750877672011815,0.8146531611680984,0.10148111171706753,0.8561870050430298,0.10661662375094338
14548992,0.7328220587223768,7.847573332488537,0.012135944562942313,2.993908492499031e-05,0.025768956169486046,0.0,,,,,,
14548992,,,,,,,0.801300710439682,0.09982896571007749,0.8201309949159622,0.10215874211672449,0.8577572244405747,0.10681066600654221
14680064,0.6697454079985619,7.920776233077049,0.008787094835042808,3.7358703593781684e-05,0.03824985958635807,0.0,,,,,,
14680064,,,,,,,0.7242509067058563,0.09028484199088282,0.7458995372056961,0.09296820045809429,0.7721761912107468,0.09622338756972226
14811136,0.6732008326798677,7.676108080893755,0.009933162577453913,1.787086330296006e-05,0.018299764022231102,0.0,,,,,,
14811136,,,,,,,0.7198611676692963,0.08974057049114847,0.7491392582654952,0.09336965030589961,0.7698934084177017,0.09594067398446349
14942208,0.4834520819131285,6.47843624278903,0.00497880060765965,0.0,0.0,0.0,,,,,,
14942208,,,,,,,0.5873175382614135,0.0732830812079106,0.7415779232978817,0.092432640885306,1.1060512053966531,0.1373821684155241
15073280,0.5334113806020468,7.29463479295373,0.007278778920408513,6.608652256545611e-06,0.006767259910702705,0.0,,,,,,
15073280,,,,,,,0.5870291650295257,0.07324722804454087,0.5979994893074035,0.07461102355219418,0.6313199198246002,0.07875158066705379
15204352,0.6357737348880619,7.069586530327797,0.010967439434352855,5.803387466585264e-06,0.00594266876578331,0.0,,,,,,
15204352,,,,,,,0.7898446798324585,0.09841103124771933,0.8478285312652587,0.10558357628487003,0.912760438323021,0.11360253485617422
15335424,0.7134135523810983,7.684196595102549,0.00911381939522471,1.299931864195969e-05,0.013311302289366722,0.0,,,,,,
15335424,,,,,,,0.805619764328003,0.10036343822285132,0.8212772369384765,0.10230052496198483,0.8554346555471422,0.10652364813641402
15466496,0.6517095020972192,7.6037956066429615,0.010198856915394572,1.2771608453476802e-05,0.013078127056360245,0.0,,,,,,
15466496,,,,,,,0.7156914651393891,0.08922353105741476,0.7371251910924911,0.09188077642756287,0.8139049309492115,0.10138854525965146
15597568,0.6933172279968858,8.293766181915998,0.010614367634843802,4.7641786750318715e-05,0.04807445593178272,0.0,,,,,,
15597568,,,,,,,0.7742699146270752,0.09648267325369586,0.788942688703537,0.09829937306083658,0.8192807221412659,0.10205356610255945
15728640,0.7274515405297279,7.563944384455681,0.010782691918620912,2.5924493456841446e-05,0.024678977206349373,0.0,,,,,,
15728640,,,,,,,0.7651799023151398,0.09535687603868004,0.7706486225128174,0.0960342059672814,0.7844944143295288,0.09774868155095118
15859712,0.7153062699362636,7.852862443774939,0.010493310361425756,2.6379500923212618e-05,0.02454317733645439,0.0,,,,,,
15859712,,,,,,,0.773645156621933,0.09640530489696753,0.7875697493553162,0.09812941107582307,0.8276509511470795,0.10308883688894332
15990784,0.5076852329075336,6.481691115535796,0.006197541589244793,0.0,0.0,0.0,,,,,,
15990784,,,,,,,0.6407933354377746,0.07992830329026712,0.7644753962755197,0.09526961280451385,1.031803644895554,0.12826502769627712
16121856,0.5600831012707204,7.772291012108326,0.00834622448473965,1.0514537279959768e-05,0.010766886174678802,0.0,,,,,,
16121856,,,,,,,0.6145853638648987,0.07667239476203713,0.6207098752260208,0.07743341337649867,0.6365870404243469,0.07940585351281171
16252928,0.65056181862019,7.4393831342458725,0.009460615405714634,1.6443851563963108e-05,0.016838504001498222,0.0,,,,,,
16252928,,,,,,,0.8003597855567932,0.09971252086930638,0.8526310592889785,0.10617716233524654,0.9369112557172778,0.11658139647763144
16384000,0.6669232370331883,7.6545738354325294,0.008682977562330052,2.283865978824906e-05,0.022892192006111145,0.0,,,,,,
16384000,,,,,,,0.7573405623435974,0.09438577843682094,0.7766598761081696,0.09677862890856348,0.8011703532934189,0.09981283343007474
16515072,0.6348556452430785,7.467588659375906,0.009633386626092033,5.337638867786154e-06,0.005465742200613022,0.0,,,,,,
16515072,,,,,,,0.7135880708694458,0.08896269375845067,0.7709761410951614,0.09607476806024784,0.8221962326765061,0.1024141958859579
16646144,0.7053690338507295,8.271293468773365,0.009645320994422946,4.501938383327797e-05,0.043665140867233276,0.0,,,,,,
16646144,,,,,,,0.7860615611076355,0.09794269945793244,0.8108441472053527,0.10100986558903347,0.8252916234731674,0.10279704622980446
16777216,0.6190967387519777,7.482936415821314,0.00741176189012549,3.804600964940619e-05,0.038959113880991936,0.0,,,,,,
16777216,,,,,,,0.705932754278183,0.08801327201761722,0.7125181198120117,0.08883000679567354,0.7536245167255402,0.09392539071343653
16908288,0.6073739132843912,7.211520396173,0.009186876911371655,1.2531067568488652e-05,0.012828528881072998,0.0,,,,,,
16908288,,,,,,,0.6559036016464234,0.08180473449976366,0.6790729641914367,0.08468083415568817,0.7261470985412599,0.09051992886907057
17039360,0.49910001177340746,7.578877221792936,0.007512369399364616,3.697139800351579e-05,0.037858711555600166,0.0,,,,,,
17039360,,,,,,,0.6305490911006927,0.07865582391706116,0.7292158544063568,0.09090036700507409,1.0465787220001226,0.13008109526657208
17170432,0.5903224379289895,8.45764197781682,0.009625163718510521,4.728413114207797e-05,0.04462890885770321,0.0,,,,,,
17170432,,,,,,,0.634836858510971,0.07918845642599259,0.6474684000015258,0.0807573003975186,0.6675521957874299,0.08325089141792641
17301504,0.6607924625277519,7.473628550767899,0.012435730859579053,2.03823801712133e-05,0.016997989267110825,0.0,,,,,,
17301504,,,,,,,0.771998906135559,0.09620143207250154,0.8333980619907378,0.1037995384492556,0.9289346933364869,0.11559776357242146
17432576,0.6664379430003464,7.66361827775836,0.010255424836032034,1.0299745554220863e-05,0.010546939447522163,0.0,,,,,,
17432576,,,,,,,0.7351754307746887,0.0916391084842676,0.7522771149873733,0.09375844870055428,0.7893483495712281,0.09834959044315239
17563648,0.6444832882843912,7.4570818319916725,0.010050515488273959,1.660878479015082e-05,0.01700739562511444,0.0,,,,,,
17563648,,,,,,,0.7342203974723815,0.09152073054053411,0.7554957509040832,0.09415722638961754,0.8314881652593613,0.10356336774541353
17694720,0.6972572579979897,7.856443736702204,0.01014871025586217,3.5961165849585086e-05,0.03644997999072075,0.0,,,,,,
17694720,,,,,,,0.766693937778473,0.09554440620702365,0.7850134074687958,0.09781293542604863,0.8162238502502441,0.10167542202711699
17825792,0.6684323996305466,8.058783236891031,0.00887704875867712,3.66448875865899e-05,0.037343429401516914,0.0,,,,,,
17825792,,,,,,,0.7344496965408325,0.09154915277213616,0.7588202327489852,0.09456908629743532,0.7696769386529922,0.0959138642593318
17956864,0.6569309514015913,8.07937716320157,0.009106950421653437,3.5410963391768746e-05,0.036260826513171196,0.0,,,,,,
17956864,,,,,,,0.6991975605487823,0.0871778327284416,0.7309210300445557,0.09111174865408844,0.7805221390724183,0.09725686760306296
18087936,0.4637472729664296,6.04168563708663,0.005590604511326092,0.0,0.0,0.0,,,,,,
18087936,,,,,,,0.5697858095169067,0.071103037566838,0.7610128492116922,0.09484070515166154,1.053840780258179,0.13097338669623526
18219008,0.548781008226797,7.70346362516284,0.00770761418903021,1.9757670088438317e-05,0.020231854170560837,0.0,,,,,,
18219008,,,,,,,0.6035093605518341,0.07529588810899068,0.6163698017597199,0.07689413444089555,0.6202734333276749,0.07737918501975227
18350080,0.6107581802643836,7.13478597253561,0.012377426483908494,1.3574848708231002e-05,0.013900645077228546,0.0,,,,,,
18350080,,,,,,,0.749454516172409,0.09340871385247929,0.8231891334056852,0.10253700513975628,0.9134811455011368,0.11369145970406969
18481152,0.6542034512385726,7.346620064228773,0.009525545942324243,6.289934390224516e-06,0.006440892815589905,0.0,,,,,,
18481152,,,,,,,0.7404304087162018,0.09229042519390385,0.7748256146907806,0.09655148868037866,0.7978494131565094,0.09940183455770812
18612224,0.5984475803561509,7.228135822340846,0.010486883254770873,6.913984179846011e-06,0.007079919800162315,0.0,,,,,,
18612224,,,,,,,0.6916435360908508,0.08624067910435018,0.7171388566493987,0.0894030117906528,0.7972049140930176,0.09932206755089412
18743296,0.6484261690638959,7.636690989136696,0.009576890407061,1.5674710084567778e-05,0.015743277966976166,0.0,,,,,,
18743296,,,,,,,0.742116379737854,0.09249937246748785,0.7593935638666153,0.09464011127076222,0.7783592039346695,0.09698905104806
18874368,0.6011103973723948,6.93106734752655,0.007947064854306518,2.4018154363147914e-06,0.0024594590067863464,0.0,,,,,,
18874368,,,,,,,0.6615083277225494,0.08250059690083189,0.6752017110586166,0.08420037788251356,0.6915566003322602,0.08622989294701444
19005440,0.6247080955654383,7.5023197047412395,0.010256276059408265,1.3516717444872484e-05,0.013587094843387604,0.0,,,,,,
19005440,,,,,,,0.6945749759674072,0.08660437227308915,0.7048054158687591,0.0878734445759124,0.7430667984485626,0.09261715702270168
19136512,0.6233151983469725,8.302290931344032,0.007214487768578692,6.979760291869752e-05,0.06442258134484291,0.0,,,,,,
19136512,,,,,,,0.7131746649742127,0.08891142676633756,0.8369379281997678,0.10423723412653696,0.9805429041385653,0.12195775484621274
19267584,0.570068497210741,7.647774871438742,0.007829553411056622,2.014090568991378e-05,0.02062428742647171,0.0,,,,,,
19267584,,,,,,,0.6132137060165406,0.07650194323000092,0.6245405822992325,0.07790936299385898,0.6578464490175248,0.08204596042866186
19398656,0.6057085199281573,7.027913101017475,0.010067657199215319,1.0222232504020212e-05,0.010465774685144424,0.0,,,,,,
19398656,,,,,,,0.7065291941165924,0.08808724898392928,0.7433883428573608,0.0926570051519513,0.858152785897255,0.10685954683416599
19529728,0.647002812474966,8.056771770119667,0.009571103549205873,2.911447882070206e-05,0.028995944187045097,0.0,,,,,,
19529728,,,,,,,0.7145656287670136,0.0890839200839717,0.7468176186084747,0.09308196753705689,0.7594365334510803,0.09464543435763262
19660800,0.6248757839202881,7.814069267362356,0.00940155840225998,2.879862040572334e-05,0.0294897872954607,0.0,,,,,,
19660800,,,,,,,0.694484269618988,0.08659311900928635,0.7226114153861999,0.09008157232674163,0.7881801408529282,0.09820497473555934
19791872,0.6287954254075885,7.564469460397959,0.008525057594511054,2.1141562683624215e-05,0.021648960188031197,0.0,,,,,,
19791872,,,,,,,0.6971992552280426,0.08692993755403178,0.713535663485527,0.08895619467804194,0.7235671269893647,0.09020006558852356
19922944,0.6000947179272771,7.5520450957119465,0.0070676439345334074,9.226823749486357e-06,0.00944826751947403,0.0,,,,,,
19922944,,,,,,,0.6419037759304047,0.08006622006003994,0.6576796889305114,0.08202525570139452,0.6809274446964265,0.08491097742328257
20054016,0.6261392752639949,7.221006881445646,0.00880900762285819,7.57302223064471e-06,0.007754774764180183,0.0,,,,,,
20054016,,,,,,,0.6708786904811859,0.0836638070654303,0.6861938118934631,0.08556449046883974,0.708333439230919,0.08831102519960865
20185088,0.5740031767636538,7.929715169593692,0.0033779882551243645,3.173852201143745e-05,0.03250024653971195,0.0,,,,,,
20185088,,,,,,,0.6835042357444763,0.08523074525529073,0.8846376776695242,0.11013118519514165,1.0453929257392884,0.12993537604624805
20316160,0.6371155551169068,8.235684365034103,0.007690893214885364,4.802464536624029e-05,0.04610859230160713,0.0,,,,,,
20316160,,,,,,,0.7018164694309235,0.08750269910069508,0.7142244040966034,0.08904160533193184,0.7287935268878937,0.09084801201910575
20447232,0.6836363668553531,7.689736809581518,0.010600185079056246,3.204944914614316e-05,0.029664091765880585,0.0,,,,,,
20447232,,,,,,,0.7938068211078644,0.09890147842865638,0.8326443314552306,0.10370633634013893,0.942591536641121,0.11728172325966679
20578304,0.7185888206586242,7.888701558113098,0.010307239409939939,1.939041612786241e-05,0.019855786114931107,0.0,,,,,,
20578304,,,,,,,0.7927493035793305,0.09877058004080363,0.8069949388504029,0.10053360061517447,0.8417290097475052,0.10482957514385927
20709376,0.6626655803993344,8.01218494027853,0.008367640219148598,3.73188013327308e-05,0.03539524786174297,0.0,,,,,,
20709376,,,,,,,0.7234204828739166,0.09018188418204875,0.7511241853237152,0.09361559743803194,0.813154845237732,0.10129574748994274
20840448,0.6459742891602218,7.68185830116272,0.009040148423082428,8.377292033401318e-06,0.00857834704220295,0.0,,,,,,
20840448,,,,,,,0.7041139125823974,0.08778767346511662,0.7136124640703201,0.08896571877566517,0.7270523619651794,0.09063215844706907
20971520,0.636181048117578,7.182538967579603,0.007846842548133282,9.513969416730106e-07,0.0009742304682731628,0.0,,,,,,
20971520,,,,,,,0.6721259474754333,0.08381862087650749,0.683777230978012,0.085264621671717,0.7002991998195648,0.08731448944208853
21102592,0.6296834843233228,7.754918064922094,0.008237712530217323,2.067392779281363e-05,0.021170102059841156,0.0,,,,,,
21102592,,,,,,,0.6773292064666748,0.08446442347579874,0.6924145370721817,0.08633633664605456,0.7212776559591294,0.08991620279678636
21233664,0.64328308776021,7.425209876149893,0.006608851909049918,7.43636155675631e-06,0.007614834234118462,0.0,,,,,,
21233664,,,,,,,0.7226375579833983,0.09008481363305432,0.799483448266983,0.09960406665634647,0.9418599158525467,0.11719152762466534
21364736,0.636268210131675,8.07675140723586,0.00787441627676344,1.3330005458556116e-05,0.013649925589561462,0.0,,,,,,
21364736,,,,,,,0.6652822256088257,0.08296910506015798,0.6750698238611221,0.08418400884024879,0.6946712243556976,0.08661631307250195
21495808,0.6466017458587885,7.7333670780062675,0.012045775872593367,2.499078073014971e-05,0.0255905594676733,0.0,,,,,,
21495808,,,,,,,0.7063260555267334,0.08806205363211528,0.7355522096157074,0.09168581012710475,0.786339892745018,0.0979771570486696
21626880,0.6877494645304978,7.328658975660801,0.010660579580871854,3.590319465729408e-06,0.0036764871329069138,0.0,,,,,,
21626880,,,,,,,0.73228600025177,0.0912809509109418,0.7423815727233887,0.09253223786155629,0.7751970565319062,0.09659748587285955
21757952,0.6627452503889799,7.490638207644224,0.011818229617347242,3.224193278583698e-06,0.0033015739172697067,0.0,,,,,,
21757952,,,,,,,0.6969855189323425,0.08690342235117376,0.7138152807950974,0.08899087015028928,0.7328921848535538,0.09135609210897
21889024,0.6314808777533472,6.987507998943329,0.010013730851369473,0.0,0.0,0.0,,,,,,
21889024,,,,,,,0.6751663506031036,0.08419598916083482,0.692083066701889,0.08629521154866282,0.7064727395772934,0.08808024691857552
22020096,0.6755576878786087,7.730475537478924,0.009101535803893057,8.762801371631213e-06,0.008973108604550362,0.0,,,,,,
22020096,,,,,,,0.7071015000343323,0.08815823168501935,0.7152437150478362,0.08916800757703003,0.732435491681099,0.09129948160871248
22151168,0.6534230224788189,7.509083490818739,0.0081511053513168,7.341071977862157e-06,0.007517257705330849,0.0,,,,,,
22151168,,,,,,,0.6999625027179718,0.08727272301569511,0.7127484411001206,0.08885856970708983,0.7337656396627427,0.091464361655067
22282240,0.4689748613163829,6.066048007458448,0.005461547065465311,0.0,0.0,0.0,,,,,,
22282240,,,,,,,0.5650315701961517,0.07051173720236248,0.7503276050090785,0.09351689662077889,1.114294440746308,0.13839298167763636
22413312,0.5399205754511058,7.911707334220409,0.00780546676242011,1.851245542638935e-05,0.018956754356622696,0.0,,,,,,
22413312,,,,,,,0.5944538474082947,0.07417027100591955,0.6029311716556549,0.0752240238591455,0.6178655487298966,0.07707999464856408
22544384,0.6284564062952995,7.249759033322334,0.011130420875247182,7.1757622208679095e-06,0.007347980514168739,0.0,,,,,,
22544384,,,,,,,0.7795148849487304,0.09713215025034927,0.8342745870351789,0.10390792234892787,0.9558590137958531,0.11891702655874448
22675456,0.6541285929270089,7.480328071862459,0.009106180378694262,2.7985934138996527e-06,0.0028657596558332443,0.0,,,,,,
22675456,,,,,,,0.7282684147357941,0.09078291435453645,0.7590911209583282,0.09460264438640609,0.7899692982435227,0.09842645766347813
22806528,0.5936369844712317,7.030964266508818,0.010532844688896148,3.62140781362541e-06,0.00370832160115242,0.0,,,,,,
22806528,,,,,,,0.6536821007728577,0.08152889892126369,0.6776851177215576,0.08450859482215889,0.7383518278598785,0.09203280946017989
22937600,0.5905046975240111,7.375774674117565,0.007984264976130362,6.848475095466711e-06,0.007012838497757912,0.0,,,,,,
22937600,,,,,,,0.6523325622081757,0.08136132558891829,0.6815251439809799,0.0849851506960928,0.706005180478096,0.08802225515573792
23068672,0.6187587608583272,7.066057600080967,0.01067845823990865,1.4756697055418044e-06,0.0015110857784748077,0.0,,,,,,
23068672,,,,,,,0.665339857339859,0.08297625943107545,0.684752807021141,0.08538568085624032,0.7022472870349884,0.08755613871798551
23199744,0.6039386061020195,7.101100098341703,0.008452930145722348,8.041000910452567e-06,0.007648861035704613,0.0,,,,,,
23199744,,,,,,,0.6604689955711365,0.08237156325672634,0.6764141201972962,0.08435085265085362,0.7162254500389099,0.08928974740446205
23330816,0.5501896003261209,7.055874761193991,0.007392488253117335,0.0,0.0,0.0,,,,,,
23330816,,,,,,,0.6456361055374145,0.08052975310355026,0.7587198317050934,0.09455664839192113,1.0487688189744955,0.13035021544406256
23461888,0.7242915132082999,8.592772420495749,0.012077414819032128,5.6178369050030597e-05,0.0556584894657135,0.0,,,,,,
23461888,,,,,,,0.7883796513080596,0.09822967296669005,0.8034587591886521,0.10009602626410197,0.8362963807582856,0.10415791136722641
23592960,0.6503368951380253,7.384600907564163,0.011631294750259258,9.896510894336075e-06,0.010134005919098854,0.0,,,,,,
23592960,,,,,,,0.7292270720005035,0.0909017576179656,0.7548634350299834,0.09407888705363643,0.880676689743996,0.10964204036445957
23724032,0.6472614146769047,7.131497710943222,0.008632679694073886,1.523926948721055e-05,0.015605011954903603,0.0,,,,,,
23724032,,,,,,,0.6964539408683776,0.08683747653577334,0.704904168844223,0.08788569336643004,0.7294635051488877,0.0909310674730468
23855104,0.6754634799435735,7.607449982315302,0.012736012086406845,6.167194442241453e-06,0.0063152071088552475,0.0,,,,,,
23855104,,,,,,,0.70516517162323,0.08791806662620982,0.735649636387825,0.0916978860854496,0.8157595801353454,0.10161798787067888
23986176,0.6179620679467916,7.126135554164648,0.009726746783599083,5.763225999544375e-06,0.00590154342353344,0.0,,,,,,
23986176,,,,,,,0.6703301787376403,0.08359572262962556,0.6806051731109618,0.08487098378051505,0.7218338626623155,0.08998516609236717
24117248,0.5935073522850871,6.9839569218456745,0.009973072692901042,7.086306140990928e-06,0.00725637748837471,0.0,,,,,,
24117248,,,,,,,0.6247331738471985,0.07793329076679179,0.6329913914203643,0.07895921542814399,0.6461427050828934,0.08059266706095736
24248320,0.6103921816684306,7.24494431167841,0.008651092972399965,1.1444704796303995e-05,0.01171937771141529,0.0,,,,,,
24248320,,,,,,,0.6675161302089692,0.08324641446395087,0.6748243629932403,0.08415354359911276,0.7177982431650162,0.08948477570122249
24379392,0.6388057149015367,7.241650581359863,0.0040071489584079245,0.0,0.0,0.0,,,,,,
24379392,,,,,,,0.7267322421073913,0.09059247201153076,0.789026591181755,0.09830975951864618,0.896022835969925,0.11153684757112314
24510464,0.6858009309507906,7.6747060008347034,0.007847765069527668,2.0312951164669357e-05,0.020800461992621422,0.0,,,,,,
24510464,,,,,,,0.7182137846946716,0.08953630222048115,0.7286967992782593,0.09083602084571907,0.7544966495037079,0.094033444461737
24641536,0.6701216408982873,7.401061680167913,0.010697954171519086,1.6540954675292596e-05,0.01693793758749962,0.0,,,,,,
24641536,,,,,,,0.7299809634685516,0.09099521456276127,0.7534334540367127,0.09390171851811502,0.8417156636714936,0.10482792521697282
24772608,0.6455519320443273,7.316090527921915,0.008362141102679743,6.8688186729559675e-06,0.007033670321106911,0.0,,,,,,
24772608,,,,,,,0.6886219382286072,0.08586577630232273,0.7080732047557831,0.08827874948829684,0.73495889544487,0.09161226880202555
24903680,0.6546858791261911,7.281810875982046,0.010470410225480009,9.179744665743783e-06,0.009400058537721634,0.0,,,,,,
24903680,,,,,,,0.7140596628189086,0.08902117590176073,0.7271389722824096,0.09064289579700668,0.7799889099597931,0.09719084400607625
25034752,0.6295011714100838,7.539993058890104,0.009319523771864624,2.133733687514905e-05,0.021849432960152626,0.0,,,,,,
25034752,,,,,,,0.6851145386695862,0.08543056747869371,0.69532390832901,0.08669728591091808,0.7093396532535553,0.08843581965321357
25165824,0.6411875155754387,7.874525658786297,0.007976242520271626,2.6478994186618365e-05,0.027114490047097206,0.0,,,,,,
25165824,,,,,,,0.6702267229557037,0.08358288101479361,0.6812015533447265,0.08494499386923593,0.700752192735672,0.0873706815866615
25296896,0.7572465976700187,8.441371209919453,0.011594578178119264,3.186543835909106e-05,0.032630208879709244,0.0,,,,,,
25296896,,,,,,,0.7972805738449097,0.09933143171435299,0.8077789455652237,0.10063061000348439,0.8144433045387268,0.10145514971814928
25427968,0.579890173394233,6.943335769698024,0.0024658748438923794,5.846222848049365e-06,0.00598653219640255,0.0,,,,,,
25427968,,,,,,,0.7774739027023315,0.09687942820774298,0.9550604939460754,0.11881862191933745,1.0779972934722903,0.13393997091145016
25559040,0.6005305957514793,7.818081263452768,0.0060078699159475946,2.539071829232853e-05,0.026000095531344414,0.0,,,,,,
25559040,,,,,,,0.6388558208942413,0.07968765655325494,0.6491229176521301,0.0809627628772549,0.6571695601940155,0.08196191830549537
25690112,0.6876287744380534,6.981998134404421,0.009478070557179308,8.533043001079932e-07,0.000873783603310585,0.0,,,,,,
25690112,,,,,,,0.8136084556579589,0.1013518666677462,0.8924107104539867,0.11109092652171748,1.0242069256305695,0.1273309468733057
25821184,0.7027549548074603,7.318006310611963,0.008810212698790565,1.7990241758525372e-06,0.001842200756072998,0.0,,,,,,
25821184,,,,,,,0.7974589824676513,0.09935351270449022,0.8249061554670333,0.10274937165920228,0.8601333546638489,0.10710428444525366
25952256,0.6122304070740938,7.352277671918273,0.007643102223028109,7.343624019995332e-07,0.000751987099647522,0.0,,,,,,
25952256,,,,,,,0.6530809342861175,0.08145425214453517,0.7125931113958358,0.08883930676823892,0.784070103764534,0.0976961492335986
26083328,0.6025988033507019,7.000355035066605,0.009850985310094984,5.396985216066241e-06,0.005526512861251831,0.0,,,,,,
26083328,,,,,,,0.666697233915329,0.08314476092676837,0.6852704912424087,0.08544991924288747,0.7137559860944749,0.08898351700498264
26214400,0.6976861958391964,8.042592853307724,0.009076841454316309,2.9516473659896292e-05,0.02368992380797863,0.0,,,,,,
26214400,,,,,,,0.7452449262142181,0.09288708069965335,0.7565853238105774,0.09429221380861241,0.7776901966333389,0.0969062111222816
26345472,0.6541695944033563,7.164134919643402,0.008106781530841545,4.236837412463501e-06,0.004338521510362625,0.0,,,,,,
26345472,,,,,,,0.7314496636390686,0.0911772789121661,0.7415437817573547,0.0924284096533532,0.8068673110008242,0.10051780835056157
26476544,0.5187062555924058,6.804294902831316,0.00506511647949992,0.0,0.0,0.0,,,,,,
26476544,,,,,,,0.6531593561172485,0.08146398982655234,0.7983918488025664,0.09946896860372467,0.9793200075626374,0.12180716359164268
26607616,0.528901700861752,7.412176311016083,0.0058956680604751455,7.174639904405922e-06,0.007346831262111664,0.0,,,,,,
26607616,,,,,,,0.5745536684989929,0.07169598166921709,0.5794512212276459,0.0723050020834517,0.5925374436378479,0.0739320341283154
26738688,0.7256575268693268,7.843213073909283,0.009016761595148637,2.1729127183789387e-05,0.020075812935829163,0.0,,,,,,
26738688,,,,,,,0.8652674615383147,0.10773864223667573,0.9142124563455581,0.1137816910291376,1.0589040768146516,0.1315953901306146
26869760,0.6152585321106017,7.174020417034626,0.007587560029605811,7.99224289949052e-06,0.008184056729078293,0.0,,,,,,
26869760,,,,,,,0.7460507929325103,0.0929869439764599,0.7680291265249252,0.09570977858893959,0.7893218016624451,0.09834630405203404
27000832,0.6335224495269358,7.584211148321629,0.010562658857907081,2.345521716051735e-05,0.020999588072299957,0.0,,,,,,
27000832,,,,,,,0.7447633266448974,0.09282739982555999,0.7801232695579529,0.09720748028258308,0.8719066882133484,0.10855883884837647
27131904,0.6613117489032447,7.671637028455734,0.009589246707946586,2.855727325368207e-05,0.02924264781177044,0.0,,,,,,
27131904,,,,,,,0.7331385493278504,0.09138663056457808,0.7521705895662307,0.09374525005985213,0.7873081344366074,0.09809702400579168
27262976,0.6361289490014315,7.373965762555599,0.00807358372503586,7.841983460821211e-06,0.00803019106388092,0.0,,,,,,
27262976,,,,,,,0.6710260272026062,0.0836820952145616,0.6817084193229676,0.08500789460683955,0.7077576345205308,0.08823961048290174
27394048,0.6739348252303898,7.4502596743404865,0.00821038757203496,1.421727574779652e-05,0.014558490365743637,0.0,,,,,,
27394048,,,,,,,0.7215735793113709,0.0899528940290546,0.7359067559242248,0.0917297556847867,0.7888181161880494,0.0982839519371923
27525120,0.5120132211595774,6.410517431795597,0.0028579750555763894,6.777339876862243e-06,0.006939996033906937,0.0,,,,,,
27525120,,,,,,,0.6160592555999755,0.07685554557685492,0.7429450988769528,0.09260207504642115,1.0597837924957278,0.13170344873393613
27656192,0.6525582978501916,8.07528430968523,0.008221132464996117,3.731465039891191e-05,0.038210202008485794,0.0,,,,,,
27656192,,,,,,,0.7061181247234345,0.08803626378366003,0.7177608400583267,0.08948013774923536,0.7434968101978303,0.09267044714926054
27787264,0.7051788438111544,7.791159685701132,0.009011433632622357,1.7787349861464463e-05,0.017822271212935448,0.0,,,,,,
27787264,,,,,,,0.7974800586700439,0.09935612122338977,0.8502010107040404,0.10587682100613871,0.9783611828088761,0.1216890870327656
27918336,0.6999332001432776,7.700238201767206,0.0077940671056353494,2.602536005724687e-05,0.026649968698620796,0.0,,,,,,
27918336,,,,,,,0.745749431848526,0.0929495994276972,0.7586243718862533,0.09454482258902375,0.8006893801689149,0.09975331040035051
28049408,0.662716603372246,7.015334162861109,0.00908062906160012,1.8034232198260725e-05,0.018467053771018982,0.0,,,,,,
28049408,,,,,,,0.7171170115470886,0.08940030297791357,0.7577853798866271,0.0944408849985654,0.807369390130043,0.10057993373445706
28180480,0.7104561505839229,7.407687444239855,0.01155563836687179,6.6653026351559674e-06,0.006822887808084488,0.0,,,,,,
28180480,,,,,,,0.771417212486267,0.0961293927887108,0.7878676444292069,0.09816628925713089,0.8216458374261857,0.10234611761419155
28311552,0.6630070824176073,7.466268617659807,0.009532408740369647,1.3710341590922326e-05,0.014039389789104462,0.0,,,,,,
28311552,,,,,,,0.6949652314186096,0.08665278811994326,0.7095308423042297,0.08845953132576168,0.7275985157489777,0.09069986647476092
28442624,0.694466199260205,7.240464497357607,0.011147956429340411,6.820300768595189e-08,6.983987987041473e-05,0.0,,,,,,
28442624,,,,,,,0.7446811258792877,0.09281721325988412,0.7545099347829819,0.0940350904373548,0.8087080186605454,0.10074556676180157
28573696,0.5012956685386598,6.34414872713387,0.003127585660195109,0.0,0.0,0.0,,,,,,
28573696,,,,,,,0.6403278112411499,0.07987048424895926,0.8646290004253384,0.1076597602958167,0.9829670381546022,0.12225625357955194
28704768,0.5903653977438807,7.420905411243439,0.005800469331916247,1.2415719538694248e-05,0.012067994102835655,0.0,,,,,,
28704768,,,,,,,0.6385722577571868,0.07965243614424167,0.6463889509439468,0.08062324779138064,0.6615159070491791,0.08250153786814463
28835840,0.6057318770326674,7.103146694600582,0.00970766971249759,1.2404529115883633e-05,0.01270223781466484,0.0,,,,,,
28835840,,,,,,,0.7154902160167694,0.0891985751250488,0.787887668609619,0.09816876815839515,0.9202313309907915,0.1145242464039935
28966912,0.7080430560745299,7.949830275028944,0.009095487720514939,2.0431241864571348e-05,0.02092159166932106,0.0,,,,,,
28966912,,,,,,,0.7613714694976806,0.09488512928561588,0.7776106983423233,0.09689636714563088,0.7925968551635743,0.09875170985706383
29097984,0.6877690446563065,7.731768395751715,0.010938085438283451,2.3823777155485004e-05,0.024395547807216644,0.0,,,,,,
29097984,,,,,,,0.7372209608554839,0.09189264657291485,0.7638033509254456,0.09518636893031185,0.7949299752712251,0.09904049750095756
29229056,0.6063007158227265,7.059643041342497,0.00854742988099133,6.372998541337438e-06,0.0065259505063295364,0.0,,,,,,
29229056,,,,,,,0.6570250809192657,0.08194397969166567,0.6865021526813507,0.08560275075989532,0.7089311480522156,0.08838515563379579
29360128,0.6238935017026961,7.354449555277824,0.009169925552669156,1.7016660422086716e-05,0.017425060272216797,0.0,,,,,,
29360128,,,,,,,0.6582658171653748,0.08209802834899182,0.666240730881691,0.08308809225737135,0.673836207985878,0.08403089769081262
29491200,0.6099789757281542,7.228702154010534,0.008741718941564613,6.0385682445485145e-06,0.006183493882417679,0.0,,,,,,
29491200,,,,,,,0.6702662229537963,0.0835877840186745,0.6930560529232025,0.08641592784680152,0.7371964353322983,0.09188960676914237
29622272,0.5563449452165514,6.948734337463975,0.005057214238149754,0.0,0.0,0.0,,,,,,
29622272,,,,,,,0.6929214715957641,0.08639923078343403,0.7875688582658767,0.09812930076222193,1.0542358493804935,0.13102192289420644
29753344,0.6167511367239058,7.241709370166063,0.008831538007143536,1.0593381375656463e-05,0.010847622528672218,0.0,,,,,,
29753344,,,,,,,0.6737009167671204,0.08401410567926182,0.6818950861692429,0.08503105930185995,0.7071181100606918,0.08816029180155849
29884416,0.6122813750989735,7.221193006262183,0.009327896123977553,1.3124808901920915e-05,0.013439804315567017,0.0,,,,,,
29884416,,,,,,,0.7156765401363373,0.08922168028366761,0.7795497626066205,0.09713646882342464,0.8395850563049316,0.1045645185757782
30015488,0.6143822115845978,7.384622517973185,0.008313350705975608,9.788273018784821e-06,0.010023191571235657,0.0,,,,,,
30015488,,,,,,,0.656534343957901,0.08188304916633515,0.6640549600124359,0.08281675096508989,0.7037308079004289,0.08774015423807557
30146560,0.5859553250484169,7.169856783002615,0.008679784031755844,8.83191023604013e-06,0.009043876081705093,0.0,,,,,,
30146560,,,,,,,0.6333641827106475,0.0790055236454077,0.6641119062900542,0.08282382042405545,0.7341457182168962,0.09151147381528268
30277632,0.5531811567489058,7.120151681825519,0.007254991541913114,8.039834938244894e-06,0.008232790976762772,0.0,,,,,,
30277632,,,,,,,0.6113874197006226,0.07627498953424983,0.6371926546096801,0.07948107751205002,0.6620767068862915,0.08257116030924405
30408704,0.623580174986273,8.593425914645195,0.008190183196347789,6.027164636179805e-05,0.05447946861386299,0.0,,,,,,
30408704,,,,,,,0.6653810143470764,0.0829813686337404,0.6810676366090774,0.08492837504072015,0.7128960353136062,0.08887687328113025
30539776,0.6482813088223338,7.897933874279261,0.007908618777946685,1.870067535492126e-05,0.01914949156343937,0.0,,,,,,
30539776,,,,,,,0.7043472528457642,0.08781661613920555,0.7351234972476959,0.09163267130500685,0.7809626454114914,0.09731140976522079
30670848,0.6626880611293018,7.604349721223116,0.015617009807101567,2.2535567040904425e-05,0.02307642064988613,0.0,,,,,,
30670848,,,,,,,0.7231543898582459,0.09014889296537798,0.7713605761528014,0.09612237866330875,0.9941523873806003,0.12363328809652385
30801920,0.6578283756971359,7.583035282790661,0.01501403145311997,1.1768079275498167e-05,0.012050513178110123,0.0,,,,,,
30801920,,,,,,,0.6981215715408325,0.08704435472431382,0.709080845117569,0.08840372155827514,0.7329351335763932,0.09136141589080449
30932992,0.6677367552183568,7.400428742170334,0.011900524730663165,1.765443812473677e-06,0.0018078144639730453,0.0,,,,,,
30932992,,,,,,,0.7217425107955933,0.08997383956066662,0.7495032727718353,0.09341475524765741,0.828801539540291,0.10323112987019578
31064064,0.6622269316576421,7.967312678694725,0.008612623834551414,2.9160491976654157e-05,0.02788451500236988,0.0,,,,,,
31064064,,,,,,,0.7058709621429443,0.08800560782833267,0.7266834855079651,0.0905864274514172,0.7519514191150666,0.0937180944471705
31195136,0.5903755417093635,7.706791844218969,0.00867102207678272,1.3696071619051509e-05,0.014024777337908745,0.0,,,,,,
31195136,,,,,,,0.6230991959571839,0.07773028081748645,0.6304233103990555,0.07864019858157523,0.692916102409363,0.08639856464510132
31326208,0.6106834695674479,7.3156845308840275,0.009288016551636247,8.913430065149441e-07,0.0009127352386713028,0.0,,,,,,
31326208,,,,,,,0.6560595750808715,0.08182410067611734,0.6678138196468353,0.08328336765700461,0.7036219680309296,0.08772665397399138
31457280,0.6243644189089537,7.319406840950251,0.008281549353796436,9.14131487661507e-06,0.009360706433653831,0.0,,,,,,
31457280,,,,,,,0.6634096920490264,0.08273664514024581,0.6786476284265518,0.08462804819950787,0.702055995464325,0.08753241052897898
31588352,0.6899325442500412,8.089003060013056,0.009610317123588175,2.549742566770874e-05,0.02498815394937992,0.0,,,,,,
31588352,,,,,,,0.7373992621898651,0.09191474599162808,0.7543573468923569,0.0940161855762982,0.7870225882530214,0.098061674086382
31719424,0.538022136548534,7.196778140962124,0.0067790504663207685,1.1589487257879227e-05,0.011867634952068329,0.0,,,,,,
31719424,,,,,,,0.647113710641861,0.08071325321892209,0.7928494930267332,0.0987829815300223,1.026356831789017,0.12759531899101506
31850496,0.542164059355855,7.484731510281563,0.007459006046701688,1.0406018191133626e-05,0.010655762627720833,0.0,,,,,,
31850496,,,,,,,0.595465087890625,0.07429597950376543,0.6127086043357849,0.07643917473324402,0.6385043060779572,0.07964399606864636
31981568,0.5904645130503923,7.043613551184535,0.007334624561053715,5.537151082535274e-06,0.005670042708516121,0.0,,,,,,
31981568,,,,,,,0.7336700260639191,0.09145250992694653,0.8317718088626861,0.10359844279415831,0.9421300035715103,0.11722482478961549
32112640,0.8038040935061872,8.66109223663807,0.013933215137512889,6.572174288521637e-05,0.05518604815006256,0.0,,,,,,
32112640,,,,,,,0.8600748002529144,0.10709704910031981,0.8793023824691772,0.10947231389317524,0.9273779183626176,0.11540576275149417
32243712,0.6633547749370337,7.309842579066753,0.009740972076542675,2.3484078781166318e-05,0.02404744178056717,0.0,,,,,,
32243712,,,,,,,0.7322727859020233,0.09127931288007218,0.774481952190399,0.09650893115223291,0.8643582576513291,0.10762630958691166
32374784,0.6205848134122789,7.07707342505455,0.008336473965755431,1.9224908101023175e-05,0.01968630589544773,0.0,,,,,,
32374784,,,,,,,0.6821502566337585,0.08506272490475908,0.7005966186523437,0.08735138324294911,0.7468345540761948,0.09308406612846176
32505856,0.6599428937770426,7.512979157269001,0.010184585743445496,2.9454080504365265e-05,0.030159667134284973,0.0,,,,,,
32505856,,,,,,,0.7059822142124176,0.08801940661439933,0.7267768472433089,0.09059800189145584,0.7508026027679443,0.09357575175750665
32636928,0.6039433856494725,7.725600812584162,0.006291449114542047,2.4679085981915705e-05,0.0247759148478508,0.0,,,,,,
32636928,,,,,,,0.6665178835391998,0.08312249707054908,0.6810529977083206,0.08492655837632901,0.7459529191255572,0.09297481552090558
32768000,0.5293746793176979,6.785676097497344,0.005810053551613237,7.073731467244215e-06,0.0072435010224580765,0.0,,,,,,
32768000,,,,,,,0.652355682849884,0.08136419653709304,0.7737559467554084,0.09641902493513399,1.053517113924027,0.1309336222164481
32899072,0.5497036182787269,7.1986591927707195,0.006508499295478032,1.485348548158072e-06,0.0015209969133138657,0.0,,,,,,
32899072,,,,,,,0.5878233909606934,0.07334597292426004,0.5955376982688904,0.07430500569477583,0.6101317799091339,0.07611894583774714
33030144,0.6969124213792384,7.277589228004217,0.01001651231536016,3.41878694598563e-06,0.0035008378326892853,0.0,,,,,,
33030144,,,,,,,0.8362432539463043,0.10415134255692315,0.8866281986236568,0.11037697572589478,0.9641691374778748,0.11994097571381324
33161216,0.6458443370647728,7.930621698498726,0.007371231428805913,2.6218245693598874e-05,0.026847483590245247,0.0,,,,,,
33161216,,,,,,,0.7413282632827759,0.09240169992461511,0.7684339731931685,0.09575992061182559,0.832171102166176,0.10364781851796523
33292288,0.6185732008889318,7.271334771066904,0.007361063138887403,1.1910351531696506e-05,0.012196199968457222,0.0,,,,,,
33292288,,,,,,,0.6619018316268921,0.0825494498999999,0.7178670316934583,0.08949330540748113,0.809186424612999,0.10080476019139617
33423360,0.5944610997103155,7.16993422806263,0.008132609237691213,3.197577825631015e-06,0.0032743196934461594,0.0,,,,,,
33423360,,,,,,,0.6646055698394775,0.08288510475119781,0.6877650499343871,0.08575945401042873,0.7079663908481598,0.0882655017861651
33554432,0.5702690067701042,6.9891419764608145,0.00934271985443047,1.5530313248746097e-06,0.0015903040766716003,0.0,,,,,,
33554432,,,,,,,0.6103103160858154,0.07614113351521534,0.6212999433279037,0.07750672921922885,0.6468802171945572,0.08068425661011358
33685504,0.5594339573290199,7.497388269752264,0.007980512199310397,3.115280196652748e-05,0.031900469213724136,0.0,,,,,,
33685504,,,,,,,0.6171141266822815,0.07698662427226854,0.6368377238512039,0.07943699128473147,0.6848523676395417,0.08539803518690614
33816576,0.6157723406795412,6.645123969763517,0.010287907395650109,0.0,0.0,0.0,,,,,,
33816576,,,,,,,0.7228327512741088,0.0901090147353234,0.8051338762044902,0.10030331362392086,0.9939308285713199,0.12360601647305258
33947648,0.5740424385294318,6.794940955936909,0.00849428300625732,2.0620154828066006e-06,0.002111503854393959,0.0,,,,,,
33947648,,,,,,,0.6037319719791412,0.0753235567183026,0.6147374719381332,0.07669129646975215,0.6322150421142578,0.07886277605053582
34078720,0.5833577967714518,6.802601885050535,0.00819242413945176,0.0,0.0,0.0,,,,,,
34078720,,,,,,,0.6822374820709228,0.08507354918258625,0.7256798505783081,0.09046200113791336,0.8288977080583575,0.10324302281572084
34209792,0.6750126616097987,7.3522536270320415,0.009327236663466465,9.479497748543508e-06,0.009431784972548485,0.0,,,,,,
34209792,,,,,,,0.7086967587471008,0.08835608577466014,0.7249121636152267,0.09036682472527002,0.7537652677297593,0.09394282934734366
34340864,0.7557163005694747,7.706768173724413,0.009720159097696524,9.64412720350083e-06,0.00987558625638485,0.0,,,,,,
34340864,,,,,,,0.82038454413414,0.1021901048995355,0.8399339169263839,0.10460764916291243,0.9584216350317004,0.11923281233698968
34471936,0.6708866208791733,7.528731521219015,0.00720946158935476,1.9718276234925725e-05,0.020191514864563942,0.0,,,,,,
34471936,,,,,,,0.7273563742637634,0.09066984770278852,0.739538237452507,0.0921798525344577,0.7689070183038712,0.0958185086931147
34603008,0.6018045996315777,7.244020469486713,0.007593424676088034,2.0193336240481585e-05,0.020186426118016243,0.0,,,,,,
34603008,,,,,,,0.6338436722755432,0.07906508544479873,0.6468421190977096,0.08067952534827438,0.6631529688835145,0.08270477433001777
34734080,0.6372159216552973,7.158471845090389,0.006854514613223728,2.912343916250393e-06,0.0029822401702404022,0.0,,,,,,
34734080,,,,,,,0.6816365420818329,0.08499897487107755,0.6941205859184265,0.08654799924842016,0.7088319420814514,0.08837285174779885
34865152,0.5406453665345907,6.241527298465371,0.003713246312145202,0.0,0.0,0.0,,,,,,
34865152,,,,,,,0.7257644891738891,0.09047249437366123,0.8881510198116301,0.11056500534058489,1.0403138792514803,0.1293111626465513
34996224,0.48642413108609617,6.674946527928114,0.004189042415418953,0.0,0.0,0.0,,,,,,
34996224,,,,,,,0.5313754856586457,0.06632442605687205,0.5350886821746826,0.06678651960168791,0.5521964597702026,0.06891514601832083
35127296,0.668454002821818,6.990402217954397,0.01314095281122718,4.960387741448358e-06,0.005079437047243118,0.0,,,,,,
35127296,,,,,,,0.7914338409900665,0.0986077487194228,0.86752610206604,0.10801768662857714,1.0202772384881975,0.12684766987789375
35258368,0.6199277234263718,7.768731117248535,0.008340426367340115,1.1134596206829883e-05,0.01117752306163311,0.0,,,,,,
35258368,,,,,,,0.7108105957508087,0.08861824648625749,0.7438566923141479,0.09271504590286228,0.7911233341693878,0.09856931262092328
35389440,0.5529314270243049,6.959776321426034,0.007606932811540901,0.0,0.0,0.0,,,,,,
35389440,,,,,,,0.6385897040367126,0.07965460309279271,0.7058432698249816,0.08800217309712166,0.797819420695305,0.0993981225420808
35520512,0.5131953374948353,6.568868480622768,0.006339111812394549,0.0,0.0,0.0,,,,,,
35520512,,,,,,,0.5814413011074067,0.07255245709192892,0.6057201534509659,0.07557066474363427,0.6538861554861071,0.0815542361647501
35651584,0.5263618484605104,6.849175281822681,0.005738215120800305,1.1630072549451143e-06,0.001190919429063797,0.0,,,,,,
35651584,,,,,,,0.5728705585002899,0.07148667122941421,0.5850133448839188,0.07299659780464718,0.6066871631145477,0.07569084953814276
35782656,0.5553533285856247,6.732634346932173,0.00688376406333191,3.431456207181327e-06,0.003513811156153679,0.0,,,,,,
35782656,,,,,,,0.636673778295517,0.07941662737400779,0.660813644528389,0.0824143519159104,0.6956543886661529,0.0867382853025982
35913728,0.5491935750469565,6.669739995151758,0.004057183120039554,0.0,0.0,0.0,,,,,,
35913728,,,,,,,0.6954095482826232,0.08670791043203274,0.8347992449998856,0.103972796070257,1.0266444015502931,0.1276306798241853
36044800,0.5299362866207957,7.4645854234695435,0.004654964989413202,0.0,0.0,0.0,,,,,,
36044800,,,,,,,0.5842004418373108,0.07289552561904666,0.5998452454805374,0.07484045474973722,0.6158668255805969,0.0768316338603332
36175872,0.5427093515172601,6.25604410097003,0.006368313298708017,0.0,0.0,0.0,,,,,,
36175872,,,,,,,0.6622178375720977,0.08258868134088027,0.7529294371604918,0.09383927156239702,0.8550829416513445,0.10648018257074976
36306944,0.6055278228595853,7.4322548024356365,0.005377417610816337,7.291515430551954e-06,0.0074665118008852005,0.0,,,,,,
36306944,,,,,,,0.6548845767974854,0.0816782074920468,0.6682289153337478,0.0833348945010064,0.7188625138998033,0.0896167426994654
36438016,0.5457669782917947,7.139129843562841,0.00569111983941184,1.4544672012561932e-05,0.014893744140863419,0.0,,,,,,
36438016,,,,,,,0.6083475112915039,0.07589720077712903,0.6543449461460112,0.08161120329829474,0.781804208159447,0.09741560789327841
36569088,0.5433659348636866,6.8598822504282,0.006501045550521667,3.173714503645897e-06,0.0032498836517333984,0.0,,,,,,
36569088,,,,,,,0.6103530943393707,0.07614644979402829,0.6279814392328262,0.07833684506575578,0.6631475925445557,0.0827041068844343
36700160,0.5709773981943727,6.928751952946186,0.008435526196535648,5.460966349346563e-06,0.005592029541730881,0.0,,,,,,
36700160,,,,,,,0.6034132361412048,0.0752839406686705,0.6104732424020767,0.07616138120324867,0.6396055668592454,0.07978077898080205
36831232,0.7754205577075481,7.820782847702503,0.012419570223755727,5.865840648766607e-06,0.006006620824337006,0.0,,,,,,
36831232,,,,,,,0.8598624289035797,0.10707080708857886,0.8826854199171066,0.10989010633874763,0.9161920547485353,0.1140259303951805
36962304,0.5124954169150442,6.556803729385138,0.008260134356078197,3.5972989280708134e-06,0.003683634102344513,0.0,,,,,,
36962304,,,,,,,0.6365348160266876,0.07939936662098557,0.7551603794097896,0.09411567644683827,1.1036909759044653,0.13709269633479337
37093376,0.627823572140187,7.531752817332745,0.0071897256389092945,2.002594010264147e-05,0.020506562665104866,0.0,,,,,,
37093376,,,,,,,0.6731372594833374,0.08394414541748674,0.6823151677846908,0.0850831896074633,0.6933825659751892,0.08645643704719808
37224448,0.5607555371243507,6.4644719287753105,0.006795259648697538,1.3035696611041203e-06,0.0013348553329706192,0.0,,,,,,
37224448,,,,,,,0.6723399698734284,0.08384518566325005,0.7380342692136763,0.09199345070236475,0.8206719052791597,0.10222564980467275
37355520,0.5750588425435126,7.429573817178607,0.007511404449815018,2.1607876988127828e-05,0.022126466035842896,0.0,,,,,,
37355520,,,,,,,0.6464815557003021,0.08063474813257598,0.6547175735235214,0.08165747131418288,0.6798092496395112,0.08477220915081296
37486592,0.561827558092773,6.909497670829296,0.007976457018685323,1.1933972928090952e-05,0.012220388278365135,0.0,,,,,,
37486592,,,,,,,0.616283643245697,0.07688342829654271,0.6710554212331771,0.0836857437375893,0.7377610176801682,0.09195958321323494
37617664,0.6496451897546649,7.240341126918793,0.009249778188177515,1.386004441883415e-05,0.01419268548488617,0.0,,,,,,
37617664,,,,,,,0.7310045421123504,0.09112210099484552,0.7445624679327011,0.09280250877661489,0.7564804196357727,0.09427921735885314
37748736,0.581208080984652,6.987657070159912,0.0076951596629442065,6.791147825424559e-06,0.006954135373234749,0.0,,,,,,
37748736,,,,,,,0.6386952698230743,0.07966771507734394,0.6452031701803207,0.08047598690010171,0.6782989168167115,0.08458477126865804
37879808,0.6384496930986643,7.406074337661266,0.007821166258963785,2.338066951779183e-05,0.023941805586218834,0.0,,,,,,
37879808,,,,,,,0.7132014334201813,0.08891474636971619,0.7374151051044464,0.09191670962484055,0.7824385410547257,0.097494146436782
38010880,0.5829070725012571,7.115899696946144,0.003950706806222115,9.20770617085509e-06,0.009428691118955612,0.0,,,,,,
38010880,,,,,,,0.7641430974006653,0.09522845228779664,0.9001097142696378,0.11204132323480898,1.0604815304279327,0.1317891521380965
38141952,0.5341534351464361,7.585886262357235,0.004559805267945194,1.877597242128104e-05,0.019226595759391785,0.0,,,,,,
38141952,,,,,,,0.573130750656128,0.07151902896471674,0.5917545199394225,0.07383470288939331,0.6175493484735489,0.07704070432792354
38273024,0.6144333607517183,6.547390818595886,0.006698575594441536,0.0,0.0,0.0,,,,,,
38273024,,,,,,,0.7175572812557219,0.08945489657060302,0.8507485747337341,0.10594449875196221,0.9575315254926684,0.11912312896619826
38404096,0.6274529448710382,7.75621947273612,0.0068749967026633385,2.444719211780466e-05,0.025033924728631973,0.0,,,,,,
38404096,,,,,,,0.7224653780460357,0.09006346576041047,0.7457162678241729,0.09294548973867389,0.7899193060398103,0.09842026917331381
38535168,0.5821957206353545,6.9646798223257065,0.0054137543224896945,2.875365680665709e-06,0.002944374457001686,0.0,,,,,,
38535168,,,,,,,0.6506067752838135,0.08114702648189587,0.7242906689643858,0.09028977175646258,0.831377176642418,0.10354964294784041
38666240,0.5979509176686406,7.261472262442112,0.0055868652875687985,6.574362487299368e-06,0.006732147186994553,0.0,,,,,,
38666240,,,,,,,0.6684767246246338,0.0833656554626594,0.70383143723011,0.08775263605572747,0.7328364068269729,0.09134917804122056
38797312,0.5936684608459473,7.602137353271246,0.0073806364908932665,1.2454407624318264e-05,0.012753313407301903,0.0,,,,,,
38797312,,,,,,,0.6345806658267975,0.07915663307678766,0.6423929244279861,0.08012697135785674,0.6574135011434555,0.08199220600649637
38928384,0.5556140094995499,6.490817673504353,0.007703378434598562,2.8210633900016546e-06,0.0028887689113616943,0.0,,,,,,
38928384,,,,,,,0.6057574033737183,0.07557529439090827,0.6522016286849975,0.08134506721888513,0.7003415834903718,0.08731974700782241
39059456,0.5119677782058716,6.647663332521915,0.006335060288506611,0.0,0.0,0.0,,,,,,
39059456,,,,,,,0.6103031456470489,0.07614024240661132,0.7416069209575652,0.09243623462281181,1.0002247136831286,0.12438065652312935
39190528,0.5402124689426273,7.51964220777154,0.005811807493955712,1.1545942470547743e-05,0.011823045089840889,0.0,,,,,,
39190528,,,,,,,0.5942261278629303,0.07414196259516426,0.6070373475551605,0.07573437166857744,0.6286683589220047,0.07842218252849653
39321600,0.6111004874110222,6.931563176214695,0.011660175727683963,5.564897946896963e-06,0.00569845549762249,0.0,,,,,,
39321600,,,,,,,0.7044018626213073,0.08782338971491566,0.7907648384571074,0.09852493584988409,0.9107953107357027,0.11336005727427856
39452672,0.6195450602099299,7.75343463383615,0.009940486660752867,2.4727285563130863e-05,0.025320740416646004,0.0,,,,,,
39452672,,,,,,,0.6900270581245422,0.08604011867658379,0.7018820106983185,0.08751082902438023,0.7486362534761429,0.09330732248405971
39583744,0.5702918539755046,7.434112843126059,0.009352600462989358,1.6562960809096694e-05,0.016960471868515015,0.0,,,,,,
39583744,,,,,,,0.6133864223957062,0.07652340638809596,0.6362522065639495,0.07936426304511768,0.7189910697937014,0.0896326831066172
39714816,0.538554304279387,6.933631792664528,0.008113368530757725,9.756437066243961e-06,0.009990591555833817,0.0,,,,,,
39714816,,,,,,,0.6050981700420379,0.07549336037607879,0.6249132633209228,0.07795566518787145,0.6544797331094743,0.08162793942902091
39845888,0.6053448296152055,7.57155442237854,0.009915853820075426,9.047187631949782e-06,0.009264320135116577,0.0,,,,,,
39845888,,,,,,,0.642956280708313,0.08019693838123088,0.649149215221405,0.0809660285250764,0.6629921954870224,0.08268481508514047
39976960,0.6113844686187804,7.167721446603537,0.008810362094664015,1.571179564052727e-05,0.015588590875267982,0.0,,,,,,
39976960,,,,,,,0.6602902233600616,0.08234936831233575,0.6822598814964294,0.08507632884560756,0.6972701305150986,0.08693873000922148
40108032,0.6051986140664667,6.585440251976252,0.006054019340808736,0.0,0.0,0.0,,,,,,
40108032,,,,,,,0.7139781773090362,0.08901107092310245,0.8259712070226666,0.10288109577464621,1.1104099535942082,0.13791668857702377
40239104,0.7034392687492073,7.921396464109421,0.008058642756623158,3.2065041523310356e-05,0.03225158527493477,0.0,,,,,,
40239104,,,,,,,0.7477770805358886,0.09320085982257842,0.7567276328802108,0.09430984425361633,0.7735410743951797,0.09639241551976085
40370176,0.6228167144581676,7.242460533976555,0.008405071427887378,8.964721928350627e-06,0.009179875254631042,0.0,,,,,,
40370176,,,,,,,0.6938828945159912,0.08651851030239488,0.7576873242855072,0.0944287373550925,0.8316728228330613,0.10358620232241034
40501248,0.5481647111009806,7.005704194307327,0.0061403894665090775,1.0013816790888086e-05,0.0102541483938694,0.0,,,,,,
40501248,,,,,,,0.6149279594421386,0.0767149673191827,0.6234548211097717,0.07777446522311471,0.6469539302587509,0.08069341075279368
40632320,0.567283773329109,7.272510837763548,0.008891064403997007,2.9574417567346245e-05,0.030284203588962555,0.0,,,,,,
40632320,,,,,,,0.6378144443035125,0.07955830974704514,0.671132805943489,0.08369534907502407,0.7377730524539949,0.09196107483815119
40763392,0.5670479461550713,6.754456356167793,0.00945598724501906,0.0,0.0,0.0,,,,,,
40763392,,,,,,,0.6098608374595642,0.07608527417800848,0.6409376978874206,0.07994623328756356,0.6843704324960709,0.0853382323199341
40894464,0.6047587674111128,7.252553094178438,0.008980393302863376,1.7498619854450226e-05,0.01791858673095703,0.0,,,,,,
40894464,,,,,,,0.647292560338974,0.08073546374854668,0.6632136046886444,0.08271230195672263,0.6786832243204117,0.08463246581776862
41025536,0.5884793042205274,6.883945908397436,0.008129613671371771,5.160745786270127e-07,0.000528460368514061,0.0,,,,,,
41025536,,,,,,,0.6340524613857269,0.0790910208799478,0.670843195915222,0.08365940129916472,0.6925671005249024,0.08635526489618583
41156608,0.5771544149611145,6.087878916412592,0.004648755109883496,0.0,0.0,0.0,,,,,,
41156608,,,,,,,0.6862517118453979,0.08557167497064744,0.7415613263845441,0.0924305839958186,0.8570719289779667,0.1067259805748193
41287680,0.6076862518675625,7.368627006188035,0.010536077852975723,9.851963113760576e-06,0.01008841022849083,0.0,,,,,,
41287680,,,,,,,0.6616177558898926,0.08251418230563767,0.6837967574596405,0.08526704473659019,0.7030225467681885,0.08765230246825739
41418752,0.5430030676070601,6.447944477200508,0.008624937873264571,7.98516339273192e-07,0.0008176807314157486,0.0,,,,,,
41418752,,,,,,,0.6043410181999207,0.07539925512317835,0.6624640643596649,0.08261924967587553,0.7318660247325898,0.09122889113725585
41549824,0.6227261712774634,7.273139175027609,0.008323502425128027,7.629327228642069e-06,0.0078124310821294785,0.0,,,,,,
41549824,,,,,,,0.6729271650314331,0.08391806861047679,0.6978444665670394,0.08700997894229734,0.7333936482667923,0.09141825153192262
41680896,0.5018510352820158,6.580496788024902,0.005979919332503414,2.3301072360482067e-06,0.0023860298097133636,0.0,,,,,,
41680896,,,,,,,0.5579384684562683,0.06962945283567068,0.5806449532508849,0.0724534368779115,0.6325361061096193,0.07890265932303775
41811968,0.56324249249883,6.949717000126839,0.007344350643734288,6.834176019765437e-06,0.006998196244239807,0.0,,,,,,
41811968,,,,,,,0.6211836099624634,0.07749227488833643,0.6310404032468796,0.07871685768795023,0.6390968155860901,0.07971758952464181
41943040,0.6534501886926591,7.887173805385828,0.008868993003943615,2.3872049496276304e-05,0.024444978684186935,0.0,,,,,,
41943040,,,,,,,0.7054596245288849,0.087954588621318,0.716796213388443,0.08936052355946633,0.732774675488472,0.0913415260094883
42074112,0.6221284884959459,7.062108527868986,0.008560627383758401,4.2064075387315825e-06,0.0043073613196611404,0.0,,,,,,
42074112,,,,,,,0.6753958821296692,0.08422447714022097,0.6872095555067063,0.08569052748237538,0.7067822074890137,0.08811863016520771
42205184,0.6113121057860553,7.225404534488916,0.009557898798902897,1.2013955711154267e-05,0.01230229064822197,0.0,,,,,,
42205184,,,,,,,0.7145079910755158,0.08907677254413948,0.7923401653766631,0.09871993643468269,1.037181228399277,0.12892610959162587
42336256,0.531563346972689,6.813082184642553,0.007417010797325929,3.960836693295278e-06,0.004055896773934364,0.0,,,,,,
42336256,,,,,,,0.5941143751144409,0.07412807027575075,0.603098452091217,0.07524481555812534,0.6219797724485397,0.07759119681117044
42467328,0.5084745804779232,7.510004732757807,0.007823456295682263,4.633189564628992e-05,0.04534403793513775,0.0,,,,,,
42467328,,,,,,,0.6094035506248474,0.07602844397898156,0.6984343230724334,0.0870831523298834,0.7746530210971835,0.096530115555445
42598400,0.6209349310956895,6.9535508416593075,0.007410428619891718,3.6154233384877443e-08,3.70219349861145e-05,0.0,,,,,,
42598400,,,,,,,0.6642873227596283,0.08284559702828731,0.6784795165061951,0.08460718467259598,0.7259096610546113,0.09049049229528072
42729472,0.6019603773020208,7.060348100960255,0.008393376544063358,5.0063736125594005e-06,0.005126526579260826,0.0,,,,,,
42729472,,,,,,,0.66096111536026,0.08243266053702958,0.6845979928970336,0.08536647014718346,0.7322944468259811,0.09128199793528657
42860544,0.6075206357054412,7.553690977394581,0.00968351152005198,1.8735874618869275e-05,0.019185535609722137,0.0,,,,,,
42860544,,,,,,,0.6652327001094818,0.08296295698548417,0.698789632320404,0.08712722900550784,0.7568233579397202,0.09432170344618784
42991616,0.6101680500432849,7.5520537532866,0.00869366415827244,2.034924727922771e-05,0.020837629213929176,0.0,,,,,,
42991616,,,,,,,0.688835859298706,0.08589231922195895,0.7032668679952621,0.08768260790276461,0.7327540898323059,0.09133897427083992
43122688,0.5548577152658254,6.886413777247071,0.006456175943867493,7.62939453125e-06,0.0078125,0.0,,,,,,
43122688,,,,,,,0.6098299503326416,0.07608143563659309,0.6428118705749511,0.08017900318620352,0.717719630599022,0.08947502780841377
43253760,0.6044564910698682,6.749715026468039,0.00668657864753186,0.0,0.0,0.0,,,,,,
43253760,,,,,,,0.706766939163208,0.08811673644377804,0.8447863131761549,0.10520752323261884,1.0694320964813235,0.13288837825219102
43384832,0.6049048602581024,7.728185035288334,0.007339085551620883,1.1030828318325803e-05,0.011295568197965622,0.0,,,,,,
43384832,,,,,,,0.6478623986244202,0.0808062288360889,0.6591608345508575,0.08220915043927124,0.6735642838478089,0.08399714709072748
43515904,0.5799607916269451,6.864917039871216,0.00970636441707029,1.6130987205542624e-05,0.016518130898475647,0.0,,,,,,
43515904,,,,,,,0.6839265167713166,0.0852831467018984,0.7509186267852782,0.09359012774576492,0.8515554487705234,0.10604422487244247
43646976,0.6985590825788677,7.782660618424416,0.00919365683421347,2.356529012104147e-05,0.024125730618834496,0.0,,,,,,
43646976,,,,,,,0.7492842853069305,0.09338762061440642,0.7621601670980453,0.09498282797235369,0.7913856679201127,0.09860178563342203
43778048,0.6267882701940835,7.47893463820219,0.010524682818413567,1.5171095583355054e-05,0.015535201877355576,0.0,,,,,,
43778048,,,,,,,0.6717015385627746,0.0837659422420789,0.7257464468479157,0.09047025754262683,0.8130061817169192,0.10127735519158287
43909120,0.5534484651871026,7.056986762210727,0.008506597102268643,8.467863153782673e-06,0.008671091869473457,0.0,,,,,,
43909120,,,,,,,0.6174560010433197,0.07702910514399486,0.6332681834697723,0.07899359863087407,0.6509051620960236,0.08118407911758596
44040192,0.5777452192269266,7.128987327218056,0.009961800896689965,6.046760972822085e-06,0.006191883236169815,0.0,,,,,,
44040192,,,,,,,0.6216233313083649,0.07754690975507827,0.6340469360351563,0.0790903345314915,0.6526270073652267,0.08139788748299792
44171264,0.5622358242981136,6.8531692661345005,0.008707988702553848,1.4169578207656741e-05,0.014509648084640503,0.0,,,,,,
44171264,,,,,,,0.6061310350894928,0.07562173143590223,0.6224291801452636,0.07764703432840458,0.6779871922731401,0.08454608435563404
44302336,0.5654913170728832,6.364472610875964,0.005597649315859599,0.0,0.0,0.0,,,,,,
44302336,,,,,,,0.6830874681472778,0.08517902751561346,0.8032471209764478,0.10006983647431156,1.068985599279404,0.13283355130004937
44433408,0.5605545539874583,6.766140557825565,0.006922782120682314,7.517883204855025e-07,0.0007698312401771545,0.0,,,,,,
44433408,,,,,,,0.6102286338806152,0.07613098242546346,0.6250026553869247,0.07796677128104079,0.6488240432739258,0.08092564835677041
44564480,0.6054836336988956,7.029787166044116,0.011145886129952487,1.6251331544481218e-05,0.014885112643241882,0.0,,,,,,
44564480,,,,,,,0.7128159642219543,0.08886694344702195,0.7671291887760162,0.09559831564013144,0.8665330517292024,0.10789500203375169
44695552,0.613655268214643,6.962161384522915,0.010233447850168886,5.0348717195447534e-06,0.0051557086408138275,0.0,,,,,,
44695552,,,,,,,0.6855847358703613,0.08548891287592242,0.6954959034919738,0.08671862366804084,0.7507051604986191,0.09356367811577582
44826624,0.599611914716661,6.787254653871059,0.00833529751594142,9.723205948830582e-06,0.009956562891602516,0.0,,,,,,
44826624,,,,,,,0.6724777579307556,0.08386228806419993,0.7075243711471556,0.08821067951705319,0.7639511942863465,0.09520468187738151
44957696,0.5363917080685496,6.835038602352142,0.006507776310627378,7.14547059033066e-06,0.007316961884498596,0.0,,,,,,
44957696,,,,,,,0.6026778399944306,0.07519253651601754,0.6193078339099883,0.0772592066680009,0.6404248744249345,0.07988253973592285
45088768,0.7150796838104725,8.5551573112607,0.010313027808024344,4.8412394676233816e-05,0.04645597189664841,0.0,,,,,,
45088768,,,,,,,0.7788506329059601,0.0970499014554278,0.7936385631561279,0.09888065186831652,0.8064087051153183,0.10046106149742196
45219840,0.6096339635550976,7.1621846370399,0.008062619458996778,1.0458617907715961e-05,0.010709624737501144,0.0,,,,,,
45219840,,,,,,,0.6747096359729766,0.08413930426389382,0.707019031047821,0.0881480031697297,0.766599282026291,0.09553268223564038
45350912,0.5494754461105913,6.495589317753911,0.007182243115721576,0.0,0.0,0.0,,,,,,
45350912,,,,,,,0.627495014667511,0.07827641483517978,0.7687318205833434,0.09579680999789031,1.0533361220359807,0.1309113860214477
45481984,0.5576019338332117,6.90659798681736,0.007174961753207754,0.0,0.0,0.0,,,,,,
45481984,,,,,,,0.6076073050498962,0.07580520733529572,0.6312354147434235,0.07874108303374716,0.6587756407260895,0.08216132643097684
45613056,0.5948195862583816,7.486931774765253,0.011776084772009199,2.4088029022095725e-05,0.024666141718626022,0.0,,,,,,
45613056,,,,,,,0.6970349192619324,0.08690955075390794,0.7592900574207306,0.094627288834505,0.8467382645606996,0.10544881028032571
45744128,0.6966221900656819,7.517796605825424,0.010661882483418594,1.995332604565192e-05,0.019133446738123894,0.0,,,,,,
45744128,,,,,,,0.7602777004241943,0.0947496373206056,0.7918654352426528,0.09866117314153833,0.817272533774376,0.10180515059079265
45875200,0.6319132559001446,7.237814843654633,0.008998710592550196,1.0907991963904351e-05,0.011169783771038055,0.0,,,,,,
45875200,,,,,,,0.671917062997818,0.08379269370140374,0.6895923316478728,0.08598617989455204,0.7424837678670884,0.0925449028624481
46006272,0.6046043643727899,7.482939705252647,0.010059963398362015,1.1736792657757178e-05,0.01201847568154335,0.0,,,,,,
46006272,,,,,,,0.6626376032829284,0.08264079393187451,0.6710257947444915,0.08368206636077624,0.6965783613920212,0.08685291180241528
46137344,0.5683645564131439,7.078876405954361,0.00837019952814444,0.0,0.0,0.0,,,,,,
46137344,,,,,,,0.6443084895610809,0.08036487511010781,0.6638164132833481,0.08278713706333152,0.6813804882764817,0.08496719930198782
46268416,0.4977828203700483,6.826210580766201,0.007210584521089913,5.0980834203073755e-06,0.0052204374223947525,0.0,,,,,,
46268416,,,,,,,0.5363206923007965,0.06693983237610324,0.5437332928180695,0.0678621980389289,0.5786112952232362,0.07220055943346604
46399488,0.6510287234559655,7.730013523250818,0.010617988519015853,2.1488127458724193e-05,0.022003842517733574,0.0,,,,,,
46399488,,,,,,,0.7273160934448242,0.09066485399182533,0.7969367504119872,0.09928887765536354,0.9419616287946704,0.1172040671099075
46530560,0.5702484759967774,7.043534100055695,0.00952127159007432,1.5259380234056152e-05,0.014801379293203354,0.0,,,,,,
46530560,,,,,,,0.6401433944702148,0.07984757916652985,0.6521187633275985,0.08133477758075625,0.6625778371095657,0.08263337417726468
46661632,0.6036404464393854,7.096416879445314,0.009278149855617812,1.5236964827636257e-06,0.0015602651983499527,0.0,,,,,,
46661632,,,,,,,0.6586535036563873,0.08214616233877892,0.7031045168638227,0.08766246999980631,0.7906796842813494,0.09851439489254288
46792704,0.632560305763036,7.700812488794327,0.009057531154894605,2.510406011424493e-05,0.02570655755698681,0.0,,,,,,
46792704,,,,,,,0.689750075340271,0.08600575203573868,0.7016632467508316,0.08748369288177282,0.7209215950965882,0.08987205485292526
46923776,0.554716563783586,6.712575536221266,0.008875189506625247,0.0,0.0,0.0,,,,,,
46923776,,,,,,,0.5919036567211151,0.07385324333300636,0.6063709825277328,0.07565155327621764,0.6673469132184984,0.08322540888664642
47054848,0.6046422100625932,7.083168730139732,0.008517474233940447,2.0670995581895113e-08,2.1167099475860596e-05,0.0,,,,,,
47054848,,,,,,,0.6591943621635437,0.08221331306552848,0.6659078180789948,0.08304676530256083,0.6822005450725556,0.08506896547247123
47185920,0.6138627347536385,7.301195971667767,0.009290640553444973,1.1415819244575687e-05,0.011689798906445503,0.0,,,,,,
47185920,,,,,,,0.6456799149513245,0.08053519376465834,0.6489724546670913,0.08094407826070027,0.683031377196312,0.08517206701333957
47316992,0.6459368504583836,7.493816502392292,0.010456844441819158,5.33423553861212e-06,0.005462257191538811,0.0,,,,,,
47316992,,,,,,,0.6974885880947113,0.08696583074516928,0.7023645460605621,0.08757068371291865,0.709686987400055,0.08847889669814912
47448064,0.6518176689278334,7.6291691064834595,0.006923912725596892,2.3181590222520754e-05,0.023737948387861252,0.0,,,,,,
47448064,,,,,,,0.7762582182884217,0.0967288916855289,0.8488766670227048,0.10571313089867629,1.0232537007331848,0.127213723832861
47579136,0.5531509721186012,7.3441959992051125,0.008987610404460611,7.477363396901637e-06,0.007656820118427277,0.0,,,,,,
47579136,,,,,,,0.6065336704254151,0.07567177284626014,0.6144150495529175,0.07665123059090528,0.6335010194778442,0.0790225214536242
47710208,0.544504085322842,6.7477300353348255,0.007555531519301439,1.8410593838780187e-05,0.01885244809091091,0.0,,,,,,
47710208,,,,,,,0.6294554173946381,0.07851995902787046,0.6789063155651092,0.08466015241732361,0.7959436416625978,0.0991659613404734
47841280,0.5582602070644498,6.948034208267927,0.008473368557588401,4.086163244210184e-06,0.004184231162071228,0.0,,,,,,
47841280,,,,,,,0.6286174416542053,0.07841585700976039,0.6426131308078766,0.0801543203702706,0.6713560825586319,0.08372306308305766
47972352,0.6029704250395298,7.761082425713539,0.012243564881828206,3.519292295095511e-05,0.03603755310177803,0.0,,,,,,
47972352,,,,,,,0.663260543346405,0.0827181291457888,0.6919774174690245,0.08628210372404488,0.7711361521482469,0.09609458478382638
48103424,0.6107197250239551,6.870764058083296,0.008765182327351795,1.0575884516583756e-05,0.010829705744981766,0.0,,,,,,
48103424,,,,,,,0.6748866081237793,0.0841612691342788,0.697605288028717,0.08698030789254019,0.7179772335290909,0.08950697029356314
48234496,0.6563611277379096,7.5740568824112415,0.009660196111894948,1.5544055713689886e-05,0.015917113050818443,0.0,,,,,,
48234496,,,,,,,0.693168431520462,0.08642987025314985,0.7062554806470871,0.08805330017822421,0.7215889525413514,0.08995480013336676
48365568,0.6897897426970303,7.503359898924828,0.012338561924934766,2.131387918780092e-05,0.021825412288308144,0.0,,,,,,
48365568,,,,,,,0.7405163586139679,0.09230107741053772,0.7638614326715468,0.09519356336279539,0.7890303337574005,0.09831022281917079
48496640,0.6326220859773457,7.719840966165066,0.008473869342424223,2.183320975746028e-05,0.022357206791639328,0.0,,,,,,
48496640,,,,,,,0.7236450552940369,0.09020972736452726,0.8334159106016154,0.1038017454867195,1.0628372693061832,0.1320784938396713
48627712,0.6734318006783724,7.932522855699062,0.011608747779519035,3.328419006720651e-05,0.033645302057266235,0.0,,,,,,
48627712,,,,,,,0.7220240831375122,0.09000875106655148,0.7348802685737609,0.0916025229218893,0.7564531034231186,0.09427583318144328
48758784,0.5941602061502635,6.48240858502686,0.011744788544547191,1.120512570196297e-05,0.011114697903394699,0.0,,,,,,
48758784,,,,,,,0.660240238904953,0.08234316262294272,0.6915786683559417,0.08623263093821398,0.8198903471231461,0.1021289749884926
48889856,0.6855600369162858,8.433319658041,0.01398410339061229,5.26919375261059e-05,0.0490115899592638,0.0,,,,,,
48889856,,,,,,,0.7417118430137634,0.09244923780131575,0.777983558177948,0.0969425368233019,0.8485619747638704,0.10567423380080698
49020928,0.6398719227872789,7.016084857285023,0.010892740927374689,9.225459507433698e-07,0.0009446870535612106,0.0,,,,,,
49020928,,,,,,,0.6851804673671722,0.08543874841353083,0.7161175996065139,0.08927637356615459,0.7517134094238281,0.09368860446085603
49152000,0.538524623028934,6.698086556047201,0.007586716242258262,7.10295353201218e-07,0.0007273424416780472,0.0,,,,,,
49152000,,,,,,,0.5757510960102081,0.07184488911488685,0.593139261007309,0.07400684969562477,0.6434968566894533,0.08026407542234226
49283072,0.5971632953733206,7.35514909401536,0.008808749807030836,1.382968548568897e-06,0.0014161597937345505,0.0,,,,,,
49283072,,,,,,,0.6447959661483764,0.0804254158402331,0.6664988547563552,0.08312013490679049,0.7087454807758332,0.088362128479621
49414144,0.5518551513087004,6.988216791301966,0.00861471799271385,0.0,0.0,0.0,,,,,,
49414144,,,,,,,0.6012684285640717,0.07501735385536579,0.6267300993204117,0.07818138555423793,0.6467672622203827,0.08067022913875643
49545216,0.6212488415185362,8.046671409159899,0.008742899921799108,5.807198795082513e-05,0.05803844705224037,0.0,,,,,,
49545216,,,,,,,0.7393042564392089,0.09215085335036655,0.8158313214778898,0.101626862928339,0.9602053338289261,0.1194525991039812
49676288,0.6006295261904597,7.329568836838007,0.007822297682196222,1.4518423995468765e-05,0.014866866171360016,0.0,,,,,,
49676288,,,,,,,0.6362066686153411,0.07935860665264283,0.6565838545560836,0.08188919649295179,0.6732354462146759,0.08395633226077992
49807360,0.5353653074707836,6.709227638319135,0.008371262175842276,3.4098411560989916e-06,0.0034916773438453674,0.0,,,,,,
49807360,,,,,,,0.5927280783653259,0.07395573317761106,0.6490336775779724,0.08095168097871674,0.7216122442483902,0.0899576880368187
49938432,0.5840231594629586,7.713805686682463,0.008067089164569552,1.614403117855545e-05,0.016531487926840782,0.0,,,,,,
49938432,,,,,,,0.6255766391754151,0.07803808271273471,0.6531311869621277,0.08146049204881689,0.6747052294015885,0.08413875734194232
50069504,0.5716821602545679,7.188572712242603,0.010937157233456674,2.096722528222017e-05,0.021470438688993454,0.0,,,,,,
50069504,,,,,,,0.6083938360214234,0.07590295800980318,0.65203797519207,0.08132474586076,0.7407787621021275,0.09233359830513832
50200576,0.5684036784805357,6.919022664427757,0.00758102543932182,1.949156285263598e-06,0.0019959360361099243,0.0,,,,,,
50200576,,,,,,,0.623732715845108,0.07780899185318724,0.6540789186954498,0.0815781712581145,0.6806327414512635,0.0848744049999186
50331648,0.544412087649107,6.876938335597515,0.007849224377650899,7.672237188671716e-06,0.007856370881199837,0.0,,,,,,
50331648,,,,,,,0.5751081466674804,0.0717649348235514,0.5830046027898789,0.07274683841892937,0.5901148307323456,0.07363085601519681
50462720,0.6085236049257219,8.282609347254038,0.009190387211674533,4.5532273361459374e-05,0.0466250479221344,0.0,,,,,,
50462720,,,,,,,0.6512298464775086,0.08122439703895812,0.6780350804328918,0.08455202758428282,0.728061622977257,0.09075727835982161
50593792,0.6137109354604036,8.478941339999437,0.0074730430437739415,7.279257624759339e-05,0.07280814088881016,0.0,,,,,,
50593792,,,,,,,0.7148498177528381,0.08911916168214606,0.8108681201934812,0.10101283163712327,1.0372075879573823,0.12892934976663284
50724864,0.6321490206755698,7.849899008870125,0.007564765041934152,2.260912697238382e-05,0.022748684510588646,0.0,,,,,,
50724864,,,,,,,0.6693602204322815,0.08347532391000456,0.6837016820907592,0.08525524670883944,0.7031709212064744,0.0876707067493907
50855936,0.6334788273088634,7.5101536847651005,0.013565449822181108,1.556909228384029e-05,0.015942750498652458,0.0,,,,,,
50855936,,,,,,,0.7163651704788208,0.0893070731895027,0.8030476987361908,0.10004515825881977,0.8785745358467103,0.10938242250160735
50987008,0.6302652768790722,7.314408093690872,0.008661473581014434,1.023164440994151e-05,0.010477203875780106,0.0,,,,,,
50987008,,,,,,,0.6746892094612121,0.08413676902536693,0.6944075852632523,0.08658360533286547,0.7465485519170763,0.09304862550398751
51118080,0.654957462567836,7.609341613948345,0.01269134890389978,2.959737139462959e-05,0.02827487513422966,0.0,,,,,,
51118080,,,,,,,0.7024168014526367,0.08757716554234696,0.7336418956518173,0.09144902303311642,0.8024624192714692,0.09997273005597052
51249152,0.6451512677595019,7.122473247349262,0.01144494443815347,4.039557097712532e-06,0.0041365064680576324,0.0,,,,,,
51249152,,,,,,,0.701279366016388,0.08743607483904214,0.7085245847702026,0.08833473200287534,0.7594122391939163,0.0946424247773825
51380224,0.5901548541150987,7.257318466901779,0.009896273488607221,1.3133843822288327e-05,0.011167759075760841,0.0,,,,,,
51380224,,,,,,,0.6371095657348633,0.0794707570057418,0.6497551232576371,0.08104127006446382,0.6610228043794631,0.08244031926134432
51511296,0.6236963733099401,7.010471794754267,0.009835143425107162,8.182603778550401e-06,0.008378986269235611,0.0,,,,,,
51511296,,,,,,,0.6711492478847504,0.08369738992053777,0.6845234900712966,0.08535722515342203,0.7395941770076753,0.0921867855587093
51642368,0.5736745470203459,6.973257651552558,0.009958178526403572,4.0500035538570955e-06,0.004147203639149666,0.0,,,,,,
51642368,,,,,,,0.7059792399406433,0.08801903771078057,0.7820147663354873,0.09744167782904567,1.056330797672272,0.13127928716429382
51773440,0.59846505895257,7.3190745413303375,0.010373796325666262,1.6917720131459646e-05,0.017323745414614677,0.0,,,,,,
51773440,,,,,,,0.6445964634418487,0.08040063925634011,0.6568247377872467,0.0819191049075263,0.68335169672966,0.0852118163584421
51904512,0.640732220839709,7.938880022615194,0.017501755283319653,1.614771463209763e-05,0.016535259783267975,0.0,,,,,,
51904512,,,,,,,0.7338303446769714,0.09147238211283182,0.8077057689428326,0.10062155554541463,0.8845916050672531,0.11012549596737076
52035584,0.6717860596254468,7.288119848817587,0.010790799839014653,9.300323654315434e-06,0.009523531422019005,0.0,,,,,,
52035584,,,,,,,0.7370845258235932,0.09187573617901346,0.765613180398941,0.09541054305082208,0.8322118842601777,0.10365286151245745
52166656,0.6130568934604526,7.477905124425888,0.011344333482156799,2.643417064973619e-05,0.027068590745329857,0.0,,,,,,
52166656,,,,,,,0.649336838722229,0.08098932767275224,0.6971926510334013,0.08692911826797678,0.7420293009281159,0.0924885807376501
52297728,0.5727354609407485,6.982820861041546,0.009364635454176096,8.316746971104294e-07,0.0008516348898410797,0.0,,,,,,
52297728,,,,,,,0.6233067691326142,0.07775607064284418,0.641134276986122,0.0799706485749716,0.6684894192218781,0.08336723125894085
52428800,0.6553918523713946,7.53903616592288,0.011439170010817179,6.597385436180048e-06,0.006755722686648369,0.0,,,,,,
52428800,,,,,,,0.6908733248710632,0.08614511796011848,0.7130890756845474,0.08890081267053729,0.7364342856407166,0.09179514165141667
52559872,0.6389326779171824,7.486978095024824,0.01057166209955085,1.0121601007995196e-05,0.01036451943218708,0.0,,,,,,
52559872,,,,,,,0.6847409844398499,0.08538421380777672,0.6963970720767975,0.08683042153661957,0.7589445918798448,0.09458449214332942
52690944,0.6149413024540991,7.489601317793131,0.005981471073027933,2.5963094230974093e-05,0.023436445742845535,0.0,,,,,,
52690944,,,,,,,0.7444153547286987,0.09278427796798927,0.8191418945789335,0.10203639336178094,1.058531008958817,0.1315495639356199
52822016,0.5901954844594002,7.964774563908577,0.007841625739047231,2.5254723368561827e-05,0.02586083672940731,0.0,,,,,,
52822016,,,,,,,0.6264545798301697,0.07814715603402922,0.6337423354387284,0.07905249751330601,0.6413535517454148,0.07999788256907059
52953088,0.5856780488975346,7.340607825666666,0.009415437466941512,3.5848703191732056e-05,0.034239113330841064,0.0,,,,,,
52953088,,,,,,,0.6546383142471313,0.081647629958711,0.7799510568380353,0.09718615705905931,0.8566956704854966,0.1066794837483851
53084160,0.5722002980764955,7.257099233567715,0.006520506725564701,6.103626219555736e-06,0.006250113248825073,0.0,,,,,,
53084160,,,,,,,0.6579245507717133,0.08205565742203635,0.6771216601133346,0.08443866521084997,0.7102567690610886,0.08854956139230397
53215232,0.5314478625077754,7.339369665831327,0.005033927989416043,1.3003247659071349e-05,0.013315325602889061,0.0,,,,,,
53215232,,,,,,,0.6236440896987915,0.07779798064589283,0.6938135474920272,0.08650990680467996,0.7465734487771988,0.09305171066583706
53346304,0.6383499433286488,8.062148831784725,0.009269673667859024,2.8516282327473164e-05,0.02732926607131958,0.0,,,,,,
53346304,,,,,,,0.7059898734092712,0.08802035659655294,0.7188876241445541,0.08961985627113256,0.7609855026006699,0.09483731757120872
53477376,0.5356459284666926,6.13439467549324,0.009342001306094971,0.0,0.0,0.0,,,,,,
53477376,,,,,,,0.590280520915985,0.07365145497050807,0.6008396685123444,0.07496406024612057,0.6277186912298203,0.07830420303084606
53608448,0.5539798326790333,7.405817616730928,0.008348590054083616,9.161756679532118e-06,0.009381638839840889,0.0,,,,,,
53608448,,,,,,,0.614278894662857,0.07663431120332187,0.6462862223386764,0.08061049017089461,0.675849734544754,0.08428080598273824
53739520,0.6197657925076783,7.169341584667563,0.012757663508637052,9.530003808322363e-06,0.0097587238997221,0.0,,,,,,
53739520,,,,,,,0.7304482102394103,0.0910531364932714,0.8419209033250808,0.10485329818583145,1.0852264726161958,0.13482729930741
53870592,0.5274668307974935,6.8671056888997555,0.009108146737844436,4.249955964041874e-06,0.004351954907178879,0.0,,,,,,
53870592,,,,,,,0.5657009363174439,0.07059499147304615,0.5818454921245575,0.07260271483423697,0.6086807119846345,0.07593861081230613
54001664,0.580107377609238,7.15172491595149,0.009736285663620947,5.5921391322044656e-06,0.005726350471377373,0.0,,,,,,
54001664,,,,,,,0.6620078444480896,0.08256261118637553,0.7324206292629241,0.09129763929201618,0.9146452963352204,0.11383509524093305
54132736,0.6949497410096228,8.065475575625896,0.007257310901877645,2.926453817053698e-05,0.029966887086629868,0.0,,,,,,
54132736,,,,,,,0.7463513493537903,0.09302418855115668,0.7539697825908661,0.09396816803214358,0.7746904259920121,0.09653474759756109
54263808,0.5494894788134843,7.2961199171841145,0.006556525125461121,1.797881122911349e-05,0.018410302698612213,0.0,,,,,,
54263808,,,,,,,0.580407840013504,0.07242395325069051,0.6428491771221161,0.08018363652391969,0.7162076801061632,0.0892875438716334
54394880,0.5975260161794722,6.917216515168548,0.007226661738968687,0.0,0.0,0.0,,,,,,
54394880,,,,,,,0.6620889782905579,0.08257268377628546,0.6765174239873886,0.08436367373398457,0.699453866481781,0.08720962739143245
54525952,0.6140302042476833,7.844073377549648,0.009485992126258225,2.6058654839289375e-05,0.023332267999649048,0.0,,,,,,
54525952,,,,,,,0.6549437463283538,0.08168555433653668,0.6648746579885483,0.08291850959923908,0.6847994935512542,0.08539147412234738
54657024,0.6269747209735215,7.302124038338661,0.009132108927587979,8.495930160279386e-06,0.008699832484126091,0.0,,,,,,
54657024,,,,,,,0.6692018747329712,0.08345566858678932,0.6865808218717575,0.08561251234116263,0.7427423959970475,0.09257695440330238
54788096,0.6889539868570864,7.270195059478283,0.01124750906024019,1.2051152225467376e-05,0.012340379878878593,0.0,,,,,,
54788096,,,,,,,0.7989454090595245,0.09953747854331096,0.8496780097484589,0.10581217828797684,1.1054754900932315,0.1373115615509235
54919168,0.6669531064108014,8.494136653840542,0.010087396554808947,5.5347458328469656e-05,0.05121404118835926,0.0,,,,,,
54919168,,,,,,,0.7287740468978882,0.09084559711674522,0.7439991444349288,0.09273269932258987,0.7739791429042817,0.09644666500792676
55050240,0.6228120387531817,7.172784278169274,0.008548223362595309,7.603635822306387e-06,0.00778612308204174,0.0,,,,,,
55050240,,,,,,,0.6721793949604035,0.0838252548710916,0.7496670186519621,0.09343504483157883,0.9034582513570789,0.11245461658316636
55181312,0.6778250997886062,7.7712402902543545,0.01433634025545416,1.1388710845494643e-05,0.01126156747341156,0.0,,,,,,
55181312,,,,,,,0.739222401380539,0.09214070834535915,0.747804805636406,0.09320429535511843,0.7675334793329239,0.09564838986444135
55312384,0.5884875985793769,7.0487137995660305,0.012035236163683294,6.876158295199275e-06,0.007041186094284058,0.0,,,,,,
55312384,,,,,,,0.6255636572837829,0.07803646985844792,0.6653725385665893,0.08298031645651704,0.7367387449741365,0.09183287825120545
55443456,0.6107893087901175,7.118862919509411,0.010816773836495486,1.4783039659960195e-05,0.01513783261179924,0.0,,,,,,
55443456,,,,,,,0.646999716758728,0.08069909679573573,0.6679518073797226,0.08330049646158555,0.6958387589454651,0.08676115815236618
55574528,0.6101407022215426,7.501226410269737,0.01154613408334626,1.8805929357768036e-05,0.01925727166235447,0.0,,,,,,
55574528,,,,,,,0.6534996271133423,0.08150624128361428,0.6569769948720932,0.08193800929394723,0.6829948675632478,0.08516753641383779
55705600,0.6392492945306003,7.3585663959383965,0.010503794069791184,7.234164513647556e-06,0.007407784461975098,0.0,,,,,,
55705600,,,,,,,0.6834782540798188,0.0852275211385769,0.7002464413642883,0.08730794490903193,0.7527790862321855,0.09382064315870031
55836672,0.6174290149938315,7.46831177175045,0.007856542797071597,1.3232107448857278e-05,0.013549678027629852,0.0,,,,,,
55836672,,,,,,,0.6922008514404296,0.08630982498155304,0.7961285620927809,0.09918884903093117,1.0819712018966683,0.1344277655220456
55967744,0.6014498607255518,7.534222446382046,0.007717912760654144,1.3223789210314862e-05,0.013541160151362419,0.0,,,,,,
55967744,,,,,,,0.6375027775764466,0.07951959787397445,0.6502860695123672,0.08110720210545641,0.6697525364160538,0.08352402149500682
56098816,0.5891778762452304,7.104927849024534,0.01005344451732526,5.380636139307171e-06,0.005509771406650543,0.0,,,,,,
56098816,,,,,,,0.6477732121944427,0.08079515331684872,0.7338916003704068,0.09147997500188843,0.8283964240550996,0.10318102982024935
56229888,0.6476019592955709,7.264577001333237,0.011632279175501026,6.008904165355489e-07,0.000615311786532402,0.0,,,,,,
56229888,,,,,,,0.6951237440109252,0.08667245338216567,0.717255875468254,0.08941752220909005,0.7563295555114747,0.09426052693089493
56360960,0.5882780286483467,6.9429886713624,0.010343229387672181,8.450719178654253e-06,0.008653536438941956,0.0,,,,,,
56360960,,,,,,,0.6279297292232513,0.07833042097715803,0.6646312892436981,0.08288829758952732,0.7822344851493837,0.09746888183248448
56492032,0.6190321985632181,8.051102682948112,0.011070860026848095,4.9867045163409784e-05,0.048126932233572006,0.0,,,,,,
56492032,,,,,,,0.6761662364006042,0.0843200875595751,0.6924606263637543,0.08634205486117263,0.7608914351463318,0.0948256648831316
56623104,0.595253539737314,7.128312449902296,0.009431844359369279,1.7222731912625022e-05,0.017636077478528023,0.0,,,,,,
56623104,,,,,,,0.658150827884674,0.08208375155176673,0.6844996780157089,0.0853542703321235,0.7177130144834519,0.08947420741480294
56754176,0.5822693528607488,7.571107666939497,0.008445959576420137,1.2640752174775116e-05,0.012944130226969719,0.0,,,,,,
56754176,,,,,,,0.6279197990894317,0.07832918732629479,0.6393355220556258,0.07974723814351026,0.6737096029520034,0.08401518378848549
56885248,0.6023189525585622,7.82788673043251,0.005829297891295937,5.045402212999761e-05,0.04947076365351677,0.0,,,,,,
56885248,,,,,,,0.7296918869018554,0.09095937907302054,0.829475599527359,0.10331448873929405,1.0331669259071352,0.12843263058438303
57016320,0.6028450070880353,10.065002121031284,0.01086820391060428,0.0002103699134750059,0.20082253962755203,0.0,,,,,,
57016320,,,,,,,0.6695365905761719,0.08349721651644315,0.6894421488046646,0.08596754580849186,0.7008016502857208,0.08737681658448704
57147392,0.6015762691386044,7.24389460682869,0.009333538010196207,1.9257406165706925e-05,0.01971958391368389,0.0,,,,,,
57147392,,,,,,,0.6947052001953125,0.08662052818842136,0.7721630990505218,0.09622176620188028,0.9048651587963106,0.11262825260123255
57278464,0.6492460547015071,7.702822681516409,0.01061161991856352,1.7438644135836512e-05,0.01584632880985737,0.0,,,,,,
57278464,,,,,,,0.7005701303482056,0.08734809746807604,0.7183969855308533,0.0895590186940225,0.7315441489219666,0.09118899137439729
57409536,0.5887887659482658,7.406756304204464,0.01103054504778811,1.3655873772222549e-05,0.01398361474275589,0.0,,,,,,
57409536,,,,,,,0.633648258447647,0.07904081136794439,0.6633743971586227,0.0827322634780916,0.8103470730781557,0.10094836489270076
57540608,0.554299341281876,6.741545243188739,0.011100898966105888,5.1451461331453174e-06,0.005268629640340805,0.0,,,,,,
57540608,,,,,,,0.6091833889484405,0.07600108278792495,0.6290950834751129,0.07847519482926502,0.6803740298748017,0.0848422989236779
57671680,0.6790203577838838,8.305804617702961,0.010997544369047318,4.294984864827711e-05,0.04294697940349579,0.0,,,,,,
57671680,,,,,,,0.7288964450359344,0.09086077059511632,0.7403457075357437,0.09227992771661664,0.766197464466095,0.09548291320001168
57802752,0.6671302616596222,7.89547011256218,0.015750542350360774,8.711091140867211e-06,0.008920157328248024,0.0,,,,,,
57802752,,,,,,,0.7079243123531341,0.0882602829500001,0.7217400699853896,0.08997353692926668,0.771734459400177,0.09616868204885853
57933824,0.6611660649068654,8.42804990708828,0.008228742904066166,6.19426882622065e-05,0.06342931278049946,0.0,,,,,,
57933824,,,,,,,0.7709673821926116,0.09607368330329424,0.8758084148168561,0.10904078137725404,1.1625320374965673,0.14430219407880274
58064896,0.6366246733814478,8.030387694016099,0.009105024963901087,2.0426770788617432e-05,0.02091701328754425,0.0,,,,,,
58064896,,,,,,,0.6836070775985718,0.08524350708906714,0.7041366934776304,0.08779049913069326,0.7202934795618058,0.08979417402175738
58195968,0.6047449922189116,7.25033662840724,0.009842919866059674,1.5119865565793589e-05,0.015482742339372635,0.0,,,,,,
58195968,,,,,,,0.6698750555515289,0.08353922952678539,0.7789798408746718,0.09706590030531981,0.90955446600914,0.11320694217729299
58327040,0.6132900714874268,7.5397234708070755,0.008989213676159125,2.2456581064034253e-05,0.022995539009571075,0.0,,,,,,
58327040,,,,,,,0.6576446950435638,0.08202091089444985,0.6683308959007263,0.08334755353031542,0.7235848188400269,0.09020225907669221
58458112,0.5659785959869623,7.272002786397934,0.010245458289318776,3.1520414268015884e-05,0.032276904210448265,0.0,,,,,,
58458112,,,,,,,0.6022795975208283,0.07514303747534146,0.6512710064649582,0.08122950809162677,0.7365660685300828,0.09181147568182535
58589184,0.6178932143375278,7.305770445615053,0.010976409178738322,7.372480467893183e-06,0.00754941999912262,0.0,,,,,,
58589184,,,,,,,0.6656578719615937,0.08301573743485058,0.6780014574527741,0.08454785475681126,0.7387894451618197,0.09208704802041212
58720256,0.5962067930959165,7.895016614347696,0.009514057917840546,2.6621624783729203e-05,0.027260543778538704,0.0,,,,,,
58720256,,,,,,,0.6410178363323211,0.07995618656059555,0.6511032164096832,0.08120867268895826,0.6811512631177903,0.08493875294713327
58851328,0.6164293261244893,7.633886408060789,0.0126718531514598,1.9875595171470195e-05,0.02035260945558548,0.0,,,,,,
58851328,,,,,,,0.6640731930732727,0.08281901446557582,0.689481097459793,0.0859723784075006,0.7476567655801774,0.09318595107020133
58982400,0.6069904072210193,7.613678585737944,0.006821612028943491,9.46140062296763e-06,0.009688474237918854,0.0,,,,,,
58982400,,,,,,,0.7297173202037811,0.09096253193170134,0.8168298125267028,0.10175038368768963,1.1076473891735081,0.137577920250618
59113472,0.6138093043118715,7.471870865672827,0.008132092032610672,1.0247164027532563e-05,0.010493095964193344,0.0,,,,,,
59113472,,,,,,,0.6652518987655639,0.08296534029933089,0.6764144510030746,0.0843508937073627,0.705054801106453,0.08790437693481512
59244544,0.636855754069984,7.41261101514101,0.01246498649879868,1.2256463378435e-05,0.012424543499946594,0.0,,,,,,
59244544,,,,,,,0.7270288288593292,0.09062924097122971,0.8255565285682672,0.10282980934093322,0.9342670053243639,0.11625534495065226
59375616,0.5946362735703588,7.1729787439107895,0.010182861434259394,1.4193999959388748e-05,0.013643383979797363,0.0,,,,,,
59375616,,,,,,,0.6447435259819031,0.08041890321548784,0.6648119717836379,0.0829107276932819,0.7022840130329133,0.08756069427285196
59506688,0.6149637494236231,7.971969209611416,0.010316506088543065,2.026337278948631e-05,0.018532469868659973,0.0,,,,,,
59506688,,,,,,,0.6615027129650116,0.0824998998330988,0.7009480297565459,0.0873949742937421,0.7764242231845856,0.09674944810363106
59637760,0.6093552424572408,7.349753122776747,0.009480767412696878,2.4180835680454038e-05,0.022211942821741104,0.0,,,,,,
59637760,,,,,,,0.6703260183334351,0.08359520621331784,0.7063812464475632,0.08806889899287662,0.7252941989898682,0.09041418897227471
59768832,0.5562682768795639,7.085845597088337,0.007128552141239197,1.5185107258730568e-05,0.015549549832940102,0.0,,,,,,
59768832,,,,,,,0.5989644706249238,0.07473097365394477,0.6115993916988373,0.07630133182748411,0.6376632046699524,0.07953952442397183
59899904,0.6742812134325504,8.318273339420557,0.01123499089408142,3.842946716758888e-05,0.039351774379611015,0.0,,,,,,
59899904,,,,,,,0.7247503161430359,0.0903467589636695,0.7521991968154906,0.09374879453914331,0.7712518525123596,0.09610891375983277
60030976,0.601845960598439,7.1161083355546,0.006215444644880108,0.0,0.0,0.0,,,,,,
60030976,,,,,,,0.7125098049640656,0.0888289756409042,0.814242276549339,0.10143027980741826,1.1586717998981484,0.14382967928981794
60162048,0.5852861050516367,7.734410922974348,0.0070141950031938904,1.9056828023167327e-05,0.019262339919805527,0.0,,,,,,
60162048,,,,,,,0.6327216506004334,0.07892570795079634,0.6427915036678313,0.08017647368881908,0.6704697185754777,0.0836130431917792
60293120,0.6733477609232068,8.802079692482948,0.01444693741473202,9.645941645430867e-05,0.08993744850158691,0.0,,,,,,
60293120,,,,,,,0.7710571885108948,0.09608480546533071,0.7961524844169616,0.09919180990081822,0.9935347223281861,0.12355725938034601
60424192,0.6754084420390427,7.844853561371565,0.012413092727911135,1.8842816643882543e-05,0.01697397604584694,0.0,,,,,,
60424192,,,,,,,0.7208910107612609,0.08986826268836356,0.7369441866874695,0.09185834183694297,0.7561827254295349,0.09424233621320499
60555264,0.6313134459778666,7.45478693395853,0.013825981132868037,2.3948947273311205e-05,0.024523722007870674,0.0,,,,,,
60555264,,,,,,,0.6754398465156555,0.0842299337018293,0.69427992105484,0.08656776691779555,0.8157118022441865,0.10161207730129695
60686336,0.6396381449885666,7.090983308851719,0.009642198048595674,7.608841769979335e-06,0.007791453972458839,0.0,,,,,,
60686336,,,,,,,0.6944145262241364,0.08658446644860551,0.7126068770885468,0.08884101389898413,0.7360005992650985,0.09174138738606219
60817408,0.6498760259710252,8.515544071793556,0.01345224243686971,4.4757760406355374e-05,0.0458319466561079,0.0,,,,,,
60817408,,,,,,,0.7142796695232392,0.08904845873519296,0.7279461055994034,0.09074295760672246,0.7488119715452195,0.0933290959672457
60948480,0.5905980351381004,6.74751221947372,0.009476346651808853,6.421003490686417e-06,0.006575107574462891,0.0,,,,,,
60948480,,,,,,,0.6425700068473816,0.08014896450528952,0.6579065442085266,0.08205342175629338,0.6978337454795838,0.08700864895202631
61079552,0.7030603047460318,7.705694869160652,0.013798337517982873,3.0192493795766495e-05,0.028183812275528908,0.0,,,,,,
61079552,,,,,,,0.7866541624069213,0.09801606350177217,0.8364880830049514,0.1041816141197891,1.0587085247039796,0.1315713693449796
61210624,0.6334915524348617,7.460637141019106,0.008361975833395263,6.46790795144625e-06,0.00662313774228096,0.0,,,,,,
61210624,,,,,,,0.6733957707881928,0.08397623153969502,0.6785931080579758,0.0846212819582568,0.6861298394203186,0.08555655244933025
61341696,0.6297384235076606,7.964115537703037,0.010124946587893646,1.4303095667855814e-05,0.014646369963884354,0.0,,,,,,
61341696,,,,,,,0.7108176589012146,0.08861912244645365,0.7548888772726058,0.09408203918487823,0.8857377427816394,0.11026702345673867
61472768,0.6722866888158023,8.208728324621916,0.009085187562050123,1.5463396266568452e-05,0.014866085723042488,0.0,,,,,,
61472768,,,,,,,0.7350616753101349,0.091625008443732,0.7541484147310257,0.09399029983762719,0.7762843412160874,0.09673212649813889
61603840,0.62764523178339,7.226076893508434,0.010369945233605904,2.5235660359612666e-05,0.02314859814941883,0.0,,,,,,
61603840,,,,,,,0.6843322694301605,0.08533349667562651,0.7110514163970947,0.08864811258596705,0.7494193601608277,0.09340435769209399
61734912,0.6533960117958486,7.729154903441668,0.011079296985599285,3.880172698700335e-05,0.03695104084908962,0.0,,,,,,
61734912,,,,,,,0.7057418465614319,0.0879895933577115,0.7182948738336563,0.08954635709481495,0.7389737612009049,0.09210989210126308
61865984,0.6617359714582562,7.896501295268536,0.012606475351731206,1.0804069461300969e-05,0.011063367128372192,0.0,,,,,,
61865984,,,,,,,0.70597163438797,0.08801809438197816,0.7174749583005905,0.08944468853718801,0.745481898188591,0.09291644654107922
61997056,0.6514586447738111,7.852457158267498,0.009855629018147738,1.662711292738095e-05,0.017026163637638092,0.0,,,,,,
61997056,,,,,,,0.7003693401813507,0.0873231901384639,0.7154037475585937,0.08918785255449135,0.7438554710149765,0.0927148945527616
62128128,0.5872987799812108,6.8820244036614895,0.007275695025555251,0.0,0.0,0.0,,,,,,
62128128,,,,,,,0.6808755993843079,0.08490454348049892,0.8131006598472595,0.10128904380990922,1.012414789795876,0.12588055721161484
62259200,0.6052979272790253,7.734431501477957,0.008664497639983892,1.0520394425839186e-05,0.010772883892059326,0.0,,,,,,
62259200,,,,,,,0.6500970423221588,0.08108372909824446,0.6586044698953628,0.08214007447551408,0.6741456484794617,0.0840693045003238
62390272,0.6426378986798227,7.627167418599129,0.009135661353866453,1.467580659664236e-05,0.014156980440020561,0.0,,,,,,
62390272,,,,,,,0.7184090316295624,0.08956051237871443,0.8000312656164166,0.09967186400255823,0.9561076664924624,0.11894766849977456
62521344,0.6684229183010757,7.7822496220469475,0.011483245549243293,2.228966695838608e-05,0.022824618965387344,0.0,,,,,,
62521344,,,,,,,0.7089599072933197,0.08838872245463247,0.7300440192222595,0.09100303126264575,0.7891662549972535,0.09832704873789888
62652416,0.6322820051573217,6.930364400148392,0.008913476718589664,5.729161784984171e-06,0.0058666616678237915,0.0,,,,,,
62652416,,,,,,,0.6702429831027985,0.08358489933346491,0.7007243245840072,0.08736722465856706,0.8201239186525346,0.102157866815064
62783488,0.6775565762072802,8.085307158529758,0.01308402627819305,3.1357847547042184e-05,0.032110435888171196,0.0,,,,,,
62783488,,,,,,,0.7417690336704255,0.09245632552863592,0.7777936935424804,0.0969190267298321,0.836904943585396,0.10423315584687054
62914560,0.6549236648716033,8.825550969690084,0.016327459793501475,7.486900176445488e-05,0.06780909560620785,0.0,,,,,,
62914560,,,,,,,0.6950586080551148,0.08666437254557913,0.712687987089157,0.08885107261762593,0.7346035164594651,0.09156821907805268
63045632,0.6069863121956587,7.660809721797705,0.011301972319870401,2.2649266611551866e-05,0.02319284901022911,0.0,,,,,,
63045632,,,,,,,0.6580705583095551,0.08207378545113264,0.6782220542430878,0.08457523217916618,0.7755087077617648,0.09663607862624768
63176704,0.5785887744277716,7.393505748361349,0.008347984000920405,2.9326993171707727e-05,0.027503952383995056,0.0,,,,,,
63176704,,,,,,,0.6827182531356811,0.08513321031248533,0.776620477437973,0.09677375019896428,1.0474267554283145,0.130185304301365
63307776,0.6061383066698909,8.4097147770226,0.009851121907786364,3.95149127143668e-05,0.03941353224217892,0.0,,,,,,
63307776,,,,,,,0.6618889689445495,0.0825478530209467,0.669988203048706,0.08355327424307757,0.6857810264825821,0.08551326983118845
63438848,0.6520210253074765,7.9226585403084755,0.012938629540258262,7.894057489465922e-06,0.008083514869213104,0.0,,,,,,
63438848,,,,,,,0.7290310740470886,0.09087746026424126,0.8182172805070876,0.1019220185733074,0.9608042031526569,0.11952638895691048
63569920,0.6019191208761185,7.2348478846251965,0.009306719285632425,2.1955323973088525e-05,0.02050599455833435,0.0,,,,,,
63569920,,,,,,,0.6629457712173462,0.0826790517227225,0.6850581765174865,0.08542357362453545,0.703496144413948,0.08771104704211785
63700992,0.6120356763713062,7.513467475771904,0.010571854468707897,1.9713879737537354e-05,0.02018701285123825,0.0,,,,,,
63700992,,,,,,,0.6538468718528747,0.08154935836853205,0.7139992982149123,0.0890136901181815,0.7876509553194047,0.098139464065921
63832064,0.6024746778421104,7.490678045898676,0.010619603378017928,1.1310543413856067e-05,0.011581996455788612,0.0,,,,,,
63832064,,,,,,,0.6596544861793517,0.08227043954837976,0.6878914922475815,0.08577514303540457,0.7135388398170471,0.08895658857759803
63963136,0.6521433675661683,7.717738565057516,0.009046439778103377,1.6559750292799436e-05,0.016957184299826622,0.0,,,,,,
63963136,,,,,,,0.6892119705677032,0.085938986097438,0.6939663976430893,0.08652887005158827,0.7134678632020951,0.0889477867009636
64094208,0.6647486737929285,7.481537200510502,0.011954440926274401,1.237319884239696e-05,0.012670155614614487,0.0,,,,,,
64094208,,,,,,,0.7214496970176697,0.0899375340205033,0.7410110741853714,0.09236238966644716,0.7848362410068513,0.09779100144794084
64225280,0.5629338170401752,7.325943062081933,0.008202711917419947,2.564445458119735e-05,0.02543422393500805,0.0,,,,,,
64225280,,,,,,,0.6585031449794769,0.0821274943027388,0.7537687659263608,0.09394326276284137,0.9824414831399919,0.12219154059008996
64356352,0.5875802231021225,7.7507342882454395,0.009007501310861699,3.824149280262645e-05,0.03866850212216377,0.0,,,,,,
64356352,,,,,,,0.6163340389728547,0.07688969052287398,0.6290795028209686,0.07847325924110327,0.6449644494056702,0.08044633998802442
64487424,0.6739143617451191,7.701947305351496,0.020605269434781803,8.62889464769978e-06,0.008835988119244576,0.0,,,,,,
64487424,,,,,,,0.7715555429458618,0.09614652428112813,0.808355340361595,0.10070192922666132,0.918275688290596,0.11428299054511326
64618496,0.6247996939346194,7.673443354666233,0.010537318734350265,1.0185018254560418e-05,0.010429458692669868,0.0,,,,,,
64618496,,,,,,,0.6631534397602081,0.08270483278699992,0.6747662067413329,0.08414632554471413,0.7024048972129822,0.08757568892503031
64749568,0.563623973634094,7.7057796865701675,0.0069058285052960855,3.0096358386799693e-05,0.030818670988082886,0.0,,,,,,
64749568,,,,,,,0.6135931849479676,0.07654910031046702,0.6293258666992188,0.0785038650117027,0.6877491074800491,0.08575747585976257
64880640,0.5694859046489,8.379991445690393,0.009663127985277242,3.606565951486118e-05,0.0342725794762373,0.0,,,,,,
64880640,,,,,,,0.6176423132419586,0.07705225594225595,0.6340654909610748,0.07909263938852407,0.6773841387033462,0.08447124101396652
65011712,0.6060455841943622,8.210563134402037,0.008813003989871504,2.6120505935978144e-05,0.026197366416454315,0.0,,,,,,
65011712,,,,,,,0.6344466149806977,0.079139981690455,0.6393934190273285,0.07975442923546594,0.6557124018669129,0.08178099441987863
65142784,0.6650806083343923,8.266925416886806,0.014191520201620733,4.559738954412751e-05,0.041414665058255196,0.0,,,,,,
65142784,,,,,,,0.7116259098052978,0.08871935947713006,0.7249245643615723,0.0903683621600333,0.7882590919733049,0.09821474843841616
65273856,0.6602395558729768,8.036275520920753,0.010518257281319165,2.3196245820145123e-05,0.023739883676171303,0.0,,,,,,
65273856,,,,,,,0.7479052007198334,0.09321673570897349,0.8296738326549529,0.10333900332781387,1.050243420004845,0.1305314043162158
65404928,0.6248294357210398,8.18459127470851,0.00869606896139885,3.2121208278113045e-05,0.029936371371150017,0.0,,,,,,
65404928,,,,,,,0.6653111398220062,0.08297269445550981,0.6765629976987838,0.0843693299003705,0.6916668891906739,0.08624357653014592
65536000,0.6598226227797568,7.173161447048187,0.011096033733338118,7.491751603083685e-06,0.0076715536415576935,0.0,,,,,,
65536000,,,,,,,0.7322049617767333,0.09127090549599326,0.7997920602560042,0.09964226029191159,0.8925850063562394,0.11111244457997294
65667072,0.6579023618251085,7.827510666102171,0.011275507883965474,2.374208088440355e-05,0.024311890825629234,0.0,,,,,,
65667072,,,,,,,0.6987139463424683,0.08711784006851642,0.706645056605339,0.08810161939929362,0.7243843734264374,0.09030138931424037
65798144,0.6148753995075822,7.2120133601129055,0.010974111868335967,6.403635779861361e-06,0.0065573230385780334,0.0,,,,,,
65798144,,,,,,,0.6507846176624298,0.0811691103564327,0.6656770259141922,0.08301811517825008,0.7597543281316758,0.09468480270368196
65929216,0.6556246746331453,7.731965366750956,0.008325260493847964,9.315472198068164e-06,0.0095390435308218,0.0,,,,,,
65929216,,,,,,,0.6991063535213471,0.08716651848515311,0.7268572837114333,0.09060797391309161,0.7613743871450425,0.09488549070800767
66060288,0.631530380807817,7.847223117947578,0.008863049896945085,3.320741598145105e-05,0.034004393965005875,0.0,,,,,,
66060288,,,,,,,0.661299067735672,0.0824746173834634,0.6681886702775955,0.08332989880314656,0.6826806628704071,0.08512854558265937
66191360,0.5550191828515381,7.490373846143484,0.008590389362325368,4.556585008685943e-05,0.040172021836042404,0.0,,,,,,
66191360,,,,,,,0.6119312167167663,0.07634256834296616,0.6269817978143691,0.07821265548105383,0.652685130238533,0.08140510470041229
66322432,0.6562271527945995,7.332886591553688,0.008580128551784583,9.361174306832254e-07,0.0009585842490196228,0.0,,,,,,
66322432,,,,,,,0.7544703066349029,0.09403018071853197,0.8549845546483992,0.10646802361879981,1.0811266350746156,0.13432410095081715
66453504,0.6036783796735108,8.074571907520294,0.006797841988372966,1.997069011849817e-05,0.020449986681342125,0.0,,,,,,
66453504,,,,,,,0.6415426015853882,0.080021362522809,0.6475579917430877,0.08076842631837788,0.6761311185359955,0.08431572903534867
66584576,0.6454104799777269,8.203376047313213,0.012525649122380855,4.4289266952546313e-05,0.04088251665234566,0.0,,,,,,
66584576,,,,,,,0.7141329765319824,0.08903026748419052,0.7878748118877409,0.09816717655561003,0.9281356209516527,0.11549921312159217
66715648,0.6629843539558351,7.321423530578613,0.011491126328337486,6.559777830261737e-06,0.006717212498188019,0.0,,,,,,
66715648,,,,,,,0.7132214725017547,0.08891723145115749,0.7289366573095322,0.0908657556295831,0.7481614077091218,0.09324848320350676
66846720,0.6592794479802251,8.09133693575859,0.010364886188654054,4.0733511923463084e-05,0.0417111162096262,0.0,,,,,,
66846720,,,,,,,0.7012714505195617,0.08743509296616714,0.7380697667598722,0.09199785034278629,0.8378552329540255,0.10435065000426014
66977792,0.6193082816898823,7.320749033242464,0.010805510188220069,9.19531703402754e-06,0.0094160046428442,0.0,,,,,,
66977792,,,,,,,0.6723643898963928,0.08384821670620335,0.6937475353479385,0.0865017170348863,0.7124064272642135,0.08881615537754839
67108864,0.6518525308929384,7.498261909931898,0.007982452172200283,3.598637704271823e-06,0.003685005009174347,0.0,,,,,,
67108864,,,,,,,0.6834992110729218,0.08523012173389066,0.6951941281557082,0.08668118530188829,0.7257604289054871,0.09047199099438807
67239936,0.6857561361975968,8.2226593606174,0.010942829981559044,6.329610187094659e-05,0.0648152083158493,0.0,,,,,,
67239936,,,,,,,0.7299634635448455,0.09099304518456952,0.7477675318717956,0.09319967660737505,0.7975818908214569,0.09936872457009871
67371008,0.667289967648685,7.7877624072134495,0.013402751662852097,1.719000647426583e-05,0.01760256662964821,0.0,,,,,,
67371008,,,,,,,0.7484363734722137,0.09328255495165472,0.8413006931543349,0.10477662363179197,1.0478234636783603,0.13023405208086714
67502080,0.5872624074108899,7.399280466139317,0.006923328702328035,3.087909135501832e-05,0.0282784141600132,0.0,,,,,,
67502080,,,,,,,0.6201551020145416,0.077364482152942,0.6349314272403717,0.07920020337833478,0.6538497114181518,0.08154971095368713
67633152,0.650034629739821,7.639853339642286,0.011158395905113139,7.43019518267829e-06,0.007608519867062569,0.0,,,,,,
67633152,,,,,,,0.7240298748016357,0.09025743814812981,0.7744454652070999,0.09650441275718236,0.9140355199575424,0.11375986025905438
67764224,0.597649865783751,7.9879081808030605,0.008040281750254508,3.579264921427239e-05,0.035605911165475845,0.0,,,,,,
67764224,,,,,,,0.6471350431442261,0.08071590240947968,0.6595857381820679,0.08226190420714485,0.6997326946258546,0.08724421572519692
67895296,0.6346007189713418,7.8871548138558865,0.010028138468896941,2.075021984637715e-05,0.0212482251226902,0.0,,,,,,
67895296,,,,,,,0.6947876036167144,0.0866307513216722,0.7253929167985915,0.09042642781083532,0.8383560639619828,0.10441257177840768
68026368,0.6231589480303228,7.090393919497728,0.010145762077172549,1.0655003279680386e-05,0.010910723358392715,0.0,,,,,,
68026368,,,,,,,0.6676334261894226,0.08326097483659711,0.6897292196750641,0.08600316436064936,0.7137527638673783,0.08898311741580711
68157440,0.6091833063401282,7.136236252263188,0.008286339618734928,6.158950782264583e-06,0.006306765601038933,0.0,,,,,,
68157440,,,,,,,0.6478456795215607,0.08080415259411011,0.651692470908165,0.08128184330794119,0.6646770608425141,0.08289397972763557
68288512,0.609629106707871,8.249854736030102,0.008652218749148233,3.8735652196919546e-05,0.0377583634108305,0.0,,,,,,
68288512,,,,,,,0.6588255763053894,0.08216752623904622,0.6757917255163193,0.08427360635639425,0.7170259082317353,0.0893890060689222
68419584,0.6997045814059675,7.904582258313894,0.00798577748810203,2.8298713004915044e-05,0.028079669922590256,0.0,,,,,,
68419584,,,,,,,0.798106986284256,0.09943371297049541,0.851909878849983,0.10608803021403079,1.076106150746346,0.133707811591959
68550656,0.6951435906812549,8.451275616884232,0.011664081593153242,5.520060767594259e-05,0.0545558612793684,0.0,,,,,,
68550656,,,,,,,0.7367802619934082,0.09183802411059361,0.742987585067749,0.0926073402770291,0.7497775709629059,0.09344874321106267
68681728,0.657785281073302,7.322348672896624,0.010686546773740702,1.5947100109769963e-05,0.016329830512404442,0.0,,,,,,
68681728,,,,,,,0.7328467547893524,0.09135046074257192,0.8065375745296475,0.10047700757279587,0.858606539964676,0.10691561807758698
68812800,0.6841982677578926,8.148486252874136,0.010277521012994839,3.320973155496176e-05,0.034006765112280846,0.0,,,,,,
68812800,,,,,,,0.739798104763031,0.09221205983618841,0.7564156264066696,0.09427119018898678,0.78605564057827,0.09794196649099507
68943872,0.606587721966207,7.620681941509247,0.008199313266914032,1.0122992534888908e-05,0.010365944355726242,0.0,,,,,,
68943872,,,,,,,0.6706263899803162,0.08363249017155239,0.6887576729059218,0.08588261801713881,0.7344209349155426,0.0915455877000888
69074944,0.6562373973429203,8.396919466555119,0.010963087363734303,5.267540836939588e-05,0.0481889434158802,0.0,,,,,,
69074944,,,,,,,0.6996829986572266,0.08723805100871584,0.7127095401287079,0.08885374547808578,0.7665617489814759,0.09552803342109062
69206016,0.6646483815275133,7.481742929667234,0.008539883890080091,1.09279208118096e-05,0.01119019091129303,0.0,,,,,,
69206016,,,,,,,0.7043920040130616,0.08782216689361899,0.715124425292015,0.08915321489600059,0.7420147138834,0.09248677295420404
69337088,0.675615418702364,7.8954069800674915,0.010950787510864757,2.65032758761663e-05,0.02324596792459488,0.0,,,,,,
69337088,,,,,,,0.7283916592597961,0.09079819293312119,0.747791251540184,0.09320261581094846,0.7998924744129181,0.09965468742473349
69468160,0.6739445240236819,7.74667401611805,0.008930305799140115,3.1915484214550816e-05,0.031900135800242424,0.0,,,,,,
69468160,,,,,,,0.7548965215682983,0.09408298626388611,0.8541059881448744,0.10635944640400852,1.110331548452378,0.1379070743394526
69599232,0.6392082739621401,7.483141932636499,0.009880411033464043,2.122564364981372e-05,0.02173505909740925,0.0,,,,,,
69599232,,,,,,,0.6736635506153107,0.08400946787648111,0.6814707368612289,0.08497839892148518,0.6985960072278977,0.08710320954803596
69730304,0.6610007230192423,7.212944056838751,0.010619503999578228,9.5141713245539e-06,0.009742511436343193,0.0,,,,,,
69730304,,,,,,,0.7407025992870331,0.09232415911065117,0.8022565215826034,0.09994725001106697,0.9428449773788454,0.1173129674760327
69861376,0.6874283873476088,8.237032990902662,0.008784737832229439,2.5562017981428653e-05,0.02617550641298294,0.0,,,,,,
69861376,,,,,,,0.7301152884960175,0.09101186613718082,0.7427719205617904,0.09258061334263767,0.7518295335769654,0.0937029925496684
69992448,0.6382340830750763,7.732699774205685,0.008756532149163831,2.422423131065443e-05,0.024805612862110138,0.0,,,,,,
69992448,,,,,,,0.6940539240837097,0.08653972892989348,0.7161692917346953,0.08928278357844666,0.784415562748909,0.09773891927040057
70123520,0.6722129723057151,7.787724379450083,0.009866744137980277,1.2995687939110212e-05,0.013307584449648857,0.0,,,,,,
70123520,,,,,,,0.727294635772705,0.09066219383023211,0.7364148944616318,0.09179273817809919,0.7638567388057709,0.0951929819464088
70254592,0.6288605378940701,7.659427974373102,0.010374421397955302,2.0055198547197506e-05,0.020536523312330246,0.0,,,,,,
70254592,,,,,,,0.6630745589733124,0.08269504012460649,0.6703193604946136,0.08359437979916184,0.6833607995510101,0.08521294594899209
70385664,0.6915872013196349,8.135491754859686,0.013611961463539046,4.983270446246024e-05,0.05102868936955929,0.0,,,,,,
70385664,,,,,,,0.7461493492126464,0.09299915697574224,0.769773980975151,0.09592588294338422,0.8132378399372102,0.10130601536729045
70516736,0.6537408484145999,7.4398699179291725,0.013307230064128817,3.845239734800998e-05,0.03429640829563141,0.0,,,,,,
70516736,,,,,,,0.749666166305542,0.09343493921840995,0.7979413568973541,0.09941321395346403,0.9879339385032655,0.12286778984746771
70647808,0.7021668963134289,7.910643234848976,0.013814028836804937,1.8863274817704223e-05,0.019315993413329124,0.0,,,,,,
70647808,,,,,,,0.7558591306209564,0.09420224596501092,0.7670665085315704,0.09559055220840262,0.7818144357204437,0.09741687420605594
70778880,0.6591029120609164,7.717790558934212,0.012301953686574052,2.5593923055566847e-05,0.02620817720890045,0.0,,,,,,
70778880,,,,,,,0.7560485482215882,0.09422571299977478,0.8062141656875608,0.1004369894319701,0.9257125645875934,0.11520036109774456
70909952,0.6806574440561235,7.86862275749445,0.009275415479351068,2.839080298144836e-05,0.025963976979255676,0.0,,,,,,
70909952,,,,,,,0.7354883193969727,0.09167789097890999,0.7549361705780029,0.0940878985181206,0.7760041272640228,0.09669742738547393
71041024,0.628698609303683,7.868523605167866,0.012348593148999498,3.1039384339237586e-05,0.026439912617206573,0.0,,,,,,
71041024,,,,,,,0.6644384562969208,0.08286435902997558,0.7040473103523254,0.0877794123405431,0.8198959052562714,0.10212966250844091
71172096,0.6722654984332621,7.621813055127859,0.014555674772054772,1.561118187964894e-05,0.015985850244760513,0.0,,,,,,
71172096,,,,,,,0.7195442318916321,0.08970127242938175,0.7273799538612366,0.09067277092064496,0.7570564287900925,0.09435057803133806
71303168,0.6880777538754046,7.753252491354942,0.013067779943867208,2.22949620365398e-05,0.022830041125416756,0.0,,,,,,
71303168,,,,,,,0.7282980978488922,0.09078659416312296,0.7608559399843215,0.0948212678821787,0.7893632829189301,0.09835143905566013
71434240,0.6838056440465152,7.466906554996967,0.01006878618659357,4.518511559581384e-06,0.004626955837011337,0.0,,,,,,
71434240,,,,,,,0.7374284982681274,0.09191836962572353,0.7609203159809113,0.09482924252450786,0.7655208027362823,0.09539910094659998
71565312,0.7260632044635713,8.006180930882692,0.012432707229891093,1.0151776223210618e-05,0.010395418852567673,0.0,,,,,,
71565312,,,,,,,0.8394813477993011,0.10455169673540543,0.9018171757459639,0.11225207160088635,0.9585576444864273,0.11924957178817408
71696384,0.7111403425224125,7.811127696186304,0.00993809612646146,2.1194104192545637e-05,0.021702762693166733,0.0,,,,,,
71696384,,,,,,,0.752046799659729,0.09372991228516403,0.7624513089656829,0.09501889225543758,0.7744727349281312,0.09650778972549001
71827456,0.6770268226973712,7.091594230383635,0.007212113703644718,3.1975760066416115e-06,0.00327431783080101,0.0,,,,,,
71827456,,,,,,,0.7395939707756043,0.0921867599987809,0.828480964899063,0.10319148490818253,0.8863028424978256,0.11033680150967928
71958528,0.6840686462819576,7.982419941574335,0.009714544743928855,2.3404762032441795e-05,0.023966476321220398,0.0,,,,,,
71958528,,,,,,,0.7285486400127411,0.0908176537177785,0.7459028422832489,0.09296861002201373,0.7666752994060517,0.095542097678049
72089600,0.6616548714227974,7.935809060931206,0.012747776556352619,2.6909321604762226e-05,0.024206997826695442,0.0,,,,,,
72089600,,,,,,,0.706652045249939,0.08810248619916106,0.722056433558464,0.09001276210653919,0.7870563250780107,0.09806585063572726
72220672,0.6920088711194694,8.145280297845602,0.01304202907567742,4.101388367416803e-05,0.04199821688234806,0.0,,,,,,
72220672,,,,,,,0.7384796142578125,0.09204864744218133,0.7525335729122161,0.09379022404176718,0.803699164390564,0.1001257757409375
72351744,0.681439274456352,7.649007372558117,0.009454758570200283,4.515968612395227e-06,0.004624351859092712,0.0,,,,,,
72351744,,,,,,,0.7195066690444946,0.08969661485185587,0.7305582135915756,0.09106677289498122,0.7453848373889923,0.09290441867396027
72482816,0.7083408506587148,7.678084015846252,0.010626100607169064,1.145131500379648e-05,0.011726146563887596,0.0,,,,,,
72482816,,,,,,,0.757488363981247,0.09440408901999753,0.7719157934188843,0.09619113912069888,0.836898400783539,0.10423234688214467
72613888,0.6834131977520883,7.938029550015926,0.010246223604099214,2.55546037806198e-05,0.026167914271354675,0.0,,,,,,
72613888,,,,,,,0.7786049246788025,0.09701947711735492,0.8324225544929504,0.1036789122925379,0.9684029239416123,0.12046255254511351
72744960,0.6450337404385209,8.306891903281212,0.011035336369786819,3.1215124181471765e-05,0.030953718349337578,0.0,,,,,,
72744960,,,,,,,0.6886866569519042,0.08587380649131715,0.7062099158763885,0.08804764873919613,0.7155336195230484,0.08920395739384879
72876032,0.6515584695152938,7.6696057841181755,0.01047874268851956,3.9266797102754936e-05,0.03664463572204113,0.0,,,,,,
72876032,,,,,,,0.7221232056617737,0.09002104098730346,0.7948859065771102,0.09903504294505594,0.9013744902610781,0.11219743283477279
73007104,0.6720481044612825,7.683055900037289,0.009676896781911637,9.573879651725292e-06,0.0098036527633667,0.0,,,,,,
73007104,,,,,,,0.7252055585384369,0.09040319948125752,0.7435244619846344,0.09267387393797089,0.7705090051889419,0.09601691472661389
73138176,0.6567182159051299,8.38519523665309,0.009739014734805096,5.1304161388543434e-05,0.04780185595154762,0.0,,,,,,
73138176,,,,,,,0.6993631541728973,0.08719837458096968,0.730814990401268,0.09109860371683731,0.8106965827941894,0.1009916082034541
73269248,0.6751661775633693,7.693658005446196,0.011191366973889671,1.8923343304777518e-05,0.017836283892393112,0.0,,,,,,
73269248,,,,,,,0.7301949441432952,0.09102174060908541,0.7482956618070602,0.09326511901759926,0.7708748078346253,0.09606221830523198
73400320,0.6767562935128808,7.822977796196938,0.010545276750690391,2.311319076397922e-05,0.02366790734231472,0.0,,,,,,
73400320,,,,,,,0.7146123647689819,0.08908971571940971,0.7341828286647796,0.09151607377233106,0.7633438277244569,0.09512944865461304
