collected_frames,state/lin_velocity,state/lin_velocity_max,state/lin_velocity_min,state/ang_velocity,state/ang_velocity_max,state/ang_velocity_min,state/roll,state/roll_max,state/roll_min,state/pitch,state/pitch_max,state/pitch_min,state/success_lin_velocity,state/lin_vel_mean,state/lin_vel_max,state/lin_vel_min,state/ang_vel_mean,state/ang_vel_max,state/ang_vel_min,state/roll_deg_mean,state/roll_deg_max,state/roll_deg_min,state/pitch_deg_mean,state/pitch_deg_max,state/pitch_deg_min,state/dist_to_goal,state/clearance_mean,state/clearance_min,state/clearance_max,state/pct_healthy
131072,,,,,,,,,,,,,,0.3336591508705169,1.6534299282357097,0.006631976942117035,0.306699417240452,2.8079890029039234,0.0033674006579076377,3.5827614554873435,43.91660727933049,5.066329973990591e-05,4.227390845830087,43.61804866185412,7.235255342097346e-05,4.884626504033804,0.05657064831757452,-0.4329990157857537,0.8538945214822888,1.0
262144,0.29494377016089857,1.6805970938876271,0.007062293600938574,0.35906227328814566,3.3644125713035464,0.00456101260624564,-0.09484200598672032,1.1861562822014093,-1.1236537084914744,0.0022474594197774422,0.9586142199113965,-1.0800670241005719,0.0,,,,,,,,,,,,,,,,,
262144,,,,,,,,,,,,,,0.29520743736065924,1.7931876457296312,0.007062293600938574,0.35955608868971467,3.4879929050803185,0.00456101260624564,8.403686463832855,74.2187736928463,7.484857904405118e-05,7.565900329500437,66.20711079239845,0.00010819956111629558,4.7201352789998055,0.09754587529459968,-0.545291765127331,1.54525844193995,1.0
393216,0.2651509717106819,1.1907898536883295,0.005972109463073139,0.3534791104029864,2.7026873473078012,0.004321475885717518,-0.15111926547251642,1.185255914926529,-1.2114519765600562,-0.024276703767100116,0.9438775437884033,-0.9533662935718894,0.0,,,,,,,,,,,,,,,,,
393216,,,,,,,,,,,,,,0.2651822625193745,1.1907898536883295,0.005972109463073139,0.3536307669710368,2.704185076057911,0.004321475885717518,10.952983483672142,74.13769280910492,9.283080897759532e-05,7.861680943518877,58.28793090581894,0.00012366118659856706,4.3968909457325935,0.1112457126728259,-0.717360439710319,1.5650903666391969,1.0
524288,0.24091001751367003,1.0866701835766435,0.004858961885929602,0.37578290374949574,2.7565905191004276,0.004874775961980049,-0.1666693261358887,0.9835417489521205,-1.3453063871711493,-0.08129223337164149,0.9532289090566337,-1.2199475653469563,0.0,,,,,,,,,,,,,,,,,
524288,,,,,,,,,,,,,,0.24101356556639075,1.117745753377676,0.004858961885929602,0.3759899374563247,2.813721534796059,0.004874775961980049,11.718615844845772,77.92086416482925,9.999626479695323e-05,9.455413021147251,70.96781185269356,0.0001539095848570593,4.073974652215838,0.11366558755980805,-0.8003918407484889,1.5686590736731887,1.0
655360,0.25193808029871434,1.1192938322201371,0.004062504958938007,0.352380447788164,2.5160419018939137,0.004082953752913454,-0.11787399217428174,0.9012004276737571,-1.1215305686928332,-0.1147746626083972,0.8940449345391244,-1.213934767525643,0.0,,,,,,,,,,,,,,,,,
655360,,,,,,,,,,,,,,0.25204566994216293,1.1562283942475915,0.004062504958938007,0.3526218596380204,2.542495170608163,0.004082953752913454,8.690287003293633,66.020392537117,8.311458437493258e-05,9.029817826114595,70.47654098272324,0.00013457050902410117,4.082460079342127,0.09722440458426718,-0.7239208742976189,1.1677082292735577,1.0
786432,0.2643721333006397,1.2588053261861205,0.0037242513001274347,0.37781591108068824,2.657211479730904,0.004538358572972356,-0.06880507609457709,0.740321115590632,-1.0070572360418737,-0.10616600385401398,0.8752838103100657,-1.0522607415914536,0.010865620337426662,,,,,,,,,,,,,,,,,
786432,,,,,,,,,,,,,,0.2643861216492951,1.2588053261861205,0.0037242513001274347,0.3778750002384186,2.65823841560632,0.004538358572972356,6.001124262809753,59.78001782298088,5.84915585987722e-05,10.019519366323948,64.49708190560341,0.00014479903584985188,4.036039996892214,0.09707821370102465,-0.4355389615520835,0.4639435512945056,1.0
917504,0.21167178475297987,1.0431730337440968,0.0033899977560167827,0.3746098217088729,2.362520436756313,0.005036111251229158,-0.10533383500296623,0.8053318653255701,-1.1213210769928992,-0.18543874565511942,0.6012261109426618,-1.1870859009213746,0.0052462671883404255,,,,,,,,,,,,,,,,,
917504,,,,,,,,,,,,,,0.21175432798918337,1.0614136550575495,0.0033899977560167827,0.3748093107715249,2.422520199790597,0.005036111251229158,9.222797572612762,66.59064155817032,7.774239281399531e-05,12.616272017359734,68.39320439100266,0.0001761411016447667,3.6202169060707092,0.11833017115714028,-0.14718250301666558,0.4803624365013093,1.0
1048576,0.2001281261909753,1.208137636538595,0.002928302330474253,0.39390442660078406,2.59514301083982,0.005216955074502039,-0.07545605214545503,0.993814236484468,-1.0704271011054516,-0.2279028061311692,0.756694651208818,-1.2477804496884346,0.029754131566733122,,,,,,,,,,,,,,,,,
1048576,,,,,,,,,,,,,,0.20029531861655414,1.2827227632515132,0.002928302330474253,0.39422269305214286,2.6247873855754733,0.005216955074502039,9.28867794573307,66.22391533851624,0.00012232461824401852,15.087455220520496,72.76494139432907,0.00019477080501673072,3.393873870372772,0.13010712707182392,-0.21822185209020972,0.4656908540055156,1.0
1179648,0.19512857194058597,1.39177023479715,0.0023994409698389063,0.405694464687258,2.8127955021336675,0.005070825291568326,-0.030487804651784245,0.8569110683165491,-1.0948110288009048,-0.24704008793924004,0.7690946706570685,-1.2759272959083319,0.039059751317836344,,,,,,,,,,,,,,,,,
1179648,,,,,,,,,,,,,,0.19539922068361193,1.5149805345572531,0.0023994409698389063,0.4060926968231797,2.8622899064794183,0.005070825291568326,9.117643550038338,66.35204780101776,0.00013414901384645184,16.266024604439735,74.522735029459,0.0002194805730202365,3.3537110667675734,0.1367850893875584,-0.273968773894012,0.4980770230758935,1.0
1310720,0.2636946403654292,1.312918346375227,0.0025978970945175206,0.3760625277645886,2.6448073955252767,0.0038136346224746376,0.0026799488693995954,0.9044799534603953,-0.9809253928251565,-0.167949648166541,0.7174664442427456,-1.1987547972239554,0.01597794215194881,,,,,,,,,,,,,,,,,
1310720,,,,,,,,,,,,,,0.26374466938432306,1.322317243553698,0.0025978970945175206,0.376224402571097,2.657592318020761,0.0038136346224746376,5.867214325815439,60.29182729125023,9.203006086566656e-05,11.896528001874685,69.21391299366951,0.0001376303317546096,3.8096378464251757,0.1046672987868078,-0.19432377070188522,0.4705302107613534,1.0
1441792,0.22567661793436855,1.1890158643946052,0.002816460274061683,0.3709808769635856,2.5159598980098963,0.005152630697921268,-0.002358415820282289,1.1890926179476082,-1.131066834088415,-0.19167987920809537,0.7269825516268611,-1.2137917838990688,0.02544384670909494,,,,,,,,,,,,,,,,,
1441792,,,,,,,,,,,,,,0.22583014925476164,1.2114555686712265,0.002816460274061683,0.37122073071077466,2.5292167756706476,0.005152630697921268,7.923278581351042,72.71221697330475,8.616494745428312e-05,12.462807700037956,70.77512177824974,0.00013309408278416868,3.5056441072374582,0.12404049455653876,-0.15683483611792326,0.4528352504130453,1.0
1572864,0.2028676439076662,1.2536547523923218,0.0018229964324518733,0.37020333437249064,2.56805840972811,0.004050814117363188,-0.023477091031963937,1.0003564399667084,-1.1917794235050678,-0.17399099003523588,0.707872680388391,-1.2026745318435133,0.11219314858317375,,,,,,,,,,,,,,,,,
1572864,,,,,,,,,,,,,,0.2030847449786961,1.294646072667092,0.0018229964324518733,0.3707293188199401,2.626379368826747,0.004050814117363188,9.053770758211613,72.4280856847763,0.00011396093907478644,12.333183586597443,70.833302795887,0.0001975855063829357,3.2760310638695955,0.12958908395376056,-0.20294013619422913,0.48437209497205913,1.0
1703936,0.20965653902385384,1.3614981910213828,0.0014482143349141552,0.38765914738178253,2.860894159413874,0.003201423918198998,-0.02833077592367772,1.0525324470363557,-1.1828287402167916,-0.13921468914486468,0.8195413923822343,-1.2582447081804276,0.11958903388585895,,,,,,,,,,,,,,,,,
1703936,,,,,,,,,,,,,,0.20994597615208477,1.454234717413783,0.0014482143349141552,0.3882537989411503,2.912408043630421,0.003201423918198998,9.158177636563778,72.58044508099556,0.00011217280100339622,11.282209530472755,73.85624381899834,0.00016654587998132797,3.17712938785553,0.1278338874108158,-0.27143367659300566,0.524016217328608,1.0
1835008,0.21267155092209578,1.3767530117183924,0.0010789160305648693,0.39758490724489093,2.776664341799915,0.0037917528550224233,-0.01823301074182382,1.109914160799235,-1.0865577249787748,-0.12679889507126063,0.8501889291219413,-1.2603915426880121,0.09671857010107487,,,,,,,,,,,,,,,,,
1835008,,,,,,,,,,,,,,0.21287688659504056,1.4017767515033484,0.0010789160305648693,0.3980677085928619,2.7990838484838605,0.0037917528550224233,9.95911169052124,69.39184579253197,0.00014509734533292573,11.702519617974758,74.08777126669884,0.0002057130038024546,3.138930380344391,0.1311961776809767,-0.20473826676607132,0.6892035438213497,1.0
1966080,0.27678146434482187,1.3537315051071346,0.001154350341494137,0.37863858859054744,2.6646255804225802,0.004654692765598156,-0.027081444415671285,0.9913297174498439,-1.1105002332478762,-0.06837067569722421,0.8941638069227338,-1.2069218163378537,0.09597650030627847,,,,,,,,,,,,,,,,,
1966080,,,,,,,,,,,,,,0.27689515706151724,1.3546205698512495,0.001154350341494137,0.37901583581697196,2.673584439791739,0.004654692765598156,7.613274738192558,68.52158772945404,9.345778049856413e-05,8.293265838176012,72.03883135318756,0.00012207472160330468,3.5799756813794374,0.1151191551471129,-0.1284791419748217,0.460893833078444,1.0
2097152,0.2266603111056611,1.37772681331262,0.0024636389898660127,0.3857814325019717,2.64488781709224,0.005225282029641676,-0.058799579477636144,1.023325698915869,-1.2016060883179307,-0.08019361889455467,0.698042307049036,-1.2647399292327464,0.19962888408917934,,,,,,,,,,,,,,,,,
2097152,,,,,,,,,,,,,,0.22686400590464473,1.4043966080062091,0.0024636389898660127,0.3863297626376152,2.676965206861496,0.005225282029641676,9.471758469939232,72.42540049552917,0.00015108788013584729,9.80822654813528,74.415282279253,0.00020434905230759526,3.1918934360146523,0.13420600013341755,-0.1499962778761983,0.4617942152544856,1.0
2228224,0.2245678254403174,1.428673298098147,0.0017041315115875477,0.39546437934041023,2.7570278169587255,0.0044808424327129615,-0.07705649215495214,1.1207535099238157,-1.278269812464714,-0.06641703119385056,0.8899088581092656,-1.2758139101788402,0.2073031747713685,,,,,,,,,,,,,,,,,
2228224,,,,,,,,,,,,,,0.22473494696896523,1.4593030121177435,0.0017041315115875477,0.3960476233623922,2.7685630107298493,0.0044808424327129615,10.829668208956718,76.81916403770447,0.0001694183604259436,10.598791755735874,75.32829874753952,0.00019415080264550966,3.1427628956735134,0.13815249071922153,-0.12791914376430213,0.6132673530373722,1.0
2359296,0.2286359709687531,1.3885259628295898,0.0012926195431646192,0.402516586240381,2.8028334574773908,0.004869517170163817,-0.06930994265712798,1.149958400055766,-1.2440623231232166,-0.052132756100036204,0.8693709564395249,-1.2874531084671617,0.16819967638002709,,,,,,,,,,,,,,,,,
2359296,,,,,,,,,,,,,,0.22881473961751908,1.3885259628295898,0.0012926195431646192,0.40338037139736116,2.84206176456064,0.004869517170163817,11.091803014278412,75.91160050034523,0.0001242083014414419,12.100416220724583,76.83372986316681,0.00020189847465812427,3.19660197943449,0.14205367944668978,-0.14267181977629662,0.5597209057305008,1.0
2490368,0.24564366228878498,1.3516375836916268,0.0022924623101516772,0.4017113661393523,2.8727658605203032,0.004878965635271015,-0.07071899928268977,1.1780367158353329,-1.1900701448321342,-0.058560954028507695,0.8296827110461891,-1.33628336712718,0.1796765848994255,,,,,,,,,,,,,,,,,
2490368,,,,,,,,,,,,,,0.24579524691216648,1.358912832569331,0.0022924623101516772,0.40248720021918416,2.9132085172459483,0.004878965635271015,10.27147451415658,73.79781359434128,0.0001384806503974545,12.862619020044804,78.61773598194122,0.0001922506411222713,3.280389826744795,0.1397441778681241,-0.18906023469753563,0.468835583422333,1.0
2621440,0.25290186353959143,1.4047922133468091,0.0030462590239039855,0.4142071350943297,2.864439319819212,0.005256001575162372,-0.08314836613135412,1.0580700198188424,-1.2343352884054184,-0.06574388378066942,0.8070574500598013,-1.3178609907627106,0.14490428427234292,,,,,,,,,,,,,,,,,
2621440,,,,,,,,,,,,,,0.25306657957844436,1.40506809996441,0.0030462590239039855,0.41526383929885924,2.9130557253956795,0.005256001575162372,10.416872411966324,75.72859326004982,0.00014582434239951425,12.010932743549347,78.33765286207199,0.00019389020391091805,3.29214671254158,0.14655037980992347,-0.16506248526275158,0.485380053287372,1.0
2752512,0.24202193738892674,1.3852177867665887,0.0021226533435765305,0.4076291110832244,2.868538949638605,0.005218870818225696,-0.07553916174219921,1.2063040472567081,-1.2352640004828572,-0.1043903038953431,0.892580664716661,-1.3265597252175212,0.20371817276463844,,,,,,,,,,,,,,,,,
2752512,,,,,,,,,,,,,,0.24220490350853652,1.3901796946302056,0.0021226533435765305,0.4086991094518453,2.8793778475373983,0.005218870818225696,12.36729933321476,77.01547104120255,0.00014896232464749193,13.04512593895197,78.44189500808716,0.00019632449092021886,3.138887146487832,0.14657620643265545,-0.28243426070548594,0.44093365548178554,1.0
2883584,0.27085705974604934,1.4786300426349044,0.0013301065487212327,0.3757915962487459,2.789283405058086,0.004042932328957249,-0.0652546496130526,1.2205761289224029,-1.2218142477795482,-0.12504868098767474,0.8089339197613299,-1.182234055828303,0.19428238179534674,,,,,,,,,,,,,,,,,
2883584,,,,,,,,,,,,,,0.27202199489533246,1.4738164296025758,0.0031422799102024377,0.33066641179087397,2.8378667863351956,0.0028696350508763207,10.81191053647154,71.99527465887778,0.0001024204473865892,10.885494502366182,61.83329541451083,0.0001292225308376586,3.075835191941523,0.12574630422558594,-0.12761934068831768,0.5618116963695694,1.0
3014656,0.24269630387425423,1.4545272877439857,0.001519890863164619,0.37502578902058303,2.815819861367345,0.004127848642383469,-0.07846065168268979,1.227451540529728,-1.236333823762834,-0.14680864429101348,0.834019785746932,-1.2055413429625332,0.32034773740451783,,,,,,,,,,,,,,,,,
3014656,,,,,,,,,,,,,,0.24287299951538444,1.4563092216849327,0.001519890863164619,0.3756042781751603,2.8468789905309677,0.004127848642383469,11.401993699371815,76.80939984321594,0.00013702834282947052,11.559886634349823,70.94595724344254,0.00016173545554032387,3.0573850329965353,0.1334267082856968,-0.1819527386687696,0.4770322816912085,1.0
3145728,0.2378397525753826,1.4453039593063295,0.0013945149527216927,0.36679886537604034,2.9257785622030497,0.003826104617019155,-0.06168034626170993,1.216414561495185,-1.2241134732030332,-0.16158471012022346,0.8350234688259661,-1.130940352100879,0.3122401426662691,,,,,,,,,,,,,,,,,
3145728,,,,,,,,,,,,,,0.23802864516619593,1.462564346846193,0.0013945149527216927,0.36725731240585446,2.9345141407102346,0.003826104617019155,9.914953984320164,75.74746805429459,0.00011379817493617495,11.985393188893795,67.42510998249054,0.0001591490238319615,3.0054718535393476,0.1325845018727705,-0.15977975097484887,0.6260617380030453,1.0
3276800,0.23522901209071279,1.624291525222361,0.0010550419592050275,0.36301509267650545,2.871953319758177,0.0026974345259986876,-0.05158853132161312,1.1583486408926547,-1.1948688668198884,-0.18060974148102105,0.907932719681412,-1.1925957072526217,0.3088154303841293,,,,,,,,,,,,,,,,,
3276800,,,,,,,,,,,,,,0.23550898977555335,1.695415586233139,0.0010550419592050275,0.36353459651581943,2.9096358846873045,0.0026974345259986876,8.395461358129978,74.65812304615974,0.00012211600641487408,12.545233055949211,71.16896080970764,0.00016513631931402983,3.008060250431299,0.12880354467779398,-0.24235040950588882,0.5776732168160379,1.0
3407872,0.24462841683998704,1.5056775445118546,0.0010748068323493953,0.35403589671477675,2.8341588135808706,0.0029621854196193453,-0.0377102662314428,1.0649566086940467,-1.3357065878808498,-0.19404090323951095,0.8133853003382683,-1.1909715104848146,0.2525906595401466,,,,,,,,,,,,,,,,,
3407872,,,,,,,,,,,,,,0.24479767493903637,1.5261859381571412,0.0010748068323493953,0.3544242065399885,2.8457261212170124,0.0029621854196193453,6.382290109992027,77.91103956103325,0.00013283670631825117,12.787193313241005,70.43635508418083,0.00014671463018123276,3.090810000896454,0.12040725874248892,-0.20855989842675626,0.5662421493325382,1.0
3538944,0.2351579361129552,1.6345846564508975,0.0009809003598775234,0.35025371913798153,2.906123684719205,0.0027745065726776375,-0.031680470492574386,0.8376993178389966,-1.098941357806325,-0.20680295128840953,0.8496321749407798,-1.1609654687345028,0.29675472620874643,,,,,,,,,,,,,,,,,
3538944,,,,,,,,,,,,,,0.23538053035736084,1.6808866770006716,0.0009809003598775234,0.35064349323511124,2.945236263796687,0.0027745065726776375,5.255921017378569,67.31350576877594,0.00010834012033633655,13.502875961363316,68.64268687367439,0.0001396693827291351,3.0378030464053154,0.11970599950291216,-0.1299667761195451,0.6560622954275459,1.0
3670016,0.2368621660862118,1.581352110952139,0.0007711602543167828,0.3483527668286115,2.9875076543539762,0.0021025116752753092,-0.033983769462793134,0.8404815224930644,-1.0942457648925483,-0.2184578072046861,0.9366230145096779,-1.150821196846664,0.29422682628501207,,,,,,,,,,,,,,,,,
3670016,,,,,,,,,,,,,,0.23710561753250659,1.6226162035018206,0.0007711602543167828,0.3488156183157116,3.004893980920315,0.0021025116752753092,4.966734349727631,66.52430590987206,9.841750487726841e-05,14.13284096866846,69.7421886920929,0.00017456506290347562,3.0424242299050093,0.11746465839678422,-0.15128196496516466,0.6430088742636144,1.0
3801088,0.23603479762095958,1.529268094804138,0.0009803663926959416,0.3509719280991703,2.8715093694627285,0.002529100599076628,-0.036156474947347306,0.9333517639897764,-1.1132984375581145,-0.23582109983544797,0.8358167894184589,-1.2126897256821394,0.27486628433689475,,,,,,,,,,,,,,,,,
3801088,,,,,,,,,,,,,,0.2362657623598352,1.5324911260977387,0.0009803663926959416,0.3514924414921552,2.8945268113166094,0.002529100599076628,5.148392867296934,70.19239494204521,0.00011992910490832287,14.770371116697788,71.13952752947807,0.00013814386002741763,3.0390083882957697,0.11634695064276457,-0.16691834293305874,0.5335879006888717,1.0
3932160,0.2424452635459602,1.609789910260588,0.0009647270172763456,0.35373394400812685,2.900029140524566,0.0027296035436847887,-0.04418240298400633,0.8994256276637316,-1.1611828175373375,-0.23204565735068172,0.6909693670459092,-1.1192884845659137,0.2795437602326274,,,,,,,,,,,,,,,,,
3932160,,,,,,,,,,,,,,0.24266241188161075,1.6189654055051506,0.0009647270172763456,0.3542442119214684,2.920948190614581,0.0027296035436847887,5.312012445181608,72.30303964018822,0.00010764036639820951,14.537635624408722,65.95591849088669,0.00015062384605224466,3.045303361490369,0.11786687903804705,-0.13534790906123817,0.4891881870571524,1.0
4063232,0.25902884907554835,1.546557679772377,0.0009667065371559147,0.3599077658727765,3.0056054312735796,0.002964123425044818,-0.055966942163649946,0.6442587759811431,-1.1308051012456417,-0.21520508744288236,0.7866549734026194,-1.1507114674896002,0.2681712876074016,,,,,,,,,,,,,,,,,
4063232,,,,,,,,,,,,,,0.25919830112252384,1.5676735015586019,0.0009667065371559147,0.36027897358871996,3.012646397575736,0.002964123425044818,5.543210726231337,68.23687261343002,9.32014781420687e-05,13.760148666799068,67.95814540982246,0.00017534941241947877,3.0570717807859182,0.11781752802198753,-0.12964227073825896,0.5776588525623083,1.0
4194304,0.2664252801332623,1.550258370116353,0.001139431674801017,0.3788401912897825,3.0248134694993496,0.003180872556185932,-0.07569337109453045,0.7373997401446104,-1.2109179059043527,-0.1990484050475061,1.0684271077625453,-1.1897946414537728,0.3046403380576521,,,,,,,,,,,,,,,,,
4194304,,,,,,,,,,,,,,0.26666278345510364,1.552340685389936,0.001139431674801017,0.37945397617295384,3.075860073789954,0.003180872556185932,6.483491878956556,73.67271772027016,0.00013400587771617012,13.310203365981579,73.07489651441574,0.00015582768242250467,3.0087495669722557,0.12067479273537174,-0.190132524818182,0.5888584984932095,1.0
4325376,0.2799054943025112,1.6318480242043734,0.0010659720653620752,0.3916622963733971,2.962379239499569,0.0031333296960838197,-0.09802034765016288,0.8817277885973454,-1.2494600149802864,-0.18063895124942064,0.7696945900097489,-1.1776414518244565,0.3401802892331034,,,,,,,,,,,,,,,,,
4325376,,,,,,,,,,,,,,0.2801740770228207,1.649171270430088,0.0010659720653620752,0.39238946116529405,3.004810329526663,0.0031333296960838197,7.5214419439435005,75.10073667764664,0.00012245697864232685,12.578096978366375,71.46832039952278,0.00017557366075937608,2.965546140447259,0.12827514461241663,-0.152046050876379,0.5588635213207453,1.0
4456448,0.29343566694296896,1.6177080543711782,0.0015854659234264545,0.4059078488498926,3.057480191811919,0.004308878936171823,-0.1072764890268445,0.8496081535704434,-1.1776840486563742,-0.16540223883930594,0.7584729199297726,-1.1743453228846192,0.4264842643169686,,,,,,,,,,,,,,,,,
4456448,,,,,,,,,,,,,,0.29375631315633655,1.6424531256780028,0.0015854659234264545,0.4066468491218984,3.080086547881365,0.004308878936171823,7.960133448243141,72.1117088496685,0.00012313179947742725,12.051611952483654,70.58876767754555,0.00014885698149513793,2.9562529735267162,0.1293510613613762,-0.19182663294486701,0.6634055385366082,1.0
4587520,0.29171751718968153,1.644582761451602,0.0021380425366714917,0.40386523585766554,3.0295617319643497,0.005311402368988638,-0.11019684170605615,0.9533940390683711,-1.1866950197145343,-0.16082379827275872,0.8689340194687247,-1.2222313228994608,0.3732289436738938,,,,,,,,,,,,,,,,,
4587520,,,,,,,,,,,,,,0.29205778054893017,1.6953351916745305,0.0021380425366714917,0.4047927428036928,3.0872364714741707,0.005311402368988638,8.228253465145826,73.83585122227669,0.0001290418520379366,11.979095362126827,73.0744459927082,0.00017341333891218724,2.94341760315001,0.13001164642628282,-0.15233696764335036,0.7551036190707237,1.0
4718592,0.2894678812008351,1.5979467700235546,0.0016307947505538323,0.4047347994055599,2.992357252165675,0.00433012806752231,-0.11042581498622894,1.0272203371860087,-1.1872766511514783,-0.156993679353036,0.886497647035867,-1.2149503719992936,0.3905998148256913,,,,,,,,,,,,,,,,,
4718592,,,,,,,,,,,,,,0.2897968355100602,1.6293429476208985,0.0016307947505538323,0.4054836027789861,3.026888618245721,0.004314150057325605,8.446248441934586,73.80884099006653,0.0001263901798544964,11.916137307882309,73.00216892361641,0.00015750089876309659,2.9410249944776297,0.13316811947152019,-0.12506957165896893,0.8047164140734822,1.0
4849664,0.28426259104162455,1.6325721517205238,0.0011179095649822557,0.406041519716382,2.9328742902725935,0.004081332553141692,-0.09916802594671026,0.9707621578127146,-1.1953867306001484,-0.15833325101993978,0.7457657009363174,-1.2642502328380942,0.355584918288514,,,,,,,,,,,,,,,,,
4849664,,,,,,,,,,,,,,0.2845463294070214,1.6600405229255557,0.0011179095649822557,0.40675178077071905,2.9572314731776714,0.004081332553141692,7.9471521489322186,74.19232320785522,0.00013011811710550436,11.941774800419807,75.0185778439045,0.00015500055544692692,2.90063863247633,0.13383190392050892,-0.12542708753608167,0.5525578304659575,1.0
4980736,0.29673289344646037,1.6211238764226437,0.0011781414634697285,0.4040410006418824,3.0326614901423454,0.0038698321936863067,-0.0881472917390056,1.0459907338954508,-1.1853897981345654,-0.1498685150872916,0.8948442875407636,-1.2285415092483163,0.4276027218438685,,,,,,,,,,,,,,,,,
4980736,,,,,,,,,,,,,,0.297108962200582,1.6508637061342597,0.0011781414634697285,0.40505505888722837,3.0426879171282053,0.0038698321936863067,7.311872184276581,74.53774800896645,0.00012273807379337143,11.511584281921387,74.00408691167831,0.00013933751040617892,2.949187921360135,0.13097998138982803,-0.1268516150303185,0.6582611938938498,1.0
5111808,0.3017732265871018,1.5683868816122413,0.0008584109107232507,0.4058286214713007,3.010001555085182,0.00292629664420474,-0.06802839046576992,1.0341524044051766,-1.0913335243239999,-0.15052344161085784,0.7661665361374617,-1.2445656978525221,0.36757622385630384,,,,,,,,,,,,,,,,,
5111808,,,,,,,,,,,,,,0.3021475269924849,1.572945642285049,0.0008584109107232507,0.40679367911070585,3.0371660701930523,0.00292629664420474,6.698372948914766,73.71328204870224,0.00012077822764233748,11.508780039846897,74.53403931856155,0.00012861292099863864,2.964030494913459,0.13202081713825464,-0.12506030360236764,0.6121468266937882,1.0
5242880,0.30442094756290317,1.730018044821918,0.0012162035017126982,0.405612233793363,3.084668193012476,0.003915385648724623,-0.06002427500789054,1.0060889939777553,-1.1482142093591392,-0.1423298710724339,0.9022309840656817,-1.2571051884442568,0.42906459677033126,,,,,,,,,,,,,,,,,
5242880,,,,,,,,,,,,,,0.30475747934542596,1.7636636951938272,0.0012162035017126982,0.4065912526566535,3.106834275647998,0.003915385648724623,6.565346673130989,73.73036968708038,9.938388863783842e-05,11.383979350328445,75.31100207567215,0.00013543871204335645,2.936199117451906,0.13265197910368443,-0.1255182083696127,0.7328607612289488,1.0
5373952,0.3044361285865307,1.6821481669321656,0.0014011065203476392,0.4057370047084987,2.9970632512122393,0.0037541767221682676,-0.05636396221234463,1.0304480702616274,-1.1662909025326371,-0.14452472876291722,0.8092082901857793,-1.2834341693669558,0.4628173033706844,,,,,,,,,,,,,,,,,
5373952,,,,,,,,,,,,,,0.30476080626249313,1.719070260412991,0.0014011065203476392,0.4066235483624041,3.0128208231180906,0.0037541767221682676,6.4071842059493065,74.10954493284225,0.00011086605382359949,11.473910927772522,76.69223725795746,0.00013376847920987256,2.9885190688073635,0.1331223458983004,-0.2441229191608727,0.6414798707701266,1.0
5505024,0.3116507432423532,1.6075652120634913,0.0015661195110396875,0.39401593361981213,3.0196195021271706,0.0025223694601663738,-0.036916920202202164,0.9658220964483917,-1.2341806758195162,-0.11847330204909667,0.8431090787053108,-1.2282163626514375,0.5004364920314401,,,,,,,,,,,,,,,,,
5505024,,,,,,,,,,,,,,0.33074686807263026,1.6252059122690787,0.0032733412578566526,0.3502616788373216,2.9527961668650526,0.0029664019095414934,4.696982926600818,69.96313479501795,9.312574338318688e-05,9.910027888827385,66.31715552688955,0.00011735067200688134,3.018859848871336,0.11552512747808717,-0.12486554633130084,0.5801995976694992,1.0
5636096,0.30899491836316884,1.5975037263706326,0.002366590617612019,0.4090428522322327,3.1087898574769497,0.00394210831655073,-0.04978006923920475,0.9184020347893238,-1.2692794790491462,-0.12470073945587501,0.8537965063005686,-1.2856742069125175,0.5107260062068235,,,,,,,,,,,,,,,,,
5636096,,,,,,,,,,,,,,0.30930551514029503,1.62575423438102,0.002366590617612019,0.4104067226871848,3.1769064273685217,0.00394210831655073,6.654492050409317,79.4303560256958,0.00010171074810827463,11.268607124686241,77.18301954865456,0.0001416165722957219,3.039812318980694,0.13082262384705245,-0.1251660124398768,0.6189362572040409,1.0
5767168,0.3060884855221957,1.6040765037760139,0.001538823551754831,0.4149172701872885,3.0396134704351425,0.00411242148538804,-0.047650824388256297,1.0780061180703342,-1.2237950046546757,-0.117727528559044,0.8023719475604594,-1.3018474159762263,0.48601181502453983,,,,,,,,,,,,,,,,,
5767168,,,,,,,,,,,,,,0.30644598230719566,1.6247956892475486,0.001538823551754831,0.41628221212886274,3.0816912669688463,0.00411242148538804,6.966832064092159,77.42596489191055,0.00012132109580553774,11.263485677540302,77.59198516607285,0.00013549355516317974,3.0695141088217497,0.13498051662463695,-0.1301986020989716,0.5727282357402146,1.0
5898240,0.3035714861471206,1.6004713289439678,0.0012582403898022676,0.4165917760692537,3.1629009004682302,0.003758053387628024,-0.0458893017785158,1.0963017134927213,-1.2124751368537545,-0.10164819203782827,0.7816596734337509,-1.3349528703838587,0.49501983216032386,,,,,,,,,,,,,,,,,
5898240,,,,,,,,,,,,,,0.3038996283430606,1.6107234163209796,0.0012582403898022676,0.4181305035017431,3.2019723802804947,0.003758053387628024,6.904752191156149,75.86788097023964,0.00011527062525407139,11.21925151348114,79.95308154821396,0.0001541849960435826,3.0716678984463215,0.13530689722392708,-0.18470707070082426,0.571932457620278,1.0
6029312,0.3107174076139927,1.622799502685666,0.0013840317449194117,0.41782188578508794,2.9969139229506254,0.004376378582946927,-0.0522542686376255,1.0867451359517872,-1.2150288461707532,-0.10390389786334708,0.8040945469401777,-1.311618329025805,0.476459244498983,,,,,,,,,,,,,,,,,
6029312,,,,,,,,,,,,,,0.31093962024897337,1.622799502685666,0.0013840317449194117,0.41901796497404575,3.0206507444381714,0.004376378582946927,6.68554538115859,76.30522975325584,0.00011228687924713654,10.91540340334177,78.20367741584778,0.00014583000405998803,3.12638976611197,0.13387275638524443,-0.1251582724507898,0.5766344610601664,1.0
6160384,0.32415875187143683,1.6260693911463022,0.0012198710896882403,0.42964154365472496,3.070094771683216,0.005152386295776523,-0.05126623288379051,1.1278125080280006,-1.218631663825363,-0.10843275405932218,0.8339559473097324,-1.3202709630131721,0.45401394879445434,,,,,,,,,,,,,,,,,
6160384,,,,,,,,,,,,,,0.32448790059424937,1.6375666419044137,0.0012198710896882403,0.431202789535746,3.115845624357462,0.005152386295776523,6.843344498425722,76.95507034659386,9.40801053127549e-05,11.173794642090797,78.99507561326027,0.00012587201870406517,3.0711403358727694,0.13949220511130989,-0.1252265190705657,0.6284386233892292,1.0
6291456,0.32841545855626464,1.5924205174669623,0.0012070845533571628,0.4282511193305254,3.092027770355344,0.0034732296169295296,-0.05057695391587913,1.134987693745643,-1.0970341083593667,-0.11822101229336113,0.7870783670805395,-1.3188904821872711,0.5560798808000982,,,,,,,,,,,,,,,,,
6291456,,,,,,,,,,,,,,0.32870991504751146,1.59597600530833,0.0012070845533571628,0.42957612802274525,3.1257740650326014,0.0034732296169295296,7.109002947807312,74.45000079274178,0.00010952831949939679,11.177493646740913,79.03825575113297,0.0001309084001590577,3.034220613539219,0.13961450662463903,-0.1251011178828776,0.5639873000327498,1.0
6422528,0.3254417395219207,1.8303049933165312,0.0014692902893784776,0.42753983731381595,3.020714440383017,0.0031402156282638316,-0.05553319040336646,1.222743695601821,-1.1898845667019486,-0.12135726725682616,0.8214923632331192,-1.2985167782753706,0.5158654961269349,,,,,,,,,,,,,,,,,
6422528,,,,,,,,,,,,,,0.3258733975235373,1.9013920789584517,0.0014692902893784776,0.4289389767218381,3.0757952136918902,0.0031402156282638316,7.646394569426775,78.60759249329567,0.00011886094182933515,11.330302469432354,77.7585734128952,0.0001561803868845857,2.9920887369662523,0.14072360075078905,-0.12504683411680162,0.8443390761967748,1.0
6553600,0.328993805218488,1.6545326262712479,0.000904056013951049,0.42377812904305756,3.1195707079023123,0.0026819453786401937,-0.06335334529285319,1.25958766695112,-1.0743253058753908,-0.1219823831343092,0.9055561390705407,-1.2684915089048445,0.4900741591118276,,,,,,,,,,,,,,,,,
6553600,,,,,,,,,,,,,,0.3294077937025577,1.6663466840982437,0.000904056013951049,0.42514182860031724,3.176678031682968,0.0026819453786401937,7.439890258014202,79.56630915403366,9.165339937444728e-05,11.191424630582333,76.29778334498405,0.00014327164554422955,2.9494447242468596,0.13585881027393043,-0.12544931168667972,0.6492681845556945,1.0
6684672,0.3207406918518245,1.6683172388002276,0.0010542210634412186,0.4145287915598601,3.0311321783810854,0.003210433575532079,-0.06269657795201056,1.2546455338597298,-1.2007555002346635,-0.12621322070481256,0.9313627714291215,-1.261200800538063,0.5068510307464749,,,,,,,,,,,,,,,,,
6684672,,,,,,,,,,,,,,0.32116742385551333,1.6968037029728293,0.0010542210634412186,0.4155990555882454,3.0824375860393047,0.003210433575532079,7.03810653090477,78.21613383293152,8.812809506952846e-05,11.221428640186787,76.508440554142,0.00012198488911430161,2.9413362611085176,0.1310654649278149,-0.12518701306544244,0.6923301287461072,1.0
6815744,0.32401625951752067,1.5949608348309994,0.0007283716120127792,0.413538170279935,3.17867330275476,0.002861119024373693,-0.06114593200618401,0.9719678214751184,-1.0988789908587933,-0.12574485316872597,0.7874216116033494,-1.2614370984956622,0.5541550975758582,,,,,,,,,,,,,,,,,
6815744,,,,,,,,,,,,,,0.32437647273764014,1.6209377404302359,0.0007283716120127792,0.41468696645461023,3.246972607448697,0.002861119024373693,6.558221135288477,72.7978441119194,0.00010227180915567402,10.826987370848656,76.07884660363197,0.00011026725507079504,2.9494784269481897,0.12927468807902187,-0.12508188583888113,0.5833289709407836,1.0
6946816,0.32914924900978804,1.7336991261690855,0.001247921102503824,0.4094833047129214,3.102080127224326,0.002935726596206223,-0.050398532272083685,0.9989918763749301,-1.1297034458257258,-0.13387204590253532,0.7958919736556709,-1.2795676914975047,0.5539384493604302,,,,,,,,,,,,,,,,,
6946816,,,,,,,,,,,,,,0.3295622810255736,1.7441023038700223,0.001247921102503824,0.41071665566414595,3.1509972028434277,0.002935726596206223,5.665651246905327,70.88581874966621,9.07390536479813e-05,10.911930732429028,77.04682990908623,0.0001108822951252364,2.9414436034858227,0.12497572519350797,-0.1250850409269333,0.5872659136075526,1.0
7077888,0.3284819391556084,1.6940666260197759,0.0012134841260831308,0.4104367939289659,3.1033697426319122,0.003324544081579006,-0.045283334446139634,1.0358827798627317,-1.1036955984309316,-0.13270906219258904,0.7644573673605919,-1.2887007156386971,0.5429709552554414,,,,,,,,,,,,,,,,,
7077888,,,,,,,,,,,,,,0.328965115128085,1.7417771238833666,0.0012134841260831308,0.41181732597760856,3.1708640102297068,0.003324544081579006,5.787415571510792,74.42651125788689,0.00011045721645785989,10.74203372001648,77.56697541475296,0.00012683705419558322,2.9519392382353544,0.12688289489597082,-0.14397073886357248,0.7160924868658185,1.0
7208960,0.33711768174543977,1.6170217981562018,0.0012620497835769129,0.412635913817212,2.970861069858074,0.0033428661186007957,-0.037450528965564445,0.9435998988337815,-1.1288778418675065,-0.1364335099933669,0.7580945137888193,-1.29963554488495,0.5829002542886883,,,,,,,,,,,,,,,,,
7208960,,,,,,,,,,,,,,0.33748781913891435,1.6226876247674227,0.0012620497835769129,0.41397821833379567,3.032062316313386,0.0033428661186007957,5.65945789963007,73.40337100625038,9.166005950422829e-05,10.846852071583271,77.97821319103241,0.00010787839880865846,2.9550314396619797,0.125098840566352,-0.24260064656846225,0.6522048332262784,1.0
7340032,0.34664982836693525,1.7531248070299625,0.0012242342338595336,0.4204142205417156,3.1723653338849545,0.0033498215470899595,-0.03665539539360907,1.1390499384142458,-1.1902518859133124,-0.14817383827175945,0.7994537064805627,-1.2781237810850143,0.5751133982557803,,,,,,,,,,,,,,,,,
7340032,,,,,,,,,,,,,,0.34710108768194914,1.8012285744771361,0.0012242342338595336,0.4218585772905499,3.2461732253432274,0.0033498215470899595,5.949199818074703,78.16618978977203,8.321516591805467e-05,11.63432714343071,76.99394506216049,0.00011455800668436211,2.940603854134679,0.13046976964687929,-0.125138703500852,0.7959781209938228,1.0
7471104,0.34912191866897047,1.6939491545781493,0.0015564034933959192,0.4234002400189638,3.0322249475866556,0.0032285012898682908,-0.035882951808162034,1.1129941483959556,-1.1445957571268082,-0.15518915944267064,0.8864708594046533,-1.3188325837254524,0.6047051602508873,,,,,,,,,,,,,,,,,
7471104,,,,,,,,,,,,,,0.3495215568691492,1.714393357746303,0.0015564034933959192,0.4249828732572496,3.0986248087137938,0.0032285012898682908,6.11731069162488,75.65011921525002,9.260939104338561e-05,11.811973176896572,79.27134835720062,0.0001306489950264056,2.9522316977381706,0.13244202075293288,-0.12549951556138694,0.6296993705909699,1.0
7602176,0.348959848517552,1.7350110532715917,0.0014648469666553865,0.42610263894312084,3.1279583889991045,0.003639346419731737,-0.03592257798300125,1.0440396242775023,-1.1468906248919666,-0.146365987486206,0.9116990906186402,-1.3062191810458899,0.5295597276417539,,,,,,,,,,,,,,,,,
7602176,,,,,,,,,,,,,,0.3493637142237276,1.7681159172207117,0.0014648469666553865,0.42769588669762015,3.16065801307559,0.003639346419731737,6.384068872779608,76.38906559348106,9.328690074372759e-05,11.655717484652996,78.81359934806824,0.00013813474825696836,2.926830595359206,0.1348038730211556,-0.12516654818318784,0.7203716870862991,1.0
7733248,0.3580546972807497,1.727134515531361,0.0017802709351144586,0.4336221974808723,3.1410568449646235,0.004295663494303881,-0.03789018759562168,0.9954431904479861,-1.1699156682007015,-0.15147578110918403,0.8370265630073845,-1.3187557617202401,0.5769337278325111,,,,,,,,,,,,,,,,,
7733248,,,,,,,,,,,,,,0.35851619532331824,1.7715153908357024,0.0017802709351144586,0.4354762297589332,3.2325802091509104,0.004288566572540731,6.194803819060326,76.52112755179405,0.00010549245441215938,11.905168391764164,79.32973825931549,0.00013234612048407257,2.913683546707034,0.13711525429971516,-0.12878293683752418,0.7000906376633793,1.0
7864320,0.3542164172977209,1.654444337822497,0.002097578665598121,0.43195863626897335,3.231759650632739,0.004846598649237421,-0.0436725927866064,1.081471730954945,-1.20780741982162,-0.14515761542133987,0.7581648835912347,-1.3185841385275126,0.5225868090055883,,,,,,,,,,,,,,,,,
7864320,,,,,,,,,,,,,,0.35465300851501524,1.6792749110609293,0.002097578665598121,0.4339183699339628,3.3149748165160418,0.004846598649237421,6.366388477385044,79.20177271962166,0.00010777857058064111,11.568173445761204,79.52224117517471,0.0001346360467238128,2.909000162035227,0.13655057887081057,-0.15789493662305176,0.6467031105421484,1.0
7995392,0.3556758016347885,1.7628572098910809,0.0007976915582048605,0.42466453090310097,3.171692928299308,0.003256554411336765,-0.0449481498071691,0.9284890829585493,-1.2588895577937365,-0.1330975605524145,0.8641280340962112,-1.3316023964434862,0.5750757921487093,,,,,,,,,,,,,,,,,
7995392,,,,,,,,,,,,,,0.3561152124311775,1.7968188961967826,0.0007976915582048605,0.4264993763063103,3.254038194194436,0.003256554411336765,6.464130509644747,77.49914354085922,9.465966746802223e-05,11.251249015331268,80.05527758598328,0.00011743225246027555,2.9498565196990967,0.13325696892570704,-0.1622402030043304,0.6757907897699624,1.0
8126464,0.3768977555446327,1.7019126741215587,0.001402282259959975,0.4224182083271444,3.0332295242697,0.0038471237512567313,-0.054534004477318376,0.8976173005066812,-1.1377967987209558,-0.07933455295278691,0.99313775729388,-1.2857509129680693,0.6142993854591623,,,,,,,,,,,,,,,,,
8126464,,,,,,,,,,,,,,0.40992360275525314,1.741910420358181,0.0037969789231643157,0.3936657058586786,3.1838244705737293,0.0030797801728612694,5.337362507010226,70.61036105421218,7.44323151000337e-05,9.619799642757114,73.47204745274324,8.75314610785102e-05,2.9395851417557224,0.1220154958204008,-0.12489689121043289,0.5847788489945642,1.0
8257536,0.37043861765414476,1.6853070817887783,0.0016596894236045046,0.43127896054647863,3.10455066151917,0.003805898884365888,-0.055854779144283384,0.9653438180685043,-1.210077490657568,-0.0759307467378676,0.9848923403769732,-1.3254588125273585,0.6135246730409563,,,,,,,,,,,,,,,,,
8257536,,,,,,,,,,,,,,0.370869058649987,1.712574071250856,0.0016596894236045046,0.4334563154261559,3.2163772620260715,0.003805898884365888,6.213906217366457,78.59896641969681,9.289766961018131e-05,10.111846446990967,80.30731189250946,0.00010982791657709878,2.9080334082245827,0.12721133761806414,-0.1250253499019891,0.6752095783594996,1.0
8388608,0.3686176531482488,1.726513578556478,0.0012905664466416056,0.42347680730745196,3.0766800232231617,0.003852338837532443,-0.052541189099429175,0.9495743997395039,-1.257813117466867,-0.07854119589319453,0.8342976169660687,-1.3285570675507188,0.6010709295514971,,,,,,,,,,,,,,,,,
8388608,,,,,,,,,,,,,,0.36908751213923097,1.7619850356131792,0.0012905664466416056,0.4258588582742959,3.185413394123316,0.003852338837532443,6.174249168485403,79.82452395558357,7.613046541976587e-05,10.081407204270363,80.11518388986588,0.00010760683114785508,2.917002173140645,0.12965485686436296,-0.12513359100557864,0.7680798438377678,1.0
8519680,0.36670295777730644,1.7943216478452086,0.001526701355487603,0.4320678871590644,3.1554642785340548,0.0037782989625156915,-0.05743164743762463,0.8919440810568631,-1.1962390709668398,-0.07706623416743241,0.856792853679508,-1.3326527997851372,0.5869761116337031,,,,,,,,,,,,,,,,,
8519680,,,,,,,,,,,,,,0.36716370447538793,1.834007378667593,0.001526701355487603,0.4344300904776901,3.2629831358790398,0.0037782989625156915,6.420576173812151,78.60384199023247,8.895410055746039e-05,10.16410643607378,80.93580150604248,0.00011770529803634133,2.938885498791933,0.12915922660613433,-0.12530095037072897,0.5891807537991554,1.0
8650752,0.3701278769876808,1.7709277737885714,0.0014215476730896626,0.4305448932573199,3.0308853071182966,0.003597657126647391,-0.053675262635806575,0.9190748375840485,-1.2414291612803936,-0.06697874687961303,0.9286662908270955,-1.3250436000525951,0.6023712039459497,,,,,,,,,,,,,,,,,
8650752,,,,,,,,,,,,,,0.3705485227983445,1.8181444611400366,0.0014215476730896626,0.4326444815378636,3.090581065043807,0.003597657126647391,6.086654245853424,79.19072616100311,7.202673069528487e-05,10.12442684173584,79.94962322711945,0.00010451709906078577,2.9557272624224424,0.12948767346097156,-0.12528199283406138,0.7320106693077832,1.0
8781824,0.3720224273856729,1.6525387708097696,0.0015990275450121771,0.43202835065312684,3.029780589044094,0.0034176126969214238,-0.06106774799991399,0.8578594126738608,-1.271769279614091,-0.06716874503763393,0.9670569859445095,-1.3380490010604262,0.6388528870884329,,,,,,,,,,,,,,,,,
8781824,,,,,,,,,,,,,,0.3723972605075687,1.6525999903678894,0.0015990275450121771,0.4342738704290241,3.1111439038068056,0.0034176126969214238,6.429349705576897,78.78769135475159,0.00010230574233111023,10.04841510206461,80.80511713027954,0.0001303399289378504,2.9433691687881947,0.1330209200968966,-0.12503662891685963,0.6083025948610157,1.0
8912896,0.3770656429696828,1.7078469600528479,0.0013661664454502898,0.4328654056880623,3.1226523146033287,0.0039011935911048568,-0.06755592001718469,0.7556700385175645,-1.1928196838125587,-0.07463096862193197,0.8900642995722592,-1.3187139136716723,0.5840413458645344,,,,,,,,,,,,,,,,,
8912896,,,,,,,,,,,,,,0.3775490673724562,1.7342072874307632,0.0013661664454502898,0.4352235710248351,3.1859099436551332,0.0039011935911048568,6.183189243078232,76.44907560944557,8.341196593431022e-05,10.324895180761814,80.06483840942383,9.386921128129444e-05,2.9361432418227196,0.13227180810645223,-0.12756876298226416,0.6060935575515032,1.0
9043968,0.3819156235549599,1.7880999157205224,0.0012076247073764534,0.4288927735760808,3.181628892198205,0.00378076135621086,-0.06555528283934109,0.8110198145732284,-1.1491549536585808,-0.07600125146564096,0.9090620232746005,-1.3332967702299356,0.570943845435977,,,,,,,,,,,,,,,,,
9043968,,,,,,,,,,,,,,0.3822942045517266,1.8080139262601733,0.0012076247073764534,0.4309141526464373,3.235194807872176,0.00378076135621086,6.118860580027103,73.87218782305717,7.729741187456618e-05,9.959928967058659,80.71765995025635,9.748074225401915e-05,2.922821259126067,0.12639223685255274,-0.12723507406190038,0.6680494153406471,1.0
9175040,0.3855383242480457,1.879174079746008,0.0017034540032909717,0.4330784813500941,3.1847837641835213,0.0043448781514143775,-0.059367857000324875,0.7665575509890914,-1.2155679007992148,-0.08423552045132965,1.0465096281841397,-1.3457583244889975,0.6546419474761933,,,,,,,,,,,,,,,,,
9175040,,,,,,,,,,,,,,0.3859470020979643,1.9288161396980286,0.0017034540032909717,0.4353157610166818,3.2708369940519333,0.0043448781514143775,5.7779751271009445,78.72642084956169,8.246535216915873e-05,10.266129426658154,80.79372191429138,0.00010742989399536995,2.8869466707110405,0.127779827977065,-0.18498374056071043,0.8521327509079129,1.0
9306112,0.3845650989096612,1.7222710372880101,0.0014753100399502728,0.4291915560606867,3.201058393344283,0.0035004130058950977,-0.04130435746628791,1.084783913102001,-1.2038654470816255,-0.09024044702528045,0.9321219832636416,-1.332806116901338,0.6680069530848414,,,,,,,,,,,,,,,,,
9306112,,,,,,,,,,,,,,0.38497709250077605,1.744884718209505,0.0014753100399502728,0.4312909706495702,3.2383014298975468,0.0035004130058950977,5.606869388371706,79.3048839867115,8.12268484502443e-05,10.093611888587475,80.41000485420227,0.00010093100256436394,2.922043727710843,0.12820756813744083,-0.14036423084326088,0.6570284438785166,1.0
9437184,0.38357052160426974,1.68404046818614,0.0016221932692133123,0.43497935752384365,3.0758099034428596,0.0037956651481181325,-0.035632576662465,0.9675657865591347,-1.2759983032010496,-0.1001509417546913,0.9498666580766439,-1.3306775279343128,0.6676399600692093,,,,,,,,,,,,,,,,,
9437184,,,,,,,,,,,,,,0.38389045698568225,1.6842103563249111,0.0016221932692133123,0.43712544068694115,3.1282157320529222,0.0037956651481181325,6.023268774151802,80.87633493542671,7.983982780115917e-05,10.674458973109722,80.08629071712494,8.886601549695783e-05,2.9442900642752647,0.13123629050096497,-0.12505287257954478,0.5196574819274247,1.0
9568256,0.3839843678288162,1.7609032057225704,0.0015160994857978949,0.4371557559352368,3.0990381333976984,0.003623675671519777,-0.024125450749124866,1.0188574474304914,-1.2428345922380686,-0.0985412978916429,0.9553105081431568,-1.3535476829856634,0.6301069927867502,,,,,,,,,,,,,,,,,
9568256,,,,,,,,,,,,,,0.38428306998685,1.7876071743667126,0.0015160994857978949,0.4395557444076985,3.16421177983284,0.003623675671519777,5.7017223462462425,78.0120333135128,8.151907016307192e-05,10.850214898586273,81.26979351043701,8.39474791485828e-05,2.9509014803916216,0.13130357675254345,-0.1252611973322928,0.6762431315146387,1.0
9699328,0.3902383213862777,1.7807402415201068,0.0018725807371993142,0.433317550458014,3.181828612461686,0.004219176873334618,-0.008862106178526119,1.0253663714975119,-1.0886993538588285,-0.10055344586726278,1.023026056587696,-1.3593270778656006,0.6170485818292946,,,,,,,,,,,,,,,,,
9699328,,,,,,,,,,,,,,0.3904382784385234,1.7807402415201068,0.0018725807371993142,0.4357414529658854,3.2563468404114246,0.0042138311845292264,5.278065796941519,73.05149108171463,7.379740281154845e-05,10.742844566702843,82.04675596952438,9.54715247996063e-05,3.000420954078436,0.13013462047092617,-0.12504536076448858,0.5796576200518757,1.0
9830400,0.3942709746770561,1.8136672405526042,0.0015229460814225604,0.4365131452213973,3.164138462394476,0.0036458189108543593,-0.018728665600065142,1.0885709002614021,-1.235728609841317,-0.0985104882856831,0.9908430385403335,-1.3544320836663246,0.6682240129448473,,,,,,,,,,,,,,,,,
9830400,,,,,,,,,,,,,,0.3945857973303646,1.8761527389287949,0.0015229460814225604,0.4391263867728412,3.2082499973475933,0.0036458189108543593,5.391172267496586,78.48008322715759,7.554692100342209e-05,10.704146936535835,81.67608696222305,7.632168080640156e-05,2.9901646841317415,0.1332246015081182,-0.12534889695234597,0.7567064268514514,1.0
9961472,0.39656109898351133,1.8611867176368833,0.0017101460550748016,0.43271153629757464,3.2086401991546154,0.003755322246433934,-0.01512162519247795,1.141685959417373,-1.2422458878718317,-0.09801567753311247,0.9269604170694947,-1.3553826259449124,0.6768498588353395,,,,,,,,,,,,,,,,,
9961472,,,,,,,,,,,,,,0.39691301970742643,1.9211802519857883,0.0017101460550748016,0.43515634862706065,3.233052846044302,0.003755322246433934,5.145029742270708,77.63648599386215,8.14953736663071e-05,10.48981623351574,81.80182194709778,8.845921264266643e-05,2.9860129803419113,0.12962877919198945,-0.15295261703431606,0.8209620821289718,1.0
10092544,0.3981037656776607,1.7387232054024935,0.0013688971025658248,0.4295869958586991,3.0808127596974373,0.0036942283741154824,-0.01848830602830276,0.9804173284210265,-1.1793460696935654,-0.0918791878502816,0.7986516882665455,-1.3573595369234681,0.6569781233556569,,,,,,,,,,,,,,,,,
10092544,,,,,,,,,,,,,,0.39842375717125833,1.7507573198527098,0.0013688971025658248,0.4321752928663045,3.108694452792406,0.0036942283741154824,4.62697559595108,76.78521221876144,7.944849186181102e-05,10.151533216238022,82.03393465280533,7.455943973888601e-05,3.0052677914500237,0.12617964635137469,-0.46893488871864974,0.6508952877484262,1.0
10223616,0.39669112395495176,1.8652571458369493,0.0013229188632521982,0.4288634385447949,3.0796099975705147,0.003834811319848086,-0.009425474218005547,0.9069887432269752,-1.1209740731865168,-0.08706648735096678,0.8168993848375976,-1.34221550822258,0.7006655700970441,,,,,,,,,,,,,,,,,
10223616,,,,,,,,,,,,,,0.39705395442433655,1.9191677905619144,0.0013229188632521982,0.43135525076650083,3.12680353410542,0.003834811319848086,4.4609603099524975,74.35438197851181,7.713521182051153e-05,10.066618382930756,81.11749136447906,8.299595094363177e-05,2.9740673191845417,0.12697665073210374,-0.20478166500106454,0.8353999434038997,1.0
10354688,0.4071253570728004,1.7345555080100894,0.0015313212387582098,0.43461955385282636,3.099507974460721,0.003788305859416141,-0.005408483866659708,1.0512488270178437,-1.0822549131698906,-0.08629994973307475,0.8167449976317585,-1.3527467334643006,0.7090806933119893,,,,,,,,,,,,,,,,,
10354688,,,,,,,,,,,,,,0.4073685687035322,1.7564581967890263,0.0015313212387582098,0.436925953021273,3.1251521930098534,0.003788305859416141,4.433710992336273,72.60728392004967,7.673982028055804e-05,9.885478898882866,81.8503121137619,8.249096306567338e-05,2.9448067508637905,0.1248788355733268,-0.1253651794977486,0.6074186197947711,1.0
10485760,0.4074486126191914,1.75922148860991,0.001581287359158523,0.4327876325696707,3.0920497216284275,0.0035131763372646674,-0.007843090440701417,1.1867535877972841,-1.1158730420283973,-0.09448486525798216,0.7773718419484794,-1.3526546573266387,0.704359132796526,,,,,,,,,,,,,,,,,
10485760,,,,,,,,,,,,,,0.4077855236828327,1.783733825199306,0.001581287359158523,0.4355798293836415,3.14588581584394,0.0035131763372646674,4.622784938663244,76.95479968190193,8.114205934295349e-05,10.094858184456825,82.06851971149445,7.836900687419046e-05,2.9905673377215862,0.12694905296666548,-0.1251727903727442,0.6001704207155854,1.0
10616832,0.41642145928926766,1.7492545070126653,0.001448604007123322,0.4318852610886097,3.115807658061385,0.0036393318491718674,-0.016465579137729947,0.9983252426609397,-1.156861510593444,-0.09264244162477553,0.8548247944563627,-1.3521746592596173,0.7303262266796082,,,,,,,,,,,,,,,,,
10616832,,,,,,,,,,,,,,0.41671244241297245,1.7708670319989324,0.001448604007123322,0.4344875884708017,3.159474043175578,0.0036393318491718674,4.473163485527039,76.58841699361801,6.368673486845111e-05,10.105541065335274,82.02652072906494,7.754125539602419e-05,2.971630223095417,0.12853997311322019,-0.12512719025835395,0.5832390857394785,1.0
10747904,0.42452106229029596,1.788576521910727,0.00214339988087886,0.4329554291907698,3.1431599352508783,0.003810441352925409,-0.021550204801314976,0.8376636831089854,-1.178259616252035,-0.09199733519926667,0.771765495184809,-1.3441270543262362,0.6973003174643964,,,,,,,,,,,,,,,,,
10747904,,,,,,,,,,,,,,0.4704213856340765,1.8064080214762426,0.004561400302898639,0.4167077576045643,3.141728966732274,0.0029819125827618715,3.5162832042276553,70.39869891729329,6.160052554072436e-05,9.397603649949236,76.76319830160547,7.083230814691815e-05,3.022588911619815,0.12481063613309883,-0.12495537957811094,0.6117250705240193,1.0
10878976,0.42352354479953647,1.9461164874956012,0.0018552661563262518,0.4351352849043906,3.0819151513278484,0.0035968317229162494,-0.0066789356378649245,0.9824169804342091,-1.1338271936401725,-0.09121210617013276,0.8513599997386336,-1.342987502925098,0.7085029121953994,,,,,,,,,,,,,,,,,
10878976,,,,,,,,,,,,,,0.423963027773425,2.0141605362296104,0.0018552661563262518,0.4378571172710508,3.116653773933649,0.0035968317229162494,4.256842395290732,76.84460496902466,6.87997984316624e-05,9.932117238640785,81.52332752943039,7.717036651966325e-05,2.9454928003251553,0.12910971138626337,-0.12511813547462225,0.7548410391900688,1.0
11010048,0.42538076476193964,1.9920013565570116,0.0023870654000575087,0.4398742427583784,3.1094928346574306,0.00425302637211189,-0.008645418365631485,0.8484792457893491,-1.1581587679684162,-0.09077738411724567,0.9954705382697284,-1.3388622626662254,0.6440069784875959,,,,,,,,,,,,,,,,,
11010048,,,,,,,,,,,,,,0.425973953679204,2.0936188166961074,0.0023870654000575087,0.44289292115718126,3.1909221932291985,0.00425302637211189,4.453125158324838,79.2673108279705,6.601989359200644e-05,9.865430139005184,81.57209134101868,9.916059447334646e-05,2.9176597576588392,0.1309704256709665,-0.12524996302090585,0.9761766546871513,1.0
11141120,0.419033857062459,1.829127263277769,0.0017619374849573433,0.4311385517939925,3.098681051284075,0.0035099239489682077,-0.0042244955691614905,0.9304391415789723,-1.1471201912499964,-0.09093412337824702,0.9988839915022254,-1.339590098708868,0.6662622061558068,,,,,,,,,,,,,,,,,
11141120,,,,,,,,,,,,,,0.419494521105662,1.870565427467227,0.0017619374849573433,0.4339850132819265,3.1420853566378355,0.0035099239489682077,4.254371993243694,77.3271998167038,7.475254155142608e-05,9.911498002707958,81.42384934425354,8.262796601510303e-05,2.958940703421831,0.12889162695501,-0.1256202426739037,0.7687681221868843,1.0
11272192,0.41829570895060897,1.858590880408883,0.0016072154130597482,0.43138687685132027,3.1585008278489113,0.003456244603739833,-0.0018787205286230346,1.0763551243580878,-1.135175483301282,-0.08755658572772518,1.0104639288038015,-1.3396729547530413,0.6811921836342663,,,,,,,,,,,,,,,,,
11272192,,,,,,,,,,,,,,0.41888957493938506,1.9360807575285435,0.0016072154130597482,0.43430953985080123,3.214774077758193,0.003456244603739833,4.518801528960466,77.62805438041687,7.223553503277191e-05,9.767218932509422,81.88668084144592,9.008424392775716e-05,2.9344349335879087,0.12866547488374636,-0.1416041546035558,0.7962781500536948,1.0
11403264,0.4191379463300109,1.7590190721675754,0.001967179043958822,0.4348399816080928,3.0988560449332,0.003985699298482359,-0.002744729178967731,0.9162615304812789,-1.2062004832550883,-0.08167082816362381,0.9174971058964729,-1.3435747465118766,0.6932415675837547,,,,,,,,,,,,,,,,,
11403264,,,,,,,,,,,,,,0.41953399567864835,1.7941332794725895,0.001967179043958822,0.4376185971777886,3.156053088605404,0.003985699298482359,4.419222488999367,77.41070982813835,6.153375613227041e-05,9.64850452542305,81.4029688835144,8.073362204230605e-05,2.9397964272648096,0.12843969836831093,-0.18453420232981443,0.7958204753231257,1.0
11534336,0.42804449796676636,1.7900083297863603,0.00212624991058874,0.4396529665682465,3.125100454315543,0.004325204021370155,-0.0010758763954754613,1.0307595147751272,-1.182515237480402,-0.07782814331585541,0.8281945306807756,-1.3499001935124397,0.7023715870454907,,,,,,,,,,,,,,,,,
11534336,,,,,,,,,,,,,,0.42849023290909827,1.8287106705829501,0.00212624991058874,0.44254565378651023,3.1788714677095413,0.004325204021370155,4.4399766474962234,78.0381492972374,7.025481368927444e-05,9.75814663618803,81.88473337888718,7.944759241762522e-05,2.9798422157764435,0.12839205673662946,-0.18348601087927818,0.7192054477054626,1.0
11665408,0.42869679583236575,1.757547777146101,0.0035784215724561363,0.43646130827255547,3.0691138841211796,0.0050061608749274455,-0.005129690060812209,0.7925829142332077,-1.1055383342318237,-0.08059542218688875,0.757939272094518,-1.3524427497759461,0.6808591648004949,,,,,,,,,,,,,,,,,
11665408,,,,,,,,,,,,,,0.4290399190504104,1.7866919711232185,0.0035784215724561363,0.43930566450580955,3.1217784713953733,0.0050061608749274455,3.846371268853545,73.08647337555885,7.154595935521257e-05,9.700153805315495,82.11676144599915,8.431337028369512e-05,2.978895243257284,0.1295011992333457,-0.15278105158358812,0.6770149485673755,1.0
11796480,0.44156865566037595,1.9100649924948812,0.002799628490492978,0.4380235106218606,3.0850083380937576,0.004744362112433009,-0.007532281610110658,0.9451700281351805,-1.0619367235340178,-0.07882073416840285,0.8273234572261572,-1.349941324442625,0.7342303795740008,,,,,,,,,,,,,,,,,
11796480,,,,,,,,,,,,,,0.44203230272978544,1.9826445393264294,0.002799628490492978,0.4411099390126765,3.1071621254086494,0.004744362112433009,4.081570507958531,74.43401324748993,6.282911539656766e-05,9.509615883231163,81.99020105600357,8.801324821261503e-05,2.98187536932528,0.12836809339933097,-0.12509362259879708,0.8719139161985368,1.0
11927552,0.43655916792340577,1.7913869908079505,0.0017963442708150978,0.4380398499779403,3.0969976987689734,0.003927055329768336,-0.015047504224639852,0.8607347426004708,-1.087817985098809,-0.07348429941339418,0.8771394728682935,-1.350553659722209,0.7090521992649883,,,,,,,,,,,,,,,,,
11927552,,,,,,,,,,,,,,0.4369958012830466,1.8419624725356698,0.0017963442708150978,0.4409322130959481,3.1223572585731745,0.003927055329768336,4.004936724901199,73.44670686125755,6.65970354516432e-05,9.413714602589607,82.22388768196106,8.675502681332325e-05,2.986193675547838,0.12754647462861612,-0.12529702438041568,0.8904486843384802,1.0
12058624,0.4341761306859553,1.7964412849396467,0.001583503314122936,0.4454694779124111,3.0589236468076706,0.004177296134002972,-0.020734203040774446,0.9407822862267494,-1.1818419639021158,-0.07655871257884428,1.044490781147033,-1.3534320099279284,0.6961126748938113,,,,,,,,,,,,,,,,,
12058624,,,,,,,,,,,,,,0.4345776664558798,1.8394258748739958,0.001583503314122936,0.44843664206564426,3.113624846562743,0.004177296134002972,4.366409037262201,75.59244278073311,7.405533545312704e-05,9.854008063673973,82.13449966907501,9.079670946299245e-05,3.0136196985840797,0.13451424683444202,-0.12576004047878087,0.7039355291053653,1.0
12189696,0.4298153498675674,1.8582430761307478,0.0010661382302714628,0.44749876530840993,3.0976635459810495,0.00380805932718431,-0.01920431319013005,0.9524792665615678,-1.051428773906082,-0.08334346499759704,1.0472211292944849,-1.367626897059381,0.6838351213373244,,,,,,,,,,,,,,,,,
12189696,,,,,,,,,,,,,,0.43004193785600364,1.9058272670954466,0.0010661382302714628,0.45032311300747097,3.1337136682122946,0.00380805932718431,4.407428074628115,72.20628902316093,6.197940516283751e-05,10.473330430686474,82.4465469121933,6.885600511313816e-05,3.0107504837214947,0.1362329616677016,-0.12508605024777353,0.8341009677387774,1.0
12320768,0.42548699700273573,1.7608131300657988,0.0014055960186851735,0.45070379110984504,3.0251483470201492,0.004404129113027011,-0.024833095842041075,0.9431612729094923,-1.17762541025877,-0.09801503462949768,0.7774931765161455,-1.3638234753161669,0.6500261940527707,,,,,,,,,,,,,,,,,
12320768,,,,,,,,,,,,,,0.42564524058252573,1.8050703229382634,0.0014055960186851735,0.4533965066075325,3.065911615267396,0.004394728877741727,4.845059294253588,74.45473623275757,7.639923458135911e-05,10.8058016076684,82.30851656198502,8.600559757243609e-05,3.0124633442610502,0.13569702545646578,-0.12522061076015234,0.6915436019189656,1.0
12451840,0.42009610985405743,1.8651537038385868,0.0014334032293845667,0.4479394615627825,3.1162318773567677,0.004932565062063077,-0.026173614503932185,1.0597729505971074,-1.2386084953323007,-0.11514312057988718,0.7733235931955278,-1.3662032345309854,0.6691335770301521,,,,,,,,,,,,,,,,,
12451840,,,,,,,,,,,,,,0.4202390410937369,1.932909599505365,0.0014334032293845667,0.45059742289595306,3.141164008527994,0.004932565062063077,5.088994733989239,76.72326442599297,8.088755595725416e-05,11.492713570594788,82.19876891374588,7.096977531517723e-05,3.02344692312181,0.1365755838342011,-0.12544732983224094,0.7672515392769128,1.0
12582912,0.4307563442271203,1.7781112054362893,0.003183298863177697,0.4469775513280183,3.1403399016708136,0.004663745314928747,-0.01979666842817096,1.1345506138168275,-1.213530463166535,-0.10742056870367378,0.8060165266506374,-1.3657773146405816,0.7008596404921263,,,,,,,,,,,,,,,,,
12582912,,,,,,,,,,,,,,0.43083748570643365,1.7947244737297297,0.003183298863177697,0.4494667244143784,3.1702942214906216,0.004663745314928747,4.828847914934158,76.8320023715496,6.860450772583349e-05,11.149646900594234,82.00378262996674,7.537543331803676e-05,2.998577520251274,0.13387969112955034,-0.1250699379015714,0.6195476043503731,1.0
12713984,0.43308227555826306,1.8127637458965182,0.002087481742023556,0.4454158400185406,3.1422633305191994,0.003999653722871699,-0.009222177149240451,1.050836923532188,-1.172915430739522,-0.11001615662826225,0.7516693836078048,-1.3628479074686766,0.7198406341485679,,,,,,,,,,,,,,,,,
12713984,,,,,,,,,,,,,,0.4332354301586747,1.82642166223377,0.002087481742023556,0.4483543939422816,3.177185932174325,0.003999653722871699,4.447418112307787,75.93329185247421,7.389283913039613e-05,10.74193025380373,82.39597767591476,6.207837786281756e-05,2.9998293668031693,0.13310663704760373,-0.1252708008978516,0.6301869170274585,1.0
12845056,0.43574240640737116,1.8218684792518616,0.0018339960629418783,0.44213360780850053,3.120232753455639,0.004448574222806201,-0.0022347407405050035,1.0346680339425802,-1.0531965014524758,-0.10298672819044441,0.7800486572086811,-1.3629204789176583,0.6983525180257857,,,,,,,,,,,,,,,,,
12845056,,,,,,,,,,,,,,0.43592485995031893,1.86457802914083,0.0018339960629418783,0.44502564473077655,3.1443564034998417,0.004448574222806201,4.122838776558638,72.26266089081764,6.607236033828734e-05,10.341897927224636,82.26778399944305,6.834442914005479e-05,2.9952306747436523,0.12992381735239178,-0.14978741062805057,0.737984971376136,1.0
12976128,0.43840879015624523,1.9083668356761336,0.002026824915674297,0.4437323452439159,3.108714209869504,0.004701195349525733,-0.003692171893106888,0.9545277263969183,-1.013604964595288,-0.09477420838084072,0.8303280710242689,-1.358081290498376,0.6801394377835095,,,,,,,,,,,,,,,,,
12976128,,,,,,,,,,,,,,0.4387402792926878,1.964874411933124,0.002026824915674297,0.4467177374754101,3.1372166350483894,0.004701195349525733,4.091395070776343,71.60870215296745,6.438757296400865e-05,9.987976044416428,82.3540530204773,7.216861591041734e-05,2.9601124227046967,0.13009147602133453,-0.1252394411712885,0.7175736546050757,1.0
13107200,0.44318747078068554,1.8251736694946885,0.002513406155685516,0.4382237803656608,3.0410939380526543,0.004707480789420515,-0.004181102945523207,0.9265702273696661,-1.1863742927089334,-0.08459994645090774,1.0929983593523502,-1.3505888730287552,0.726712110452354,,,,,,,,,,,,,,,,,
13107200,,,,,,,,,,,,,,0.4435767463874072,1.8639453621581197,0.002513406155685516,0.44130253070034087,3.064898381009698,0.004707480789420515,4.121000204235315,76.07160970568657,6.484794687700024e-05,9.461275540292263,82.00810503959656,6.891062329561493e-05,2.9757441338151693,0.1285770331742242,-0.1251063346862793,0.6843436064664274,1.0
13238272,0.44559674779884517,1.7418531635776162,0.0025103559030412725,0.4383121612481773,3.048456644639373,0.0045005044903518865,-0.009800766325497534,0.8690661042928696,-1.1144991824403405,-0.0838501327089034,0.8903014194220304,-1.3583269072696567,0.7259489165153354,,,,,,,,,,,,,,,,,
13238272,,,,,,,,,,,,,,0.4459989813622087,1.7599124209955335,0.0025103559030412725,0.44145728345029056,3.076689539477229,0.0045005044903518865,4.075829710811377,75.3767640888691,6.267744913657225e-05,9.45343016833067,82.56896966695786,5.870860171830472e-05,2.9643663484603167,0.12903276103315875,-0.12555581820197403,0.5994500033557415,1.0
13369344,0.45359627180732787,1.832159879617393,0.003947508473402195,0.45165630686096847,3.050748834386468,0.005237451674020122,-0.015035971354905087,0.9952671849168837,-1.1490168166346848,-0.07167200685944408,0.7684325519949198,-1.3474652115255594,0.7135095244739205,,,,,,,,,,,,,,,,,
13369344,,,,,,,,,,,,,,0.5218431039989649,1.8616606149372164,0.005330255681046465,0.4377407105127861,3.0555956973643092,0.003858795566754582,3.3375670377313478,72.30182254034003,6.045503991129726e-05,9.168456708714315,77.94377688203866,6.35055845132074e-05,3.023796973647652,0.1297420651554693,-0.12526479248817152,0.6891366186459641,1.0
13500416,0.4418853942770511,1.887914721854031,0.003170071571275912,0.4564189480151981,3.1595223508775234,0.004343259432516788,-0.026630444241163787,0.8465782704297453,-1.1556381648406386,-0.0828364624758251,0.8445395426824689,-1.3520921589806676,0.6646140425582416,,,,,,,,,,,,,,,,,
13500416,,,,,,,,,,,,,,0.44225790444761515,1.9545402014628053,0.003170071571275912,0.45949857612140477,3.200612962245941,0.004343259432516788,4.63230262696743,76.45882475376129,7.952806101063636e-05,9.945467181503773,82.3357772231102,8.27783931758308e-05,2.9916152581572533,0.13816974614746869,-0.12517984211444855,0.7699531586840749,1.0
13631488,0.43899629916995764,1.6884133974090219,0.002486600815473139,0.45503596775233746,3.0952034071087837,0.00454671012585095,-0.03349005812196992,0.9848390161059797,-1.0853000236675143,-0.08276598650263622,0.78018489619717,-1.3575342195108533,0.6532954266294837,,,,,,,,,,,,,,,,,
13631488,,,,,,,,,,,,,,0.4392365461681038,1.6884133974090219,0.002486600815473139,0.4577501881867647,3.106165511533618,0.00454671012585095,4.7384156584739685,75.36669662594795,7.796235514878624e-05,9.6528899371624,82.10610431432724,7.368831676757281e-05,2.93225734308362,0.13624080189038068,-0.14811288961209357,0.48352552973665297,1.0
13762560,0.43639973062090576,1.7500437246635556,0.0018126873769688245,0.45505316322669387,3.1319840122014284,0.004336298278758477,-0.03647531631577294,0.9560724380426109,-1.1024269531480968,-0.09176194336032495,0.8719884171150625,-1.358339101076126,0.6660064151510596,,,,,,,,,,,,,,,,,
13762560,,,,,,,,,,,,,,0.4367018707562238,1.7960221767425537,0.0018126873769688245,0.4578867855016142,3.1630623918026686,0.004336298278758477,4.9304503835737705,72.60990488529205,7.402705563941403e-05,10.019039504230022,82.37543660402298,9.343871208011834e-05,2.8772411663085222,0.1385492798872292,-0.1250977914314717,0.7119848006404936,1.0
13893632,0.44859597249887884,1.7937309462577105,0.0033358523505739868,0.45144773181527853,3.139056857675314,0.004700608740222378,-0.02973127443692647,0.9490756238810718,-1.1179486359469593,-0.09024353441782296,0.7432862049899995,-1.355684695765376,0.7028741957619786,,,,,,,,,,,,,,,,,
13893632,,,,,,,,,,,,,,0.44893121742643416,1.8475761180743575,0.0033358523505739868,0.45443745353259146,3.1651065684854984,0.004700608740222378,4.498647529631853,74.71523970365524,6.765805068731368e-05,9.920680776238441,82.02392512559891,8.868269360018388e-05,2.9254883490502834,0.13359279569704086,-0.19425221113488078,0.8170662545599043,1.0
14024704,0.44962277822196484,1.9457756616175175,0.00251005526206427,0.4550083870999515,3.084577638655901,0.00474938087972987,-0.028657090675551444,0.9117971155792475,-1.0447119292803109,-0.09428622329141945,0.7963937055319548,-1.3537516314536333,0.7005875026807189,,,,,,,,,,,,,,,,,
14024704,,,,,,,,,,,,,,0.4499850394204259,2.0538394451141357,0.00251005526206427,0.4579949267208576,3.108762975782156,0.00474938087972987,4.565765727311373,74.10931318998337,8.071136123644074e-05,10.113212823867798,82.19845998287201,8.522441158009819e-05,2.9446610137820244,0.13377054035663605,-0.12574424385093153,0.9784353652503341,1.0
14155776,0.4545592893846333,1.8459380008280277,0.002186667865544223,0.45098263816908,3.090456161648035,0.004221120135298406,-0.02900582658185158,0.8699970711022615,-1.0712335547432303,-0.08530306542525068,0.7901206645183265,-1.3569618221372366,0.6564816911704838,,,,,,,,,,,,,,,,,
14155776,,,,,,,,,,,,,,0.4548877908382565,1.890044342726469,0.002186667865544223,0.4539148765616119,3.1053619496524334,0.004221120135298406,4.2751385271549225,70.77953344583511,7.256241861686163e-05,9.769031278789043,82.30121564865112,7.588825997428827e-05,2.934599854052067,0.13205143838422373,-0.1253423283342272,0.7234278214164078,1.0
14286848,0.45582647644914687,1.9162054266780615,0.003345294673067656,0.4494317180942744,3.348874032497406,0.00474263755222637,-0.0267501709604403,0.89627226581797,-1.0786367780528963,-0.08292190852807835,0.8175402525812387,-1.3528150990605354,0.7189679457806051,,,,,,,,,,,,,,,,,
14286848,,,,,,,,,,,,,,0.45613244269043207,1.9681756915524602,0.003345294673067656,0.45237235678359866,3.3625673837959766,0.00474263755222637,4.357633855193853,73.62227809429169,6.800544662510788e-05,9.741677097976208,82.11282777786255,8.184931985244503e-05,2.90570405498147,0.13039180298801512,-0.1253049117513001,0.8273908738046885,1.0
14417920,0.4599096695892513,2.060106252320111,0.0024527709019821486,0.4499146523885429,3.061896413564682,0.003941864648822957,-0.028751911435392685,0.7559183910489082,-1.1209508571773767,-0.06887540538446046,0.9137578951194882,-1.3596456609666348,0.6946655095089227,,,,,,,,,,,,,,,,,
14417920,,,,,,,,,,,,,,0.4603782114572823,2.2030662912875414,0.0024527709019821486,0.45311162737198174,3.1052429284900427,0.003941864648822957,4.258199669420719,73.88914540410042,5.937873391537174e-05,9.495462894439697,82.642733335495,8.220704746642049e-05,2.901176592335105,0.13005640654591843,-0.12549221352674067,1.0224111045245081,1.0
14548992,0.458939105970785,1.7898694267496467,0.0027973749652119295,0.4492462002672255,3.013200404122472,0.004714280332336784,-0.03541513092932291,0.8367609889246523,-1.1345581263303757,-0.07446013958542608,0.7482806779444218,-1.3550481433048844,0.7195093070622534,,,,,,,,,,,,,,,,,
14548992,,,,,,,,,,,,,,0.45924979681149125,1.82769435364753,0.0027973749652119295,0.45232016569934785,3.0264124665409327,0.004714280332336784,4.4663245640695095,74.42182409763336,6.342449524243676e-05,9.717094875872135,82.0976613163948,8.387513066576702e-05,2.937831038609147,0.13185355032328516,-0.12518499698489904,0.6896905803587288,1.0
14680064,0.45948614669032395,1.7776847193017602,0.0018207538292926984,0.44346934277564287,3.091114852577448,0.00405847406545945,-0.02489116188371554,0.824125390034169,-1.0440280749462545,-0.06997629592660815,0.7853075638413429,-1.3537191655486822,0.7159100975841284,,,,,,,,,,,,,,,,,
14680064,,,,,,,,,,,,,,0.4598287690896541,1.8230223068967462,0.0018207538292926984,0.44660548446699977,3.1188226360827684,0.00405847406545945,3.982868429273367,69.16371920704842,5.623800104559429e-05,9.55895160138607,82.17886799573898,8.987686250394589e-05,2.946210091933608,0.12685549748130143,-0.1266218046657741,0.773151220055297,1.0
14811136,0.45994026330299675,1.8595530586317182,0.0025178257598099663,0.44469401077367365,3.0892394836992025,0.004689409396178235,-0.016240416585787898,0.8179262252524495,-1.0270033907145262,-0.07053831062512472,0.761023286730051,-1.3582564881071448,0.7197469067759812,,,,,,,,,,,,,,,,,
14811136,,,,,,,,,,,,,,0.4602751713246107,1.9030904602259398,0.0025178257598099663,0.4477910359855741,3.0993314310908318,0.004689409396178235,3.729057528078556,71.15672409534454,5.972432127565597e-05,9.347393803298473,82.63760310411453,7.049828039651374e-05,2.9690354019403458,0.1263699401752092,-0.12524824775755405,0.6978549847844988,1.0
14942208,0.4544025401119143,1.6829531453549862,0.002124112124874955,0.44008411560207605,3.0618992764502764,0.003784617669225554,-0.00903982077306864,0.8963816883042455,-1.0646575493738055,-0.07517259666929021,0.7418219856917858,-1.3630229644477367,0.7279582573100924,,,,,,,,,,,,,,,,,
14942208,,,,,,,,,,,,,,0.45466533582657576,1.6836684290319681,0.002124112124874955,0.4429966958705336,3.076077463105321,0.003784617669225554,3.5929146111011505,69.41619434952736,5.62550062342404e-05,9.47753681987524,82.59001702070236,6.654823746454763e-05,2.9573320150375366,0.12480803532525897,-0.12555140117183328,0.625211714534089,1.0
15073280,0.44524671393446624,1.7994744582101703,0.0024534016886264,0.4389983871951699,3.0244490802288055,0.004940396778692957,0.0012843367519934645,0.9782740911468863,-1.0179006070829928,-0.07903711462859064,0.7641376410610974,-1.3621909441426396,0.721007143612951,,,,,,,,,,,,,,,,,
15073280,,,,,,,,,,,,,,0.4455393732059747,1.8243209579959512,0.0024534016886264,0.4421265625860542,3.041548013687134,0.004940396778692957,3.7097300235182047,68.64547151327133,5.823935651527723e-05,9.668085150420666,82.67615300416946,7.806441411606357e-05,2.9696801155805588,0.12511496647493914,-0.12585129030048847,0.5448213773779571,1.0
15204352,0.44881820771843195,1.7548733409494162,0.0027587864576616994,0.44296471192501485,3.0416097082197666,0.004774245669068478,0.0058862037722065,0.9630369869992137,-0.9985816129483283,-0.08013548876624554,0.7768020336516201,-1.3622844517230988,0.7351933047175407,,,,,,,,,,,,,,,,,
15204352,,,,,,,,,,,,,,0.4492145401891321,1.802864777855575,0.0027587864576616994,0.44624607148580253,3.062851557508111,0.004774245669068478,3.841917846351862,70.59108078479767,6.254474079359085e-05,9.648012831807137,82.70480382442474,6.553311044810162e-05,3.00060828961432,0.12682947574649006,-0.12510718614794314,0.96512242523022,1.0
15335424,0.450809566071257,1.6067433059215546,0.002972798132873322,0.4382268541958183,3.0544421412050724,0.0043335159327853034,0.008188149407942547,0.9599054385907948,-0.9897886249236763,-0.0811918155523017,0.747790927067399,-1.3536249762400985,0.6909110536798835,,,,,,,,,,,,,,,,,
15335424,,,,,,,,,,,,,,0.4511425490491092,1.6071214890107512,0.002972798132873322,0.44135838584043086,3.0622973050922155,0.0043335159327853034,3.6360602490603924,70.051249563694,5.919156746791998e-05,9.457371950149536,82.48976624011993,7.755405523690584e-05,2.988484127447009,0.12403324636397883,-0.1259894638787955,0.5267250346951187,1.0
15466496,0.44978486676700413,1.748489442281425,0.0033271133005428055,0.4414775895420462,3.2078480552881956,0.004349000154434179,0.003751771052499464,0.9592776107601821,-1.053758419584483,-0.08697679970646277,0.7155207092873752,-1.3529454730451107,0.7356307811569422,,,,,,,,,,,,,,,,,
15466496,,,,,,,,,,,,,,0.4501940489280969,1.7745945826172829,0.0033271133005428055,0.4447690253145993,3.248611865565181,0.004349000154434179,3.6875366270542145,70.32536971569061,6.498987709738224e-05,9.607999823987484,82.3412002325058,7.435296225910548e-05,2.9947375301271677,0.12655108037870377,-0.12518399255350232,0.6524709132499993,1.0
15597568,0.45295862993225455,1.6957180360332131,0.0021470127271641104,0.4427391695789993,2.983740247786045,0.004813680397091957,0.00048630791496862,0.9026723490096629,-0.9523828846868128,-0.09825417160755023,0.7398228892125189,-1.360470804385841,0.6947580212727189,,,,,,,,,,,,,,,,,
15597568,,,,,,,,,,,,,,0.45332995941862464,1.7167498851194978,0.0021470127271641104,0.44581165886484087,3.010971440002322,0.004813680397091957,3.677196055650711,68.26434987783432,6.948704582754317e-05,10.086262620985508,82.71728044748306,7.901606034455e-05,2.9676869064569473,0.1260063849040307,-0.12518015666864812,0.6752437867689878,1.0
15728640,0.45397349866107106,1.767371367663145,0.0020741143615623514,0.4378303822595626,3.0708539467304945,0.004104737313355145,6.822386510241252e-05,0.8689983310177922,-0.8225359029602259,-0.10363968921592459,0.7910285759717226,-1.355937259271741,0.7005640850402415,,,,,,,,,,,,,,,,,
15728640,,,,,,,,,,,,,,0.45444875210523605,1.84559406619519,0.0020741143615623514,0.441064590588212,3.1391440108418465,0.004104737313355145,3.5535769257694483,65.34708029031754,7.6056614116915e-05,10.019292995333672,82.63618212938309,6.41248917041537e-05,2.9180636648088694,0.1239505231496878,-0.12508552940562367,0.7861341764219105,1.0
15859712,0.45481773908250034,1.7352939918637276,0.0023668426172207546,0.4347860992420465,2.955355614423752,0.00448224851879786,-0.0004631468997331467,0.8734709993004799,-0.863610323285684,-0.10951970261521637,0.7140161492861807,-1.3535540970042348,0.7147968518547714,,,,,,,,,,,,,,,,,
15859712,,,,,,,,,,,,,,0.4551675762049854,1.749657517299056,0.0023668426172207546,0.43771179439499974,2.995359741151333,0.00448224851879786,3.417428867891431,66.1156693994999,6.171820949774087e-05,10.15677747130394,82.35862869024277,6.96478238483289e-05,2.938765771687031,0.12428704142803326,-0.12528774444945157,0.6281105405651033,1.0
15990784,0.4547429766971618,1.65587876457721,0.0034415992151934915,0.42965837311930954,2.9165310245007277,0.005382243362873851,0.013022280843870249,0.9110247981734574,-0.8573990087024868,-0.1011055670096539,0.7169043477624655,-1.3546432387083769,0.7381879701279104,,,,,,,,,,,,,,,,,
15990784,,,,,,,,,,,,,,0.5074892556601829,1.7132229486500823,0.004878508360379384,0.419954774839865,3.0135783117960444,0.0034867079270402977,2.798157187447382,60.692104229580735,5.450366349119057e-05,9.816493664973077,78.28044678954468,6.218797815139309e-05,3.035891438906009,0.12061309801148516,-0.12499797978735232,0.5545561559662059,1.0
16121856,0.4483973798342049,1.712358420714736,0.00327652356395447,0.42751515400595963,3.0089994948357344,0.005096635336485633,0.020662253256887197,0.8984296168200672,-0.8168470892123878,-0.10957725869957358,0.7649864866398275,-1.356717879883945,0.7458767276257277,,,,,,,,,,,,,,,,,
16121856,,,,,,,,,,,,,,0.44893905241042376,1.764502514153719,0.00327652356395447,0.4309069407172501,3.0750173423439264,0.005096635336485633,3.648058908060193,64.4964749366045,7.241417524106453e-05,10.293303050100803,83.02289241552353,7.204187411541385e-05,2.9507347978651524,0.1257392059196718,-0.12641214323230088,0.7774431419093162,1.0
16252928,0.4482595925219357,1.7830614522099495,0.002036900094935845,0.4276766104158014,3.077364234253764,0.0036828986812906805,0.022885706057422794,0.9526729788631201,-0.8601003040093929,-0.10599045059643686,0.7862472031265497,-1.351504135876894,0.7404068820178509,,,,,,,,,,,,,,,,,
16252928,,,,,,,,,,,,,,0.4489205467980355,1.846287871710956,0.002036900094935845,0.4312177752144635,3.1212249007076025,0.0036828986812906805,3.6116260159760714,70.47898399829865,6.296552389795096e-05,10.192597337067127,82.57783871889114,7.142293528805688e-05,2.9390072282403708,0.12321649567456916,-0.12551548820920289,0.6865587467327714,1.0
16384000,0.4528635647147894,1.685272440314293,0.002213114828691687,0.42641880409792066,3.042722076177597,0.004784650457622774,0.022065011071390472,0.9490344445221126,-0.8138406102079898,-0.09989896498154849,0.7582819149829447,-1.3465432906523347,0.7520700236782432,,,,,,,,,,,,,,,,,
16384000,,,,,,,,,,,,,,0.4533854778856039,1.7141434457153082,0.002213114828691687,0.429573274217546,3.0839077327400446,0.004784650457622774,3.5101996939629316,69.00608891248703,7.023110650639097e-05,9.917533129453659,82.40760171413422,6.907751778228999e-05,2.9413728788495064,0.1220539917703718,-0.1251670231577009,0.6645245456602424,1.0
16515072,0.4624684522859752,1.6668887306004763,0.0023760518472499825,0.4306126607116312,3.0331673230975866,0.004539920029856148,0.016277793503832072,0.9512711009010673,-0.8633535448461771,-0.10963622439885512,0.7249963958747685,-1.3586854366585612,0.7533591631799936,,,,,,,,,,,,,,,,,
16515072,,,,,,,,,,,,,,0.46281541674397886,1.6850963234901428,0.0023760518472499825,0.4337519910186529,3.079395603388548,0.004539920029856148,3.524313870817423,68.54079148173332,5.7790417133829486e-05,10.321159087121487,82.37919485569,7.244475855716637e-05,2.9863959923386574,0.1236868227715604,-0.12535496335476637,0.7281247959472239,1.0
16646144,0.45863203052431345,1.6669183680787683,0.0016787630709131918,0.4304177574813366,2.954913293942809,0.0038684770686359116,0.0075507178362386185,0.8477089619264007,-1.0045757270418108,-0.12200331676285714,0.6982447118498385,-1.3599270908161998,0.7395130738150328,,,,,,,,,,,,,,,,,
16646144,,,,,,,,,,,,,,0.4589519368018955,1.688059494830668,0.0016787630709131918,0.43365926877595484,2.9903817176818848,0.0038684770686359116,3.4698090478777885,69.52378541231155,5.742973874101054e-05,10.711771667003632,82.49364483356476,7.456743092060236e-05,2.975195584818721,0.1213372906204313,-0.12527544400654733,0.5485007015522569,1.0
16777216,0.4586072638630867,1.8374460134655237,0.0022453716417203395,0.435332810273394,2.9960957411676645,0.005008085525332717,0.0011188295316060248,0.8285516863688827,-0.881873314268887,-0.12046269729034975,0.7454329975880682,-1.363364358432591,0.7221963508054614,,,,,,,,,,,,,,,,,
16777216,,,,,,,,,,,,,,0.4589807274751365,1.9243699293583632,0.0022453716417203395,0.4384188891854137,3.0197311118245125,0.005008085525332717,3.3700343426316977,61.899704962968826,5.833390743914535e-05,10.590654514729977,82.73270082473755,6.468877637660908e-05,2.992698583751917,0.12209774344228208,-0.12511821324005723,0.8649737918749452,1.0
16908288,0.46208510966971517,1.6880423948168755,0.00209366568662972,0.43402628879994154,2.982121903449297,0.005189525632886216,-0.004901879844055657,0.8000126648694277,-0.9244441986083984,-0.11683971929596737,0.6997024021111429,-1.362325632944703,0.7397817296441644,,,,,,,,,,,,,,,,,
16908288,,,,,,,,,,,,,,0.46235829684883356,1.724524712190032,0.00209366568662972,0.4369214507751167,3.025613136589527,0.005189525632886216,3.253051169216633,64.27747410535812,6.111796061203378e-05,10.60801112651825,82.77083790302277,7.04970813852901e-05,2.962918357923627,0.1213532398105599,-0.12541628256440163,0.6643667293246835,1.0
17039360,0.469124868279323,1.776880425401032,0.002624900541832176,0.43698666733689606,2.986466297879815,0.004980161953426432,-0.009129268164542736,0.8312007314525545,-0.9331030482426286,-0.11196472472511232,0.7310294508934021,-1.3596030389890075,0.7283889618702233,,,,,,,,,,,,,,,,,
17039360,,,,,,,,,,,,,,0.46946616494096816,1.8182510621845722,0.002624900541832176,0.4400558643974364,3.0407518725842237,0.004980161953426432,3.376781042665243,66.50144448876381,5.694392715316354e-05,10.424048088490963,82.72673535346985,5.507880026123235e-05,2.94470439478755,0.12313174258451909,-0.12563804374076426,0.6636914054397494,1.0
17170432,0.469269537134096,1.749039687216282,0.0028125356743657903,0.44210340781137347,3.0627429131418467,0.00462826956356821,-0.008506574661623745,0.8538463045842946,-0.903746937867254,-0.12244640634162351,0.7223757281899452,-1.365684049203992,0.7472590073011816,,,,,,,,,,,,,,,,,
17170432,,,,,,,,,,,,,,0.4695873213931918,1.7740415968000889,0.0028125356743657903,0.44538814993575215,3.1084091514348984,0.00462826956356821,3.3983182311058044,63.91547219455242,5.482264676603954e-05,10.86482097953558,82.91811722517014,6.807403500763698e-05,2.96196898072958,0.12492591014597565,-0.12552291085012257,0.6482891694176942,1.0
17301504,0.4729364775121212,1.7869564471766353,0.002953423792632748,0.4459920614026487,3.017969846725464,0.004892239356195205,-0.0059166119822791075,0.881871918682009,-0.8814871935173869,-0.1226831705425866,0.7486649719066918,-1.3616686156019568,0.755216334015131,,,,,,,,,,,,,,,,,
17301504,,,,,,,,,,,,,,0.47331425780430436,1.8462291723117232,0.002953423792632748,0.4492189863231033,3.055176191031933,0.004892239356195205,3.5645236894488335,67.71857050061226,5.317003146099175e-05,10.86708352714777,82.69005477428436,5.543201123359154e-05,2.9432456735521555,0.12516143574612215,-0.12708330107852817,0.6713336308021098,1.0
17432576,0.4713979794178158,1.7765695210546255,0.003025754635245903,0.4422814107965678,3.033283341675997,0.0052022852387381135,-0.001270723470440771,0.8177536157891154,-1.016270055435598,-0.12598413188243285,0.6994521673768759,-1.356468808837235,0.7524699722416699,,,,,,,,,,,,,,,,,
17432576,,,,,,,,,,,,,,0.47170179174281657,1.7928966507315636,0.003025754635245903,0.44529286003671587,3.0629224367439747,0.0052022852387381135,3.5544610265642405,67.73631176352501,6.707711233144842e-05,10.874737963080406,82.33748084306717,6.900547236643462e-05,2.970743138343096,0.12491811823565513,-0.12583813373930752,0.7062291495967656,1.0
17563648,0.47477401955984533,1.6286388784646988,0.002704824064380773,0.4481357953045517,3.046643378213048,0.004489648012395264,0.008339454644101352,0.9077119645662606,-0.9958587582223117,-0.12458039104240015,0.6958865970373154,-1.36095779389143,0.7207575982902199,,,,,,,,,,,,,,,,,
17563648,,,,,,,,,,,,,,0.47513939905911684,1.6635663816705346,0.002704824064380773,0.45141424145549536,3.0888379719108343,0.004489648012395264,3.6230606101453304,70.10176357626915,6.90852670156561e-05,10.959950134158134,82.8659096956253,7.149197354741621e-05,2.956457966938615,0.12482032040134072,-0.12762990361079574,0.6255552505608648,1.0
17694720,0.4787187916226685,1.85763899423182,0.004440012976374419,0.4438157563563436,3.018722787499428,0.005404055865255941,0.013569821614510147,1.0113422623835504,-1.0155244353227317,-0.12714967771898955,0.7841425011865795,-1.3556377599015832,0.7089846690651029,,,,,,,,,,,,,,,,,
17694720,,,,,,,,,,,,,,0.4792511828709394,1.9418268669396639,0.004440012976374419,0.4473677969072014,3.0554014835506678,0.005404055865255941,3.69370779953897,73.18531453609467,6.196978291894695e-05,10.992533519864082,82.55478948354721,8.386125828430124e-05,2.9409476704895496,0.12289160973159596,-0.1289489301852882,0.8342251216527075,1.0
17825792,0.47456846362911165,1.6896484792232513,0.0029385737157099356,0.4429044723510742,3.138209667056799,0.0043204928504110285,0.017297527876507957,1.0812137313187122,-1.0208479361608624,-0.12348835723241791,0.7173837721347809,-1.3548757983371615,0.7255134978331625,,,,,,,,,,,,,,,,,
17825792,,,,,,,,,,,,,,0.47514992859214544,1.7273367382586002,0.0029385737157099356,0.44654190400615335,3.1840000431984663,0.0043204928504110285,3.753546316176653,75.79493543505669,6.549812362957597e-05,10.841407395899296,82.77156656980515,7.850447463653154e-05,2.9317937698215246,0.12330992991337553,-0.12534644734114408,0.744775612372905,1.0
17956864,0.4743095254525542,1.6055270545184612,0.002318997026350189,0.44294169172644615,3.0495238713920116,0.004893077945780533,0.014795291011978406,0.9063393310643733,-0.9337048335000873,-0.11950090317986906,0.7091946913860738,-1.350047449581325,0.7371054082177579,,,,,,,,,,,,,,,,,
17956864,,,,,,,,,,,,,,0.4747993890196085,1.6204081736505032,0.002318997026350189,0.4465549362357706,3.110171850770712,0.004893077945780533,3.5123698618263006,69.53030070662498,6.257503815332299e-05,10.87299244850874,82.51197654008865,7.824249275067974e-05,2.9283323418349028,0.12452001078054309,-0.12599275913089514,0.6396948986221105,1.0
18087936,0.48044668743386865,1.7204927057027817,0.003167899962136289,0.44551385659724474,3.0846778750419617,0.0053790287643096235,0.021675235555449035,1.0403693839907646,-0.9454067274928093,-0.11628469842253253,0.7557752220891416,-1.3531389432027936,0.7470797328278422,,,,,,,,,,,,,,,,,
18087936,,,,,,,,,,,,,,0.48099681944586337,1.7537062373012304,0.003167899962136289,0.449306296184659,3.1572052985429764,0.0053790287643096235,3.847456121817231,73.09663125872612,6.28232852601801e-05,10.840971380472183,82.71390223503113,6.130017206545935e-05,2.952479099854827,0.12493057653773576,-0.12542390916496515,0.7602883640211076,1.0
18219008,0.48807575553655624,1.7709041740745306,0.002678683581848418,0.445835868595168,3.1346237771213055,0.0050787664526978915,0.01882895860762801,0.9273811643943191,-0.9274703331757337,-0.11024325992912054,0.7691254406236112,-1.3558272738009691,0.7507117348723114,,,,,,,,,,,,,,,,,
18219008,,,,,,,,,,,,,,0.4886643774807453,1.8379938742145896,0.002678683581848418,0.44953199359588325,3.187104532495141,0.0050787664526978915,3.645422898232937,70.53281125426292,5.882967308146192e-05,10.625407569110394,82.81727081537247,6.93018062082329e-05,2.920953432098031,0.12357253191294149,-0.1315145471598953,0.9032247301656753,1.0
18350080,0.48726930818520486,1.825813471339643,0.0033853566351353948,0.44590824167244136,3.060883741825819,0.00521396614749392,0.015545035465038382,0.9646931127645075,-0.9063813311513513,-0.10765863698907197,0.7574426885694265,-1.3557270215824246,0.7652378142811358,,,,,,,,,,,,,,,,,
18350080,,,,,,,,,,,,,,0.4876878506038338,1.8811296317726374,0.0033853566351353948,0.4494829587638378,3.086716281250119,0.00521396614749392,3.649491874501109,71.42378634214401,5.8164653360393004e-05,10.467946656048298,82.70394587516785,6.834223671227206e-05,2.9707673471421003,0.12226247723447159,-0.12512679141946137,0.6935879895463586,1.0
18481152,0.49260987620800734,1.6864891173318028,0.003227976885455064,0.4440346809569746,2.988629439845681,0.0058339531688034185,0.0118036519488669,0.8769197938963771,-1.0547569282352924,-0.10435791802592576,0.7013037255965173,-1.3587311515584588,0.7709525772370398,,,,,,,,,,,,,,,,,
18481152,,,,,,,,,,,,,,0.4928869886789471,1.7076521441340446,0.003227976885455064,0.4472390424925834,3.0291914772242308,0.0058339531688034185,3.57600661739707,69.37640526890755,5.513230089989121e-05,10.505281336605549,82.69149976968765,6.880868666048201e-05,2.957218771800399,0.12140375102171674,-0.1252924611326307,0.5898545775562525,1.0
18612224,0.4899261202663183,1.698418939486146,0.0031214824457492796,0.4406479010358453,2.974143147468567,0.004877234691321064,0.014331297890748829,0.8823783611878753,-0.8260279737878591,-0.09251567081082612,0.7009004754945636,-1.3603171771392226,0.7612359533086419,,,,,,,,,,,,,,,,,
18612224,,,,,,,,,,,,,,0.5523477382548563,1.6916969047634156,0.005427688490152042,0.43134264252916144,3.009763161395932,0.004401468160942166,2.5579103677825246,58.007898937787985,5.024775813796349e-05,9.707502840886374,78.7668383426473,5.199999095339237e-05,3.047550536119021,0.11705754664061326,-0.12491063589414397,0.5220918686507823,1.0
18743296,0.49181157164275646,1.7116825133562088,0.0025234229101442907,0.4464117137249559,3.081246145069599,0.004856341450249602,0.01331045768893091,0.8826578799635172,-0.9820322818122804,-0.09451970568625256,0.7147493520751595,-1.361212257295847,0.7563234174158424,,,,,,,,,,,,,,,,,
18743296,,,,,,,,,,,,,,0.49207482067868114,1.746259968727827,0.0025234229101442907,0.44970963755622506,3.106569979339838,0.004856341450249602,3.4630627762526274,69.74597743153572,6.226384466223589e-05,10.205936655402184,82.82880407571793,5.63551049240444e-05,2.9842580799013376,0.12377858167747036,-0.1251096019987017,0.6731554321013391,1.0
18874368,0.49140194756910205,1.7783384742215276,0.0016425469828220685,0.444292078493163,3.033090243116021,0.0044658925080511835,0.0116364622299443,0.8694121930748224,-1.0604697531089187,-0.0886000239988789,0.7489342312328517,-1.3600555881857872,0.7414570306427777,,,,,,,,,,,,,,,,,
18874368,,,,,,,,,,,,,,0.49168275902047753,1.830431959591806,0.0016425469828220685,0.44759479933418334,3.0546415839344263,0.0044658925080511835,3.389676170423627,70.8369693160057,5.840906285814462e-05,10.020554274320602,82.64906859397888,6.822201952361162e-05,2.984965443611145,0.12480869056889787,-0.1252153341192752,0.7047074281144887,1.0
19005440,0.4926079723518342,1.7666085744276643,0.003943980948406534,0.4466789353173226,3.039403423666954,0.005470156760111422,0.011890547630173387,0.9013643157668412,-0.9897319511510432,-0.08944358391454443,0.7655119472183287,-1.364465487189591,0.7194473254494369,,,,,,,,,,,,,,,,,
19005440,,,,,,,,,,,,,,0.492969642393291,1.8249992253258824,0.003943980948406534,0.4502360485494137,3.0709544494748116,0.005470156760111422,3.511176625266671,69.21054962277412,6.382765579893146e-05,10.200096808373928,83.28145015239716,6.168695492947407e-05,2.990253034979105,0.12439322227146477,-0.1250639669597149,0.8630042946897447,1.0
19136512,0.49017285113222897,1.7852231431752443,0.0035329097904650553,0.44308375706896186,3.0015136003494263,0.005013125545247021,0.010738057135313284,0.8858267324976623,-0.8574616480618715,-0.08850182552123442,0.7457442344166338,-1.3586977561935782,0.7241892323363572,,,,,,,,,,,,,,,,,
19136512,,,,,,,,,,,,,,0.4905438332352787,1.8277128925547004,0.0035329097904650553,0.4465798216406256,3.022784747183323,0.005013125545247021,3.3844729233533144,66.78002914786339,6.996755131538634e-05,9.984468713402748,83.08913165330887,6.97447248119154e-05,2.963490651920438,0.12388136627851054,-0.12512441142462194,0.6391957940068096,1.0
19267584,0.497665285365656,1.769270945340395,0.0038183730450782605,0.4447100795805454,3.102270159870386,0.005856890634277079,0.007086180323312874,0.8123287605121732,-1.0302482689730823,-0.09161982830846682,0.7626274968497455,-1.3623031824827194,0.7392079848796129,,,,,,,,,,,,,,,,,
19267584,,,,,,,,,,,,,,0.4980486040003598,1.818888971582055,0.0038183730450782605,0.4483741004951298,3.1421719025820494,0.005856890634277079,3.3671661373227835,70.65067875385284,5.7399660004620046e-05,10.007234595716,83.01381140947342,6.750977848524187e-05,2.969871027395129,0.12211145827313885,-0.12564597511664033,0.8681016156915575,1.0
19398656,0.4948992340359837,1.7820943668484688,0.003862986814283431,0.4433680863585323,3.067449375987053,0.005701998331460345,0.009002577140563517,0.8315108437091112,-0.8880063211545348,-0.09606562537373975,0.7515917178243399,-1.3565844828262925,0.7562367143109441,,,,,,,,,,,,,,,,,
19398656,,,,,,,,,,,,,,0.49534329515881836,1.809631822630763,0.003862986814283431,0.44687630515545607,3.1329759545624256,0.005701998331460345,3.3165409862995148,64.64523154497147,6.294520003757853e-05,9.960945092141628,82.9344876408577,6.715149167724199e-05,2.9732101298868656,0.1213629805133678,-0.12513437075540423,0.6754277350846678,1.0
19529728,0.4943434779997915,1.825763619504869,0.004002961041351227,0.4449766296893358,3.0430223252624273,0.005767150515339381,0.0039060432568476244,0.9334982330910861,-0.8774420733097941,-0.10092804953455925,0.7367312777787447,-1.3552277209237218,0.7619056128896773,,,,,,,,,,,,,,,,,
19529728,,,,,,,,,,,,,,0.49475517962127924,1.8877088846638799,0.004002961041351227,0.4484084981959313,3.0730044208467007,0.005767150515339381,3.2389332447201014,69.31771740317345,5.536843541742442e-05,10.155341409146786,82.58283960819244,6.404631085255019e-05,2.979589940980077,0.12057336530415341,-0.1252608778886497,0.7496908211614937,1.0
19660800,0.4963005476165563,1.6372267454862595,0.0030168737521307776,0.44364257459528744,3.0343680698424578,0.005532331412041458,0.004095117062661302,0.8929085289128125,-0.9085319344885647,-0.1018818364245817,0.7296724542975426,-1.3588004698976874,0.7684611943550408,,,,,,,,,,,,,,,,,
19660800,,,,,,,,,,,,,,0.49662034888751805,1.6475516259670258,0.0030168737521307776,0.4470557486638427,3.0514518879354,0.005532331412041458,3.184310322627425,67.30750970542431,6.285294957941723e-05,10.26897644996643,82.9478172659874,5.838293302917741e-05,2.95565228164196,0.12111022241879255,-0.1262826130259782,0.548304139636457,1.0
19791872,0.4933997900225222,1.8117489507421851,0.0023268953347042043,0.4378962661139667,3.074692264199257,0.005366649445022631,0.006205918118666887,0.7332736479584128,-0.9311421769671142,-0.10821361211128533,0.7698254683054984,-1.3567676367238164,0.7599097220227122,,,,,,,,,,,,,,,,,
19791872,,,,,,,,,,,,,,0.49387712590396404,1.8970351377502084,0.0023268953347042043,0.441472310340032,3.120617175474763,0.005366649445022631,3.1270639039576054,67.65772205591202,5.4930172141198774e-05,10.452507592737675,82.77914190292358,6.142213412596575e-05,2.9715394619852304,0.12102059129392728,-0.12535885791294277,0.8149605744984001,1.0
19922944,0.4877322120591998,1.7995789889246225,0.0029885679171002266,0.4358896859921515,3.031477615237236,0.005089303037493664,0.00949142561876215,0.8975301454775035,-0.8349783387966454,-0.11853715288452804,0.7199898324906826,-1.361200898885727,0.7360234400257468,,,,,,,,,,,,,,,,,
19922944,,,,,,,,,,,,,,0.48805817938409746,1.849029098637402,0.0029885679171002266,0.43927869643084705,3.0800302661955357,0.005089303037493664,3.2721309680491686,65.37785238027573,4.961635092537442e-05,10.648493401706219,82.82205706834793,5.8390552588827305e-05,2.9402785319834948,0.11829188605770469,-0.12553239078260958,0.648687532171607,1.0
20054016,0.48421910405158997,1.7109616361558437,0.003549452715787993,0.42976645776070654,3.0070883370935917,0.005158525926162838,0.007168703412389732,0.8774828617461026,-1.0227044192142785,-0.12248076085234061,0.7032362171448767,-1.3580147149041295,0.7555329343304038,,,,,,,,,,,,,,,,,
20054016,,,,,,,,,,,,,,0.4845385125372559,1.7114051962271333,0.003549452715787993,0.4331031609326601,3.0287554524838924,0.005158525926162838,3.284205388277769,70.71857324242592,5.480576258487524e-05,10.784819930791855,82.62511897087097,7.267926184340023e-05,2.9695438016206026,0.11749555234564468,-0.1254646077286452,0.5564730726182461,1.0
20185088,0.49183776043355465,1.693538572639227,0.00353599049026343,0.43614698154851794,2.975255062803626,0.005402755526574765,0.010068250288895797,0.8854775512591004,-0.816194199025631,-0.11216931027593091,0.7044375347904861,-1.3622631467878819,0.745650437194854,,,,,,,,,,,,,,,,,
20185088,,,,,,,,,,,,,,0.4921565663535148,1.693538572639227,0.00353599049026343,0.43951229797676206,3.0072180926799774,0.005402755526574765,3.125739937648177,66.26017200946808,5.419532095662927e-05,10.477692514657974,83.18627691268921,6.460796424523352e-05,2.956728085875511,0.11756888095987961,-0.12569728633388877,0.4792923529166728,1.0
20316160,0.49820140842348337,1.6451482605189085,0.0024540699573663005,0.43952322006225586,3.1093119475990534,0.005567713794789597,0.006595976300786788,0.8327259756624699,-0.9243983058258891,-0.10882165061775595,0.7067673420533538,-1.3564604427665472,0.7552886134944856,,,,,,,,,,,,,,,,,
20316160,,,,,,,,,,,,,,0.4985449849627912,1.655208413489163,0.0024540699573663005,0.4430096938740462,3.1557856239378452,0.0055592970470570435,3.1787595208734274,66.21321633458138,5.537633083729787e-05,10.335563756525517,82.92221826314926,6.822041997836537e-05,2.9467381611466408,0.11944163456792012,-0.12640165979973972,0.666440880857408,1.0
20447232,0.5025770657230169,1.775392391718924,0.0018755687196971849,0.4419419823680073,3.0536974295973778,0.0039256557815861015,0.006997147937624959,0.9211472677998245,-0.9777127846609801,-0.1084603401250206,0.7176586310379207,-1.3604450151324272,0.756226765923202,,,,,,,,,,,,,,,,,
20447232,,,,,,,,,,,,,,0.5028777471743524,1.797416883520782,0.0018755687196971849,0.44551111687906086,3.0894805025309324,0.0039256557815861015,3.0921926982700825,69.82161870598793,5.419809329415548e-05,10.527928166091442,83.00129699707031,6.510837018280924e-05,2.9447772931307554,0.11900247988523915,-0.12668564752675593,0.6256592401769012,1.0
20578304,0.502519108587876,1.7450761124491692,0.0031169516103091155,0.44175462890416384,3.0145151522010565,0.005255264851939501,0.010279144655214623,0.8712056213989854,-0.7957559584174305,-0.1104268625495024,0.7003278871998191,-1.3630778174847364,0.7484683096408844,,,,,,,,,,,,,,,,,
20578304,,,,,,,,,,,,,,0.5027263425290585,1.7654088167473674,0.0031169516103091155,0.4449523417279124,3.0289645697921515,0.005255264851939501,3.0428606811910868,61.302414268255234,5.475294616963389e-05,10.555362328886986,82.91586619615555,6.511348871224287e-05,2.9469969663769007,0.11768031702376902,-0.1274584063794464,0.5656847690697759,1.0
20709376,0.49882979318499565,1.8297361182048917,0.003029121378176569,0.43882806273177266,3.0830803122371435,0.004795293239112652,0.004226559585447376,0.8999754162505269,-0.9382173572666943,-0.10959085659123957,0.7375758881680667,-1.3574526635929942,0.7553488560952246,,,,,,,,,,,,,,,,,
20709376,,,,,,,,,,,,,,0.49908209568820894,1.87353088054806,0.003029121378176569,0.4420330517459661,3.10883248783648,0.004795293239112652,2.963584566488862,69.03874725103378,4.667657030443806e-05,10.47331640124321,82.7561451792717,7.199225209919557e-05,2.955923328176141,0.11703967850189656,-0.12556221755221486,0.6665748183149844,1.0
20840448,0.4986184686422348,1.7642026636749506,0.0038369745057025284,0.4428647542372346,3.0623532086610794,0.0056589036094010225,0.004380566363529681,0.8581707489211112,-0.8269975229632109,-0.1066828376497142,0.7149960631504655,-1.3621407803148031,0.7232909618178383,,,,,,,,,,,,,,,,,
20840448,,,,,,,,,,,,,,0.4988664574921131,1.7738578598946333,0.0038369745057025284,0.44623487791977823,3.0932055730372667,0.0056589036094010225,3.1411728654056787,66.07864713668823,6.56321321343134e-05,10.364783495664597,82.88903713226318,7.605753786554814e-05,2.950791984796524,0.11753203941043466,-0.12535737454891205,0.5573191691655666,1.0
20971520,0.5029215286485851,1.7869218960404396,0.005385906069932389,0.44218233972787857,3.0790155436843634,0.005735195233228296,0.0016906231102495894,0.7778274305164814,-0.821656493935734,-0.09825605351943523,0.7462039887905121,-1.3569617504253983,0.7788698230870068,,,,,,,,,,,,,,,,,
20971520,,,,,,,,,,,,,,0.5032493725884706,1.8313080072402954,0.005385906069932389,0.44547304208390415,3.107259476557374,0.005735195233228296,3.0378020349889994,58.18038800358772,6.204819401227704e-05,10.223787158727646,83.0022828578949,6.79147308022543e-05,2.9470065403729677,0.11700325348647311,-0.12570230849087238,0.6595341542270035,1.0
21102592,0.5010085292160511,1.7837077975273132,0.004780046400810534,0.44329424342140555,3.031748700886965,0.005437130963400705,1.1468676120784949e-05,0.9061854216270149,-0.8159501221962273,-0.10033145785564557,0.7489111749455333,-1.3597140964120626,0.762746972264722,,,,,,,,,,,,,,,,,
21102592,,,,,,,,,,,,,,0.5013474759180099,1.8309660200029612,0.004780046400810534,0.4468113153707236,3.044721284881234,0.005437130963400705,3.156989885494113,65.2116961479187,5.430477474988038e-05,10.316185116767883,82.90008682012558,6.0414404922326526e-05,2.9602763894945383,0.120525982696563,-0.1251551336608827,0.7036204163450748,1.0
21233664,0.5018300388474017,1.7057387474924326,0.002339209226647654,0.44272701372392476,2.957982813939452,0.005427265414255089,-0.012188482271085377,0.6819537989795208,-0.8922055254224688,-0.08646779775153846,0.7299021449871361,-1.3551155775785446,0.7550911251455545,,,,,,,,,,,,,,,,,
21233664,,,,,,,,,,,,,,0.5549938944424246,1.7130507019522425,0.005956169450035924,0.4399375294918542,3.0005967040228976,0.004307372372120601,2.4630758694007193,52.21269791739082,5.022737367855672e-05,9.506813192850101,78.34364368406298,5.542535570413065e-05,3.038791442965413,0.1155758961410886,-0.12498926084775192,0.46438990881318576,1.0
21364736,0.4949735775589943,1.691906833089888,0.0029000028260952604,0.442909081466496,3.0247127152979374,0.005077440053810278,-0.01662647370903869,0.8174489720258862,-0.8634908767417073,-0.08896207390353084,0.7424748344346881,-1.3602177537977695,0.755368813406676,,,,,,,,,,,,,,,,,
21364736,,,,,,,,,,,,,,0.4952941343653947,1.6987055717036128,0.0029000028260952604,0.4465621798299253,3.059123581275344,0.005077440053810278,3.4028446432203054,63.63946861028671,5.352179158985004e-05,9.854925960302353,83.1760984659195,7.593522502624683e-05,2.9849392771720886,0.12081264279549941,-0.12546277185902,0.5418554486241192,1.0
21495808,0.49005976831540465,1.7117133103311062,0.0020943377439834876,0.4451442665886134,3.060811208561063,0.004623446126970521,-0.012932025656482438,0.7014982940163463,-0.8309449325315654,-0.08889674814417958,0.744258199352771,-1.3598559964448214,0.7511375951580703,,,,,,,,,,,,,,,,,
21495808,,,,,,,,,,,,,,0.4903802580665797,1.7320607509464025,0.0020943377439834876,0.44839793373830616,3.0759641360491514,0.004623446126970521,3.3476218413561583,59.56096498668194,6.131421053190422e-05,9.791160769760609,82.76959097385406,6.451161240472736e-05,2.95519089885056,0.12014947552233934,-0.12535452982410789,0.5547293606214225,1.0
21626880,0.49852212076075375,1.8280155137181282,0.002624996014901626,0.44493028707802296,3.04725550301373,0.005168724363102228,-0.012079409760190174,0.8029159598518163,-0.861870588036254,-0.09301951038651168,0.7446443168446422,-1.3627689462155104,0.7630527466535568,,,,,,,,,,,,,,,,,
21626880,,,,,,,,,,,,,,0.49890596861951053,1.8604021035134792,0.002624996014901626,0.44858727999962866,3.0756579283624887,0.005168724363102228,3.2515513952821493,63.580418050289154,6.279820981403006e-05,9.941162221133709,83.25548982620239,5.452155610514986e-05,2.954752204939723,0.12182702583959326,-0.1251573960762471,0.6477894342970103,1.0
21757952,0.500166670884937,1.8496496388688684,0.0022753243761144404,0.4441310849506408,3.090154569596052,0.005363658323403797,-0.00913982066049357,0.8043043096549809,-0.9105210448615253,-0.09667951229494065,0.7476565586403012,-1.3566660275682807,0.7611816767603159,,,,,,,,,,,,,,,,,
21757952,,,,,,,,,,,,,,0.5005646508652717,1.8659678427502513,0.0022753243761144404,0.44776394590735435,3.125920943915844,0.005328213201210019,3.297616519033909,65.43089798092842,6.177034118865637e-05,9.978917934000492,82.75573706626892,6.311099246625318e-05,2.958631442859769,0.12176349380752072,-0.1597953166346997,0.658597172005102,1.0
21889024,0.5064016114920378,1.8106731735169888,0.0033304760706869274,0.4468778483569622,3.092711292207241,0.005923045508097857,-0.007864740887271182,0.7426782716065645,-0.9752433951944113,-0.09861724817892537,0.7557636313140392,-1.3548346776515245,0.7603703155182302,,,,,,,,,,,,,,,,,
21889024,,,,,,,,,,,,,,0.5067613280843943,1.8439604602754116,0.0033304760706869274,0.45053782779723406,3.117056341841817,0.005923045508097857,3.2067089527845383,67.19702407717705,4.922531229939464e-05,10.182572461664677,82.65174478292465,6.246605531146088e-05,2.9691039733588696,0.12012499471893534,-0.12542304559610784,0.6208467131946236,1.0
22020096,0.4999659499153495,1.7875424437224865,0.002202260489866603,0.43888900498859584,3.039876841008663,0.005002684915780264,-0.0037341723004828964,0.7941165054216981,-0.9162893653847277,-0.1021439052419737,0.7629193039610982,-1.3580147996544838,0.7773163635283709,,,,,,,,,,,,,,,,,
22020096,,,,,,,,,,,,,,0.5003269105218351,1.820525554008782,0.002202260489866603,0.4423496916424483,3.0917839389294386,0.005002684915780264,3.0701314136385918,65.45470556616783,5.178300111463585e-05,10.09577502310276,82.9574323296547,5.217590054040766e-05,2.962470503523946,0.11775613052304834,-0.12705239583738148,0.6116882073692977,1.0
22151168,0.4973325601313263,1.8026088392361999,0.0022589759030324785,0.43713559047318995,3.0722782853990793,0.004682445449361694,-0.00021716568620888665,0.777302366681397,-0.8739284966140985,-0.10998231027042493,0.729265212547034,-1.354730878956616,0.7704561208374798,,,,,,,,,,,,,,,,,
22151168,,,,,,,,,,,,,,0.4976928192190826,1.8273164061829448,0.0022589759030324785,0.4406766453757882,3.1060862857848406,0.004679261497585685,3.042383348569274,64.50842240452766,5.091092345210768e-05,10.303711213171482,82.98564171791077,5.335098942804706e-05,2.9746892377734184,0.11756569979479536,-0.1251776209101081,0.5638728730846196,1.0
22282240,0.5059313725214452,1.7491873875260353,0.004494161400998564,0.4378536040894687,3.063100066035986,0.005766385265815188,0.0038275005517789396,0.7380588250234723,-0.8155973851680756,-0.10690177825745195,0.7013609874993563,-1.361157774925232,0.7633758005686104,,,,,,,,,,,,,,,,,
22282240,,,,,,,,,,,,,,0.506225613411516,1.7491873875260353,0.004494161400998564,0.4412625355180353,3.075371066108346,0.005766385265815188,2.910642506554723,61.93917037546635,5.291363759596379e-05,10.21755851060152,83.14255547523499,6.0529759727145915e-05,2.926969911903143,0.11481542012188584,-0.12561356066726148,0.47087478544563055,1.0
22413312,0.5042698387987912,1.7556603467091918,0.002348986305150902,0.4393009392078966,3.040409380570054,0.005261523814624525,0.0044985138642914535,0.8005380795802921,-0.9656785901170224,-0.10921536159003153,0.7539417664520442,-1.3559768116101623,0.7626750175841153,,,,,,,,,,,,,,,,,
22413312,,,,,,,,,,,,,,0.5046584587544203,1.7847827970981598,0.002348986305150902,0.44278788520023227,3.0569960176944733,0.005261523814624525,3.150224791839719,69.8028527200222,4.755275445056384e-05,10.388349905610085,82.69966757297516,5.9157543496279885e-05,2.9560089334845543,0.11839086835971102,-0.12546170596033335,0.7288503891322762,1.0
22544384,0.5039848033338785,1.813316642306745,0.002965747214602743,0.4440793094690889,3.0780307836830616,0.0053094306676939595,0.004641721090251849,0.8401263151317835,-1.0328684651758522,-0.1127971964306198,0.7318762983195484,-1.3540034536272287,0.7734233476221561,,,,,,,,,,,,,,,,,
22544384,,,,,,,,,,,,,,0.5045195710845292,1.8865523170679808,0.002965747214602743,0.4477683922741562,3.1342777367681265,0.0053094306676939595,3.3939490895718336,73.32632061839104,5.7857088243906674e-05,10.558191023766994,82.73712205886841,6.337545442780534e-05,2.941947327926755,0.11938723607454449,-0.12527407938614488,0.8461988992057741,1.0
22675456,0.5037674929481,1.6748326430097222,0.003763229069136287,0.44319223752245307,3.040660783648491,0.005620265883408138,0.007764524690173857,0.9186034025624394,-0.9989921413362026,-0.11333205527625978,0.7783635733649135,-1.3556825257837772,0.7472407894674689,,,,,,,,,,,,,,,,,
22675456,,,,,,,,,,,,,,0.5041591234039515,1.6748326430097222,0.003763229069136287,0.44689326151274145,3.074749594554305,0.005620265883408138,3.4675520211458206,73.19910323619843,6.406246675627614e-05,10.434899188578129,82.88889521360397,6.24542060043698e-05,2.938592528924346,0.11712516739498824,-0.12547356309369206,0.4941997788846493,1.0
22806528,0.5032883745152503,1.6396460141986609,0.004379136823217777,0.44355559279210865,3.068526964634657,0.005151359370756836,0.011895448238647077,1.0283491527661681,-0.975975148845464,-0.11288598814280704,0.7263788944110274,-1.3503516735509038,0.7531482907943428,,,,,,,,,,,,,,,,,
22806528,,,,,,,,,,,,,,0.5037542972713709,1.6624541766941547,0.004379136823217777,0.44715642952360213,3.091558199375868,0.005151359370756836,3.6233814377337694,74.9334166944027,6.0060155780972124e-05,10.462339490652084,82.59547138214111,6.085767614050219e-05,2.9343148563057184,0.11811038455925882,-0.126132344128564,0.6981557649560273,1.0
22937600,0.5006283465772867,1.7625617170706391,0.0037764290996165073,0.443292475072667,3.0489855259656906,0.0053970784088051005,0.009403222559285496,0.9795796372927725,-1.0373165509663522,-0.11820336629170924,0.7703543030656874,-1.3585289008915424,0.7531423571053892,,,,,,,,,,,,,,,,,
22937600,,,,,,,,,,,,,,0.5010713564697653,1.8173977378755808,0.0037764290996165073,0.44700107886455953,3.0978388749063015,0.0053970784088051005,3.5886183083057404,76.56345203518867,5.5877137614235295e-05,10.543399468064308,82.75645738840103,7.357480033753916e-05,2.931584471836686,0.1193537890794687,-0.12545213988050818,0.7389732615556568,1.0
23068672,0.49746352923102677,1.7169178752228618,0.0020824231398819393,0.4454540112055838,3.052712108939886,0.004857804054154258,0.0057794486411637536,0.917976419441402,-0.9962219577282667,-0.11703826038865373,0.7450830661691725,-1.3545486005023122,0.7779671503230929,,,,,,,,,,,,,,,,,
23068672,,,,,,,,,,,,,,0.4979602436069399,1.7557001411914825,0.0020824231398819393,0.4491261299699545,3.0822620429098606,0.004857804054154258,3.6350890453904867,72.85922893881798,6.321746902138159e-05,10.542288295924664,82.59699541330338,7.370070942513962e-05,2.912898426875472,0.11804427689639851,-0.12516743503510952,0.6664346482139081,1.0
23199744,0.4974359064362943,1.7044524317607284,0.0013415808913350702,0.44149883347563446,3.01691216789186,0.0039130951649895,0.003962182287295946,0.9508113050833344,-1.0091038676910102,-0.1213043371681124,0.6984379142522812,-1.3565476015210152,0.728102836292237,,,,,,,,,,,,,,,,,
23199744,,,,,,,,,,,,,,0.4979253790806979,1.7274631159380078,0.0013415808913350702,0.44520545029081404,3.0737844575196505,0.0039130951649895,3.530753118917346,73.81576207280159,5.107801964365777e-05,10.799193300306797,82.67870104312897,5.887718883856863e-05,2.919028287753463,0.1202683876035735,-0.12558130477555096,0.6563287074677646,1.0
23330816,0.5027658911421895,1.9063946641981602,0.0019871200952366053,0.4428725640755147,3.1253762915730476,0.005110028178251014,-8.890643299253043e-05,0.9157384419813752,-0.972915377933532,-0.12055571062956005,0.7906306460499763,-1.3559713400900364,0.7524181078188121,,,,,,,,,,,,,,,,,
23330816,,,,,,,,,,,,,,0.5034020154271275,2.025835274718702,0.0019871200952366053,0.44674310251139104,3.1691733691841364,0.005110028178251014,3.2583816815167665,71.8883646428585,5.739626066603165e-05,10.731862537562847,83.10768103599548,7.292113800638766e-05,2.919336384162307,0.11952532088616863,-0.1274386018048972,0.9852708028629422,1.0
23461888,0.5047090274747461,1.740034836344421,0.0027751855486712884,0.44729391881264746,3.0820297859609127,0.005332702043233439,-0.0022746039323351397,0.9221448111347854,-0.9628302697092295,-0.11792537628207356,0.7451100451871753,-1.3598068859428167,0.7523686294443905,,,,,,,,,,,,,,,,,
23461888,,,,,,,,,,,,,,0.505086945835501,1.774385454133153,0.0027751855486712884,0.4509081128053367,3.1256047040224075,0.005332702043233439,3.2014611922204494,70.93866676092148,5.168698903190716e-05,10.726528115570545,82.85308313369751,4.3205897951148486e-05,2.925270928069949,0.11872814764501527,-0.13153162389062345,0.752425343496725,1.0
23592960,0.5097668981179595,1.841914925724268,0.003759203882964357,0.4490739570464939,3.0575704891234636,0.00489858707305757,-0.007738334923487855,0.76239920174703,-0.9612991502508521,-0.11684827483259141,0.7821767451241612,-1.3530224598944187,0.7859825980849564,,,,,,,,,,,,,,,,,
23592960,,,,,,,,,,,,,,0.5101251062005758,1.8786063734441996,0.003759203882964357,0.45276657096110284,3.092675719410181,0.00489858707305757,3.2105882447212934,66.88595831394196,5.897100477181283e-05,10.641415439546108,82.88090425729752,6.612442762909954e-05,2.9394133370369673,0.1175099095562473,-0.1254596239887178,0.7938661212101579,1.0
23724032,0.5126697099767625,1.9842902654781938,0.0029742447677563177,0.4548938316293061,3.1253215186297894,0.005292013925100036,-0.01144891991498298,0.7135592615231872,-0.9266000282950699,-0.10880768171045929,0.7965929256752133,-1.3586988747119904,0.7796769556589425,,,,,,,,,,,,,,,,,
23724032,,,,,,,,,,,,,,0.5131507283076644,2.105030749924481,0.0029742447677563177,0.4585896001663059,3.1475175134837627,0.005292013925100036,3.379177240654826,63.755641877651215,5.201551852174191e-05,10.478464744985104,83.12857013940811,6.584340214454976e-05,2.9217339269816875,0.12024378997739404,-0.12597722932696342,0.9415672982577235,1.0
23855104,0.5103294905275106,2.0090706748887897,0.0031338916487584356,0.45238309586420655,3.094383606687188,0.004641546858238144,-0.011926032751944149,0.8160562890116125,-1.0188692430965602,-0.09871299122460186,0.8082223576493561,-1.3580309506505728,0.7567679977510124,,,,,,,,,,,,,,,,,
23855104,,,,,,,,,,,,,,0.5652696596315274,1.8167997077926175,0.006295104708132695,0.4520954091797818,3.061960518360138,0.004555711834165357,2.9388582855590957,58.079351778786915,5.0620830321081734e-05,9.873174354945728,78.52526350978475,5.184862509356324e-05,3.029196926198163,0.11518615403642449,-0.12499067441120253,0.65511135540002,1.0
23986176,0.5087163862772286,1.8597807390615344,0.0028728201011745114,0.45219051907770336,3.0688308272510767,0.004705893196842226,-0.008860106023348635,0.9176041730679572,-0.8899320708587766,-0.1024068909464404,0.7550177611410618,-1.3577338000759482,0.7754446882754564,,,,,,,,,,,,,,,,,
23986176,,,,,,,,,,,,,,0.5092187151312828,1.9421904031187296,0.0028728201011745114,0.4560207899194211,3.117802456021309,0.004705893196842226,3.4220761954784393,66.10079199075699,5.115346997341952e-05,10.249819099903107,83.11688590049744,7.002288815549651e-05,2.939580664038658,0.11807435296941549,-0.12513281940482557,0.8373274884652346,1.0
24117248,0.5089042047038674,1.8555587027221918,0.004119661351751347,0.44987476081587374,3.080703917890787,0.005032178668443521,-0.0014796597179724813,0.915675844065845,-0.7517885728739202,-0.09498644241830334,0.7301656128838658,-1.3567701829597354,0.7603834024630487,,,,,,,,,,,,,,,,,
24117248,,,,,,,,,,,,,,0.5093913918826729,1.9008310176432133,0.004119661351751347,0.45350758731365204,3.102904960513115,0.005032178668443521,3.43454410135746,63.17909699678421,4.7493273687804205e-05,10.005556590855122,83.08098596334457,4.9799080640400284e-05,2.9142893720418215,0.11910310585517436,-0.12525511742569506,0.7399568462278694,1.0
24248320,0.5085948209743947,1.9216719632968307,0.005235928601791784,0.44993515964597464,3.0987238865345716,0.005872711987649382,-0.0009807615390684532,0.957401221152395,-0.9569202205166221,-0.09287783963372931,0.7691853484138846,-1.3586024697870016,0.7654809900559485,,,,,,,,,,,,,,,,,
24248320,,,,,,,,,,,,,,0.5091618939768523,2.0153837967664003,0.005235928601791784,0.4537857009563595,3.119468815624714,0.005872711987649382,3.249820390716195,71.43582689762115,5.9423440842872044e-05,9.950852371752262,83.22857505083084,5.815076013582221e-05,2.9404186364263296,0.11871571408119053,-0.12640551920048892,0.9258576727006584,1.0
24379392,0.5096899569034576,1.6605917029082775,0.0034805107147803938,0.4490398645866662,3.099378688260913,0.005696234297374758,0.0013513970241092466,0.8527687613386661,-0.8753201391082257,-0.09383312310092151,0.703526399563998,-1.357767510227859,0.7762513556517661,,,,,,,,,,,,,,,,,
24379392,,,,,,,,,,,,,,0.5100826038978994,1.6609389474615455,0.0034805107147803938,0.45283916126936674,3.1451018545776606,0.005696234297374758,3.18808551132679,64.29276758432388,5.2609042957785235e-05,9.988246753811836,83.18824100494385,7.27625847596336e-05,2.961287571117282,0.11851893336279318,-0.12508755340240896,0.5343260881491005,1.0
24510464,0.5027358124498278,1.7666693078354,0.00490172744866868,0.4453887816052884,3.06597370095551,0.0058993831735278945,0.004292071246084106,0.8182601425796747,-0.8688661505002528,-0.09814035490853712,0.7307821963913739,-1.3559506284072995,0.7744482359848917,,,,,,,,,,,,,,,,,
24510464,,,,,,,,,,,,,,0.5032879961654544,1.8007210670039058,0.00490172744866868,0.4493153521325439,3.10565129481256,0.0058993831735278945,3.058920007199049,64.8756088912487,5.791642142635722e-05,9.969698309898376,83.43468654155731,6.668652036379008e-05,2.959155211225152,0.11837528576143086,-0.12517519784159958,0.5930566969327629,1.0
24641536,0.5067419444676489,1.7640169626101851,0.003246837509323086,0.4427485845517367,3.0500707048922777,0.004752922447096353,0.011327163123496575,0.9675894733518362,-0.940486068604514,-0.09445018239784986,0.7200144180096686,-1.3560661571100354,0.7821889715269208,,,,,,,,,,,,,,,,,
24641536,,,,,,,,,,,,,,0.5072492889594287,1.7841440346091986,0.003246837509323086,0.4467214134056121,3.0919822677969933,0.004752922447096353,3.305709443986416,69.66150543093681,4.875580409996472e-05,9.825250938534737,82.99278765916824,7.247307403890346e-05,2.956396898254752,0.11847934685647488,-0.1254834420979023,0.6223388556391001,1.0
24772608,0.5022865592036396,1.7079231953248382,0.004049671428674628,0.44465802097693086,3.102660942822695,0.0053791123223163595,0.014311508479295298,1.1528927092440426,-0.8307443370576948,-0.10211929265642539,0.7304219682700932,-1.3547406569123268,0.758173942565918,,,,,,,,,,,,,,,,,
24772608,,,,,,,,,,,,,,0.5027145147323608,1.7080781757831573,0.004049671428674628,0.44829769106581807,3.1264581121504307,0.0053791123223163595,3.2992243207991123,73.72518530488014,5.329635272355304e-05,10.054983481764793,83.13014471530914,6.036862701219725e-05,2.958171710371971,0.11679849051870406,-0.12515018787235022,0.49495517485775054,1.0
24903680,0.4950020918622613,1.7396378610283136,0.0034616450277553668,0.4409246756695211,3.040140565484762,0.005134479307344009,0.015880456274317112,0.9656896544620395,-0.8200911046005785,-0.10652197600575164,0.7144129700027406,-1.3587197717279196,0.7743181756231934,,,,,,,,,,,,,,,,,
24903680,,,,,,,,,,,,,,0.4955170175526291,1.7737022023648024,0.0034616450277553668,0.44477543560788035,3.085980623960495,0.005134479307344009,3.3188395220786333,66.0673396885395,6.168320000149441e-05,10.219362400472164,83.20825070142746,6.74334563706136e-05,2.9542400278151035,0.11858096066862345,-0.1252222212497145,0.7107778394129127,1.0
25034752,0.5022706675808877,1.766276465728879,0.004103450644379336,0.4427109370008111,3.0365854389965534,0.00570993454721247,0.009104811513680033,0.9308184874244034,-0.8388816483784467,-0.11115080991294235,0.7300960840657353,-1.3589615933597088,0.7820024322718382,,,,,,,,,,,,,,,,,
25034752,,,,,,,,,,,,,,0.5027295651379973,1.8104243380948901,0.004103450644379336,0.4462731406092644,3.0783964600414038,0.00570993454721247,3.2027059365063906,66.119250446558,6.347586778998604e-05,10.366494663059711,83.369469165802,5.975769497945649e-05,2.9585485123097897,0.118253726628609,-0.12551665306091309,0.6513196565210819,1.0
25165824,0.5047629741020501,1.8762881495058537,0.002473164970979269,0.4398030776064843,3.0647969525307417,0.005245285396995314,0.006988058024489874,1.0037118904292583,-0.8733393927104771,-0.1151233046548441,0.8337632701732218,-1.337677420116961,0.7802907270379364,,,,,,,,,,,,,,,,,
25165824,,,,,,,,,,,,,,0.5054413315374404,1.9627139223739505,0.002473164970979269,0.4435431710444391,3.0927097219973803,0.005245285396995314,3.1962082255631685,69.38051083683968,6.162002754672713e-05,10.560077838599682,82.35653537511826,6.167461814854391e-05,2.925224158912897,0.1176772050675936,-0.12672957824543118,0.8765256830956787,1.0
25296896,0.500741534633562,1.7257914319634438,0.0031267281030977756,0.44744832580909133,3.040586097165942,0.004444843924602537,0.00350187402773372,0.8820506916381419,-0.9329999210312963,-0.12162787583656609,0.731526933144778,-1.3521371260285378,0.7833667630329728,,,,,,,,,,,,,,,,,
25296896,,,,,,,,,,,,,,0.5012597423046827,1.7641469947993755,0.0031267281030977756,0.45104328263550997,3.089535815641284,0.004444843924602537,3.385286258533597,68.83966371417046,6.052050695348754e-05,10.72342498600483,83.11918604373932,6.036188560724909e-05,2.931339219212532,0.1184519607340917,-0.12528466037474573,0.6085008091758937,1.0
25427968,0.5052901059389114,1.7287818482145667,0.003607962754131222,0.4448672216385603,3.03456674143672,0.0047993593752835295,0.0010558641114641887,0.9351036362349987,-0.8958734218031168,-0.12314918666379526,0.7071106182411313,-1.3511943900957704,0.7847595480270684,,,,,,,,,,,,,,,,,
25427968,,,,,,,,,,,,,,0.5058218683116138,1.7707057055085897,0.003607962754131222,0.44857616908848286,3.0751678962260485,0.0047993593752835295,3.5300022419542074,66.18190795183182,5.76810995998045e-05,10.7690434679389,82.91608810424805,6.329988042419465e-05,2.914085317403078,0.11748935095965862,-0.12539825565181673,0.6614621339831501,1.0
25559040,0.5025583975948393,1.6914016967639327,0.004216152943627094,0.4474625261500478,3.1345419250428677,0.005641603996991762,-0.002433715049988905,0.8791884151287377,-0.803217826411128,-0.12253540009260178,0.7070657415315509,-1.3442628532648087,0.7823049393482506,,,,,,,,,,,,,,,,,
25559040,,,,,,,,,,,,,,0.5030263604130596,1.7055828012526035,0.004216152943627094,0.45094811194576323,3.1638932898640633,0.005641603996991762,3.4912597462534904,63.65154758095741,6.005651583507188e-05,10.65779261291027,82.72405046224594,6.35678715522614e-05,2.9068783279508352,0.11812144570285454,-0.1257215584628284,0.5712248561903834,1.0
25690112,0.49890328478068113,1.6782773211598396,0.003826303172502321,0.45058108516968787,3.029056876897812,0.005595032424935198,-0.00905728510042536,0.8024005717597902,-0.9326752121560276,-0.12388687522616237,0.6931663914583623,-1.354248708114028,0.7508152355439961,,,,,,,,,,,,,,,,,
25690112,,,,,,,,,,,,,,0.4994174756575376,1.6924764588475227,0.003826303172502321,0.4541547878179699,3.071287365630269,0.005595032424935198,3.6496713384985924,64.80295971035957,5.9200046967911035e-05,10.700914397835732,83.17310398817062,6.535900390503002e-05,2.9067436270415783,0.11767313495511189,-0.12541694333776832,0.6298989313654602,1.0
25821184,0.4941542677115649,1.8033713782206178,0.0022366962130035972,0.44997481466270983,3.1004828438162804,0.004124915225474979,-0.01519446239763056,0.8775656349025667,-0.9165362897329032,-0.11958140565548092,0.7450065948069096,-1.3496160954236984,0.7843437963165343,,,,,,,,,,,,,,,,,
25821184,,,,,,,,,,,,,,0.4947476356755942,1.8629630338400602,0.0022366962130035972,0.45339658111333847,3.135201120749116,0.004124915225474979,3.857653211802244,66.69542548060417,6.641519174888089e-05,10.689692482352257,82.8224350810051,5.932367488759027e-05,2.8810357693582773,0.11964860057923943,-0.12527385517023504,0.7630532600451261,1.0
25952256,0.49545380589552224,1.9212090522050858,0.0019968125729974417,0.4483606540597975,3.158468311652541,0.004037501488710404,-0.0192525309175835,0.9548304975032806,-0.8996429881080985,-0.12357650877675042,0.7775165033526719,-1.3542650286108255,0.7521429937332869,,,,,,,,,,,,,,,,,
25952256,,,,,,,,,,,,,,0.4960571597330272,2.00754061806947,0.0019968125729974417,0.45202634227462113,3.1932935137301683,0.004037501488710404,3.7127854358404875,66.22144192457199,5.7498674008060746e-05,10.792266845703125,83.22804254293442,6.588014415842558e-05,2.9110436309129,0.11964844359317794,-0.12530104955658317,0.9311055990401655,1.0
26083328,0.4899522855412215,1.7510331366211176,0.001874218316970655,0.4496863370295614,3.1503163930028677,0.005056353792951995,-0.016636089305393398,0.8479076866060495,-0.9313914570957422,-0.11890856741229072,0.7299483763054013,-1.3444837955757976,0.7507443032227457,,,,,,,,,,,,,,,,,
26083328,,,,,,,,,,,,,,0.49046411481685936,1.7763648815453053,0.001874218316970655,0.4529912087600678,3.1887217573821545,0.005056353792951995,3.8653654903173447,65.4703038930893,6.454669023264747e-05,10.579967580735683,82.51001662015915,7.31068003672064e-05,2.903441922739148,0.11733642185572535,-0.12562072393484414,0.6422249833121896,1.0
26214400,0.4884991948492825,1.789221559651196,0.002436026212649267,0.4456904863473028,3.105503499507904,0.004807463651559374,-0.01127478201942722,0.9811887475661933,-0.9376902841031551,-0.11473904515150934,0.7579823131673038,-1.3509177826344967,0.7750196475535631,,,,,,,,,,,,,,,,,
26214400,,,,,,,,,,,,,,0.4891388725955039,1.841208754107356,0.002436026212649267,0.44944849004969,3.1598836053162813,0.004807463651559374,3.826754989102483,70.76821774244308,5.367967353378522e-05,10.505544826388359,82.95130151510239,6.435674764837529e-05,2.879033448174596,0.11680659733247012,-0.12538959039375186,0.7890334334224463,1.0
26345472,0.4890282617416233,1.8060438809916377,0.001968407115214177,0.4410562049597502,3.0887044928967953,0.004293848425731994,-0.012589958270837087,0.9660590863786638,-1.032280198764056,-0.11962117650546134,0.7518789037130773,-1.3548759203404188,0.763252372154966,,,,,,,,,,,,,,,,,
26345472,,,,,,,,,,,,,,0.48956576618365943,1.8590420158579946,0.001968407115214177,0.44477984379045665,3.1329009626060724,0.004293848425731994,3.6159215793013573,73.25187972187996,5.1313959720689084e-05,10.54484548419714,83.13550758361816,6.382283426327462e-05,2.9309207051992416,0.11687628639629111,-0.12564182234928012,0.9533731967676431,1.0
26476544,0.49797832290641963,1.72279482614249,0.001696039161402041,0.4397589259315282,3.066831760108471,0.004025631894364778,-0.009404835900568287,0.7096752498764545,-0.9535939125344157,-0.10581033432390541,0.7223351853899658,-1.3537087002769113,0.7737885289825499,,,,,,,,,,,,,,,,,
26476544,,,,,,,,,,,,,,0.5519996310410263,1.7149745722065914,0.0048012321335141215,0.43776129426659793,3.046894774864336,0.003742198327557532,2.8728876673171277,65.07045414296726,4.4271872072733807e-05,9.824906979069615,78.3060416924757,5.221941724264324e-05,3.015524460719182,0.11089106146911425,-0.12494196513524422,0.5223099190209594,1.0
26607616,0.49812108697369695,1.8223689775913954,0.0029255206470679695,0.4437698689289391,3.089620491489768,0.0044817969169344,-0.008100214878140832,0.9229493550956249,-1.0171579257585108,-0.10858244058908895,0.7447793902829289,-1.359766911715269,0.7623825543560088,,,,,,,,,,,,,,,,,
26607616,,,,,,,,,,,,,,0.4987438623793423,1.8871117196977139,0.0029255206470679695,0.44765077717602253,3.1343410946428776,0.0044817969169344,3.5851616337895393,74.21920248866081,5.3771482946662896e-05,10.160561464726925,83.11389583349228,6.124735192103437e-05,2.945011217147112,0.1166617131093517,-0.12630508025176823,0.8259256863966584,1.0
26738688,0.5038658324629068,1.985076298005879,0.00201073776861449,0.45073356991633773,3.197842352092266,0.004147789338276198,-0.007708866575256934,0.8956781127490103,-0.9840296916663647,-0.10543337074341252,0.8032312653958797,-1.3514553429558873,0.7704797768965364,,,,,,,,,,,,,,,,,
26738688,,,,,,,,,,,,,,0.504468638682738,2.1036207182332873,0.00201073776861449,0.45446086418814957,3.2370610050857067,0.004147789338276198,3.508946154266596,68.12024825811386,5.8246667353101245e-05,10.245595335960388,82.7554275393486,6.0869943391439474e-05,2.9046715777367353,0.11792356258956715,-0.12561696814373136,0.9307514559477568,1.0
26869760,0.5026042547542602,1.9013346582651138,0.0024339293763659953,0.4432430574670434,3.196121195331216,0.004706235233697953,-0.0033517464312353695,0.8662567073479295,-0.9993101106956601,-0.11317551921820268,0.7934989435598254,-1.3464804012328386,0.7619462409056723,,,,,,,,,,,,,,,,,
26869760,,,,,,,,,,,,,,0.503229467663914,1.9813309013843536,0.0024339293763659953,0.44700272497721016,3.2404416501522064,0.004706235233697953,3.391489578410983,70.18304052948952,5.401897688939172e-05,10.41667266190052,82.44645601511002,6.049424771714662e-05,2.9321776404976845,0.11709933629026636,-0.12528461241163313,0.9005521284416318,1.0
27000832,0.5047520226798952,1.6927641229704022,0.0026505812028290165,0.4399626187514514,3.07799369096756,0.004652762567275204,0.0011761751283518862,0.8714810078963637,-0.9115719806868583,-0.1221539347898215,0.7225655149668455,-1.3504564901813865,0.7735897982493043,,,,,,,,,,,,,,,,,
27000832,,,,,,,,,,,,,,0.5052730571478605,1.7330223685130477,0.0026505812028290165,0.4435787114780396,3.106034576892853,0.004652762567275204,3.16530386172235,70.31910403072834,5.478576071643593e-05,10.73097014427185,82.82592338323593,6.313728485363157e-05,2.911682538688183,0.11426940170349553,-0.12583747832104564,0.694500946206972,1.0
27131904,0.5037822395097464,1.845097653567791,0.0030657784673167043,0.442906717536971,3.144767876714468,0.004879373725543701,0.0042471867286622,0.9268723973073065,-0.9160519493743777,-0.12377542164176702,0.7606418211944401,-1.350630440749228,0.7624998108949512,,,,,,,,,,,,,,,,,
27131904,,,,,,,,,,,,,,0.5042992003727704,1.9222893146798015,0.0030657784673167043,0.4466400006785989,3.1996985357254744,0.004879373725543701,3.2638049256056547,69.64988231658936,5.0734519527195765e-05,10.855769537389278,82.85156810283661,6.499030031914543e-05,2.896790873259306,0.11415740597294644,-0.1253427288029343,0.9155904895160347,1.0
27262976,0.5017304283101112,1.683309679850936,0.002232169237913695,0.43977967859245837,3.2042779363691807,0.003963963561091077,0.006844406150776194,0.9383750827983022,-0.8615085454657674,-0.12662701652152464,0.7373357536271214,-1.3541413582861423,0.7527923556044698,,,,,,,,,,,,,,,,,
27262976,,,,,,,,,,,,,,0.5022234516218305,1.7303532036021352,0.002232169237913695,0.4433726607821882,3.3054229989647865,0.003963963561091077,3.290318327024579,70.80133160948753,5.299561687088783e-05,10.807986281812191,82.65284180641174,6.237713707268888e-05,2.902805542573333,0.11787204013671726,-0.1252637798897922,0.695267912466079,1.0
27394048,0.4979969742707908,1.6323666125535965,0.002011274767710347,0.44085674453526735,3.0729254614561796,0.004629876616263573,0.003855052790584068,0.9982846365310252,-0.897576245944947,-0.12494961376069114,0.6846845396794379,-1.3594833966344595,0.759880090598017,,,,,,,,,,,,,,,,,
27394048,,,,,,,,,,,,,,0.49834937835112214,1.6493677198886871,0.002011274767710347,0.44449525768868625,3.1213377695530653,0.004629876616263573,3.449807209894061,70.49500888586044,5.715694611052591e-05,10.684580639004707,82.74816709756851,7.369731261483436e-05,2.9338698722422123,0.116333776677493,-0.13321744953282177,0.5683086016215384,1.0
27525120,0.4986214102245867,1.743622651323676,0.002138469686087774,0.4448308350984007,3.1672193687409163,0.004825546186111751,-0.0009703358117789662,0.9776188330724835,-0.9168400596827269,-0.12050310673657805,0.8318603406660259,-1.3626490253955126,0.755972605664283,,,,,,,,,,,,,,,,,
27525120,,,,,,,,,,,,,,0.49913135380484164,1.800937980413437,0.002138469686087774,0.4487221750896424,3.2193538639694452,0.004825546186111751,3.4782882258296013,72.0151162147522,6.885019354996302e-05,10.56936789304018,83.62288522720337,5.916079188983403e-05,2.9118489399552345,0.1187802716740407,-0.1259203334338963,0.8355615611653775,1.0
27656192,0.49792976188473403,1.7003448847681284,0.0031356955332739744,0.4507782955188304,3.202903615310788,0.004332347081799526,-0.0029372767356790064,0.8992438814602792,-0.9142810597550124,-0.11575554101727903,0.7257503708824515,-1.3543639341369271,0.7431307574734092,,,,,,,,,,,,,,,,,
27656192,,,,,,,,,,,,,,0.498521885368973,1.7517145285382867,0.0031356955332739744,0.45473334076814353,3.2881302423775196,0.004332347081799526,3.5173421129584312,69.4458544254303,5.830062082745613e-05,10.397361867129803,83.43544435501099,6.283553709418577e-05,2.931341188028455,0.1203961338615045,-0.1251464074011892,0.6333956357557327,1.0
27787264,0.5003805086016655,1.5568675342947245,0.002278275801700147,0.44547235290519893,3.193305391818285,0.004121054741062835,-0.002372951628551334,0.9414401706308126,-0.9775060266256332,-0.10730084025999531,0.7076527299359441,-1.3526982301846147,0.7298368760384619,,,,,,,,,,,,,,,,,
27787264,,,,,,,,,,,,,,0.5010569205041975,1.5687186988070607,0.002278275801700147,0.44934826367534697,3.266378525644541,0.004121054741062835,3.5590606667101383,69.40292769670486,5.410645674519543e-05,10.174898818135262,83.5890628695488,7.356141532466332e-05,2.867310520261526,0.1199330894742161,-0.12530660349875689,0.6360962351318449,1.0
27918336,0.50112398667261,1.732489200308919,0.0026025431552625378,0.4462156353984028,3.143567131832242,0.005137337864653091,-0.001510927433685083,0.8981930897571146,-0.8721209459472448,-0.09833785204682499,0.7453054874204099,-1.3457890236750245,0.7332275146618485,,,,,,,,,,,,,,,,,
27918336,,,,,,,,,,,,,,0.5017477637156844,1.7680581593886018,0.0026025431552625378,0.4502873250748962,3.2248279247432947,0.005137337864653091,3.483172617852688,67.64616674184799,5.612797123168839e-05,9.958211287856102,82.6556984782219,6.195456977042824e-05,2.8866432830691338,0.12132561975158751,-0.1252567197661847,0.7744249887764454,1.0
28049408,0.5021770524326712,1.6780151426792145,0.002492722728220542,0.447122166166082,3.061948658898473,0.005018973859932885,-0.002186081294610176,0.8792540840804577,-0.8903071021195501,-0.08661517599830404,0.8145628655329347,-1.343541824258864,0.7405870663933456,,,,,,,,,,,,,,,,,
28049408,,,,,,,,,,,,,,0.502749223029241,1.7284973310306668,0.002492722728220542,0.45086783287115395,3.1079926174134016,0.005018973859932885,3.564806990325451,66.52271172404289,5.85877526608769e-05,9.794219091534615,82.72540813684464,6.96044778597249e-05,2.905178666114807,0.12167215783847496,-0.1252406721469015,0.7177082451526076,1.0
28180480,0.5032785986550152,1.7844396503642201,0.003377842894224159,0.4494680128991604,3.151267573237419,0.005049918408531084,-0.004906274156383006,0.8347075139172375,-0.8842046405188739,-0.0902086915448308,0.7779688225127757,-1.3556803679093719,0.7536146398633718,,,,,,,,,,,,,,,,,
28180480,,,,,,,,,,,,,,0.5038763838820159,1.8484845645725727,0.003377842894224159,0.45347511139698327,3.2065810076892376,0.005049918408531084,3.470769179984927,67.26043313741684,5.8547742624592836e-05,9.899640455842018,83.04907512664795,6.559182558368848e-05,2.939378736540675,0.12018711073324084,-0.16586509090848267,0.7753107529133558,1.0
28311552,0.5019450914114714,1.7560799848288298,0.003971648754713897,0.44722182606346905,3.1343174315989017,0.005449879693969706,-0.0038882956426959936,0.8734662188217044,-0.9314266843721271,-0.08301420736825094,0.8179437224753201,-1.3556940564885736,0.7245300596114248,,,,,,,,,,,,,,,,,
28311552,,,,,,,,,,,,,,0.502473222790286,1.789280683733523,0.003971648754713897,0.4511351613327861,3.1978790424764156,0.005449879693969706,3.513748800382018,68.44273845851421,5.495073308381393e-05,9.773731902241707,83.1440435051918,5.185589066547536e-05,2.9424649719148874,0.12153186654904857,-0.1257994221523404,0.8005368707235903,1.0
28442624,0.5054322704672813,1.8336495170369744,0.005740328223055258,0.4487314624711871,3.0530454833060503,0.0060311054132853315,-0.004674929157090446,0.9496759604662657,-0.8676600097678602,-0.08043617004295811,0.7630121409893036,-1.3476850530132651,0.7292701788246632,,,,,,,,,,,,,,,,,
28442624,,,,,,,,,,,,,,0.506111764581874,1.900752087123692,0.005740328223055258,0.452815092401579,3.1020089723169804,0.0060311054132853315,3.5302227027714252,68.19721606373787,6.521398044601057e-05,9.600004404783249,82.89183223247528,6.534845184991145e-05,2.923977481201291,0.122092678793706,-0.1251944771502167,0.8118113437667489,1.0
28573696,0.5067680163774639,1.8466957053169608,0.002935447464437857,0.4473415417596698,3.122141357511282,0.004477284079030142,-0.006183244468729754,0.8284234865568578,-0.9809794356115162,-0.08172243309672922,0.7528298296965659,-1.3570815473794937,0.7654978069476783,,,,,,,,,,,,,,,,,
28573696,,,,,,,,,,,,,,0.5074092054273933,1.9171582255512476,0.002935447464437857,0.45148163521662354,3.1595402266830206,0.004477284079030142,3.530063422396779,70.7012568116188,5.376569354220706e-05,9.686981283128262,83.2984111905098,6.510157168215791e-05,2.9273652601987123,0.12128529499750584,-0.12540542823262513,0.8711565451230854,1.0
28704768,0.5042435959912837,1.9566367669031024,0.002987629625295085,0.44146481808274984,3.108486793935299,0.004849730041769362,-5.623912466035108e-05,0.792813393753022,-0.8359243699815124,-0.08606201503425837,0.8109780037775636,-1.3463234137743711,0.7652771384455264,,,,,,,,,,,,,,,,,
28704768,,,,,,,,,,,,,,0.5048994377721101,2.046775764785707,0.002987629625295085,0.4454049717169255,3.167534627020359,0.004849730041769362,3.2986929174512625,63.7679229080677,4.914036177661174e-05,9.61815132200718,82.81779742240906,6.937553435354404e-05,2.94785663112998,0.11841436411486939,-0.12553890841081738,0.9275652526412159,1.0
28835840,0.5069316667504609,1.836003366857767,0.003456372932305385,0.4432342911604792,3.0476044826209545,0.005257064818579238,-0.0010695644751592681,0.8921718376222998,-0.7401650587562472,-0.08719433849910274,0.7519944235682487,-1.3500543031841516,0.754321665270254,,,,,,,,,,,,,,,,,
28835840,,,,,,,,,,,,,,0.5075757238082588,1.894805354066193,0.003456372932305385,0.4472414324991405,3.0860621072351933,0.005257064818579238,3.207317663356662,63.75004726648331,5.714639071507932e-05,9.723609760403633,83.18708020448685,6.889204422352857e-05,2.9388840030878782,0.11993843002710491,-0.1258001036476344,0.8196826053317636,1.0
28966912,0.5089248854201287,1.7332464903593063,0.002505771399682999,0.44411475164815784,3.050127826631069,0.005221463820817007,-0.0001472687282557672,0.9779710466973484,-0.8872682116925716,-0.08624518220312893,0.7336931750178337,-1.353034969419241,0.7579134413972497,,,,,,,,,,,,,,,,,
28966912,,,,,,,,,,,,,,0.5095098356250674,1.7396302605047822,0.002505771399682999,0.4484466107096523,3.146828295662999,0.005221463820817007,3.346801882609725,69.53157258033752,5.626940280367698e-05,9.62408209592104,83.50133675336838,5.995073967224318e-05,2.9370489194989204,0.11907117674127221,-0.1258553173393011,0.66356379725039,1.0
29097984,0.5121564993169159,1.7169247036799788,0.0018428839146054088,0.4374108728952706,3.063245475292206,0.003921367496786843,0.006919800562172895,1.0249848677776754,-0.8855901202186942,-0.10158546833554283,0.6998442970216274,-1.3514200318604708,0.7865415117703378,,,,,,,,,,,,,,,,,
29097984,,,,,,,,,,,,,,0.570824805033076,1.7434396075678396,0.005748322194239546,0.43925876559300736,3.09945060177655,0.0037405559435753208,2.5078661697545694,56.13732740871485,4.430477757688556e-05,9.710434111717904,79.07480704342271,4.942828347702728e-05,3.006315828352184,0.11100890552420374,-0.1250125047351633,0.5117621626090872,1.0
29229056,0.505947680445388,1.6834073914214969,0.0012373702662671349,0.4420074615627527,3.1480282824486494,0.003325734526697488,0.005491218769449802,0.883935546502471,-0.9079945208504796,-0.11169347015675157,0.8046912290155888,-1.3511983137577772,0.7556863124482334,,,,,,,,,,,,,,,,,
29229056,,,,,,,,,,,,,,0.5064647009130567,1.685041201300919,0.0012373702662671349,0.44600382284261286,3.2235003523528576,0.003325734526697488,3.3005957268178463,66.95897471904755,4.770718235125315e-05,10.378298856317997,83.23424738645554,5.303730335803891e-05,2.922004507854581,0.11560447874944657,-0.1255346699617803,0.6001980230212212,1.0
29360128,0.5025555337779224,1.8478954369202256,0.0017179075787225884,0.43780685449019074,3.169886039569974,0.003405071941415372,0.007695487339105966,0.9491002499125898,-0.9647640134207904,-0.10866617667488754,0.7546812081709504,-1.3496560826897621,0.7732821702957153,,,,,,,,,,,,,,,,,
29360128,,,,,,,,,,,,,,0.5030772590544075,1.8972000339999795,0.0017179075787225884,0.44177382439374924,3.218387547880411,0.003405071941415372,3.2585279438644648,68.70409741997719,5.913814100266812e-05,10.188105560839176,83.16837710142136,5.392884911348261e-05,2.929773423820734,0.11522147455252707,-0.1251258698757738,0.6069854046218097,1.0
29491200,0.508127813693136,1.7874376308172941,0.003261495476181153,0.44341254397295415,3.1930861864238977,0.004617971447942182,0.006259218204377248,0.9480415051802993,-0.7795271046925336,-0.10630705079529434,0.7433729777112603,-1.3589834375306964,0.7762874099425972,,,,,,,,,,,,,,,,,
29491200,,,,,,,,,,,,,,0.508704129839316,1.8159523103386164,0.003261495476181153,0.44740554015152156,3.2364524379372597,0.004617971447942182,3.1907278019934893,69.11409083008766,5.316283412293288e-05,10.081437468528748,83.50116312503815,5.053107768038245e-05,2.946560485288501,0.11488446191651747,-0.1252045757137239,0.801524777431041,1.0
29622272,0.5039111017249525,1.7907162392511964,0.003974978976202692,0.4366770542692393,3.090373447164893,0.0048428362288177595,0.0075768240640172735,0.9809591844677925,-0.895498018944636,-0.10612344212131575,0.7174911918118596,-1.3499435801059008,0.7575661549344659,,,,,,,,,,,,,,,,,
29622272,,,,,,,,,,,,,,0.5045316976029426,1.8394900793209672,0.003974978976202692,0.4406270510517061,3.159866167232394,0.0048428362288177595,3.210903948172927,66.91541320085526,4.682416699225769e-05,10.116990551352501,83.40053260326385,5.7757416103587644e-05,2.953588718548417,0.11497037479421124,-0.1252875307109207,0.7605391992256045,1.0
29753344,0.5056189903989434,1.7263950249180198,0.004418659625798682,0.44409706234000623,3.121485313400626,0.0054938363925884914,0.002928524457900039,0.9180046350229532,-0.8591956524178386,-0.10740815504686907,0.7286153719760478,-1.3542991103604436,0.767216760199517,,,,,,,,,,,,,,,,,
29753344,,,,,,,,,,,,,,0.506182003300637,1.747044580988586,0.004418659625798682,0.44817166845314205,3.1668631322681904,0.0054938363925884914,3.3073393497616053,69.67056939005852,5.210685610301802e-05,10.188462816178799,83.38274520635605,5.6240003477814327e-05,2.954126100987196,0.11549068422755226,-0.12616348476149142,0.6252892171032727,1.0
29884416,0.5083553434815258,1.8758755391463637,0.0039320759203747,0.44339109235443175,3.175497155636549,0.005717411341720435,0.004628992413017841,1.0056668184697628,-0.8808445283211768,-0.10969269624911249,0.7603515880182385,-1.3549158284440637,0.7647149751428515,,,,,,,,,,,,,,,,,
29884416,,,,,,,,,,,,,,0.5089663835242391,1.93849185295403,0.0039320759203747,0.44757989328354597,3.2378795985132456,0.005717411341720435,3.4425041787326336,71.88359272480011,4.9376790934418935e-05,10.130212686955929,83.26698505878448,5.923125863205314e-05,2.927530748769641,0.11632618628209457,-0.12550975917838514,0.816904743667692,1.0
30015488,0.5090260657016188,1.7179753743112087,0.0032635839149861567,0.4445515184197575,3.1378349773585796,0.005579106650657195,0.007906425295573172,1.1010702131316066,-0.9526451206766069,-0.11470819084206596,0.7121302359737456,-1.348182407207787,0.783329002559185,,,,,,,,,,,,,,,,,
30015488,,,,,,,,,,,,,,0.5096048931591213,1.7378964815288782,0.0032635839149861567,0.44866982009261847,3.210179442539811,0.005579106650657195,3.57569682598114,73.89761063456535,4.744094825648304e-05,10.353559464216232,83.15528762340546,5.9311455942623326e-05,2.928489675745368,0.11710221861721948,-0.12827153247781098,0.6835823082365096,1.0
30146560,0.5073734752368182,1.6785695366561413,0.0055715555463393684,0.4478725274093449,3.100297477096319,0.005813761155877728,0.006469012184950884,0.9951850702054799,-0.7790706125088036,-0.11289242625935003,0.7129173981957138,-1.360086684115231,0.757568929111585,,,,,,,,,,,,,,,,,
30146560,,,,,,,,,,,,,,0.507909805746749,1.6936826724559069,0.0055715555463393684,0.45190956303849816,3.1474652774631977,0.005813761155877728,3.5563887171447277,68.09280794858932,4.8306787198885634e-05,10.430240117013454,83.24855816364288,6.255760075468686e-05,2.9193943701684475,0.11766265361802652,-0.125209029763937,0.6061149558518082,1.0
30277632,0.511000158963725,1.8163262773305178,0.004227865698794631,0.44815756916068494,3.095641814172268,0.005609019921394065,4.317636499706623e-05,1.0446871579624712,-0.8990481542423368,-0.10414960503112525,0.759972142521292,-1.3521706890314817,0.7500559422187507,,,,,,,,,,,,,,,,,
30277632,,,,,,,,,,,,,,0.5114622951950878,1.8842268725857139,0.004227865698794631,0.45186330983415246,3.141577035188675,0.005609019921394065,3.5067503340542316,68.49662682414055,5.0053469851985e-05,9.997824236750603,82.92493617534637,6.427932356745103e-05,2.9214116167277098,0.11818198137916625,-0.12525603454560041,0.8849739080760628,1.0
30408704,0.5118879640940577,1.6957375518977642,0.004236337079646546,0.45417918101884425,3.117206260561943,0.005918726423260523,-0.002109446370905488,1.039673509541899,-0.8724968761671335,-0.09730451746145263,0.7340772948227823,-1.3653907207772136,0.7479038294404745,,,,,,,,,,,,,,,,,
30408704,,,,,,,,,,,,,,0.5122483568266034,1.7323972498998046,0.004236337079646546,0.4579091127961874,3.1460209786891937,0.005918726423260523,3.49579600058496,67.7127742767334,5.369396817389571e-05,10.000754982233047,83.18164879083633,6.01282718992735e-05,2.957587990909815,0.12103333452250808,-0.1251938664354384,0.5964278907049447,1.0
30539776,0.5113556240685284,1.660922142677009,0.005136836780820886,0.4564673602581024,3.0422857869416475,0.00550586930148711,-0.009420448299351847,0.8960409006103873,-0.9263787125237286,-0.0928211958380416,0.7400110145099461,-1.363310736604035,0.7370449709706008,,,,,,,,,,,,,,,,,
30539776,,,,,,,,,,,,,,0.511621390003711,1.685997529886663,0.005136836780820886,0.4597489917650819,3.089554827660322,0.00550586930148711,3.7334790099412203,65.52724814414978,6.002061869825326e-05,10.081063136458397,83.1891159415245,6.263265304751187e-05,2.919986441731453,0.12200921948533505,-0.12566831125877798,0.6511102898512036,1.0
30670848,0.5066226760391146,1.7947827447205782,0.00322240544073793,0.45870742411352694,3.1102770883589983,0.005271834951599885,-0.006766883714931282,0.9273587209172547,-0.8640344738960266,-0.08846651500789449,0.7453139303252101,-1.363901000469923,0.7283017383888364,,,,,,,,,,,,,,,,,
30670848,,,,,,,,,,,,,,0.5069783236831427,1.8686440382152796,0.00322240544073793,0.46243387646973133,3.1466077864170074,0.005271834951599885,3.7512786332517862,66.31804749369621,5.922345929088024e-05,10.03020503371954,83.03908431529999,5.4315026096762864e-05,2.9437140114605427,0.12309928290778771,-0.12523773359134793,0.8970014289952815,1.0
30801920,0.5091495939996094,1.828214131295681,0.004335339037652375,0.4541975040920079,3.1260373517870903,0.0056917161755336565,-0.011569529295229586,0.8473914749920368,-0.8916228590533137,-0.09145784849533811,0.7665686747059226,-1.3643370606005192,0.7487467462196946,,,,,,,,,,,,,,,,,
30801920,,,,,,,,,,,,,,0.5094039090909064,1.907188038341701,0.004335339037652375,0.45762795116752386,3.1561715323477983,0.0056917161755336565,3.613492740318179,63.70318207144737,6.392402393484709e-05,10.073046550154686,83.15442323684692,5.895493091667703e-05,2.939063346013427,0.12289239693200216,-0.12611856358125806,0.887000072048977,1.0
30932992,0.5120052439160645,1.8367810565978289,0.005766069886817604,0.45922910096123815,3.102518081665039,0.006082992481879046,-0.010119081129232654,0.9341599899344146,-0.817571401130408,-0.08946635865140706,0.831171068828553,-1.3643005657941103,0.7526761684566736,,,,,,,,,,,,,,,,,
30932992,,,,,,,,,,,,,,0.5123012098483741,1.9034486515447497,0.005766069886817604,0.46265974501147866,3.1215681117028,0.006082992481879046,3.632252983748913,67.17766484618187,7.029534012159555e-05,10.246153950691223,83.0262468457222,6.710264850529057e-05,2.9519160259515047,0.12361016805516556,-0.12548675877042115,0.7746136575005949,1.0
31064064,0.5075836398173124,1.725828368216753,0.005017897899506352,0.45702448347583413,3.102315980941057,0.006345359474835277,-0.01254817007065867,0.8723015589639544,-0.8926594401709735,-0.08846284210449085,0.7522280276753008,-1.3639509547501802,0.743165931198746,,,,,,,,,,,,,,,,,
31064064,,,,,,,,,,,,,,0.5078363756183535,1.7472512563690543,0.005017897899506352,0.46056542242877185,3.1386811956763268,0.006345359474835277,3.7307309545576572,63.989479541778564,6.119684661376468e-05,10.211945101618767,82.83596640825272,7.086030469594107e-05,2.9409287683665752,0.12528842547908425,-0.1252063289284706,0.620091496501118,1.0
31195136,0.5039026075974107,1.7362319277599454,0.005614806079620394,0.45198515616357327,3.0909158773720264,0.005935696005508362,-0.016810754088510294,0.8791026836261153,-0.8990517775528133,-0.08975051244487986,0.7714110156521201,-1.363883625715971,0.7371530784294009,,,,,,,,,,,,,,,,,
31195136,,,,,,,,,,,,,,0.5041201403364539,1.7848150869831443,0.005614806079620394,0.4551921577658504,3.1141815520823,0.005935696005508362,3.90255206823349,63.39835122227669,6.926391505763033e-05,10.201916143298149,82.88870197534561,7.30271347653133e-05,2.9823705330491066,0.12433864752529189,-0.12567402189597487,0.787813920294866,1.0
31326208,0.5054870150052011,1.7876590378582478,0.005042132294420298,0.4546403894200921,3.075407523661852,0.005373454576329095,-0.015536236351181287,0.8978432635776699,-0.8237567874602973,-0.08604563248809427,0.752526861615479,-1.3643385665491223,0.7448022817261517,,,,,,,,,,,,,,,,,
31326208,,,,,,,,,,,,,,0.5057268517557532,1.8368856636807323,0.005042132294420298,0.4580151087138802,3.101598622277379,0.005358901611543843,3.6737925335764885,63.335158079862595,6.588922472305914e-05,10.048078559339046,82.99119728803635,8.00890383099162e-05,2.948426553979516,0.12323747505433857,-0.1253414135426283,0.6667863719630986,1.0
31457280,0.5091137641575187,1.8257821826264262,0.0056062550006572565,0.45217821025289595,3.0685365423560143,0.006259494043661107,-0.011257821338404028,0.8762465873733163,-0.7762832934968174,-0.08306644478579983,0.7328360751271248,-1.3614959511905909,0.7513783569447696,,,,,,,,,,,,,,,,,
31457280,,,,,,,,,,,,,,0.5094419100787491,1.8809336079284549,0.0056062550006572565,0.45564088178798556,3.1097067184746265,0.006259494043661107,3.494882896542549,60.39655601978302,5.597033194293388e-05,9.81439858675003,83.01015383005142,6.880148494659011e-05,2.931602004915476,0.12117678514914587,-0.12586087523959577,0.7713637740816921,1.0
31588352,0.5139095068443567,1.75608791410923,0.005154042710273643,0.45879520499147475,3.1127357315272093,0.006069348005439679,-0.01154617992506246,0.8183986218646169,-0.7474826499819756,-0.08657420158851892,0.7599146505817771,-1.3623662069439888,0.7594280685298145,,,,,,,,,,,,,,,,,
31588352,,,,,,,,,,,,,,0.5142022462096065,1.798291016370058,0.005154042710273643,0.46240201010368764,3.1495610419660807,0.006069348005439679,3.585737867280841,59.98231253027916,4.398495262480928e-05,9.931264407932758,83.13390612602234,7.036559883744076e-05,2.9540400374680758,0.1207936264690943,-0.12578228954225779,0.7119006384164095,1.0
31719424,0.5179562419652939,1.6913740551099181,0.0037357106439230847,0.444063724251464,3.0489741265773773,0.006079361839510966,-0.003935234127567355,0.8447422031313181,-0.715346549404785,-0.08478953823214397,0.7383864815346897,-1.362442177720368,0.7606409010477364,,,,,,,,,,,,,,,,,
31719424,,,,,,,,,,,,,,0.5710847987332842,1.6980864187027072,0.006552358479733972,0.4412209172886643,3.04851596683755,0.004982469828334345,2.40866269288165,49.2137522780142,4.482753645861261e-05,9.253557006398646,78.54184642863962,4.973587710261589e-05,3.03654421882315,0.1131917425625763,-0.12508886389352464,0.49014412935127266,1.0
31850496,0.5142543150577694,1.8803046308457851,0.004388516963103939,0.4489167246501893,3.0866237580776215,0.006310243802545301,-0.005784226469927489,0.7414379501715302,-0.8746867934241891,-0.09244333382230252,0.7770927217788994,-1.368263361044228,0.7835107031278312,,,,,,,,,,,,,,,,,
31850496,,,,,,,,,,,,,,0.5144871789962053,1.9616008587181568,0.004388516963103939,0.4524335528258234,3.109373979270458,0.006310243802545301,3.125223418697715,59.563593968749046,6.368411067070312e-05,9.842058502137661,83.2208526134491,5.3587736934535e-05,2.9847981985658407,0.11963071691570804,-0.1253321086987853,0.8699300785083324,1.0
31981568,0.5119686021935195,1.7379123624414206,0.006011914796090423,0.4473576103337109,3.0416376404464245,0.005756274581926846,-0.0021337286119944565,0.9278800529427826,-0.9216557550244033,-0.09179526043590158,0.7539701000787318,-1.3695793617516756,0.7884641708806157,,,,,,,,,,,,,,,,,
31981568,,,,,,,,,,,,,,0.5121197048574686,1.7860288452357054,0.006011914796090423,0.45065788575448096,3.0608843117952347,0.005756274581926846,3.3333098497241735,62.625558733940125,5.679475666964251e-05,9.957747675478458,83.30471849441528,5.80056776630089e-05,2.967924604192376,0.1205932447919622,-0.12523128860630095,0.6295942491851747,1.0
32112640,0.5176329012028873,1.723104178905487,0.0073994794465761515,0.45442378986626863,3.1148135866969824,0.006430053533676983,-0.00398023874026876,1.0156382285058498,-0.9907548311166465,-0.09395571920322254,0.7336992546916008,-1.364993130788207,0.7465035433415323,,,,,,,,,,,,,,,,,
32112640,,,,,,,,,,,,,,0.5177842464763671,1.769537791609764,0.0073994794465761515,0.4579079388640821,3.153581667691469,0.006430053533676983,3.353338474407792,69.80046126246452,5.331709032363463e-05,10.113197915256023,82.6941624879837,6.552806909354558e-05,2.9746977407485247,0.12248572352109477,-0.12862792215310037,0.7732489053159952,1.0
32243712,0.5144572625868022,1.8216504724696279,0.004246697325243076,0.45186816342175007,3.028812177479267,0.0061879261070316716,-0.0025804269829450277,0.9396371659822762,-0.9045589722227305,-0.08822989102918655,0.7945371377281845,-1.3700068090111017,0.7594804959371686,,,,,,,,,,,,,,,,,
32243712,,,,,,,,,,,,,,0.5146087724715471,1.865543064661324,0.004246697325243076,0.4553712217602879,3.0619363486766815,0.006185930108131288,3.3408211171627045,66.23668679594994,5.867908257428667e-05,9.84784161299467,83.23601931333542,5.7657293588198044e-05,2.9747431091964245,0.12084604456322268,-0.12533290847204626,0.7967283038888127,1.0
32374784,0.5167708098888397,1.9945420548319817,0.0049844061852581945,0.4522332821507007,3.045965328812599,0.005525326540009701,-0.00294687650563219,0.8183044297620654,-0.935120667796582,-0.0907454565167427,0.8658592812716961,-1.3658559285104275,0.7491943477652967,,,,,,,,,,,,,,,,,
32374784,,,,,,,,,,,,,,0.5171002619899809,2.109885553829372,0.0049844061852581945,0.45601323107257485,3.1033860594034195,0.005525326540009701,3.2806163355708122,62.76600268483162,5.9142026047287466e-05,10.063480779528618,83.05336391925812,6.85735230803175e-05,2.9785889592021704,0.12201835541054606,-0.1253347573801875,0.9408845310099423,1.0
32505856,0.5192955583333969,1.8558432506397367,0.007562866840089555,0.4558370248414576,3.1625379100441933,0.005980229067063192,0.002504517428803865,0.8728357423096895,-0.767589149530977,-0.09066698263632134,0.7858583177439868,-1.3679314721375704,0.7759451507590711,,,,,,,,,,,,,,,,,
32505856,,,,,,,,,,,,,,0.5195016073994339,1.9331485843285918,0.007562866840089555,0.45925802644342184,3.197459202259779,0.005980229067063192,3.4438136033713818,59.850564032793045,5.4644803178405255e-05,10.110392175614834,83.1254033446312,5.908817520072773e-05,2.9695138968527317,0.12053141847718507,-0.12535515776835382,0.8252245730254799,1.0
32636928,0.5213068458251655,1.885944484733045,0.005179628125461022,0.4536343349609524,3.0834656413644552,0.005675058012684531,0.00025502761440066024,0.8912907592020929,-0.9480464812368155,-0.09151135385036469,0.8094420125707984,-1.3675883701071143,0.7697685998864472,,,,,,,,,,,,,,,,,
32636928,,,,,,,,,,,,,,0.521622680593282,1.947707555256784,0.005179628125461022,0.4572708911728114,3.131721146404743,0.005675058012684531,3.3647139593958855,67.31139373779297,5.293611630180495e-05,10.049708262085915,83.37486165761948,5.9702807006623004e-05,2.9607399832457304,0.11818697879789397,-0.12547130160965025,0.8466111510060728,1.0
32768000,0.52120047993958,1.7829108256846666,0.006046246955065726,0.45305491518229246,3.0565486177802086,0.006239156909487065,-0.0020964835168229,0.8793716328218579,-0.883924089372158,-0.09450210595969111,0.7291683396324515,-1.3617464499548078,0.7867444436997175,,,,,,,,,,,,,,,,,
32768000,,,,,,,,,,,,,,0.521567509509623,1.8009161446243525,0.006046246955065726,0.4569177438970655,3.0932046808302402,0.006239156909487065,3.312577895820141,61.483646124601364,5.2463326218665784e-05,10.10964272916317,83.22979831695557,5.6991214357982045e-05,2.9581278562545776,0.11934913956793025,-0.12594067840836942,0.566332911606878,1.0
32899072,0.5235717627219856,1.801992131397128,0.0055483580197233096,0.45121800946071744,3.0407928917557,0.0059182723834965145,-0.005160295929258041,0.8905539377592504,-0.9787282184697688,-0.1017330460017547,0.7294718432240188,-1.3601999692618847,0.7706814780831337,,,,,,,,,,,,,,,,,
32899072,,,,,,,,,,,,,,0.5239905174821615,1.8149472419172525,0.0055483580197233096,0.4552918344270438,3.0924552492797375,0.0059182723834965145,3.217958029359579,70.29299172759056,5.209340757272862e-05,10.166024081408978,83.30818152427673,5.9370023589799814e-05,2.956297241151333,0.11829310323810205,-0.1263702930882573,0.6321761265862733,1.0
33030144,0.5225074710324407,1.809722786769271,0.005480219777155071,0.45410824310965836,3.136517431586981,0.005398128350407205,-0.004606428343322477,0.8647583927959204,-0.8997797011397779,-0.10391816328046843,0.768477322999388,-1.3587205111980438,0.7807164606638253,,,,,,,,,,,,,,,,,
33030144,,,,,,,,,,,,,,0.5229168725199997,1.8515571262687445,0.005480219777155071,0.45809658127836883,3.168271839618683,0.005398128350407205,3.297139212489128,65.18523907661438,5.585216151882122e-05,10.278983250260353,83.30534809827805,4.845360491256834e-05,2.952741740271449,0.11853330582380295,-0.12737552099861205,0.6645701061934233,1.0
33161216,0.5217334451153874,1.8926703361794353,0.0053048767849759315,0.45199476811103523,3.1040127631276846,0.005938406243330974,-0.004321212912600458,0.9826341988518834,-0.9267457835376263,-0.09785003447905183,0.7626198497600853,-1.357510500587523,0.7950652022846043,,,,,,,,,,,,,,,,,
33161216,,,,,,,,,,,,,,0.522311232984066,1.9522057697176933,0.0053048767849759315,0.4560407088138163,3.168667482212186,0.005938406243330974,3.3942766543477774,68.75699397921562,4.662848693293142e-05,9.90983934700489,83.6319163441658,5.9225641637294935e-05,2.9467992912977934,0.11691950599197298,-0.12669517588801682,0.8563913595862687,1.0
33292288,0.5144069194793701,1.9398286379873753,0.004310119205229057,0.45462861913256347,3.1333183646202087,0.005901096282286744,-0.004553315578657902,0.9898669929243624,-0.8779997085221112,-0.10008820734219626,0.7646005796268582,-1.3596508214250207,0.7914734156802297,,,,,,,,,,,,,,,,,
33292288,,,,,,,,,,,,,,0.5149431866593659,2.010933917015791,0.004310119205229057,0.45856848964467645,3.1707560140639544,0.005901096282286744,3.516213398426771,70.51007369160652,5.2841859019103765e-05,10.108296446502209,83.3706921339035,5.8370355992404255e-05,2.9379194732755423,0.11902402411215007,-0.12545234826393425,0.8449785138946027,1.0
33423360,0.5247730347327888,1.8563573760911822,0.005166563578143268,0.45449966727755964,3.0636745132505894,0.005587688508967403,-0.006646935818935162,0.9864544086158276,-0.8190656015649438,-0.1017168959369883,0.7603030754253268,-1.3597403429448605,0.8010628442279994,,,,,,,,,,,,,,,,,
33423360,,,,,,,,,,,,,,0.5252512679435313,1.8941031768918037,0.005166563578143268,0.45850431779399514,3.121541803702712,0.005587688508967403,3.5122209396213293,70.25363674759865,5.2644209677099596e-05,10.132271021604538,83.1166245341301,5.572226765249155e-05,2.9528314508497715,0.1172409753780812,-0.12581840227358043,0.7521487607154995,1.0
33554432,0.5193324112333357,1.740377863869071,0.003998548214667608,0.45520229334942997,3.0685201101005077,0.005502405427648682,-0.007504681784411105,1.067564969882369,-0.8559398003853858,-0.10124211356742308,0.7537388899363577,-1.35504206456244,0.763673571869731,,,,,,,,,,,,,,,,,
33554432,,,,,,,,,,,,,,0.5199299762025476,1.7821723250672221,0.003998548214667608,0.4594793247524649,3.1268615312874317,0.005502405427648682,3.578205995261669,73.20449787378311,5.546651456578289e-05,10.13412457704544,83.27736449241638,5.551103753265174e-05,2.9647591281682253,0.11978481110418215,-0.12549183331429958,0.7754743942059577,1.0
33685504,0.5196145907975733,1.8265269976109266,0.004687298460339662,0.45833564456552267,3.119282642379403,0.005499499945472053,-0.010241585149060484,1.0643467498011887,-0.7962057527620345,-0.10296499915421009,0.7292899833992124,-1.3601001407951117,0.7823249767534435,,,,,,,,,,,,,,,,,
33685504,,,,,,,,,,,,,,0.5200539329089224,1.8268909649923444,0.004687298460339662,0.46232645283453166,3.1524981055408716,0.005499499945472053,3.570350334048271,71.47575441002846,5.9590549006394156e-05,10.257391884922981,83.13550394773483,6.062140785623171e-05,2.951534306630492,0.1203061158885248,-0.12522205896675587,0.582295274361968,1.0
33816576,0.5217787227593362,1.7066745422780514,0.0047228350226760085,0.45429694931954145,3.1213813982903957,0.006404129120710422,-0.010289342015312286,0.966917518991977,-0.9156265915371478,-0.09862292429897934,0.7225725632160902,-1.357832713983953,0.7884289431385696,,,,,,,,,,,,,,,,,
33816576,,,,,,,,,,,,,,0.5223019775003195,1.7660750430077314,0.0047228350226760085,0.45825302554294467,3.1675940062850714,0.006404129120710422,3.577530549839139,71.77312526106834,5.4503905095426575e-05,9.982917480170727,83.48798978328705,5.8334203175358645e-05,2.9211526047438383,0.11839006590889767,-0.12538274796679616,0.6727167081553489,1.0
33947648,0.5231868573464453,1.8289346443489194,0.00459939406164267,0.45504967332817614,3.1531465984880924,0.005701808111098217,-0.011165515523316571,0.8698179321363568,-0.8506263745948672,-0.10346027335617691,0.7673837337642908,-1.3551389398053288,0.8014076070394367,,,,,,,,,,,,,,,,,
33947648,,,,,,,,,,,,,,0.5238161752931774,1.9000365464016795,0.00459939406164267,0.45927912183105946,3.2035585213452578,0.005701808111098217,3.4405272845178843,67.78189900517464,5.4337258698633484e-05,10.243742763996124,83.25824093818665,5.881097742532759e-05,2.9344317074865103,0.1205489058047533,-0.12523758434690535,0.7803889962378889,1.0
34078720,0.5230786176398396,1.9395192954689264,0.003360091626745998,0.452302573248744,3.0729838628321886,0.005415350355633564,-0.009994121410272783,0.8961375432554632,-0.7228576093912125,-0.09905013145180419,0.7444019089452922,-1.3607480060309172,0.7888890854083002,,,,,,,,,,,,,,,,,
34078720,,,,,,,,,,,,,,0.5235577025450766,2.0059603713452816,0.003360091626745998,0.45608156733214855,3.1640194039791822,0.005415350355633564,3.448263416066766,63.62654647231102,5.645782709839953e-05,10.092929765582085,83.35004341602325,6.585293171790241e-05,2.9452846739441156,0.11863415903644636,-0.1252983659505844,0.7638974857982248,1.0
34209792,0.5219234363175929,1.8442799411714077,0.003317719400911301,0.45360793685540557,3.0847826208919287,0.004366662633856322,-0.005708584943477035,1.0517910718917847,-0.9171576336957514,-0.0967674310086295,0.7472310457378626,-1.3626117501407862,0.800675923936069,,,,,,,,,,,,,,,,,
34209792,,,,,,,,,,,,,,0.522388456389308,1.886034737341106,0.003317719400911301,0.4577537188306451,3.149147951975465,0.004366662633856322,3.5254561472684145,73.27272295951843,5.055886977253787e-05,9.944749563932419,83.35104221105576,6.30233343160147e-05,2.964503640308976,0.11704298882978037,-0.12532661762088537,0.6666516861878335,1.0
34340864,0.5296526681631804,1.8197557153180242,0.007753734339985385,0.452677886467427,3.0611205343157053,0.00620302147581242,-0.0016143833768182958,0.8827361729927361,-0.8602973555680364,-0.0818617774057202,0.7285289317369461,-1.3602748066186905,0.8015773501247168,,,,,,,,,,,,,,,,,
34340864,,,,,,,,,,,,,,0.579879665358381,1.7805533143845234,0.008124248303239845,0.44333271306663097,3.090798477550129,0.00556940692713197,2.5896286966847155,58.56715040740936,5.0585370506997916e-05,9.34715219130893,79.3525071524411,4.995399573485112e-05,3.031719529694253,0.11371417179355746,-0.12500913445274908,0.5637111819789304,1.0
34471936,0.5208879425190389,1.7615041946992278,0.006382835948443244,0.45079700415953994,3.0142664667218924,0.006131757059847587,0.00016205944515945703,0.9029661417007446,-0.9170651941094548,-0.08541605260688812,0.7239320697262883,-1.3667849181219935,0.7730143219232559,,,,,,,,,,,,,,,,,
34471936,,,,,,,,,,,,,,0.5213032462634146,1.7813192894682288,0.006382835948443244,0.45484556164592505,3.101287556812167,0.006131757059847587,3.4511454552412033,67.16792920231819,6.111589769797199e-05,9.926504850387573,83.69025069475174,6.160448297665155e-05,2.9602590911090374,0.11875080090248957,-0.1254654556978494,0.5788548709824681,1.0
34603008,0.521912079770118,1.8080929145216942,0.0047713295068660955,0.44924857118166983,3.0742082446813583,0.004916847928598145,0.003964374872509779,0.9237002460286021,-1.0176462177187204,-0.09060098335612565,0.7726142802275717,-1.3551122099161148,0.7902933768928051,,,,,,,,,,,,,,,,,
34603008,,,,,,,,,,,,,,0.5224654884077609,1.864077472127974,0.0047713295068660955,0.4533942686393857,3.1370447166264057,0.004916847928598145,3.417683159932494,71.81812772154808,6.143391630297756e-05,9.942522995173931,83.432148873806,6.273453230787318e-05,2.961358118802309,0.1180687565356493,-0.12520140502601862,0.7944103549234569,1.0
34734080,0.5231381608173251,1.9049298893660307,0.0019530705963006767,0.44783638371154666,3.0732538774609566,0.005156345776413218,0.004976235055721645,0.9724410939961672,-0.827204120811075,-0.09582842298550531,0.759426309261471,-1.3571469653397799,0.7980125583708286,,,,,,,,,,,,,,,,,
34734080,,,,,,,,,,,,,,0.5237310975790024,1.9718920141458511,0.0019530705963006767,0.45205969479866326,3.12371769733727,0.005156345776413218,3.2187650203704834,68.26899445056915,4.6151507459790686e-05,10.053791508078575,83.55399733781815,6.185511612694095e-05,2.9335051886737347,0.11684145318577066,-0.12517869682051241,0.79586809896864,1.0
34865152,0.5175803024321795,1.817098974250257,0.002335156641265712,0.44525569677352905,3.0783964060246944,0.004979685002581391,0.0052435992675654575,0.9735469720326364,-0.9212813631165773,-0.09916843665996566,0.7601458500139415,-1.3615414192900062,0.7906919177621603,,,,,,,,,,,,,,,,,
34865152,,,,,,,,,,,,,,0.5180567870847881,1.8546793824061751,0.002335156641265712,0.44922433025203645,3.1302380841225386,0.004979685002581391,3.294817488640547,71.08628568053246,5.8157957742110966e-05,10.165344014763832,83.32165783643723,5.5735432706427446e-05,2.9540690295398235,0.11727127083577216,-0.12526654545217752,0.6742736101150513,1.0
34996224,0.5211454597301781,1.8722484419122338,0.00564548282773103,0.4480608426965773,3.0761839747428894,0.005944500646819506,0.0023996424010448436,0.8463238435797393,-0.9312614514492452,-0.09713501471560448,0.7680719154886901,-1.3523018769919872,0.794554521329701,,,,,,,,,,,,,,,,,
34996224,,,,,,,,,,,,,,0.5216565518639982,1.9357453268021345,0.00564548282773103,0.45185279729776084,3.103965677320957,0.005944500646819506,3.14849853515625,68.35419002175331,5.3516931108221755e-05,10.058071359992027,83.17618244886398,5.62629239367618e-05,2.940953968092799,0.11598819238133729,-0.12551426910795271,0.7984330398030579,1.0
35127296,0.5189440683461726,1.8261702274903655,0.004481560091562642,0.4472989095374942,3.07281625084579,0.006410007180420507,0.0025042943249715677,0.8778026327490807,-0.9168754355050623,-0.09615382697666064,0.7640938707627356,-1.3512001810595393,0.7983769900165498,,,,,,,,,,,,,,,,,
35127296,,,,,,,,,,,,,,0.5194541374221444,1.8499155016615987,0.004481560091562642,0.45116463443264365,3.1225684713572264,0.006410007180420507,3.2612883783876896,65.18439257144928,5.756409412094321e-05,10.17909823358059,83.22014129161835,5.756004614099197e-05,2.941369231790304,0.11699791892897338,-0.12555558700114489,0.5682356159668416,1.0
35258368,0.5170486145652831,1.7566485861316323,0.004697345401154962,0.44880125764757395,3.1123137678951025,0.005658744224547263,-0.0007697756398670208,0.8947444781661034,-0.8151489277370274,-0.09838133730227128,0.7685285918414593,-1.3611334897577763,0.7732569985091686,,,,,,,,,,,,,,,,,
35258368,,,,,,,,,,,,,,0.517588300164789,1.7775482153519988,0.004697345401154962,0.45287380483932793,3.169460441917181,0.005658744224547263,3.246626330539584,67.76676112413406,6.133023974919105e-05,10.141919769346714,83.49695134162903,5.810231843600411e-05,2.934927275404334,0.11663295078324154,-0.12532441434450448,0.6315194156486541,1.0
35389440,0.5165894711390138,1.7853532647714019,0.0038310694469601003,0.45049410522915423,3.1217980347573757,0.005733442864311655,-0.008486454373269225,0.931068763602525,-0.9451902115251869,-0.09590024960925803,0.7442479943856597,-1.3509532762691379,0.7993341437540948,,,,,,,,,,,,,,,,,
35389440,,,,,,,,,,,,,,0.5171030592173338,1.806947037577629,0.0038310694469601003,0.45456804148852825,3.1722969096153975,0.005733442864311655,3.4699651561677456,70.63672050833702,5.5686557632217415e-05,10.154527366161346,83.06888109445572,5.5860378512573305e-05,2.9579215478152037,0.11781796818831936,-0.1256378130055964,0.5662370717618614,1.0
35520512,0.5184877286665142,1.8764758445322514,0.004259872284364974,0.4548863444942981,3.0642541460692883,0.006214211221958976,-0.010466613521202817,0.8485097244847566,-0.8833071300759912,-0.09672110545216128,0.7587971985340118,-1.3569056000560522,0.780838084872812,,,,,,,,,,,,,,,,,
35520512,,,,,,,,,,,,,,0.5189350028522313,1.920924173668027,0.004259872284364974,0.4585942095145583,3.099987782537937,0.006214211221958976,3.4857103880494833,64.54256063699722,5.841658870497923e-05,10.222303301095963,83.09868091344833,6.375802769165162e-05,2.9404531959444284,0.11865019291872159,-0.12649178272113204,0.661629305453971,1.0
35651584,0.5164034701883793,1.787497933022678,0.003797956960170268,0.45531132095493376,3.102596076205373,0.005623161958510536,-0.01242502527020406,0.9797782464884222,-0.8247319855727255,-0.10093608620809391,0.7477139616385102,-1.3597278846427798,0.7721431874670088,,,,,,,,,,,,,,,,,
35651584,,,,,,,,,,,,,,0.5168772814795375,1.815035404637456,0.003797956960170268,0.45919529255479574,3.178475759923458,0.005623161958510536,3.6597132459282875,71.65877559781075,5.3958336009629626e-05,10.31726449728012,83.37460279464722,6.215518363547612e-05,2.932652786374092,0.11832081759348512,-0.125288960756734,0.6445470643229783,1.0
35782656,0.5172684476710856,1.8927211733534932,0.002362207118039805,0.4555197365116328,3.0675690975040197,0.004225267753554363,-0.014159322556224652,0.9020078876055777,-0.788239726331085,-0.10055267618736252,0.7597283567301929,-1.3544281497597694,0.7887117005884647,,,,,,,,,,,,,,,,,
35782656,,,,,,,,,,,,,,0.5177980903536081,1.9539656229317188,0.002362207118039805,0.4591293085832149,3.113334773108363,0.004225267753554363,3.704140705987811,62.066383987665176,6.0693935535816035e-05,10.26079262048006,82.91777670383453,6.242759846086798e-05,2.909801460802555,0.11792240996146575,-0.1253784445580095,0.8194467916619033,1.0
35913728,0.5142559551168233,1.9107237104326487,0.0019229136532885605,0.45746105583384633,3.1822427548468113,0.005024273074923258,-0.012827708760596579,0.8842087765224278,-0.8326985212042928,-0.1099204967613332,0.7547340341843665,-1.3603671751916409,0.7930691847577691,,,,,,,,,,,,,,,,,
35913728,,,,,,,,,,,,,,0.5147558955941349,1.9995247088372707,0.0019229136532885605,0.4610549008939415,3.2139691654592752,0.005024273074923258,3.6533020325005054,64.94227063655853,5.0928191918098165e-05,10.616136625409126,83.35676854848862,7.303873321773402e-05,2.9186408296227455,0.11653537268284708,-0.12519261823035777,0.820532358251512,1.0
36044800,0.5092181377112865,1.7299220450222492,0.004555077010763853,0.4552259717602283,3.0280368104577065,0.005542474087633309,-0.010001778202422429,0.9227201966568828,-0.8935125847347081,-0.11420420330250636,0.7190715963952243,-1.3537257360294461,0.7825352386571467,,,,,,,,,,,,,,,,,
36044800,,,,,,,,,,,,,,0.5096835482399911,1.7639567563310266,0.004555077010763853,0.4588053929619491,3.1025659758597612,0.005542474087633309,3.8439540900290012,67.48444467782974,5.5231008327272235e-05,10.60904536396265,82.93041306734085,6.21066237529444e-05,2.880386099219322,0.11642789386678487,-0.12598241120576859,0.6503109151963145,1.0
36175872,0.5087214028462768,1.9376126006245613,0.004462658690272292,0.4518590159714222,3.1766765899956226,0.005895756333757163,-0.010550276367212064,0.9012518217787147,-0.8049265865702182,-0.11472817236790434,0.787097551394254,-1.3471033871173859,0.7631008070893586,,,,,,,,,,,,,,,,,
36175872,,,,,,,,,,,,,,0.5093215140514076,2.0162362242117524,0.004462658690272292,0.455622592009604,3.2201761063188314,0.005895756333757163,3.5306605380028486,65.72559824585915,6.11132844703377e-05,10.641580998897552,82.77738219499588,6.461988665185103e-05,2.8965168986469507,0.11766527290455997,-0.12557655200362206,0.945081427693367,1.0
36306944,0.512964739697054,1.8927427949383855,0.004263548195979183,0.45748596056364477,3.176574904471636,0.005474431228321919,-0.010695600183680654,0.8943262167740613,-0.9755818657577038,-0.11878101550973952,0.7544798008166254,-1.3508785320445895,0.7650821921415627,,,,,,,,,,,,,,,,,
36306944,,,,,,,,,,,,,,0.5136243286542594,1.9799028523266315,0.004263548195979183,0.4616623455658555,3.2622432336211205,0.005474431228321919,3.5146772619336843,72.35538789629936,5.447212764719822e-05,10.771308302879333,82.9694652557373,6.19107046422318e-05,2.9066285751760006,0.11755526612978429,-0.12539964052848518,0.8099825051613152,1.0
36438016,0.5109580927528441,1.830695627257228,0.0026982203000898153,0.4522226392291486,3.114821581169963,0.004896881536751607,-0.008514789455148275,0.7935747839510441,-0.949530869955197,-0.11457839654758573,0.7489323848858476,-1.3491183342412114,0.7837824891321361,,,,,,,,,,,,,,,,,
36438016,,,,,,,,,,,,,,0.5115591387730092,1.8768967101350427,0.0026982203000898153,0.45621677045710385,3.1581848450005054,0.004896881536751607,3.39933798648417,65.96209412813187,5.89981229044273e-05,10.693262405693531,83.0058256983757,6.588136122154253e-05,2.908443508669734,0.11572166188852862,-0.12542368192225695,0.6282014884054661,1.0
36569088,0.5211815894581378,1.8903953963890672,0.0033418910400087043,0.456029285909608,3.1208502631634474,0.004787161261901929,-0.006721545560424147,0.9114508104976267,-0.9201423642225564,-0.11383969988673925,0.7610282907262444,-1.352402993477881,0.8052240149118006,,,,,,,,,,,,,,,,,
36569088,,,,,,,,,,,,,,0.5218061809428036,1.9504088703542948,0.0033418910400087043,0.4600650374777615,3.1994110345840454,0.004787161261901929,3.376419946551323,69.14849549531937,4.9457178418560455e-05,10.631484046578407,83.14983570575714,5.563951724302241e-05,2.921544848009944,0.11537951981881633,-0.12519042077474296,0.8518493950832635,1.0
36700160,0.5202957582660019,1.8402181202545762,0.00436301976969844,0.4505098753143102,3.1050983611494303,0.00572845422084356,-0.0012295092039806832,0.976617394015193,-0.8986712307669222,-0.11374558811075985,0.7624188452027738,-1.3519575083628297,0.7875779299065471,,,,,,,,,,,,,,,,,
36700160,,,,,,,,,,,,,,0.5208718082867563,1.8793157702311873,0.00436301976969844,0.45451357727870345,3.1670568492263556,0.00572845422084356,3.210953291505575,70.75724112987518,6.005639713801969e-05,10.651444420218468,82.88333064317703,5.87657503404726e-05,2.9035143069922924,0.11431038938462734,-0.1264587079640478,0.7255834084935486,1.0
36831232,0.5174673898145556,1.9269265793263912,0.0042905111147319985,0.4479095952119678,3.177249314263463,0.005358281969165546,0.00239874774624127,0.9974027450662106,-0.8099675488192588,-0.11195334268268198,0.7727854941040277,-1.3534684116020799,0.7758377846330404,,,,,,,,,,,,,,,,,
36831232,,,,,,,,,,,,,,0.5180428703315556,2.0112523678690195,0.0042905111147319985,0.4518786175176501,3.2377276737242937,0.005358281969165546,3.159264549612999,69.0180773139,6.05523811407771e-05,10.713089033961296,83.17851758003235,5.1721969283047287e-05,2.9216570779681206,0.11496785492636263,-0.1252216980792582,0.8175208405591547,1.0
36962304,0.5254178182221949,1.7947204569354653,0.0037087422231252276,0.4469564934261143,3.125117102637887,0.005529896802727308,0.002888236047752457,0.959196069277823,-0.9871692154556513,-0.10036770231090486,0.8419013069942594,-1.3549345321953297,0.7798498682677746,,,,,,,,,,,,,,,,,
36962304,,,,,,,,,,,,,,0.5721620373673492,1.739664036821533,0.006493818161078917,0.4422637177733602,3.0768653550645806,0.004307891455287712,2.57602787653629,62.172475083986974,4.6633472050173505e-05,9.970744976459153,78.78674926477801,4.944785088951369e-05,3.0154094784469394,0.11034918733831536,-0.12503649756967367,0.5138102674058506,1.0
37093376,0.5226320251822472,1.821430617943406,0.003321039893762645,0.4465142802800983,3.0715975612401962,0.006007717890497588,0.00395828129092024,0.9001590113621205,-0.9071065385360271,-0.10065442643826827,0.7937421333044767,-1.353784829378128,0.7816777681000531,,,,,,,,,,,,,,,,,
37093376,,,,,,,,,,,,,,0.5231056185439229,1.8618295155465603,0.003321039893762645,0.4502520926762372,3.1060449201613665,0.006007717890497588,3.1916742380708456,67.77107159793377,4.949541165988336e-05,10.287135995924473,83.12591141462326,5.871608718566179e-05,2.9354319274425507,0.11521958600496873,-0.12545789661817253,0.6536339442245662,1.0
37224448,0.5174921550787985,1.839212154969573,0.005673079263942782,0.445304948836565,3.12818325124681,0.005389433717027714,0.00819799879900529,1.0397852971218526,-0.9626239603385329,-0.10647981119109318,0.7424366222694516,-1.3548947116360068,0.795566972810775,,,,,,,,,,,,,,,,,
37224448,,,,,,,,,,,,,,0.518078429158777,1.8878943445160985,0.005673079263942782,0.4494654268492013,3.193415831774473,0.005389433717027714,3.2874658945947886,73.36689546704292,5.043905979894292e-05,10.275530844926834,83.48643231391907,5.9503490600160136e-05,2.9438210614025593,0.11520803155144677,-0.1254377297591418,0.8429613572079688,1.0
37355520,0.5153024119790643,1.9219703236594796,0.004009864283261777,0.44454991072416306,3.113431828096509,0.005391316210534569,0.009820705710808397,0.9826808678917587,-0.9212490345817059,-0.1067814757116139,0.758643283508718,-1.3613233817741275,0.8017435758374631,,,,,,,,,,,,,,,,,
37355520,,,,,,,,,,,,,,0.5158766894601285,1.9822164233773947,0.004009864283261777,0.4486268968321383,3.1694900561124086,0.005391316210534569,3.3190509900450706,68.59161257743835,5.7001831632153e-05,10.227420806884766,83.8678405880928,6.379140472514457e-05,2.9307202827185392,0.11475122772390023,-0.12580492068082094,0.644026460358873,1.0
37486592,0.5159503174945712,1.8102548066526651,0.002628510841759635,0.44390997127629817,3.105311021208763,0.004806687744803639,0.00856472406485409,1.012164174579084,-0.8519726938102394,-0.10492216900456697,0.7369013046845794,-1.3533550249412656,0.8120426018722355,,,,,,,,,,,,,,,,,
37486592,,,,,,,,,,,,,,0.516470697009936,1.8571109529584646,0.002628510841759635,0.4477527050767094,3.162246197462082,0.004806687744803639,3.4270936343818903,69.08545976877213,5.25914779851977e-05,10.178425312042236,83.32708263397217,5.9263068942994046e-05,2.910483391955495,0.1148147217463702,-0.12560332845896482,0.7604375872761011,1.0
37617664,0.513868368929252,1.8242425173521042,0.0028487799091863053,0.448551086243242,3.199278112500906,0.00497484888182953,0.008880841411155416,0.9074979205615819,-0.9256122568622231,-0.10823539091506973,0.7792617436498404,-1.3581198574975133,0.8034463478252292,,,,,,,,,,,,,,,,,
37617664,,,,,,,,,,,,,,0.5142818824388087,1.8667238857597113,0.0028487799091863053,0.4522955685388297,3.2344532161951065,0.00497484888182953,3.4458068758249283,67.53891426324844,5.488145245435838e-05,10.424079522490501,83.17930644750595,5.548690004353318e-05,2.933005042374134,0.11605980648892,-0.12586515536531806,0.6645926074124873,1.0
37748736,0.5172496922314167,1.8315971037372947,0.00540624304164794,0.4481252864934504,3.09996241517365,0.005930403628099157,0.010680154198780656,1.0267248037271202,-0.9283657907508314,-0.10913527035154402,0.7339328350499272,-1.3580497680231929,0.7705338480882347,,,,,,,,,,,,,,,,,
37748736,,,,,,,,,,,,,,0.5176755441352725,1.8457818860188127,0.00540624304164794,0.4518313743174076,3.1431749910116196,0.005930403628099157,3.2669660821557045,72.62925162911415,4.247340551391532e-05,10.32613306492567,83.06326794624329,6.483722023276073e-05,2.9505001306533813,0.11452511214883998,-0.1254647255409509,0.77288862853311,1.0
37879808,0.521398258395493,1.795345596037805,0.004650482392662525,0.4493931320030242,3.062912868335843,0.005897174706660735,0.009609485907276394,0.9188973656855524,-0.871769072022289,-0.10073232394643128,0.7242176658473909,-1.3572113132104278,0.799141223076731,,,,,,,,,,,,,,,,,
37879808,,,,,,,,,,,,,,0.5218677148222923,1.8497134083881974,0.004650482392662525,0.45322742382995784,3.1055590361356735,0.005897174706660735,3.2433214653283358,65.58110082149506,5.83707292634017e-05,10.009494811296463,83.3114082813263,5.9160038789807246e-05,2.9305557999759912,0.1142856102087535,-0.12550529232248664,0.7064193391706795,1.0
38010880,0.5144559335894883,1.8889504047110677,0.004241960906483655,0.44517618720419705,3.0471323914825916,0.005111393549668719,0.010572030685580103,1.0982180326245725,-0.9030752955004573,-0.10026591777568683,0.7537807575426996,-1.3537263525649905,0.7936496362090111,,,,,,,,,,,,,,,,,
38010880,,,,,,,,,,,,,,0.5149174621328712,1.9431951669976115,0.004241960906483655,0.4489731003995985,3.097014080733061,0.005111393549668719,3.422234769910574,73.11797913908958,6.370062201838111e-05,10.038715124130249,83.08910202980042,6.999371602489646e-05,2.967371614649892,0.1189086107769981,-0.12601317442022264,0.760065651498735,1.0
38141952,0.5165342860855162,2.0220535648986697,0.003682202143181712,0.44830788811668754,3.0446792542934418,0.005053201374266791,0.006331138071686837,0.895780605264008,-0.6993168583139777,-0.09551430959254503,0.7872261460870504,-1.3551458353176713,0.8048032876104116,,,,,,,,,,,,,,,,,
38141952,,,,,,,,,,,,,,0.517077136784792,2.1218859888613224,0.003682202143181712,0.4521277437452227,3.0933849532157183,0.005053201374266791,3.1814001221209764,64.45064315199852,5.530213013349439e-05,9.94637218862772,83.01679015159607,5.953633285349369e-05,2.9392859432846308,0.11745726683875546,-0.12516385246999562,1.0239904951304197,1.0
38273024,0.5156929781660438,1.8565287552773952,0.005026658302085707,0.44579356955364347,3.0389745477586985,0.005850228430062998,0.0025757539122999162,0.932622421067208,-0.819024077616632,-0.09787351754494011,0.7294563823379576,-1.3564043240621686,0.8000771747902036,,,,,,,,,,,,,,,,,
38273024,,,,,,,,,,,,,,0.5161373540759087,1.9142826814204454,0.005026658302085707,0.4495531339198351,3.0932481549680233,0.005850228430062998,3.138002384454012,62.711647897958755,5.544741553276111e-05,10.01035901159048,83.28623902797699,7.192669199151958e-05,2.9701288770884275,0.1171712385257706,-0.12516022729687393,0.5280674146488309,1.0
38404096,0.5207671532407403,1.7809918075799942,0.005292792072850716,0.44651844119653106,3.1001857426017523,0.005680493155068689,0.0043847749639098765,1.012007167097181,-0.6165593997575343,-0.09089999546995386,0.7459373525343835,-1.3590024216100574,0.7943218196742237,,,,,,,,,,,,,,,,,
38404096,,,,,,,,,,,,,,0.5211345385760069,1.813653918914497,0.005292792072850716,0.4502790074329823,3.116903491318226,0.0056404099773317284,3.101223323494196,65.45359534025192,5.2302488257716107e-05,9.71493336558342,83.28665298223495,6.325742943336099e-05,2.974168697372079,0.1163008808507584,-0.12568122590892017,0.6476932344958186,1.0
38535168,0.5224462705664337,1.8517784578725696,0.004151248730522639,0.4505996694788337,3.055471822619438,0.005819310688821133,-0.000357978173212814,0.9329781183041632,-0.8610619825776666,-0.08792053163051605,0.7257086867466569,-1.3589171282947063,0.7959090126678348,,,,,,,,,,,,,,,,,
38535168,,,,,,,,,,,,,,0.5228753415867686,1.8728464134037495,0.004151248730522639,0.4543072774540633,3.083251841366291,0.005819310688821133,3.1421049050986767,65.6428669989109,5.405615771891803e-05,9.751686103641987,83.30866205692291,5.241655812149304e-05,2.9685605634003878,0.11675614543491974,-0.12553113442845643,0.5577333495020866,1.0
38666240,0.5203295582905412,1.7502978602424264,0.004879212604464556,0.4513221674133092,3.076563721522689,0.005536072269478609,-0.0038946702637829844,0.9284117422066629,-0.8899942222051322,-0.09101844893302768,0.7465703887864947,-1.359466108493507,0.7997893248684704,,,,,,,,,,,,,,,,,
38666240,,,,,,,,,,,,,,0.5207303455099463,1.7953374674543738,0.004879212604464556,0.4549663965590298,3.1115294825285673,0.005536072269478609,3.3463822044432163,67.97579771280289,5.8221961614313145e-05,9.797404050827026,83.42070889472961,7.427590500762304e-05,2.9812870621681213,0.12040403339779004,-0.12546086427755654,0.6329575683921576,1.0
38797312,0.5207407679408789,1.7873904071748257,0.0035701831170626974,0.44958117022179067,3.054557191208005,0.005739497175454744,-0.005573494433463111,0.8254750871565193,-0.8273715991526842,-0.08656723843887448,0.7401906568557024,-1.3585017696022987,0.771201494615525,,,,,,,,,,,,,,,,,
38797312,,,,,,,,,,,,,,0.5211104140616953,1.8343336805701256,0.0035701831170626974,0.45313091739080846,3.0877193938940763,0.005739497175454744,3.3031244687736034,61.31404401361942,5.953439100413703e-05,9.618126094341278,82.96931850910187,6.583149682903855e-05,2.9496235474944115,0.11690849106526002,-0.12525164452381432,0.7703935685567558,1.0
38928384,0.5180547977797687,1.8651095563545823,0.004735872448691225,0.45027509541250765,3.0514297988265753,0.005576991228736006,-0.008445932104223175,0.8104503303766251,-0.9406385456677526,-0.08170955604873598,0.7616236000321805,-1.3489232445135713,0.7851900886744261,,,,,,,,,,,,,,,,,
38928384,,,,,,,,,,,,,,0.5185439796186984,1.900948648341,0.004735872448691225,0.4542007560376078,3.1001950055360794,0.005576991228736006,3.440122611820698,66.16046169400215,6.405755081306808e-05,9.526515699923038,82.97592401504517,6.899435363111328e-05,2.9465056098997593,0.1181658036657609,-0.12586109852418303,0.6431744510773569,1.0
39059456,0.5246463962830603,1.9537154072895646,0.0035919495292091597,0.4535689237527549,3.058565502986312,0.0054931433428464516,-0.0057782352741924115,0.845013240352273,-0.8199637185316533,-0.08459529158426449,0.7713587661273777,-1.3530676970258355,0.7895965022034943,,,,,,,,,,,,,,,,,
39059456,,,,,,,,,,,,,,0.5252024191431701,2.0382839292287827,0.0035919495292091597,0.45751975174061954,3.1157883796840906,0.0054931433428464516,3.43097254447639,62.0336856842041,5.2570686306374625e-05,9.585082918405533,83.2128958106041,5.387822416702548e-05,2.945227114483714,0.12025023048045114,-0.12751815421506763,0.8512015417218208,1.0
39190528,0.5217152731493115,1.8706207629293203,0.002296696055736902,0.445374313974753,3.1161343548446894,0.0053672913018090185,-0.004900932020760251,0.8413619701750576,-0.9083734345622361,-0.08706971816718578,0.7520763585343957,-1.3580337185412645,0.7937152120284736,,,,,,,,,,,,,,,,,
39190528,,,,,,,,,,,,,,0.5222949548624456,1.9344344455748796,0.002296696055736902,0.44946838868781924,3.1512294840067625,0.0053672913018090185,3.264185441657901,67.20533949136734,5.896201713739835e-05,9.493328146636486,83.40431612730026,5.7184512627705963e-05,2.942568175494671,0.11547756381332874,-0.12580944318324327,0.7811038461513817,1.0
39321600,0.5220106267370284,1.8433155911043286,0.0023098409669728426,0.4477724165190011,3.1091372910887003,0.0045473792670236435,0.00015291683604345963,0.9618275575339794,-0.8615371196065098,-0.09150966466404498,0.7531353384256363,-1.3490746086463332,0.8115769401192665,,,,,,,,,,,,,,,,,
39321600,,,,,,,,,,,,,,0.5225514071062207,1.8767608208581805,0.0023098409669728426,0.4516622768715024,3.157726000994444,0.004520356000284664,3.294058760628104,70.68792343139648,5.40053456814793e-05,9.70508497953415,82.75432425737381,5.8757599858516585e-05,2.9268712159246206,0.11702223110478371,-0.12620676844380796,0.6502620929386467,1.0
39452672,0.5205818489193916,1.7995267286896706,0.004698576238752139,0.4450136264786124,3.0566818471997976,0.005499303886153939,-0.002099588143693154,0.8671127995476127,-0.7284579463303089,-0.0950369294732809,0.7307565752416849,-1.352468398399651,0.802556096110493,,,,,,,,,,,,,,,,,
39452672,,,,,,,,,,,,,,0.5210473812185228,1.8323981957510114,0.004698576238752139,0.4487263159826398,3.1137763168662786,0.005499303886153939,3.1798801831901073,59.34821733832359,5.465678423410836e-05,9.82700840383768,83.42760044336319,5.9694453574343775e-05,2.9404081739485264,0.11681354336906224,-0.1251685325987637,0.7206061305478215,1.0
39583744,0.5283764223568141,1.7130214795470238,0.00354378558404278,0.4428069305140525,3.07267789542675,0.005226299315154392,0.006629247656746884,1.0026018470525742,-0.8987021665088832,-0.09634911105968058,0.7401722609065473,-1.3503745598718524,0.8111305264756083,,,,,,,,,,,,,,,,,
39583744,,,,,,,,,,,,,,0.5739241298083421,1.7505206200447712,0.006413919702466516,0.4368134564771266,3.0762360776764353,0.004512838443538435,2.4845905987044365,59.05737675693664,4.6702587710206315e-05,9.352627239933309,78.7787879071311,4.6653881457578154e-05,3.0098099295909586,0.1109679880818086,-0.1251513809784428,0.5123798161499448,1.0
39714816,0.5188030484132469,1.7989024324342608,0.004333073144152877,0.4430243796668947,3.0428078547120094,0.005370873905121698,0.003903183758211526,0.9234858048148453,-0.8895160611718893,-0.10112884390400723,0.7445915439166129,-1.3513704063370824,0.8171325321309268,,,,,,,,,,,,,,,,,
39714816,,,,,,,,,,,,,,0.5194596359506249,1.8182077705860138,0.004333073144152877,0.4471227505709976,3.0995749570429325,0.005370873905121698,3.2148114927113056,67.26053914427757,5.670517494205107e-05,9.918694883584976,83.17567801475525,5.391643599583773e-05,2.942105360329151,0.11491344368550926,-0.12526398478075862,0.6320562881883234,1.0
39845888,0.5221723830327392,1.870801110751927,0.002112067039888643,0.4464393297675997,3.079277127981186,0.0037690355093218386,0.004793938898728811,0.8712558019906282,-0.7780371836852282,-0.09542377811158076,0.7412448599934578,-1.3478984497487545,0.784371726680547,,,,,,,,,,,,,,,,,
39845888,,,,,,,,,,,,,,0.5228456207551062,1.9256541198119521,0.002112067039888643,0.45049937372095883,3.142970122396946,0.0037690355093218386,3.140428924933076,62.950895607471466,4.845024560995448e-05,9.872717328369617,83.25108367204666,6.0183277378333955e-05,2.9388302136212587,0.1151708461693488,-0.1255874263588339,0.6524665539618582,1.0
39976960,0.5243306062184274,1.7964013256132603,0.0035476017892506206,0.4455657561775297,3.049732966348529,0.005052753899690288,0.004069441797014406,0.9460173211991787,-0.66856390517205,-0.09597023675451055,0.7291995720006526,-1.3524492643773556,0.812206897418946,,,,,,,,,,,,,,,,,
39976960,,,,,,,,,,,,,,0.5249183112755418,1.8237836482003331,0.0035476017892506206,0.44953543064184487,3.091547839343548,0.005052753899690288,3.1351711601018906,62.95916494727135,5.113235960618745e-05,9.787805795669556,83.5131903886795,6.171021518119879e-05,2.9318721760064363,0.11549400625517592,-0.12557710567489266,0.6851457292214036,1.0
40108032,0.5217026900500059,1.8929463401436806,0.005151495506652282,0.4478039520327002,3.103742213919759,0.005285084436764009,0.004703190036565275,1.0613144314847887,-0.8352376751136035,-0.09532990079605952,0.7501814002171159,-1.3481028554961085,0.814390114042908,,,,,,,,,,,,,,,,,
40108032,,,,,,,,,,,,,,0.5223805881105363,1.9444638211280107,0.005151495506652282,0.4518784824758768,3.1430534832179546,0.005285084436764009,3.2996841967105865,72.02988290786743,4.812857545188898e-05,9.803464904427528,83.01477646827698,6.265141668881924e-05,2.9237326830625534,0.11584271222818643,-0.12529473728500307,0.6094839230645448,1.0
40239104,0.5188023117370903,1.7660897113382816,0.003424905826250324,0.44645522092469037,3.194703644141555,0.005363531867260463,0.0029267103940924244,0.96154849184677,-0.8622142663225532,-0.09270644257776439,0.7322816345840693,-1.351848365738988,0.8071173243224621,,,,,,,,,,,,,,,,,
40239104,,,,,,,,,,,,,,0.5193942687474191,1.7855952056124806,0.003424905826250324,0.4505463142413646,3.246456252411008,0.005363531867260463,3.325105607509613,70.52001172304153,5.471635519982421e-05,9.684253610670567,83.3097648024559,4.981758784949886e-05,2.919684052467346,0.11562067246995866,-0.136944288155064,0.6392194703221321,1.0
40370176,0.5266887033358216,1.9171769134700298,0.006005508190355613,0.4512125086039305,3.109647374600172,0.005876735875972372,0.002923933188299088,0.8913812078535557,-0.8569903578609228,-0.09054389473749325,0.8347257548011839,-1.3547328282147646,0.7888787793926895,,,,,,,,,,,,,,,,,
40370176,,,,,,,,,,,,,,0.5272742607630789,1.9947240222245455,0.006005508190355613,0.45524709299206734,3.13383586704731,0.005876735875972372,3.257945330813527,66.77677047252655,5.8986612865075116e-05,9.854148037731647,83.29939389228821,4.9880128618173813e-05,2.921265287324786,0.11776930233463645,-0.1452858743723482,0.6498925625346601,1.0
40501248,0.5259679183363914,1.6942865755409002,0.006019988122716313,0.4513032827526331,3.1310157366096973,0.005991927547711384,-0.003938954185628063,0.9287525112740695,-0.9186035823076963,-0.09685534512391314,0.7074289657175541,-1.3535866970196366,0.8034373768605292,,,,,,,,,,,,,,,,,
40501248,,,,,,,,,,,,,,0.5264637605287135,1.69514477904886,0.006019988122716313,0.4555032108910382,3.224108787253499,0.005991927547711384,3.3641881830990314,69.38996052742004,5.7518503530307186e-05,9.988693535327911,83.28641480207443,6.232743658096673e-05,2.935758851468563,0.11706584482453763,-0.1255378823261708,0.4859222141094506,1.0
40632320,0.5262838848866522,1.8043462485074997,0.0045398489278341,0.44856195664033294,3.10236063785851,0.005464464382384904,-0.004080748335354656,0.9045109390281141,-0.826978488592431,-0.09574260335648432,0.7310245828703046,-1.3487425791099668,0.8090252033434808,,,,,,,,,,,,,,,,,
40632320,,,,,,,,,,,,,,0.5267978287301958,1.8240671940147877,0.0045398489278341,0.45258534350432456,3.169015634804964,0.005464464382384904,3.1612620037049055,65.8052473962307,5.244543180760175e-05,9.92881005257368,82.83681374788284,6.091473444858053e-05,2.923611765727401,0.11688025458715856,-0.12565413839183748,0.6279152273200452,1.0
40763392,0.5254221521317959,1.8160687070339918,0.004314444410283613,0.45152449468150735,3.1469014063477516,0.005815313439597958,-0.0034699578908146123,0.9029759073164314,-0.837924717226997,-0.09783411701209843,0.7460440625436604,-1.3633639700710773,0.7830711542628706,,,,,,,,,,,,,,,,,
40763392,,,,,,,,,,,,,,0.5259614256210625,1.8819802571088076,0.004314444410283613,0.45546596031636,3.191378591582179,0.005815313439597958,3.241000147536397,65.94468358159065,6.107137396149653e-05,10.074635706841946,83.48845881223679,5.31497288611682e-05,2.936950972303748,0.11655517923645675,-0.12518012197688222,0.8138257064856589,1.0
40894464,0.526569802314043,1.7011889815330505,0.00487770148583877,0.4553923432249576,3.0891682133078575,0.005924611426962656,-0.006626813796174247,0.928168015088886,-0.7981793687213212,-0.09849112859228626,0.6998623078688979,-1.3588249692693353,0.8017550269141793,,,,,,,,,,,,,,,,,
40894464,,,,,,,,,,,,,,0.5269956211559474,1.711838461458683,0.00487770148583877,0.45936001162044704,3.132614266127348,0.005924611426962656,3.432765295729041,65.97746369242668,5.648844892025551e-05,10.019529029726982,83.13208776712418,5.785535573488154e-05,2.9277412816882133,0.11672393785556778,-0.1254516050685197,0.6094732338096946,1.0
41025536,0.5215339246205986,1.8361940933391452,0.005008826313087411,0.455508790910244,3.079410692676902,0.006076973119888862,-0.006896805319115629,0.8675543963909149,-0.8154136438388377,-0.10176865238463506,0.7406378230080009,-1.3614219008013606,0.7880011796951294,,,,,,,,,,,,,,,,,
41025536,,,,,,,,,,,,,,0.5220828135497868,1.8896310301497579,0.005008826313087411,0.45934030460193753,3.1469774302095175,0.006076973119888862,3.448073958978057,65.84646598994732,5.369669558397128e-05,10.111289411783218,83.59677904844284,5.844018112100002e-05,2.9377864841371775,0.11739156697876751,-0.12639061291702092,0.7521524101030082,1.0
41156608,0.527975007891655,1.8670197213068604,0.0042584065904520685,0.45827347598969936,3.1637900061905384,0.0058771168893372305,-0.010578388850262854,0.9386567720212042,-0.8262848816812038,-0.09893054841086268,0.745447363704443,-1.3519070101901889,0.7809801334515214,,,,,,,,,,,,,,,,,
41156608,,,,,,,,,,,,,,0.5285841594450176,1.9349473640322685,0.0042584065904520685,0.46219238149933517,3.2021026872098446,0.0058771168893372305,3.617227142676711,69.18320816755295,6.185133985747715e-05,10.003694243729115,83.09128123521805,6.737279749158276e-05,2.9118171241134405,0.11774804966989905,-0.12636756664142013,0.7179568775463849,1.0
41287680,0.5272514875978231,1.8950661811977625,0.006475496590155672,0.4594641977455467,3.1713836435228586,0.006233436059119413,-0.010126528241016786,0.8871454861946404,-0.9082150468602777,-0.10714960773475468,0.7526793591678143,-1.3542748764157295,0.7653515213169158,,,,,,,,,,,,,,,,,
41287680,,,,,,,,,,,,,,0.5278231096453965,1.9670176338404417,0.006475496590155672,0.46345747518353164,3.2069039177149534,0.006233436059119413,3.5834078527987003,69.11560568213463,5.8501794921284045e-05,10.282895907759666,83.25503098964691,6.68667409639001e-05,2.921716295182705,0.11870020447531715,-0.12540749087929726,0.7408437121193856,1.0
41418752,0.518944263458252,1.7778401970863342,0.003988714907791291,0.45496844546869397,3.094365194439888,0.005798617075924994,-0.010724804940764443,0.8400790675077587,-0.89710274618119,-0.10402394848642871,0.7185204429551959,-1.3558895885944366,0.7825018488802016,,,,,,,,,,,,,,,,,
41418752,,,,,,,,,,,,,,0.5195330791175365,1.8284052712842822,0.003988714907791291,0.45881239837035537,3.153814932331443,0.005798617075924994,3.608309917151928,67.40788897871971,5.017112457957745e-05,10.221578307449818,83.19459575414658,5.8432215789494535e-05,2.9097483586519957,0.1184396460885182,-0.12506710132583976,0.5832241475582123,1.0
41549824,0.5137969611678272,1.827565971761942,0.0035481048796555115,0.4563803165219724,3.166054306551814,0.005551280283725646,-0.01250448120845249,0.8615591218695045,-0.9238846828229725,-0.10439230321208015,0.7491168384440243,-1.3534174412488937,0.7793179024010897,,,,,,,,,,,,,,,,,
41549824,,,,,,,,,,,,,,0.5144902621395886,1.915763116441667,0.0035481048796555115,0.46029399055987597,3.2256295178085566,0.005551280283725646,3.85073016025126,68.72040316462517,5.185008030372806e-05,10.143865741789341,82.85629320144653,5.217751889108335e-05,2.905751522630453,0.12029317178530619,-0.12516437354497612,0.846130057470873,1.0
41680896,0.5157825727947056,1.8840365344658494,0.0027553783154417033,0.45975615666247904,3.176617071032524,0.005373940874960681,-0.01114473442612507,0.95262186601758,-0.912260924000293,-0.1003387794480659,0.7388489153236151,-1.3435488548129797,0.7723439880646765,,,,,,,,,,,,,,,,,
41680896,,,,,,,,,,,,,,0.51642204541713,1.965452584438026,0.0027553783154417033,0.46348536130972207,3.200854452326894,0.005373940874960681,3.8060860075056553,67.24922931194305,5.6951275664796075e-05,10.109517060220242,82.69672340154648,5.9031480878032894e-05,2.887342181056738,0.11850516276899725,-0.12563598691485822,0.8110449728555977,1.0
41811968,0.5157035682350397,2.033659695647657,0.0033364844937295857,0.455793239409104,3.1373264491558075,0.005553411693654198,-0.015328389061323833,0.8680829787626863,-0.8904564953409135,-0.10043819213751704,0.8659547292627394,-1.352232102304697,0.7841773529071361,,,,,,,,,,,,,,,,,
41811968,,,,,,,,,,,,,,0.5163386291824281,2.16093922406435,0.0033364844937295857,0.45955812907777727,3.1751080956310034,0.005553411693654198,3.8671097811311483,67.02842980623245,5.1206610650611495e-05,10.06808864325285,83.0008482336998,6.18467048907334e-05,2.9271451476961374,0.1194328474230133,-0.12551665678620338,1.031870927894488,1.0
41943040,0.5180078856647015,1.8729640236124396,0.0037132839281639463,0.45893216761760414,3.084100464358926,0.005523401795471727,-0.021958694203931373,0.9122590096667409,-0.8558315448462963,-0.09987813408952206,0.740494517609477,-1.3582005435600877,0.7823878838680685,,,,,,,,,,,,,,,,,
41943040,,,,,,,,,,,,,,0.5184711921028793,1.9522317200899124,0.0037132839281639463,0.4625048416201025,3.133045442402363,0.005523401795471727,3.9284769892692566,66.05568760633469,5.443158797380221e-05,10.123616933822632,83.10902565717697,5.532901468852103e-05,2.925776991993189,0.11957922804867849,-0.12583720753900707,0.8145427161362022,1.0
42074112,0.5125466547906399,1.8382136849686503,0.004239525339926331,0.4566201432608068,3.129523141309619,0.005384000546655443,-0.028458916538511403,0.862866936950013,-0.8393876529298723,-0.09796636021928862,0.7584425071254373,-1.3590176291763783,0.7984625664539635,,,,,,,,,,,,,,,,,
42074112,,,,,,,,,,,,,,0.5129143446683884,1.894585032016039,0.004239525339926331,0.4598963721655309,3.1578566152602434,0.005384000546655443,4.039262356236577,65.70048832893372,6.203429799023219e-05,10.053133234381676,82.81813925504684,4.9376634145170684e-05,2.90671606361866,0.12123440130380914,-0.12534346524626017,0.7840725784189999,1.0
42205184,0.5134501161519438,1.8402329199016094,0.0030737699826204334,0.45714368112385273,3.1192502472549677,0.0047560881794197485,-0.03605108421470504,0.8060900126583874,-0.8059564651921391,-0.09725946409162134,0.7572601647116244,-1.361498773097992,0.7591978516429663,,,,,,,,,,,,,,,,,
42205184,,,,,,,,,,,,,,0.561910743282719,1.80085609714081,0.005431551649672945,0.45023321818846923,3.0511642711257543,0.0041164781592509985,3.3762470849119333,58.0606558748654,5.335874470826727e-05,9.500877039805106,78.50970681706586,5.1265272186609e-05,2.988681060599757,0.11506020062050404,-0.12649723838318835,0.6900817297071546,1.0
42336256,0.5032898632343858,1.7067393064498901,0.002883530986309779,0.4608189072459936,3.2001577373594046,0.00499694482095947,-0.03927335754269734,0.7954523384105414,-0.9048619079403579,-0.10075891274027526,0.720519240014255,-1.3594244634732604,0.7662227237597108,,,,,,,,,,,,,,,,,
42336256,,,,,,,,,,,,,,0.5035621272400022,1.7482503224164248,0.002883530986309779,0.46393530373461545,3.2208963353186846,0.00499694482095947,4.523749999701977,62.97105586528778,5.539856463698811e-05,10.142769701778889,82.95593798160553,6.290097060146493e-05,2.892657335847616,0.12041924690129235,-0.125259110936895,0.6392498861532658,1.0
42467328,0.5018434457015246,1.842485866509378,0.0025476735953589014,0.46023526159115136,3.105785857886076,0.00457240961941352,-0.03923944942653179,0.9111878536641598,-1.0300381979905069,-0.09800603950861841,0.7519955220632255,-1.34985392075032,0.7641680655069649,,,,,,,,,,,,,,,,,
42467328,,,,,,,,,,,,,,0.5023582291323692,1.9336570063605905,0.0025476735953589014,0.4636813113465905,3.1320145335048437,0.00457240961941352,4.663042962551117,70.0583947300911,5.790113204628966e-05,10.022510692477226,82.7581073641777,6.956899985155474e-05,2.863931018859148,0.1215913572232239,-0.12537471833638847,0.7638049656525254,1.0
42598400,0.5038982357364148,2.033182413317263,0.003071659316901787,0.46292564971372485,3.182562230154872,0.004344646409890629,-0.04040266608353704,0.8321215757168829,-0.862376669421792,-0.09500672057038173,0.8019779715687037,-1.350248048081994,0.7600894942879677,,,,,,,,,,,,,,,,,
42598400,,,,,,,,,,,,,,0.5045488679315895,2.177441152743995,0.003071659316901787,0.46672786725685,3.241411803290248,0.004344646409890629,4.572710037231445,66.27871200442314,6.230833257570012e-05,10.093770131468773,82.66084855794907,7.727912298971518e-05,2.8580472096800804,0.12238765024812892,-0.12516589532606304,1.1919667820911855,1.0
42729472,0.4993033721111715,1.75099216401577,0.003925732623429212,0.4614214838948101,3.130867537111044,0.0049705354367688415,-0.039935945154866204,0.8562339942436665,-0.98617834597826,-0.09282911237096414,0.7194456644356251,-1.3593855993822217,0.7323672389611602,,,,,,,,,,,,,,,,,
42729472,,,,,,,,,,,,,,0.4997106606606394,1.7837753994390368,0.003925732623429212,0.4648723092395812,3.155644131824374,0.0049705354367688415,4.539398606866598,66.98007440567017,6.615972588069896e-05,10.011209309101105,83.21873879432678,6.344336257946281e-05,2.8763512540608644,0.12252901709871367,-0.12506100093014538,0.7911434501875192,1.0
42860544,0.5037077362649143,1.918361664749682,0.002421462561642329,0.4615637657698244,3.0891950465738773,0.0046701618121005595,-0.02928191739192698,0.9533208720386028,-0.9792373771779239,-0.09194921766174957,0.7683195853605866,-1.3502610586583614,0.7827592273242772,,,,,,,,,,,,,,,,,
42860544,,,,,,,,,,,,,,0.5042439450044185,2.0082992846146226,0.002421462561642329,0.4651637296192348,3.1348784435540438,0.0046701618121005595,4.312777150422335,68.74782902002335,5.859490809123624e-05,10.04141004383564,82.57603406906128,6.31633712508961e-05,2.870694113895297,0.12102671642787755,-0.12511138780973852,0.7389566344209015,1.0
42991616,0.5057926385197788,1.7780011668801308,0.003496907993849163,0.4596681632101536,3.1489228270947933,0.005359235743526369,-0.027868107747053728,0.9150566956959665,-0.9822970638051629,-0.09374531713547185,0.7301423079334199,-1.3487324342131615,0.7935140882618725,,,,,,,,,,,,,,,,,
42991616,,,,,,,,,,,,,,0.5062523989472538,1.8367369463667274,0.003496907993849163,0.4632316045463085,3.1790564469993114,0.005359235743526369,4.331852503120899,65.85930722951889,6.210709358034361e-05,10.129044160246849,82.79210847616196,6.008653864242319e-05,2.888324687257409,0.12196834560018033,-0.12716084299609065,0.7550442891661078,1.0
43122688,0.5123515333980322,1.8907115682959557,0.0041843813534114815,0.4553409793879837,3.1055631674826145,0.005694941907677276,-0.02461778637371026,0.8145082553382963,-0.8990614782087505,-0.09282025235006586,0.7365594240836799,-1.3463533511385322,0.7569675929844379,,,,,,,,,,,,,,,,,
43122688,,,,,,,,,,,,,,0.5128700681962073,1.9778322195634246,0.0041843813534114815,0.4590817210264504,3.1467113737016916,0.005694941907677276,3.9165146686136723,62.76450106501579,5.1982367555936104e-05,9.912382669746876,82.9908042550087,6.270742693859077e-05,2.8905640244483948,0.12142576434416696,-0.1252311689313501,1.0058921580202878,1.0
43253760,0.5166037590242922,1.8697104416787624,0.0023934436177341922,0.4532937475014478,3.1692373920232058,0.005238777460363053,-0.0146377426062827,0.9186874451115727,-0.9407116239890456,-0.087905949621927,0.7416060310788453,-1.3579749409109354,0.7694362704642117,,,,,,,,,,,,,,,,,
43253760,,,,,,,,,,,,,,0.5170841692015529,1.9504902809858322,0.0023934436177341922,0.45697207329794765,3.1983121559023857,0.005238777460363053,3.696254124864936,67.24536728858948,4.661695246266362e-05,9.628843627870083,83.05449587106705,7.208777825162827e-05,2.935655150562525,0.11864345148205757,-0.12632547970861197,0.880961713148281,1.0
43384832,0.5154165136627853,1.7310078665614128,0.0018126797974673536,0.4458412390667945,3.0905694887042046,0.004227437275403645,-0.010289081121300114,0.9012257708236575,-0.8710051691159606,-0.08622945315437391,0.7030679448507726,-1.354705479927361,0.7646302916109562,,,,,,,,,,,,,,,,,
43384832,,,,,,,,,,,,,,0.5157999461516738,1.7530734278261662,0.0018126797974673536,0.44953480921685696,3.1263836566358805,0.004227437275403645,3.417468348518014,66.44786721467972,5.392408356930112e-05,9.45963004976511,83.15282469987869,5.5194523896621994e-05,2.917221063748002,0.11684127239277586,-0.1253200729843229,0.5629329634830356,1.0
43515904,0.5148155719507486,1.792184573598206,0.0035235775570754413,0.4433803833089769,3.1289504040032625,0.00493859304401667,-0.003474206041346406,0.8789563872851431,-0.7631502712611109,-0.08564760204171762,0.7303707716055214,-1.3601113157346845,0.7790630112867802,,,,,,,,,,,,,,,,,
43515904,,,,,,,,,,,,,,0.5153015449177474,1.835527048446238,0.0035235775570754413,0.44731194362975657,3.1751536037772894,0.00493859304401667,3.231750827282667,64.17480489611626,5.6569236587034055e-05,9.462150946259499,83.35565435886383,5.202716931762552e-05,2.9344699140638113,0.11668980558170006,-0.1252934515941888,0.6696791481226683,1.0
43646976,0.5165599132888019,1.8534086970612407,0.0027984736134385457,0.4440984260290861,3.0781416539102793,0.005351620869987528,-0.002976010156132247,0.7940661301836371,-0.9981255559250712,-0.08262557326816022,0.7618361795321107,-1.3480728846043348,0.7777083655819297,,,,,,,,,,,,,,,,,
43646976,,,,,,,,,,,,,,0.5170852695591748,1.935148498043418,0.0027984736134385457,0.4478876304347068,3.123976742848754,0.005351620869987528,3.381908940151334,65.80496624112129,6.133057239132711e-05,9.368575550615788,82.75692141056061,6.330150910471843e-05,2.9330803230404854,0.11811922129709274,-0.12522740825079381,0.8673680110368878,1.0
43778048,0.5250259288586676,1.8278873199597,0.005243980036311768,0.44581001880578697,3.0333630740642548,0.0055468707641921355,0.00010271702953468242,1.026505559682846,-0.8494929713197052,-0.08000433043343946,0.7290938631631434,-1.3595567317679524,0.7780407690443099,,,,,,,,,,,,,,,,,
43778048,,,,,,,,,,,,,,0.5254503102041781,1.888586419634521,0.005243980036311768,0.4494756548665464,3.0940169524401426,0.0055468707641921355,3.4122530724853277,69.72959685325623,5.2660254787895155e-05,9.35310922563076,83.26636981964111,6.064514764814177e-05,2.935761332511902,0.11795321374665946,-0.12556852935813367,0.6997087092604488,1.0
43909120,0.5262582236900926,1.7850137185305357,0.006429247033793217,0.4516587946563959,3.084911569952965,0.006060801072180766,-0.0033165236397678655,0.9349187077023089,-0.9113561497069895,-0.07199936447432265,0.7325139259919524,-1.3638059152290225,0.7504378943704069,,,,,,,,,,,,,,,,,
43909120,,,,,,,,,,,,,,0.5265329191461205,1.8447347674518824,0.006429247033793217,0.4551891398150474,3.1115619651973248,0.006060801072180766,3.4448543153703213,66.07654160261154,5.47089715747795e-05,9.410201415419579,83.25767379999161,5.364239343652599e-05,2.9273671992123127,0.12012726080138236,-0.1259828561451286,0.7548221605829895,1.0
44040192,0.5262490659952164,1.9537573913112283,0.005040885117750804,0.4514054707251489,3.0725263748317957,0.005571473344389233,-0.004427145098475194,0.7905615488998592,-0.9541392126120627,-0.07972759666154161,0.7883753599599004,-1.3640561206266284,0.748024033382535,,,,,,,,,,,,,,,,,
44040192,,,,,,,,,,,,,,0.5265824133530259,2.044088903814554,0.005040885117750804,0.4550283942371607,3.095484035089612,0.005571473344389233,3.4338467866182327,64.2905912399292,4.8059370153286096e-05,9.430304549634457,83.00276917219162,5.9048333625355554e-05,2.9529002755880356,0.11932104080915451,-0.12537908600643277,0.9119679888244718,1.0
44171264,0.5182046913541853,1.7022308986634016,0.0019823191721570765,0.44745715451426804,3.009711427614093,0.0037032113159511937,-0.004416517052987956,0.9546583774499595,-0.8949002027511597,-0.0844146849703975,0.7216244954615831,-1.3637407273054123,0.7779680276289582,,,,,,,,,,,,,,,,,
44171264,,,,,,,,,,,,,,0.5184222026728094,1.723812174052,0.0019823191721570765,0.4509540433064103,3.0506409276276827,0.0037032113159511937,3.406016757711768,67.03041878342628,6.071478231113592e-05,9.681642338633537,83.11458218097687,5.5454265245447054e-05,2.952899783849716,0.11984323360957205,-0.1252114991657436,0.5720855628605932,1.0
44302336,0.5217294674366713,1.746860196813941,0.006154547775622632,0.4493490101303905,3.0648249816149473,0.005484723832523741,-0.0018218203153423929,0.9386751218698919,-0.8817030689679086,-0.08631950704148039,0.7358380719088018,-1.3631339631974697,0.7507088743150234,,,,,,,,,,,,,,,,,
44302336,,,,,,,,,,,,,,0.5219701854512095,1.7861542869359255,0.006154547775622632,0.4527064827270806,3.102943191304803,0.005484723832523741,3.4606728069484234,68.35974618792534,4.7546579479806894e-05,9.632525831460953,83.11689674854279,6.922202004577827e-05,2.931122040376067,0.11921239795628935,-0.12524578953161836,0.6620221983175725,1.0
44433408,0.521827460732311,1.8073442224413157,0.0064573085383017315,0.4494721540249884,3.114929363131523,0.006176918101118645,0.004047547312438837,0.9513429538346827,-0.8744511413387954,-0.08397278934717178,0.7356263836845756,-1.3606812339276075,0.7800333863124251,,,,,,,,,,,,,,,,,
44433408,,,,,,,,,,,,,,0.5221689380705357,1.8760933578014374,0.0064573085383017315,0.4531388455070555,3.207802565768361,0.006176918101118645,3.535079039633274,66.31148165464401,5.80826074552121e-05,9.492003433406353,83.2634556889534,5.642896422608512e-05,2.928912431001663,0.1183589196880348,-0.12814702815376222,0.8458935231901705,1.0
44564480,0.5216531315818429,1.7437363751232624,0.007073720908238101,0.4512142576277256,3.112244416028261,0.0060073917084082495,0.005354964836556064,1.013301213271916,-1.084192659240216,-0.09032749297330156,0.7191022862680256,-1.3600319847464561,0.7650446174666286,,,,,,,,,,,,,,,,,
44564480,,,,,,,,,,,,,,0.5219309343956411,1.778667471371591,0.007073720908238101,0.4549029818736017,3.150569437071681,0.005974330699245911,3.7866346538066864,73.91213819384575,6.116196395700157e-05,9.73025295138359,83.10668659210205,6.065596331250589e-05,2.936431508511305,0.12011398311005905,-0.1255226384382695,0.7228386513888836,1.0
44695552,0.52032405231148,1.6549453930929303,0.004266542817731533,0.44320541457273066,3.0136875547468662,0.0056856065757528995,0.009402245274031884,0.9024142841808498,-1.0436454024165869,-0.09223123715491965,0.7018248713575304,-1.3515029763802886,0.7801661789417267,,,,,,,,,,,,,,,,,
44695552,,,,,,,,,,,,,,0.5206534550525248,1.6549453930929303,0.004266542817731533,0.44658644613809884,3.0583309438079596,0.005668057413458882,3.6859389040619135,72.15551200509071,5.152583418377432e-05,9.70091050118208,82.42903590202332,6.69642117863134e-05,2.93232006020844,0.11713284335564822,-0.1257554730400443,0.47953645838424563,1.0
44826624,0.5116414234507829,1.7401895485818386,0.0025185575939303817,0.4470931049436331,3.233607478439808,0.00516392285544498,0.03717964513634797,1.1422213022597134,-1.0947822104208171,-0.08208219037624076,0.7284822990186512,-1.3453769497573376,0.7624676190316677,,,,,,,,,,,,,,,,,
44826624,,,,,,,,,,,,,,0.5579846523456521,1.6849763864180545,0.005527639544667621,0.4335883532927095,3.0867218667088627,0.0042530043633682854,3.707614058861509,70.89453290779512,4.684736186552721e-05,9.124066886114683,77.81821923277208,5.1244329720337465e-05,3.005282950270307,0.11399791602577482,-0.12517848373441906,0.6176695859694219,1.0
44957696,0.5086447526700795,1.898530127480626,0.0035965011661573953,0.4520380839239806,3.1803115513175726,0.005401339516538428,0.0350201311375713,1.1204025316983461,-1.1438513547182083,-0.08882094355067238,0.7629523230716586,-1.3490044567734003,0.7560904128476977,,,,,,,,,,,,,,,,,
44957696,,,,,,,,,,,,,,0.5091854706406593,2.0106273870915174,0.0035965011661573953,0.45595988212153316,3.2236745357513428,0.005401339516538428,4.8765042051672935,81.0177261531353,5.379528072291251e-05,9.605239868164062,82.13328510522842,5.817108106631608e-05,2.9360580444335938,0.12140564626315609,-0.1257521603256464,0.9391306263860315,1.0
45088768,0.5153103740885854,1.6732951300218701,0.005002862042374545,0.45200516912154853,3.0948332492262125,0.005958188264230557,0.032684076999430545,1.118347116280347,-0.9403220564126968,-0.08461893064668402,0.6975827747955918,-1.3530412688851357,0.7575740115717053,,,,,,,,,,,,,,,,,
45088768,,,,,,,,,,,,,,0.5158097734674811,1.698815094307065,0.005002862042374545,0.4560419195331633,3.159828517585993,0.005958188264230557,4.292849408462644,75.92701041698456,5.5687702420259555e-05,9.69266813248396,82.97208309173584,7.08628384764598e-05,2.906452249735594,0.1196006866521202,-0.12602146016433835,0.5723748789168894,1.0
45219840,0.5135486978106201,1.7458940176293254,0.005388413868558928,0.4450750935357064,3.0893221851438284,0.006250240070585278,0.02944990804826375,1.0974894724786282,-0.8184239738620818,-0.09132424445124343,0.7300908570177853,-1.3534805970266461,0.7405754644423723,,,,,,,,,,,,,,,,,
45219840,,,,,,,,,,,,,,0.513951092492789,1.784866428002715,0.005388413868558928,0.4489211873151362,3.1530773770064116,0.006250240070585278,3.883606657385826,75.15972578525543,5.707565885754162e-05,9.740079529583454,82.75871300697327,7.120711498914689e-05,2.9475371036678553,0.12031967099756002,-0.12515909899957478,0.7772140528541058,1.0
45350912,0.5162985068745911,1.8882589768618345,0.0034122777643688096,0.4432308312971145,3.0800566729158163,0.0058016176144519704,0.027084031447884627,1.0207560281269252,-0.7802925498690456,-0.09048535051988438,0.7578356014564633,-1.3531986214220524,0.7834003260359168,,,,,,,,,,,,,,,,,
45350912,,,,,,,,,,,,,,0.5169497127644718,1.9784184647724032,0.0034122777643688096,0.44732266245409846,3.1434144768863916,0.0058016176144519704,3.5690228790044785,68.76600360870361,5.457764896776851e-05,9.588707976043224,83.04687893390656,5.6799464957180135e-05,2.923915473744273,0.11565599567256868,-0.3311360201332718,0.7221098178997636,1.0
45481984,0.5169755788519979,1.7322963764891028,0.001818724020722584,0.44162672385573387,3.033408597111702,0.004204187227060174,0.021286989707732573,0.9315117173828185,-0.6624903411138803,-0.09312775498256087,0.722316624596715,-1.3564347429201007,0.7880528760142624,,,,,,,,,,,,,,,,,
45481984,,,,,,,,,,,,,,0.517447929829359,1.7544002663344145,0.001818724020722584,0.4454099403228611,3.097577566280961,0.004204187227060174,3.261770524084568,63.249599292874336,5.5700855066898036e-05,9.587721526622772,83.2438942193985,6.688734231926133e-05,2.954588221386075,0.11584407760528848,-0.1254604822024703,0.5726782702840865,1.0
45613056,0.5191778382286429,1.7945374436676502,0.003965735619658517,0.44242339045740664,3.0623808037489653,0.005324499554262729,0.01724321753863478,1.0261836634017527,-0.6710407498758286,-0.09578074794262648,0.727510271128267,-1.3536496860906482,0.7972960043698549,,,,,,,,,,,,,,,,,
45613056,,,,,,,,,,,,,,0.5196154993027449,1.8469929406419396,0.003965735619658517,0.4461178460624069,3.138512874022126,0.005324499554262729,3.2395102437585592,67.1341912150383,4.56457760649176e-05,9.778202436864376,83.06222534179688,6.027802960506534e-05,2.9470670018345118,0.11626026884187013,-0.12960154563188553,0.6591783105395734,1.0
45744128,0.5154358223080635,1.6746751628816128,0.00368166603584541,0.4452052996493876,3.0946170650422573,0.005395564773152728,0.011093549022916704,0.9261132022365928,-0.7548740222118795,-0.10009929828811437,0.7238883008249104,-1.3508262364193797,0.8110318137332797,,,,,,,,,,,,,,,,,
45744128,,,,,,,,,,,,,,0.5158271952532232,1.6746751628816128,0.00368166603584541,0.4486553987953812,3.1182247065007687,0.005395564773152728,3.1673803608864546,65.74951288104057,5.7264859466065604e-05,9.911055251955986,82.68219059705734,6.220843320947633e-05,2.9272323176264763,0.11539775866549462,-0.12514069979079068,0.5337088312953711,1.0
45875200,0.5194526785053313,1.8481662441045046,0.0032482159117535048,0.4503588555380702,3.129823461174965,0.004957904550792591,0.00861277930198412,1.017721947748214,-0.619079299736768,-0.0999126011156477,0.7509982027113438,-1.3527772212401032,0.7916195006109774,,,,,,,,,,,,,,,,,
45875200,,,,,,,,,,,,,,0.519925887696445,1.9224291881546378,0.0032482159117535048,0.45392997981980443,3.1514880917966366,0.004957904550792591,3.348768811672926,69.12686142325401,4.962263948726786e-05,10.051529109477997,82.65807610750198,5.604760171840084e-05,2.9326531998813152,0.11776227614609525,-0.12530384212732315,0.7640524536836892,1.0
46006272,0.5174108992796391,1.7697623614221811,0.0028448977304833534,0.45235710265114903,3.085542129352689,0.005393971676767251,-0.002473906398321901,1.0447929142974317,-0.7163686165586114,-0.10246846580412239,0.939988421741873,-1.3545098565518856,0.7838806277140975,,,,,,,,,,,,,,,,,
46006272,,,,,,,,,,,,,,0.5178633886389434,1.7922326475381851,0.0028448977304833534,0.45619468996301293,3.1203509513288736,0.005393971676767251,3.368943290784955,70.60625445842743,4.2457623937508515e-05,10.364671029150486,82.96368330717087,6.175158701216682e-05,2.9266507159918547,0.11747025558725,-0.12517848424613476,0.5750659487675875,1.0
46137344,0.5150863188318908,1.7453648261725903,0.0031325080708484165,0.4587373423855752,3.0739172976464033,0.005546868153032847,-0.009225848842106643,1.008702881168574,-0.779674700461328,-0.1037575617665425,0.7390976292081177,-1.355099649168551,0.7971874808426946,,,,,,,,,,,,,,,,,
46137344,,,,,,,,,,,,,,0.5154696386307478,1.7855110531672835,0.0031325080708484165,0.4622827155981213,3.1446497682482004,0.005546868153032847,3.6887144967913628,69.32077944278717,5.309417303056563e-05,10.425584949553013,82.71139216423035,6.21092521710942e-05,2.941954592242837,0.12084233917994425,-0.12538772076368332,0.7467933902516961,1.0
46268416,0.5133779780007899,1.8629469256848097,0.003437166699654881,0.4609507992863655,3.1348703764379025,0.0054104010359878885,-0.013863390558981337,1.0494564091786742,-0.7292080316692591,-0.10408195212949067,0.758939784951508,-1.3575148610398173,0.7768227024935186,,,,,,,,,,,,,,,,,
46268416,,,,,,,,,,,,,,0.5138183934614062,1.9430654626339674,0.003437166699654881,0.46451462362892926,3.1817117165774107,0.0054104010359878885,3.913923177868128,71.4162483215332,5.153903516430525e-05,10.349034048616886,83.07702821493149,6.371403127491959e-05,2.913620352745056,0.12197346345055848,-0.1253562569618225,0.7791107741650194,1.0
46399488,0.5142858321778476,1.925851358100772,0.0033303082931297467,0.4636927801184356,3.1366190295666456,0.005583108799328329,-0.019941636113799177,1.0295554092153907,-0.7695436556823552,-0.10848896764218807,0.7821131693199277,-1.3568467292934656,0.7410355769097805,,,,,,,,,,,,,,,,,
46399488,,,,,,,,,,,,,,0.5147642074152827,2.024893334135413,0.0033303082931297467,0.467429727781564,3.188618803396821,0.005583108799328329,3.9572571963071823,71.03422150015831,5.711080259374057e-05,10.481121972203255,82.83909797668457,6.477292494966314e-05,2.9147920981049538,0.12211583351017907,-0.12617322127334774,0.7929835822433233,1.0
46530560,0.5111891948617995,2.0243769055232406,0.002520896213127344,0.4646090199239552,3.1116320602595806,0.0049232238679906,-0.0173192387810559,0.9976837304420769,-0.854796230327338,-0.10812834242824465,0.7848240076564252,-1.353139130398631,0.741269750520587,,,,,,,,,,,,,,,,,
46530560,,,,,,,,,,,,,,0.511719276662916,2.163487301208079,0.002520896213127344,0.46810985007323325,3.136755356565118,0.0049232238679906,4.028968196362257,70.02706554532051,5.103249810811672e-05,10.556484200060368,82.84955894947052,6.78245083651774e-05,2.886597368866205,0.12129352864576504,-0.12516641500405967,0.9736155918799341,1.0
46661632,0.5119296361226588,1.8133507361635566,0.0017189991897339496,0.4635000918060541,3.115538803860545,0.004287729892439529,-0.018360394176852424,1.0128100896254182,-0.9158953144215047,-0.11397888796636835,0.7148199290968478,-1.355931093916297,0.7957118945196271,,,,,,,,,,,,,,,,,
46661632,,,,,,,,,,,,,,0.5123958522453904,1.8579261247068644,0.0017189991897339496,0.4671104864683002,3.156091384589672,0.004287729892439529,3.987837651744485,70.49360343813896,6.419032587090534e-05,10.650761127471924,82.89575910568237,6.312075181558185e-05,2.9007456228137016,0.11940683418652043,-0.12536880560219288,0.7220775464083999,1.0
46792704,0.5068585877306759,1.7369779963046312,0.003370407698753297,0.45960943191312253,3.2072010170668364,0.0053596418556480785,-0.018304460027138703,0.9721949771046638,-0.869144992902875,-0.11911489156773314,0.7301491643302143,-1.3486741315573454,0.7701212549582124,,,,,,,,,,,,,,,,,
46792704,,,,,,,,,,,,,,0.5074128077831119,1.775454488582909,0.003370407698753297,0.46320229838602245,3.2540074195712805,0.0053596418556480785,3.838652079924941,72.89309170842171,5.4155068212935475e-05,10.73391005396843,82.6834785938263,6.62277850800308e-05,2.877795884385705,0.11905803612899035,-0.12599429418332875,0.6735591685865074,1.0
46923776,0.5051504329312593,1.7888120245188475,0.0027996592730232805,0.4601838896051049,3.1909237280488014,0.005147539937752299,-0.011465165160188917,0.950233181938529,-0.770690927747637,-0.12492319807643071,0.7506656474433839,-1.3420392656698823,0.7872794675640762,,,,,,,,,,,,,,,,,
46923776,,,,,,,,,,,,,,0.5057685358915478,1.8732639206573367,0.0027996592730232805,0.4639375868719071,3.2412852849811316,0.005147539937752299,3.9101269356906414,69.73861128091812,5.792956736050403e-05,10.929002113640308,82.60116410255432,5.840960406394702e-05,2.883335404098034,0.11773141979938373,-0.12522613513283432,0.9254399014171213,1.0
47054848,0.49955040821805596,1.902578728273511,0.0021080077892747795,0.45146276662126184,3.231030421331525,0.004412298212173482,-0.007326398635996156,1.035409911070019,-0.744760422501713,-0.13373335485812277,0.7653840552084148,-1.3504414157941937,0.7735778293572366,,,,,,,,,,,,,,,,,
47054848,,,,,,,,,,,,,,0.500178704271093,2.0081249866634607,0.0021080077892747795,0.45512478495948017,3.271455340087414,0.004412298212173482,3.863804591819644,73.50504717230797,6.131155291422274e-05,11.170469917356968,82.5979831814766,5.492228658332543e-05,2.8667128030210733,0.11657630646368489,-0.12515025935135782,0.8740117053966969,1.0
47185920,0.5068551872391254,1.8345652930438519,0.0022051350290439586,0.45589318964630365,3.178738594055176,0.0042660386940269746,-0.004042568938636748,1.015307726804167,-0.76890929765068,-0.1253120747860521,0.7397463340312243,-1.3407380087301135,0.7878174060024321,,,,,,,,,,,,,,,,,
47185920,,,,,,,,,,,,,,0.5074767188634723,1.9303092947229743,0.0022051350290439586,0.4597136883530766,3.220857322216034,0.0042660386940269746,3.7880513723939657,70.91685691475868,5.1766065005676154e-05,10.892724685370922,82.67065763473511,6.027513744322199e-05,2.8876701314002275,0.11572843691101298,-0.15937841846607625,0.9133886240888387,1.0
47316992,0.5111650438047945,1.8738852888345718,0.0019946825930219347,0.4491454507224262,3.212240306660533,0.003923690761439502,-0.003676092856977675,1.0274682603776455,-0.6980619626119733,-0.12271532148588449,0.7546419650316238,-1.3509239219129086,0.7678141789510846,,,,,,,,,,,,,,,,,
47316992,,,,,,,,,,,,,,0.5118538360111415,1.9628859190270305,0.0019946825930219347,0.453123563202098,3.288650307804346,0.003923690761439502,3.5532227028161287,71.86159411072731,5.273530171145957e-05,10.660961799323559,82.98438906669617,6.188111966332066e-05,2.8912645801901817,0.11523045942885801,-0.2952877162024379,0.8772894751746207,1.0
47448064,0.5225849128328264,1.9278877321630716,0.0011719883276555265,0.4370247623883188,3.075024127960205,0.0027825728384414106,0.012459043318813201,1.0384996146894991,-0.7651763462927192,-0.11237168643856421,0.7572131510823965,-1.3436069246381521,0.7862006216309965,,,,,,,,,,,,,,,,,
47448064,,,,,,,,,,,,,,0.5616853663308935,1.9044182079506444,0.005448827979957319,0.4348295592180975,3.154967994848778,0.0032110625034365114,2.581699532014062,62.20864362515263,4.220025838722815e-05,10.014367476396089,79.14224964191953,5.027755887412187e-05,2.996071754903584,0.1089018597523426,-0.1256309299023597,0.810073276510933,1.0
47579136,0.5162436196114868,1.6748388800770044,0.001223695142584802,0.44220660789869726,3.0796115901321173,0.002813514815159124,0.009337901370599866,0.9193142126314342,-0.7098424702417105,-0.11206769850105047,0.7209348226897418,-1.347522221505642,0.8010738366283476,,,,,,,,,,,,,,,,,
47579136,,,,,,,,,,,,,,0.5168316881172359,1.6966425878927112,0.001223695142584802,0.44609156041406095,3.1321602649986744,0.002813514815159124,3.2289997301995754,64.73048624396324,4.768632710749898e-05,10.197157345712185,83.19550842046738,5.5541410724835316e-05,2.8991868812590837,0.11516925814794376,-0.12537527922540903,0.5728343022055924,1.0
47710208,0.5233841692097485,1.7124401358887553,0.0028755141745477886,0.4453493352048099,3.104904431849718,0.00542648949976865,0.004563696502430048,1.028300104662776,-0.8937530876137316,-0.11020573804853484,0.704893990419805,-1.3485678043216467,0.7802545358426869,,,,,,,,,,,,,,,,,
47710208,,,,,,,,,,,,,,0.5240315645933151,1.7730805100873113,0.0028755141745477886,0.44913877034559846,3.1679070703685284,0.00542648949976865,3.317841364070773,69.88877281546593,4.838161816711484e-05,10.17458114773035,83.02717298269272,5.904736200357252e-05,2.882375754415989,0.11656513216439635,-0.12561129359528422,0.8627523372415453,1.0
47841280,0.5202744966372848,1.8072264604270458,0.00376359550818961,0.4479905483312905,3.106762893497944,0.005257697325760091,0.0004185861909817845,0.8718478714581579,-0.7081645550206304,-0.11432356329169124,0.7255063098855317,-1.3463186584413052,0.7902250890620053,,,,,,,,,,,,,,,,,
47841280,,,,,,,,,,,,,,0.5208701682277024,1.8974504685029387,0.00376359550818961,0.4517591558396816,3.1727471444755793,0.005257697325760091,3.3081841375678778,65.41349539160728,4.866553617538516e-05,10.305495336651802,83.05315339565277,5.130464874980589e-05,2.90426092594862,0.11691335804061964,-0.12518197111785412,0.901661291019991,1.0
47972352,0.5201530368067324,1.8724262900650501,0.004426756231168838,0.4486546430271119,3.1598707344383,0.00560723353009962,-0.002730583176003165,0.8744865101762116,-0.8464407143183053,-0.11485029011964798,0.7552267187274992,-1.349052575416863,0.8052248391322792,,,,,,,,,,,,,,,,,
47972352,,,,,,,,,,,,,,0.5207201736047864,1.9813496377319098,0.004426756231168838,0.4523087153211236,3.1998662054538727,0.00560723353009962,3.360383866354823,66.87637749314308,5.206786166844779e-05,10.36791330575943,83.13085639476776,5.566057583428208e-05,2.9239364620298147,0.11647852003807202,-0.12552620726637542,0.8910288286861032,1.0
48103424,0.5184181681834161,1.8484578477218747,0.003808260236382921,0.447305180830881,3.1222196128219366,0.004959616459473182,-0.0021018280548901203,0.9741840902715921,-0.7004207784775645,-0.10839824192225933,0.7627583937719464,-1.3531076982617378,0.8108488963916898,,,,,,,,,,,,,,,,,
48103424,,,,,,,,,,,,,,0.5189051809720695,1.9454123936593533,0.003808260236382921,0.4506528414785862,3.1511966437101364,0.004959616459473182,3.3987375125288963,66.67197069525719,5.129800827480269e-05,10.225137665867805,82.70136147737503,7.119277963207882e-05,2.91798516176641,0.11857427225913852,-0.12535750772804022,0.8232518213335425,1.0
48234496,0.517840966116637,1.8054502280429006,0.003761882768230862,0.44720333302393556,3.1034532096236944,0.004977242591394315,-0.0017635856165725272,0.9447006853297353,-0.757994128856808,-0.10502354585332796,0.7146072126924992,-1.3544091917574406,0.7858192855492234,,,,,,,,,,,,,,,,,
48234496,,,,,,,,,,,,,,0.5183902787975967,1.866260377690196,0.003761882768230862,0.4509372615721077,3.1575820483267307,0.004977242591394315,3.3619559668004513,67.22795051336288,4.838431803211307e-05,10.092955939471722,83.07456630468369,6.364985419349267e-05,2.9279777258634567,0.11899195285513997,-0.12531496211886406,0.8725246477406472,1.0
48365568,0.5192539626732469,2.0128199867904186,0.0031923919564178505,0.4450161727145314,3.0885508470237255,0.004540114161954989,-0.0033628914307257673,0.9276498798280954,-0.8584008722100407,-0.10127591295167804,0.7780201169662178,-1.3552249185740948,0.7879923819564283,,,,,,,,,,,,,,,,,
48365568,,,,,,,,,,,,,,0.5197829860262573,2.1235189829021692,0.0031923919564178505,0.4484511243645102,3.1282286439090967,0.004540114161954989,3.363785771653056,68.57133457064629,6.154798529944827e-05,10.047954216599464,82.99722975492477,5.7726709811412036e-05,2.909782998263836,0.11862843116978183,-0.12532702763564885,0.8843968363944441,1.0
48496640,0.5162746338173747,1.8676884984597564,0.0021414319368204815,0.44633372058160603,3.076780963689089,0.004576175371312274,-0.00692049439294351,0.8765061737503856,-0.8110685176216066,-0.10232910979539156,0.7428219765424728,-1.3511212542653084,0.7978922710753977,,,,,,,,,,,,,,,,,
48496640,,,,,,,,,,,,,,0.5167729151435196,1.9364487817510962,0.0021414319368204815,0.45000930526293814,3.1159541998058558,0.004576175371312274,3.3521369881927967,65.10434132814407,5.706348203959877e-05,10.079381607472897,82.76991176605225,6.655239669850488e-05,2.9328613225370646,0.11778136302018538,-0.12565533653832972,0.8149902862496674,1.0
48627712,0.5167681430466473,1.8904958935454488,0.002791984992313701,0.4457864516880363,3.021697288379073,0.005191520640437375,-0.008553033792850329,0.7772636872250587,-0.7178600896149874,-0.10183223395142704,0.8006390840746462,-1.3519946336746216,0.7866837158799171,,,,,,,,,,,,,,,,,
48627712,,,,,,,,,,,,,,0.5172206945717335,1.9982943590730429,0.002791984992313701,0.4490476776845753,3.040159111842513,0.005191520640437375,3.2983113043010235,58.406982496380806,4.771640559086965e-05,10.066512927412987,82.75058454275131,6.348392000310454e-05,2.920432535931468,0.11824707442428917,-0.12528291903436184,0.9421345496084541,1.0
48758784,0.514630168210715,1.603572198189795,0.00346943877002559,0.449416421353817,3.106190463528037,0.005208519297866587,-0.006500943360151723,0.9558207555674016,-0.7963703703135252,-0.10373500926652923,0.7211621380411088,-1.3538083042949438,0.7960737086832523,,,,,,,,,,,,,,,,,
48758784,,,,,,,,,,,,,,0.5149119584821165,1.603572198189795,0.00346943877002559,0.4525646229740232,3.1319878846406937,0.005208519297866587,3.523554965853691,65.90714544057846,5.538452261166782e-05,10.287309415638447,82.66091853380203,5.725108144205571e-05,2.9009561482816935,0.11870646907482296,-0.12543854676187038,0.5640287045389414,1.0
48889856,0.5168578345328569,1.8849519276991487,0.004196701426053551,0.4515146885532886,2.9996518567204475,0.004905563557713322,-0.009906743636747706,0.8012360164429992,-0.8421507650054991,-0.10597313806647435,0.7483722707256675,-1.3563589602708817,0.7757259085774422,,,,,,,,,,,,,,,,,
48889856,,,,,,,,,,,,,,0.5172769841738045,1.955398391932249,0.004196701426053551,0.45488493307493627,3.0358607303351164,0.004905563557713322,3.492141216993332,62.532454162836075,5.0066628969835936e-05,10.376037441194057,83.01894110441208,6.095664359548336e-05,2.939385388046503,0.11931999091757461,-0.12517513264901936,0.7422841335646808,1.0
49020928,0.5193231478333473,1.6463479772210121,0.006503435110516875,0.4507997140754014,3.066228311508894,0.006367915844293748,-0.0058165898237234614,0.9057974591851234,-0.94898631144315,-0.10381346958456561,0.696084569208324,-1.3529481403529644,0.7915137698873878,,,,,,,,,,,,,,,,,
49020928,,,,,,,,,,,,,,0.5196889182552695,1.6713949413970113,0.006503435110516875,0.4541632882319391,3.1060665640980005,0.006367915844293748,3.5409339908510447,67.86328104138374,5.630288905655867e-05,10.245180785655975,82.88385736942291,6.462129448142617e-05,2.9160194154828787,0.11934293748345226,-0.12527908268384635,0.6494801959488541,1.0
49152000,0.5179390390403569,1.7531215213239193,0.004694539190154501,0.45079018035903573,3.0753069184720516,0.005522284289781965,-0.007297798018043977,0.8394493972882628,-0.990749909542501,-0.10539450636133552,0.72029680153355,-1.3541198410093784,0.7599162538535893,,,,,,,,,,,,,,,,,
49152000,,,,,,,,,,,,,,0.5184431946836412,1.804405608214438,0.004694539190154501,0.45425975415855646,3.1195084545761347,0.005522284289781965,3.379042213782668,68.6288711130619,5.723652182143546e-05,10.296885587275028,82.88374626636505,5.883944312801148e-05,2.9109017606824636,0.12027020280947909,-0.125152233755216,0.666638724738732,1.0
49283072,0.5218340642750263,1.8563291961327195,0.0032641949683238636,0.4505652675870806,3.0957351122051477,0.005352217779545754,-0.005216909419686999,0.930093408562243,-0.868900946341455,-0.10337653348688036,0.7446050341241062,-1.362134345807135,0.7745012771338224,,,,,,,,,,,,,,,,,
49283072,,,,,,,,,,,,,,0.5223255413584411,1.9439363209530711,0.0032641949683238636,0.45429412624798715,3.135634584352374,0.005352217779545754,3.313804518431425,68.0856703221798,4.8821722482994545e-05,10.19717638194561,83.19457858800888,6.74716297822675e-05,2.920210598036647,0.12003126950003207,-0.12521413411013782,0.8053556161466986,1.0
49414144,0.5233962656930089,1.6811446556821465,0.0029378667331911856,0.4478491232730448,3.1397639960050583,0.004092781195367934,-0.0037196478896248664,0.8395560141652822,-0.9012085602153093,-0.09992470714496449,0.7002994725480676,-1.3519942928105593,0.7961608190089464,,,,,,,,,,,,,,,,,
49414144,,,,,,,,,,,,,,0.5237912284210324,1.715787653811276,0.0029378667331911856,0.45132562844082713,3.1684603355824947,0.004092781195367934,3.314551217481494,67.08355794847012,5.415040969114493e-05,9.986314505338669,82.92687112092972,6.812184011131817e-05,2.909285496920347,0.11757059302181005,-0.12587540922686458,0.5776595792267472,1.0
49545216,0.520576945040375,1.708745339885354,0.002005336195225027,0.45246421708725393,3.1597701087594032,0.00393046440967737,-0.001152223640138672,0.901735452003777,-0.8975249277427793,-0.10085502202855423,0.7252268730662763,-1.3558672862127423,0.7874515189323574,,,,,,,,,,,,,,,,,
49545216,,,,,,,,,,,,,,0.5210442333482206,1.7701703356578946,0.002005336195225027,0.45604972331784666,3.2031537611037493,0.00393046440967737,3.433566030114889,68.25609511137009,5.324026810682447e-05,10.076099321246147,83.01117187738419,5.9312995392080126e-05,2.9347163904458284,0.11833235278027132,-0.1254122001118958,0.8017391776666045,1.0
49676288,0.5183397498913109,1.7617051163688302,0.002020590138215539,0.44935986981727183,3.0633396673947573,0.004372282276108308,-0.0010625037866773823,0.8388326596468687,-0.8293906198814511,-0.10062295128591359,0.730042009614408,-1.3536186711862683,0.7667644424363971,,,,,,,,,,,,,,,,,
49676288,,,,,,,,,,,,,,0.5188708854839206,1.8315153066068888,0.002020590138215539,0.45311437430791557,3.0975331496447325,0.004372282276108308,3.2830359134823084,64.70933651924133,6.230967158282752e-05,10.060548022389412,82.92463207244873,6.950871366884215e-05,2.9069284722208977,0.11896535597043112,-0.12528144102543592,0.7228215294890106,1.0
49807360,0.5218644072301686,1.740544474683702,0.0019717197860700253,0.44580757175572217,3.0628593415021896,0.004266710681804398,7.504045964878969e-05,0.8620070959441364,-0.7777561775874346,-0.09777365910122171,0.6970564029179513,-1.343064684420824,0.7775107393972576,,,,,,,,,,,,,,,,,
49807360,,,,,,,,,,,,,,0.5223067812621593,1.7934411484748125,0.0019717197860700253,0.4494012352079153,3.0979511495679617,0.004266710681804398,3.289435852319002,63.058432161808014,5.576876484414406e-05,9.898818954825401,82.52834206819534,6.704565919874589e-05,2.923046115785837,0.117214172903914,-0.12565484922379255,0.656483924947679,1.0
49938432,0.5245066322386265,1.6833357708528638,0.0018016896269728022,0.44854382355697453,3.05375986546278,0.004289751045917001,2.770739129687172e-05,0.8563512875698507,-0.8923063310794532,-0.1016321208444424,0.6909689852036536,-1.3464770996943116,0.761296384036541,,,,,,,,,,,,,,,,,
49938432,,,,,,,,,,,,,,0.5248840320855379,1.7130109732970595,0.0018016896269728022,0.45218388456851244,3.098508397117257,0.004289751045917001,3.3288760408759117,66.00277635455132,5.520278903320408e-05,10.05934376269579,82.53017485141754,6.123354994791441e-05,2.9251763578504324,0.11713692842749879,-0.12518813321366906,0.5652481620199978,1.0
50069504,0.5273719313554466,1.7477172100916505,0.0016917369487146061,0.4455815546680242,3.1054637413471937,0.004036210270442098,0.021468552760779858,0.8875771453604102,-0.7292549959383905,-0.09449417388532311,0.7440528008155525,-1.3462308933958411,0.7684332299977541,,,,,,,,,,,,,,,,,
50069504,,,,,,,,,,,,,,0.5731805019735635,1.7075003983227761,0.0056945580226666,0.43345007142768455,3.053040648145335,0.004646790599068921,2.6457792815488794,57.803146523597476,4.923689670787657e-05,9.568839529162059,78.74755635096149,4.8355087671534183e-05,3.0193590246714077,0.11136045122191637,-0.12528574810578272,0.64360038878826,1.0
50200576,0.5249472530558705,1.6389914005994797,0.0030181294150679605,0.4501407945062965,3.0729470904916525,0.004881735659637343,0.017025553359417245,0.9195225685834885,-0.8296767510473728,-0.09785394830396399,0.7052925750613213,-1.3556502750143409,0.7818988533690572,,,,,,,,,,,,,,,,,
50200576,,,,,,,,,,,,,,0.5253767594695091,1.668376525864005,0.0030181294150679605,0.4539922217372805,3.1114110853523016,0.004881735659637343,3.41802030056715,67.32422730326653,5.198148120488799e-05,9.900515355169773,83.22639793157578,6.93373618512183e-05,2.9544138722121716,0.11717551248148084,-0.12510579265654087,0.5713023233693093,1.0
50331648,0.5266667199321091,1.7874783724546432,0.0034532862684955035,0.44741754443384707,3.106483982875943,0.005137509875567048,0.012683583059697412,0.8230578415095806,-0.712282438762486,-0.0953714465140365,0.743601961992681,-1.350589076988399,0.7931598671711981,,,,,,,,,,,,,,,,,
50331648,,,,,,,,,,,,,,0.5272399359382689,1.8675837377086282,0.0034532862684955035,0.45118105271831155,3.1513686403632164,0.005137509875567048,3.3192008659243584,59.52201330661774,5.5232360063828256e-05,9.965505860745907,82.83194786310196,6.323450536338537e-05,2.9306571539491415,0.11655228259041905,-0.12594077922403812,0.8273397588636726,1.0
50462720,0.5313229635357857,1.745474610477686,0.004974551160785268,0.4534592058043927,3.1020025182515383,0.005835295061842771,0.011826416511212301,0.9862363827414811,-0.7339376355521381,-0.09833157289540395,0.7144199358299375,-1.3479092018678784,0.7814063904806972,,,,,,,,,,,,,,,,,
50462720,,,,,,,,,,,,,,0.5317521211691201,1.8058722848072648,0.004974551160785268,0.4572507324628532,3.152498610317707,0.005835295061842771,3.402343360707164,66.01129341125488,5.0756648693139894e-05,10.078816920518875,82.96115428209305,6.156070085738818e-05,2.934871843084693,0.11661681137047708,-0.12525183148682117,0.7749320026487112,1.0
50593792,0.5266333250328898,1.6587437931448221,0.004389441731746047,0.45193942985497415,3.053676912561059,0.005451211326999328,0.008092893413959246,0.8584505748003721,-0.727834818419069,-0.10113638307666406,0.7198134767822921,-1.354013103991747,0.7804988189600408,,,,,,,,,,,,,,,,,
50593792,,,,,,,,,,,,,,0.5270866514183581,1.6899706423282623,0.004389441731746047,0.4556678885128349,3.093454761430621,0.005451211326999328,3.213377319276333,62.07480528950691,4.916074468530596e-05,10.184155657887459,83.10347384214401,5.398705326653541e-05,2.9505650624632835,0.11583515751408413,-0.1254886295646429,0.6403821504209191,1.0
50724864,0.5327476584352553,1.7044001873582602,0.004597594632286928,0.4543056373950094,3.1349669843912125,0.00558764476113538,0.003467131576144311,0.8403656329028308,-0.7629918158054352,-0.101112209726125,0.7280052327550948,-1.3552127685397863,0.8040682896971703,,,,,,,,,,,,,,,,,
50724864,,,,,,,,,,,,,,0.5331817152909935,1.7547250678762794,0.004597594632286928,0.45808747154660523,3.1615152563899755,0.00558764476113538,3.2041748464107513,62.577858328819275,5.3155188885378735e-05,10.263510152697563,83.2544202208519,6.163005279957723e-05,2.9224570095539093,0.11605886038159952,-0.1252701785415411,0.7784699308685958,1.0
50855936,0.5340297459624708,1.973119156435132,0.0034747414890716755,0.4599986227694899,3.1281595397740602,0.005068232259873184,-0.001328847141735423,0.9459713813848794,-0.8247548609506339,-0.09983229491626844,0.7688999087549746,-1.3523691110312939,0.7984716803766787,,,,,,,,,,,,,,,,,
50855936,,,,,,,,,,,,,,0.5345115484669805,2.070583578199148,0.0034747414890716755,0.46347818709909916,3.147041916847229,0.005068232259873184,3.438190594315529,67.56395274400711,5.901069718872165e-05,10.122699953615665,82.8413822054863,5.251174325690555e-05,2.9259669817984104,0.117400964605622,-0.12548164557665586,0.9094583438709378,1.0
50987008,0.5274355062283576,1.6967512890696526,0.004253569165427962,0.456776364473626,3.154722534120083,0.0050093252802980714,-0.005841462994908397,0.9404258579015732,-0.8994860742241144,-0.10120242630364373,0.6959278439171612,-1.3529529217630625,0.7985086222179234,,,,,,,,,,,,,,,,,
50987008,,,,,,,,,,,,,,0.5277956193313003,1.7182198306545615,0.004253569165427962,0.460350506240502,3.2051345482468605,0.0050093252802980714,3.5472170002758503,69.05068057775497,4.9079260874773656e-05,10.025603078305721,82.7624084353447,5.49166746883073e-05,2.917932342737913,0.11788496741792187,-0.1269569860305637,0.6411420705262572,1.0
51118080,0.5265019107609987,1.8861522944644094,0.005040000532744671,0.4602692979387939,3.140687972307205,0.00577578299180459,-0.008169591572368518,0.8608274911530316,-0.7715741526335478,-0.0998550285003148,0.7656819173134863,-1.359681841917336,0.7997254454530776,,,,,,,,,,,,,,,,,
51118080,,,,,,,,,,,,,,0.5268551190383732,1.9479717621579766,0.005040000532744671,0.46375062479637563,3.1575185172259808,0.00577578299180459,3.5527126397937536,63.43954998254776,5.3676219706089157e-05,10.06145565211773,83.07864934206009,5.580408502892098e-05,2.9462223928421736,0.1175840757205151,-0.1258376371115446,0.8558847189415246,1.0
51249152,0.5317615363746881,1.8350349040701985,0.00409314525040827,0.46297600003890693,3.133430989459157,0.005829839209127385,-0.0058563655793477665,0.9333867449313402,-0.7337637455202639,-0.09443644381826743,0.7242750977165997,-1.3643057132139802,0.7886918063741177,,,,,,,,,,,,,,,,,
51249152,,,,,,,,,,,,,,0.5321357427164912,1.9141642861068249,0.00409314525040827,0.46657434036023915,3.161234935745597,0.005829839209127385,3.4395557269454002,64.06474214792252,6.137508563552885e-05,9.847234331071377,83.35248905420303,5.508066752613061e-05,2.9144780058413744,0.11639076995197684,-0.12515919539146125,0.7784653862472624,1.0
51380224,0.5329303685575724,1.7724909530952573,0.003362291793564509,0.4572530477307737,3.1690541990101337,0.004775797724505537,-0.004877605097135529,0.8383817649446428,-0.7325945505872369,-0.09377066238084808,0.7574704494327307,-1.3545903544873,0.802845201920718,,,,,,,,,,,,,,,,,
51380224,,,,,,,,,,,,,,0.5332858334295452,1.8263717833906412,0.003362291793564509,0.46079589612782,3.222269106656313,0.004775797724505537,3.345268612727523,63.0939547419548,5.277383129786983e-05,9.942679949104786,82.925357401371,5.89219524404494e-05,2.9300804659724236,0.11582368705421686,-0.12523267255164683,0.75914231617935,1.0
51511296,0.5339530389755964,1.8839579345658422,0.003200562824076769,0.4591600173152983,3.093499695882201,0.006151582640086417,-0.006150451692974457,0.9061307832598686,-0.7372861250769347,-0.09561104053864256,0.749551865272224,-1.353526803664863,0.7927194987423718,,,,,,,,,,,,,,,,,
51511296,,,,,,,,,,,,,,0.5344158876687288,1.9608723754063249,0.003200562824076769,0.46289293584413826,3.133957903832197,0.006151582640086417,3.4535376261919737,61.18315967917442,6.335472033969225e-05,9.91788399964571,83.21352654695511,6.203603419363546e-05,2.9248583801090717,0.11762108892435208,-0.1254451519344002,0.7827464332804084,1.0
51642368,0.5340912076644599,1.7792339529842138,0.0018350831469433615,0.4563069981522858,3.0990697983652353,0.005401105307100806,-0.006109743661227185,0.8911573523655534,-0.8466943360399455,-0.09259201813256368,0.7141168178059161,-1.3574093002825975,0.8002370479516685,,,,,,,,,,,,,,,,,
51642368,,,,,,,,,,,,,,0.5344585599377751,1.8093157280236483,0.0018350831469433615,0.45994091406464577,3.1307004373520613,0.005401105307100806,3.371276529505849,63.8544819355011,5.752388342994408e-05,9.816295512020588,83.04291433095932,5.854375415670354e-05,2.9321768172085285,0.11482732358854264,-0.12519344850443304,0.6411527784075588,1.0
51773440,0.5332947154529393,1.8859472274780273,0.0019660692414618097,0.4564008966553956,3.1373832058161497,0.0048060443946269515,-0.0070073106980999,0.7659582104533911,-0.8023571185767651,-0.09308660146780312,0.750182693824172,-1.3559290785342455,0.8046065857633948,,,,,,,,,,,,,,,,,
51773440,,,,,,,,,,,,,,0.533688950818032,1.9443988911807537,0.0019660692414618097,0.4600104650016874,3.1656429804861546,0.0048060443946269515,3.3044060450047255,62.87950097024441,5.574767473071063e-05,10.023145459592342,83.324751496315,6.0359828414874306e-05,2.9230722319334745,0.11637676373356953,-0.12654418777674437,0.7534268936142325,1.0
51904512,0.5366753195412457,1.8388117458671331,0.001436071646480741,0.46170686464756727,3.1255356669425964,0.003695409997135357,-0.0065486118842272845,0.9857160607352853,-0.8213071734644473,-0.09613518114201725,0.7313025710172951,-1.353299261070788,0.799060151912272,,,,,,,,,,,,,,,,,
51904512,,,,,,,,,,,,,,0.5369845665991306,1.8725189911201596,0.001436071646480741,0.46526904590427876,3.1535176131874323,0.003695409997135357,3.3503238931298256,66.88653454184532,4.9174771179494314e-05,10.042387314140797,83.12703853845596,5.331133674213451e-05,2.929406452924013,0.11520870722597465,-0.12525720871053636,0.565992709249258,1.0
52035584,0.5435071117244661,1.8143084598705173,0.002273396078408041,0.46067773341201246,3.093271879479289,0.002954875476120833,-0.00235883138505244,0.8210198008455336,-0.850075434660539,-0.09837630682159215,0.7324444004334509,-1.3527523633092642,0.8030850938521326,,,,,,,,,,,,,,,,,
52035584,,,,,,,,,,,,,,0.5438427506014705,1.8790479069575667,0.002273396078408041,0.4643308655358851,3.1216448359191418,0.002954875476120833,3.2523304112255573,62.698775827884674,4.634510905088263e-05,10.064651772379875,82.97155267000198,6.632074308177138e-05,2.9242713935673237,0.1153308633947745,-0.1266346478369087,0.7417297335341573,1.0
52166656,0.5429234118200839,1.7143979594111443,0.005625679062404743,0.45852048275992274,3.17009524255991,0.005349591617232363,0.003215479340266114,0.8919245423749089,-0.8727316532749683,-0.10668751562479883,0.7062091017141938,-1.3582020895555615,0.7928644800558686,,,,,,,,,,,,,,,,,
52166656,,,,,,,,,,,,,,0.5432142047211528,1.7375898621976376,0.005625679062404743,0.4621385212522,3.2040724847465754,0.005349591617232363,3.3277726229280233,62.86632588505745,4.644651403945543e-05,10.15192973613739,83.32220375537872,5.7116085683261986e-05,2.9344625249505043,0.11421536951093003,-0.12523829191923141,0.6048107251990587,1.0
52297728,0.5436252024956048,1.8058745274320245,0.004131202003236467,0.4611596707254648,3.1501760594546795,0.005755030730597355,0.008635155561023566,0.9124706643633544,-0.7264252193272114,-0.10429942834889516,0.7513945526443422,-1.3576778694987297,0.8178041409701109,,,,,,,,,,,,,,,,,
52297728,,,,,,,,,,,,,,0.5440157880075276,1.8728928864002228,0.004131202003236467,0.4649135435465723,3.199685849249363,0.005755030730597355,3.2746649626642466,62.09803795814514,4.5380065714528683e-05,10.213825389742851,83.44049900770187,6.513095927118684e-05,2.9341297671198845,0.11387596582062542,-0.12526494916528463,0.742678195470944,1.0
52428800,0.5374173657037318,1.6442387299612164,0.0029146153553938348,0.4514958190266043,3.085649311542511,0.0051568446938290435,0.00680344981219605,0.9957165480591357,-0.9717015167698264,-0.10753227019449696,0.7136166235432029,-1.3507423121482134,0.8061573677696288,,,,,,,,,,,,,,,,,
52428800,,,,,,,,,,,,,,0.537841871380806,1.6474061300978065,0.0029146153553938348,0.4553298179525882,3.130662899464369,0.0051568446938290435,3.301980623975396,72.78596043586731,5.459144185282483e-05,10.210097283124924,83.18566238880157,4.948682262462256e-05,2.9331069346517324,0.11145503644365817,-0.1251059165224433,0.5930820489302278,1.0
52559872,0.5366587894968688,1.9565664231777191,0.003750621672793386,0.4524502228014171,3.178706832230091,0.004915643824006111,0.012331990401435178,1.068823882844299,-0.7274396396242082,-0.10672466846881434,0.7928535919636488,-1.3528196774423122,0.7911951811984181,,,,,,,,,,,,,,,,,
52559872,,,,,,,,,,,,,,0.5373144801706076,2.097820875234902,0.003750621672793386,0.4564573629759252,3.226860264316201,0.004915643824006111,3.2436064705252647,70.4991380572319,4.7754081372419765e-05,10.20277238637209,83.2994025349617,5.7090828295192075e-05,2.8976921401917934,0.11348215321777388,-0.12544427695684135,0.9603751667309552,1.0
52690944,0.525503377430141,1.6720992615446448,0.003981333184583491,0.4487173033412546,3.1094459537416697,0.005865125313903263,0.023774823814164847,0.9120015287771821,-0.8204595358110964,-0.10734850593144074,0.6872447626665235,-1.351267104037106,0.8121152897365391,,,,,,,,,,,,,,,,,
52690944,,,,,,,,,,,,,,0.5741616717979803,1.6704453911100114,0.006001838961890246,0.4385698959436063,3.0898764887517625,0.004475023955280079,2.5420695485350175,54.6529733514884,4.48355964938422e-05,9.915819406985294,78.75694134798678,4.923658137139681e-05,3.0125476639349382,0.106527299420642,-0.12888593259421025,0.6239771528558417,1.0
52822016,0.5258132885210216,1.8549079792574048,0.0036946024229109753,0.44449892453849316,3.165729969739914,0.005269744644465391,0.024288967208121903,1.0845127212814987,-0.8693635752424598,-0.10749543929705396,0.741416600998491,-1.348079478368163,0.8011182420887053,,,,,,,,,,,,,,,,,
52822016,,,,,,,,,,,,,,0.5263621774502099,1.95390516333282,0.0036946024229109753,0.448353044455871,3.211610274389386,0.005269744644465391,3.5599964447319508,74.20267656445503,6.038258370999472e-05,10.235577628016472,82.9448914527893,6.913687494680687e-05,2.9309298899024725,0.11080893035978079,-0.24457872635684907,0.9071471539791673,1.0
52953088,0.5272936928085983,1.7957207895815372,0.0027193600369628257,0.4468833189457655,3.16427337937057,0.005156089870069991,0.015818568001122912,0.9399848585017025,-0.7531711703632027,-0.11024105793330818,0.7670820779167116,-1.348483339883387,0.8018362391740084,,,,,,,,,,,,,,,,,
52953088,,,,,,,,,,,,,,0.5278505142778158,1.8649485958740115,0.0027193600369628257,0.4506390693131834,3.205904394388199,0.005156089870069991,3.199206154793501,66.53077042102814,6.420935716503276e-05,10.444735623896122,82.47331517934799,6.524641859928515e-05,2.9312433879822493,0.11224173521623015,-0.178328511537984,0.6928749794606119,1.0
53084160,0.5378164048306644,1.7840004079043865,0.004435582002543015,0.4530211561359465,3.1371853221207857,0.0057868924764079566,0.00970766080354224,0.8692976771853864,-0.7499283477663994,-0.11118384049041197,0.728039922658354,-1.352039447054267,0.8025672489311546,,,,,,,,,,,,,,,,,
53084160,,,,,,,,,,,,,,0.5382576254196465,1.8608899461105466,0.004435582002543015,0.45675169257447124,3.1873316541314125,0.0057868924764079566,3.040589740499854,61.20208263397217,4.803456357149738e-05,10.370242282748222,82.90300333499908,6.99541552467986e-05,2.92499678209424,0.11372289521386847,-0.1252592254895717,0.8790128428954631,1.0
53215232,0.5378513904288411,1.8222028333693743,0.004605115662343451,0.4496989806648344,3.173922488465905,0.005907038120312791,0.006879708162159659,0.9481171844527125,-0.7034341893158853,-0.10593683028127998,0.7458190326578915,-1.34864757116884,0.8170810136944056,,,,,,,,,,,,,,,,,
53215232,,,,,,,,,,,,,,0.5383480982854962,1.916702387854457,0.004605115662343451,0.4535098415799439,3.2331515811383724,0.005907038120312791,3.006421238183975,64.52515533566475,5.362462273161839e-05,10.239553801715374,83.09678113460541,6.140013571442893e-05,2.916125500574708,0.11305984604405239,-0.12560704303905368,0.9197665271349251,1.0
53346304,0.5376047301106155,1.7925006430596113,0.003459591112459748,0.44715778692625463,3.067054385319352,0.005277646873082631,-0.0005912569604333839,0.9015736998990178,-0.8936661626212299,-0.10209558386122808,0.7336338376626372,-1.3537158742547035,0.7943562576547265,,,,,,,,,,,,,,,,,
53346304,,,,,,,,,,,,,,0.5380896856077015,1.8681463962420821,0.003459591112459748,0.4509812362957746,3.117452457547188,0.005277646873082631,2.858406664803624,65.54533132910728,4.5707707111430906e-05,10.121519804000854,83.24937617778778,6.370835243341144e-05,2.946620950475335,0.11373870290117338,-0.12519158539362252,0.8224643846042454,1.0
53477376,0.5358929797075689,1.777001335285604,0.0035733634292682837,0.45033845538273454,3.1399003509432077,0.005083732990897261,-0.0025154798438506987,0.8323587803170085,-0.7165272543206811,-0.10031890030950308,0.7409419044852257,-1.3472823882475495,0.8084491547197104,,,,,,,,,,,,,,,,,
53477376,,,,,,,,,,,,,,0.5363510535098612,1.854643002152443,0.0035733634292682837,0.4540683140512556,3.198590975254774,0.005083732990897261,2.9727164562791586,61.20052555203438,4.969888031736147e-05,10.039976581931114,82.89883887767792,5.4785937238177596e-05,2.953664854168892,0.11405196244595572,-0.12537709809839725,0.7893229676410556,1.0
53608448,0.5359781454317272,1.85565129481256,0.0021947277334675164,0.4533779884222895,3.158673744648695,0.005079524002667313,-0.003293777048781976,0.8557594274170697,-0.7832376637961715,-0.1007043969584629,0.7312086299061775,-1.3562533650547266,0.7962265759706497,,,,,,,,,,,,,,,,,
53608448,,,,,,,,,,,,,,0.5364709780551493,1.9182343874126673,0.0021947277334675164,0.45726838964037597,3.2234590873122215,0.005079524002667313,3.0399412624537945,62.19083032011986,5.865394022777637e-05,10.232765667140484,83.47693878412247,5.6536792718553386e-05,2.9200435522943735,0.11535372637445107,-0.1253807176835835,0.6999144719447941,1.0
53739520,0.5338120684027672,1.664122086018324,0.005182903374361558,0.45243225945159793,3.089344261214137,0.005312575505286077,-0.0038442352387164647,0.7890361933968961,-0.7725526359863579,-0.09396633203141391,0.6833328097127378,-1.350444388575852,0.7925548395141959,,,,,,,,,,,,,,,,,
53739520,,,,,,,,,,,,,,0.5341633381322026,1.664122086018324,0.005182903374361558,0.4560440781060606,3.1430932227522135,0.005312575505286077,3.2213280461728573,61.90824028849602,5.854537944238736e-05,9.88926898688078,82.87958776950836,6.472187849082545e-05,2.924713794142008,0.11683346709469333,-0.12560304580256343,0.5350269426126033,1.0
53870592,0.5347524713724852,1.77722954377532,0.0037417595797251124,0.4572711850050837,3.1260156128555536,0.006008885294249922,-0.0051595463399181085,0.8153327805921435,-0.8655089871026576,-0.09627138503128663,0.7244341243058443,-1.3521624049171805,0.8049766970798373,,,,,,,,,,,,,,,,,
53870592,,,,,,,,,,,,,,0.5350958369672298,1.8289392003789544,0.0037417595797251124,0.4608556635212153,3.1467663925141096,0.006008885294249922,3.29202495329082,63.462047547101974,4.696113241436928e-05,10.070179857313633,82.8403582572937,6.0248401094975534e-05,2.9500074647367,0.11628063081298023,-0.12533495225943625,0.6324926076922566,1.0
54001664,0.5364330890588462,1.6955520482733846,0.0044322745284262055,0.4572684345766902,3.0970911253243685,0.004486575599912612,-0.006679112708297907,0.9056751187890768,-0.762824994046241,-0.09458349889609963,0.7085542157292366,-1.3536273315548897,0.799803598318249,,,,,,,,,,,,,,,,,
54001664,,,,,,,,,,,,,,0.5367311635054648,1.697831648401916,0.0044322745284262055,0.46100466419011354,3.1397713720798492,0.004486575599912612,3.3279248289763927,66.48969998955727,6.239469430924238e-05,10.007680788636208,83.19937759637833,5.807384321387943e-05,2.9380400013178587,0.11690257862210274,-0.12521911528892815,0.5176769096869975,1.0
54132736,0.5402351911179721,1.8306927541270852,0.004664226634304214,0.4641451733186841,3.1303240563720465,0.005071196754215634,-0.0126200043305289,0.8405085550621152,-0.7217032189946622,-0.09611859155120328,0.7482156963087618,-1.356116395443678,0.7946375701576471,,,,,,,,,,,,,,,,,
54132736,,,,,,,,,,,,,,0.5406406708061695,1.892025682143867,0.004664226634304214,0.467796299373731,3.1732053328305483,0.005071196754215634,3.445583004504442,61.00059223175049,5.432022039164597e-05,10.266056790947914,83.09395956993103,6.0716594511234234e-05,2.9314877800643444,0.11756772355875,-0.12509541027247906,0.7500511575490236,1.0
54263808,0.5401201988570392,1.7651965599507093,0.004300627312659344,0.4660100541077554,3.19905699044466,0.0046699007220922795,-0.010838135949597927,0.9305593105964363,-0.9009321825578809,-0.09716995793860406,0.7439434546977282,-1.3497342374175787,0.7987495274282992,,,,,,,,,,,,,,,,,
54263808,,,,,,,,,,,,,,0.5404860111884773,1.7903869124129415,0.004300627312659344,0.4698657135013491,3.2467681616544724,0.0046699007220922795,3.4409526959061623,70.9449982047081,5.11280804813552e-05,10.299147203564644,83.04131203889847,6.480640048531217e-05,2.90246569737792,0.11669606273062527,-0.1255145720206201,0.6692569255828857,1.0
54394880,0.532821896020323,1.8573491517454386,0.0029794192702183864,0.46015977836214006,3.1815938409417868,0.004773046231548506,-0.011655273166979896,0.8416943158954382,-0.8130077817477286,-0.09839638433186337,0.7550494316965342,-1.351922869682312,0.8050384679809213,,,,,,,,,,,,,,,,,
54394880,,,,,,,,,,,,,,0.5333711290732026,1.9810226894915104,0.0029794192702183864,0.464033133815974,3.22460556961596,0.004773046231548506,3.5712024699896574,64.39117103815079,5.42806781695937e-05,10.219244539737701,82.87199705839157,6.533554020160537e-05,2.908327914774418,0.11761995329288766,-0.12587888212874532,0.9914872234221548,1.0
54525952,0.5312371547333896,1.8468506671488285,0.004433077130443053,0.4602237625513226,3.2064772602170706,0.005245361215315825,-0.011918159219931113,0.9101083385758102,-0.8341124407015741,-0.10114673024509102,0.761050283908844,-1.3583018658682704,0.777831083163619,,,,,,,,,,,,,,,,,
54525952,,,,,,,,,,,,,,0.5316972550936043,1.9275747695937753,0.004433077130443053,0.4640274574048817,3.230103474110365,0.005245361215315825,3.463348623365164,66.3247589468956,4.9284439472607744e-05,10.330233357846737,83.56164878606796,5.6058818541981914e-05,2.9099783152341843,0.11594824807252735,-0.12566209048964083,0.7922396087087691,1.0
54657024,0.5303853587247431,1.6585017750039697,0.003325628570337358,0.45815811259672046,3.1310061402618885,0.004869819830219058,-0.011424270800489467,0.8048643562942743,-0.8427506270818412,-0.10646608611568809,0.7113604149781168,-1.3561159633100033,0.8225991548970342,,,,,,,,,,,,,,,,,
54657024,,,,,,,,,,,,,,0.5307615483179688,1.6865712506696582,0.003325628570337358,0.4620678620412946,3.1910292096436024,0.004869819830219058,3.1916584987193346,61.56259995698929,4.713317944871065e-05,10.324664697051048,83.19927883148193,5.616746798509098e-05,2.9448293894529343,0.11542482633376494,-0.1255193054676056,0.7264850218780339,1.0
54788096,0.5308596692048013,1.8019647942855954,0.002607598579061232,0.45298726693727076,3.1685798950493336,0.004904224233087007,-0.003879342150085563,0.9489627536386251,-0.8002271689474583,-0.10814675030997023,0.7419299622997642,-1.3494141278788447,0.804624377284199,,,,,,,,,,,,,,,,,
54788096,,,,,,,,,,,,,,0.5313469325192273,1.8860700745135546,0.002607598579061232,0.4567528418265283,3.224733544513583,0.004904224233087007,3.0979509484022856,64.15998715162277,5.876646870994762e-05,10.234374269843102,83.23635458946228,5.8465955201647546e-05,2.9235625602304935,0.11271738493815064,-0.12524494202807546,0.8349611999001354,1.0
54919168,0.529298332054168,1.723791847936809,0.0023615135401087173,0.4475429211743176,3.1244109608232975,0.004758186034450773,0.0009917957167715485,0.8507455787621439,-0.9612409719265997,-0.11277833342319354,0.7126072673127055,-1.3534142347052693,0.820525630377233,,,,,,,,,,,,,,,,,
54919168,,,,,,,,,,,,,,0.5298147099092603,1.7582245580852032,0.0023615135401087173,0.45165950316004455,3.211707739159465,0.004758186034450773,3.0248938743025064,67.41657903790474,5.2817158838980305e-05,10.456103801727295,83.40029191970825,5.9146526188325055e-05,2.9131709579378366,0.11092464241664857,-0.12522601685486734,0.6503201997838914,1.0
55050240,0.5349187795072794,1.8879748322069645,0.0027692028754700004,0.4554346448276192,3.11152296513319,0.005340863359379,0.005463074877042118,0.9201656384393573,-0.7871105493977666,-0.11891784879844636,0.7336384933441877,-1.358498346991837,0.8205540501512587,,,,,,,,,,,,,,,,,
55050240,,,,,,,,,,,,,,0.5355377099476755,1.9778914712369442,0.0027692028754700004,0.45969069050624967,3.175156807526946,0.005340863359379,2.9748279470950365,67.6790291517973,5.750024301054424e-05,10.699389152228832,83.53352618217468,5.9298736808321983e-05,2.9272472392767668,0.11172134493244812,-0.12519774585962296,0.919034531340003,1.0
55181312,0.5327772637829185,1.8836013646796346,0.003213651360624681,0.4529060593340546,3.203449722379446,0.005426283568795043,0.012854440297815017,0.9320431128144264,-0.7822189463768154,-0.1118663715897128,0.7573339673690498,-1.3498251102864742,0.8172578769735992,,,,,,,,,,,,,,,,,
55181312,,,,,,,,,,,,,,0.5333983176387846,1.9875609343871474,0.003213651360624681,0.45708324993029237,3.264323964715004,0.005426283568795043,3.0284533090889454,67.67064064741135,5.925226284642093e-05,10.604785032570362,83.08177876472473,6.009482048341397e-05,2.9133336450904608,0.11165703897131607,-0.12508806306868792,0.8530816256534308,1.0
55312384,0.5373041718266904,1.6867494275793433,0.005219738299274468,0.44939360674470663,3.104705473408103,0.005560680986491207,0.025159458309644833,1.043304632883519,-0.7973033760208637,-0.11008847417542711,0.7222712431102991,-1.3519125329330564,0.8038243893533945,,,,,,,,,,,,,,,,,
55312384,,,,,,,,,,,,,,0.5782214879252754,1.6954039596430548,0.005194302821989398,0.44204630250377314,3.1150954643694253,0.00457404070742656,2.5858871167139306,58.68705594066817,4.449187463470896e-05,10.300752453291071,79.24529491708829,5.359698898016524e-05,3.015259249524756,0.10840213670814922,-0.1251076249057775,0.651513336124001,1.0
55443456,0.533280311152339,1.7964768009260297,0.006415219787413662,0.4551346099469811,3.1305088251829147,0.006207278359170232,0.025016612402396277,1.0553477695211768,-0.8839657886419445,-0.11367258883547038,0.6868015928193927,-1.352738982066512,0.7813343666493893,,,,,,,,,,,,,,,,,
55443456,,,,,,,,,,,,,,0.5338652953505516,1.8527415823191404,0.006415219787413662,0.45935340551659465,3.1961836460977793,0.006207278359170232,3.777860503643751,75.84996464848518,4.8175003782180426e-05,10.537714637815952,83.22228592634201,7.083066931201643e-05,2.908849226310849,0.11430550133809447,-0.12544679595157504,0.6897271734196693,1.0
55574528,0.5313542811200023,1.7161421198397875,0.005062254369477159,0.4533728582318872,3.113594362512231,0.005865701932634693,0.021783637086628005,1.0136374742724001,-0.7667518323287368,-0.11426705110352486,0.7040345789864659,-1.354138477705419,0.7765837390907109,,,,,,,,,,,,,,,,,
55574528,,,,,,,,,,,,,,0.5319455452263355,1.7737428760156035,0.005062254369477159,0.45752691361121833,3.182743936777115,0.005865701932634693,3.5429879650473595,69.58617478609085,5.1993425349561306e-05,10.591020792722702,83.30430793762207,6.694987394217922e-05,2.9206826016306877,0.11416336748516187,-0.12569226697087288,0.747163332765922,1.0
55705600,0.5336235295981169,1.8164651552215219,0.004566679827803455,0.4539943253621459,3.160782143473625,0.006211345307747251,0.012021711620036513,1.0331779206171632,-0.866547181038186,-0.1148455489310436,0.7085016542114317,-1.3517180057242513,0.7802686914801598,,,,,,,,,,,,,,,,,
55705600,,,,,,,,,,,,,,0.5342483050189912,1.8613232159987092,0.004566679827803455,0.4582900258246809,3.220304997637868,0.006211345307747251,3.345317540690303,72.7998076081276,5.60703085523695e-05,10.696742832660675,83.42244923114777,6.17481278029075e-05,2.9177025258541107,0.11331781290937215,-0.1254005825612694,0.719343995442614,1.0
55836672,0.537724117282778,1.9116861103102565,0.0029664738287920045,0.45156759629026055,3.0980760511010885,0.004790380899066804,0.006155218989874811,0.8546945475973189,-0.8232557554729283,-0.11244424275355414,0.7526132948696613,-1.3506729947403073,0.7964664921164513,,,,,,,,,,,,,,,,,
55836672,,,,,,,,,,,,,,0.5382974105887115,1.9995740512385964,0.0029664738287920045,0.4557643383741379,3.163452297449112,0.004790380899066804,3.015079267323017,66.71693655848503,5.758080188300596e-05,10.663184642791748,83.23219978809357,6.238937233782327e-05,2.91803671233356,0.11155532137490809,-0.12512817233800888,0.9384702222887427,1.0
55967744,0.5342474612407386,1.7640286134555936,0.004614960723529293,0.45245197298936546,3.094507707282901,0.0058425070501471055,0.0018777630868385131,0.8894513146951795,-0.7306822610553354,-0.10775416082469746,0.7477275123819709,-1.3473826991394162,0.8051895960234106,,,,,,,,,,,,,,,,,
55967744,,,,,,,,,,,,,,0.5347481174394488,1.8140789112076163,0.004614960723529293,0.45623920066282153,3.139012286439538,0.0058425070501471055,3.0963419638574123,63.80092777311802,5.3608127132287464e-05,10.431032672524452,83.03232002258301,6.636794098824339e-05,2.900453435257077,0.11356887745205313,-0.1255036450456828,0.6375614407006651,1.0
56098816,0.5365513483993709,1.8474938226863742,0.0054341639597623725,0.45437672664411366,3.145052744075656,0.006076189155464817,-0.0012007961940625478,0.859008542727679,-0.8316222536377609,-0.10883124807151034,0.8008844060823321,-1.3500951807945967,0.7984670293517411,,,,,,,,,,,,,,,,,
56098816,,,,,,,,,,,,,,0.5371506810188293,1.9139168644323945,0.0054341639597623725,0.45876165106892586,3.2075248565524817,0.0060636660100499284,3.1468461733311415,64.36379584670067,4.734787306748256e-05,10.516666166484356,83.28026938438416,6.061608585206102e-05,2.9499510768800974,0.11538719432428479,-0.12540758936665952,0.8202019452583045,1.0
56229888,0.5366259957663715,1.9324699016287923,0.005363380591688838,0.45747116091661155,3.152753349393606,0.005655722613482794,-0.0026066635021706475,0.9113746196962893,-0.9417951819486916,-0.10585140966577455,0.7594752628356218,-1.356308801099658,0.8091199733316898,,,,,,,,,,,,,,,,,
56229888,,,,,,,,,,,,,,0.5371814738027751,2.0236786575987935,0.005363380591688838,0.46161452773958445,3.2032326087355614,0.005655722613482794,3.2111251074820757,68.00461775064468,5.4920542470693334e-05,10.528275065124035,83.40938079357147,6.10020297955316e-05,2.94110856577754,0.11493379558669403,-0.12658394151367247,0.9784234699327499,1.0
56360960,0.5387116721831262,1.8640247341245413,0.005456877403503313,0.4548039333894849,3.1544673163443804,0.005780660058007925,-0.004343128339655777,0.9115398661233485,-0.7085979115217924,-0.10801179765257984,0.7354821502231061,-1.3531406596302986,0.7994557255879045,,,,,,,,,,,,,,,,,
56360960,,,,,,,,,,,,,,0.5392887447960675,1.9420643337070942,0.005456877403503313,0.4589530313387513,3.192332250997424,0.005780660058007925,3.037522979080677,63.74368239939213,6.692497245985862e-05,10.553662158548832,83.47485768795013,6.0234405466652596e-05,2.9236160907894373,0.11426556546939537,-0.12546975421719253,0.8432752997614443,1.0
56492032,0.5377091118134558,1.9393101911991835,0.006637121661697165,0.4557847564574331,3.1291589606553316,0.00610931654318847,-0.0052256755759572115,0.8243576984386891,-0.8543829689733684,-0.10522156383376569,0.7486010515131056,-1.3551479615271091,0.7991499491035938,,,,,,,,,,,,,,,,,
56492032,,,,,,,,,,,,,,0.5384208452887833,2.048568674363196,0.006637121661697165,0.4600153719075024,3.1927549187093973,0.00610931654318847,2.9988523311913013,65.49280026555061,4.963331310359198e-05,10.517464697360992,83.31772792339325,6.165778432309921e-05,2.9435621481388807,0.11588579620001838,-0.12532133609056473,0.9647455534432083,1.0
56623104,0.5394350551068783,2.138210516422987,0.006198190151280869,0.4610875437501818,3.184991279616952,0.005835720155573654,-0.010726815511588939,0.9281524983234704,-0.8757428030949086,-0.1104749136720784,0.8022859771735966,-1.3548569474369287,0.7804915336892009,,,,,,,,,,,,,,,,,
56623104,,,,,,,,,,,,,,0.540142709389329,2.2917018765583634,0.006198190151280869,0.46540458290837705,3.2672235798090696,0.005835720155573654,3.3379383143037558,67.4952763915062,4.637547657865282e-05,10.587459214031696,83.56070643663406,6.651569788496126e-05,2.9409513790160418,0.11794637324055657,-0.12575683230534196,0.9975226095411927,1.0
56754176,0.5364948608912528,1.8357179341837764,0.0049927299983210105,0.45634990534745157,3.131629889830947,0.0054688285322299635,-0.009654786124883685,0.7477455642074347,-0.690896745538339,-0.10839028796181083,0.7124055414460599,-1.351427124813199,0.7724354099482298,,,,,,,,,,,,,,,,,
56754176,,,,,,,,,,,,,,0.5370657239109278,1.896160445176065,0.0049927299983210105,0.4603908113203943,3.16985378600657,0.0054688285322299635,3.263439865782857,58.07038463652134,4.9446083258075646e-05,10.639311231672764,83.15246593952179,5.56553445403285e-05,2.916289061307907,0.11748648918000981,-0.1258854630868882,0.7508499445393682,1.0
56885248,0.5287755117751658,1.8719974122941494,0.0038815653560959618,0.4591532535851002,3.1676368229091167,0.005735506238124799,-0.008156313979043261,0.8337659919634461,-0.8432780150324106,-0.10995837330119684,0.7476719431579113,-1.3521492835134268,0.7866424112580717,,,,,,,,,,,,,,,,,
56885248,,,,,,,,,,,,,,0.5294143627397716,1.9639089768752456,0.0038815653560959618,0.4633663569111377,3.2374028842896223,0.005735506238124799,3.4238032568246126,66.94067201018333,4.91222595706553e-05,10.554370738565922,83.33145934343338,6.25242791920666e-05,2.9397077448666096,0.11791772965807468,-0.12682308559305966,0.8331093762535602,1.0
57016320,0.5334367738105357,1.9241353627294302,0.003833574692180264,0.4594905427657068,3.17347477003932,0.0050022946734316065,-0.010370108484494267,0.9532205546274781,-0.726858661044389,-0.10323481581872329,0.7602627766318619,-1.349033696576953,0.7923211292363703,,,,,,,,,,,,,,,,,
57016320,,,,,,,,,,,,,,0.5341098792850971,2.0095250075682998,0.003833574692180264,0.46365174534730613,3.2403799165040255,0.0050022946734316065,3.3203868698328733,69.48229786753654,4.657751240366714e-05,10.458985432982445,83.00858128070831,5.623773181673286e-05,2.921190969645977,0.11684375168988481,-0.12672688369639218,0.9834915434475988,1.0
57147392,0.5317445159889758,1.794411045499146,0.0050925003836823635,0.45512908860109746,3.1257904320955276,0.005334185987521778,-0.00793308188804076,0.9968477538786829,-0.7237484510987997,-0.10120774962706491,0.7300447197631001,-1.3562500150874257,0.7892222073860466,,,,,,,,,,,,,,,,,
57147392,,,,,,,,,,,,,,0.5323278224095702,1.8604987422004342,0.0050925003836823635,0.45929951407015324,3.196603402495384,0.005314549134709523,3.3401565086096525,68.39410635828972,4.329633820437939e-05,10.326982587575912,83.50400793552399,5.7223459651645214e-05,2.928479267284274,0.11782942508580163,-0.12545110611245036,0.6866633796598762,1.0
57278464,0.5327102565206587,1.8795871026813984,0.004860529952566139,0.4510144169908017,3.101567490026355,0.0055868984090921,-0.003906392118125268,0.8562688045203686,-0.852731610648334,-0.09828837920213118,0.8338120030239224,-1.3492285003885627,0.7910446678288281,,,,,,,,,,,,,,,,,
57278464,,,,,,,,,,,,,,0.5334056452848017,1.9699861770495772,0.004860529952566139,0.4552119504660368,3.144956514239311,0.0055868984090921,3.0491230729967356,66.8449245095253,5.3457531772438394e-05,10.291056260466576,83.16637295484543,6.05572663692211e-05,2.9392580464482307,0.11710062657948583,-0.1251812030095607,0.9441262774635106,1.0
57409536,0.5366050261072814,1.8007106315344572,0.0038298372528515756,0.4563633077777922,3.139143457636237,0.005692245654245198,-0.004192356768442096,0.8682122137397528,-0.8104000755120069,-0.0934412365895696,0.762427278328687,-1.359040355309844,0.7883280040696263,,,,,,,,,,,,,,,,,
57409536,,,,,,,,,,,,,,0.5371929751709104,1.8486182754859328,0.0038298372528515756,0.4606930105946958,3.2055199462920427,0.005692245654245198,3.107996316626668,65.56009525060654,6.021141601797453e-05,10.196432515978813,83.83581614494324,5.8014342921519635e-05,2.9447245858609676,0.11763829668052495,-0.12723750388249755,0.8679798753000796,1.0
57540608,0.5364271178841591,1.901502258144319,0.003740815542414566,0.4563203745055944,3.0587274096906185,0.00469426555582686,-0.004589211399661508,0.8149556922726333,-0.8365280847065151,-0.09421992348507047,0.8231938723474741,-1.3535689990967512,0.7846656474284828,,,,,,,,,,,,,,,,,
57540608,,,,,,,,,,,,,,0.5371234659105539,1.9867704752832651,0.003740815542414566,0.4605550856795162,3.138195775449276,0.00469426555582686,3.217127375304699,66.36235371232033,5.565426074305435e-05,10.279808290302753,83.32725751399994,6.796226709759878e-05,2.9472087547183037,0.11754676286363974,-0.12551147281192243,0.6631711770314723,1.0
57671680,0.5378284431062639,1.7815927285701036,0.0055508976022338175,0.46074957167729735,3.1006086096167564,0.006265012510084489,-0.00254256623233573,0.8275861656293273,-0.8052186951972544,-0.09751006012083963,0.7453279569745064,-1.3499302994459867,0.7905777087435126,,,,,,,,,,,,,,,,,
57671680,,,,,,,,,,,,,,0.5384419779293239,1.8119478709995747,0.0055508976022338175,0.4651453420519829,3.1679614167660475,0.006250527941119799,3.351389141753316,66.86204306781292,5.651788180216499e-05,10.39476015418768,83.21514415740967,6.707616808165895e-05,2.953297095373273,0.11882799805607647,-0.12529032700695097,0.6315887493547052,1.0
57802752,0.5407193950377405,1.9865183616057038,0.004941001858242089,0.4590120466891676,3.1750671714544296,0.00540964289848489,-0.0024407051842132432,0.7922348282299936,-0.76226771553047,-0.09465296071721241,0.7866785880178213,-1.3499756837263703,0.784885716624558,,,,,,,,,,,,,,,,,
57802752,,,,,,,,,,,,,,0.5413863328285515,2.099045536480844,0.004941001858242089,0.46310163754969835,3.2601863015443087,0.00540964289848489,3.117970312014222,65.08982342481613,5.483960938335031e-05,10.233774445950985,83.22989457845688,5.621614907447281e-05,2.9106375444680452,0.11749380739638582,-0.125203057192266,0.8657685730140656,1.0
57933824,0.5451988275162876,1.6959974514320493,0.00227177098690845,0.4483034829609096,3.238397980108857,0.004007644442481251,0.009333103485005267,0.9581177704967558,-0.8256686152890325,-0.1018717338447459,0.7254904229193926,-1.3434929428622127,0.7856424213387072,,,,,,,,,,,,,,,,,
57933824,,,,,,,,,,,,,,0.5891951156350282,1.7242558159670986,0.005996415394462759,0.4443266274775941,3.1362842868317613,0.004314777936947444,2.296025706731438,59.5383741705791,4.879912998791101e-05,10.086280265985476,79.39773017851697,4.833981857604924e-05,3.0232629481252733,0.10993557140374413,-0.1250423848792747,0.6237922061930646,1.0
58064896,0.5327604725025594,1.811572135426104,0.002173788729351145,0.4534403937868774,3.130327368155122,0.004180441524113121,0.013887186127249151,1.0309430132620037,-0.8841986511833966,-0.11001885804580525,0.7323661749251187,-1.3509877156466246,0.7571698729880154,,,,,,,,,,,,,,,,,
58064896,,,,,,,,,,,,,,0.5334224849939346,1.8657349701970816,0.002173788729351145,0.4578773155808449,3.1953152548521757,0.004180441524113121,3.426939934492111,75.3437950015068,4.974331804352694e-05,10.533097386360168,83.44779413938522,6.0683099992075995e-05,2.945148576050997,0.11496656021336094,-0.12516408879309893,0.7652621704619378,1.0
58195968,0.5328937843441963,1.7133786799386144,0.0017530051561323035,0.4537607610691339,3.141644051298499,0.0047789064478820364,0.011839290647913003,0.9378807791508734,-0.7596013434231281,-0.10697516985237598,0.7271094406023622,-1.3523430991917849,0.7687475590500981,,,,,,,,,,,,,,,,,
58195968,,,,,,,,,,,,,,0.5334407915361226,1.7559072896838188,0.0017530051561323035,0.4577801844570786,3.2087169997394085,0.0047789064478820364,3.2946946155279875,68.62074255943298,5.2197137730469745e-05,10.454909518361092,83.13872212171555,6.471306011923694e-05,2.932958422228694,0.11357098177541047,-0.12526215286925435,0.5853147334419191,1.0
58327040,0.5389045621268451,1.885898937471211,0.004050215580718941,0.4551829353440553,3.154352067038417,0.005229976879036258,0.010554969834629446,0.9879128928296268,-0.6665416397154331,-0.1041584144695662,0.7566833710297942,-1.3586626555770636,0.7857933966442943,,,,,,,,,,,,,,,,,
58327040,,,,,,,,,,,,,,0.5395750706084073,1.9622425194829702,0.004050215580718941,0.4594603118021041,3.2498593740165234,0.005229976879036258,3.1161982025951147,67.44648629426956,5.0748756206170365e-05,10.491975463926792,83.99497759342194,5.6945464619651e-05,2.910368988290429,0.11422117444453761,-0.12538206204771996,0.8059225438628346,1.0
58458112,0.5346742891706526,1.740481679327786,0.0032362070182898606,0.4512930989731103,3.0845855306833982,0.004174976382500972,0.007090523473380017,0.9853345076553524,-0.8925543662626296,-0.10261237493250519,0.7236878867261112,-1.3550276281312108,0.789015322457999,,,,,,,,,,,,,,,,,
58458112,,,,,,,,,,,,,,0.5351412557065487,1.7603503838181496,0.0032362070182898606,0.4552254122681916,3.157158052548766,0.004174976382500972,3.062014013528824,67.42699238657951,4.429945736861285e-05,10.23134496062994,83.04685801267624,5.6829674829672605e-05,2.921413453295827,0.11160307959653437,-0.12538230861537158,0.7125988006591797,1.0
58589184,0.5273938942700624,1.8195762299001217,0.0020907206506990406,0.45138971670530736,3.108209151774645,0.004372040260022914,0.008369550545467064,0.9829928795807064,-0.7031741803511977,-0.10325659875525162,0.7453637006692588,-1.3501859572716057,0.7983973855152726,,,,,,,,,,,,,,,,,
58589184,,,,,,,,,,,,,,0.5278980508446693,1.8627343121916056,0.0020907206506990406,0.45521219074726105,3.1360843889415264,0.004372040260022914,3.05757537484169,64.95580866932869,5.518915300906091e-05,10.35550631582737,82.94367066025734,5.947219100503609e-05,2.9292854741215706,0.11270480748498812,-0.1254953711759299,0.6981255926657468,1.0
58720256,0.536114513874054,1.8617246570065618,0.00506709042338116,0.4507958013564348,3.1478283293545246,0.0056293895349881495,0.003933228641187725,0.94161162013188,-0.7083787149749696,-0.1040193852968514,0.7491232333704829,-1.3585818400606513,0.8110723444260657,,,,,,,,,,,,,,,,,
58720256,,,,,,,,,,,,,,0.5365304774604738,1.912401563487947,0.00506709042338116,0.45453170081600547,3.189866930246353,0.0056293895349881495,2.9099932089447975,68.56193226575851,5.637029809069105e-05,10.337171420454979,83.1263627409935,6.11631802657775e-05,2.939466930925846,0.11404666351154447,-0.12565330928191543,0.6647440709639341,1.0
58851328,0.533004071097821,1.7487768009305,0.003475808791677082,0.45194208598695695,3.103906376287341,0.006172940633405233,0.0025009513933911265,0.8783364174887538,-0.842863408382982,-0.10438184026861563,0.7163837114349008,-1.3587152101099491,0.7935018064454198,,,,,,,,,,,,,,,,,
58851328,,,,,,,,,,,,,,0.5334068685770035,1.7626742143183947,0.003475808791677082,0.4556780946440995,3.173394037410617,0.006172940633405233,2.963366298004985,67.1548208296299,5.23896336441787e-05,10.3358309045434,83.35738664865494,6.786755375109976e-05,2.955681512132287,0.11407788860378787,-0.12575045228004456,0.4849632238037884,1.0
58982400,0.5333191226236522,1.8234639130532742,0.0034252962551590826,0.45119948708452284,3.0779941268265247,0.005304914657244808,-0.0008416817670990895,0.816120910923928,-0.7967142248526216,-0.10538764484226704,0.7448795791715384,-1.3591836085543036,0.7906240983866155,,,,,,,,,,,,,,,,,
58982400,,,,,,,,,,,,,,0.5336550017818809,1.866570269688964,0.0034252962551590826,0.4548203556332737,3.138463383540511,0.005304914657244808,2.913273559883237,63.82359337806702,5.1593002729832804e-05,10.454920634627342,83.47313731908798,5.284159447104669e-05,2.9608742874115705,0.11500378942582756,-0.1253495558630675,0.6615726579912007,1.0
59113472,0.5310932970605791,1.7086859047412872,0.0039992518815097355,0.4498144527897239,3.0240429528057575,0.005116097026984789,0.000716480143793774,0.8487562411464751,-0.7393085169605911,-0.10512390034273267,0.7168864533305168,-1.3539343066513538,0.7936551030725241,,,,,,,,,,,,,,,,,
59113472,,,,,,,,,,,,,,0.5314382975921035,1.7334416527301073,0.0039992518815097355,0.45339621510356665,3.087352382019162,0.005116097026984789,3.0336766578257084,61.45845377445221,4.96451225950878e-05,10.355018727481365,83.1402638554573,5.614859146474416e-05,2.9406861774623394,0.11447855149162933,-0.12561062606982887,0.5990394349209964,1.0
59244544,0.533083719201386,1.9480036478489637,0.0023622251189863164,0.44918082864023745,3.097818648442626,0.004250483745636302,-0.0017322817388720768,0.8159412536770105,-0.9295605518855155,-0.1050069120246917,0.7706238469108939,-1.3610791061073542,0.8093409701250494,,,,,,,,,,,,,,,,,
59244544,,,,,,,,,,,,,,0.5334273399785161,2.0402302062138915,0.0023622251189863164,0.452651021303609,3.1567962672561407,0.004250483745636302,3.0968067329376936,66.92777137458324,5.391761914264048e-05,10.300040118396282,82.82452493906021,5.9079755577839954e-05,2.9510304424911737,0.11390407430008054,-0.12583206198178232,0.8426804838236421,1.0
59375616,0.5315315830521286,1.8631428675726056,0.0023430784422089346,0.45529125537723303,3.0809682216495275,0.004565521893709956,-0.00031814316330525116,0.9016998829320073,-1.0788013050332665,-0.1010583218303509,0.7408468103967607,-1.3575618620961905,0.8116489024832845,,,,,,,,,,,,,,,,,
59375616,,,,,,,,,,,,,,0.5318192266859114,1.906674395315349,0.0023430784422089346,0.4586691725999117,3.1055796183645725,0.004565521893709956,3.209713436663151,70.65810185670853,4.986578340071546e-05,10.282590880990028,83.0148646235466,6.545710905747626e-05,2.945723781362176,0.11415743367979303,-0.12597126280888915,0.6954355067573488,1.0
59506688,0.5322519261389971,1.7491491753607988,0.001368482122700243,0.45546277915127575,3.101269144564867,0.003968560137309396,-0.002434593285329356,0.8937500186730176,-0.9009803670924157,-0.10169309156481177,0.7146862568333745,-1.3578343279659748,0.8154650493524969,,,,,,,,,,,,,,,,,
59506688,,,,,,,,,,,,,,0.5325113059952855,1.7724384563043714,0.001368482122700243,0.4588999559637159,3.1490007657557726,0.003968560137309396,3.24340483546257,64.34503148496151,5.6374126281344417e-05,10.192778073251247,82.96720516681671,5.596923121187203e-05,2.951773324981332,0.11464089615037665,-0.12828693259507418,0.5722970955539495,1.0
59637760,0.5373133914545178,1.690719684585929,0.003943674802030728,0.45725524378940463,3.0933662597090006,0.005489559324814763,-0.0030640292641237465,0.9099294496700168,-0.7307310870382935,-0.09962208208162338,0.7080595744773746,-1.3484171200543642,0.7880565943196416,,,,,,,,,,,,,,,,,
59637760,,,,,,,,,,,,,,0.5377240357920527,1.7020159782841802,0.003943674802030728,0.46107749245129526,3.1496614925563335,0.005489559324814763,3.157796947285533,64.36652266979218,4.87809419689178e-05,10.089951142668724,82.9866778254509,6.390157896085658e-05,2.935302298516035,0.11547916469862685,-0.12514796713367105,0.5623900915961713,1.0
59768832,0.5352831431664526,1.8025711821392179,0.0038762325295920164,0.45680089434608817,3.0476086996495724,0.005594295493665413,-0.001643118515801234,0.8259199755266309,-0.7800291823223233,-0.10098262690007687,0.7082747258245945,-1.3534095073118806,0.7965049846097827,,,,,,,,,,,,,,,,,
59768832,,,,,,,,,,,,,,0.5356945754028857,1.8325924156233668,0.0038762325295920164,0.46039982070215046,3.09482810087502,0.005594295493665413,3.2685974799096584,61.21763649582863,5.3618470890581804e-05,10.146067887544632,83.0692310333252,6.007990020950871e-05,2.9200697988271713,0.11439428839366883,-0.12584018567577004,0.7093216504435986,1.0
59899904,0.5313166645355523,1.8577674832195044,0.0038741650434985786,0.45646102842874825,3.133607931435108,0.005307439348598564,-0.0009088745980534441,0.9169616866856813,-0.7699746887665242,-0.10301031288690865,0.7839904199354351,-1.3508310578763485,0.7900305432267487,,,,,,,,,,,,,,,,,
59899904,,,,,,,,,,,,,,0.5317512834444642,1.9220236679539084,0.0038741650434985786,0.46024867123924196,3.1726728454232216,0.005307439348598564,3.3278979063034058,62.804689675569534,5.4003525339407776e-05,10.329766646027565,82.95474112033844,5.111401973767471e-05,2.925480253994465,0.11352629988687113,-0.12556544598191977,0.6620774664916098,1.0
60030976,0.5370859862305224,1.94635059684515,0.006262160406095063,0.46044995612464845,3.1504927705973387,0.005625819146189315,-0.00011231041446535528,0.9452791712246835,-0.9356825281865895,-0.10316373937530443,0.7514181807637215,-1.3564123809337616,0.7960583944804966,,,,,,,,,,,,,,,,,
60030976,,,,,,,,,,,,,,0.5375825925730169,2.035513499751687,0.006262160406095063,0.46428615553304553,3.2136491741985083,0.005625819146189315,3.3380550667643547,67.65337786078453,4.451239030078824e-05,10.301134340465069,83.39576470851898,6.164034556288556e-05,2.918424431234598,0.11493395495926961,-0.1251918114721775,0.87223497685045,1.0
60162048,0.5326649742200971,1.7271079616621137,0.0039740704144151096,0.4572114434558898,3.1979683935642242,0.005661929316374881,0.002191836645685896,0.9254993945360184,-0.8278189008124173,-0.10583744908217341,0.7218425963073969,-1.3517273152247071,0.8186289123259485,,,,,,,,,,,,,,,,,
60162048,,,,,,,,,,,,,,0.5331042306497693,1.7661942979320884,0.0039740704144151096,0.4610816400963813,3.250086449086666,0.005661929316374881,3.311190200969577,66.77504903078079,5.174257669593452e-05,10.281204871833324,83.07544308900833,5.8777187509795326e-05,2.93138718791306,0.1135892208549194,-0.12534869881346822,0.6403129689861089,1.0
60293120,0.5337213049642742,1.8645538398995996,0.00363615687967922,0.45631062239408493,3.1496616974473,0.005862016760147526,0.002733347675544451,0.9318527835421264,-0.8557374808005989,-0.10824007325572893,0.7343065585009754,-1.3425834998488426,0.7992386487312615,,,,,,,,,,,,,,,,,
60293120,,,,,,,,,,,,,,0.5341919660568237,1.9359061401337385,0.00363615687967922,0.4600629578344524,3.1991747710853815,0.005862016760147526,3.201110176742077,65.72222045063972,4.602788546925751e-05,10.413938134908676,82.64605957269669,5.801031403507295e-05,2.92891781963408,0.11453804222401232,-0.1251001376658678,0.7350272557232529,1.0
60424192,0.5330902836285532,1.9140204628929496,0.001985138458280744,0.45393183710984886,3.114220479503274,0.00521137704663488,0.004168859945998804,1.0639013340696692,-0.7931008371524513,-0.11031026119599119,0.7527374573983252,-1.3547818213701248,0.8058997467160225,,,,,,,,,,,,,,,,,
60424192,,,,,,,,,,,,,,0.5337672396562994,2.002582961693406,0.001985138458280744,0.45818410837091506,3.164050092920661,0.00521137704663488,3.1362818237394094,69.43942061066628,5.202577207452652e-05,10.467636048793793,83.40466457605362,5.669351626041985e-05,2.9185404628515244,0.1128812845563516,-0.12527580349706113,0.8587541615124792,1.0
60555264,0.5360712413676083,1.7863078359514475,0.0017240300956018473,0.4481465700082481,3.1756723280996084,0.004155680028816278,0.008227284100030374,0.9448466221801937,-0.725289328256622,-0.11173938005231321,0.7141122282482684,-1.3490258967503905,0.8071829020045698,,,,,,,,,,,,,,,,,
60555264,,,,,,,,,,,,,,0.5779303016325275,1.7233574012969877,0.0049152474675393425,0.4394934194489986,3.129126079503324,0.0038221621600294403,2.2136364834802738,56.006689002901155,3.974217221351036e-05,10.114230212222038,79.00015085145503,4.845167254578893e-05,3.01320595236925,0.10692259724313331,-0.12498623402891579,0.5804943907391894,1.0
60686336,0.5338008455000818,1.7786603020504117,0.0021443662213869175,0.4539814351592213,3.1933282427489758,0.004390368554140878,0.005669565185257852,1.0042642676271498,-0.8936288750264794,-0.10908941918751225,0.7381936823949218,-1.3431146396324039,0.8098936979658902,,,,,,,,,,,,,,,,,
60686336,,,,,,,,,,,,,,0.5343452892266214,1.837235402315855,0.0021443662213869175,0.4578750585205853,3.233587922528386,0.004390368554140878,3.2036546636372805,72.04519852995872,4.936665754851077e-05,10.43024093657732,82.83711221814156,5.650919338995308e-05,2.9087003357708454,0.11327039013849571,-0.12577322009019554,0.7387925442308187,1.0
60817408,0.5315438369289041,1.780094268731773,0.004048197127758613,0.4539687307551503,3.094271667301655,0.005558300384109316,-0.0010486020233955173,0.9349948870949447,-0.8533913032151759,-0.10332724201725796,0.721399674192071,-1.3506652815267444,0.7727764016017318,,,,,,,,,,,,,,,,,
60817408,,,,,,,,,,,,,,0.5321022709831595,1.8294245759025216,0.004048197127758613,0.4579885513521731,3.156397797167301,0.005558300384109316,3.116201626136899,66.07908082008362,5.372917189688797e-05,10.359448745846748,83.2328714132309,5.9835275043607083e-05,2.939851416274905,0.11526343057630584,-0.1251431447453797,0.739648942835629,1.0
60948480,0.5310457092709839,1.8818775191903114,0.002956513865456145,0.4574168138206005,3.09103412553668,0.005490162753631012,-0.00593475259393017,0.9910583086311817,-0.8089375160634518,-0.0941222709370777,0.7746862703934312,-1.3455490227788687,0.7946796272881329,,,,,,,,,,,,,,,,,
60948480,,,,,,,,,,,,,,0.5315520991571248,1.949607658199966,0.002956513865456145,0.4612616675440222,3.162707135081291,0.005490162753631012,3.2342940662056208,67.3490084707737,5.01671751287347e-05,10.102355517446995,82.87600499391556,5.877956103617077e-05,2.917107794433832,0.11482122784946114,-0.12788245850242674,0.6561998140532523,1.0
61079552,0.5281090033240616,2.0244825771078467,0.00233913530269092,0.46353647531941533,3.143421111628413,0.005040520138209104,-0.012823891705920687,0.8911480875685811,-0.8473701337352395,-0.09392166545148939,0.7750335722230375,-1.3678351379930973,0.7833096878603101,,,,,,,,,,,,,,,,,
61079552,,,,,,,,,,,,,,0.5286803604103625,2.1589999720454216,0.00233913530269092,0.46751667372882366,3.2071551103144884,0.005040520138209104,3.6381945684552193,65.6584641635418,5.579393354593343e-05,10.186378672719002,83.77128511667252,5.1345566212335214e-05,2.921660888940096,0.11792865861207247,-0.12519578961655498,1.054193142335862,1.0
61210624,0.5288231326267123,1.9284848347306252,0.0018028644575451835,0.4599887067452073,3.1232643090188503,0.0049602094186411705,-0.01061695275893726,0.8433932019397616,-0.7138501461595297,-0.09017768385820091,0.7554879309609532,-1.3461886998265982,0.8017852269113064,,,,,,,,,,,,,,,,,
61210624,,,,,,,,,,,,,,0.5294497823342681,2.0042470265179873,0.0018028644575451835,0.4638828744646162,3.2082459032535553,0.0049602094186411705,3.409987233579159,62.599303632974625,6.26147198987681e-05,9.834466516971588,82.83753281831741,5.683658661964283e-05,2.9098304379731417,0.11449927545618266,-0.1253668547142297,0.663431238848716,1.0
61341696,0.5333916456438601,1.9455513842403889,0.0016877212955392906,0.45975892432034016,3.1653313860297203,0.003980583837346785,-0.007417898970743408,0.8800727466586977,-0.758630245225504,-0.0944513424183242,0.7722176159732044,-1.3595398841425776,0.79660932905972,,,,,,,,,,,,,,,,,
61341696,,,,,,,,,,,,,,0.5339324292726815,2.047104080207646,0.0016877212955392906,0.4637296153232455,3.2243969663977623,0.003980583837346785,3.3301582243293524,66.44773706793785,5.006332999268892e-05,10.220766253769398,83.50633507966995,5.540068237941398e-05,2.9081773422658443,0.11725884495535865,-0.12575726374052465,0.8787960289046168,1.0
61472768,0.5320349666289985,1.789803933352232,0.001618324187518283,0.45198488305322826,3.1159998532384634,0.0037005617718932626,-0.005741338386769712,0.923628298798576,-0.6597906700335443,-0.097813815693371,0.743314630817622,-1.3497496480122209,0.799731383100152,,,,,,,,,,,,,,,,,
61472768,,,,,,,,,,,,,,0.5325977667234838,1.8403737917542458,0.001618324187518283,0.4558210368268192,3.143246665596962,0.0037005617718932626,3.1504931543022394,63.30569449067116,4.9554919965333344e-05,10.033585272729397,83.23008459806442,4.887500494010766e-05,2.89961807616055,0.11532680131494999,-0.12532324390485883,0.6964676463976502,1.0
61603840,0.528027652297169,1.8335732938721776,0.002813971706927987,0.4473320981487632,3.075282622128725,0.004726778955500777,-0.007804136748745805,0.801722060656175,-0.8672147477045655,-0.09867607662454247,0.7695561731234193,-1.348089131526649,0.7928739134222269,,,,,,,,,,,,,,,,,
61603840,,,,,,,,,,,,,,0.5286865308880806,1.8844655379652977,0.002813971706927987,0.4513151824939996,3.1274657528847456,0.004726778955500777,3.1114085242152214,68.37102177739143,5.40913244850838e-05,10.038582287728786,83.26172477006912,6.408806211100071e-05,2.946721825748682,0.11595229565864429,-0.12609759299084544,0.8045190025586635,1.0
61734912,0.5285952133126557,1.7776310881599784,0.0030516410606651334,0.4527816418558359,3.0816933270543814,0.005344821762264473,-0.005282460258058563,0.698366462951526,-0.7726399477105588,-0.09733831603080034,0.7184488181956112,-1.3540579658001661,0.8009716994129121,,,,,,,,,,,,,,,,,
61734912,,,,,,,,,,,,,,0.5291462070308626,1.8066726652905345,0.0030516410606651334,0.4568313031923026,3.157369362190366,0.005344821762264473,2.9795178025960922,59.67202588915825,6.479403694248376e-05,10.152477651834488,83.17213946580887,4.784230389764943e-05,2.9195719715207815,0.11532600148348138,-0.12569954129867256,0.719345822930336,1.0
61865984,0.5252950177527964,1.817137629725039,0.003930796624899813,0.4472535247914493,3.085700249299407,0.005494252582593617,-0.006463283667926589,0.8616408321540803,-0.7314335524570197,-0.09621146990684792,0.7470281878486276,-1.3501275880262256,0.7896519773639739,,,,,,,,,,,,,,,,,
61865984,,,,,,,,,,,,,,0.5257423222064972,1.85065096616745,0.003930796624899813,0.4508292379323393,3.105869185179472,0.005494252582593617,3.071461072191596,62.476938396692276,5.8297894979242315e-05,9.9789227694273,82.90070676803589,7.090571478940433e-05,2.935094591230154,0.11504849867196754,-0.12639823742210865,0.6161424187012017,1.0
61997056,0.5265826173126698,1.8101572338491678,0.004318322725623602,0.4488543081097305,3.047567754983902,0.005380228011745203,-0.0044694487610215106,0.8605570821091533,-0.7878612265922129,-0.10218840593006462,0.7348809414543211,-1.3533886671066284,0.7948521375656128,,,,,,,,,,,,,,,,,
61997056,,,,,,,,,,,,,,0.5270280200056732,1.8659318322315812,0.004318322725623602,0.4525620765052736,3.0919504445046186,0.005380228011745203,2.9813637528568506,63.69000442326069,5.875052298343064e-05,10.16396514326334,83.03370821475983,6.744652979473464e-05,2.9628888703882694,0.1150583389098756,-0.1252684381324798,0.6802823948673904,1.0
62128128,0.5320037328638136,1.7979236338287592,0.004339883564171032,0.448119489941746,3.070444781333208,0.005450742382890894,-0.002313642633737345,0.832262247800827,-0.7227970587555319,-0.10508873721119016,0.7397190565243363,-1.3486182540655136,0.8078706315718591,,,,,,,,,,,,,,,,,
62128128,,,,,,,,,,,,,,0.5325038507580757,1.8717656349763274,0.004339883564171032,0.45173761318437755,3.1045428700745106,0.005450742382890894,3.116952097043395,61.20510017871857,4.8500009966034874e-05,10.195642046630383,83.02162212133408,5.673850236445621e-05,2.9201999455690384,0.11364803445758298,-0.12526134424842894,0.799800559412688,1.0
62259200,0.5341324987821281,1.7599034486338496,0.004109480885972516,0.45068470924161375,3.0370903816074133,0.005807969590023276,0.0009653785559464723,0.8507972382940352,-0.6940460598561913,-0.10903729003621265,0.7243110192939639,-1.3522111307829618,0.8215241031721234,,,,,,,,,,,,,,,,,
62259200,,,,,,,,,,,,,,0.5346674807369709,1.814899648539722,0.004109480885972516,0.4545810171402991,3.097109157592058,0.005807969590023276,3.040571751073003,60.44642749428749,4.2821173820484226e-05,10.372269667685032,83.24912703037262,5.207669196777287e-05,2.9375000800937414,0.11516319803195074,-0.12623712583445013,0.733690376393497,1.0
62390272,0.5310228508897126,1.6430037058889866,0.0037024038601884968,0.44477488147094846,3.0399209186434746,0.005563445246480114,0.003647059611353143,0.956248888745904,-0.622432897798717,-0.11233612685464323,0.6916870744898915,-1.3562103137373924,0.7996939709410071,,,,,,,,,,,,,,,,,
62390272,,,,,,,,,,,,,,0.5314978957176208,1.6457559019327164,0.0037024038601884968,0.4486132157035172,3.1085423287004232,0.005563445246480114,2.9451040234416723,64.66176444292068,4.884555927997525e-05,10.520206518471241,83.41426259279251,6.310169266843246e-05,2.932598887011409,0.11377407051622868,-0.12585167307406664,0.4853786500170827,1.0
62521344,0.5254248334094882,1.6708572506904602,0.004491404315558611,0.4436353142373264,3.1021945513784885,0.005364257892324531,0.003449283044233198,0.891689155716449,-0.7746286469046026,-0.10947057622252032,0.7047149371355772,-1.3510276265442371,0.813303504139185,,,,,,,,,,,,,,,,,
62521344,,,,,,,,,,,,,,0.5259387642145157,1.689282019622624,0.004491404315558611,0.44738281168974936,3.170640353113413,0.005364257892324531,2.9458955638110638,63.79235139489174,5.737704850639069e-05,10.415261000394821,83.50257515907288,5.199412917655799e-05,2.923203758895397,0.11342986114323139,-0.1251938424538821,0.6029105710331351,1.0
62652416,0.5279030217789114,1.8717499868944287,0.0034280903369108273,0.44526586774736643,3.1116465106606483,0.005462801435442088,0.006559016569553933,0.9162605390883982,-0.729948221007362,-0.11103961820481345,0.7599114133045077,-1.3562463242560625,0.7992242141626775,,,,,,,,,,,,,,,,,
62652416,,,,,,,,,,,,,,0.5284221041947603,1.9272050531581044,0.0034280903369108273,0.44899053242988884,3.1588742304593325,0.005462801435442088,3.024776827543974,65.14309588074684,5.038140319957307e-05,10.341299928724766,83.27428448200226,6.881415817727721e-05,2.9247999042272568,0.11201293667545542,-0.12575269932858646,0.7535495113115758,1.0
62783488,0.5228656153194606,1.7735396707430482,0.0024438059645035537,0.4444902194663882,3.170614879578352,0.005052430941759667,0.00263318188674333,0.8683619219809771,-0.7900017448700964,-0.1056616039131768,0.7477969378232956,-1.3481069998815656,0.8037322959862649,,,,,,,,,,,,,,,,,
62783488,,,,,,,,,,,,,,0.5233248225413263,1.7960322629660368,0.0024438059645035537,0.44826628314331174,3.1912094186991453,0.005052430941759667,3.0196775533258915,63.85895946621895,5.555289472003455e-05,10.197998434305191,82.76055473089218,6.049556303056036e-05,2.9344096165150404,0.11389057239284739,-0.12580369226634502,0.6280500597786158,1.0
62914560,0.5206421632319689,1.7257710890844464,0.003938510330954159,0.44563189102336764,3.049162095412612,0.005920101597439498,-0.003009928803294315,1.0171163934282959,-0.9741910919547081,-0.10690475231967866,0.7553413896821439,-1.3512866226956248,0.7979312012903392,,,,,,,,,,,,,,,,,
62914560,,,,,,,,,,,,,,0.5210627731867135,1.7646498121321201,0.003938510330954159,0.44904214423149824,3.086221130564809,0.005920101597439498,3.155864868313074,69.14359417557716,5.2564534028576304e-05,10.281141109764576,82.72549480199814,5.3235637620385745e-05,2.9374607112258673,0.11601795954629779,-0.12663902738131583,0.6488285346422344,1.0
63045632,0.5274618556722999,1.859430219978094,0.003021125391114765,0.45163625734858215,3.0828530229628086,0.005289857261459474,-0.005602359206250185,0.8349014325067401,-0.8782357037998736,-0.10509955260204151,0.7308121947571635,-1.3565882835537195,0.8028074861504138,,,,,,,,,,,,,,,,,
63045632,,,,,,,,,,,,,,0.5279836682602763,1.9192161317914724,0.003021125391114765,0.45529201440513134,3.1316797081381083,0.005289857261459474,3.284958617761731,63.195512771606445,4.454279927301741e-05,10.33527634292841,83.26976323127747,6.34335138514075e-05,2.911170905455947,0.11761057697003707,-0.1251961204688996,0.8693319500889629,1.0
63176704,0.533273356501013,1.7260559564456344,0.00503194881298441,0.45334199303761125,3.085703033953905,0.005989662889987812,-0.005837171873281477,0.9016175700817257,-0.6880822556558996,-0.11065880709793419,0.7350847045890987,-1.3569727158173919,0.7999145044013858,,,,,,,,,,,,,,,,,
63176704,,,,,,,,,,,,,,0.5803913040557406,1.6949935517795793,0.005564888119976616,0.4437422211394533,3.05608349731499,0.0042294252179399935,2.371123657588704,53.9154837069685,4.309506805403525e-05,9.95869253115002,78.38273133482825,4.7281770486729116e-05,3.0150663616893056,0.11067528879669096,-0.1251154560800437,0.5093128943590672,1.0
63307776,0.5260137873701751,1.782538921572268,0.002847077036904011,0.45444980543106794,3.111653557047248,0.005540970056699734,-0.010036443996796152,0.870101245585829,-0.8773007607087493,-0.11033428116934374,0.7437453526072204,-1.3543523428961635,0.7821432831697166,,,,,,,,,,,,,,,,,
63307776,,,,,,,,,,,,,,0.5264016934670508,1.827637298963964,0.002847077036904011,0.45788620435632765,3.1361488942056894,0.005540970056699734,3.3740530386567116,66.61581787467003,5.207469980900159e-05,10.606880843639374,83.02578163146973,6.402308240538446e-05,2.9351526610553265,0.11804080673027784,-0.12748163985088468,0.7322503169998527,1.0
63438848,0.5256989980116487,1.9739147452637553,0.003742699501799507,0.45319433021359146,3.057637248188257,0.0053332952466007555,-0.009123257666942663,0.979504531249404,-0.6589885603170842,-0.11280622362392023,0.7690359139814973,-1.3577921371906996,0.7965816170908511,,,,,,,,,,,,,,,,,
63438848,,,,,,,,,,,,,,0.526207990013063,2.0838343435898423,0.003742699501799507,0.4567308323457837,3.082597155123949,0.0053332952466007555,3.417408185079694,65.98871967196465,5.031807993471915e-05,10.612578928470612,83.3531186580658,5.958299158215219e-05,2.923263259232044,0.11614439322147518,-0.1251444462686777,0.8128340335097164,1.0
63569920,0.522195715457201,1.9604023806750774,0.002405801868690105,0.45738690928556025,3.0620265677571297,0.004920799902265571,-0.015197757129499223,0.8132341322489083,-0.9269632822833955,-0.11306452163262293,0.7725975327193737,-1.347618625499308,0.764674489852041,,,,,,,,,,,,,,,,,
63569920,,,,,,,,,,,,,,0.5227224035188556,2.066195554099977,0.002405801868690105,0.46094565419480205,3.104143161326647,0.004920799902265571,3.6246536392718554,67.10632675886154,6.41643993704033e-05,10.796866275370121,82.49806618690491,6.951183350345502e-05,2.904249180108309,0.12029214401263744,-0.12509576231241226,1.0265203134622425,1.0
63700992,0.5261240652762353,1.878829937428236,0.0033371414469911542,0.46348521718755364,3.102185098454356,0.004621356545385424,-0.013917752188717714,0.9456741691101342,-0.9355331456754357,-0.11313746304949746,0.740668982733041,-1.3592593297362328,0.7739312811754644,,,,,,,,,,,,,,,,,
63700992,,,,,,,,,,,,,,0.5266614714637399,1.9672939786687493,0.0033371414469911542,0.4671649222727865,3.1326446011662483,0.004621356545385424,3.5257911570370197,68.43115431070328,5.283247180243311e-05,10.832563385367393,83.39122951030731,7.0288945736774e-05,2.9273557290434837,0.11955078417668119,-0.1251850351691246,0.8323114556260407,1.0
63832064,0.5286053689196706,2.0450873896479607,0.0038144986015140603,0.45445143012329936,3.1110005658119917,0.0057460479897599726,-0.010745009181846399,0.8328501062933356,-0.7023452990688384,-0.11311614426085725,0.7980796708725393,-1.3599405428394675,0.7962177968584001,,,,,,,,,,,,,,,,,
63832064,,,,,,,,,,,,,,0.5291973212733865,2.193837503902614,0.0038144986015140603,0.4581198531668633,3.1476839929819107,0.0057460479897599726,3.2569032683968544,63.957228004932404,5.755785445415995e-05,10.814218997955322,83.25764185190201,5.6940403057037514e-05,2.9174510072916746,0.11748231365345418,-0.1251302040182054,0.9669247076380998,1.0
63963136,0.5323613621294498,1.6965546989813447,0.0036158544810405147,0.45839937357231975,3.171505529433489,0.005317639196618984,-0.010001074278989108,0.7878712753299624,-0.8430506298318505,-0.10436871991259977,0.7197269154712558,-1.3605491407215595,0.7910878513939679,,,,,,,,,,,,,,,,,
63963136,,,,,,,,,,,,,,0.5327282859943807,1.726693570613861,0.0036158544810405147,0.46207247232086957,3.212240858003497,0.005317639196618984,3.169254332780838,64.28924849629402,5.475254667963725e-05,10.512684650719166,83.40366423130035,5.584096011235218e-05,2.9191287606954575,0.1159486454562284,-0.12517580389976501,0.6363988844677806,1.0
64094208,0.5345677295699716,1.9789619455114007,0.006356404297321205,0.4571800094563514,3.101891126483679,0.00609342306279359,-0.0075146683120692614,0.8236142531968653,-0.7128223762847483,-0.1033956294413656,0.7919679754413664,-1.35429054684937,0.7977742669172585,,,,,,,,,,,,,,,,,
64094208,,,,,,,,,,,,,,0.5350791681557894,2.1124251391738653,0.006356404297321205,0.460873203817755,3.1445908527821302,0.00609342306279359,3.0527671836316586,62.09015402197838,4.825473153310944e-05,10.570667676627636,83.08574956655502,5.095429636359228e-05,2.9414408672600985,0.11795198667095974,-0.12533153709955513,0.9840033017098904,1.0
64225280,0.5334134954027832,1.8371706744655967,0.004174797488758486,0.4535285965539515,3.0854714289307594,0.005466396432893816,-0.0019962474510180073,1.0191265791654587,-0.7590550247114152,-0.10630861110985279,0.7508406075648963,-1.3589708041399717,0.8003230895847082,,,,,,,,,,,,,,,,,
64225280,,,,,,,,,,,,,,0.5338139538653195,1.877918764948845,0.004174797488758486,0.45724495011381805,3.1374070197343826,0.005466396432893816,3.109600357711315,72.19056844711304,5.253429003770904e-05,10.519336551427841,83.2195857167244,5.742800623922961e-05,2.9548717867583036,0.11555524682626128,-0.12519533443264663,0.6390881850384176,1.0
64356352,0.5342960897833109,2.04430372454226,0.003523521538454588,0.4573966811876744,3.0902675967663527,0.005417808904894628,0.00035726315121564767,0.887156524695456,-0.7226371786091477,-0.10243735183030367,0.8326796479523182,-1.3533425703644753,0.8041945551522076,,,,,,,,,,,,,,,,,
64356352,,,,,,,,,,,,,,0.5348784769885242,2.1563497465103865,0.003523521538454588,0.46131035895086825,3.1226182598620653,0.005417808904894628,3.0939076151698828,64.58135455846786,5.68463475685288e-05,10.525855749845505,83.0187948346138,6.71056217088073e-05,2.9378274995833635,0.1168827599612996,-0.12563298176974058,0.7835255821701139,1.0
64487424,0.5342364339157939,1.7725178329274058,0.003911606448184557,0.4567893573548645,3.0930503103882074,0.004838174480028101,-0.0020815191134602173,0.9407457378692925,-0.827071676030755,-0.106971615110524,0.749243922997266,-1.3575776973739266,0.8040774227119982,,,,,,,,,,,,,,,,,
64487424,,,,,,,,,,,,,,0.5347723579034209,1.8005558075383306,0.003911606448184557,0.4607109979260713,3.133227963000536,0.004838174480028101,3.1851606890559196,70.97629514336586,4.520722373335673e-05,10.491674534976482,83.23309993743896,5.28209994434814e-05,2.950130309909582,0.11822092649526894,-0.1253527842927724,0.6454906642902642,1.0
64618496,0.5341255716048181,1.9071790799498558,0.0020401056414129926,0.45927367522381246,3.1222355533391237,0.003378553086804459,-0.0008745915617609512,0.936135359108448,-0.9248894155025482,-0.10722775151953101,0.7689014305360615,-1.3499608440324664,0.8009897032752633,,,,,,,,,,,,,,,,,
64618496,,,,,,,,,,,,,,0.5347079765051603,1.9749554069712758,0.0020401056414129926,0.4632148025557399,3.160985089838505,0.003378553086804459,3.2842983584851027,70.80324676632881,5.3406758337537497e-05,10.559189349412918,83.06629174947739,4.889245907602202e-05,2.9414579030126333,0.11769669165369123,-0.12537330202758312,0.903600437566638,1.0
64749568,0.5321789789013565,1.7675873171538115,0.0013661773900821572,0.45767757040448487,3.084225172176957,0.003575826630708434,-8.201820347863986e-05,0.9659204999916255,-0.8338911682367325,-0.10939026903361082,0.723190342541784,-1.3506294591352344,0.786810576915741,,,,,,,,,,,,,,,,,
64749568,,,,,,,,,,,,,,0.5327159017324448,1.8202340239658952,0.0013661773900821572,0.46154542197473347,3.129451382905245,0.003575826630708434,3.3520020451396704,68.91944274306297,5.8259645653091496e-05,10.579481102526188,83.06660336256027,6.506901248259922e-05,2.927727123722434,0.11812391254352406,-0.12522778660058975,0.6655498775653541,1.0
64880640,0.5346738742664456,1.8310504434630275,0.0018844674251567994,0.45672527188435197,3.1566237919032574,0.0037967840896726557,0.001892987383307343,0.8613871126435697,-0.8550100247375667,-0.11350020696409047,0.725276131182909,-1.354535024613142,0.7954966467805207,,,,,,,,,,,,,,,,,
64880640,,,,,,,,,,,,,,0.5353382886387408,1.9154240293428302,0.0018844674251567994,0.46080515743233263,3.209714110940695,0.0037967840896726557,3.305116754025221,69.6948311328888,5.214182834012426e-05,10.691317349672318,83.3802210688591,6.255674604993544e-05,2.918434251099825,0.11828307702671736,-0.1253990363329649,0.9054004647769034,1.0
65011712,0.5344813498668373,1.806783962994814,0.004308569288696162,0.45942090870812535,3.144590348005295,0.006159567552458611,0.002390250684204176,1.003688701428473,-0.852789559867233,-0.11972818232607096,0.7436505667865276,-1.3545011626556516,0.7883521516341716,,,,,,,,,,,,,,,,,
65011712,,,,,,,,,,,,,,0.5349822025746107,1.8462731121107936,0.004308569288696162,0.4631537110544741,3.196694489568472,0.006159567552458611,3.389406932517886,72.55786016583443,5.606678355780936e-05,10.905102521181107,83.12205290794373,5.7697897521968855e-05,2.9382422044873238,0.11840123025467619,-0.12557457899674773,0.6138377455063164,1.0
65142784,0.5359151111915708,1.8732882337644696,0.005156452432402148,0.4574229803401977,3.1515504978597164,0.005798453421220984,0.006103334745262146,1.0182146788574755,-0.7752244893927127,-0.11477800982538611,0.7502775741741061,-1.3506025383248925,0.8004665998741984,,,,,,,,,,,,,,,,,
65142784,,,,,,,,,,,,,,0.5365078425966203,1.9510487280786037,0.005156452432402148,0.46145129296928644,3.2112218979746103,0.005798453421220984,3.3146756757050753,68.51145285367966,5.691363438235786e-05,10.746750831604004,83.03157502412796,5.2620197612540665e-05,2.9145700074732304,0.1161637055920437,-0.125326992245391,0.8101989319548011,1.0
65273856,0.5372568024322391,1.8939722012728453,0.005279410764160275,0.45502534694969654,3.0678552500903606,0.0056372541455402825,0.0020829604856089645,0.9556399597786367,-0.9176676196511835,-0.11423442442901433,0.7515364880673587,-1.3534704642370343,0.8144732750952244,,,,,,,,,,,,,,,,,
65273856,,,,,,,,,,,,,,0.5378341800533235,1.9756052698940039,0.005279410764160275,0.45895006274804473,3.1415963731706142,0.0056372541455402825,3.179452506825328,71.03194826841354,6.0597472192280843e-05,10.661335796117783,83.35522365570068,5.5346991635674136e-05,2.9144100043922663,0.11536988418083638,-0.12598182843066752,0.8542698193341494,1.0
65404928,0.5282916016876698,1.9688158864155412,0.004197269996666364,0.45309352804906666,3.038432015106082,0.005441598397283087,-9.683908169222377e-05,0.9619285548105836,-0.765688216779381,-0.11377795977750793,0.7737030163407326,-1.3573824726045132,0.7905128784477711,,,,,,,,,,,,,,,,,
65404928,,,,,,,,,,,,,,0.5288763814605772,2.083672158420086,0.004197269996666364,0.45678262994624674,3.0733375009149313,0.005441598397283087,3.2375925295054913,64.76919972896576,4.847941903074471e-05,10.557856552302837,83.34076642990112,6.443275912104696e-05,2.927051881328225,0.11696442530956119,-0.12571513070724905,0.8958712376188487,1.0
65536000,0.5294122244231403,1.6960226763039827,0.003392909454078108,0.4516319166868925,3.120804002508521,0.0053369091488093545,-0.00015966586596505294,0.9806510121561587,-0.9363243812695146,-0.10796519101131707,0.739192258566618,-1.351070113480091,0.7975637903437018,,,,,,,,,,,,,,,,,
65536000,,,,,,,,,,,,,,0.5299605913460255,1.7416327316313982,0.003392909454078108,0.4555066698230803,3.1773160099983215,0.0053369091488093545,3.2653458639979362,72.48685708642006,5.731148217824611e-05,10.418506048619747,83.03725838661194,6.487900836726901e-05,2.91695954836905,0.1149294339120388,-0.12991395709104836,0.8247351180762053,1.0
65667072,0.5290379910729825,1.8303655739873648,0.005010828575677806,0.45181292365305126,3.191476996988058,0.00564739764740807,0.003328325802428367,0.8369274791330099,-0.8164166787173599,-0.11152460682205856,0.7472033058293164,-1.3596401354297996,0.8016882645897567,,,,,,,,,,,,,,,,,
65667072,,,,,,,,,,,,,,0.5295638935640454,1.8931543724611402,0.005010828575677806,0.45553261530585587,3.2257143519818783,0.00564739764740807,3.1262601483613253,64.33965983986855,6.571290343626579e-05,10.63016489893198,83.09259575605392,7.000773307652697e-05,2.9058257434517145,0.11560859042219818,-0.12543183588422835,0.8478973456658423,1.0
65798144,0.5316722765564919,1.7061321260407567,0.004220548163175408,0.44232904934324324,3.089279191568494,0.006069925419524225,0.014400776068214327,1.0019416026771069,-0.8932780399918556,-0.11051334842341021,0.8248577541671693,-1.3505218457430601,0.8086786260828376,,,,,,,,,,,,,,,,,
65798144,,,,,,,,,,,,,,0.5757224567971386,1.690188962515894,0.006750093144316681,0.43327425298495936,3.111630325625231,0.004860981989263015,2.527611409386896,62.0731196165658,4.3917525333603394e-05,10.20818795608024,78.23434312784902,5.079838495742333e-05,3.010637118921175,0.1093803784467157,-0.12492491714246981,0.6040960069704842,1.0
65929216,0.5290622557513416,1.7254116907715797,0.006993778723881405,0.44722433341667056,3.0547899436205626,0.006015843137902266,0.009754889193573035,0.9637829661369324,-0.9084614964667708,-0.1149618411436677,0.7190561494790018,-1.3480978980660439,0.7985672214999795,,,,,,,,,,,,,,,,,
65929216,,,,,,,,,,,,,,0.5295640216208994,1.7679471364244819,0.006993778723881405,0.45111816469579935,3.1084673050791025,0.006015843137902266,3.2198235020041466,72.47275131940842,5.11174568256223e-05,10.674350708723068,82.93907648324966,5.292678114354743e-05,2.9474765677005053,0.11604270536918193,-0.12528832419775426,0.7518210960552096,1.0
66060288,0.5348779037594795,1.7053859736770391,0.006680653874582276,0.4481027559377253,3.0879217330366373,0.005762279646660318,0.009225947676895885,0.8929276829585433,-0.8608120651915669,-0.11457601882284507,0.7012712513096631,-1.3467321982607245,0.811180355027318,,,,,,,,,,,,,,,,,
66060288,,,,,,,,,,,,,,0.535407024435699,1.7269168626517057,0.006680653874582276,0.4518663240596652,3.146765412762761,0.005762279646660318,3.098993055522442,67.29123297333717,5.992898849299655e-05,10.728710561990738,82.70483708381653,5.2773303073960776e-05,2.9288861211389303,0.11432336689904332,-0.12592515512369573,0.6015699349809438,1.0
66191360,0.5320496866479516,1.783511227928102,0.0038433222671301337,0.4483401607722044,3.060751026496291,0.006039300250222368,0.009436041831577313,1.0320910094305873,-0.8995097139850259,-0.1145700698834844,0.7191594978794456,-1.3459849515929818,0.7982156150974333,,,,,,,,,,,,,,,,,
66191360,,,,,,,,,,,,,,0.532692686188966,1.8233744110912085,0.0038433222671301337,0.4524135075043887,3.139040058478713,0.006039300250222368,3.2253544609993696,72.99457827210426,4.830537229594256e-05,10.74133800715208,83.1582562327385,5.319055925578908e-05,2.920513980090618,0.11421040695859119,-0.1252879265230149,0.7247332921251655,1.0
66322432,0.5330557841807604,1.9266399201005697,0.0030914211161530147,0.45360780926421285,3.0400818064808846,0.006361135529004969,0.004478293801071231,0.8933209949173033,-0.9001464180182666,-0.11941432632738724,0.7611119863577187,-1.3485072162002325,0.8106494243256748,,,,,,,,,,,,,,,,,
66322432,,,,,,,,,,,,,,0.5337605713866651,2.0057966876775026,0.0030914211161530147,0.4577273717150092,3.095038268715143,0.006361135529004969,3.183526838198304,71.12055656313896,4.797542396848403e-05,10.91265419125557,83.02003425359726,6.36549562929023e-05,2.931245807558298,0.11681932536885142,-0.12605051416903734,0.7712111591827124,1.0
66453504,0.5370464604347944,2.0009400695562363,0.005602373304782304,0.4515013250056654,3.0919093247503042,0.005997778996970737,0.00589909412678935,0.864830213598907,-0.8176165602635592,-0.11385247326688841,0.7871605637483299,-1.349288889206946,0.8002278325147927,,,,,,,,,,,,,,,,,
66453504,,,,,,,,,,,,,,0.5378013234585524,2.1416283026337624,0.005602373304782304,0.455614346312359,3.1662983652204275,0.005997778996970737,3.0610959623008966,68.564099162817,5.606297990912168e-05,10.770090840756893,83.53062283992767,7.425234250657553e-05,2.9120115898549557,0.11452615621965379,-0.12543166032992303,1.022766400128603,1.0
66584576,0.5340056880377233,1.8888988941907883,0.005219266460358085,0.4513282850384712,3.1253030449151993,0.005818459045258351,0.0037668410487583515,0.9787891800515354,-0.8790244143456221,-0.1098340229364112,0.7741159638389945,-1.345657660625875,0.81361961690709,,,,,,,,,,,,,,,,,
66584576,,,,,,,,,,,,,,0.5346594001166523,1.9535143440589309,0.005219266460358085,0.4552406899165362,3.178217828273773,0.005818459045258351,3.106669243425131,70.61509442329407,4.662084347284434e-05,10.579363785684109,83.11500829458237,6.181969535568044e-05,2.9114429634064436,0.11546101653948426,-0.12557671568356454,0.7137737555895001,1.0
66715648,0.5396209703758359,1.8323335340246558,0.005870330554444081,0.452500676503405,3.1394400354474783,0.0057891296473826515,0.00546477438410875,0.9150486686266959,-0.8023083766456693,-0.11118578037712723,0.7229272215627134,-1.3482734952121973,0.8247601110488176,,,,,,,,,,,,,,,,,
66715648,,,,,,,,,,,,,,0.5402551176957786,1.92791239451617,0.005870330554444081,0.4565838093403727,3.2080939542502165,0.0057891296473826515,2.9391820058226585,68.98858031630516,5.412430703621851e-05,10.645114652812481,83.02274596691132,5.006677045749086e-05,2.949534174054861,0.11571436340454966,-0.12521969969384372,0.8958476453553885,1.0
66846720,0.5429050046950579,1.8910026345402002,0.007326815070427983,0.45059788739308715,3.064113512635231,0.005936434023169568,0.007795821201398212,0.8521911595016718,-0.7235752339474857,-0.10677245998522267,0.775230913888663,-1.3522399635985494,0.8193139093928039,,,,,,,,,,,,,,,,,
66846720,,,,,,,,,,,,,,0.5434781797230244,1.9387332182377577,0.007326815070427983,0.45440937113016844,3.112891674041748,0.005929949449637206,2.87764785438776,63.55694368481636,5.380265704779674e-05,10.472882114350796,83.06669509410858,6.342328976494116e-05,2.945484535768628,0.1154499207623303,-0.12567082699388266,0.860312181757763,1.0
66977792,0.5371376071125269,1.8379057217389345,0.004695461676647028,0.4515323431696743,3.0295091532170773,0.005982283433695557,0.008054679710767232,0.9058627844788134,-0.8185376727487892,-0.11143246479332447,0.7308912537992001,-1.3492376580834389,0.8343077297322452,,,,,,,,,,,,,,,,,
66977792,,,,,,,,,,,,,,0.5376691403798759,1.8998219724744558,0.004695461676647028,0.4553925988730043,3.0802406072616577,0.005982283433695557,3.003085235133767,67.40179294347763,5.2210627380699925e-05,10.642073206603527,83.02223420143127,4.768455614534428e-05,2.9379026759415865,0.11526619974756613,-0.12539674527943134,0.7809204722288996,1.0
67108864,0.536132674664259,1.7715334305539727,0.0032392843418165285,0.4506838535889983,3.0607470348477364,0.004866197954015661,0.005459334249451331,1.000541596673429,-0.7489511771127582,-0.11156976514030248,0.7165463217534125,-1.3545195395126939,0.8209860692732036,,,,,,,,,,,,,,,,,
67108864,,,,,,,,,,,,,,0.5366973830386996,1.812155233696103,0.0032392843418165285,0.4546640762127936,3.1124265398830175,0.004866197954015661,2.9703410137444735,67.46716046333313,4.916735676541162e-05,10.715562090277672,83.30134224891663,5.7020691772713405e-05,2.944038186222315,0.11475847283145413,-0.12530997535213828,0.5885774542111903,1.0
67239936,0.5422707046382129,1.8563955631107092,0.0033347892153869907,0.4559631624724716,3.07639192789793,0.0037925999031358515,0.007551506047093426,1.0229274691082537,-0.7431546163279563,-0.10804454621393234,0.7678443063050508,-1.3513877727091312,0.8173274802975357,,,,,,,,,,,,,,,,,
67239936,,,,,,,,,,,,,,0.54281842475757,1.9247972331941128,0.0033347892153869907,0.45981813757680357,3.1237537562847137,0.0037925999031358515,3.2092947717756033,69.0742911696434,4.897903708822593e-05,10.61081351339817,83.09914976358414,6.738622792624993e-05,2.927374355494976,0.11391123454086483,-0.12544419965706766,0.833642624784261,1.0
67371008,0.5381853119470179,1.8837916143238544,0.005141684383261236,0.4571870528161526,3.0885427091270685,0.00533146019324704,0.005695605817891192,1.0280475821346045,-0.8053582720458508,-0.11403893650276586,0.7472759438678622,-1.3541450398042798,0.8136829622089863,,,,,,,,,,,,,,,,,
67371008,,,,,,,,,,,,,,0.5388519885018468,1.962484764866531,0.005141684383261236,0.4613922021817416,3.14865736477077,0.00533146019324704,3.314394513145089,71.49797949194908,5.133477624214011e-05,10.884833075106144,83.45304250717163,6.301330680058559e-05,2.9461728781461716,0.11672370013548061,-0.12520597758702934,0.8331398302689195,1.0
67502080,0.5397002706304193,1.8122719107195735,0.006513417347377981,0.4561029030010104,3.124013278633356,0.006627970637055114,0.008443044696832658,0.9210757338441908,-0.7855748878791928,-0.11442666710354388,0.751685987226665,-1.352532034739852,0.7979844207875431,,,,,,,,,,,,,,,,,
67502080,,,,,,,,,,,,,,0.5402321284636855,1.8624123819172382,0.006513417347377981,0.46016342425718904,3.194952219724655,0.0066238558501936495,3.194024473428726,68.16155153512955,5.56916481415648e-05,10.775100074708462,83.40536457300186,6.635967352486283e-05,2.920933337882161,0.11565143207553774,-0.1256318015512079,0.70943932258524,1.0
67633152,0.5378279015421867,1.8149349419400096,0.006369401083702542,0.4517372096888721,3.0873508900403976,0.005677597805970436,0.010180786881392123,1.032921499107033,-0.8848284678533673,-0.11676136840833351,0.7150276969186962,-1.3531915890052915,0.8197404677048326,,,,,,,,,,,,,,,,,
67633152,,,,,,,,,,,,,,0.5383468209765851,1.8650551233440638,0.006369401083702542,0.45559872104786336,3.142260568216443,0.005669883839345857,3.1871134247630835,72.27671825885773,6.172121374792283e-05,10.76138499379158,83.03688180446625,5.744130258258928e-05,2.9355694483965635,0.1138662463054061,-0.1254532733000815,0.7914005615748465,1.0
67764224,0.5443125083111227,2.068716838955879,0.004704561794142137,0.4545479884836823,3.120953368023038,0.00507747762139843,0.009462857082326082,0.9247829006053507,-0.7786625144071877,-0.1153008317342028,0.7912086076103151,-1.3505371501669288,0.8152634426951408,,,,,,,,,,,,,,,,,
67764224,,,,,,,,,,,,,,0.5449759513139725,2.193280391395092,0.004704561794142137,0.4585279384627938,3.174377489835024,0.005050948119333043,3.065284598618746,69.89888525009155,6.01862578220036e-05,10.798680908977985,83.17407184839249,5.373759254935495e-05,2.9183051381260157,0.11374467896530405,-0.12551452056504786,0.9216031234245747,1.0
67895296,0.5417647268623114,1.7586831115186214,0.004422313590453086,0.45578693598508835,3.1082796063274145,0.005675140291714342,0.00871109001491277,0.9385668444447219,-0.820649144705385,-0.11571823566919193,0.7362614506855607,-1.3509469367563725,0.8168577076867223,,,,,,,,,,,,,,,,,
67895296,,,,,,,,,,,,,,0.542324676644057,1.7816681452095509,0.004422313590453086,0.4598250323906541,3.169876893982291,0.005658805752318585,3.05041167140007,68.7717219889164,5.149414034688604e-05,10.784494020044804,83.26204651594162,6.808776901667812e-05,2.9289219602942467,0.1159498812048696,-0.12530062557198107,0.6792158749885857,1.0
68026368,0.5389175489544868,1.7684218548238277,0.0039740014653943945,0.4565773520153016,3.114725524559617,0.005432387908058445,0.007458813812263543,0.901043011341244,-0.7354536354541779,-0.10923478758195415,0.7178025543689728,-1.351195684634149,0.7936239102855325,,,,,,,,,,,,,,,,,
68026368,,,,,,,,,,,,,,0.5395037918351591,1.7967562461271882,0.0039740014653943945,0.4607043981086463,3.177544644102454,0.005432387908058445,3.113429434597492,67.21114805340767,4.927781269789544e-05,10.606425262987614,83.12746489048004,5.9808411637690684e-05,2.9143171031028032,0.11425031255930662,-0.12523234402760863,0.6703252610750496,1.0
68157440,0.5406872257590294,1.7527553597465158,0.0028979618496123294,0.4525686202105135,3.0991409346461296,0.005135749574037618,0.007721382984527736,0.9105280782096088,-0.8460451092105359,-0.10766183963278309,0.7462692647241056,-1.3455671463161707,0.8024650109000504,,,,,,,,,,,,,,,,,
68157440,,,,,,,,,,,,,,0.5412292024120688,1.7794612431898713,0.0028979618496123294,0.4565389466006309,3.16194861009717,0.005135749574037618,3.098256628960371,67.17858752608299,5.4663285828317545e-05,10.545664548873901,82.91025352478027,5.567174971177202e-05,2.9212168846279383,0.11449134151916951,-0.12777111120522022,0.6646150993183255,1.0
68288512,0.5423330157063901,2.0318593634292483,0.003947240936668095,0.4574626956600696,3.192357335239649,0.005095973948300525,0.005757255296202857,0.9346489571034908,-0.813036261824891,-0.10720018483698368,0.8273987201973796,-1.3494717506691813,0.7918739798478782,,,,,,,,,,,,,,,,,
68288512,,,,,,,,,,,,,,0.5430623083375394,2.1796060763299465,0.003947240936668095,0.46164146321825683,3.257032761350274,0.005095973948300525,3.0753849893808365,68.16533479094505,5.058228748711091e-05,10.536504678428173,83.15401440858841,6.0498940208097984e-05,2.9169416427612305,0.11472786433296278,-0.12530535156838596,0.9650398471858352,1.0
68419584,0.5430950596928596,1.823872521519661,0.004066048426238922,0.44804883492179215,3.094186620786786,0.005451108224406198,0.00897969556717726,0.8231129487976432,-0.8102694433182478,-0.09313997661229223,0.7466140007600188,-1.3528171004727483,0.8229912216775119,,,,,,,,,,,,,,,,,
68419584,,,,,,,,,,,,,,0.5892995313055568,1.7414838321261354,0.006703859421187579,0.443018910270389,3.092938948177047,0.004755817030225164,2.1806434083098014,53.56297938466318,4.6191208813991196e-05,9.860066786948284,78.92799895445069,4.715083994855218e-05,3.0145659415603996,0.10720218974165618,-0.12488653891525425,0.4686204349765411,1.0
68550656,0.5385400401428342,1.7608704883605242,0.005531053565846378,0.44894535024650395,3.0550476256757975,0.005917006381423562,0.006161953413993615,0.8881658636964858,-0.8147640575189143,-0.09256736148381606,0.7157322005368769,-1.3587835626676679,0.808919663541019,,,,,,,,,,,,,,,,,
68550656,,,,,,,,,,,,,,0.5389091791585088,1.7782525438815355,0.005531053565846378,0.4524760458152741,3.074151434004307,0.005917006381423562,2.912931429222226,63.565233170986176,5.103044092857889e-05,10.121974743902683,83.20242291688919,6.289984385876579e-05,2.9539720825850964,0.11344642943004146,-0.12524745683185756,0.5621430415194482,1.0
68681728,0.538613140117377,1.8656352031975985,0.00433482627227022,0.4510440272279084,3.114485066384077,0.005594649690465303,0.0057506262630369065,0.7981936652213335,-0.9473552270792425,-0.09471101895906031,0.7483831257559359,-1.3539874134585261,0.8044871021993458,,,,,,,,,,,,,,,,,
68681728,,,,,,,,,,,,,,0.5390799338929355,1.8940174784511328,0.00433482627227022,0.45478663756512105,3.148488136008382,0.005594649690465303,2.974772099405527,68.75591266155243,4.7790728194274656e-05,10.073193773627281,83.1870808005333,5.339597010101116e-05,2.9361592680215836,0.1139044962474145,-0.12814922770485282,0.5721105916891247,1.0
68812800,0.5378336030989885,1.8431522622704506,0.004151698603891418,0.4511851449497044,3.0518208164721727,0.006102084639678651,0.0027005646879558753,0.9361102003604174,-0.9085161925759166,-0.09205090720206499,0.7195692518725991,-1.347272471524775,0.8026882070116699,,,,,,,,,,,,,,,,,
68812800,,,,,,,,,,,,,,0.5382814276963472,1.8646021578460932,0.004151698603891418,0.4549812530167401,3.108549766242504,0.006102084639678651,3.054614992812276,69.38265672326088,6.079857719065718e-05,10.062180109322071,82.70931667089462,5.640288110786429e-05,2.9388234112411737,0.11426088633015752,-0.12544869375415146,0.5588163370266557,1.0
68943872,0.5388694051653147,1.8190838284790516,0.003735806270469766,0.4506842903792858,3.033229200169444,0.0052633226214311435,0.0012471241508507092,0.886032207403332,-0.9259541453793645,-0.0947900308528915,0.7539781518280506,-1.3502629213035107,0.8161232839338481,,,,,,,,,,,,,,,,,
68943872,,,,,,,,,,,,,,0.5393815911374986,1.8435366908088326,0.003735806270469766,0.4546001518610865,3.0745821818709373,0.0052633226214311435,2.9420420564711094,65.2070492208004,4.2998636841318216e-05,10.209454029798508,83.09593510627747,5.783353030963667e-05,2.951581846922636,0.11552018614020199,-0.1254177805967629,0.5659599367063493,1.0
69074944,0.5423042080365121,1.7935582716017962,0.0026293016313729822,0.4509748376440257,3.0938023664057255,0.005363780588595546,0.0020389702499414852,0.8825573660433292,-0.8371885647065938,-0.09687320934608579,0.7196803018450737,-1.3580576395615935,0.8085765731520951,,,,,,,,,,,,,,,,,
69074944,,,,,,,,,,,,,,0.5427753310650587,1.8198759676888585,0.0026293016313729822,0.4549580183811486,3.135169917717576,0.005363780588595546,3.0089847836643457,67.01396799087524,5.517444268132721e-05,10.121804304420948,83.23200577497482,5.029969656697442e-05,2.9412918630987406,0.11278802511515096,-0.1253210010472685,0.6585212892387062,1.0
69206016,0.5427203187718987,1.7395248087123036,0.00303452098728485,0.4546275690663606,3.1006993018090725,0.005457612742247875,0.0026194367368077565,0.9588665789924562,-0.8280325869563967,-0.10478902497561648,0.7408944321796298,-1.348249826580286,0.8220397280529141,,,,,,,,,,,,,,,,,
69206016,,,,,,,,,,,,,,0.543224582914263,1.7492922525852919,0.00303452098728485,0.45845319190993905,3.134612638503313,0.005457612742247875,3.024218996986747,67.52544009685516,5.276169948320586e-05,10.557210758328438,82.93417137861252,5.539674626597879e-05,2.936350977048278,0.11539804021595046,-0.12561659258790314,0.5670680170878768,1.0
69337088,0.5377630684524775,1.8341339472681284,0.0047586530333774135,0.4520300878211856,3.0500781312584877,0.0058958251520380145,0.0020413785138089224,0.9677226087078452,-0.7829387369565666,-0.11536342278122902,0.7114376905374229,-1.3541203765198588,0.8012916375882924,,,,,,,,,,,,,,,,,
69337088,,,,,,,,,,,,,,0.5382880689576268,1.8615982979536057,0.0047586530333774135,0.45584493270143867,3.0951913967728615,0.0058958251520380145,2.9696429409086704,67.11004933714867,5.9120478862584314e-05,10.78283017873764,83.1613559126854,6.0275382828045565e-05,2.9370996467769146,0.11338790418813005,-0.12579968245700002,0.6053579894360155,1.0
69468160,0.5391144314780831,1.8684148425236344,0.0033642584263589015,0.4541711970232427,3.088066751137376,0.005343602842458495,-0.0014233713752886956,0.877641573548317,-0.8165504736825824,-0.12161662214202806,0.739875749219209,-1.3548758188262582,0.8116317293606699,,,,,,,,,,,,,,,,,
69468160,,,,,,,,,,,,,,0.5396030913107097,1.9287777161225677,0.0033642584263589015,0.45796762173995376,3.1261067017912865,0.005343602842458495,2.919415023177862,65.81943508982658,4.9175894229674944e-05,11.041837453842163,83.2801907658577,5.4734276577983465e-05,2.9145833496004343,0.11384919111151248,-0.1252430083695799,0.74220000510104,1.0
69599232,0.5427688527852297,1.7753643980249763,0.0062932835860465275,0.45965971727855504,3.1315035931766033,0.0062292091006384,-0.00134719093554736,0.8655725456774235,-0.7611927983816713,-0.12347464909544215,0.7317366735078394,-1.355742311105132,0.8221524162217975,,,,,,,,,,,,,,,,,
69599232,,,,,,,,,,,,,,0.543186298571527,1.7982954299077392,0.0062932835860465275,0.4634375642053783,3.1549002379179,0.0062292091006384,3.049780409783125,60.52208787202835,5.269049297718098e-05,11.082586474716663,83.24749171733856,5.608518494970571e-05,2.9126682337373495,0.1124769477173686,-0.12559428089298308,0.6230470347218215,1.0
69730304,0.5375490030273795,1.7194969644770026,0.005129086356191692,0.4563003338407725,3.129731422290206,0.006108656049036654,-0.0030782538748397315,0.8149172915145755,-0.7914292099885643,-0.1251497557386756,0.738216822501272,-1.3505146512761712,0.8115391312167048,,,,,,,,,,,,,,,,,
69730304,,,,,,,,,,,,,,0.5379678518511355,1.7326739002019167,0.005129086356191692,0.460129383020103,3.1535261310636997,0.006108656049036654,2.9929050151258707,61.51516929268837,5.654306000923981e-05,11.163252584636211,82.84552782773972,6.269131314962095e-05,2.901286607608199,0.11324151686858386,-0.12582176341675222,0.5260955886915326,1.0
69861376,0.5303241205401719,1.7383359419181943,0.0035946373018305167,0.4485326739959419,3.148940706625581,0.005351714701191668,-0.002794349758573844,0.8957440424710512,-0.7224203897640109,-0.12895505403866991,0.7237305627204478,-1.3499082028865814,0.8242208706215024,,,,,,,,,,,,,,,,,
69861376,,,,,,,,,,,,,,0.530847733374685,1.7808564202859998,0.0035946373018305167,0.4522413315717131,3.178009558469057,0.005351714701191668,2.9400802236050367,62.70139555633068,5.431443839643002e-05,11.19073411822319,82.88403230905533,5.3374439741737945e-05,2.8804033044725657,0.11238335870439187,-0.1254856453742832,0.7174643841572106,1.0
69992448,0.535971402656287,1.9815108990296721,0.0050793027049849115,0.45246569090522826,3.187177449464798,0.00584768929729762,-0.0016483455239324485,0.9053894095122814,-0.8029502348508686,-0.12899455154547468,0.8160969680175185,-1.3480816250666976,0.8042976376600564,,,,,,,,,,,,,,,,,
69992448,,,,,,,,,,,,,,0.5366367106325924,2.1424148995429277,0.0050793027049849115,0.45629802043549716,3.2142895702272654,0.00584768929729762,2.8505431227385998,64.21862798929214,5.42598405997019e-05,11.224324263632298,82.97482883930206,5.4743596441753084e-05,2.921633606776595,0.11399563291342929,-0.12512535508722067,1.048799502197653,1.0
70123520,0.538891545496881,1.9002693444490433,0.004163128174695885,0.4522021282464266,3.1127093583345413,0.0051584901702881325,-0.00018043044414639553,0.8148716443683952,-0.9071205388754606,-0.12548079941188917,0.7466969271190464,-1.3535286774858832,0.8249789078254253,,,,,,,,,,,,,,,,,
70123520,,,,,,,,,,,,,,0.539481311570853,1.9980547409504652,0.004163128174695885,0.45608133519999683,3.1543458625674248,0.0051584901702881325,2.959270864725113,65.44818237423897,5.4815260010387945e-05,11.051679491996765,83.2111286520958,6.110362435696182e-05,2.9006987027823925,0.1136197901214473,-0.1252076136879623,0.8970857891254127,1.0
70254592,0.5407935939729214,1.931358553469181,0.002917024810130897,0.45855193748138845,3.121415626257658,0.004429666083296979,-0.002116539998951339,0.7982868482358754,-0.8428617436438799,-0.12430988269625232,0.7348429569974542,-1.3542387653142214,0.8179021989926696,,,,,,,,,,,,,,,,,
70254592,,,,,,,,,,,,,,0.5414372701197863,2.0075761191546917,0.002917024810130897,0.46249400451779366,3.1611558087170124,0.004429666083296979,3.027401641011238,64.93312576413155,4.6125867885993266e-05,11.204231798648834,83.21327686309814,5.498040454743336e-05,2.9029689878225327,0.1151630815002136,-0.12574201775714755,0.8857824637088925,1.0
70385664,0.5404622554779053,1.8100185068324208,0.0027562480247524945,0.45650355401448905,3.179982040077448,0.005357979157452064,-0.00030011268176366457,0.9816398993134499,-0.8939343076199293,-0.11689116194611415,0.7242042771540582,-1.3558865580707788,0.8173371120356023,,,,,,,,,,,,,,,,,
70385664,,,,,,,,,,,,,,0.5410384438000619,1.8989010751247406,0.0027562480247524945,0.46047957078553736,3.2338708955794573,0.005357979157452064,3.152504639700055,71.61518895626068,5.528584497160871e-05,10.839773863554,83.02008873224258,5.841749144641639e-05,2.920816393569112,0.11430536507396027,-0.12513635703362525,0.6626800377853215,1.0
70516736,0.5375307747162879,1.7768742050975561,0.0026595182275741536,0.45120535884052515,3.0578900277614594,0.005733801184760523,0.002402791082232625,0.8911135969683528,-0.7632160345092416,-0.10967318742768839,0.7320207636803389,-1.3498356528580189,0.8048286293633282,,,,,,,,,,,,,,,,,
70516736,,,,,,,,,,,,,,0.5380185376852751,1.8311961172148585,0.0026595182275741536,0.45490955328568816,3.1026340555399656,0.005733801184760523,3.145108588039875,64.21624827384949,5.665743233773668e-05,10.500412084162235,82.96681421995163,6.77175739529634e-05,2.909483963623643,0.11540052050258964,-0.12518157646991313,0.8946100890170783,1.0
70647808,0.5315288892015815,1.8513213200494647,0.0031041998938690085,0.45093377120792866,3.115665690973401,0.0055730107301315,0.003610280711825453,0.8722157943993807,-0.8459821292199194,-0.10630041611148044,0.7394911400042474,-1.3555545480921865,0.8257391504012048,,,,,,,,,,,,,,,,,
70647808,,,,,,,,,,,,,,0.5321602933108807,1.9616559455171227,0.0031041998938690085,0.45496037043631077,3.163367247208953,0.0055730107301315,3.1348483934998512,65.9910649061203,5.83727345946361e-05,10.34641818702221,83.227854013443,6.755974700722867e-05,2.931674437597394,0.11398804490454495,-0.1255780067294836,0.8519451490137726,1.0
70778880,0.529333864338696,1.754634647630155,0.0024146672399183444,0.4474035338498652,3.0850243847817183,0.005294631514516368,0.0059649181659438,0.8344057751819491,-0.907048870343715,-0.09906377870356664,0.818917281460017,-1.3576457891613245,0.7911887504160404,,,,,,,,,,,,,,,,,
70778880,,,,,,,,,,,,,,0.5298440959304571,1.7985439049080014,0.0024146672399183444,0.451239860849455,3.13230755366385,0.005294631514516368,3.1826685182750225,66.21076914668083,4.709031724126067e-05,10.10630502551794,83.18479782342911,6.217636804084492e-05,2.9339135996997356,0.11567974701756611,-0.12524641514755785,0.7471115430817008,1.0
70909952,0.5328286201693118,1.9815055718645453,0.002810417157206757,0.4482719583902508,3.081505237147212,0.004027057551411417,0.011919194686925039,0.9292745376005769,-0.8959776586852968,-0.09780497913016006,0.8453439469449222,-1.3524015685543418,0.7913228119723499,,,,,,,,,,,,,,,,,
70909952,,,,,,,,,,,,,,0.5334255211055279,2.100766004063189,0.002810417157206757,0.4520347462967038,3.107552956789732,0.004027057551411417,3.231719743460417,69.74613127112389,4.4282276703055956e-05,10.1700733974576,83.36257755756378,6.090471347053317e-05,2.926941739395261,0.11436205718200654,-0.1254618081729859,0.9167304951697588,1.0
71041024,0.5400440637022257,1.8263096027076244,0.004922366536675327,0.4497732843738049,3.0414563063532114,0.005948199375325203,0.0071819302668245655,0.6894140229560435,-0.8694608495570719,-0.08449856913648546,0.7273381999693811,-1.352809539064765,0.8074429291300476,,,,,,,,,,,,,,,,,
71041024,,,,,,,,,,,,,,0.5874810374372608,1.691765848342534,0.007096495147289806,0.43823574056623726,3.0486459529006873,0.005044348533124571,2.275970718951302,52.80289587740796,4.691512046690409e-05,9.648727090225893,79.01509972813201,4.7785673066716345e-05,3.029201891396072,0.11051590278089701,-0.12511378972903714,0.5264489538148864,1.0
71172096,0.5372196715325117,1.8620089134201407,0.003776726856131063,0.4540128046646714,3.06303308904171,0.005761621228430158,0.00658964725153055,0.8091569221578538,-0.8425079989247024,-0.08171286393189803,0.7658737367019057,-1.3480951441451907,0.779518430121243,,,,,,,,,,,,,,,,,
71172096,,,,,,,,,,,,,,0.5377527954988182,1.9197789393365383,0.003776726856131063,0.45789439673535526,3.1132662873715162,0.005761621228430158,3.1317496839910746,64.16995483636856,6.462815573504699e-05,9.621598906815052,83.20659130811691,5.496912303870616e-05,2.95614667981863,0.11661364388419315,-0.12532326090149581,0.6930712049361318,1.0
71303168,0.5321046086028218,1.7374310558661819,0.003321196287231487,0.4527462248224765,3.0419366881251335,0.005218763235234292,0.0014150656720914867,0.8181483196094632,-0.8220897088758647,-0.08193619281519204,0.7502351277507842,-1.3500865986570716,0.8073631357401609,,,,,,,,,,,,,,,,,
71303168,,,,,,,,,,,,,,0.5325234076008201,1.7679004734382033,0.003321196287231487,0.4565421612933278,3.092515105381608,0.005218763235234292,3.1008961591869593,62.03102710843086,5.254402468812813e-05,9.710190504789352,82.88247632980347,6.328236917538255e-05,2.953605715185404,0.11652162799146026,-0.1256583530921489,0.5565458340570331,1.0
71434240,0.5378724066540599,1.825202719308436,0.003358096218562423,0.4583318291697651,3.0732096061110497,0.005226098125262979,-0.0033695808210225664,0.7859379956498742,-0.8737887679599226,-0.07920007687062025,0.7579797627404332,-1.3573348615318537,0.8176526995375752,,,,,,,,,,,,,,,,,
71434240,,,,,,,,,,,,,,0.5383585314266384,1.884897449053824,0.003358096218562423,0.4623583881184459,3.1222223807126284,0.005226098125262979,3.2370704002678394,62.146084651350975,6.092122738188266e-05,9.672600962221622,83.46124160289764,5.659126030810313e-05,2.9267069827765226,0.1155214873724617,-0.12514754640869796,0.741287327138707,1.0
71565312,0.5393769140355289,1.8636149065569043,0.0028094404704006593,0.4568931220564991,3.0777285620570183,0.005113767779675982,-0.0050236341312484,0.8339812334161252,-0.8766974457539618,-0.08789682574570179,0.7652687863446772,-1.3581989835947752,0.8129923339001834,,,,,,,,,,,,,,,,,
71565312,,,,,,,,,,,,,,0.5397011861205101,1.922443631105125,0.0028094404704006593,0.46033927658572793,3.1037005111575127,0.005113767779675982,3.0342242177575827,64.89212292432785,5.2080291685463465e-05,9.841316051781178,83.19119900465012,5.077161411215503e-05,2.954569648951292,0.11494983499869704,-0.13175452570430934,0.7664096064399928,1.0
71696384,0.5445250850170851,1.775052348151803,0.004321286260847046,0.4558721981011331,3.1006238367408514,0.0058017634464704315,-0.001992182130436504,0.8190375068224967,-0.8980173696763813,-0.09572907345136628,0.730841601267457,-1.3625944228842854,0.8077658424153924,,,,,,,,,,,,,,,,,
71696384,,,,,,,,,,,,,,0.5448777293786407,1.8049921998754144,0.004321286260847046,0.45957140787504613,3.14145746268332,0.0058017634464704315,3.006581421941519,66.16763868927956,5.895446431547491e-05,10.033601306378841,83.12130373716354,5.729407358145977e-05,2.968543039634824,0.11496708053164184,-0.12519409297965467,0.670844970503822,1.0
71827456,0.5474614189006388,1.7221942450851202,0.005137894111612695,0.46102573350071907,3.0990002397447824,0.00584149754831742,0.0016956950964299722,0.8217540117911994,-0.8356512761674821,-0.09638817480299622,0.7384125632233918,-1.3574609095230699,0.8205791427753866,,,,,,,,,,,,,,,,,
71827456,,,,,,,,,,,,,,0.5478135761804879,1.731472915969789,0.005137894111612695,0.4646972755435854,3.1558050010353327,0.00584149754831742,3.0612547397613525,59.93241414427757,4.9384767510651795e-05,10.02424692362547,83.1226174235344,6.284130423295231e-05,2.937840949743986,0.11393194686388597,-0.12552849389612675,0.5799897036049515,1.0
71958528,0.5387690868228674,1.756851239129901,0.003608713044172873,0.45900293649174273,3.127629956230521,0.004892831286042565,0.0024740992685821084,1.0064605339430273,-0.9204831677488983,-0.10302208410575986,0.7259559552185237,-1.3574115335941315,0.8081437917426229,,,,,,,,,,,,,,,,,
71958528,,,,,,,,,,,,,,0.5391396530903876,1.7580850394442677,0.003608713044172873,0.4628651263192296,3.1507124472409487,0.004892831286042565,3.200640980154276,69.15178394317627,4.9039283585239346e-05,10.238532766699791,83.17941701412201,5.2607843329832704e-05,2.934112688526511,0.11490496242186055,-0.12582201045006514,0.49125427613034844,1.0
72089600,0.5472437292337418,1.75306077580899,0.0033024319120613654,0.4589518697466701,3.12121719121933,0.005219355643021117,0.0037123755412125092,0.8860099776647985,-0.7919762774836272,-0.09878757514525205,0.7416417426429689,-1.3476831326261163,0.8070380897261202,,,,,,,,,,,,,,,,,
72089600,,,,,,,,,,,,,,0.5476124719716609,1.795872244052589,0.0033024319120613654,0.46249216771684587,3.1469499077647924,0.005219355643021117,3.0918044671416283,64.69443732500076,5.808493233283585e-05,10.033973693847656,82.86851441860199,6.046777272028514e-05,2.9376704208552837,0.11486640357179567,-0.1251278859563172,0.676658129086718,1.0
72220672,0.5444536502473056,1.8073083190247416,0.0039081661470845575,0.45797649677842855,3.1211979798972607,0.005331340174052457,0.006855233388705528,0.9900700161233544,-0.8539643136318773,-0.1026876638061367,0.7589074154384434,-1.3531735623255372,0.8199084750376642,,,,,,,,,,,,,,,,,
72220672,,,,,,,,,,,,,,0.5449541602283716,1.8663712367415428,0.0039081661470845575,0.4618920008651912,3.1605140808969736,0.005331340174052457,3.200425697490573,68.87065130472183,5.603151190669564e-05,10.240063302218914,83.2827662229538,5.5930783134011675e-05,2.926293393597007,0.11429589812178165,-0.12549518467858434,0.7453947442118078,1.0
72351744,0.5390573651529849,1.796188259497285,0.003617425245920458,0.4589933722745627,3.1057738102972507,0.005963407314993674,0.004911609090527236,0.8923441343940794,-0.9374697743915021,-0.1061756587587297,0.7462487542070448,-1.3547902423888445,0.8138628704473376,,,,,,,,,,,,,,,,,
72351744,,,,,,,,,,,,,,0.5395490126684308,1.8589145550504327,0.003617425245920458,0.46268947841599584,3.138585953041911,0.005963407314993674,3.382995245978236,65.13009509444237,6.20392253543045e-05,10.439888894557953,83.0324599146843,6.495525539507163e-05,2.918919598683715,0.11719730903860182,-0.12528718588873744,0.6624867140781134,1.0
72482816,0.5429080300964415,1.9106214409694076,0.0030015505620895055,0.4615792273543775,3.1377855222672224,0.005376455676014302,0.002449134778785833,0.9144961014389992,-0.8588296619709581,-0.11299352179048583,0.769793342333287,-1.3508429052308202,0.8173420997336507,,,,,,,,,,,,,,,,,
72482816,,,,,,,,,,,,,,0.5434986394830048,2.0011657513678074,0.0030015505620895055,0.46555621083825827,3.174973577260971,0.005346339825337054,3.465400332584977,68.24133831262589,5.1306027558428724e-05,10.64037998020649,82.98838710784912,6.212874612443464e-05,2.910155449062586,0.11752616195008159,-0.12546455417759717,0.8670817071106285,1.0
72613888,0.5392125956714153,1.8050481136888266,0.0034943105456477497,0.45894793048501015,3.0903415642678738,0.005335843746706814,0.004116120554499503,0.8662429205141962,-0.8382643288932741,-0.11247811082284898,0.7498691226355731,-1.346090673469007,0.8177968058735132,,,,,,,,,,,,,,,,,
72613888,,,,,,,,,,,,,,0.5398007202893496,1.8948695408180356,0.0034943105456477497,0.46264515933580697,3.1198313999921083,0.005335843746706814,3.447284385561943,65.37789517641068,5.244588748443135e-05,10.643493376672268,82.82080608606339,6.082180089539424e-05,2.8774105235934258,0.11593652161536738,-0.12536707636900246,0.8569441162981093,1.0
72744960,0.5403086426667869,1.9110624063760042,0.00272557127118489,0.46376171824522316,3.2192765064537525,0.0053003764087407035,0.0009751179492241135,0.9765572776086628,-0.9502428849227726,-0.11567638634005561,0.7434464669786394,-1.3490815637633204,0.8102132375352085,,,,,,,,,,,,,,,,,
72744960,,,,,,,,,,,,,,0.5409894799813628,1.9898517485707998,0.00272557127118489,0.467792890034616,3.280275024473667,0.005278646908664086,3.5181505233049393,73.46156319975853,5.464412398548113e-05,10.81658636033535,82.86295664310455,6.161309631128042e-05,2.8976054210215807,0.11789599095936865,-0.1253352202475071,0.7825018893927336,1.0
72876032,0.5424513155594468,1.899977507069707,0.002322621654911927,0.46207264927215874,3.099701939150691,0.005620209656626685,-0.0038232057463076785,0.9234261349774897,-0.8805251664016396,-0.1144085064297542,0.733203780837357,-1.3501431988552213,0.8270958471111953,,,,,,,,,,,,,,,,,
72876032,,,,,,,,,,,,,,0.5431194067932665,1.9643342951312661,0.002322621654911927,0.46615670970641077,3.162886643782258,0.005620209656626685,3.229447942227125,71.2080806195736,5.750330766890466e-05,10.748995549976826,83.468401491642,6.60782121148229e-05,2.8823565877974033,0.11761864658910781,-0.1252405650448054,0.8495660035405308,1.0
73007104,0.5419885432347655,1.7243629088625312,0.0035883313632893987,0.4610096369870007,3.15275732986629,0.005351893060378643,-0.0029366170270819225,0.8787604533135891,-0.8639382431283593,-0.10690752341179177,0.7339993072673678,-1.3518471978604794,0.8182834372855723,,,,,,,,,,,,,,,,,
73007104,,,,,,,,,,,,,,0.54249267000705,1.7572919810190797,0.0035883313632893987,0.4650675575248897,3.2144856099039316,0.005351893060378643,3.2643035389482975,67.5946150124073,6.1032160393992285e-05,10.468818418681622,83.3766018152237,5.126111571529535e-05,2.8952780794352293,0.1150743193575181,-0.1251632736530155,0.7305174237117171,1.0
73138176,0.5382323823869228,1.791657586582005,0.0015325799815855135,0.4590183552354574,3.0708553325384855,0.003438574838128261,-0.004897141690719309,0.8732540910132229,-0.8268252164125443,-0.09370786143699661,0.7453857441432774,-1.349529537372291,0.8142822019290179,,,,,,,,,,,,,,,,,
73138176,,,,,,,,,,,,,,0.5387816932052374,1.8257134510204196,0.0015325799815855135,0.4627664899453521,3.11208176612854,0.003438574838128261,3.297854484990239,61.94275948405266,5.4346406566541106e-05,10.259430520236492,83.1332295536995,6.35534583586228e-05,2.906722677871585,0.11635863414267078,-0.12564128008671105,0.679140487452969,1.0
73269248,0.543478827457875,1.7741484669968486,0.004952584483589817,0.45866221468895674,3.0598212592303753,0.005872299469046993,-0.0025632850344834424,0.8578091231174767,-0.9040910978801548,-0.08795500017004088,0.7206274368800223,-1.3518336415290833,0.7975947521626949,,,,,,,,,,,,,,,,,
73269248,,,,,,,,,,,,,,0.5440182755701244,1.797586447559297,0.004952584483589817,0.4626183130312711,3.1166537199169397,0.005872299469046993,3.2892693914473057,68.28148567676544,5.451973566933388e-05,10.011486202478409,83.22849243879318,6.587557397119692e-05,2.883328203111887,0.1165690777124837,-0.12587767885997891,0.6392535604536533,1.0
73400320,0.5426398878917098,1.7968025002628565,0.0035175815792172216,0.46032234956510365,3.118849214166403,0.005739410556088842,-0.004146421861037197,0.8710152814164758,-0.8606769554316998,-0.08497463288949803,0.7466599261388183,-1.352157225832343,0.8056906722486019,,,,,,,,,,,,,,,,,
73400320,,,,,,,,,,,,,,0.54316675523296,1.8341986164450645,0.0035175815792172216,0.4643677971325815,3.1573601979762316,0.005739410556088842,3.262727700173855,64.06510373950005,5.334449372162986e-05,10.042753972113132,83.35470283031464,5.888575244628047e-05,2.9248692840337753,0.1164180250489153,-0.12513238028623164,0.6469962650444359,1.0
